time_beijing,timestamp_ms,event_type,side,reason,units,quantity_sol,execution_price,fee_usdt,realized_net_pnl_usdt,long_units_after,short_units_after,total_units_after
2026-06-03T14:00:00+08:00,1780466400000,entry,long,golden_cross_open,1,2.6784518548279093,74.67,0.04,,1,0,1
2026-06-03T15:00:00+08:00,1780470000000,entry,long,red_histogram_expansion_add,1,2.6734393797620637,74.81,0.04,,2,0,2
2026-06-03T20:00:00+08:00,1780488000000,exit,long,red_histogram_shrinking,1,2.6784518548279093,75.07,0.04021427614838623,0.9911664657827547,1,0,1
2026-06-04T01:00:00+08:00,1780506000000,exit,long,dead_cross_flip_close_opposite,1,2.6734393797620637,72.95,0.039005480550728514,-5.051602726908166,0,0,0
2026-06-04T01:00:00+08:00,1780506000000,entry,short,dead_cross_flip_open_one_unit,1,2.7416038382453736,72.95,0.04,,0,1,1
2026-06-04T02:00:00+08:00,1780509600000,entry,short,green_histogram_expansion_add,1,2.7348557363599073,73.13,0.04,,0,2,2
2026-06-04T03:00:00+08:00,1780513200000,exit,short,green_histogram_shrinking,1,2.7416038382453736,73.06,0.0400603152844414,-0.3816367374914309,0,1,1
2026-06-04T03:00:00+08:00,1780513200000,exit,short,fixed_take_profit,1,2.7348557363599073,71.6674,0.039200000000000006,3.920799999999986,0,0,0
2026-06-04T13:00:00+08:00,1780549200000,entry,long,bullish_divergence_confirmed_golden_cross,1,2.8236622899901174,70.83,0.04,,1,0,1
2026-06-04T14:00:00+08:00,1780552800000,entry,long,red_histogram_expansion_add,1,2.8457598178713717,70.28,0.04,,2,0,2
2026-06-04T16:00:00+08:00,1780560000000,exit,long,dead_cross_flip_close_opposite,2,5.6694221078614895,69.09,0.07834007468643006,-8.457966642536146,0,0,0
2026-06-04T16:00:00+08:00,1780560000000,entry,short,dead_cross_flip_open_one_unit,1,2.894774931249095,69.09,0.04,,0,1,1
2026-06-04T17:00:00+08:00,1780563600000,entry,short,green_histogram_expansion_add,1,2.8905911258852437,69.19,0.04,,0,2,2
2026-06-04T17:00:00+08:00,1780563600000,exit,short,fixed_take_profit,1,2.894774931249095,67.75716456465143,0.0392283482788545,3.779030257448662,0,1,1
2026-06-04T18:00:00+08:00,1780567200000,exit,short,fixed_take_profit,1,2.8905911258852437,67.80619999999999,0.0392,3.920800000000023,0,0,0
2026-06-04T21:00:00+08:00,1780578000000,entry,long,golden_cross_open,1,2.8546959748786755,70.06,0.04,,1,0,1
2026-06-04T22:00:00+08:00,1780581600000,entry,long,red_histogram_expansion_add,1,2.8441410693970424,70.32,0.04,,2,0,2
2026-06-05T00:00:00+08:00,1780588800000,exit,long,red_histogram_shrinking,1,2.8546959748786755,69.61,0.039743077362260924,-1.3643562660576731,1,0,1
2026-06-05T03:00:00+08:00,1780599600000,entry,long,red_histogram_expansion_add,1,2.879355024474518,69.46,0.04,,2,0,2
2026-06-05T04:00:00+08:00,1780603200000,exit,long,red_histogram_shrinking,1,2.8441410693970424,69.04,0.03927189988623437,-3.719772468714411,1,0,1
2026-06-05T06:00:00+08:00,1780610400000,exit,long,dead_cross_flip_close_opposite,1,2.879355024474518,67.73,0.03900374316153182,-5.060287935502418,0,0,0
2026-06-05T06:00:00+08:00,1780610400000,entry,short,dead_cross_flip_open_one_unit,1,2.9529012254540086,67.73,0.04,,0,1,1
2026-06-05T07:00:00+08:00,1780614000000,exit,short,golden_cross_flip_close_opposite,1,2.9529012254540086,68.43,0.04041340617156357,-2.147444263989378,0,0,0
2026-06-05T07:00:00+08:00,1780614000000,entry,long,golden_cross_flip_open_one_unit,1,2.9226947245360217,68.43,0.04,,1,0,1
2026-06-05T08:00:00+08:00,1780617600000,entry,long,red_histogram_expansion_add,1,2.906554279901177,68.81,0.04,,2,0,2
2026-06-05T09:00:00+08:00,1780621200000,exit,long,red_histogram_shrinking,1,2.9226947245360217,68.24,0.03988893760046762,-0.6352009352623467,1,0,1
2026-06-05T10:00:00+08:00,1780624800000,entry,long,red_histogram_expansion_add,1,2.92141396435875,68.46,0.04,,2,0,2
2026-06-05T11:00:00+08:00,1780628400000,exit,long,dead_cross_flip_close_opposite,2,5.827968244259927,67.28,0.07842114069476158,-8.05271766688687,0,0,0
2026-06-05T11:00:00+08:00,1780628400000,entry,short,dead_cross_flip_open_one_unit,1,2.972651605231867,67.28,0.04,,0,1,1
2026-06-05T12:00:00+08:00,1780632000000,entry,short,green_histogram_expansion_add,1,2.9824038174768863,67.06,0.04,,0,2,2
2026-06-05T13:00:00+08:00,1780635600000,exit,short,green_histogram_shrinking,1,2.972651605231867,67.9,0.04036860879904875,-1.9234126040428197,0,1,1
2026-06-05T14:00:00+08:00,1780639200000,entry,short,green_histogram_expansion_add,1,3.022517757291824,66.17,0.04,,0,2,2
2026-06-05T14:00:00+08:00,1780639200000,exit,short,fixed_take_profit,1,2.9824038174768863,65.27978677475043,0.03893813705621857,5.230376581850933,0,1,1
2026-06-05T15:00:00+08:00,1780642800000,exit,short,fixed_take_profit,1,3.022517757291824,64.8466,0.0392,3.9208000000000194,0,0,0
2026-06-05T19:00:00+08:00,1780657200000,entry,long,bullish_divergence_confirmed_golden_cross,1,3.01340967304505,66.37,0.04,,1,0,1
2026-06-05T20:00:00+08:00,1780660800000,entry,long,red_histogram_expansion_add,1,3.029385034837928,66.02,0.04,,2,0,2
2026-06-05T22:00:00+08:00,1780668000000,exit,long,dead_cross_flip_close_opposite,2,6.042794707882978,64.28,0.07768616876454358,-11.726842346046688,0,0,0
2026-06-05T22:00:00+08:00,1780668000000,entry,short,dead_cross_flip_open_one_unit,1,3.1113876789047916,64.28,0.04,,0,1,1
2026-06-05T23:00:00+08:00,1780671600000,exit,short,green_histogram_shrinking,1,3.1113876789047916,65.23,0.040591163658991916,-3.036409458618553,0,0,0
2026-06-06T01:00:00+08:00,1780678800000,entry,long,golden_cross_open,1,3.038128512836093,65.83,0.04,,1,0,1
2026-06-06T02:00:00+08:00,1780682400000,entry,long,red_histogram_expansion_add,1,3.0740854595757763,65.06,0.04,,2,0,2
2026-06-06T03:00:00+08:00,1780686000000,exit,long,dead_cross_flip_close_opposite,2,6.112213972411869,62.86,0.07684275406116203,-15.943072448251069,0,0,0
2026-06-06T03:00:00+08:00,1780686000000,entry,short,dead_cross_flip_open_one_unit,1,3.181673560292714,62.86,0.04,,0,1,1
2026-06-06T03:00:00+08:00,1780686000000,exit,short,fixed_take_profit,1,3.181673560292714,61.602799999999995,0.0392,3.920800000000014,0,0,0
2026-06-06T06:00:00+08:00,1780696800000,entry,long,golden_cross_open,1,3.084515731030228,64.84,0.04,,1,0,1
2026-06-06T07:00:00+08:00,1780700400000,entry,long,red_histogram_expansion_add,1,3.1080031080031083,64.35,0.04,,2,0,2
2026-06-06T08:00:00+08:00,1780704000000,exit,long,red_histogram_shrinking,1,3.084515731030228,63.6,0.0392350400987045,-3.9040345465761934,1,0,1
2026-06-06T09:00:00+08:00,1780707600000,entry,long,red_histogram_expansion_add,1,3.094538140182578,64.63,0.04,,2,0,2
2026-06-06T10:00:00+08:00,1780711200000,exit,long,red_histogram_shrinking,1,3.1080031080031083,63.78,0.039645687645687655,-1.8512074592074381,1,0,1
2026-06-06T12:00:00+08:00,1780718400000,exit,long,dead_cross_flip_close_opposite,1,3.094538140182578,62.79,0.038861209964412814,-5.772811387900345,0,0,0
2026-06-06T12:00:00+08:00,1780718400000,entry,short,dead_cross_flip_open_one_unit,1,3.1852205765249244,62.79,0.04,,0,1,1
2026-06-06T12:00:00+08:00,1780718400000,exit,short,fixed_take_profit,1,3.1852205765249244,61.5342,0.0392,3.9208000000000025,0,0,0
2026-06-06T16:00:00+08:00,1780732800000,entry,long,bullish_divergence_confirmed_golden_cross,1,3.187250996015936,62.75,0.04,,1,0,1
2026-06-06T17:00:00+08:00,1780736400000,entry,long,red_histogram_expansion_add,1,3.1685678073510775,63.12,0.04,,2,0,2
2026-06-06T19:00:00+08:00,1780743600000,exit,long,red_histogram_shrinking,1,3.187250996015936,61.78,0.039381673306772905,-3.1710151394422277,1,0,1
2026-06-06T20:00:00+08:00,1780747200000,entry,long,red_histogram_expansion_add,1,3.2061558191728117,62.38,0.04,,2,0,2
2026-06-06T22:00:00+08:00,1780754400000,exit,long,red_histogram_shrinking,1,3.1685678073510775,62.4,0.03954372623574145,-2.3609125475285135,1,0,1
2026-06-07T05:00:00+08:00,1780779600000,entry,long,red_histogram_expansion_add,1,3.236245954692557,61.8,0.04,,2,0,2
2026-06-07T07:00:00+08:00,1780786800000,exit,long,red_histogram_shrinking,1,3.2061558191728117,61.67,0.03954472587367746,-2.3559153574863765,1,0,1
2026-06-07T08:00:00+08:00,1780790400000,entry,long,red_histogram_expansion_add,1,3.217503217503218,62.16,0.04,,2,0,2
2026-06-07T09:00:00+08:00,1780794000000,exit,long,fixed_take_profit,1,3.236245954692557,63.21906679574057,0.04091848983543079,4.511530687318516,1,0,1
2026-06-07T10:00:00+08:00,1780797600000,exit,long,fixed_take_profit,1,3.217503217503218,63.62,0.04093951093951095,4.616615186615189,0,0,0
2026-06-07T12:00:00+08:00,1780804800000,entry,long,zero_axis_up_open,1,3.1357792411414236,63.78,0.04,,1,0,1
2026-06-07T14:00:00+08:00,1780812000000,exit,long,red_histogram_shrinking,1,3.1357792411414236,64.2,0.04026340545625588,1.2367638758231474,0,0,0
2026-06-07T22:00:00+08:00,1780840800000,entry,short,dead_cross_open,1,3.111871790882216,64.27,0.04,,0,1,1
2026-06-07T23:00:00+08:00,1780844400000,exit,short,green_histogram_shrinking,1,3.111871790882216,64.85,0.04036097712774234,-1.8852466158394225,0,0,0
2026-06-08T02:00:00+08:00,1780855200000,entry,long,golden_cross_open,1,3.064664419246092,65.26,0.04,,1,0,1
2026-06-08T03:00:00+08:00,1780858800000,exit,long,dead_cross_flip_close_opposite,1,3.064664419246092,64.9,0.03977934416181428,-1.1830585350904057,0,0,0
2026-06-08T03:00:00+08:00,1780858800000,entry,short,dead_cross_flip_open_one_unit,1,3.081664098613251,64.9,0.04,,0,1,1
2026-06-08T03:00:00+08:00,1780858800000,exit,short,fixed_take_profit,1,3.081664098613251,63.602000000000004,0.0392,3.920800000000005,0,0,0
2026-06-08T08:00:00+08:00,1780876800000,entry,long,golden_cross_open,1,3.0097817908201656,66.45,0.04,,1,0,1
2026-06-08T09:00:00+08:00,1780880400000,entry,long,red_histogram_expansion_add,1,2.999850007499625,66.67,0.04,,2,0,2
2026-06-08T10:00:00+08:00,1780884000000,exit,long,red_histogram_shrinking,1,3.0097817908201656,66.13,0.039807373965387506,-1.0429375470278628,1,0,1
2026-06-08T13:00:00+08:00,1780894800000,exit,long,dead_cross_flip_close_opposite,1,2.999850007499625,65.37,0.0392200389980501,-3.9790250487475536,0,0,0
2026-06-08T13:00:00+08:00,1780894800000,entry,short,dead_cross_flip_open_one_unit,1,3.0595074193054916,65.37,0.04,,0,1,1
2026-06-08T14:00:00+08:00,1780898400000,entry,short,green_histogram_expansion_add,1,3.063725490196078,65.28,0.04,,0,2,2
2026-06-08T16:00:00+08:00,1780905600000,exit,short,green_histogram_shrinking,1,3.0595074193054916,66.06,0.04042221202386416,-2.1914823313446465,0,1,1
2026-06-08T17:00:00+08:00,1780909200000,entry,short,green_histogram_expansion_add,1,3.0501753850846427,65.57,0.04,,0,2,2
2026-06-08T18:00:00+08:00,1780912800000,exit,short,green_histogram_shrinking,1,3.063725490196078,66.32,0.04063725490196078,-3.2669117647058576,0,1,1
2026-06-08T20:00:00+08:00,1780920000000,exit,short,golden_cross_flip_close_opposite,1,3.0501753850846427,66.65,0.04065883788317829,-3.3748482537746307,0,0,0
2026-06-08T20:00:00+08:00,1780920000000,entry,long,golden_cross_flip_open_one_unit,1,3.0007501875468865,66.65,0.04,,1,0,1
2026-06-08T21:00:00+08:00,1780923600000,entry,long,red_histogram_expansion_add,1,2.975304968759298,67.22,0.04,,2,0,2
2026-06-08T22:00:00+08:00,1780927200000,exit,long,red_histogram_shrinking,1,3.0007501875468865,66.74,0.04005401350337584,0.19001350337581155,1,0,1
2026-06-08T23:00:00+08:00,1780930800000,entry,long,red_histogram_expansion_add,1,2.97441998810232,67.24,0.04,,2,0,2
2026-06-09T00:00:00+08:00,1780934400000,exit,long,red_histogram_shrinking,1,2.975304968759298,67.15,0.03995834573043738,-0.2882296935435679,1,0,1
2026-06-09T02:00:00+08:00,1780941600000,entry,long,red_histogram_expansion_add,1,2.97000297000297,67.34,0.04,,2,0,2
2026-06-09T03:00:00+08:00,1780945200000,exit,long,red_histogram_shrinking,1,2.97441998810232,67.39,0.040089232599643074,0.36607376561572186,1,0,1
2026-06-09T06:00:00+08:00,1780956000000,exit,long,dead_cross_flip_close_opposite,1,2.97000297000297,67.43,0.04005346005346006,0.1872468072468174,0,0,0
2026-06-09T06:00:00+08:00,1780956000000,entry,short,dead_cross_flip_open_one_unit,1,2.9660388551090016,67.43,0.04,,0,1,1
2026-06-09T07:00:00+08:00,1780959600000,entry,short,green_histogram_expansion_add,1,2.978850163836759,67.14,0.04,,0,2,2
2026-06-09T08:00:00+08:00,1780963200000,exit,short,fixed_take_profit,1,2.9660388551090016,65.93899377275767,0.03911552351935795,4.343266879690896,0,1,1
2026-06-09T09:00:00+08:00,1780966800000,exit,short,fixed_take_profit,1,2.978850163836759,65.37,0.03894548704200179,5.19361930294905,0,0,0
2026-06-09T12:00:00+08:00,1780977600000,entry,short,zero_axis_down_open,1,3.0316810671517356,65.97,0.04,,0,1,1
2026-06-09T15:00:00+08:00,1780988400000,exit,short,golden_cross_flip_close_opposite,1,3.0316810671517356,67.02,0.04063665302410186,-3.2639017735334157,0,0,0
2026-06-09T15:00:00+08:00,1780988400000,entry,long,golden_cross_flip_open_one_unit,1,2.984183825723665,67.02,0.04,,1,0,1
2026-06-09T16:00:00+08:00,1780992000000,entry,long,red_histogram_expansion_add,1,2.991325157044571,66.86,0.04,,2,0,2
2026-06-09T17:00:00+08:00,1780995600000,exit,long,bearish_divergence_confirmed_dead_cross_close_opposite,2,5.975508982768236,66.55,0.07953402456064522,-2.4894112213345885,0,0,0
2026-06-09T17:00:00+08:00,1780995600000,entry,short,bearish_divergence_confirmed_dead_cross_open_one_unit,1,3.005259203606311,66.55,0.04,,0,1,1
2026-06-09T18:00:00+08:00,1780999200000,entry,short,green_histogram_expansion_add,1,3.023888720895071,66.14,0.04,,0,2,2
2026-06-09T21:00:00+08:00,1781010000000,exit,short,green_histogram_shrinking,1,3.005259203606311,66.18,0.039777610818933135,1.032168294515373,0,1,1
2026-06-09T22:00:00+08:00,1781013600000,entry,short,green_histogram_expansion_add,1,3.0395136778115504,65.8,0.04,,0,2,2
2026-06-09T22:00:00+08:00,1781013600000,exit,short,fixed_take_profit,1,3.023888720895071,64.65017068364408,0.039098984386842506,4.425979081400648,0,1,1
2026-06-09T23:00:00+08:00,1781017200000,exit,short,fixed_take_profit,1,3.0395136778115504,64.484,0.0392,3.920800000000008,0,0,0
2026-06-10T05:00:00+08:00,1781038800000,entry,long,golden_cross_open,1,3.049245311785333,65.59,0.04,,1,0,1
2026-06-10T06:00:00+08:00,1781042400000,exit,long,red_histogram_shrinking,1,3.049245311785333,64.98,0.03962799207196219,-1.9396676322610138,0,0,0
2026-06-10T07:00:00+08:00,1781046000000,entry,short,dead_cross_open,1,3.084515731030228,64.84,0.04,,0,1,1
2026-06-10T08:00:00+08:00,1781049600000,exit,short,golden_cross_flip_close_opposite,1,3.084515731030228,64.93,0.04005552128315855,-0.35766193707588956,0,0,0
2026-06-10T08:00:00+08:00,1781049600000,entry,long,golden_cross_flip_open_one_unit,1,3.0802402587401816,64.93,0.04,,1,0,1
2026-06-10T09:00:00+08:00,1781053200000,entry,long,red_histogram_expansion_add,1,3.070310101320233,65.14,0.04,,2,0,2
2026-06-10T11:00:00+08:00,1781060400000,exit,long,dead_cross_flip_close_opposite,2,6.150550360060414,64.26,0.07904687322749646,-4.9246807357452145,0,0,0
2026-06-10T11:00:00+08:00,1781060400000,entry,short,dead_cross_flip_open_one_unit,1,3.112356053532524,64.26,0.04,,0,1,1
2026-06-10T12:00:00+08:00,1781064000000,entry,short,green_histogram_expansion_add,1,3.1017369727047144,64.48,0.04,,0,2,2
2026-06-10T15:00:00+08:00,1781074800000,exit,short,green_histogram_shrinking,1,3.112356053532524,64.15,0.039931528166822286,0.2624276377217536,0,1,1
2026-06-10T17:00:00+08:00,1781082000000,entry,short,green_histogram_expansion_add,1,3.145148608271741,63.59,0.04,,0,2,2
2026-06-10T19:00:00+08:00,1781089200000,exit,short,green_histogram_shrinking,1,3.1017369727047144,63.65,0.03948511166253101,2.4949565756823984,0,1,1
2026-06-10T21:00:00+08:00,1781096400000,exit,short,golden_cross_flip_close_opposite,1,3.145148608271741,64.09,0.040314514860827176,-1.6528888189966977,0,0,0
2026-06-10T21:00:00+08:00,1781096400000,entry,long,golden_cross_flip_open_one_unit,1,3.1206116398814165,64.09,0.04,,1,0,1
2026-06-10T21:00:00+08:00,1781096400000,exit,long,fixed_take_profit,1,3.1206116398814165,65.37180000000001,0.0408,3.9192000000000125,0,0,0
2026-06-11T04:00:00+08:00,1781121600000,entry,short,dead_cross_open,1,3.1491103763186903,63.51,0.04,,0,1,1
2026-06-11T05:00:00+08:00,1781125200000,entry,short,green_histogram_expansion_add,1,3.1605562579013906,63.28,0.04,,0,2,2
2026-06-11T08:00:00+08:00,1781136000000,exit,short,green_histogram_shrinking,1,3.1491103763186903,63.15,0.03977326405290506,1.0539064714218216,0,1,1
2026-06-11T10:00:00+08:00,1781143200000,exit,short,bullish_divergence_confirmed_golden_cross_close_opposite,1,3.1605562579013906,64.87,0.041005056890012645,-5.106289506953234,0,0,0
2026-06-11T10:00:00+08:00,1781143200000,entry,long,bullish_divergence_confirmed_golden_cross_open_one_unit,1,3.0830892554339444,64.87,0.04,,1,0,1
2026-06-11T11:00:00+08:00,1781146800000,entry,long,red_histogram_expansion_add,1,3.10077519379845,64.5,0.04,,2,0,2
2026-06-11T14:00:00+08:00,1781157600000,exit,long,red_histogram_shrinking,1,3.0830892554339444,64.93,0.04003699707106521,0.10494835825497847,1,0,1
2026-06-11T19:00:00+08:00,1781175600000,exit,long,fixed_take_profit,1,3.10077519379845,65.79,0.04080000000000001,3.9192000000000196,0,0,0
2026-06-12T01:00:00+08:00,1781197200000,entry,short,dead_cross_open,1,3.0609121518212428,65.34,0.04,,0,1,1
2026-06-12T02:00:00+08:00,1781200800000,exit,short,golden_cross_flip_close_opposite,1,3.0609121518212428,67.12,0.04108968472604837,-5.529513314967864,0,0,0
2026-06-12T02:00:00+08:00,1781200800000,entry,long,golden_cross_flip_open_one_unit,1,2.9797377830750893,67.12,0.04,,1,0,1
2026-06-12T03:00:00+08:00,1781204400000,entry,long,red_histogram_expansion_add,1,2.9958058717795084,66.76,0.04,,2,0,2
2026-06-12T05:00:00+08:00,1781211600000,exit,long,red_histogram_shrinking,1,2.9797377830750893,66.54,0.039654350417163295,-1.8079022646007101,1,0,1
2026-06-12T10:00:00+08:00,1781229600000,exit,long,dead_cross_flip_close_opposite,1,2.9958058717795084,66.64,0.039928100659077294,-0.43942480527263195,0,0,0
2026-06-12T10:00:00+08:00,1781229600000,entry,short,dead_cross_flip_open_one_unit,1,3.0012004801920766,66.64,0.04,,0,1,1
2026-06-12T11:00:00+08:00,1781233200000,exit,short,green_histogram_shrinking,1,3.0012004801920766,67.09,0.04027010804321729,-1.4308103241296604,0,0,0
2026-06-12T23:00:00+08:00,1781276400000,entry,long,golden_cross_open,1,2.9463759575721866,67.88,0.04,,1,0,1
2026-06-13T00:00:00+08:00,1781280000000,exit,long,red_histogram_shrinking,1,2.9463759575721866,67.21,0.039605185621685336,-2.0536770771950557,0,0,0
2026-06-13T03:00:00+08:00,1781290800000,entry,short,bearish_divergence_confirmed_dead_cross,1,2.983738624496494,67.03,0.04,,0,1,1
2026-06-13T04:00:00+08:00,1781294400000,entry,short,green_histogram_expansion_add,1,2.9967036260113877,66.74,0.04,,0,2,2
2026-06-13T07:00:00+08:00,1781305200000,exit,short,green_histogram_shrinking,1,2.983738624496494,66.6,0.0397433984782933,1.2032642100552193,0,1,1
2026-06-13T11:00:00+08:00,1781319600000,entry,short,green_histogram_expansion_add,1,2.9881966233378154,66.93,0.04,,0,2,2
2026-06-13T14:00:00+08:00,1781330400000,exit,short,green_histogram_shrinking,1,2.9967036260113877,66.75,0.04000599340725203,-0.10997302966738123,0,1,1
2026-06-13T16:00:00+08:00,1781337600000,exit,short,golden_cross_flip_close_opposite,1,2.9881966233378154,67.33,0.040239055729867024,-1.2755177050649678,0,0,0
2026-06-13T16:00:00+08:00,1781337600000,entry,long,golden_cross_flip_open_one_unit,1,2.970444081390168,67.33,0.04,,1,0,1
2026-06-13T17:00:00+08:00,1781341200000,entry,long,red_histogram_expansion_add,1,2.972651605231867,67.28,0.04,,2,0,2
2026-06-13T23:00:00+08:00,1781362800000,exit,long,fixed_take_profit,1,2.970444081390168,68.65109052819255,0.040784845108090044,3.8434406953420996,1,0,1
2026-06-14T01:00:00+08:00,1781370000000,exit,long,red_histogram_shrinking,1,2.972651605231867,68.03,0.04044589774078478,2.149042806183115,0,0,0
2026-06-14T11:00:00+08:00,1781406000000,entry,short,dead_cross_open,1,2.9082448742184095,68.77,0.04,,0,1,1
2026-06-14T12:00:00+08:00,1781409600000,entry,short,green_histogram_expansion_add,1,2.9027576197387517,68.9,0.04,,0,2,2
2026-06-14T17:00:00+08:00,1781427600000,exit,short,green_histogram_shrinking,1,2.9082448742184095,68.22,0.03968009306383598,1.519854587756281,0,1,1
2026-06-14T19:00:00+08:00,1781434800000,entry,short,green_histogram_expansion_add,1,2.935995302407516,68.12,0.04,,0,2,2
2026-06-14T22:00:00+08:00,1781445600000,exit,short,fixed_take_profit,1,2.9027576197387517,67.13762428842504,0.03897685009487666,5.0367726755218465,0,1,1
2026-06-15T00:00:00+08:00,1781452800000,exit,short,green_histogram_shrinking,1,2.935995302407516,67.38,0.039565472695243686,2.093071051086345,0,0,0
2026-06-15T06:00:00+08:00,1781474400000,entry,long,golden_cross_open,1,2.852660105548424,70.11,0.04,,1,0,1
2026-06-15T07:00:00+08:00,1781478000000,entry,long,red_histogram_expansion_add,1,2.841312686461145,70.39,0.04,,2,0,2
2026-06-15T08:00:00+08:00,1781481600000,exit,long,fixed_take_profit,1,2.852660105548424,71.6547154163701,0.040881309608540924,4.325666733096054,1,0,1
2026-06-15T10:00:00+08:00,1781488800000,exit,long,red_histogram_shrinking,1,2.841312686461145,70.98,0.04033527489700242,1.5960392101150827,0,0,0
2026-06-15T18:00:00+08:00,1781517600000,entry,short,dead_cross_open,1,2.810567734682406,71.16,0.04,,0,1,1
2026-06-15T19:00:00+08:00,1781521200000,exit,short,golden_cross_flip_close_opposite,1,2.810567734682406,71.82,0.040370994940978074,-1.9353456998313563,0,0,0
2026-06-15T19:00:00+08:00,1781521200000,entry,long,golden_cross_flip_open_one_unit,1,2.7847396268448903,71.82,0.04,,1,0,1
2026-06-15T20:00:00+08:00,1781524800000,entry,long,red_histogram_expansion_add,1,2.7563395810363835,72.56,0.04,,2,0,2
2026-06-15T21:00:00+08:00,1781528400000,exit,long,fixed_take_profit,1,2.7847396268448903,73.63186568776838,0.04100911483584984,4.964565064413354,1,0,1
2026-06-15T23:00:00+08:00,1781535600000,exit,long,fixed_take_profit,1,2.7563395810363835,74.0112,0.0408,3.9192,0,0,0
2026-06-16T06:00:00+08:00,1781560800000,entry,short,dead_cross_open,1,2.6874496103198062,74.42,0.04,,0,1,1
2026-06-16T07:00:00+08:00,1781564400000,entry,short,green_histogram_expansion_add,1,2.7126000271260002,73.73,0.04,,0,2,2
2026-06-16T12:00:00+08:00,1781582400000,exit,short,green_histogram_shrinking,1,2.6874496103198062,73.7,0.03961300725611395,1.8553507121741433,0,1,1
2026-06-16T17:00:00+08:00,1781600400000,exit,short,golden_cross_flip_close_opposite,1,2.7126000271260002,75.34,0.04087345720873457,-4.4481595008815935,0,0,0
2026-06-16T17:00:00+08:00,1781600400000,entry,long,golden_cross_flip_open_one_unit,1,2.654632333421821,75.34,0.04,,1,0,1
2026-06-16T18:00:00+08:00,1781604000000,entry,long,red_histogram_expansion_add,1,2.6737967914438503,74.8,0.04,,2,0,2
2026-06-16T19:00:00+08:00,1781607600000,exit,long,dead_cross_flip_close_opposite,2,5.328429124865671,74.64,0.07954278997599475,-2.445592910002284,0,0,0
2026-06-16T19:00:00+08:00,1781607600000,entry,short,dead_cross_flip_open_one_unit,1,2.679528403001072,74.64,0.04,,0,1,1
2026-06-16T20:00:00+08:00,1781611200000,entry,short,green_histogram_expansion_add,1,2.6798874447273215,74.63,0.04,,0,2,2
2026-06-16T21:00:00+08:00,1781614800000,exit,short,green_histogram_shrinking,1,2.679528403001072,74.9,0.04013933547695606,-0.7768167202572485,0,1,1
2026-06-16T22:00:00+08:00,1781618400000,entry,short,green_histogram_expansion_add,1,2.704530087897228,73.95,0.04,,0,2,2
2026-06-16T22:00:00+08:00,1781618400000,exit,short,fixed_take_profit,1,2.6798874447273215,72.80267505720823,0.03902059496567505,4.818004576659039,0,1,1
2026-06-17T02:00:00+08:00,1781632800000,exit,short,green_histogram_shrinking,1,2.704530087897228,73.64,0.039832319134550376,0.7585720081135963,0,0,0
2026-06-17T08:00:00+08:00,1781654400000,entry,short,zero_axis_down_open,1,2.7210884353741496,73.5,0.04,,0,1,1
2026-06-17T10:00:00+08:00,1781661600000,exit,short,green_histogram_shrinking,1,2.7210884353741496,73.89,0.04021224489795918,-1.1414367346938792,0,0,0
2026-06-17T11:00:00+08:00,1781665200000,entry,long,zero_axis_up_open,1,2.7023375219564922,74.01,0.04,,1,0,1
2026-06-18T01:00:00+08:00,1781715600000,entry,long,red_histogram_expansion_add,1,2.712232167073502,73.74,0.04,,2,0,2
2026-06-18T03:00:00+08:00,1781722800000,exit,long,red_histogram_shrinking,1,2.7023375219564922,73.45,0.03969733819754087,-1.5930063504931828,1,0,1
2026-06-18T04:00:00+08:00,1781726400000,exit,long,dead_cross_flip_close_opposite,1,2.712232167073502,71.61,0.0388445890968267,-5.855899104963373,0,0,0
2026-06-18T04:00:00+08:00,1781726400000,entry,short,dead_cross_flip_open_one_unit,1,2.79290601871247,71.61,0.04,,0,1,1
2026-06-18T05:00:00+08:00,1781730000000,entry,short,green_histogram_expansion_add,1,2.7720027720027716,72.15,0.04,,0,2,2
2026-06-18T08:00:00+08:00,1781740800000,exit,short,green_histogram_shrinking,1,2.79290601871247,72.0,0.04021784666945957,-1.1694511939673247,0,1,1
2026-06-18T11:00:00+08:00,1781751600000,exit,short,bullish_divergence_confirmed_golden_cross_close_opposite,1,2.7720027720027716,72.47,0.04017740817740817,-0.9672182952182762,0,0,0
2026-06-18T11:00:00+08:00,1781751600000,entry,long,bullish_divergence_confirmed_golden_cross_open_one_unit,1,2.7597626604112047,72.47,0.04,,1,0,1
2026-06-18T12:00:00+08:00,1781755200000,exit,long,bearish_divergence_confirmed_dead_cross_close_opposite,1,2.7597626604112047,71.6,0.03951980129708845,-2.480513315854849,0,0,0
2026-06-18T12:00:00+08:00,1781755200000,entry,short,bearish_divergence_confirmed_dead_cross_open_one_unit,1,2.7932960893854752,71.6,0.04,,0,1,1
2026-06-18T13:00:00+08:00,1781758800000,entry,short,green_histogram_expansion_add,1,2.816504717645402,71.01,0.04,,0,2,2
2026-06-18T15:00:00+08:00,1781766000000,exit,short,green_histogram_shrinking,1,2.7932960893854752,71.3,0.039832402234636875,0.7581564245809976,0,1,1
2026-06-18T17:00:00+08:00,1781773200000,exit,short,bullish_divergence_confirmed_golden_cross_close_opposite,1,2.816504717645402,71.81,0.04045064075482326,-2.3336544148711367,0,0,0
2026-06-18T17:00:00+08:00,1781773200000,entry,long,bullish_divergence_confirmed_golden_cross_open_one_unit,1,2.7851274195794455,71.81,0.04,,1,0,1
2026-06-18T18:00:00+08:00,1781776800000,entry,long,red_histogram_expansion_add,1,2.785903329154478,71.79,0.04,,2,0,2
2026-06-18T19:00:00+08:00,1781780400000,exit,long,red_histogram_shrinking,1,2.7851274195794455,71.34,0.03973819802255953,-1.3887480852248957,1,0,1
2026-06-18T20:00:00+08:00,1781784000000,exit,long,dead_cross_flip_close_opposite,1,2.785903329154478,70.88,0.03949296559409388,-2.6146649951246994,0,0,0
2026-06-18T20:00:00+08:00,1781784000000,entry,short,dead_cross_flip_open_one_unit,1,2.8216704288939054,70.88,0.04,,0,1,1
2026-06-18T21:00:00+08:00,1781787600000,exit,short,bullish_divergence_confirmed_golden_cross_close_opposite,1,2.8216704288939054,71.52,0.04036117381489843,-1.8862302483069995,0,0,0
2026-06-18T21:00:00+08:00,1781787600000,entry,long,bullish_divergence_confirmed_golden_cross_open_one_unit,1,2.796420581655481,71.52,0.04,,1,0,1
2026-06-18T22:00:00+08:00,1781791200000,exit,long,dead_cross_flip_close_opposite,1,2.796420581655481,71.01,0.039714765100671144,-1.505889261744941,0,0,0
2026-06-18T22:00:00+08:00,1781791200000,entry,short,dead_cross_flip_open_one_unit,1,2.816504717645402,71.01,0.04,,0,1,1
2026-06-18T23:00:00+08:00,1781794800000,entry,short,green_histogram_expansion_add,1,2.815315315315315,71.04,0.04,,0,2,2
2026-06-18T23:00:00+08:00,1781794800000,exit,short,fixed_take_profit,1,2.816504717645402,69.60449689545935,0.0392082787750792,3.879397845828938,0,1,1
2026-06-19T00:00:00+08:00,1781798400000,exit,short,fixed_take_profit,1,2.815315315315315,68.41,0.03851914414414414,7.325760135135162,0,0,0
2026-06-19T06:00:00+08:00,1781820000000,entry,long,bullish_divergence_confirmed_golden_cross,1,2.8768699654775607,69.52,0.04,,1,0,1
2026-06-19T07:00:00+08:00,1781823600000,entry,long,red_histogram_expansion_add,1,2.8789405498776452,69.47,0.04,,2,0,2
2026-06-19T11:00:00+08:00,1781838000000,exit,long,red_histogram_shrinking,1,2.8768699654775607,69.63,0.04006329113924051,0.23639240506328957,1,0,1
2026-06-19T13:00:00+08:00,1781845200000,exit,long,dead_cross_flip_close_opposite,1,2.8789405498776452,68.29,0.03932057003022889,-3.476470418885829,0,0,0
2026-06-19T13:00:00+08:00,1781845200000,entry,short,dead_cross_flip_open_one_unit,1,2.9286864841118754,68.29,0.04,,0,1,1
2026-06-19T14:00:00+08:00,1781848800000,entry,short,green_histogram_expansion_add,1,2.912904165452957,68.66,0.04,,0,2,2
2026-06-19T15:00:00+08:00,1781852400000,exit,short,green_histogram_shrinking,1,2.9286864841118754,68.72,0.040251867037633615,-1.3395870552057185,0,1,1
2026-06-19T16:00:00+08:00,1781856000000,entry,short,green_histogram_expansion_add,1,2.9265437518290898,68.34,0.04,,0,2,2
2026-06-19T17:00:00+08:00,1781859600000,exit,short,green_histogram_shrinking,1,2.912904165452957,68.64,0.039988348383338194,-0.02173026507429065,0,1,1
2026-06-19T18:00:00+08:00,1781863200000,entry,short,green_histogram_expansion_add,1,2.9291154071470413,68.28,0.04,,0,2,2
2026-06-19T19:00:00+08:00,1781866800000,exit,short,green_histogram_shrinking,1,2.9265437518290898,68.26,0.039953175299970736,0.15417032484635146,0,1,1
2026-06-19T20:00:00+08:00,1781870400000,exit,short,bullish_divergence_confirmed_golden_cross_close_opposite,1,2.9291154071470413,68.21,0.03995899238429994,0.1250790861160146,0,0,0
2026-06-19T20:00:00+08:00,1781870400000,entry,long,bullish_divergence_confirmed_golden_cross_open_one_unit,1,2.932121389825539,68.21,0.04,,1,0,1
2026-06-19T21:00:00+08:00,1781874000000,entry,long,red_histogram_expansion_add,1,2.9167274318214966,68.57,0.04,,2,0,2
2026-06-20T01:00:00+08:00,1781888400000,exit,long,red_histogram_shrinking,1,2.932121389825539,68.66,0.0402638909250843,1.2391907344964166,1,0,1
2026-06-20T02:00:00+08:00,1781892000000,entry,long,red_histogram_expansion_add,1,2.886836027713626,69.28,0.04,,2,0,2
2026-06-20T03:00:00+08:00,1781895600000,exit,long,red_histogram_shrinking,1,2.9167274318214966,69.01,0.0402566720140003,1.203103397987493,1,0,1
2026-06-20T05:00:00+08:00,1781902800000,entry,long,red_histogram_expansion_add,1,2.8897558156335794,69.21,0.04,,2,0,2
2026-06-20T06:00:00+08:00,1781906400000,exit,long,red_histogram_shrinking,1,2.886836027713626,68.98,0.039826789838337186,-0.9458775981524168,1,0,1
2026-06-20T07:00:00+08:00,1781910000000,entry,long,red_histogram_expansion_add,1,2.882675122513693,69.38,0.04,,2,0,2
2026-06-20T09:00:00+08:00,1781917200000,exit,long,red_histogram_shrinking,1,2.8897558156335794,69.57,0.04020806241872562,0.9601040312093613,1,0,1
2026-06-20T10:00:00+08:00,1781920800000,entry,long,red_histogram_expansion_add,1,2.867383512544803,69.75,0.04,,2,0,2
2026-06-20T11:00:00+08:00,1781924400000,exit,long,red_histogram_shrinking,1,2.882675122513693,69.59,0.04012107235514558,0.5252407033727527,1,0,1
2026-06-20T12:00:00+08:00,1781928000000,entry,long,red_histogram_expansion_add,1,2.858776443682104,69.96,0.04,,2,0,2
2026-06-20T13:00:00+08:00,1781931600000,exit,long,fixed_take_profit,1,2.867383512544803,71.25193901653425,0.04086132703457162,4.225773845823497,1,0,1
2026-06-20T14:00:00+08:00,1781935200000,exit,long,fixed_take_profit,1,2.858776443682104,71.75,0.041023441966838194,5.036186392224146,0,0,0
2026-06-20T22:00:00+08:00,1781964000000,entry,short,dead_cross_open,1,2.810962754743499,71.15,0.04,,0,1,1
2026-06-20T23:00:00+08:00,1781967600000,exit,short,green_histogram_shrinking,1,2.810962754743499,71.9,0.04042164441321152,-2.188643710470836,0,0,0
2026-06-21T00:00:00+08:00,1781971200000,entry,long,golden_cross_open,1,2.7777777777777777,72.0,0.04,,1,0,1
2026-06-21T01:00:00+08:00,1781974800000,exit,long,dead_cross_flip_close_opposite,1,2.7777777777777777,71.63,0.039794444444444445,-1.1075722222222348,0,0,0
2026-06-21T01:00:00+08:00,1781974800000,entry,short,dead_cross_flip_open_one_unit,1,2.792126204104426,71.63,0.04,,0,1,1
2026-06-21T02:00:00+08:00,1781978400000,entry,short,green_histogram_expansion_add,1,2.796029637914162,71.53,0.04,,0,2,2
2026-06-21T04:00:00+08:00,1781985600000,exit,short,green_histogram_shrinking,1,2.792126204104426,71.82,0.040106100795755974,-0.6106100795755905,0,1,1
2026-06-21T07:00:00+08:00,1781996400000,exit,short,golden_cross_flip_close_opposite,1,2.796029637914162,73.53,0.04111841185516567,-5.67317768768349,0,0,0
2026-06-21T07:00:00+08:00,1781996400000,entry,long,golden_cross_flip_open_one_unit,1,2.7199782401740786,73.53,0.04,,1,0,1
2026-06-21T08:00:00+08:00,1782000000000,entry,long,red_histogram_expansion_add,1,2.7326137450471375,73.19,0.04,,2,0,2
2026-06-21T09:00:00+08:00,1782003600000,exit,long,red_histogram_shrinking,1,2.7199782401740786,73.15,0.03979328165374677,-1.1133850129198843,1,0,1
2026-06-21T12:00:00+08:00,1782014400000,entry,long,red_histogram_expansion_add,1,2.718129926610492,73.58,0.04,,2,0,2
2026-06-21T13:00:00+08:00,1782018000000,exit,long,red_histogram_shrinking,1,2.7326137450471375,73.4,0.04011476977729198,0.49373411668262857,1,0,1
2026-06-21T14:00:00+08:00,1782021600000,exit,long,dead_cross_flip_close_opposite,1,2.718129926610492,73.04,0.039706441967926075,-1.5474966023375702,0,0,0
2026-06-21T14:00:00+08:00,1782021600000,entry,short,dead_cross_flip_open_one_unit,1,2.7382256297918945,73.04,0.04,,0,1,1
2026-06-21T15:00:00+08:00,1782025200000,entry,short,green_histogram_expansion_add,1,2.7318672312525614,73.21,0.04,,0,2,2
2026-06-21T18:00:00+08:00,1782036000000,exit,short,green_histogram_shrinking,1,2.7382256297918945,74.0,0.040525739320920046,-2.709222343921122,0,1,1
2026-06-21T20:00:00+08:00,1782043200000,entry,short,green_histogram_expansion_add,1,2.733734281027884,73.16,0.04,,0,2,2
2026-06-21T21:00:00+08:00,1782046800000,exit,short,green_histogram_shrinking,1,2.7318672312525614,73.61,0.04021854937850021,-1.1729654418795403,0,1,1
2026-06-22T01:00:00+08:00,1782061200000,exit,short,golden_cross_flip_close_opposite,1,2.733734281027884,74.29,0.04061782394751231,-3.1697375615090477,0,0,0
2026-06-22T01:00:00+08:00,1782061200000,entry,long,golden_cross_flip_open_one_unit,1,2.6921523758244716,74.29,0.04,,1,0,1
2026-06-22T02:00:00+08:00,1782064800000,exit,long,bearish_divergence_confirmed_dead_cross_close_opposite,1,2.6921523758244716,74.2,0.03995154125723516,-0.3222452550814468,0,0,0
2026-06-22T02:00:00+08:00,1782064800000,entry,short,bearish_divergence_confirmed_dead_cross_open_one_unit,1,2.6954177897574123,74.2,0.04,,0,1,1
2026-06-22T03:00:00+08:00,1782068400000,entry,short,green_histogram_expansion_add,1,2.6965080221113658,74.17,0.04,,0,2,2
2026-06-22T04:00:00+08:00,1782072000000,exit,short,green_histogram_shrinking,1,2.6954177897574123,74.38,0.040097035040431266,-0.5652722371967456,0,1,1
2026-06-22T05:00:00+08:00,1782075600000,entry,short,green_histogram_expansion_add,1,2.725166916473634,73.39,0.04,,0,2,2
2026-06-22T07:00:00+08:00,1782082800000,exit,short,fixed_take_profit,1,2.6965080221113658,72.3023796963947,0.03899278937381405,4.957060341555961,0,1,1
2026-06-22T09:00:00+08:00,1782090000000,exit,short,green_histogram_shrinking,1,2.725166916473634,73.34,0.039972748330835264,0.05628559749283869,0,0,0
2026-06-22T16:00:00+08:00,1782115200000,entry,long,golden_cross_open,1,2.7001485081679495,74.07,0.04,,1,0,1
2026-06-22T17:00:00+08:00,1782118800000,exit,long,red_histogram_shrinking,1,2.7001485081679495,73.85,0.03988119346564061,-0.6739138652625865,0,0,0
2026-06-22T18:00:00+08:00,1782122400000,entry,short,bearish_divergence_confirmed_dead_cross,1,2.711864406779661,73.75,0.04,,0,1,1
2026-06-22T19:00:00+08:00,1782126000000,entry,short,green_histogram_expansion_add,1,2.712232167073502,73.74,0.04,,0,2,2
2026-06-22T20:00:00+08:00,1782129600000,exit,short,golden_cross_flip_close_opposite,2,5.424096573853163,74.15,0.08043935219024242,-2.357200303402287,0,0,0
2026-06-22T20:00:00+08:00,1782129600000,entry,long,golden_cross_flip_open_one_unit,1,2.6972353337828725,74.15,0.04,,1,0,1
2026-06-22T21:00:00+08:00,1782133200000,entry,long,red_histogram_expansion_add,1,2.6888948642108095,74.38,0.04,,2,0,2
2026-06-22T23:00:00+08:00,1782140400000,exit,long,dead_cross_flip_close_opposite,2,5.3861301979936815,73.4,0.07906839130654726,-4.817111858570268,0,0,0
2026-06-22T23:00:00+08:00,1782140400000,entry,short,dead_cross_flip_open_one_unit,1,2.7247956403269753,73.4,0.04,,0,1,1
2026-06-23T00:00:00+08:00,1782144000000,entry,short,green_histogram_expansion_add,1,2.735978112175103,73.1,0.04,,0,2,2
2026-06-23T02:00:00+08:00,1782151200000,exit,short,green_histogram_shrinking,1,2.7247956403269753,73.24,0.03991280653950953,0.356054495912836,0,1,1
2026-06-23T03:00:00+08:00,1782154800000,entry,short,green_histogram_expansion_add,1,2.7548209366391188,72.6,0.04,,0,2,2
2026-06-23T04:00:00+08:00,1782158400000,exit,short,green_histogram_shrinking,1,2.735978112175103,72.66,0.039759233926128595,1.1240711354309103,0,1,1
2026-06-23T07:00:00+08:00,1782169200000,entry,short,green_histogram_expansion_add,1,2.775850104094379,72.05,0.04,,0,2,2
2026-06-23T09:00:00+08:00,1782176400000,exit,short,green_histogram_shrinking,1,2.7548209366391188,71.83,0.039575757575757584,2.041636363636353,0,1,1
2026-06-23T13:00:00+08:00,1782190800000,entry,short,green_histogram_expansion_add,1,2.8003360403248387,71.42,0.04,,0,2,2
2026-06-23T14:00:00+08:00,1782194400000,exit,short,fixed_take_profit,1,2.775850104094379,70.29894444831672,0.03902786645291699,4.781639868962155,0,1,1
2026-06-23T15:00:00+08:00,1782198000000,exit,short,fixed_take_profit,1,2.8003360403248387,69.9916,0.0392,3.920799999999989,0,0,0
2026-06-24T00:00:00+08:00,1782230400000,entry,long,golden_cross_open,1,2.9036004645760745,68.88,0.04,,1,0,1
2026-06-24T01:00:00+08:00,1782234000000,entry,long,red_histogram_expansion_add,1,2.9057097195990123,68.83,0.04,,2,0,2
2026-06-24T09:00:00+08:00,1782262800000,exit,long,fixed_take_profit,1,2.9036004645760745,70.23209074141312,0.04078518626098323,3.8451461186551654,1,0,1
2026-06-24T11:00:00+08:00,1782270000000,exit,long,red_histogram_shrinking,1,2.9057097195990123,69.41,0.040337062327473486,1.6049745750399487,0,0,0
2026-06-24T19:00:00+08:00,1782298800000,entry,short,dead_cross_open,1,2.8981307056948267,69.01,0.04,,0,1,1
2026-06-24T20:00:00+08:00,1782302400000,exit,short,golden_cross_flip_close_opposite,1,2.8981307056948267,69.77,0.04044051586726562,-2.2830198521953076,0,0,0
2026-06-24T20:00:00+08:00,1782302400000,entry,long,golden_cross_flip_open_one_unit,1,2.8665615594094884,69.77,0.04,,1,0,1
2026-06-24T21:00:00+08:00,1782306000000,exit,long,red_histogram_shrinking,1,2.8665615594094884,69.41,0.039793607567722517,-1.1117557689551367,0,0,0
2026-06-24T22:00:00+08:00,1782309600000,entry,short,dead_cross_open,1,2.9061319383900033,68.82,0.04,,0,1,1
2026-06-24T23:00:00+08:00,1782313200000,entry,short,green_histogram_expansion_add,1,2.9061319383900033,68.82,0.04,,0,2,2
2026-06-24T23:00:00+08:00,1782313200000,exit,short,fixed_take_profit,1,2.9061319383900033,67.44359999999999,0.0392,3.9208000000000114,0,1,1
2026-06-25T00:00:00+08:00,1782316800000,exit,short,fixed_take_profit,1,2.9061319383900033,67.28,0.039104911362975885,4.396338273757606,0,0,0
2026-06-25T06:00:00+08:00,1782338400000,entry,long,golden_cross_open,1,2.940311673037342,68.02,0.04,,1,0,1
2026-06-25T07:00:00+08:00,1782342000000,entry,long,red_histogram_expansion_add,1,2.9502876530461717,67.79,0.04,,2,0,2
2026-06-25T09:00:00+08:00,1782349200000,exit,long,red_histogram_shrinking,1,2.940311673037342,67.66,0.039788297559541316,-1.1383004998529829,1,0,1
2026-06-25T10:00:00+08:00,1782352800000,entry,long,red_histogram_expansion_add,1,2.948547840188707,67.83,0.04,,2,0,2
2026-06-25T11:00:00+08:00,1782356400000,exit,long,red_histogram_shrinking,1,2.9502876530461717,67.69,0.039940994246939074,-0.3749697595515814,1,0,1
2026-06-25T13:00:00+08:00,1782363600000,entry,long,red_histogram_expansion_add,1,2.9231218941829873,68.42,0.04,,2,0,2
2026-06-25T14:00:00+08:00,1782367200000,exit,long,fixed_take_profit,1,2.948547840188707,69.48619702018348,0.040976675229357794,4.802399471559626,1,0,1
2026-06-25T15:00:00+08:00,1782370800000,entry,long,zero_axis_up_add,1,2.880599164626242,69.43,0.04,,2,0,2
2026-06-25T17:00:00+08:00,1782378000000,exit,long,red_histogram_shrinking,1,2.9231218941829873,69.02,0.04035077462730196,1.6735223618824737,1,0,1
2026-06-25T21:00:00+08:00,1782392400000,exit,long,dead_cross_flip_close_opposite,1,2.880599164626242,68.26,0.039325939795477466,-3.4496269624081854,0,0,0
2026-06-25T21:00:00+08:00,1782392400000,entry,short,dead_cross_flip_open_one_unit,1,2.9299736302373276,68.26,0.04,,0,1,1
2026-06-25T21:00:00+08:00,1782392400000,exit,short,fixed_take_profit,1,2.9299736302373276,66.8948,0.0392,3.9208000000000043,0,0,0
2026-06-25T22:00:00+08:00,1782396000000,entry,short,zero_axis_down_open,1,3.1157501168406294,64.19,0.04,,0,1,1
2026-06-25T23:00:00+08:00,1782399600000,exit,short,green_histogram_shrinking,1,3.1157501168406294,66.31,0.04132107804954043,-6.686711325751689,0,0,0
2026-06-26T06:00:00+08:00,1782424800000,entry,long,golden_cross_open,1,2.97441998810232,67.24,0.04,,1,0,1
2026-06-26T07:00:00+08:00,1782428400000,entry,long,red_histogram_expansion_add,1,2.9806259314456036,67.1,0.04,,2,0,2
2026-06-26T07:00:00+08:00,1782428400000,exit,long,fixed_take_profit,1,2.97441998810232,68.51332559178203,0.04075748101831174,3.706647610540404,1,0,1
2026-06-26T10:00:00+08:00,1782439200000,exit,long,red_histogram_shrinking,1,2.9806259314456036,67.28,0.04010730253353204,0.45640536512669694,0,0,0
2026-06-26T13:00:00+08:00,1782450000000,entry,long,zero_axis_up_open,1,2.939447383891828,68.04,0.04,,1,0,1
2026-06-26T14:00:00+08:00,1782453600000,exit,long,fixed_take_profit,1,2.939447383891828,69.4008,0.0408,3.9191999999999925,0,0,0
2026-06-26T21:00:00+08:00,1782478800000,entry,short,dead_cross_open,1,2.9057097195990123,68.83,0.04,,0,1,1
2026-06-26T22:00:00+08:00,1782482400000,exit,short,golden_cross_flip_close_opposite,1,2.9057097195990123,70.68,0.04107511259625164,-5.456638093854449,0,0,0
2026-06-26T22:00:00+08:00,1782482400000,entry,long,golden_cross_flip_open_one_unit,1,2.8296547821165814,70.68,0.04,,1,0,1
2026-06-26T23:00:00+08:00,1782486000000,entry,long,red_histogram_expansion_add,1,2.8401022436807724,70.42,0.04,,2,0,2
2026-06-26T23:00:00+08:00,1782486000000,exit,long,fixed_take_profit,1,2.8296547821165814,71.96075566265061,0.040724819277108436,3.5433715662650687,1,0,1
2026-06-27T00:00:00+08:00,1782489600000,exit,long,fixed_take_profit,1,2.8401022436807724,72.01,0.04090315251349049,4.434859414938947,0,0,0
2026-06-27T07:00:00+08:00,1782514800000,entry,short,dead_cross_open,1,2.7862914460852606,71.78,0.04,,0,1,1
2026-06-27T08:00:00+08:00,1782518400000,entry,short,green_histogram_expansion_add,1,2.782802281897871,71.87,0.04,,0,2,2
2026-06-27T11:00:00+08:00,1782529200000,exit,short,green_histogram_shrinking,1,2.7862914460852606,72.07,0.040161604903872945,-0.8881861242685765,0,1,1
2026-06-27T13:00:00+08:00,1782536400000,entry,short,green_histogram_expansion_add,1,2.782415136338342,71.88,0.04,,0,2,2
2026-06-27T15:00:00+08:00,1782543600000,exit,short,green_histogram_shrinking,1,2.782802281897871,72.09,0.04012244330040351,-0.6923389453179319,0,1,1
2026-06-27T17:00:00+08:00,1782550800000,entry,short,green_histogram_expansion_add,1,2.7777777777777777,72.0,0.04,,0,2,2
2026-06-27T19:00:00+08:00,1782558000000,exit,short,green_histogram_shrinking,1,2.782415136338342,71.99,0.04006121313299944,-0.3861268781302154,0,1,1
2026-06-27T20:00:00+08:00,1782561600000,entry,short,green_histogram_expansion_add,1,2.7870680044593086,71.76,0.04,,0,2,2
2026-06-27T21:00:00+08:00,1782565200000,exit,short,green_histogram_shrinking,1,2.7777777777777777,72.13,0.04007222222222222,-0.44118333333332066,0,1,1
2026-06-28T00:00:00+08:00,1782576000000,exit,short,golden_cross_flip_close_opposite,1,2.7870680044593086,72.8,0.04057971014492753,-2.9791304347825864,0,0,0
2026-06-28T00:00:00+08:00,1782576000000,entry,long,golden_cross_flip_open_one_unit,1,2.7472527472527473,72.8,0.04,,1,0,1
2026-06-28T01:00:00+08:00,1782579600000,exit,long,bearish_divergence_confirmed_dead_cross_close_opposite,1,2.7472527472527473,72.6,0.03989010989010989,-0.6293406593406672,0,0,0
2026-06-28T01:00:00+08:00,1782579600000,entry,short,bearish_divergence_confirmed_dead_cross_open_one_unit,1,2.7548209366391188,72.6,0.04,,0,1,1
2026-06-28T02:00:00+08:00,1782583200000,entry,short,green_histogram_expansion_add,1,2.7777777777777777,72.0,0.04,,0,2,2
2026-06-28T05:00:00+08:00,1782594000000,exit,short,fixed_take_profit,1,2.7548209366391188,70.85278008298755,0.03903734439834025,4.734240663900404,0,1,1
2026-06-28T06:00:00+08:00,1782597600000,entry,short,zero_axis_down_add,1,2.8192839018889204,70.94,0.04,,0,2,2
2026-06-28T07:00:00+08:00,1782601200000,exit,short,green_histogram_shrinking,1,2.7777777777777777,71.04,0.03946666666666667,2.5871999999999824,0,1,1
2026-06-28T08:00:00+08:00,1782604800000,entry,short,green_histogram_expansion_add,1,2.8388928317955995,70.45,0.04,,0,2,2
2026-06-28T09:00:00+08:00,1782608400000,exit,short,green_histogram_shrinking,1,2.8192839018889204,70.67,0.039847758669298,0.6813588948406992,0,1,1
2026-06-28T17:00:00+08:00,1782637200000,exit,short,golden_cross_flip_close_opposite,1,2.8388928317955995,71.87,0.04080624556422995,-4.112034066713987,0,0,0
2026-06-28T17:00:00+08:00,1782637200000,entry,long,golden_cross_flip_open_one_unit,1,2.782802281897871,71.87,0.04,,1,0,1
2026-06-28T18:00:00+08:00,1782640800000,entry,long,red_histogram_expansion_add,1,2.7979854504756574,71.48,0.04,,2,0,2
2026-06-28T19:00:00+08:00,1782644400000,exit,long,red_histogram_shrinking,1,2.782802281897871,71.41,0.03974398219006539,-1.3598330318631082,1,0,1
2026-06-28T20:00:00+08:00,1782648000000,entry,long,zero_axis_up_add,1,2.782802281897871,71.87,0.04,,2,0,2
2026-06-28T22:00:00+08:00,1782655200000,exit,long,red_histogram_shrinking,1,2.7979854504756574,71.7,0.04012311135982093,0.5354336877448205,1,0,1
2026-06-29T00:00:00+08:00,1782662400000,entry,long,red_histogram_expansion_add,1,2.775850104094379,72.05,0.04,,2,0,2
2026-06-29T01:00:00+08:00,1782666000000,exit,long,red_histogram_shrinking,1,2.782802281897871,71.52,0.039805203840267145,-1.0537860025045458,1,0,1
2026-06-29T03:00:00+08:00,1782673200000,exit,long,dead_cross_flip_close_opposite,1,2.775850104094379,71.13,0.039489243580846635,-2.6332713393476803,0,0,0
2026-06-29T03:00:00+08:00,1782673200000,entry,short,dead_cross_flip_open_one_unit,1,2.811753128075355,71.13,0.04,,0,1,1
2026-06-29T04:00:00+08:00,1782676800000,entry,short,zero_axis_down_add,1,2.8300551860761285,70.67,0.04,,0,2,2
2026-06-29T08:00:00+08:00,1782691200000,exit,short,green_histogram_shrinking,1,2.811753128075355,71.35,0.040123717137635316,-0.6987094053142102,0,1,1
2026-06-29T09:00:00+08:00,1782694800000,exit,short,golden_cross_flip_close_opposite,1,2.8300551860761285,71.62,0.04053771048535447,-2.7690901372576846,0,0,0
2026-06-29T09:00:00+08:00,1782694800000,entry,long,golden_cross_flip_open_one_unit,1,2.7925160569673273,71.62,0.04,,1,0,1
2026-06-29T10:00:00+08:00,1782698400000,entry,long,red_histogram_expansion_add,1,2.7991602519244227,71.45,0.04,,2,0,2
2026-06-29T11:00:00+08:00,1782702000000,exit,long,fixed_take_profit,1,2.7925160569673273,72.96559698049906,0.04075152023485007,3.6768496540155073,1,0,1
2026-06-29T13:00:00+08:00,1782709200000,exit,long,red_histogram_shrinking,1,2.7991602519244227,71.65,0.04011196641007698,0.47972008397481547,0,0,0
2026-06-30T08:00:00+08:00,1782777600000,entry,short,dead_cross_open,1,2.662406815761448,75.12,0.04,,0,1,1
2026-06-30T09:00:00+08:00,1782781200000,entry,short,green_histogram_expansion_add,1,2.6888948642108095,74.38,0.04,,0,2,2
2026-06-30T14:00:00+08:00,1782799200000,exit,short,green_histogram_shrinking,1,2.662406815761448,74.19,0.03950479233226836,2.3965335463258963,0,1,1
2026-06-30T17:00:00+08:00,1782810000000,entry,short,green_histogram_expansion_add,1,2.7177605652941974,73.59,0.04,,0,2,2
2026-06-30T18:00:00+08:00,1782813600000,exit,short,green_histogram_shrinking,1,2.6888948642108095,73.76,0.03966657703683786,1.587448238773838,0,1,1
2026-06-30T20:00:00+08:00,1782820800000,entry,short,zero_axis_down_add,1,2.7266530334015,73.35,0.04,,0,2,2
2026-06-30T21:00:00+08:00,1782824400000,exit,short,fixed_take_profit,1,2.7177605652941974,72.00040792160065,0.039135973866884444,4.240994691710908,0,1,1
2026-06-30T22:00:00+08:00,1782828000000,exit,short,green_histogram_shrinking,1,2.7266530334015,72.84,0.03972188139059305,1.3108711656441472,0,0,0
2026-07-01T03:00:00+08:00,1782846000000,entry,long,golden_cross_open,1,2.7192386131883075,73.55,0.04,,1,0,1
2026-07-01T04:00:00+08:00,1782849600000,entry,long,red_histogram_expansion_add,1,2.7137042062415198,73.7,0.04,,2,0,2
2026-07-01T06:00:00+08:00,1782856800000,exit,long,red_histogram_shrinking,1,2.7192386131883075,73.47,0.039956492182188996,-0.29749558123724895,1,0,1
2026-07-01T08:00:00+08:00,1782864000000,entry,long,red_histogram_expansion_add,1,2.7162841233192996,73.63,0.04,,2,0,2
2026-07-01T09:00:00+08:00,1782867600000,exit,long,red_histogram_shrinking,1,2.7137042062415198,73.6,0.03994572591587517,-0.3513161465400503,1,0,1
2026-07-01T10:00:00+08:00,1782871200000,entry,long,red_histogram_expansion_add,1,2.706359945872801,73.9,0.04,,2,0,2
2026-07-01T11:00:00+08:00,1782874800000,exit,long,fixed_take_profit,1,2.7162841233192996,75.24004799023926,0.04087466955873382,4.292473124110332,1,0,1
2026-07-01T12:00:00+08:00,1782878400000,exit,long,fixed_take_profit,1,2.706359945872801,75.44,0.04083355886332882,4.086960757780763,0,0,0
2026-07-01T20:00:00+08:00,1782907200000,entry,short,dead_cross_open,1,2.674154298703035,74.79,0.04,,0,1,1
2026-07-01T21:00:00+08:00,1782910800000,entry,short,green_histogram_expansion_add,1,2.6820437173125926,74.57,0.04,,0,2,2
2026-07-01T22:00:00+08:00,1782914400000,exit,short,golden_cross_flip_close_opposite,2,5.356198016015627,75.99,0.08140349744740549,-7.178890734474903,0,0,0
2026-07-01T22:00:00+08:00,1782914400000,entry,long,golden_cross_flip_open_one_unit,1,2.6319252533228057,75.99,0.04,,1,0,1
2026-07-01T23:00:00+08:00,1782918000000,entry,long,red_histogram_expansion_add,1,2.6001040041601664,76.92,0.04,,2,0,2
2026-07-02T00:00:00+08:00,1782921600000,exit,long,fixed_take_profit,1,2.6319252533228057,77.98121530311948,0.041048145968216605,5.1596816951147915,1,0,1
2026-07-02T01:00:00+08:00,1782925200000,exit,long,red_histogram_shrinking,1,2.6001040041601664,77.12,0.040104004160166414,0.43991679667187433,0,0,0
2026-07-02T09:00:00+08:00,1782954000000,entry,short,dead_cross_open,1,2.5896672277612325,77.23,0.04,,0,1,1
2026-07-02T10:00:00+08:00,1782957600000,exit,short,green_histogram_shrinking,1,2.5896672277612325,78.15,0.04047649876990807,-2.4629703483102463,0,0,0
2026-07-02T12:00:00+08:00,1782964800000,entry,long,golden_cross_open,1,2.5425883549453343,78.66,0.04,,1,0,1
2026-07-02T13:00:00+08:00,1782968400000,exit,long,dead_cross_flip_close_opposite,1,2.5425883549453343,78.23,0.0397813374014747,-1.1730943300279495,0,0,0
2026-07-02T13:00:00+08:00,1782968400000,entry,short,dead_cross_flip_open_one_unit,1,2.55656397801355,78.23,0.04,,0,1,1
2026-07-02T14:00:00+08:00,1782972000000,entry,short,green_histogram_expansion_add,1,2.5618035096708085,78.07,0.04,,0,2,2
2026-07-02T17:00:00+08:00,1782982800000,exit,short,green_histogram_shrinking,1,2.55656397801355,78.44,0.04010737568707657,-0.6169858110699061,0,1,1
2026-07-02T18:00:00+08:00,1782986400000,exit,short,golden_cross_flip_close_opposite,1,2.5618035096708085,79.43,0.04069681055463047,-3.564749583706965,0,0,0
2026-07-02T18:00:00+08:00,1782986400000,entry,long,golden_cross_flip_open_one_unit,1,2.5179403248143015,79.43,0.04,,1,0,1
2026-07-02T18:00:00+08:00,1782986400000,exit,long,fixed_take_profit,1,2.5179403248143015,81.0186,0.040799999999999996,3.9191999999999982,0,0,0
2026-07-03T01:00:00+08:00,1783011600000,entry,short,bearish_divergence_confirmed_dead_cross,1,2.484163457955533,80.51,0.04,,0,1,1
2026-07-03T02:00:00+08:00,1783015200000,entry,short,green_histogram_expansion_add,1,2.4816974810770565,80.59,0.04,,0,2,2
2026-07-03T05:00:00+08:00,1783026000000,exit,short,green_histogram_shrinking,1,2.484163457955533,80.97,0.040228543038131906,-1.2229437336976616,0,1,1
2026-07-03T06:00:00+08:00,1783029600000,entry,short,green_histogram_expansion_add,1,2.476780185758514,80.75,0.04,,0,2,2
2026-07-03T09:00:00+08:00,1783040400000,exit,short,green_histogram_shrinking,1,2.4816974810770565,80.71,0.04005956073954585,-0.3778632584687686,0,1,1
2026-07-03T11:00:00+08:00,1783047600000,entry,short,green_histogram_expansion_add,1,2.476473501733531,80.76,0.04,,0,2,2
2026-07-03T14:00:00+08:00,1783058400000,exit,short,green_histogram_shrinking,1,2.476780185758514,81.1,0.0401733746130031,-0.947046439628469,0,1,1
2026-07-03T17:00:00+08:00,1783069200000,entry,short,green_histogram_expansion_add,1,2.4731049833065413,80.87,0.04,,0,2,2
2026-07-03T18:00:00+08:00,1783072800000,exit,short,green_histogram_shrinking,1,2.476473501733531,80.98,0.04010896483407628,-0.6249331352154504,0,1,1
2026-07-03T23:00:00+08:00,1783090800000,exit,short,golden_cross_flip_close_opposite,1,2.4731049833065413,81.65,0.04038580437739583,-2.009407691356501,0,0,0
2026-07-03T23:00:00+08:00,1783090800000,entry,long,golden_cross_flip_open_one_unit,1,2.449479485609308,81.65,0.04,,1,0,1
2026-07-04T00:00:00+08:00,1783094400000,exit,long,bearish_divergence_confirmed_dead_cross_close_opposite,1,2.449479485609308,81.17,0.03976484996938151,-1.2555150030618591,0,0,0
2026-07-04T00:00:00+08:00,1783094400000,entry,short,bearish_divergence_confirmed_dead_cross_open_one_unit,1,2.463964518910928,81.17,0.04,,0,1,1
2026-07-04T01:00:00+08:00,1783098000000,exit,short,green_histogram_shrinking,1,2.463964518910928,81.5,0.040162621658248125,-0.8932709128988502,0,0,0
2026-07-04T03:00:00+08:00,1783105200000,entry,long,golden_cross_open,1,2.4363503471799244,82.09,0.04,,1,0,1
2026-07-04T04:00:00+08:00,1783108800000,entry,long,red_histogram_expansion_add,1,2.425712553062462,82.45,0.04,,2,0,2
2026-07-04T06:00:00+08:00,1783116000000,exit,long,red_histogram_shrinking,1,2.4363503471799244,82.63,0.04026312583749543,1.2353660616396442,1,0,1
2026-07-04T09:00:00+08:00,1783126800000,exit,long,bearish_divergence_confirmed_dead_cross_close_opposite,1,2.425712553062462,82.36,0.03995633717404487,-0.29827046694967474,0,0,0
2026-07-04T09:00:00+08:00,1783126800000,entry,short,bearish_divergence_confirmed_dead_cross_open_one_unit,1,2.4283632831471587,82.36,0.04,,0,1,1
2026-07-04T10:00:00+08:00,1783130400000,entry,short,green_histogram_expansion_add,1,2.4417043096081064,81.91,0.04,,0,2,2
2026-07-04T12:00:00+08:00,1783137600000,exit,short,green_histogram_shrinking,1,2.4283632831471587,82.68,0.040155415250121416,-0.8572316658572302,0,1,1
2026-07-04T13:00:00+08:00,1783141200000,exit,short,golden_cross_flip_close_opposite,1,2.4417043096081064,83.45,0.0407520449273593,-3.8409766817238586,0,0,0
2026-07-04T13:00:00+08:00,1783141200000,entry,long,golden_cross_flip_open_one_unit,1,2.396644697423607,83.45,0.04,,1,0,1
2026-07-04T14:00:00+08:00,1783144800000,entry,long,red_histogram_expansion_add,1,2.4000960038401535,83.33,0.04,,2,0,2
2026-07-04T15:00:00+08:00,1783148400000,exit,long,red_histogram_shrinking,1,2.396644697423607,82.52,0.03955422408627921,-2.3084337926902503,1,0,1
2026-07-04T16:00:00+08:00,1783152000000,exit,long,bearish_divergence_confirmed_dead_cross_close_opposite,1,2.4000960038401535,82.67,0.039683187327493104,-1.6637465498619863,0,0,0
2026-07-04T16:00:00+08:00,1783152000000,entry,short,bearish_divergence_confirmed_dead_cross_open_one_unit,1,2.41925728801258,82.67,0.04,,0,1,1
2026-07-04T17:00:00+08:00,1783155600000,entry,short,green_histogram_expansion_add,1,2.430724355858046,82.28,0.04,,0,2,2
2026-07-04T20:00:00+08:00,1783166400000,exit,short,green_histogram_shrinking,1,2.41925728801258,81.78,0.03956937220273376,2.0735696141284636,0,1,1
2026-07-04T21:00:00+08:00,1783170000000,entry,short,green_histogram_expansion_add,1,2.4521824423737124,81.56,0.04,,0,2,2
2026-07-04T22:00:00+08:00,1783173600000,exit,short,green_histogram_shrinking,1,2.430724355858046,81.61,0.039674282936315024,1.5489110354885798,0,1,1
2026-07-05T02:00:00+08:00,1783188000000,exit,short,golden_cross_flip_close_opposite,1,2.4521824423737124,82.48,0.040451201569396765,-2.336459048553216,0,0,0
2026-07-05T02:00:00+08:00,1783188000000,entry,long,golden_cross_flip_open_one_unit,1,2.424830261881668,82.48,0.04,,1,0,1
2026-07-05T03:00:00+08:00,1783191600000,entry,long,red_histogram_expansion_add,1,2.432794063982484,82.21,0.04,,2,0,2
2026-07-05T04:00:00+08:00,1783195200000,exit,long,bearish_divergence_confirmed_dead_cross_close_opposite,2,4.857624325864152,81.82,0.07949016446844098,-2.7086678222635383,0,0,0
2026-07-05T04:00:00+08:00,1783195200000,entry,short,bearish_divergence_confirmed_dead_cross_open_one_unit,1,2.4443901246638964,81.82,0.04,,0,1,1
2026-07-05T05:00:00+08:00,1783198800000,entry,short,green_histogram_expansion_add,1,2.4411082631514707,81.93,0.04,,0,2,2
2026-07-05T10:00:00+08:00,1783216800000,exit,short,fixed_take_profit,1,2.4443901246638964,80.23746379236641,0.03922633282442748,3.789109545038151,0,1,1
2026-07-05T12:00:00+08:00,1783224000000,exit,short,green_histogram_shrinking,1,2.4411082631514707,80.53,0.03931648968631759,3.3382350787257553,0,0,0
2026-07-05T20:00:00+08:00,1783252800000,entry,long,golden_cross_open,1,2.483546504408295,80.53,0.04,,1,0,1
2026-07-05T21:00:00+08:00,1783256400000,entry,long,red_histogram_expansion_add,1,2.4777006937561943,80.72,0.04,,2,0,2
2026-07-06T01:00:00+08:00,1783270800000,exit,long,red_histogram_shrinking,1,2.483546504408295,81.04,0.04025332174344965,1.1863553955047934,1,0,1
2026-07-06T06:00:00+08:00,1783288800000,entry,long,zero_axis_up_add,1,2.446782481037436,81.74,0.04,,2,0,2
2026-07-06T08:00:00+08:00,1783296000000,exit,long,red_histogram_shrinking,1,2.4777006937561943,81.55,0.040411298315163525,1.9760802775024735,1,0,1
2026-07-06T09:00:00+08:00,1783299600000,entry,long,red_histogram_expansion_add,1,2.433682161109759,82.18,0.04,,2,0,2
2026-07-06T10:00:00+08:00,1783303200000,exit,long,red_histogram_shrinking,1,2.446782481037436,81.51,0.03988744800587229,-0.6426474186444575,1,0,1
2026-07-06T12:00:00+08:00,1783310400000,exit,long,dead_cross_flip_close_opposite,1,2.433682161109759,80.77,0.03931370163056705,-3.5108055487953536,0,0,0
2026-07-06T12:00:00+08:00,1783310400000,entry,short,dead_cross_flip_open_one_unit,1,2.476166893648632,80.77,0.04,,0,1,1
2026-07-06T13:00:00+08:00,1783314000000,entry,short,zero_axis_down_add,1,2.475860361475613,80.78,0.04,,0,2,2
2026-07-06T16:00:00+08:00,1783324800000,exit,short,green_histogram_shrinking,1,2.476166893648632,80.79,0.040009904667574606,-0.12953324254057258,0,1,1
2026-07-06T18:00:00+08:00,1783332000000,entry,short,green_histogram_expansion_add,1,2.4984384759525295,80.05,0.04,,0,2,2
2026-07-06T19:00:00+08:00,1783335600000,exit,short,green_histogram_shrinking,1,2.475860361475613,80.63,0.039925724189155735,0.2914533300322003,0,1,1
2026-07-06T21:00:00+08:00,1783342800000,entry,short,green_histogram_expansion_add,1,2.5185744868404485,79.41,0.04,,0,2,2
2026-07-06T22:00:00+08:00,1783346400000,exit,short,green_histogram_shrinking,1,2.4984384759525295,80.11,0.04002998126171143,-0.22993628981886888,0,1,1
2026-07-07T00:00:00+08:00,1783353600000,exit,short,golden_cross_flip_close_opposite,1,2.5185744868404485,81.45,0.04102757839063091,-5.218919531545162,0,0,0
2026-07-07T00:00:00+08:00,1783353600000,entry,long,golden_cross_flip_open_one_unit,1,2.4554941682013505,81.45,0.04,,1,0,1
2026-07-07T01:00:00+08:00,1783357200000,entry,long,zero_axis_up_add,1,2.436944072133545,82.07,0.04,,2,0,2
2026-07-07T04:00:00+08:00,1783368000000,exit,long,red_histogram_shrinking,1,2.4554941682013505,82.02,0.04027992633517495,1.3193517495395781,1,0,1
2026-07-07T05:00:00+08:00,1783371600000,exit,long,fixed_take_profit,1,2.436944072133545,83.7114,0.04080000000000001,3.9192000000000116,0,0,0
2026-07-07T11:00:00+08:00,1783393200000,entry,short,dead_cross_open,1,2.4600246002460024,81.3,0.04,,0,1,1
2026-07-07T12:00:00+08:00,1783396800000,entry,short,green_histogram_expansion_add,1,2.4691358024691357,81.0,0.04,,0,2,2
2026-07-07T14:00:00+08:00,1783404000000,exit,short,green_histogram_shrinking,1,2.4600246002460024,81.05,0.0398769987699877,0.5351291512915128,0,1,1
2026-07-07T18:00:00+08:00,1783418400000,entry,short,zero_axis_down_add,1,2.4609326934908333,81.27,0.04,,0,2,2
2026-07-07T20:00:00+08:00,1783425600000,exit,short,green_histogram_shrinking,1,2.4691358024691357,81.28,0.04013827160493827,-0.771496296296299,0,1,1
2026-07-07T22:00:00+08:00,1783432800000,entry,short,green_histogram_expansion_add,1,2.475860361475613,80.78,0.04,,0,2,2
2026-07-07T23:00:00+08:00,1783436400000,exit,short,golden_cross_flip_close_opposite,2,4.936793054966446,81.75,0.0807165664487014,-3.7435488099556524,0,0,0
2026-07-07T23:00:00+08:00,1783436400000,entry,long,golden_cross_flip_open_one_unit,1,2.4464831804281344,81.75,0.04,,1,0,1
2026-07-08T00:00:00+08:00,1783440000000,entry,long,zero_axis_up_add,1,2.436944072133545,82.07,0.04,,2,0,2
2026-07-08T03:00:00+08:00,1783450800000,exit,long,red_histogram_shrinking,1,2.4464831804281344,81.25,0.039755351681957186,-1.3029969418960243,1,0,1
2026-07-08T04:00:00+08:00,1783454400000,exit,long,dead_cross_flip_close_opposite,1,2.436944072133545,81.33,0.03963933227732424,-1.882977945656135,0,0,0
2026-07-08T04:00:00+08:00,1783454400000,entry,short,dead_cross_flip_open_one_unit,1,2.4591171769334808,81.33,0.04,,0,1,1
2026-07-08T05:00:00+08:00,1783458000000,entry,short,green_histogram_expansion_add,1,2.4654832347140037,81.12,0.04,,0,2,2
2026-07-08T09:00:00+08:00,1783472400000,exit,short,fixed_take_profit,1,2.4591171769334808,79.60036698060944,0.03914932594644507,4.174220941828206,0,1,1
2026-07-08T10:00:00+08:00,1783476000000,exit,short,fixed_take_profit,1,2.4654832347140037,79.05,0.0389792899408284,5.024571005917178,0,0,0
2026-07-09T01:00:00+08:00,1783530000000,entry,long,golden_cross_open,1,2.588996763754045,77.25,0.04,,1,0,1
2026-07-09T02:00:00+08:00,1783533600000,entry,long,red_histogram_expansion_add,1,2.594370216629913,77.09,0.04,,2,0,2
2026-07-09T05:00:00+08:00,1783544400000,exit,long,red_histogram_shrinking,1,2.588996763754045,77.13,0.0399378640776699,-0.3906174757281671,1,0,1
2026-07-09T06:00:00+08:00,1783548000000,entry,long,red_histogram_expansion_add,1,2.5906735751295336,77.2,0.04,,2,0,2
2026-07-09T09:00:00+08:00,1783558800000,exit,long,red_histogram_shrinking,1,2.594370216629913,77.67,0.040300946945129076,1.4244337787002161,1,0,1
2026-07-09T09:00:00+08:00,1783558800000,exit,long,fixed_take_profit,1,2.5906735751295336,78.744,0.0408,3.919199999999992,0,0,0
2026-07-09T17:00:00+08:00,1783587600000,entry,long,zero_axis_up_open,1,2.5621316935690492,78.06,0.04,,1,0,1
2026-07-09T22:00:00+08:00,1783605600000,entry,long,red_histogram_expansion_add,1,2.558526288857618,78.17,0.04,,2,0,2
2026-07-09T23:00:00+08:00,1783609200000,exit,long,red_histogram_shrinking,1,2.5621316935690492,77.84,0.03988726620548296,-0.6435562387906709,1,0,1
2026-07-10T00:00:00+08:00,1783612800000,exit,long,dead_cross_flip_close_opposite,1,2.558526288857618,77.58,0.0396980938979148,-1.589228604323918,0,0,0
2026-07-10T00:00:00+08:00,1783612800000,entry,short,dead_cross_flip_open_one_unit,1,2.577984016499098,77.58,0.04,,0,1,1
2026-07-10T01:00:00+08:00,1783616400000,entry,short,green_histogram_expansion_add,1,2.5756600128783,77.65,0.04,,0,2,2
2026-07-10T02:00:00+08:00,1783620000000,exit,short,golden_cross_flip_close_opposite,2,5.153644029377398,78.03,0.08042776872246367,-2.299271381040807,0,0,0
2026-07-10T02:00:00+08:00,1783620000000,entry,long,golden_cross_flip_open_one_unit,1,2.563116749967961,78.03,0.04,,1,0,1
2026-07-10T03:00:00+08:00,1783623600000,entry,long,zero_axis_up_add,1,2.5588536335721597,78.16,0.04,,2,0,2
2026-07-10T05:00:00+08:00,1783630800000,exit,long,red_histogram_shrinking,1,2.563116749967961,78.11,0.04004100986799949,0.12500833012943302,1,0,1
2026-07-10T10:00:00+08:00,1783648800000,entry,long,red_histogram_expansion_add,1,2.5306845501708213,79.03,0.04,,2,0,2
2026-07-10T13:00:00+08:00,1783659600000,exit,long,red_histogram_shrinking,1,2.5588536335721597,78.93,0.04039406345957012,1.889923234391019,1,0,1
2026-07-10T17:00:00+08:00,1783674000000,entry,long,red_histogram_expansion_add,1,2.526847757422615,79.15,0.04,,2,0,2
2026-07-10T18:00:00+08:00,1783677600000,exit,long,red_histogram_shrinking,1,2.5306845501708213,79.18,0.04007592053650513,0.2995267619891324,1,0,1
2026-07-10T19:00:00+08:00,1783681200000,entry,long,red_histogram_expansion_add,1,2.5204788909892883,79.35,0.04,,2,0,2
2026-07-10T20:00:00+08:00,1783684800000,exit,long,red_histogram_shrinking,1,2.526847757422615,79.33,0.04009096651926721,0.3747416298167848,1,0,1
2026-07-10T21:00:00+08:00,1783688400000,exit,long,dead_cross_flip_close_opposite,1,2.5204788909892883,78.86,0.03975299306868305,-1.3147876496534214,0,0,0
2026-07-10T21:00:00+08:00,1783688400000,entry,short,dead_cross_flip_open_one_unit,1,2.53613999492772,78.86,0.04,,0,1,1
2026-07-10T22:00:00+08:00,1783692000000,entry,short,green_histogram_expansion_add,1,2.5338907893069806,78.93,0.04,,0,2,2
2026-07-10T22:00:00+08:00,1783692000000,exit,short,fixed_take_profit,1,2.53613999492772,77.3170847835731,0.03921739020216743,3.8338315989606673,0,1,1
2026-07-11T01:00:00+08:00,1783702800000,entry,short,zero_axis_down_add,1,2.5604916143899628,78.11,0.04,,0,2,2
2026-07-11T04:00:00+08:00,1783713600000,exit,short,green_histogram_shrinking,1,2.5338907893069806,77.86,0.0394577473710883,2.6318053971874,0,1,1
2026-07-11T09:00:00+08:00,1783731600000,entry,short,green_histogram_expansion_add,1,2.5710245532844835,77.79,0.04,,0,2,2
2026-07-11T11:00:00+08:00,1783738800000,exit,short,green_histogram_shrinking,1,2.5604916143899628,77.74,0.03981052362053514,0.8675713737037627,0,1,1
2026-07-11T14:00:00+08:00,1783749600000,exit,short,golden_cross_flip_close_opposite,1,2.5710245532844835,77.86,0.04003599434374598,-0.2600077130736423,0,0,0
2026-07-11T14:00:00+08:00,1783749600000,entry,long,golden_cross_flip_open_one_unit,1,2.5687130747495504,77.86,0.04,,1,0,1
2026-07-11T15:00:00+08:00,1783753200000,entry,long,red_histogram_expansion_add,1,2.5644313373509426,77.99,0.04,,2,0,2
2026-07-11T18:00:00+08:00,1783764000000,exit,long,red_histogram_shrinking,1,2.5687130747495504,77.79,0.03996403801695351,-0.2597739532494045,1,0,1
2026-07-11T19:00:00+08:00,1783767600000,entry,long,red_histogram_expansion_add,1,2.5634452704434763,78.02,0.04,,2,0,2
2026-07-11T21:00:00+08:00,1783774800000,exit,long,red_histogram_shrinking,1,2.5644313373509426,78.04,0.04002564431337352,0.04819592255420277,1,0,1
2026-07-11T22:00:00+08:00,1783778400000,entry,long,red_histogram_expansion_add,1,2.559836170485089,78.13,0.04,,2,0,2
2026-07-12T00:00:00+08:00,1783785600000,exit,long,red_histogram_shrinking,1,2.5634452704434763,78.33,0.0401589336067675,0.7145091002307159,1,0,1
2026-07-12T05:00:00+08:00,1783803600000,entry,long,red_histogram_expansion_add,1,2.560163850486431,78.12,0.04,,2,0,2
2026-07-12T07:00:00+08:00,1783810800000,exit,long,dead_cross_flip_close_opposite,2,5.12000002097152,77.84,0.07970816032648463,-1.6189065279033437,0,0,0
2026-07-12T07:00:00+08:00,1783810800000,entry,short,dead_cross_flip_open_one_unit,1,2.5693730729701953,77.84,0.04,,0,1,1
2026-07-12T08:00:00+08:00,1783814400000,entry,short,green_histogram_expansion_add,1,2.607222004953722,76.71,0.04,,0,2,2
2026-07-12T08:00:00+08:00,1783814400000,exit,short,fixed_take_profit,1,2.5693730729701953,75.72545159495309,0.038913387253316084,5.354150346166308,0,1,1
2026-07-12T10:00:00+08:00,1783821600000,exit,short,green_histogram_shrinking,1,2.607222004953722,76.78,0.040036501108069354,-0.26254204145484916,0,0,0
2026-07-12T18:00:00+08:00,1783850400000,entry,long,golden_cross_open,1,2.6068821689259645,76.72,0.04,,1,0,1
2026-07-12T19:00:00+08:00,1783854000000,entry,long,red_histogram_expansion_add,1,2.608242044861763,76.68,0.04,,2,0,2
2026-07-13T01:00:00+08:00,1783875600000,exit,long,red_histogram_shrinking,1,2.6068821689259645,77.49,0.040401459854014596,1.9268978102189678,1,0,1
2026-07-13T02:00:00+08:00,1783879200000,entry,long,zero_axis_up_add,1,2.58732212160414,77.3,0.04,,2,0,2
2026-07-13T07:00:00+08:00,1783897200000,exit,long,dead_cross_flip_close_opposite,2,5.195564166465903,76.72,0.07972073657025282,-1.5560378853062,0,0,0
2026-07-13T07:00:00+08:00,1783897200000,entry,short,dead_cross_flip_open_one_unit,1,2.6068821689259645,76.72,0.04,,0,1,1
2026-07-13T08:00:00+08:00,1783900800000,entry,short,green_histogram_expansion_add,1,2.601795238714713,76.87,0.04,,0,2,2
2026-07-13T09:00:00+08:00,1783904400000,exit,short,green_histogram_shrinking,1,2.6068821689259645,77.46,0.04038581856100104,-2.0094786235662014,0,1,1
2026-07-13T10:00:00+08:00,1783908000000,entry,short,green_histogram_expansion_add,1,2.622263012980202,76.27,0.04,,0,2,2
2026-07-13T14:00:00+08:00,1783922400000,exit,short,green_histogram_shrinking,1,2.601795238714713,76.36,0.0397346168856511,1.2471809548588657,0,1,1
2026-07-13T17:00:00+08:00,1783933200000,exit,short,golden_cross_flip_close_opposite,1,2.622263012980202,76.68,0.04021502556706438,-1.1553428608889755,0,0,0
2026-07-13T17:00:00+08:00,1783933200000,entry,long,golden_cross_flip_open_one_unit,1,2.608242044861763,76.68,0.04,,1,0,1
2026-07-13T18:00:00+08:00,1783936800000,entry,long,red_histogram_expansion_add,1,2.611306959133046,76.59,0.04,,2,0,2
2026-07-13T19:00:00+08:00,1783940400000,exit,long,red_histogram_shrinking,1,2.608242044861763,76.25,0.039775691184141884,-1.2013197704747176,1,0,1
2026-07-13T21:00:00+08:00,1783947600000,exit,long,dead_cross_flip_close_opposite,1,2.611306959133046,75.82,0.03959785872829351,-2.0903042172607655,0,0,0
2026-07-13T21:00:00+08:00,1783947600000,entry,short,dead_cross_flip_open_one_unit,1,2.637826431020839,75.82,0.04,,0,1,1
2026-07-13T22:00:00+08:00,1783951200000,entry,short,green_histogram_expansion_add,1,2.653927813163482,75.36,0.04,,0,2,2
2026-07-13T23:00:00+08:00,1783954800000,exit,short,green_histogram_shrinking,1,2.637826431020839,76.12,0.04015826958586126,-0.871506198892143,0,1,1
2026-07-14T01:00:00+08:00,1783962000000,entry,short,green_histogram_expansion_add,1,2.6578073089700998,75.25,0.04,,0,2,2
2026-07-14T03:00:00+08:00,1783969200000,exit,short,green_histogram_shrinking,1,2.653927813163482,74.81,0.03970806794055202,1.3799522292993556,0,1,1
2026-07-14T06:00:00+08:00,1783980000000,entry,short,green_histogram_expansion_add,1,2.6896180742334588,74.36,0.04,,0,2,2
2026-07-14T07:00:00+08:00,1783983600000,exit,short,green_histogram_shrinking,1,2.6578073089700998,74.47,0.03958538205980067,1.99350431893688,0,1,1
2026-07-14T09:00:00+08:00,1783990800000,exit,short,golden_cross_flip_close_opposite,1,2.6896180742334588,75.4,0.04055944055944056,-2.8777622377622545,0,0,0
2026-07-14T09:00:00+08:00,1783990800000,entry,long,golden_cross_flip_open_one_unit,1,2.652519893899204,75.4,0.04,,1,0,1
2026-07-14T10:00:00+08:00,1783994400000,entry,long,red_histogram_expansion_add,1,2.6574541589157583,75.26,0.04,,2,0,2
2026-07-14T11:00:00+08:00,1783998000000,exit,long,red_histogram_shrinking,1,2.652519893899204,75.03,0.039803713527851455,-1.0612360742705689,1,0,1
2026-07-14T12:00:00+08:00,1784001600000,entry,long,red_histogram_expansion_add,1,2.6627612834509384,75.11,0.04,,2,0,2
2026-07-14T13:00:00+08:00,1784005200000,exit,long,red_histogram_shrinking,1,2.6574541589157583,75.11,0.03992027637523252,-0.4785384002126114,1,0,1
2026-07-14T14:00:00+08:00,1784008800000,entry,long,red_histogram_expansion_add,1,2.65357569324665,75.37,0.04,,2,0,2
2026-07-14T15:00:00+08:00,1784012400000,exit,long,red_histogram_shrinking,1,2.6627612834509384,75.1,0.039994674477433094,-0.10662228731195611,1,0,1
2026-07-14T17:00:00+08:00,1784019600000,entry,long,red_histogram_expansion_add,1,2.662052442433116,75.13,0.04,,2,0,2
2026-07-14T18:00:00+08:00,1784023200000,exit,long,red_histogram_shrinking,1,2.65357569324665,75.03,0.03981955685285923,-0.9820352925567293,1,0,1
2026-07-14T19:00:00+08:00,1784026800000,entry,long,red_histogram_expansion_add,1,2.6514649343762424,75.43,0.04,,2,0,2
2026-07-14T20:00:00+08:00,1784030400000,exit,long,fixed_take_profit,1,2.662052442433116,76.78529513815091,0.04088129649309247,4.325601168969223,1,0,1
2026-07-14T21:00:00+08:00,1784034000000,entry,long,zero_axis_up_add,1,2.603149811271639,76.83,0.04,,2,0,2
2026-07-14T21:00:00+08:00,1784034000000,exit,long,fixed_take_profit,1,2.6514649343762424,77.64603491396295,0.041175147773545244,5.794563719952672,1,0,1
2026-07-15T00:00:00+08:00,1784044800000,exit,long,red_histogram_shrinking,1,2.603149811271639,77.34,0.040265521280749714,1.2473408824677994,0,0,0
2026-07-15T10:00:00+08:00,1784080800000,entry,short,dead_cross_open,1,2.584313218762114,77.39,0.04,,0,1,1
2026-07-15T11:00:00+08:00,1784084400000,entry,short,green_histogram_expansion_add,1,2.5886616619207867,77.26,0.04,,0,2,2
2026-07-15T12:00:00+08:00,1784088000000,exit,short,green_histogram_shrinking,1,2.584313218762114,77.75,0.04018607055175088,-1.0105388293061106,0,1,1
2026-07-15T14:00:00+08:00,1784095200000,exit,short,golden_cross_flip_close_opposite,1,2.5886616619207867,78.22,0.04049702303908879,-2.565612218483028,0,0,0
2026-07-15T14:00:00+08:00,1784095200000,entry,long,golden_cross_flip_open_one_unit,1,2.5568908207619536,78.22,0.04,,1,0,1
2026-07-15T15:00:00+08:00,1784098800000,exit,long,dead_cross_flip_close_opposite,1,2.5568908207619536,77.89,0.039831245205829716,-0.9236052160572701,0,0,0
2026-07-15T15:00:00+08:00,1784098800000,entry,short,dead_cross_flip_open_one_unit,1,2.5677237129284887,77.89,0.04,,0,1,1
2026-07-15T16:00:00+08:00,1784102400000,entry,short,green_histogram_expansion_add,1,2.5849812588858727,77.37,0.04,,0,2,2
2026-07-15T20:00:00+08:00,1784116800000,exit,short,green_histogram_shrinking,1,2.5677237129284887,77.48,0.039789446655539865,0.9729772756451317,0,1,1
2026-07-15T23:00:00+08:00,1784127600000,exit,short,golden_cross_flip_close_opposite,1,2.5849812588858727,78.16,0.04040842703890396,-2.122543621558723,0,0,0
2026-07-15T23:00:00+08:00,1784127600000,entry,long,golden_cross_flip_open_one_unit,1,2.5588536335721597,78.16,0.04,,1,0,1
2026-07-16T00:00:00+08:00,1784131200000,exit,long,bearish_divergence_confirmed_dead_cross_close_opposite,1,2.5588536335721597,78.01,0.03992323439099284,-0.46375127942679495,0,0,0
2026-07-16T00:00:00+08:00,1784131200000,entry,short,bearish_divergence_confirmed_dead_cross_open_one_unit,1,2.563773875144212,78.01,0.04,,0,1,1
2026-07-16T01:00:00+08:00,1784134800000,entry,short,green_histogram_expansion_add,1,2.577984016499098,77.58,0.04,,0,2,2
2026-07-16T05:00:00+08:00,1784149200000,exit,short,green_histogram_shrinking,1,2.563773875144212,77.33,0.03965132675298039,1.6637149083451013,0,1,1
2026-07-16T08:00:00+08:00,1784160000000,entry,short,green_histogram_expansion_add,1,2.5896672277612325,77.23,0.04,,0,2,2
2026-07-16T10:00:00+08:00,1784167200000,exit,short,green_histogram_shrinking,1,2.577984016499098,77.05,0.039726733694251094,1.2866047950502737,0,1,1
2026-07-16T13:00:00+08:00,1784178000000,entry,short,green_histogram_expansion_add,1,2.6048450117218027,76.78,0.04,,0,2,2
2026-07-16T14:00:00+08:00,1784181600000,exit,short,green_histogram_shrinking,1,2.5896672277612325,77.43,0.04010358668911045,-0.5980370322413643,0,1,1
2026-07-16T16:00:00+08:00,1784188800000,entry,short,green_histogram_expansion_add,1,2.618486514794449,76.38,0.04,,0,2,2
2026-07-16T19:00:00+08:00,1784199600000,exit,short,green_histogram_shrinking,1,2.6048450117218027,76.15,0.039671789528523065,1.5613805678562007,0,1,1
2026-07-16T21:00:00+08:00,1784206800000,entry,short,green_histogram_expansion_add,1,2.636435539151068,75.86,0.04,,0,2,2
2026-07-16T22:00:00+08:00,1784210400000,exit,short,green_histogram_shrinking,1,2.618486514794449,76.31,0.039963341188792884,0.10333071484680068,0,1,1
2026-07-17T00:00:00+08:00,1784217600000,exit,short,golden_cross_flip_close_opposite,1,2.636435539151068,76.59,0.04038491958871606,-2.004982863169006,0,0,0
2026-07-17T00:00:00+08:00,1784217600000,entry,long,golden_cross_flip_open_one_unit,1,2.611306959133046,76.59,0.04,,1,0,1
2026-07-17T01:00:00+08:00,1784221200000,exit,long,red_histogram_shrinking,1,2.611306959133046,76.23,0.03981198589894242,-1.0198824911868376,0,0,0
2026-07-17T02:00:00+08:00,1784224800000,entry,short,dead_cross_open,1,2.646202699126753,75.58,0.04,,0,1,1
2026-07-17T03:00:00+08:00,1784228400000,entry,short,green_histogram_expansion_add,1,2.642706131078224,75.68,0.04,,0,2,2
2026-07-17T04:00:00+08:00,1784232000000,exit,short,green_histogram_shrinking,1,2.646202699126753,75.75,0.04008997089177031,-0.5299444297433229,0,1,1
2026-07-17T06:00:00+08:00,1784239200000,exit,short,bullish_divergence_confirmed_golden_cross_close_opposite,1,2.642706131078224,75.9,0.04011627906976744,-0.6615116279069737,0,0,0
2026-07-17T06:00:00+08:00,1784239200000,entry,long,bullish_divergence_confirmed_golden_cross_open_one_unit,1,2.6350461133069825,75.9,0.04,,1,0,1
2026-07-17T07:00:00+08:00,1784242800000,exit,long,dead_cross_flip_close_opposite,1,2.6350461133069825,75.29,0.039678524374176544,-1.6870566534914344,0,0,0
2026-07-17T07:00:00+08:00,1784242800000,entry,short,dead_cross_flip_open_one_unit,1,2.6563952716164163,75.29,0.04,,0,1,1
2026-07-17T08:00:00+08:00,1784246400000,entry,short,green_histogram_expansion_add,1,2.6571011026969575,75.27,0.04,,0,2,2
2026-07-17T09:00:00+08:00,1784250000000,exit,short,green_histogram_shrinking,1,2.6563952716164163,75.52,0.04012219418249435,-0.691093106654243,0,1,1
2026-07-17T10:00:00+08:00,1784253600000,entry,short,green_histogram_expansion_add,1,2.664890073284477,75.05,0.04,,0,2,2
2026-07-17T12:00:00+08:00,1784260800000,exit,short,green_histogram_shrinking,1,2.6571011026969575,75.19,0.03995748638235685,0.1326106018333952,0,1,1
2026-07-17T14:00:00+08:00,1784268000000,entry,short,green_histogram_expansion_add,1,2.6896180742334588,74.36,0.04,,0,2,2
2026-07-17T16:00:00+08:00,1784275200000,exit,short,green_histogram_shrinking,1,2.664890073284477,74.58,0.03974950033311126,1.1727488341105898,0,1,1
2026-07-17T19:00:00+08:00,1784286000000,exit,short,golden_cross_flip_close_opposite,1,2.6896180742334588,74.75,0.04020979020979021,-1.1291608391608408,0,0,0
2026-07-17T19:00:00+08:00,1784286000000,entry,long,golden_cross_flip_open_one_unit,1,2.6755852842809364,74.75,0.04,,1,0,1
2026-07-17T20:00:00+08:00,1784289600000,entry,long,red_histogram_expansion_add,1,2.6730820636193533,74.82,0.04,,2,0,2
2026-07-17T21:00:00+08:00,1784293200000,exit,long,red_histogram_shrinking,1,2.6755852842809364,74.34,0.03978060200668897,-1.1767705685618637,1,0,1
2026-07-18T00:00:00+08:00,1784304000000,entry,long,red_histogram_expansion_add,1,2.676659528907923,74.72,0.04,,2,0,2
2026-07-18T04:00:00+08:00,1784318400000,exit,long,red_histogram_shrinking,1,2.6730820636193533,75.15,0.040176423416198884,0.8019406575782211,1,0,1
2026-07-18T10:00:00+08:00,1784340000000,entry,long,red_histogram_expansion_add,1,2.6602819898909282,75.18,0.04,,2,0,2
2026-07-18T11:00:00+08:00,1784343600000,exit,long,red_histogram_shrinking,1,2.676659528907923,75.16,0.0402355460385439,1.097494646680936,1,0,1
2026-07-18T12:00:00+08:00,1784347200000,entry,long,zero_axis_up_add,1,2.654632333421821,75.34,0.04,,2,0,2
2026-07-18T13:00:00+08:00,1784350800000,exit,long,red_histogram_shrinking,1,2.6602819898909282,75.06,0.039936153232242616,-0.39916999201916603,1,0,1
2026-07-18T15:00:00+08:00,1784358000000,exit,long,dead_cross_flip_close_opposite,1,2.654632333421821,74.92,0.03977701088399257,-1.194722590921162,0,0,0
2026-07-18T15:00:00+08:00,1784358000000,entry,short,dead_cross_flip_open_one_unit,1,2.6695141484249865,74.92,0.04,,0,1,1
2026-07-18T16:00:00+08:00,1784361600000,entry,short,green_histogram_expansion_add,1,2.6695141484249865,74.92,0.04,,0,2,2
2026-07-18T19:00:00+08:00,1784372400000,exit,short,green_histogram_shrinking,1,2.6695141484249865,74.86,0.039967965830218895,0.08020288307528636,0,1,1
2026-07-18T22:00:00+08:00,1784383200000,entry,short,green_histogram_expansion_add,1,2.677376171352075,74.7,0.04,,0,2,2
2026-07-18T23:00:00+08:00,1784386800000,exit,short,green_histogram_shrinking,1,2.6695141484249865,74.95,0.04001601708489055,-0.1601014415376432,0,1,1
2026-07-19T00:00:00+08:00,1784390400000,exit,short,bullish_divergence_confirmed_golden_cross_close_opposite,1,2.677376171352075,74.91,0.04011244979919679,-0.6423614457831158,0,0,0
2026-07-19T00:00:00+08:00,1784390400000,entry,long,bullish_divergence_confirmed_golden_cross_open_one_unit,1,2.669870511280203,74.91,0.04,,1,0,1
2026-07-19T01:00:00+08:00,1784394000000,entry,long,red_histogram_expansion_add,1,2.662406815761448,75.12,0.04,,2,0,2
2026-07-19T06:00:00+08:00,1784412000000,exit,long,red_histogram_shrinking,1,2.669870511280203,75.43,0.04027766653317315,1.3080549993325596,1,0,1
2026-07-19T11:00:00+08:00,1784430000000,entry,long,red_histogram_expansion_add,1,2.626395272488509,76.15,0.04,,2,0,2
2026-07-19T12:00:00+08:00,1784433600000,exit,long,red_histogram_shrinking,1,2.662406815761448,75.92,0.04042598509052183,2.0494994675186287,1,0,1
2026-07-19T17:00:00+08:00,1784451600000,entry,long,red_histogram_expansion_add,1,2.623294858342078,76.24,0.04,,2,0,2
2026-07-19T18:00:00+08:00,1784455200000,exit,long,red_histogram_shrinking,1,2.626395272488509,75.95,0.03989494418910046,-0.6051739986868098,1,0,1
2026-07-19T19:00:00+08:00,1784458800000,entry,long,red_histogram_expansion_add,1,2.623638987275351,76.23,0.04,,2,0,2
2026-07-19T20:00:00+08:00,1784462400000,exit,long,dead_cross_flip_close_opposite,2,5.246933845617429,76.02,0.0797743821887674,-1.2878634383518661,0,0,0
2026-07-19T20:00:00+08:00,1784462400000,entry,short,dead_cross_flip_open_one_unit,1,2.6308866087871614,76.02,0.04,,0,1,1
2026-07-19T21:00:00+08:00,1784466000000,entry,short,green_histogram_expansion_add,1,2.6315789473684212,76.0,0.04,,0,2,2
2026-07-19T23:00:00+08:00,1784473200000,exit,short,green_histogram_shrinking,1,2.6308866087871614,76.38,0.040189423835832676,-1.0273086029992093,0,1,1
2026-07-20T00:00:00+08:00,1784476800000,entry,short,green_histogram_expansion_add,1,2.626395272488509,76.15,0.04,,0,2,2
2026-07-20T04:00:00+08:00,1784491200000,exit,short,green_histogram_shrinking,1,2.6315789473684212,75.84,0.03991578947368422,0.3411368421052542,0,1,1
2026-07-20T06:00:00+08:00,1784498400000,entry,short,green_histogram_expansion_add,1,2.6409613099168094,75.73,0.04,,0,2,2
2026-07-20T07:00:00+08:00,1784502000000,exit,short,green_histogram_shrinking,1,2.626395272488509,76.05,0.039947472094550227,0.18269205515432307,0,1,1
2026-07-20T08:00:00+08:00,1784505600000,exit,short,golden_cross_flip_close_opposite,1,2.6409613099168094,76.33,0.04031691535719001,-1.6648937013072607,0,0,0
2026-07-20T08:00:00+08:00,1784505600000,entry,long,golden_cross_flip_open_one_unit,1,2.6202017555351764,76.33,0.04,,1,0,1
2026-07-20T09:00:00+08:00,1784509200000,entry,long,red_histogram_expansion_add,1,2.6133542401672547,76.53,0.04,,2,0,2
2026-07-20T10:00:00+08:00,1784512800000,exit,long,red_histogram_shrinking,1,2.6202017555351764,76.33,0.04,-0.08,1,0,1
2026-07-20T11:00:00+08:00,1784516400000,entry,long,red_histogram_expansion_add,1,2.6001040041601664,76.92,0.04,,2,0,2
2026-07-20T12:00:00+08:00,1784520000000,exit,long,red_histogram_shrinking,1,2.6133542401672547,76.71,0.04009408075264602,0.3903096824774405,1,0,1
2026-07-20T14:00:00+08:00,1784527200000,exit,long,bearish_divergence_confirmed_dead_cross_close_opposite,1,2.6001040041601664,75.88,0.03945917836713469,-2.783567342693724,0,0,0
2026-07-20T14:00:00+08:00,1784527200000,entry,short,bearish_divergence_confirmed_dead_cross_open_one_unit,1,2.635740643120717,75.88,0.04,,0,1,1
2026-07-20T15:00:00+08:00,1784530800000,entry,short,green_histogram_expansion_add,1,2.645852626008731,75.59,0.04,,0,2,2
2026-07-20T16:00:00+08:00,1784534400000,exit,short,green_histogram_shrinking,1,2.635740643120717,76.17,0.040152872957301,-0.8445176594623254,0,1,1
2026-07-20T20:00:00+08:00,1784548800000,exit,short,golden_cross_flip_close_opposite,1,2.645852626008731,77.09,0.04079375578780262,-4.0495726948009,0,0,0
2026-07-20T20:00:00+08:00,1784548800000,entry,long,golden_cross_flip_open_one_unit,1,2.594370216629913,77.09,0.04,,1,0,1
2026-07-20T21:00:00+08:00,1784552400000,exit,long,red_histogram_shrinking,1,2.594370216629913,76.7,0.03979763912310287,-1.0916020236087707,0,0,0
2026-07-20T23:00:00+08:00,1784559600000,entry,short,bearish_divergence_confirmed_dead_cross,1,2.6277755879647877,76.11,0.04,,0,1,1
2026-07-21T00:00:00+08:00,1784563200000,exit,short,golden_cross_flip_close_opposite,1,2.6277755879647877,77.73,0.04085139929050059,-4.337847851793469,0,0,0
2026-07-21T00:00:00+08:00,1784563200000,entry,long,golden_cross_flip_open_one_unit,1,2.5730091341824264,77.73,0.04,,1,0,1
2026-07-21T01:00:00+08:00,1784566800000,entry,long,red_histogram_expansion_add,1,2.576655501159495,77.62,0.04,,2,0,2
2026-07-21T03:00:00+08:00,1784574000000,exit,long,red_histogram_shrinking,1,2.5730091341824264,77.63,0.03994853981731635,-0.33724945323558086,1,0,1
2026-07-21T09:00:00+08:00,1784595600000,entry,long,red_histogram_expansion_add,1,2.5618035096708085,78.07,0.04,,2,0,2
2026-07-21T10:00:00+08:00,1784599200000,exit,long,red_histogram_shrinking,1,2.576655501159495,77.81,0.04009791290904406,0.40946663231125413,1,0,1
2026-07-21T12:00:00+08:00,1784606400000,entry,long,red_histogram_expansion_add,1,2.5588536335721597,78.16,0.04,,2,0,2
2026-07-21T13:00:00+08:00,1784610000000,exit,long,red_histogram_shrinking,1,2.5618035096708085,78.09,0.040010247214038695,-0.028774177020596314,1,0,1
2026-07-21T14:00:00+08:00,1784613600000,entry,long,red_histogram_expansion_add,1,2.550369803621525,78.42,0.04,,2,0,2
2026-07-21T16:00:00+08:00,1784620800000,exit,long,red_histogram_shrinking,1,2.5588536335721597,78.52,0.040184237461617194,0.8410030706243589,1,0,1
2026-07-21T17:00:00+08:00,1784624400000,exit,long,dead_cross_flip_close_opposite,1,2.550369803621525,78.32,0.03994899260392757,-0.33498597296610183,0,0,0
2026-07-21T17:00:00+08:00,1784624400000,entry,short,dead_cross_flip_open_one_unit,1,2.5536261491317673,78.32,0.04,,0,1,1
2026-07-21T18:00:00+08:00,1784628000000,entry,short,green_histogram_expansion_add,1,2.551671344730799,78.38,0.04,,0,2,2
2026-07-21T21:00:00+08:00,1784638800000,exit,short,green_histogram_shrinking,1,2.5536261491317673,78.47,0.04007660878447396,-0.46312053115425356,0,1,1
2026-07-21T23:00:00+08:00,1784646000000,entry,short,green_histogram_expansion_add,1,2.5654181631605955,77.96,0.04,,0,2,2
2026-07-22T01:00:00+08:00,1784653200000,exit,short,green_histogram_shrinking,1,2.551671344730799,78.16,0.03988772646083185,0.481479969379941,0,1,1
2026-07-22T02:00:00+08:00,1784656800000,entry,short,green_histogram_expansion_add,1,2.5743338911056766,77.69,0.04,,0,2,2
2026-07-22T04:00:00+08:00,1784664000000,exit,short,green_histogram_shrinking,1,2.5654181631605955,77.83,0.03993329912775783,0.2535710620831079,0,1,1
2026-07-22T09:00:00+08:00,1784682000000,exit,short,golden_cross_flip_close_opposite,1,2.5743338911056766,78.39,0.040360406744754794,-1.8823941305187357,0,0,0
2026-07-22T09:00:00+08:00,1784682000000,entry,long,golden_cross_flip_open_one_unit,1,2.5513458349279245,78.39,0.04,,1,0,1
2026-07-22T10:00:00+08:00,1784685600000,entry,long,red_histogram_expansion_add,1,2.5539522410930915,78.31,0.04,,2,0,2
2026-07-22T11:00:00+08:00,1784689200000,exit,long,dead_cross_flip_close_opposite,2,5.1052980760210165,78.07,0.07971412415899215,-1.589093329198312,0,0,0
2026-07-22T11:00:00+08:00,1784689200000,entry,short,dead_cross_flip_open_one_unit,1,2.5618035096708085,78.07,0.04,,0,1,1
2026-07-22T12:00:00+08:00,1784692800000,entry,short,green_histogram_expansion_add,1,2.570033410434336,77.82,0.04,,0,2,2
2026-07-22T13:00:00+08:00,1784696400000,exit,short,green_histogram_shrinking,1,2.5618035096708085,78.02,0.0399743819649033,0.048115793518629824,0,1,1
2026-07-22T14:00:00+08:00,1784700000000,entry,short,zero_axis_down_add,1,2.5849812588858727,77.37,0.04,,0,2,2
2026-07-22T17:00:00+08:00,1784710800000,exit,short,green_histogram_shrinking,1,2.570033410434336,77.38,0.03977383705988178,1.0510408635312203,0,1,1
2026-07-22T21:00:00+08:00,1784725200000,entry,short,green_histogram_expansion_add,1,2.5906735751295336,77.2,0.04,,0,2,2
2026-07-22T22:00:00+08:00,1784728800000,exit,short,golden_cross_flip_close_opposite,2,5.175654834015406,77.83,0.08056424314628383,-2.981779974565363,0,0,0
2026-07-22T22:00:00+08:00,1784728800000,entry,long,golden_cross_flip_open_one_unit,1,2.5697031992804833,77.83,0.04,,1,0,1
2026-07-22T23:00:00+08:00,1784732400000,entry,long,red_histogram_expansion_add,1,2.5690430314707773,77.85,0.04,,2,0,2
2026-07-23T02:00:00+08:00,1784743200000,exit,long,red_histogram_shrinking,1,2.5697031992804833,78.19,0.0401850186303482,0.8449081331106243,1,0,1
2026-07-23T05:00:00+08:00,1784754000000,exit,long,bearish_divergence_confirmed_dead_cross_close_opposite,1,2.5690430314707773,77.75,0.03994861913937059,-0.3368529222864337,0,0,0
2026-07-23T05:00:00+08:00,1784754000000,entry,short,bearish_divergence_confirmed_dead_cross_open_one_unit,1,2.572347266881029,77.75,0.04,,0,1,1
2026-07-23T06:00:00+08:00,1784757600000,exit,short,golden_cross_flip_close_opposite,1,2.572347266881029,77.99,0.040123472668810285,-0.6974868167202442,0,0,0
2026-07-23T06:00:00+08:00,1784757600000,entry,long,golden_cross_flip_open_one_unit,1,2.5644313373509426,77.99,0.04,,1,0,1
2026-07-23T07:00:00+08:00,1784761200000,entry,long,red_histogram_expansion_add,1,2.5654181631605955,77.96,0.04,,2,0,2
2026-07-23T08:00:00+08:00,1784764800000,exit,long,red_histogram_shrinking,1,2.5644313373509426,77.93,0.0399692268239518,-0.23383510706497776,1,0,1
2026-07-23T09:00:00+08:00,1784768400000,entry,long,red_histogram_expansion_add,1,2.557217747091165,78.21,0.04,,2,0,2
2026-07-23T10:00:00+08:00,1784772000000,exit,long,red_histogram_shrinking,1,2.5654181631605955,77.85,0.03994356080041047,-0.36213955874807446,1,0,1
2026-07-23T11:00:00+08:00,1784775600000,exit,long,bearish_divergence_confirmed_dead_cross_close_opposite,1,2.557217747091165,77.71,0.039744278225290884,-1.3583531517708733,0,0,0
2026-07-23T11:00:00+08:00,1784775600000,entry,short,bearish_divergence_confirmed_dead_cross_open_one_unit,1,2.573671342169605,77.71,0.04,,0,1,1
2026-07-23T12:00:00+08:00,1784779200000,entry,short,zero_axis_down_add,1,2.5786487880350695,77.56,0.04,,0,2,2
2026-07-23T15:00:00+08:00,1784790000000,exit,short,green_histogram_shrinking,1,2.573671342169605,77.53,0.0399073478316819,0.383353493758828,0,1,1
2026-07-23T16:00:00+08:00,1784793600000,entry,short,green_histogram_expansion_add,1,2.5936973155232783,77.11,0.04,,0,2,2
2026-07-23T17:00:00+08:00,1784797200000,exit,short,green_histogram_shrinking,1,2.5786487880350695,77.42,0.03992779783393502,0.2810830324909762,0,1,1
2026-07-23T20:00:00+08:00,1784808000000,exit,short,golden_cross_flip_close_opposite,1,2.5936973155232783,77.61,0.04025936973155232,-1.3771080274931915,0,0,0
2026-07-23T20:00:00+08:00,1784808000000,entry,long,golden_cross_flip_open_one_unit,1,2.5769875016106174,77.61,0.04,,1,0,1
2026-07-23T21:00:00+08:00,1784811600000,exit,long,dead_cross_flip_close_opposite,1,2.5769875016106174,76.9,0.0396340677747713,-1.9092951939182936,0,0,0
2026-07-23T21:00:00+08:00,1784811600000,entry,short,dead_cross_flip_open_one_unit,1,2.600780234070221,76.9,0.04,,0,1,1
2026-07-23T22:00:00+08:00,1784815200000,entry,short,green_histogram_expansion_add,1,2.609262883235486,76.65,0.04,,0,2,2
2026-07-24T03:00:00+08:00,1784833200000,exit,short,green_histogram_shrinking,1,2.600780234070221,75.77,0.03941222366710013,2.8594694408322745,0,1,1
2026-07-24T07:00:00+08:00,1784847600000,exit,short,golden_cross_flip_close_opposite,1,2.609262883235486,76.13,0.03972863666014351,1.2770880626223358,0,0,0
2026-07-24T07:00:00+08:00,1784847600000,entry,long,golden_cross_flip_open_one_unit,1,2.6270852489163277,76.13,0.04,,1,0,1
2026-07-24T08:00:00+08:00,1784851200000,entry,long,red_histogram_expansion_add,1,2.637478570486615,75.83,0.04,,2,0,2
2026-07-24T10:00:00+08:00,1784858400000,exit,long,red_histogram_shrinking,1,2.6270852489163277,75.64,0.03974254564560621,-1.3670143176145932,1,0,1
2026-07-24T11:00:00+08:00,1784862000000,exit,long,dead_cross_flip_close_opposite,1,2.637478570486615,75.49,0.03982065145720692,-0.9765633654226651,0,0,0
2026-07-24T11:00:00+08:00,1784862000000,entry,short,dead_cross_flip_open_one_unit,1,2.6493575307987816,75.49,0.04,,0,1,1
2026-07-24T12:00:00+08:00,1784865600000,exit,short,golden_cross_flip_close_opposite,1,2.6493575307987816,75.78,0.04015366273678633,-0.8484673466684496,0,0,0
2026-07-24T12:00:00+08:00,1784865600000,entry,long,golden_cross_flip_open_one_unit,1,2.6392187912377936,75.78,0.04,,1,0,1
2026-07-24T13:00:00+08:00,1784869200000,entry,long,red_histogram_expansion_add,1,2.644453259288642,75.63,0.04,,2,0,2
2026-07-24T17:00:00+08:00,1784883600000,exit,long,red_histogram_shrinking,1,2.6392187912377936,75.73,0.03997360781208763,-0.21193454737396983,1,0,1
2026-07-24T20:00:00+08:00,1784894400000,exit,long,dead_cross_flip_close_opposite,1,2.644453259288642,75.15,0.039746132487108295,-1.3490836969456295,0,0,0
2026-07-24T20:00:00+08:00,1784894400000,entry,short,dead_cross_flip_open_one_unit,1,2.661343978709248,75.15,0.04,,0,1,1
2026-07-24T21:00:00+08:00,1784898000000,entry,short,green_histogram_expansion_add,1,2.6734393797620637,74.81,0.04,,0,2,2
2026-07-25T01:00:00+08:00,1784912400000,exit,short,green_histogram_shrinking,1,2.661343978709248,73.86,0.03931337325349302,3.3538203592814533,0,1,1
2026-07-25T07:00:00+08:00,1784934000000,exit,short,golden_cross_flip_close_opposite,1,2.6734393797620637,73.88,0.039502740275364254,2.4067958829033733,0,0,0
2026-07-25T07:00:00+08:00,1784934000000,entry,long,golden_cross_flip_open_one_unit,1,2.707092582566324,73.88,0.04,,1,0,1
2026-07-25T08:00:00+08:00,1784937600000,entry,long,red_histogram_expansion_add,1,2.705993776214315,73.91,0.04,,2,0,2
2026-07-25T14:00:00+08:00,1784959200000,exit,long,red_histogram_shrinking,1,2.707092582566324,73.93,0.04002707092582567,0.0553275582025213,1,0,1
2026-07-25T18:00:00+08:00,1784973600000,entry,long,red_histogram_expansion_add,1,2.705261734072771,73.93,0.04,,2,0,2
2026-07-25T20:00:00+08:00,1784980800000,exit,long,red_histogram_shrinking,1,2.705993776214315,73.88,0.03998376403734272,-0.16116357732377523,1,0,1
2026-07-25T21:00:00+08:00,1784984400000,entry,long,red_histogram_expansion_add,1,2.705993776214315,73.91,0.04,,2,0,2
2026-07-26T04:00:00+08:00,1785009600000,exit,long,red_histogram_shrinking,1,2.705261734072771,74.51,0.04031381036115244,1.4887379954010502,1,0,1
2026-07-26T09:00:00+08:00,1785027600000,entry,long,red_histogram_expansion_add,1,2.675943270002676,74.74,0.04,,2,0,2
2026-07-26T13:00:00+08:00,1785042000000,exit,long,red_histogram_shrinking,1,2.705993776214315,75.03,0.04060614260587201,2.950106886754173,1,0,1
2026-07-26T20:00:00+08:00,1785067200000,exit,long,dead_cross_flip_close_opposite,1,2.675943270002676,74.91,0.04009098207118009,0.37481937382927943,0,0,0
2026-07-26T20:00:00+08:00,1785067200000,entry,short,dead_cross_flip_open_one_unit,1,2.669870511280203,74.91,0.04,,0,1,1
2026-07-26T21:00:00+08:00,1785070800000,entry,short,green_histogram_expansion_add,1,2.6727248429774155,74.83,0.04,,0,2,2
2026-07-26T23:00:00+08:00,1785078000000,exit,short,green_histogram_shrinking,1,2.669870511280203,75.0,0.04004805766920305,-0.32033640368443045,0,1,1
2026-07-27T00:00:00+08:00,1785081600000,exit,short,golden_cross_flip_close_opposite,1,2.6727248429774155,75.45,0.040331417880529206,-1.737420820526539,0,0,0
2026-07-27T00:00:00+08:00,1785081600000,entry,long,golden_cross_flip_open_one_unit,1,2.6507620941020544,75.45,0.04,,1,0,1
2026-07-27T01:00:00+08:00,1785085200000,entry,long,red_histogram_expansion_add,1,2.649708532061473,75.48,0.04,,2,0,2
2026-07-27T02:00:00+08:00,1785088800000,exit,long,red_histogram_shrinking,1,2.6507620941020544,75.34,0.039941683233929756,-0.37152551358515423,1,0,1
2026-07-27T05:00:00+08:00,1785099600000,exit,long,dead_cross_flip_close_opposite,1,2.649708532061473,75.3,0.039904610492845785,-0.556852146263929,0,0,0
2026-07-27T05:00:00+08:00,1785099600000,entry,short,dead_cross_flip_open_one_unit,1,2.656042496679947,75.3,0.04,,0,1,1
2026-07-27T06:00:00+08:00,1785103200000,exit,short,golden_cross_flip_close_opposite,1,2.656042496679947,75.61,0.04016467463479416,-0.9035378486055838,0,0,0
2026-07-27T06:00:00+08:00,1785103200000,entry,long,golden_cross_flip_open_one_unit,1,2.6451527575717497,75.61,0.04,,1,0,1
2026-07-27T07:00:00+08:00,1785106800000,entry,long,red_histogram_expansion_add,1,2.6085822355549757,76.67,0.04,,2,0,2
2026-07-27T09:00:00+08:00,1785114000000,exit,long,red_histogram_shrinking,1,2.6451527575717497,76.29,0.04035974077502977,1.718344134373778,1,0,1
2026-07-27T15:00:00+08:00,1785135600000,entry,long,red_histogram_expansion_add,1,2.6079019428869477,76.69,0.04,,2,0,2
2026-07-27T16:00:00+08:00,1785139200000,exit,long,dead_cross_flip_close_opposite,2,5.216484178441924,76.44,0.07974961012002013,-1.411699010019412,0,0,0
2026-07-27T16:00:00+08:00,1785139200000,entry,short,dead_cross_flip_open_one_unit,1,2.6164311878597593,76.44,0.04,,0,1,1
2026-07-27T17:00:00+08:00,1785142800000,entry,short,green_histogram_expansion_add,1,2.622263012980202,76.27,0.04,,0,2,2
2026-07-27T19:00:00+08:00,1785150000000,exit,short,green_histogram_shrinking,1,2.6164311878597593,76.58,0.04007326007326007,-0.4463736263736278,0,1,1
2026-07-27T20:00:00+08:00,1785153600000,entry,short,green_histogram_expansion_add,1,2.6154047338825683,76.47,0.04,,0,2,2
2026-07-27T21:00:00+08:00,1785157200000,exit,short,green_histogram_shrinking,1,2.622263012980202,76.82,0.04028844893142782,-1.5225331060705316,0,1,1
2026-07-27T22:00:00+08:00,1785160800000,exit,short,fixed_take_profit,1,2.6154047338825683,74.9406,0.0392,3.920799999999988,0,0,0
2026-07-28T03:00:00+08:00,1785178800000,entry,short,zero_axis_down_open,1,2.6469031233456857,75.56,0.04,,0,1,1
2026-07-28T04:00:00+08:00,1785182400000,exit,short,green_histogram_shrinking,1,2.6469031233456857,75.95,0.04020645844362097,-1.11249867654844,0,0,0
2026-07-28T18:00:00+08:00,1785232800000,entry,long,golden_cross_open,1,2.73224043715847,73.2,0.04,,1,0,1
2026-07-28T19:00:00+08:00,1785236400000,entry,long,red_histogram_expansion_add,1,2.735603884557516,73.11,0.04,,2,0,2
2026-07-28T22:00:00+08:00,1785247200000,exit,long,red_histogram_shrinking,1,2.73224043715847,72.66,0.03970491803278688,-1.5551147540983776,1,0,1
2026-07-28T23:00:00+08:00,1785250800000,entry,long,red_histogram_expansion_add,1,2.725909772386534,73.37,0.04,,2,0,2
2026-07-29T02:00:00+08:00,1785261600000,exit,long,red_histogram_shrinking,1,2.735603884557516,73.78,0.040366570920530705,1.7524880317330096,1,0,1
2026-07-29T04:00:00+08:00,1785268800000,entry,long,red_histogram_expansion_add,1,2.6925148088314486,74.28,0.04,,2,0,2
2026-07-29T05:00:00+08:00,1785272400000,exit,long,red_histogram_shrinking,1,2.725909772386534,74.01,0.040348916450865475,1.6642333378765177,1,0,1
2026-07-29T10:00:00+08:00,1785290400000,exit,long,dead_cross_flip_close_opposite,1,2.6925148088314486,73.22,0.03942918686052774,-2.933494884221869,0,0,0
2026-07-29T10:00:00+08:00,1785290400000,entry,short,dead_cross_flip_open_one_unit,1,2.7314941272876263,73.22,0.04,,0,1,1
2026-07-29T11:00:00+08:00,1785294000000,exit,short,green_histogram_shrinking,1,2.7314941272876263,73.65,0.04023490849494674,-1.2547773832286446,0,0,0
2026-07-29T15:00:00+08:00,1785308400000,entry,long,golden_cross_open,1,2.7016074564365797,74.03,0.04,,1,0,1
2026-07-29T16:00:00+08:00,1785312000000,entry,long,red_histogram_expansion_add,1,2.695054574855141,74.21,0.04,,2,0,2
2026-07-29T17:00:00+08:00,1785315600000,exit,long,red_histogram_shrinking,1,2.7016074564365797,73.9,0.039929758206132655,-0.4311387275428757,1,0,1
2026-07-29T18:00:00+08:00,1785319200000,entry,long,zero_axis_up_add,1,2.699419624780672,74.09,0.04,,2,0,2
2026-07-29T19:00:00+08:00,1785322800000,exit,long,red_histogram_shrinking,1,2.695054574855141,73.86,0.03981134617976014,-1.0230804473790442,1,0,1
2026-07-29T22:00:00+08:00,1785333600000,exit,long,dead_cross_flip_close_opposite,1,2.699419624780672,73.68,0.03977864759076799,-1.1865406937508343,0,0,0
2026-07-29T22:00:00+08:00,1785333600000,entry,short,dead_cross_flip_open_one_unit,1,2.7144408251900107,73.68,0.04,,0,1,1
2026-07-29T23:00:00+08:00,1785337200000,entry,short,green_histogram_expansion_add,1,2.7311211252219034,73.23,0.04,,0,2,2
2026-07-30T01:00:00+08:00,1785344400000,exit,short,green_histogram_shrinking,1,2.7144408251900107,73.23,0.0397557003257329,1.1417426710097796,0,1,1
2026-07-30T03:00:00+08:00,1785351600000,exit,short,golden_cross_flip_close_opposite,1,2.7311211252219034,74.21,0.040535299740543485,-2.7570340024579814,0,0,0
2026-07-30T03:00:00+08:00,1785351600000,entry,long,golden_cross_flip_open_one_unit,1,2.695054574855141,74.21,0.04,,1,0,1
2026-07-30T04:00:00+08:00,1785355200000,exit,long,dead_cross_flip_close_opposite,1,2.695054574855141,72.71,0.03919148362754346,-4.121773345910254,0,0,0
2026-07-30T04:00:00+08:00,1785355200000,entry,short,dead_cross_flip_open_one_unit,1,2.7506532801540367,72.71,0.04,,0,1,1
2026-07-30T05:00:00+08:00,1785358800000,entry,short,green_histogram_expansion_add,1,2.7548209366391188,72.6,0.04,,0,2,2
2026-07-30T06:00:00+08:00,1785362400000,exit,short,green_histogram_shrinking,1,2.7506532801540367,73.15,0.04024205748865356,-1.2905295007564626,0,1,1
2026-07-30T08:00:00+08:00,1785369600000,exit,short,golden_cross_flip_close_opposite,1,2.7548209366391188,73.63,0.04056749311294766,-2.9180330578512432,0,0,0
2026-07-30T08:00:00+08:00,1785369600000,entry,long,golden_cross_flip_open_one_unit,1,2.7162841233192996,73.63,0.04,,1,0,1
2026-07-30T09:00:00+08:00,1785373200000,exit,long,red_histogram_shrinking,1,2.7162841233192996,73.26,0.03979899497487438,-1.0848241206029892,0,0,0
2026-07-30T12:00:00+08:00,1785384000000,entry,long,zero_axis_up_open,1,2.7148092846477536,73.67,0.04,,1,0,1
2026-07-30T14:00:00+08:00,1785391200000,entry,long,zero_axis_up_add,1,2.715177844148792,73.66,0.04,,2,0,2
2026-07-30T23:00:00+08:00,1785423600000,exit,long,red_histogram_shrinking,1,2.7148092846477536,74.6,0.040504954526944484,2.444267680195446,1,0,1
2026-07-31T06:00:00+08:00,1785448800000,exit,long,dead_cross_flip_close_opposite,1,2.715177844148792,74.45,0.040428998099375515,2.064561498778187,0,0,0
2026-07-31T06:00:00+08:00,1785448800000,entry,short,dead_cross_flip_open_one_unit,1,2.6863666890530555,74.45,0.04,,0,1,1
2026-07-31T07:00:00+08:00,1785452400000,exit,short,green_histogram_shrinking,1,2.6863666890530555,74.7,0.04013431833445265,-0.7517259905977166,0,0,0
2026-07-31T15:00:00+08:00,1785481200000,entry,short,zero_axis_down_open,1,2.7005130974885225,74.06,0.04,,0,1,1
2026-07-31T16:00:00+08:00,1785484800000,entry,short,green_histogram_expansion_add,1,2.7166530834012494,73.62,0.04,,0,2,2
2026-07-31T19:00:00+08:00,1785495600000,exit,short,green_histogram_shrinking,1,2.7005130974885225,73.53,0.03971374561166621,1.3515581960572536,0,1,1
2026-07-31T22:00:00+08:00,1785506400000,entry,short,green_histogram_expansion_add,1,2.7303754266211606,73.25,0.04,,0,2,2
2026-08-01T00:00:00+08:00,1785513600000,exit,short,green_histogram_shrinking,1,2.7166530834012494,73.07,0.03970116816082586,1.4144580277098922,0,1,1
2026-08-01T05:00:00+08:00,1785531600000,entry,short,green_histogram_expansion_add,1,2.7427317608337902,72.92,0.04,,0,2,2
2026-08-01T07:00:00+08:00,1785538800000,exit,short,green_histogram_shrinking,1,2.7303754266211606,72.79,0.039748805460750866,1.1762238907849658,0,1,1
2026-08-01T09:00:00+08:00,1785546000000,exit,short,golden_cross_flip_close_opposite,1,2.7427317608337902,72.97,0.04002742731760833,-0.21716401535929006,0,0,0
2026-08-01T09:00:00+08:00,1785546000000,entry,long,golden_cross_flip_open_one_unit,1,2.7408524050979857,72.97,0.04,,1,0,1
2026-08-01T10:00:00+08:00,1785549600000,entry,long,red_histogram_expansion_add,1,2.73972602739726,73.0,0.04,,2,0,2
2026-08-01T14:00:00+08:00,1785564000000,exit,long,red_histogram_shrinking,1,2.7408524050979857,72.91,0.03996710977113883,-0.2444182540770242,1,0,1
2026-08-01T17:00:00+08:00,1785574800000,entry,long,red_histogram_expansion_add,1,2.73972602739726,73.0,0.04,,2,0,2
2026-08-01T18:00:00+08:00,1785578400000,exit,long,red_histogram_shrinking,1,2.73972602739726,72.81,0.0398958904109589,-0.6004438356164321,1,0,1
2026-08-01T20:00:00+08:00,1785585600000,entry,long,red_histogram_expansion_add,1,2.7453671928620453,72.85,0.04,,2,0,2
2026-08-02T00:00:00+08:00,1785600000000,exit,long,red_histogram_shrinking,1,2.73972602739726,72.75,0.039863013698630136,-0.7647945205479452,1,0,1
2026-08-02T02:00:00+08:00,1785607200000,exit,long,dead_cross_flip_close_opposite,1,2.7453671928620453,71.89,0.03947288949897049,-2.715025394646517,0,0,0
2026-08-02T02:00:00+08:00,1785607200000,entry,short,dead_cross_flip_open_one_unit,1,2.782028098483795,71.89,0.04,,0,1,1
2026-08-02T03:00:00+08:00,1785610800000,entry,short,green_histogram_expansion_add,1,2.815315315315315,71.04,0.04,,0,2,2
2026-08-02T05:00:00+08:00,1785618000000,exit,short,green_histogram_shrinking,1,2.782028098483795,71.51,0.03978856586451524,0.9773821115593141,0,1,1
2026-08-02T09:00:00+08:00,1785632400000,exit,short,golden_cross_flip_close_opposite,1,2.815315315315315,72.07,0.04057995495495495,-2.980354729729693,0,0,0
2026-08-02T09:00:00+08:00,1785632400000,entry,long,golden_cross_flip_open_one_unit,1,2.7750797835437773,72.07,0.04,,1,0,1
2026-08-02T10:00:00+08:00,1785636000000,entry,long,red_histogram_expansion_add,1,2.7548209366391188,72.6,0.04,,2,0,2
2026-08-02T15:00:00+08:00,1785654000000,exit,long,red_histogram_shrinking,1,2.7750797835437773,73.41,0.040743721381989735,3.6378631885666812,1,0,1
2026-08-02T21:00:00+08:00,1785675600000,exit,long,dead_cross_flip_close_opposite,1,2.7548209366391188,72.85,0.04013774104683196,0.6085674931129477,0,0,0
2026-08-02T21:00:00+08:00,1785675600000,entry,short,dead_cross_flip_open_one_unit,1,2.7453671928620453,72.85,0.04,,0,1,1
2026-08-02T22:00:00+08:00,1785679200000,entry,short,green_histogram_expansion_add,1,2.7427317608337902,72.92,0.04,,0,2,2
2026-08-02T23:00:00+08:00,1785682800000,exit,short,green_histogram_shrinking,1,2.7453671928620453,73.06,0.04011530542210021,-0.6566424159231515,0,1,1
2026-08-03T00:00:00+08:00,1785686400000,entry,short,green_histogram_expansion_add,1,2.740101383751199,72.99,0.04,,0,2,2
2026-08-03T01:00:00+08:00,1785690000000,exit,short,green_histogram_shrinking,1,2.7427317608337902,73.1,0.04009873834339001,-0.5737904552934521,0,1,1
2026-08-03T03:00:00+08:00,1785697200000,exit,short,golden_cross_flip_close_opposite,1,2.740101383751199,73.52,0.04029045074667763,-1.5325441841348162,0,0,0
2026-08-03T03:00:00+08:00,1785697200000,entry,long,golden_cross_flip_open_one_unit,1,2.7203482045701852,73.52,0.04,,1,0,1
2026-08-03T04:00:00+08:00,1785700800000,entry,long,red_histogram_expansion_add,1,2.7140724657348354,73.69,0.04,,2,0,2
2026-08-03T07:00:00+08:00,1785711600000,exit,long,red_histogram_shrinking,1,2.7203482045701852,73.61,0.04004896626768227,0.16478237214364366,1,0,1
2026-08-03T09:00:00+08:00,1785718800000,exit,long,dead_cross_flip_close_opposite,1,2.7140724657348354,73.18,0.03972316460849506,-1.4639001221332364,0,0,0
2026-08-03T09:00:00+08:00,1785718800000,entry,short,dead_cross_flip_open_one_unit,1,2.7329871549603713,73.18,0.04,,0,1,1
2026-08-03T10:00:00+08:00,1785722400000,entry,short,green_histogram_expansion_add,1,2.741228070175439,72.96,0.04,,0,2,2
2026-08-03T14:00:00+08:00,1785736800000,exit,short,green_histogram_shrinking,1,2.7329871549603713,72.87,0.039830554796392456,0.7673954632413289,0,1,1
2026-08-03T15:00:00+08:00,1785740400000,entry,short,green_histogram_expansion_add,1,2.7567195037904892,72.55,0.04,,0,2,2
2026-08-03T18:00:00+08:00,1785751200000,exit,short,green_histogram_shrinking,1,2.741228070175439,72.69,0.03985197368421053,0.660279605263147,0,1,1
2026-08-03T22:00:00+08:00,1785765600000,exit,short,golden_cross_flip_close_opposite,1,2.7567195037904892,73.23,0.040374913852515515,-1.954944176430067,0,0,0
2026-08-03T22:00:00+08:00,1785765600000,entry,long,golden_cross_flip_open_one_unit,1,2.7311211252219034,73.23,0.04,,1,0,1
2026-08-03T23:00:00+08:00,1785769200000,entry,long,red_histogram_expansion_add,1,2.7114967462039044,73.76,0.04,,2,0,2
2026-08-04T01:00:00+08:00,1785776400000,exit,long,red_histogram_shrinking,1,2.7311211252219034,73.39,0.0400873958760071,0.3568919841594882,1,0,1
2026-08-04T02:00:00+08:00,1785780000000,entry,long,red_histogram_expansion_add,1,2.715177844148792,73.66,0.04,,2,0,2
2026-08-04T04:00:00+08:00,1785787200000,exit,long,red_histogram_shrinking,1,2.7114967462039044,73.97,0.04011388286334056,0.48930043383946237,1,0,1
2026-08-04T09:00:00+08:00,1785805200000,exit,long,dead_cross_flip_close_opposite,1,2.715177844148792,73.04,0.039663317947325555,-1.7630735813195504,0,0,0
2026-08-04T09:00:00+08:00,1785805200000,entry,short,dead_cross_flip_open_one_unit,1,2.7382256297918945,73.04,0.04,,0,1,1
2026-08-04T10:00:00+08:00,1785808800000,exit,short,green_histogram_shrinking,1,2.7382256297918945,73.74,0.040383351588170864,-1.9971412924424659,0,0,0
2026-08-04T13:00:00+08:00,1785819600000,entry,long,golden_cross_open,1,2.710394362379726,73.79,0.04,,1,0,1
2026-08-04T14:00:00+08:00,1785823200000,exit,long,dead_cross_flip_close_opposite,1,2.710394362379726,73.71,0.03995663369020192,-0.2967881826806139,0,0,0
2026-08-04T14:00:00+08:00,1785823200000,entry,short,dead_cross_flip_open_one_unit,1,2.7133360466693803,73.71,0.04,,0,1,1
2026-08-04T15:00:00+08:00,1785826800000,entry,short,green_histogram_expansion_add,1,2.7247956403269753,73.4,0.04,,0,2,2
2026-08-04T16:00:00+08:00,1785830400000,exit,short,green_histogram_shrinking,1,2.7133360466693803,73.65,0.039967439967439976,0.08283272283269044,0,1,1
2026-08-04T17:00:00+08:00,1785834000000,entry,short,green_histogram_expansion_add,1,2.727768685215494,73.32,0.04,,0,2,2
2026-08-04T19:00:00+08:00,1785841200000,exit,short,green_histogram_shrinking,1,2.7247956403269753,73.57,0.04009264305177111,-0.5433079019073228,0,1,1
2026-08-04T21:00:00+08:00,1785848400000,exit,short,golden_cross_flip_close_opposite,1,2.727768685215494,73.78,0.04025095471903983,-1.335024549918189,0,0,0
2026-08-04T21:00:00+08:00,1785848400000,entry,long,golden_cross_flip_open_one_unit,1,2.7107617240444566,73.78,0.04,,1,0,1
2026-08-04T22:00:00+08:00,1785852000000,exit,long,dead_cross_flip_close_opposite,1,2.7107617240444566,73.6,0.0399024125779344,-0.5678395229059551,0,0,0
2026-08-04T22:00:00+08:00,1785852000000,entry,short,dead_cross_flip_open_one_unit,1,2.717391304347826,73.6,0.04,,0,1,1
2026-08-04T23:00:00+08:00,1785855600000,exit,short,golden_cross_flip_close_opposite,1,2.717391304347826,73.79,0.04010326086956523,-0.5964076086956847,0,0,0
2026-08-04T23:00:00+08:00,1785855600000,entry,long,golden_cross_flip_open_one_unit,1,2.710394362379726,73.79,0.04,,1,0,1
2026-08-05T00:00:00+08:00,1785859200000,entry,long,red_histogram_expansion_add,1,2.704530087897228,73.95,0.04,,2,0,2
2026-08-05T01:00:00+08:00,1785862800000,exit,long,red_histogram_shrinking,1,2.710394362379726,73.69,0.039945792112752405,-0.35098522835074814,1,0,1
2026-08-05T02:00:00+08:00,1785866400000,exit,long,bearish_divergence_confirmed_dead_cross_close_opposite,1,2.704530087897228,73.74,0.03988640973630832,-0.6478377281947477,0,0,0
2026-08-05T02:00:00+08:00,1785866400000,entry,short,bearish_divergence_confirmed_dead_cross_open_one_unit,1,2.712232167073502,73.74,0.04,,0,1,1
2026-08-05T03:00:00+08:00,1785870000000,exit,short,golden_cross_flip_close_opposite,1,2.712232167073502,74.13,0.04021155410903174,-1.137982099267699,0,0,0
2026-08-05T03:00:00+08:00,1785870000000,entry,long,golden_cross_flip_open_one_unit,1,2.697963037906381,74.13,0.04,,1,0,1
2026-08-05T04:00:00+08:00,1785873600000,entry,long,red_histogram_expansion_add,1,2.696871628910464,74.16,0.04,,2,0,2
2026-08-05T06:00:00+08:00,1785880800000,exit,long,red_histogram_shrinking,1,2.697963037906381,74.1,0.03998381222177256,-0.16092270335896705,1,0,1
2026-08-05T08:00:00+08:00,1785888000000,exit,long,bearish_divergence_confirmed_dead_cross_close_opposite,1,2.696871628910464,73.71,0.03975728155339806,-1.2933495145631144,0,0,0
2026-08-05T08:00:00+08:00,1785888000000,entry,short,bearish_divergence_confirmed_dead_cross_open_one_unit,1,2.7133360466693803,73.71,0.04,,0,1,1
2026-08-05T09:00:00+08:00,1785891600000,entry,short,green_histogram_expansion_add,1,2.721829069134458,73.48,0.04,,0,2,2
2026-08-05T10:00:00+08:00,1785895200000,exit,short,green_histogram_shrinking,1,2.7133360466693803,74.07,0.0401953601953602,-1.0569963369963356,0,1,1
2026-08-05T12:00:00+08:00,1785902400000,entry,short,green_histogram_expansion_add,1,2.712232167073502,73.74,0.04,,0,2,2
2026-08-05T14:00:00+08:00,1785909600000,exit,short,green_histogram_shrinking,1,2.721829069134458,74.11,0.04034295046271094,-1.7950952640174072,0,1,1
2026-08-05T16:00:00+08:00,1785916800000,entry,short,green_histogram_expansion_add,1,2.704895861509332,73.94,0.04,,0,2,2
2026-08-05T17:00:00+08:00,1785920400000,exit,short,green_histogram_shrinking,1,2.712232167073502,74.04,0.040162733930024425,-0.8938323840521059,0,1,1
2026-08-05T18:00:00+08:00,1785924000000,entry,short,green_histogram_expansion_add,1,2.703433360367667,73.98,0.04,,0,2,2
2026-08-05T21:00:00+08:00,1785934800000,exit,short,green_histogram_shrinking,1,2.704895861509332,74.03,0.04004868812550717,-0.32348931566135625,0,1,1
2026-08-06T00:00:00+08:00,1785945600000,entry,short,green_histogram_expansion_add,1,2.7067262146433886,73.89,0.04,,0,2,2
2026-08-06T01:00:00+08:00,1785949200000,exit,short,golden_cross_flip_close_opposite,2,5.410159575011056,74.24,0.08033004936976415,-1.8105768981905035,0,0,0
2026-08-06T01:00:00+08:00,1785949200000,entry,long,golden_cross_flip_open_one_unit,1,2.6939655172413794,74.24,0.04,,1,0,1
2026-08-06T02:00:00+08:00,1785952800000,entry,long,red_histogram_expansion_add,1,2.6838432635534084,74.52,0.04,,2,0,2
2026-08-06T04:00:00+08:00,1785960000000,exit,long,red_histogram_shrinking,1,2.6939655172413794,74.44,0.04010775862068966,0.45868534482759393,1,0,1
2026-08-06T07:00:00+08:00,1785970800000,exit,long,dead_cross_flip_close_opposite,1,2.6838432635534084,73.97,0.039704777241009126,-1.5558185721953761,0,0,0
2026-08-06T07:00:00+08:00,1785970800000,entry,short,dead_cross_flip_open_one_unit,1,2.7037988373665,73.97,0.04,,0,1,1
2026-08-06T08:00:00+08:00,1785974400000,entry,short,green_histogram_expansion_add,1,2.7027027027027026,74.0,0.04,,0,2,2
2026-08-06T13:00:00+08:00,1785992400000,exit,short,green_histogram_shrinking,1,2.7037988373665,73.82,0.03991888603487901,0.3256509395701114,0,1,1
2026-08-06T15:00:00+08:00,1785999600000,exit,short,golden_cross_flip_close_opposite,1,2.7027027027027026,74.0,0.04,-0.08,0,0,0
2026-08-06T15:00:00+08:00,1785999600000,entry,long,golden_cross_flip_open_one_unit,1,2.7027027027027026,74.0,0.04,,1,0,1
2026-08-06T16:00:00+08:00,1786003200000,exit,long,dead_cross_flip_close_opposite,1,2.7027027027027026,73.84,0.03991351351351352,-0.5123459459459367,0,0,0
2026-08-06T16:00:00+08:00,1786003200000,entry,short,dead_cross_flip_open_one_unit,1,2.7085590465872156,73.84,0.04,,0,1,1
2026-08-06T17:00:00+08:00,1786006800000,exit,short,golden_cross_flip_close_opposite,1,2.7085590465872156,73.95,0.04005958829902492,-0.37800108342361705,0,0,0
2026-08-06T17:00:00+08:00,1786006800000,entry,long,golden_cross_flip_open_one_unit,1,2.704530087897228,73.95,0.04,,1,0,1
2026-08-06T18:00:00+08:00,1786010400000,exit,long,dead_cross_flip_close_opposite,1,2.704530087897228,73.27,0.03963218390804598,-1.9187126436781794,0,0,0
2026-08-06T18:00:00+08:00,1786010400000,entry,short,dead_cross_flip_open_one_unit,1,2.729630135116692,73.27,0.04,,0,1,1
2026-08-06T19:00:00+08:00,1786014000000,entry,short,green_histogram_expansion_add,1,2.7292576419213974,73.28,0.04,,0,2,2
2026-08-06T20:00:00+08:00,1786017600000,exit,short,green_histogram_shrinking,1,2.729630135116692,73.41,0.04007642964378327,-0.4622246485601217,0,1,1
2026-08-06T21:00:00+08:00,1786021200000,entry,short,green_histogram_expansion_add,1,2.735978112175103,73.1,0.04,,0,2,2
2026-08-06T22:00:00+08:00,1786024800000,exit,short,green_histogram_shrinking,1,2.7292576419213974,73.19,0.03995087336244541,0.16568231441048967,0,1,1
2026-08-07T02:00:00+08:00,1786039200000,entry,short,green_histogram_expansion_add,1,2.7344818156959256,73.14,0.04,,0,2,2
2026-08-07T05:00:00+08:00,1786050000000,exit,short,green_histogram_shrinking,1,2.735978112175103,72.81,0.039841313269493854,0.7135923392612642,0,1,1
2026-08-07T07:00:00+08:00,1786057200000,entry,short,green_histogram_expansion_add,1,2.753303964757709,72.64,0.04,,0,2,2
2026-08-07T08:00:00+08:00,1786060800000,exit,short,green_histogram_shrinking,1,2.7344818156959256,72.64,0.03972655181843041,1.2875143560295323,0,1,1
2026-08-07T11:00:00+08:00,1786071600000,exit,short,golden_cross_flip_close_opposite,1,2.753303964757709,72.65,0.040005506607929515,-0.1075385462555207,0,0,0
2026-08-07T11:00:00+08:00,1786071600000,entry,long,golden_cross_flip_open_one_unit,1,2.7529249827942186,72.65,0.04,,1,0,1
2026-08-07T12:00:00+08:00,1786075200000,entry,long,red_histogram_expansion_add,1,2.755580049600441,72.58,0.04,,2,0,2
2026-08-07T20:00:00+08:00,1786104000000,exit,long,fixed_take_profit,1,2.7529249827942186,74.06728279281141,0.040780334641602974,3.8208928733732788,1,0,1
2026-08-07T21:00:00+08:00,1786107600000,exit,long,fixed_take_profit,1,2.755580049600441,74.0316,0.040799999999999996,3.9191999999999974,0,0,0
2026-08-08T03:00:00+08:00,1786129200000,entry,short,dead_cross_open,1,2.7255382938130284,73.38,0.04,,0,1,1
2026-08-08T04:00:00+08:00,1786132800000,exit,short,golden_cross_flip_close_opposite,1,2.7255382938130284,73.98,0.040327064595257575,-1.715650040883098,0,0,0
2026-08-08T04:00:00+08:00,1786132800000,entry,long,golden_cross_flip_open_one_unit,1,2.703433360367667,73.98,0.04,,1,0,1
2026-08-08T05:00:00+08:00,1786136400000,exit,long,red_histogram_shrinking,1,2.703433360367667,73.79,0.03989726953230603,-0.5935496080021566,0,0,0
2026-08-08T06:00:00+08:00,1786140000000,entry,short,dead_cross_open,1,2.7166530834012494,73.62,0.04,,0,1,1
2026-08-08T07:00:00+08:00,1786143600000,entry,short,green_histogram_expansion_add,1,2.7166530834012494,73.62,0.04,,0,2,2
2026-08-08T09:00:00+08:00,1786150800000,exit,short,green_histogram_shrinking,1,2.7166530834012494,73.69,0.04003803314316762,-0.27020374898123656,0,1,1
2026-08-08T12:00:00+08:00,1786161600000,exit,short,golden_cross_flip_close_opposite,1,2.7166530834012494,74.81,0.0406465634338495,-3.3134637326813303,0,0,0
2026-08-08T12:00:00+08:00,1786161600000,entry,long,golden_cross_flip_open_one_unit,1,2.6734393797620637,74.81,0.04,,1,0,1
2026-08-08T13:00:00+08:00,1786165200000,entry,long,red_histogram_expansion_add,1,2.680965147453083,74.6,0.04,,2,0,2
2026-08-08T14:00:00+08:00,1786168800000,exit,long,red_histogram_shrinking,1,2.6734393797620637,74.61,0.039893062424809514,-0.6145809383772298,1,0,1
2026-08-08T19:00:00+08:00,1786186800000,entry,long,red_histogram_expansion_add,1,2.6652452025586353,75.04,0.04,,2,0,2
2026-08-08T21:00:00+08:00,1786194000000,exit,long,red_histogram_shrinking,1,2.680965147453083,75.4,0.0404289544235925,2.0643431635389042,1,0,1
2026-08-08T22:00:00+08:00,1786197600000,exit,long,fixed_take_profit,1,2.6652452025586353,76.5408,0.0408,3.9191999999999947,0,0,0
2026-08-09T05:00:00+08:00,1786222800000,entry,short,dead_cross_open,1,2.623638987275351,76.23,0.04,,0,1,1
2026-08-09T06:00:00+08:00,1786226400000,entry,short,green_histogram_expansion_add,1,2.625705658395694,76.17,0.04,,0,2,2
2026-08-09T12:00:00+08:00,1786248000000,exit,short,green_histogram_shrinking,1,2.623638987275351,75.95,0.03985307621671259,0.6547658402203885,0,1,1
2026-08-09T19:00:00+08:00,1786273200000,entry,short,green_histogram_expansion_add,1,2.619515389652914,76.35,0.04,,0,2,2
2026-08-09T20:00:00+08:00,1786276800000,exit,short,green_histogram_shrinking,1,2.625705658395694,76.47,0.04015754233950374,-0.8678692398582045,0,1,1
2026-08-09T21:00:00+08:00,1786280400000,entry,short,green_histogram_expansion_add,1,2.6202017555351764,76.33,0.04,,0,2,2
2026-08-09T22:00:00+08:00,1786284000000,exit,short,green_histogram_shrinking,1,2.619515389652914,76.54,0.040099541584806817,-0.5778074656188917,0,1,1
2026-08-09T23:00:00+08:00,1786287600000,exit,short,golden_cross_flip_close_opposite,1,2.6202017555351764,77.0,0.040351107035241716,-1.8358862832438145,0,0,0
2026-08-09T23:00:00+08:00,1786287600000,entry,long,golden_cross_flip_open_one_unit,1,2.5974025974025974,77.0,0.04,,1,0,1
2026-08-10T00:00:00+08:00,1786291200000,entry,long,red_histogram_expansion_add,1,2.584647195657793,77.38,0.04,,2,0,2
2026-08-10T02:00:00+08:00,1786298400000,exit,long,red_histogram_shrinking,1,2.5974025974025974,77.13,0.04006753246753247,0.2575948051947934,1,0,1
2026-08-10T07:00:00+08:00,1786316400000,exit,long,bearish_divergence_confirmed_dead_cross_close_opposite,1,2.584647195657793,76.76,0.039679503747738445,-1.6821607650555452,0,0,0
2026-08-10T07:00:00+08:00,1786316400000,entry,short,bearish_divergence_confirmed_dead_cross_open_one_unit,1,2.6055237102657633,76.76,0.04,,0,1,1
2026-08-10T08:00:00+08:00,1786320000000,entry,short,green_histogram_expansion_add,1,2.623638987275351,76.23,0.04,,0,2,2
2026-08-10T10:00:00+08:00,1786327200000,exit,short,green_histogram_shrinking,1,2.6055237102657633,76.88,0.04006253256904638,-0.39272537780091277,0,1,1
2026-08-10T12:00:00+08:00,1786334400000,entry,short,green_histogram_expansion_add,1,2.6109660574412534,76.6,0.04,,0,2,2
2026-08-10T14:00:00+08:00,1786341600000,exit,short,green_histogram_shrinking,1,2.623638987275351,76.85,0.04032533123442214,-1.7069815033451143,0,1,1
2026-08-10T18:00:00+08:00,1786356000000,entry,short,green_histogram_expansion_add,1,2.6133542401672547,76.53,0.04,,0,2,2
2026-08-10T19:00:00+08:00,1786359600000,exit,short,green_histogram_shrinking,1,2.6109660574412534,76.79,0.04009921671018278,-0.5761827676240521,0,1,1
2026-08-10T21:00:00+08:00,1786366800000,entry,short,green_histogram_expansion_add,1,2.6109660574412534,76.6,0.04,,0,2,2
2026-08-11T02:00:00+08:00,1786384800000,exit,short,green_histogram_shrinking,1,2.6133542401672547,75.94,0.03969162419966027,1.4621873774990288,0,1,1
2026-08-11T06:00:00+08:00,1786399200000,exit,short,golden_cross_flip_close_opposite,1,2.6109660574412534,76.26,0.039822454308094,0.807906005221904,0,0,0
2026-08-11T06:00:00+08:00,1786399200000,entry,long,golden_cross_flip_open_one_unit,1,2.6226068712300026,76.26,0.04,,1,0,1
2026-08-11T07:00:00+08:00,1786402800000,entry,long,red_histogram_expansion_add,1,2.625360987135731,76.18,0.04,,2,0,2
2026-08-11T08:00:00+08:00,1786406400000,exit,long,red_histogram_shrinking,1,2.6226068712300026,75.95,0.03983739837398374,-0.8928455284552905,1,0,1
2026-08-11T09:00:00+08:00,1786410000000,exit,long,bearish_divergence_confirmed_dead_cross_close_opposite,1,2.625360987135731,75.86,0.039831976896823315,-0.9199474927802767,0,0,0
2026-08-11T09:00:00+08:00,1786410000000,entry,short,bearish_divergence_confirmed_dead_cross_open_one_unit,1,2.636435539151068,75.86,0.04,,0,1,1
2026-08-11T10:00:00+08:00,1786413600000,exit,short,golden_cross_flip_close_opposite,1,2.636435539151068,76.07,0.040110730292644343,-0.6337621935143521,0,0,0
2026-08-11T10:00:00+08:00,1786413600000,entry,long,golden_cross_flip_open_one_unit,1,2.629157355067701,76.07,0.04,,1,0,1
2026-08-11T11:00:00+08:00,1786417200000,entry,long,red_histogram_expansion_add,1,2.6315789473684212,76.0,0.04,,2,0,2
2026-08-11T14:00:00+08:00,1786428000000,exit,long,dead_cross_flip_close_opposite,2,5.260736302436122,75.77,0.07972119792711699,-1.5537315623421672,0,0,0
2026-08-11T14:00:00+08:00,1786428000000,entry,short,dead_cross_flip_open_one_unit,1,2.6395671109937973,75.77,0.04,,0,1,1
2026-08-11T15:00:00+08:00,1786431600000,entry,short,green_histogram_expansion_add,1,2.6395671109937973,75.77,0.04,,0,2,2
2026-08-11T17:00:00+08:00,1786438800000,exit,short,green_histogram_shrinking,1,2.6395671109937973,75.9,0.04006862874488585,-0.423212353174105,0,1,1
2026-08-11T18:00:00+08:00,1786442400000,exit,short,golden_cross_flip_close_opposite,1,2.6395671109937973,75.85,0.040042233073775906,-0.29120760195327516,0,0,0
2026-08-11T18:00:00+08:00,1786442400000,entry,long,golden_cross_flip_open_one_unit,1,2.636783124588003,75.85,0.04,,1,0,1
2026-08-11T19:00:00+08:00,1786446000000,entry,long,red_histogram_expansion_add,1,2.6346989856408904,75.91,0.04,,2,0,2
2026-08-11T21:00:00+08:00,1786453200000,exit,long,red_histogram_shrinking,1,2.636783124588003,75.81,0.0399789057350033,-0.18545023071850242,1,0,1
2026-08-11T22:00:00+08:00,1786456800000,entry,long,red_histogram_expansion_add,1,2.6329647182727753,75.96,0.04,,2,0,2
2026-08-11T23:00:00+08:00,1786460400000,exit,long,dead_cross_flip_close_opposite,2,5.267663703913666,75.16,0.07918352079723022,-4.24157953464611,0,0,0
2026-08-11T23:00:00+08:00,1786460400000,entry,short,dead_cross_flip_open_one_unit,1,2.660989888238425,75.16,0.04,,0,1,1
2026-08-12T00:00:00+08:00,1786464000000,entry,short,green_histogram_expansion_add,1,2.670940170940171,74.88,0.04,,0,2,2
2026-08-12T02:00:00+08:00,1786471200000,exit,short,green_histogram_shrinking,1,2.660989888238425,75.12,0.039978712080894103,0.026460883448621707,0,1,1
2026-08-12T04:00:00+08:00,1786478400000,exit,short,golden_cross_flip_close_opposite,1,2.670940170940171,75.61,0.04038995726495727,-2.030176282051293,0,0,0
2026-08-12T04:00:00+08:00,1786478400000,entry,long,golden_cross_flip_open_one_unit,1,2.6451527575717497,75.61,0.04,,1,0,1
2026-08-12T05:00:00+08:00,1786482000000,entry,long,red_histogram_expansion_add,1,2.6312327325351927,76.01,0.04,,2,0,2
2026-08-12T08:00:00+08:00,1786492800000,exit,long,red_histogram_shrinking,1,2.6451527575717497,76.26,0.04034386985848433,1.639005422563168,1,0,1
2026-08-12T16:00:00+08:00,1786521600000,exit,long,dead_cross_flip_close_opposite,1,2.6312327325351927,76.23,0.04011577424023156,0.4987554269175078,0,0,0
2026-08-12T16:00:00+08:00,1786521600000,entry,short,dead_cross_flip_open_one_unit,1,2.623638987275351,76.23,0.04,,0,1,1
2026-08-12T17:00:00+08:00,1786525200000,entry,short,green_histogram_expansion_add,1,2.6270852489163277,76.13,0.04,,0,2,2
2026-08-12T18:00:00+08:00,1786528800000,exit,short,golden_cross_flip_close_opposite,2,5.250724236191679,76.7,0.08054610978318036,-2.891095025684918,0,0,0
2026-08-12T18:00:00+08:00,1786528800000,entry,long,golden_cross_flip_open_one_unit,1,2.607561929595828,76.7,0.04,,1,0,1
2026-08-12T19:00:00+08:00,1786532400000,entry,long,red_histogram_expansion_add,1,2.6068821689259645,76.72,0.04,,2,0,2
2026-08-12T21:00:00+08:00,1786539600000,exit,long,red_histogram_shrinking,1,2.607561929595828,76.61,0.03995306388526727,-0.31463363754890067,1,0,1
2026-08-12T22:00:00+08:00,1786543200000,exit,long,dead_cross_flip_close_opposite,1,2.6068821689259645,76.19,0.03972367049009384,-1.461371220020858,0,0,0
2026-08-12T22:00:00+08:00,1786543200000,entry,short,dead_cross_flip_open_one_unit,1,2.6250164063525396,76.19,0.04,,0,1,1
2026-08-12T23:00:00+08:00,1786546800000,entry,short,green_histogram_expansion_add,1,2.6518164942985947,75.42,0.04,,0,2,2
2026-08-13T02:00:00+08:00,1786557600000,exit,short,green_histogram_shrinking,1,2.6250164063525396,75.87,0.03983199894999344,0.7601732510828013,0,1,1
2026-08-13T06:00:00+08:00,1786572000000,entry,short,green_histogram_expansion_add,1,2.6518164942985947,75.42,0.04,,0,2,2
2026-08-13T07:00:00+08:00,1786575600000,exit,short,green_histogram_shrinking,1,2.6518164942985947,75.48,0.04003182179793159,-0.2391408114558533,0,1,1
2026-08-13T11:00:00+08:00,1786590000000,exit,short,golden_cross_flip_close_opposite,1,2.6518164942985947,75.93,0.040270485282418465,-1.4326968973747154,0,0,0
2026-08-13T11:00:00+08:00,1786590000000,entry,long,golden_cross_flip_open_one_unit,1,2.6340050046095085,75.93,0.04,,1,0,1
2026-08-13T12:00:00+08:00,1786593600000,entry,long,red_histogram_expansion_add,1,2.6243275160740063,76.21,0.04,,2,0,2
2026-08-13T16:00:00+08:00,1786608000000,exit,long,red_histogram_shrinking,1,2.6340050046095085,76.41,0.04025286448044251,1.1840695377320947,1,0,1
2026-08-13T19:00:00+08:00,1786618800000,exit,long,dead_cross_flip_close_opposite,1,2.6243275160740063,75.7,0.03973231859336046,-1.4181393517910799,0,0,0
2026-08-13T19:00:00+08:00,1786618800000,entry,short,dead_cross_flip_open_one_unit,1,2.642007926023778,75.7,0.04,,0,1,1
2026-08-13T20:00:00+08:00,1786622400000,entry,short,zero_axis_down_add,1,2.6455026455026456,75.6,0.04,,0,2,2
2026-08-13T21:00:00+08:00,1786626000000,exit,short,green_histogram_shrinking,1,2.642007926023778,76.08,0.040200792602377806,-1.0841638044914015,0,1,1
2026-08-13T23:00:00+08:00,1786633200000,exit,short,golden_cross_flip_close_opposite,1,2.6455026455026456,76.42,0.04043386243386244,-2.249746031746051,0,0,0
2026-08-13T23:00:00+08:00,1786633200000,entry,long,golden_cross_flip_open_one_unit,1,2.6171159382360636,76.42,0.04,,1,0,1
2026-08-14T00:00:00+08:00,1786636800000,exit,long,dead_cross_flip_close_opposite,1,2.6171159382360636,75.6,0.039570792986129276,-2.225605862339721,0,0,0
2026-08-14T00:00:00+08:00,1786636800000,entry,short,dead_cross_flip_open_one_unit,1,2.6455026455026456,75.6,0.04,,0,1,1
2026-08-14T01:00:00+08:00,1786640400000,entry,short,zero_axis_down_add,1,2.6472534745201854,75.55,0.04,,0,2,2
2026-08-14T02:00:00+08:00,1786644000000,exit,short,green_histogram_shrinking,1,2.6455026455026456,75.72,0.040063492063492065,-0.39752380952382155,0,1,1
2026-08-14T04:00:00+08:00,1786651200000,exit,short,golden_cross_flip_close_opposite,1,2.6472534745201854,76.15,0.04031767041694243,-1.6686697551290761,0,0,0
2026-08-14T04:00:00+08:00,1786651200000,entry,long,golden_cross_flip_open_one_unit,1,2.626395272488509,76.15,0.04,,1,0,1
2026-08-14T05:00:00+08:00,1786654800000,entry,long,zero_axis_up_add,1,2.6250164063525396,76.19,0.04,,2,0,2
2026-08-14T09:00:00+08:00,1786669200000,exit,long,red_histogram_shrinking,1,2.626395272488509,76.05,0.039947472094550227,-0.3425869993434235,1,0,1
2026-08-14T11:00:00+08:00,1786676400000,exit,long,dead_cross_flip_close_opposite,1,2.6250164063525396,75.99,0.03989499934374589,-0.6048982806142613,0,0,0
2026-08-14T11:00:00+08:00,1786676400000,entry,short,dead_cross_flip_open_one_unit,1,2.6319252533228057,75.99,0.04,,0,1,1
2026-08-14T12:00:00+08:00,1786680000000,entry,short,zero_axis_down_add,1,2.641310089804543,75.72,0.04,,0,2,2
2026-08-14T14:00:00+08:00,1786687200000,exit,short,green_histogram_shrinking,1,2.6319252533228057,75.88,0.0399420976444269,0.20956968022108025,0,1,1
2026-08-14T15:00:00+08:00,1786690800000,entry,short,green_histogram_expansion_add,1,2.6490066225165565,75.5,0.04,,0,2,2
2026-08-14T17:00:00+08:00,1786698000000,exit,short,green_histogram_shrinking,1,2.641310089804543,75.83,0.040058108821975705,-0.37060221870047394,0,1,1
2026-08-14T18:00:00+08:00,1786701600000,entry,short,green_histogram_expansion_add,1,2.65041081367612,75.46,0.04,,0,2,2
2026-08-14T20:00:00+08:00,1786708800000,exit,short,green_histogram_shrinking,1,2.6490066225165565,75.5,0.04000000000000001,-0.08000000000000002,0,1,1
2026-08-14T22:00:00+08:00,1786716000000,entry,short,green_histogram_expansion_add,1,2.6549847338377806,75.33,0.04,,0,2,2
2026-08-15T00:00:00+08:00,1786723200000,exit,short,green_histogram_shrinking,1,2.65041081367612,75.6,0.04007421150278294,-0.4511317254174413,0,1,1
2026-08-15T01:00:00+08:00,1786726800000,exit,short,golden_cross_flip_close_opposite,1,2.6549847338377806,75.43,0.04005309969467676,-0.3455515730784774,0,0,0
2026-08-15T01:00:00+08:00,1786726800000,entry,long,golden_cross_flip_open_one_unit,1,2.6514649343762424,75.43,0.04,,1,0,1
2026-08-15T02:00:00+08:00,1786730400000,exit,long,dead_cross_flip_close_opposite,1,2.6514649343762424,75.25,0.03990454726236245,-0.5571682354501042,0,0,0
2026-08-15T02:00:00+08:00,1786730400000,entry,short,dead_cross_flip_open_one_unit,1,2.6578073089700998,75.25,0.04,,0,1,1
2026-08-15T03:00:00+08:00,1786734000000,entry,short,green_histogram_expansion_add,1,2.6695141484249865,74.92,0.04,,0,2,2
2026-08-15T05:00:00+08:00,1786741200000,exit,short,green_histogram_shrinking,1,2.6578073089700998,75.11,0.03992558139534884,0.29216744186046667,0,1,1
2026-08-15T08:00:00+08:00,1786752000000,exit,short,golden_cross_flip_close_opposite,1,2.6695141484249865,75.36,0.0402349172450614,-1.2548211425520495,0,0,0
2026-08-15T08:00:00+08:00,1786752000000,entry,long,golden_cross_flip_open_one_unit,1,2.653927813163482,75.36,0.04,,1,0,1
2026-08-15T09:00:00+08:00,1786755600000,entry,long,red_histogram_expansion_add,1,2.655689815429558,75.31,0.04,,2,0,2
2026-08-15T12:00:00+08:00,1786766400000,exit,long,red_histogram_shrinking,1,2.653927813163482,75.36,0.04,-0.08,1,0,1
2026-08-15T17:00:00+08:00,1786784400000,exit,long,dead_cross_flip_close_opposite,1,2.655689815429558,75.04,0.03985659274996681,-0.7968928429159369,0,0,0
2026-08-15T17:00:00+08:00,1786784400000,entry,short,dead_cross_flip_open_one_unit,1,2.6652452025586353,75.04,0.04,,0,1,1
2026-08-15T18:00:00+08:00,1786788000000,exit,short,green_histogram_shrinking,1,2.6652452025586353,75.2,0.04008528784648188,-0.5065245202558544,0,0,0
2026-08-15T20:00:00+08:00,1786795200000,entry,long,golden_cross_open,1,2.6595744680851063,75.2,0.04,,1,0,1
2026-08-15T21:00:00+08:00,1786798800000,entry,long,red_histogram_expansion_add,1,2.65357569324665,75.37,0.04,,2,0,2
2026-08-15T23:00:00+08:00,1786806000000,exit,long,red_histogram_shrinking,1,2.6595744680851063,75.4,0.04010638297872341,0.4518085106383054,1,0,1
2026-08-16T00:00:00+08:00,1786809600000,entry,long,zero_axis_up_add,1,2.649708532061473,75.48,0.04,,2,0,2
2026-08-16T01:00:00+08:00,1786813200000,exit,long,red_histogram_shrinking,1,2.65357569324665,75.44,0.040037150059705456,0.10571314846754193,1,0,1
2026-08-16T02:00:00+08:00,1786816800000,entry,long,red_histogram_expansion_add,1,2.6448029621793174,75.62,0.04,,2,0,2
2026-08-16T03:00:00+08:00,1786820400000,exit,long,red_histogram_shrinking,1,2.649708532061473,75.51,0.040015898251192374,-0.0005246422893451647,1,0,1
2026-08-16T06:00:00+08:00,1786831200000,entry,long,red_histogram_expansion_add,1,2.646202699126753,75.58,0.04,,2,0,2
2026-08-16T07:00:00+08:00,1786834800000,exit,long,red_histogram_shrinking,1,2.6448029621793174,75.54,0.03995768315260513,-0.291541920126946,1,0,1
2026-08-16T08:00:00+08:00,1786838400000,exit,long,dead_cross_flip_close_opposite,1,2.646202699126753,75.3,0.0398518126488489,-0.8207885684043428,0,0,0
2026-08-16T08:00:00+08:00,1786838400000,entry,short,dead_cross_flip_open_one_unit,1,2.656042496679947,75.3,0.04,,0,1,1
2026-08-16T09:00:00+08:00,1786842000000,entry,short,green_histogram_expansion_add,1,2.6518164942985947,75.42,0.04,,0,2,2
2026-08-16T11:00:00+08:00,1786849200000,exit,short,green_histogram_shrinking,1,2.656042496679947,75.53,0.040122177954847286,-0.6910119521912458,0,1,1
2026-08-16T12:00:00+08:00,1786852800000,exit,short,golden_cross_flip_close_opposite,1,2.6518164942985947,75.53,0.04005833996287458,-0.37175815433571846,0,0,0
2026-08-16T12:00:00+08:00,1786852800000,entry,long,golden_cross_flip_open_one_unit,1,2.647954455183371,75.53,0.04,,1,0,1
2026-08-16T13:00:00+08:00,1786856400000,exit,long,dead_cross_flip_close_opposite,1,2.647954455183371,75.41,0.0399364490930756,-0.3976909837150921,0,0,0
2026-08-16T13:00:00+08:00,1786856400000,entry,short,dead_cross_flip_open_one_unit,1,2.652168147460549,75.41,0.04,,0,1,1
2026-08-16T14:00:00+08:00,1786860000000,entry,short,green_histogram_expansion_add,1,2.655689815429558,75.31,0.04,,0,2,2
2026-08-16T16:00:00+08:00,1786867200000,exit,short,green_histogram_shrinking,1,2.652168147460549,75.43,0.04001060867258985,-0.13305397162182797,0,1,1
2026-08-16T18:00:00+08:00,1786874400000,entry,short,green_histogram_expansion_add,1,2.6563952716164163,75.29,0.04,,0,2,2
2026-08-16T22:00:00+08:00,1786888800000,exit,short,green_histogram_shrinking,1,2.655689815429558,75.26,0.03997344310184571,0.05281104766962462,0,1,1
2026-08-17T00:00:00+08:00,1786896000000,exit,short,golden_cross_flip_close_opposite,1,2.6563952716164163,75.53,0.04012750697303759,-0.717662372160964,0,0,0
2026-08-17T00:00:00+08:00,1786896000000,entry,long,golden_cross_flip_open_one_unit,1,2.647954455183371,75.53,0.04,,1,0,1
2026-08-17T01:00:00+08:00,1786899600000,entry,long,zero_axis_up_add,1,2.648305084745763,75.52,0.04,,2,0,2
2026-08-17T02:00:00+08:00,1786903200000,exit,long,red_histogram_shrinking,1,2.647954455183371,75.23,0.039841122732689006,-0.8742274592876929,1,0,1
2026-08-17T03:00:00+08:00,1786906800000,exit,long,dead_cross_flip_close_opposite,1,2.648305084745763,75.14,0.03979872881355933,-1.0861546610169373,0,0,0
2026-08-17T03:00:00+08:00,1786906800000,entry,short,dead_cross_flip_open_one_unit,1,2.6616981634282673,75.14,0.04,,0,1,1
2026-08-17T04:00:00+08:00,1786910400000,entry,short,green_histogram_expansion_add,1,2.6602819898909282,75.18,0.04,,0,2,2
2026-08-17T08:00:00+08:00,1786924800000,exit,short,green_histogram_shrinking,1,2.6616981634282673,74.55,0.039685919616715463,1.4907159968059713,0,1,1
2026-08-17T11:00:00+08:00,1786935600000,exit,short,golden_cross_flip_close_opposite,1,2.6602819898909282,75.45,0.04014365522745411,-0.7984197924979942,0,0,0
2026-08-17T11:00:00+08:00,1786935600000,entry,long,golden_cross_flip_open_one_unit,1,2.6507620941020544,75.45,0.04,,1,0,1
2026-08-17T12:00:00+08:00,1786939200000,entry,long,red_histogram_expansion_add,1,2.6507620941020544,75.45,0.04,,2,0,2
2026-08-17T14:00:00+08:00,1786946400000,exit,long,red_histogram_shrinking,1,2.6507620941020544,75.35,0.03994698475811796,-0.345023194168346,1,0,1
2026-08-17T15:00:00+08:00,1786950000000,entry,long,red_histogram_expansion_add,1,2.6381743833267377,75.81,0.04,,2,0,2
2026-08-17T16:00:00+08:00,1786953600000,exit,long,red_histogram_shrinking,1,2.6507620941020544,75.75,0.04015904572564613,0.7150695825049627,1,0,1
2026-08-17T19:00:00+08:00,1786964400000,entry,long,red_histogram_expansion_add,1,2.641310089804543,75.72,0.04,,2,0,2
2026-08-17T20:00:00+08:00,1786968000000,exit,long,red_histogram_shrinking,1,2.6381743833267377,75.65,0.03991557841973355,-0.5020234797520026,1,0,1
2026-08-17T23:00:00+08:00,1786978800000,entry,long,red_histogram_expansion_add,1,2.633658151171978,75.94,0.04,,2,0,2
2026-08-18T01:00:00+08:00,1786986000000,exit,long,red_histogram_shrinking,1,2.641310089804543,75.96,0.04012678288431062,0.5537876386687662,1,0,1
2026-08-18T05:00:00+08:00,1787000400000,entry,long,red_histogram_expansion_add,1,2.6333113890717574,75.95,0.04,,2,0,2
2026-08-18T06:00:00+08:00,1787004000000,exit,long,red_histogram_shrinking,1,2.633658151171978,75.92,0.03998946536739532,-0.1326626283908244,1,0,1
2026-08-18T07:00:00+08:00,1787007600000,exit,long,dead_cross_flip_close_opposite,1,2.6333113890717574,75.7,0.039868334430546416,-0.7381961816984858,0,0,0
2026-08-18T07:00:00+08:00,1787007600000,entry,short,dead_cross_flip_open_one_unit,1,2.642007926023778,75.7,0.04,,0,1,1
2026-08-18T08:00:00+08:00,1787011200000,exit,short,green_histogram_shrinking,1,2.642007926023778,75.98,0.040147952443857333,-0.8199101717305183,0,0,0
2026-08-18T16:00:00+08:00,1787040000000,entry,long,golden_cross_open,1,2.6295030239284776,76.06,0.04,,1,0,1
2026-08-18T17:00:00+08:00,1787043600000,entry,long,red_histogram_expansion_add,1,2.627430373095113,76.12,0.04,,2,0,2
2026-08-18T18:00:00+08:00,1787047200000,exit,long,red_histogram_shrinking,1,2.6295030239284776,75.91,0.03992111490928215,-0.4743465684985687,1,0,1
2026-08-18T20:00:00+08:00,1787054400000,entry,long,red_histogram_expansion_add,1,2.6219192448872572,76.28,0.04,,2,0,2
2026-08-18T22:00:00+08:00,1787061600000,exit,long,red_histogram_shrinking,1,2.627430373095113,76.17,0.04002627430373095,0.051345244351017234,1,0,1
2026-08-18T23:00:00+08:00,1787065200000,entry,long,red_histogram_expansion_add,1,2.6058631921824102,76.75,0.04,,2,0,2
2026-08-19T02:00:00+08:00,1787076000000,exit,long,red_histogram_shrinking,1,2.6219192448872572,76.85,0.04029889879391714,1.4141950707918014,1,0,1
2026-08-19T03:00:00+08:00,1787079600000,entry,long,red_histogram_expansion_add,1,2.59000259000259,77.22,0.04,,2,0,2
2026-08-19T04:00:00+08:00,1787083200000,exit,long,red_histogram_shrinking,1,2.6058631921824102,77.14,0.04020325732899022,0.9360833876221512,1,0,1
2026-08-19T07:00:00+08:00,1787094000000,exit,long,dead_cross_flip_close_opposite,1,2.59000259000259,76.92,0.03984459984459984,-0.8568453768453695,0,0,0
2026-08-19T07:00:00+08:00,1787094000000,entry,short,dead_cross_flip_open_one_unit,1,2.6001040041601664,76.92,0.04,,0,1,1
2026-08-19T08:00:00+08:00,1787097600000,entry,short,green_histogram_expansion_add,1,2.5967281225655676,77.02,0.04,,0,2,2
2026-08-19T12:00:00+08:00,1787112000000,exit,short,green_histogram_shrinking,1,2.6001040041601664,76.95,0.04001560062402496,-0.1580187207488329,0,1,1
2026-08-19T13:00:00+08:00,1787115600000,entry,short,green_histogram_expansion_add,1,2.6038276266111184,76.81,0.04,,0,2,2
2026-08-19T15:00:00+08:00,1787122800000,exit,short,green_histogram_shrinking,1,2.5967281225655676,77.05,0.0400155803687354,-0.15791742404570538,0,1,1
2026-08-19T18:00:00+08:00,1787133600000,exit,short,golden_cross_flip_close_opposite,1,2.6038276266111184,77.27,0.040239552141648226,-1.2780002603827465,0,0,0
2026-08-19T18:00:00+08:00,1787133600000,entry,long,golden_cross_flip_open_one_unit,1,2.588326646822829,77.27,0.04,,1,0,1
2026-08-19T19:00:00+08:00,1787137200000,entry,long,red_histogram_expansion_add,1,2.585983966899405,77.34,0.04,,2,0,2
2026-08-19T22:00:00+08:00,1787148000000,exit,long,fixed_take_profit,1,2.588326646822829,78.85108383675053,0.040818472285104455,4.0115429532371865,1,0,1
2026-08-19T23:00:00+08:00,1787151600000,exit,long,fixed_take_profit,1,2.585983966899405,80.84,0.041810188776829585,8.96913369537109,0,0,0
2026-08-20T12:00:00+08:00,1787198400000,entry,short,dead_cross_open,1,2.3677045104770924,84.47,0.04,,0,1,1
2026-08-20T13:00:00+08:00,1787202000000,entry,short,green_histogram_expansion_add,1,2.3579344494223062,84.82,0.04,,0,2,2
2026-08-20T15:00:00+08:00,1787209200000,exit,short,green_histogram_shrinking,1,2.3677045104770924,85.88,0.04066769267195454,-3.4191310524446465,0,1,1
2026-08-20T17:00:00+08:00,1787216400000,exit,short,golden_cross_flip_close_opposite,1,2.3579344494223062,87.5,0.041263852864890364,-6.400528177316687,0,0,0
2026-08-20T17:00:00+08:00,1787216400000,entry,long,golden_cross_flip_open_one_unit,1,2.2857142857142856,87.5,0.04,,1,0,1
2026-08-20T18:00:00+08:00,1787220000000,entry,long,red_histogram_expansion_add,1,2.290688351849731,87.31,0.04,,2,0,2
2026-08-20T19:00:00+08:00,1787223600000,exit,long,red_histogram_shrinking,1,2.2857142857142856,87.44,0.03997257142857143,-0.2171154285714338,1,0,1
2026-08-20T20:00:00+08:00,1787227200000,exit,long,bearish_divergence_confirmed_dead_cross_close_opposite,1,2.290688351849731,87.17,0.039935860726148215,-0.40063222998511183,0,0,0
2026-08-20T20:00:00+08:00,1787227200000,entry,short,bearish_divergence_confirmed_dead_cross_open_one_unit,1,2.2943673282092463,87.17,0.04,,0,1,1
2026-08-20T21:00:00+08:00,1787230800000,entry,short,green_histogram_expansion_add,1,2.297794117647059,87.04,0.04,,0,2,2
2026-08-21T00:00:00+08:00,1787241600000,exit,short,green_histogram_shrinking,1,2.2943673282092463,87.34,0.04007800848915912,-0.47012045428473487,0,1,1
2026-08-21T02:00:00+08:00,1787248800000,entry,short,green_histogram_expansion_add,1,2.2867596615595702,87.46,0.04,,0,2,2
2026-08-21T04:00:00+08:00,1787256000000,exit,short,green_histogram_shrinking,1,2.297794117647059,87.27,0.04010569852941177,-0.6085983455882119,0,1,1
2026-08-21T07:00:00+08:00,1787266800000,entry,short,green_histogram_expansion_add,1,2.293577981651376,87.2,0.04,,0,2,2
2026-08-21T08:00:00+08:00,1787270400000,exit,short,green_histogram_shrinking,1,2.2867596615595702,87.62,0.040073176309169914,-0.44595472215872584,0,1,1
2026-08-21T11:00:00+08:00,1787281200000,exit,short,golden_cross_flip_close_opposite,1,2.293577981651376,89.22,0.040926605504587155,-4.713954128440358,0,0,0
2026-08-21T11:00:00+08:00,1787281200000,entry,long,golden_cross_flip_open_one_unit,1,2.2416498542927594,89.22,0.04,,1,0,1
2026-08-21T12:00:00+08:00,1787284800000,entry,long,red_histogram_expansion_add,1,2.2451728783116303,89.08,0.04,,2,0,2
2026-08-21T14:00:00+08:00,1787292000000,exit,long,fixed_take_profit,1,2.2416498542927594,90.93294393718452,0.04076796410544027,3.7590525630959033,1,0,1
2026-08-21T15:00:00+08:00,1787295600000,exit,long,red_histogram_shrinking,1,2.2451728783116303,90.19,0.040498428378985186,2.411643466546923,0,0,0
2026-08-21T20:00:00+08:00,1787313600000,entry,short,dead_cross_open,1,2.2148394241417497,90.3,0.04,,0,1,1
2026-08-21T21:00:00+08:00,1787317200000,entry,short,green_histogram_expansion_add,1,2.201188641866608,90.86,0.04,,0,2,2
2026-08-21T23:00:00+08:00,1787324400000,exit,short,green_histogram_shrinking,1,2.2148394241417497,91.86,0.04069102990033223,-3.5358405315614667,0,1,1
2026-08-22T00:00:00+08:00,1787328000000,entry,short,green_histogram_expansion_add,1,2.1896211955331726,91.34,0.04,,0,2,2
2026-08-22T02:00:00+08:00,1787335200000,exit,short,green_histogram_shrinking,1,2.201188641866608,91.79,0.040409421087387196,-2.1275148580233476,0,1,1
2026-08-22T03:00:00+08:00,1787338800000,entry,short,green_histogram_expansion_add,1,2.184598580010923,91.55,0.04,,0,2,2
2026-08-22T05:00:00+08:00,1787346000000,exit,short,green_histogram_shrinking,1,2.1896211955331726,91.85,0.04022334136194438,-1.1969301510838426,0,1,1
2026-08-22T06:00:00+08:00,1787349600000,exit,short,golden_cross_flip_close_opposite,1,2.184598580010923,93.72,0.04094811578372474,-4.821527034407432,0,0,0
2026-08-22T06:00:00+08:00,1787349600000,entry,long,golden_cross_flip_open_one_unit,1,2.1340162185232607,93.72,0.04,,1,0,1
2026-08-22T07:00:00+08:00,1787353200000,entry,long,red_histogram_expansion_add,1,2.1208907741251326,94.3,0.04,,2,0,2
2026-08-22T08:00:00+08:00,1787356800000,exit,long,red_histogram_shrinking,1,2.1340162185232607,93.71,0.03999573196756295,-0.10133589415280647,1,0,1
2026-08-22T11:00:00+08:00,1787367600000,entry,long,red_histogram_expansion_add,1,2.091612633340305,95.62,0.04,,2,0,2
2026-08-22T11:00:00+08:00,1787367600000,exit,long,fixed_take_profit,1,2.1208907741251326,96.8545210614996,0.041083572030328565,5.336776579612512,1,0,1
2026-08-22T12:00:00+08:00,1787371200000,exit,long,fixed_take_profit,1,2.091612633340305,97.53240000000001,0.0408,3.9192000000000107,0,0,0
2026-08-22T15:00:00+08:00,1787382000000,entry,short,bearish_divergence_confirmed_dead_cross,1,2.1213406873143827,94.28,0.04,,0,1,1
2026-08-22T16:00:00+08:00,1787385600000,entry,short,green_histogram_expansion_add,1,2.117522498676548,94.45,0.04,,0,2,2
2026-08-22T18:00:00+08:00,1787392800000,exit,short,fixed_take_profit,1,2.1213406873143827,92.4776249668839,0.03923530970169024,3.7442161818471154,0,1,1
2026-08-22T19:00:00+08:00,1787396400000,exit,short,fixed_take_profit,1,2.117522498676548,92.561,0.0392,3.9207999999999905,0,0,0
2026-08-23T09:00:00+08:00,1787446800000,entry,long,golden_cross_open,1,2.075765438505449,96.35,0.04,,1,0,1
2026-08-23T10:00:00+08:00,1787450400000,entry,long,red_histogram_expansion_add,1,2.0833333333333335,96.0,0.04,,2,0,2
2026-08-23T11:00:00+08:00,1787454000000,exit,long,red_histogram_shrinking,1,2.075765438505449,94.89,0.039393876491956414,-3.1100114167098987,1,0,1
2026-08-23T12:00:00+08:00,1787457600000,exit,long,dead_cross_flip_close_opposite,1,2.0833333333333335,93.72,0.03905,-4.829050000000002,0,0,0
2026-08-23T12:00:00+08:00,1787457600000,entry,short,dead_cross_flip_open_one_unit,1,2.1340162185232607,93.72,0.04,,0,1,1
2026-08-23T13:00:00+08:00,1787461200000,entry,short,green_histogram_expansion_add,1,2.1609940572663424,92.55,0.04,,0,2,2
2026-08-23T16:00:00+08:00,1787472000000,exit,short,green_histogram_shrinking,1,2.1340162185232607,92.48,0.03947076397780624,2.5667093469910265,0,1,1
2026-08-23T20:00:00+08:00,1787486400000,exit,short,golden_cross_flip_close_opposite,1,2.1609940572663424,94.6,0.040886007563479196,-4.510923824959475,0,0,0
2026-08-23T20:00:00+08:00,1787486400000,entry,long,golden_cross_flip_open_one_unit,1,2.1141649048625792,94.6,0.04,,1,0,1
2026-08-23T21:00:00+08:00,1787490000000,entry,long,zero_axis_up_add,1,2.1150592216582065,94.56,0.04,,2,0,2
2026-08-23T23:00:00+08:00,1787497200000,exit,long,red_histogram_shrinking,1,2.1141649048625792,95.03,0.04018181818181819,0.8289090909091053,1,0,1
2026-08-24T00:00:00+08:00,1787500800000,entry,long,red_histogram_expansion_add,1,2.0981955518254303,95.32,0.04,,2,0,2
2026-08-24T01:00:00+08:00,1787504400000,exit,long,red_histogram_shrinking,1,2.1150592216582065,95.39,0.04035109983079527,1.6751480541455126,1,0,1
2026-08-24T07:00:00+08:00,1787526000000,entry,long,red_histogram_expansion_add,1,2.092706916396359,95.57,0.04,,2,0,2
2026-08-24T08:00:00+08:00,1787529600000,exit,long,red_histogram_shrinking,1,2.0981955518254303,95.43,0.040046160302140164,0.1507553503986858,1,0,1
2026-08-24T10:00:00+08:00,1787536800000,exit,long,dead_cross_flip_close_opposite,1,2.092706916396359,93.84,0.039275923406926865,-3.6996588887726065,0,0,0
2026-08-24T10:00:00+08:00,1787536800000,entry,short,dead_cross_flip_open_one_unit,1,2.131287297527707,93.84,0.04,,0,1,1
2026-08-24T11:00:00+08:00,1787540400000,entry,short,green_histogram_expansion_add,1,2.1150592216582065,94.56,0.04,,0,2,2
2026-08-24T13:00:00+08:00,1787547600000,exit,short,green_histogram_shrinking,1,2.131287297527707,94.19,0.040149190110826946,-0.8260997442455122,0,1,1
2026-08-24T14:00:00+08:00,1787551200000,entry,short,zero_axis_down_add,1,2.1220159151193636,94.25,0.04,,0,2,2
2026-08-24T18:00:00+08:00,1787565600000,exit,short,green_histogram_shrinking,1,2.1150592216582065,94.65,0.040038071065989854,-0.2703934010152356,0,1,1
2026-08-24T20:00:00+08:00,1787572800000,exit,short,golden_cross_flip_close_opposite,1,2.1220159151193636,95.82,0.040666312997347485,-3.4122312997347337,0,0,0
2026-08-24T20:00:00+08:00,1787572800000,entry,long,golden_cross_flip_open_one_unit,1,2.087246921310791,95.82,0.04,,1,0,1
2026-08-24T21:00:00+08:00,1787576400000,entry,long,red_histogram_expansion_add,1,2.0779220779220777,96.25,0.04,,2,0,2
2026-08-24T22:00:00+08:00,1787580000000,exit,long,red_histogram_shrinking,1,2.087246921310791,94.99,0.039653517011062414,-1.8120684616990155,1,0,1
2026-08-24T23:00:00+08:00,1787583600000,entry,long,red_histogram_expansion_add,1,2.0818153429790778,96.07,0.04,,2,0,2
2026-08-25T01:00:00+08:00,1787590800000,exit,long,red_histogram_shrinking,1,2.0779220779220777,96.02,0.039904415584415584,-0.5578264935065017,1,0,1
2026-08-25T04:00:00+08:00,1787601600000,entry,long,red_histogram_expansion_add,1,2.0727536532283137,96.49,0.04,,2,0,2
2026-08-25T06:00:00+08:00,1787608800000,exit,long,fixed_take_profit,1,2.0818153429790778,98.20513280016618,0.04088899044453677,4.364063232239318,1,0,1
2026-08-25T07:00:00+08:00,1787612400000,exit,long,fixed_take_profit,1,2.0727536532283137,98.4198,0.040799999999999996,3.9192,0,0,0
2026-08-25T16:00:00+08:00,1787644800000,entry,short,dead_cross_open,1,1.9958088015168147,100.21,0.04,,0,1,1
2026-08-25T17:00:00+08:00,1787648400000,entry,short,green_histogram_expansion_add,1,1.9924287706714485,100.38,0.04,,0,2,2
2026-08-25T20:00:00+08:00,1787659200000,exit,short,fixed_take_profit,1,1.9958088015168147,98.28902940326039,0.03923322199511442,3.7546568024328018,0,1,1
2026-08-25T21:00:00+08:00,1787662800000,exit,short,fixed_take_profit,1,1.9924287706714485,98.3724,0.0392,3.9207999999999927,0,0,0
2026-08-26T03:00:00+08:00,1787684400000,entry,short,zero_axis_down_open,1,2.0319008432388497,98.43,0.04,,0,1,1
2026-08-26T05:00:00+08:00,1787691600000,entry,short,green_histogram_expansion_add,1,2.0697505950532964,96.63,0.04,,0,2,2
2026-08-26T05:00:00+08:00,1787691600000,exit,short,fixed_take_profit,1,2.0319008432388497,95.57126096585665,0.03883826514918486,5.729835988926513,0,1,1
2026-08-26T06:00:00+08:00,1787695200000,exit,short,green_histogram_shrinking,1,2.0697505950532964,97.13,0.04020697505950534,-1.1150822725861536,0,0,0
2026-08-26T16:00:00+08:00,1787731200000,entry,long,golden_cross_open,1,2.0641965115078955,96.89,0.04,,1,0,1
2026-08-26T17:00:00+08:00,1787734800000,entry,long,red_histogram_expansion_add,1,2.066756226103131,96.77,0.04,,2,0,2
2026-08-26T18:00:00+08:00,1787738400000,exit,long,dead_cross_flip_close_opposite,2,4.130952737611027,96.12,0.07941343542783438,-3.0922362962559236,0,0,0
2026-08-26T18:00:00+08:00,1787738400000,entry,short,dead_cross_flip_open_one_unit,1,2.0807324178110695,96.12,0.04,,0,1,1
2026-08-26T19:00:00+08:00,1787742000000,exit,short,golden_cross_flip_close_opposite,1,2.0807324178110695,97.41,0.040536828963795256,-2.7646816479400584,0,0,0
2026-08-26T19:00:00+08:00,1787742000000,entry,long,golden_cross_flip_open_one_unit,1,2.053177291859152,97.41,0.04,,1,0,1
2026-08-26T20:00:00+08:00,1787745600000,entry,long,red_histogram_expansion_add,1,2.062280882656218,96.98,0.04,,2,0,2
2026-08-26T22:00:00+08:00,1787752800000,exit,long,red_histogram_shrinking,1,2.053177291859152,96.5,0.03962632173288164,-1.9480176573247032,1,0,1
2026-08-26T23:00:00+08:00,1787756400000,exit,long,dead_cross_flip_close_opposite,1,2.062280882656218,95.42,0.039356568364611266,-3.2965147453083157,0,0,0
2026-08-26T23:00:00+08:00,1787756400000,entry,short,dead_cross_flip_open_one_unit,1,2.0959966464053656,95.42,0.04,,0,1,1
2026-08-27T00:00:00+08:00,1787760000000,entry,short,green_histogram_expansion_add,1,2.086158339417962,95.87,0.04,,0,2,2
2026-08-27T01:00:00+08:00,1787763600000,exit,short,green_histogram_shrinking,1,2.0959966464053656,95.89,0.040197023684762107,-1.0653154474952817,0,1,1
2026-08-27T02:00:00+08:00,1787767200000,exit,short,bullish_divergence_confirmed_golden_cross_close_opposite,1,2.086158339417962,96.93,0.04044226556795661,-2.291770105351001,0,0,0
2026-08-27T02:00:00+08:00,1787767200000,entry,long,bullish_divergence_confirmed_golden_cross_open_one_unit,1,2.063344681729083,96.93,0.04,,1,0,1
2026-08-27T03:00:00+08:00,1787770800000,entry,long,red_histogram_expansion_add,1,2.0663291662361813,96.79,0.04,,2,0,2
2026-08-27T06:00:00+08:00,1787781600000,exit,long,fixed_take_profit,1,2.063344681729083,98.79714839975222,0.040770514144125546,3.7718002064835647,1,0,1
2026-08-27T07:00:00+08:00,1787785200000,entry,long,zero_axis_up_add,1,2.0072260136491367,99.64,0.04,,2,0,2
2026-08-27T07:00:00+08:00,1787785200000,exit,long,fixed_take_profit,1,2.0663291662361813,100.1582111897368,0.04139196660387925,6.878441052792334,1,0,1
2026-08-27T08:00:00+08:00,1787788800000,exit,long,fixed_take_profit,1,2.0072260136491367,102.03,0.040959454034524286,4.7163107185869135,0,0,0
2026-08-28T07:00:00+08:00,1787871600000,entry,short,dead_cross_open,1,1.8328445747800586,109.12,0.04,,0,1,1
2026-08-28T08:00:00+08:00,1787875200000,entry,short,green_histogram_expansion_add,1,1.833348611238427,109.09,0.04,,0,2,2
2026-08-28T10:00:00+08:00,1787882400000,exit,short,fixed_take_profit,1,1.8328445747800586,106.92289797901104,0.03919461069611842,3.947751908711808,0,1,1
2026-08-28T11:00:00+08:00,1787886000000,exit,short,fixed_take_profit,1,1.833348611238427,106.48,0.03904299202493354,4.7059968833073595,0,0,0
2026-08-28T21:00:00+08:00,1787922000000,entry,short,zero_axis_down_open,1,1.9082148649937982,104.81,0.04,,0,1,1
2026-08-28T22:00:00+08:00,1787925600000,exit,short,green_histogram_shrinking,1,1.9082148649937982,105.09,0.040106860032439656,-0.6144070222307054,0,0,0
2026-08-29T10:00:00+08:00,1787968800000,entry,long,golden_cross_open,1,1.9210450485063875,104.11,0.04,,1,0,1
2026-08-29T11:00:00+08:00,1787972400000,entry,long,red_histogram_expansion_add,1,1.9251131003946482,103.89,0.04,,2,0,2
2026-08-29T15:00:00+08:00,1787986800000,exit,long,red_histogram_shrinking,1,1.9210450485063875,103.53,0.03977715877437326,-1.1939832869080746,1,0,1
2026-08-29T16:00:00+08:00,1787990400000,entry,long,red_histogram_expansion_add,1,1.929384526336099,103.66,0.04,,2,0,2
2026-08-29T17:00:00+08:00,1787994000000,exit,long,red_histogram_shrinking,1,1.9251131003946482,103.41,0.039815189142362116,-1.0038694773318009,1,0,1
2026-08-29T19:00:00+08:00,1788001200000,entry,long,red_histogram_expansion_add,1,1.9344230583228552,103.39,0.04,,2,0,2
2026-08-30T01:00:00+08:00,1788022800000,exit,long,red_histogram_shrinking,1,1.929384526336099,104.79,0.04043604090295197,2.0997684738568587,1,0,1
2026-08-30T03:00:00+08:00,1788030000000,exit,long,fixed_take_profit,1,1.9344230583228552,105.4578,0.0408,3.9192000000000107,0,0,0
2026-08-30T12:00:00+08:00,1788062400000,entry,short,dead_cross_open,1,1.9045805161413198,105.01,0.04,,0,1,1
2026-08-30T13:00:00+08:00,1788066000000,entry,short,green_histogram_expansion_add,1,1.9038553069966684,105.05,0.04,,0,2,2
2026-08-30T15:00:00+08:00,1788073200000,exit,short,green_histogram_shrinking,1,1.9045805161413198,105.34,0.040125702314065335,-0.7086372726406976,0,1,1
2026-08-30T16:00:00+08:00,1788076800000,entry,short,green_histogram_expansion_add,1,1.9089433998281953,104.77,0.04,,0,2,2
2026-08-30T19:00:00+08:00,1788087600000,exit,short,green_histogram_shrinking,1,1.9038553069966684,105.04,0.039996192289386015,-0.06095763921943664,0,1,1
2026-08-30T21:00:00+08:00,1788094800000,exit,short,golden_cross_flip_close_opposite,1,1.9089433998281953,106.04,0.04048487162355637,-2.504842989405384,0,0,0
2026-08-30T21:00:00+08:00,1788094800000,entry,long,golden_cross_flip_open_one_unit,1,1.886080724254998,106.04,0.04,,1,0,1
2026-08-30T22:00:00+08:00,1788098400000,entry,long,red_histogram_expansion_add,1,1.8684603886397608,107.04,0.04,,2,0,2
2026-08-31T00:00:00+08:00,1788105600000,exit,long,red_histogram_shrinking,1,1.886080724254998,106.23,0.040071671067521686,0.2782836665409237,1,0,1
2026-08-31T01:00:00+08:00,1788109200000,entry,long,red_histogram_expansion_add,1,1.8719580681392736,106.84,0.04,,2,0,2
2026-08-31T02:00:00+08:00,1788112800000,exit,long,red_histogram_shrinking,1,1.8684603886397608,106.33,0.039734678624813155,-1.4063415545590583,1,0,1
2026-08-31T04:00:00+08:00,1788120000000,exit,long,dead_cross_flip_close_opposite,1,1.8719580681392736,105.75,0.039591913141145636,-2.1200262074129603,0,0,0
2026-08-31T04:00:00+08:00,1788120000000,entry,short,dead_cross_flip_open_one_unit,1,1.8912529550827424,105.75,0.04,,0,1,1
2026-08-31T05:00:00+08:00,1788123600000,entry,short,green_histogram_expansion_add,1,1.9104021396503965,104.69,0.04,,0,2,2
2026-08-31T07:00:00+08:00,1788130800000,exit,short,fixed_take_profit,1,1.8912529550827424,103.1129837483368,0.039002547044288155,4.908262231514952,0,1,1
2026-08-31T08:00:00+08:00,1788134400000,exit,short,fixed_take_profit,1,1.9104021396503965,101.69,0.03885375871620977,5.65235266023498,0,0,0
2026-08-31T16:00:00+08:00,1788163200000,entry,long,golden_cross_open,1,1.943634596695821,102.9,0.04,,1,0,1
2026-08-31T17:00:00+08:00,1788166800000,entry,long,red_histogram_expansion_add,1,1.9389238972370333,103.15,0.04,,2,0,2
2026-08-31T21:00:00+08:00,1788181200000,exit,long,red_histogram_shrinking,1,1.943634596695821,102.71,0.039926141885325554,-0.44921671525755474,1,0,1
2026-08-31T23:00:00+08:00,1788188400000,entry,long,red_histogram_expansion_add,1,1.9327406262079627,103.48,0.04,,2,0,2
2026-09-01T00:00:00+08:00,1788192000000,exit,long,red_histogram_shrinking,1,1.9389238972370333,102.8,0.03986427532719341,-0.7584876393601716,1,0,1
2026-09-01T02:00:00+08:00,1788199200000,entry,long,red_histogram_expansion_add,1,1.9312475859405176,103.56,0.04,,2,0,2
2026-09-01T04:00:00+08:00,1788206400000,exit,long,red_histogram_shrinking,1,1.9327406262079627,103.56,0.04003092385001933,0.07458832624661438,1,0,1
2026-09-01T05:00:00+08:00,1788210000000,entry,long,zero_axis_up_add,1,1.9290123456790123,103.68,0.04,,2,0,2
2026-09-01T15:00:00+08:00,1788246000000,exit,long,red_histogram_shrinking,1,1.9312475859405176,103.33,0.039911162611046734,-0.5240981073773735,1,0,1
2026-09-01T16:00:00+08:00,1788249600000,exit,long,dead_cross_flip_close_opposite,1,1.9290123456790123,103.1,0.039776234567901234,-1.1986033950617525,0,0,0
2026-09-01T16:00:00+08:00,1788249600000,entry,short,dead_cross_flip_open_one_unit,1,1.9398642095053347,103.1,0.04,,0,1,1
2026-09-01T17:00:00+08:00,1788253200000,entry,short,zero_axis_down_add,1,1.9605920988138417,102.01,0.04,,0,2,2
2026-09-01T19:00:00+08:00,1788260400000,exit,short,green_histogram_shrinking,1,1.9398642095053347,102.3,0.03968962172647915,1.4722017458777832,0,1,1
2026-09-01T21:00:00+08:00,1788267600000,entry,short,green_histogram_expansion_add,1,1.9636720667648504,101.85,0.04,,0,2,2
2026-09-01T22:00:00+08:00,1788271200000,exit,short,green_histogram_shrinking,1,1.9605920988138417,101.89,0.03995294578962847,0.15531810606804144,0,1,1
2026-09-02T01:00:00+08:00,1788282000000,entry,short,green_histogram_expansion_add,1,1.983143282102132,100.85,0.04,,0,2,2
2026-09-02T02:00:00+08:00,1788285600000,exit,short,fixed_take_profit,1,1.9636720667648504,99.32058263443511,0.03900661075481006,4.887939615194885,0,1,1
2026-09-02T04:00:00+08:00,1788292800000,exit,short,green_histogram_shrinking,1,1.983143282102132,100.02,0.03967079821517105,1.5663381259295952,0,0,0
2026-09-02T11:00:00+08:00,1788318000000,entry,long,golden_cross_open,1,2.002402883460152,99.88,0.04,,1,0,1
2026-09-02T12:00:00+08:00,1788321600000,entry,long,red_histogram_expansion_add,1,1.9952114924181965,100.24,0.04,,2,0,2
2026-09-02T15:00:00+08:00,1788332400000,exit,long,red_histogram_shrinking,1,2.002402883460152,100.02,0.04005606728073688,0.20028033640368553,1,0,1
2026-09-02T18:00:00+08:00,1788343200000,exit,long,dead_cross_flip_close_opposite,1,1.9952114924181965,98.57,0.03933359936153232,-3.411336791699924,0,0,0
2026-09-02T18:00:00+08:00,1788343200000,entry,short,dead_cross_flip_open_one_unit,1,2.0290149132596125,98.57,0.04,,0,1,1
2026-09-02T19:00:00+08:00,1788346800000,entry,short,green_histogram_expansion_add,1,2.0370747606437156,98.18,0.04,,0,2,2
2026-09-02T22:00:00+08:00,1788357600000,exit,short,green_histogram_shrinking,1,2.0290149132596125,99.15,0.04023536572993812,-1.2570640154205388,0,1,1
2026-09-02T23:00:00+08:00,1788361200000,exit,short,golden_cross_flip_close_opposite,1,2.0370747606437156,98.87,0.04028111631696884,-1.4858627011611278,0,0,0
2026-09-02T23:00:00+08:00,1788361200000,entry,long,golden_cross_flip_open_one_unit,1,2.0228582987761707,98.87,0.04,,1,0,1
2026-09-03T00:00:00+08:00,1788364800000,entry,long,red_histogram_expansion_add,1,2.0151133501259446,99.25,0.04,,2,0,2
2026-09-03T01:00:00+08:00,1788368400000,exit,long,red_histogram_shrinking,1,2.0228582987761707,98.74,0.03994740568423182,-0.34291898452515357,1,0,1
2026-09-03T02:00:00+08:00,1788372000000,entry,long,red_histogram_expansion_add,1,2.014910336490026,99.26,0.04,,2,0,2
2026-09-03T06:00:00+08:00,1788386400000,exit,long,red_histogram_shrinking,1,2.0151133501259446,99.6,0.04014105793450882,0.6251486146095603,1,0,1
2026-09-03T08:00:00+08:00,1788393600000,entry,long,red_histogram_expansion_add,1,1.9924287706714485,100.38,0.04,,2,0,2
2026-09-03T09:00:00+08:00,1788397200000,exit,long,red_histogram_shrinking,1,2.014910336490026,99.45,0.04007656659278662,0.30275639734031373,1,0,1
2026-09-03T10:00:00+08:00,1788400800000,entry,long,zero_axis_up_add,1,1.998001998001998,100.1,0.04,,2,0,2
2026-09-03T12:00:00+08:00,1788408000000,exit,long,red_histogram_shrinking,1,1.9924287706714485,100.47,0.040035863717872086,0.09928272564256506,1,0,1
2026-09-03T13:00:00+08:00,1788411600000,entry,long,red_histogram_expansion_add,1,1.9813750743015652,100.94,0.04,,2,0,2
2026-09-03T14:00:00+08:00,1788415200000,exit,long,red_histogram_shrinking,1,1.998001998001998,100.81,0.040283716283716284,1.3382977022977183,1,0,1
2026-09-03T18:00:00+08:00,1788429600000,exit,long,dead_cross_flip_close_opposite,1,1.9813750743015652,100.12,0.03967505448781455,-1.7044026154150846,0,0,0
2026-09-03T18:00:00+08:00,1788429600000,entry,short,dead_cross_flip_open_one_unit,1,1.9976028765481422,100.12,0.04,,0,1,1
2026-09-03T19:00:00+08:00,1788433200000,entry,short,green_histogram_expansion_add,1,1.9922303018228906,100.39,0.04,,0,2,2
2026-09-03T20:00:00+08:00,1788436800000,exit,short,green_histogram_shrinking,1,1.9976028765481422,100.73,0.04024370755093888,-1.2987814622453047,0,1,1
2026-09-03T21:00:00+08:00,1788440400000,exit,short,golden_cross_flip_close_opposite,1,1.9922303018228906,101.61,0.04048610419364478,-2.511007072417569,0,0,0
2026-09-03T21:00:00+08:00,1788440400000,entry,long,golden_cross_flip_open_one_unit,1,1.9683102056884165,101.61,0.04,,1,0,1
2026-09-03T22:00:00+08:00,1788444000000,entry,long,red_histogram_expansion_add,1,1.972192091509713,101.41,0.04,,2,0,2
2026-09-03T22:00:00+08:00,1788444000000,exit,long,fixed_take_profit,1,1.9683102056884165,103.54009951728894,0.04075980691557482,3.718274770958527,1,0,1
2026-09-03T23:00:00+08:00,1788447600000,exit,long,fixed_take_profit,1,1.972192091509713,104.75,0.04131742431712849,6.50580416132532,0,0,0
2026-09-04T07:00:00+08:00,1788476400000,entry,short,dead_cross_open,1,1.9212295869356388,104.1,0.04,,0,1,1
2026-09-04T08:00:00+08:00,1788480000000,entry,short,green_histogram_expansion_add,1,1.925483777799172,103.87,0.04,,0,2,2
2026-09-04T13:00:00+08:00,1788498000000,exit,short,green_histogram_shrinking,1,1.9212295869356388,103.83,0.03989625360230548,0.43883573487030936,0,1,1
2026-09-04T20:00:00+08:00,1788523200000,exit,short,fixed_take_profit,1,1.925483777799172,101.79260000000001,0.0392,3.9207999999999945,0,0,0
2026-09-04T22:00:00+08:00,1788530400000,entry,short,zero_axis_down_open,1,1.9686977064671718,101.59,0.04,,0,1,1
2026-09-05T00:00:00+08:00,1788537600000,exit,short,green_histogram_shrinking,1,1.9686977064671718,101.37,0.039913377300915445,0.35320011812186014,0,0,0
2026-09-05T08:00:00+08:00,1788566400000,entry,long,golden_cross_open,1,1.96347928529354,101.86,0.04,,1,0,1
2026-09-05T09:00:00+08:00,1788570000000,entry,long,red_histogram_expansion_add,1,1.9652156824211457,101.77,0.04,,2,0,2
2026-09-05T12:00:00+08:00,1788580800000,exit,long,red_histogram_shrinking,1,1.96347928529354,101.82,0.03998429216571765,-0.15852346357747155,1,0,1
2026-09-05T14:00:00+08:00,1788588000000,entry,long,red_histogram_expansion_add,1,1.9642506383814575,101.82,0.04,,2,0,2
2026-09-05T19:00:00+08:00,1788606000000,exit,long,red_histogram_shrinking,1,1.9652156824211457,102.46,0.04027119976417412,1.2757276211064121,1,0,1
2026-09-05T21:00:00+08:00,1788613200000,entry,long,red_histogram_expansion_add,1,1.9385480275273819,103.17,0.04,,2,0,2
2026-09-05T22:00:00+08:00,1788616800000,exit,long,red_histogram_shrinking,1,1.9642506383814575,102.6,0.040306423099587506,1.4518090748379515,1,0,1
2026-09-06T01:00:00+08:00,1788627600000,entry,long,red_histogram_expansion_add,1,1.934984520123839,103.36,0.04,,2,0,2
2026-09-06T03:00:00+08:00,1788634800000,exit,long,red_histogram_shrinking,1,1.9385480275273819,103.86,0.04026751962779878,1.2573306193660903,1,0,1
2026-09-06T08:00:00+08:00,1788652800000,exit,long,dead_cross_flip_close_opposite,1,1.934984520123839,103.11,0.03990325077399381,-0.5636493808049535,0,0,0
2026-09-06T08:00:00+08:00,1788652800000,entry,short,dead_cross_flip_open_one_unit,1,1.939676074095626,103.11,0.04,,0,1,1
2026-09-06T09:00:00+08:00,1788656400000,entry,short,green_histogram_expansion_add,1,1.9368584156498159,103.26,0.04,,0,2,2
2026-09-06T10:00:00+08:00,1788660000000,exit,short,golden_cross_flip_close_opposite,2,3.876534489745442,104.0,0.08063191738670519,-3.320218850912667,0,0,0
2026-09-06T10:00:00+08:00,1788660000000,entry,long,golden_cross_flip_open_one_unit,1,1.9230769230769231,104.0,0.04,,1,0,1
2026-09-06T11:00:00+08:00,1788663600000,entry,long,red_histogram_expansion_add,1,1.916994153167833,104.33,0.04,,2,0,2
2026-09-06T11:00:00+08:00,1788663600000,exit,long,fixed_take_profit,1,1.9230769230769231,106.24803340853454,0.04086462823405175,4.242276542024678,1,0,1
2026-09-06T13:00:00+08:00,1788670800000,exit,long,fixed_take_profit,1,1.916994153167833,106.4166,0.04080000000000001,3.919200000000008,0,0,0
2026-09-06T23:00:00+08:00,1788706800000,entry,short,dead_cross_open,1,1.8926847733509984,105.67,0.04,,0,1,1
2026-09-07T00:00:00+08:00,1788710400000,entry,short,green_histogram_expansion_add,1,1.8925056775170324,105.68,0.04,,0,2,2
2026-09-07T02:00:00+08:00,1788717600000,exit,short,green_histogram_shrinking,1,1.8926847733509984,106.14,0.040177912368694994,-0.9697397558436621,0,1,1
2026-09-07T03:00:00+08:00,1788721200000,entry,short,green_histogram_expansion_add,1,1.8880392712168412,105.93,0.04,,0,2,2
2026-09-07T05:00:00+08:00,1788728400000,exit,short,green_histogram_shrinking,1,1.8925056775170324,105.68,0.04,-0.08,0,1,1
2026-09-07T10:00:00+08:00,1788746400000,entry,short,green_histogram_expansion_add,1,1.9004180919802358,105.24,0.04,,0,2,2
2026-09-07T11:00:00+08:00,1788750000000,exit,short,green_histogram_shrinking,1,1.8880392712168412,105.74,0.03992825450769376,0.2787992070235286,0,1,1
2026-09-07T12:00:00+08:00,1788753600000,entry,short,green_histogram_expansion_add,1,1.9069412662090008,104.88,0.04,,0,2,2
2026-09-07T14:00:00+08:00,1788760800000,exit,short,green_histogram_shrinking,1,1.9004180919802358,105.06,0.03993158494868872,0.2621436716077397,0,1,1
2026-09-07T16:00:00+08:00,1788768000000,entry,short,green_histogram_expansion_add,1,1.9157088122605364,104.4,0.04,,0,2,2
2026-09-07T17:00:00+08:00,1788771600000,exit,short,green_histogram_shrinking,1,1.9069412662090008,104.65,0.03991228070175439,0.3586842105262963,0,1,1
2026-09-07T21:00:00+08:00,1788786000000,exit,short,golden_cross_flip_close_opposite,1,1.9157088122605364,105.69,0.040494252873563216,-2.55175862068964,0,0,0
2026-09-07T21:00:00+08:00,1788786000000,entry,long,golden_cross_flip_open_one_unit,1,1.892326615573848,105.69,0.04,,1,0,1
2026-09-07T22:00:00+08:00,1788789600000,exit,long,red_histogram_shrinking,1,1.892326615573848,105.02,0.039746428233513105,-1.3476052606679947,0,0,0
2026-09-07T23:00:00+08:00,1788793200000,entry,short,bearish_divergence_confirmed_dead_cross,1,1.9124115509657678,104.58,0.04,,0,1,1
2026-09-08T00:00:00+08:00,1788796800000,entry,short,green_histogram_expansion_add,1,1.9377967251235346,103.21,0.04,,0,2,2
2026-09-08T02:00:00+08:00,1788804000000,exit,short,green_histogram_shrinking,1,1.9124115509657678,103.95,0.03975903614457831,1.1250602409638466,0,1,1
2026-09-08T07:00:00+08:00,1788822000000,entry,short,green_histogram_expansion_add,1,1.9327406262079627,103.48,0.04,,0,2,2
2026-09-08T08:00:00+08:00,1788825600000,exit,short,green_histogram_shrinking,1,1.9377967251235346,103.74,0.04020540645286309,-1.1072376707683387,0,1,1
2026-09-08T09:00:00+08:00,1788829200000,exit,short,golden_cross_flip_close_opposite,1,1.9327406262079627,104.05,0.04022033243138771,-1.1818824893699134,0,0,0
2026-09-08T09:00:00+08:00,1788829200000,entry,long,golden_cross_flip_open_one_unit,1,1.9221528111484865,104.05,0.04,,1,0,1
2026-09-08T10:00:00+08:00,1788832800000,entry,long,red_histogram_expansion_add,1,1.9171779141104295,104.32,0.04,,2,0,2
2026-09-08T11:00:00+08:00,1788836400000,exit,long,dead_cross_flip_close_opposite,2,3.839330725258916,103.22,0.07925914349224505,-3.8635416822669475,0,0,0
2026-09-08T11:00:00+08:00,1788836400000,entry,short,dead_cross_flip_open_one_unit,1,1.937608990505716,103.22,0.04,,0,1,1
2026-09-08T12:00:00+08:00,1788840000000,entry,short,green_histogram_expansion_add,1,1.9366708627868694,103.27,0.04,,0,2,2
2026-09-08T16:00:00+08:00,1788854400000,exit,short,green_histogram_shrinking,1,1.937608990505716,102.89,0.03987211780662662,0.5595388490602563,0,1,1
2026-09-08T18:00:00+08:00,1788861600000,exit,short,golden_cross_flip_close_opposite,1,1.9366708627868694,103.62,0.04013556696039509,-0.7579703689358159,0,0,0
2026-09-08T18:00:00+08:00,1788861600000,entry,long,golden_cross_flip_open_one_unit,1,1.9301293186643504,103.62,0.04,,1,0,1
2026-09-08T19:00:00+08:00,1788865200000,entry,long,red_histogram_expansion_add,1,1.9355463079454176,103.33,0.04,,2,0,2
2026-09-08T20:00:00+08:00,1788868800000,exit,long,red_histogram_shrinking,1,1.9301293186643504,102.82,0.039691179309013704,-1.623794634240516,1,0,1
2026-09-08T21:00:00+08:00,1788872400000,entry,long,red_histogram_expansion_add,1,1.9411821799475881,103.03,0.04,,2,0,2
2026-09-08T22:00:00+08:00,1788876000000,exit,long,red_histogram_shrinking,1,1.9355463079454176,102.63,0.03972902351688764,-1.4346114390786855,1,0,1
2026-09-08T23:00:00+08:00,1788879600000,entry,long,red_histogram_expansion_add,1,1.9366708627868694,103.27,0.04,,2,0,2
2026-09-09T02:00:00+08:00,1788890400000,exit,long,red_histogram_shrinking,1,1.9411821799475881,103.62,0.04022905949723382,1.0650684266718498,1,0,1
2026-09-09T06:00:00+08:00,1788904800000,exit,long,dead_cross_flip_close_opposite,1,1.9366708627868694,102.96,0.03987992640650721,-0.6802478938704412,0,0,0
2026-09-09T06:00:00+08:00,1788904800000,entry,short,dead_cross_flip_open_one_unit,1,1.9425019425019425,102.96,0.04,,0,1,1
2026-09-09T07:00:00+08:00,1788908400000,exit,short,golden_cross_flip_close_opposite,1,1.9425019425019425,103.35,0.04015151515151515,-0.8377272727272739,0,0,0
2026-09-09T07:00:00+08:00,1788908400000,entry,long,golden_cross_flip_open_one_unit,1,1.9351717464925013,103.35,0.04,,1,0,1
2026-09-09T08:00:00+08:00,1788912000000,entry,long,red_histogram_expansion_add,1,1.9357336430507164,103.32,0.04,,2,0,2
2026-09-09T11:00:00+08:00,1788922800000,exit,long,red_histogram_shrinking,1,1.9351717464925013,103.41,0.04002322206095791,0.03608708272859656,1,0,1
2026-09-09T13:00:00+08:00,1788930000000,entry,long,zero_axis_up_add,1,1.9164430816404754,104.36,0.04,,2,0,2
2026-09-09T18:00:00+08:00,1788948000000,exit,long,red_histogram_shrinking,1,1.9357336430507164,103.44,0.04004645760743322,0.15224157955866155,1,0,1
2026-09-09T19:00:00+08:00,1788951600000,exit,long,dead_cross_flip_close_opposite,1,1.9164430816404754,103.73,0.039758528171713305,-1.287117669605204,0,0,0
2026-09-09T19:00:00+08:00,1788951600000,entry,short,dead_cross_flip_open_one_unit,1,1.9280825219319386,103.73,0.04,,0,1,1
2026-09-09T20:00:00+08:00,1788955200000,exit,short,golden_cross_flip_close_opposite,1,1.9280825219319386,104.17,0.040169671261930016,-0.9285259809119787,0,0,0
2026-09-09T20:00:00+08:00,1788955200000,entry,long,golden_cross_flip_open_one_unit,1,1.919938561966017,104.17,0.04,,1,0,1
2026-09-09T21:00:00+08:00,1788958800000,entry,long,red_histogram_expansion_add,1,1.9114976584153685,104.63,0.04,,2,0,2
2026-09-09T22:00:00+08:00,1788962400000,exit,long,dead_cross_flip_close_opposite,2,3.831436220381385,103.74,0.07949463870047299,-2.686301136335553,0,0,0
2026-09-09T22:00:00+08:00,1788962400000,entry,short,dead_cross_flip_open_one_unit,1,1.92789666473877,103.74,0.04,,0,1,1
2026-09-09T23:00:00+08:00,1788966000000,entry,short,green_histogram_expansion_add,1,1.9338619222587508,103.42,0.04,,0,2,2
2026-09-10T01:00:00+08:00,1788973200000,exit,short,green_histogram_shrinking,1,1.92789666473877,103.32,0.039838056680161944,0.7298785425101247,0,1,1
2026-09-10T04:00:00+08:00,1788984000000,entry,short,green_histogram_expansion_add,1,1.9554165037152913,102.28,0.04,,0,2,2
2026-09-10T06:00:00+08:00,1788991200000,exit,short,fixed_take_profit,1,1.9338619222587508,100.78990421001458,0.03898275157997083,5.007259348565878,0,1,1
2026-09-10T08:00:00+08:00,1788998400000,exit,short,green_histogram_shrinking,1,1.9554165037152913,101.51,0.03969886585842785,1.4259718420023386,0,0,0
2026-09-10T13:00:00+08:00,1789016400000,entry,long,golden_cross_open,1,1.9621308741293042,101.93,0.04,,1,0,1
2026-09-10T14:00:00+08:00,1789020000000,entry,long,red_histogram_expansion_add,1,1.9598236158745714,102.05,0.04,,2,0,2
2026-09-10T16:00:00+08:00,1789027200000,exit,long,red_histogram_shrinking,1,1.9621308741293042,101.26,0.03973707446286667,-1.394364760129504,1,0,1
2026-09-10T18:00:00+08:00,1789034400000,exit,long,dead_cross_flip_close_opposite,1,1.9598236158745714,101.07,0.03961587457128859,-2.0002430181283763,0,0,0
2026-09-10T18:00:00+08:00,1789034400000,entry,short,dead_cross_flip_open_one_unit,1,1.9788265558523797,101.07,0.04,,0,1,1
2026-09-10T19:00:00+08:00,1789038000000,entry,short,green_histogram_expansion_add,1,1.9801980198019802,101.0,0.04,,0,2,2
2026-09-10T20:00:00+08:00,1789041600000,exit,short,fixed_take_profit,1,1.9788265558523797,99.01428811797891,0.03918642054733508,3.9887108427772637,0,1,1
2026-09-10T21:00:00+08:00,1789045200000,exit,short,fixed_take_profit,1,1.9801980198019802,98.87,0.03915643564356436,4.138665346534645,0,0,0
2026-09-11T03:00:00+08:00,1789066800000,entry,long,golden_cross_open,1,2.002402883460152,99.88,0.04,,1,0,1
2026-09-11T04:00:00+08:00,1789070400000,entry,long,red_histogram_expansion_add,1,2.007427481682224,99.63,0.04,,2,0,2
2026-09-11T07:00:00+08:00,1789081200000,exit,long,red_histogram_shrinking,1,2.002402883460152,99.2,0.03972767320784942,-1.4413616339607382,1,0,1
2026-09-11T08:00:00+08:00,1789084800000,exit,long,dead_cross_flip_close_opposite,1,2.007427481682224,98.61,0.03959048479373683,-2.1271665161095976,0,0,0
2026-09-11T08:00:00+08:00,1789084800000,entry,short,dead_cross_flip_open_one_unit,1,2.0281918669506136,98.61,0.04,,0,1,1
2026-09-11T09:00:00+08:00,1789088400000,exit,short,green_histogram_shrinking,1,2.0281918669506136,99.11,0.04020281918669506,-1.0942987526620018,0,0,0
2026-09-11T10:00:00+08:00,1789092000000,entry,long,golden_cross_open,1,2.0124773596297043,99.38,0.04,,1,0,1
2026-09-11T11:00:00+08:00,1789095600000,entry,long,red_histogram_expansion_add,1,2.014910336490026,99.26,0.04,,2,0,2
2026-09-11T16:00:00+08:00,1789113600000,exit,long,red_histogram_shrinking,1,2.0124773596297043,99.7,0.0401287985510163,0.5638639565305039,1,0,1
2026-09-11T17:00:00+08:00,1789117200000,entry,long,red_histogram_expansion_add,1,2.0026033843997197,99.87,0.04,,2,0,2
2026-09-11T18:00:00+08:00,1789120800000,exit,long,red_histogram_shrinking,1,2.014910336490026,99.34,0.04003223856538384,0.08116058835381479,1,0,1
2026-09-11T21:00:00+08:00,1789131600000,entry,long,red_histogram_expansion_add,1,1.9681165124975397,101.62,0.04,,2,0,2
2026-09-11T21:00:00+08:00,1789131600000,exit,long,fixed_take_profit,1,2.0026033843997197,102.75214837460916,0.041154360017866896,5.690645729316586,1,0,1
2026-09-11T22:00:00+08:00,1789135200000,entry,long,zero_axis_up_add,1,1.9080328181644726,104.82,0.04,,2,0,2
2026-09-11T22:00:00+08:00,1789135200000,exit,long,fixed_take_profit,1,1.9681165124975397,105.25910257701996,0.04143243557450106,7.080745436930822,1,0,1
2026-09-12T00:00:00+08:00,1789142400000,exit,long,red_histogram_shrinking,1,1.9080328181644726,101.53,0.03874451440564779,-6.356172486166748,0,0,0
2026-09-12T07:00:00+08:00,1789167600000,entry,short,dead_cross_open,1,1.964057743297653,101.83,0.04,,0,1,1
2026-09-12T08:00:00+08:00,1789171200000,exit,short,golden_cross_flip_close_opposite,1,1.964057743297653,102.42,0.04023175881370912,-1.239025827359331,0,0,0
2026-09-12T08:00:00+08:00,1789171200000,entry,long,golden_cross_flip_open_one_unit,1,1.9527436047646944,102.42,0.04,,1,0,1
2026-09-12T09:00:00+08:00,1789174800000,exit,long,dead_cross_flip_close_opposite,1,1.9527436047646944,101.87,0.03978519820347589,-1.1537941808240522,0,0,0
2026-09-12T09:00:00+08:00,1789174800000,entry,short,dead_cross_flip_open_one_unit,1,1.9632865416707568,101.87,0.04,,0,1,1
2026-09-12T10:00:00+08:00,1789178400000,entry,short,green_histogram_expansion_add,1,1.9619383951343927,101.94,0.04,,0,2,2
2026-09-12T14:00:00+08:00,1789192800000,exit,short,green_histogram_shrinking,1,1.9632865416707568,101.6,0.03989398252674978,0.4501933837243747,0,1,1
2026-09-12T21:00:00+08:00,1789218000000,entry,short,green_histogram_expansion_add,1,1.9607843137254901,102.0,0.04,,0,2,2
2026-09-13T00:00:00+08:00,1789228800000,exit,short,green_histogram_shrinking,1,1.9619383951343927,102.01,0.04002746713753188,-0.2173631547969539,0,1,1
2026-09-13T02:00:00+08:00,1789236000000,entry,short,green_histogram_expansion_add,1,1.9621308741293042,101.93,0.04,,0,2,2
2026-09-13T06:00:00+08:00,1789250400000,exit,short,green_histogram_shrinking,1,1.9607843137254901,101.42,0.03977254901960784,1.057482352941173,0,1,1
2026-09-13T10:00:00+08:00,1789264800000,exit,short,golden_cross_flip_close_opposite,1,1.9621308741293042,102.23,0.04011772785244776,-0.6687569900912335,0,0,0
2026-09-13T10:00:00+08:00,1789264800000,entry,long,golden_cross_flip_open_one_unit,1,1.9563728846718185,102.23,0.04,,1,0,1
2026-09-13T11:00:00+08:00,1789268400000,exit,long,red_histogram_shrinking,1,1.9563728846718185,101.86,0.039855228406534285,-0.8037131957351161,0,0,0
2026-09-13T13:00:00+08:00,1789275600000,entry,short,bearish_divergence_confirmed_dead_cross,1,1.9671486180780957,101.67,0.04,,0,1,1
2026-09-13T14:00:00+08:00,1789279200000,exit,short,green_histogram_shrinking,1,1.9671486180780957,101.76,0.04003540867512541,-0.25707878430216075,0,0,0
2026-09-13T15:00:00+08:00,1789282800000,entry,short,zero_axis_down_open,1,1.976284584980237,101.2,0.04,,0,1,1
2026-09-13T20:00:00+08:00,1789300800000,exit,short,green_histogram_shrinking,1,1.976284584980237,99.77,0.03943478260869565,2.746652173913057,0,0,0
2026-09-14T00:00:00+08:00,1789315200000,entry,long,golden_cross_open,1,1.9964064683569573,100.18,0.04,,1,0,1
2026-09-14T01:00:00+08:00,1789318800000,entry,long,red_histogram_expansion_add,1,1.984914648670107,100.76,0.04,,2,0,2
2026-09-14T04:00:00+08:00,1789329600000,exit,long,red_histogram_shrinking,1,1.9964064683569573,100.92,0.04029546815731683,1.3970453184268212,1,0,1
2026-09-14T05:00:00+08:00,1789333200000,entry,long,red_histogram_expansion_add,1,1.9719976336028398,101.42,0.04,,2,0,2
2026-09-14T06:00:00+08:00,1789336800000,exit,long,red_histogram_shrinking,1,1.984914648670107,101.28,0.040206431123461686,0.9519491861849861,1,0,1
2026-09-14T08:00:00+08:00,1789344000000,exit,long,dead_cross_flip_close_opposite,1,1.9719976336028398,99.22,0.03913232104121475,-4.417527114967467,0,0,0
2026-09-14T08:00:00+08:00,1789344000000,entry,short,dead_cross_flip_open_one_unit,1,2.015722636565209,99.22,0.04,,0,1,1
2026-09-14T09:00:00+08:00,1789347600000,entry,short,green_histogram_expansion_add,1,2.0080321285140563,99.6,0.04,,0,2,2
2026-09-14T10:00:00+08:00,1789351200000,exit,short,green_histogram_shrinking,1,2.015722636565209,100.12,0.04036283007458174,-1.8945132029832812,0,1,1
2026-09-14T11:00:00+08:00,1789354800000,exit,short,bullish_divergence_confirmed_golden_cross_close_opposite,1,2.0080321285140563,100.95,0.0405421686746988,-2.791385542168692,0,0,0
2026-09-14T11:00:00+08:00,1789354800000,entry,long,bullish_divergence_confirmed_golden_cross_open_one_unit,1,1.981178801386825,100.95,0.04,,1,0,1
2026-09-14T12:00:00+08:00,1789358400000,entry,long,red_histogram_expansion_add,1,1.9815713861091844,100.93,0.04,,2,0,2
2026-09-14T17:00:00+08:00,1789376400000,exit,long,red_histogram_shrinking,1,1.981178801386825,101.45,0.04019811788013868,0.9103912828132738,1,0,1
2026-09-14T18:00:00+08:00,1789380000000,entry,long,red_histogram_expansion_add,1,1.9625159454420569,101.91,0.04,,2,0,2
2026-09-14T19:00:00+08:00,1789383600000,exit,long,red_histogram_shrinking,1,1.9815713861091844,101.74,0.04032101456454969,1.524751808183866,1,0,1
2026-09-14T23:00:00+08:00,1789398000000,entry,long,red_histogram_expansion_add,1,1.9688915140775745,101.58,0.04,,2,0,2
2026-09-15T02:00:00+08:00,1789408800000,exit,long,fixed_take_profit,1,1.9625159454420569,103.77962706766917,0.04073383458646617,3.5884390977443577,1,0,1
2026-09-15T04:00:00+08:00,1789416000000,exit,long,red_histogram_shrinking,1,1.9688915140775745,103.22,0.04064579641661745,3.1483362866706055,0,0,0
2026-09-15T08:00:00+08:00,1789430400000,entry,short,dead_cross_open,1,1.951409893648161,102.49,0.04,,0,1,1
2026-09-15T09:00:00+08:00,1789434000000,entry,short,green_histogram_expansion_add,1,1.9529342837613515,102.41,0.04,,0,2,2
2026-09-15T14:00:00+08:00,1789452000000,exit,short,green_histogram_shrinking,1,1.951409893648161,101.26,0.03951995316616256,2.3207142160210554,0,1,1
2026-09-15T15:00:00+08:00,1789455600000,entry,short,green_histogram_expansion_add,1,1.9833399444664814,100.84,0.04,,0,2,2
2026-09-15T17:00:00+08:00,1789462800000,exit,short,green_histogram_shrinking,1,1.9529342837613515,100.59,0.039289131920710874,3.4750512645249354,0,1,1
2026-09-15T22:00:00+08:00,1789480800000,exit,short,fixed_take_profit,1,1.9833399444664814,98.8232,0.0392,3.920800000000006,0,0,0
2026-09-16T12:00:00+08:00,1789531200000,entry,long,golden_cross_open,1,2.05761316872428,97.2,0.04,,1,0,1
2026-09-16T13:00:00+08:00,1789534800000,entry,long,red_histogram_expansion_add,1,2.0574015019030965,97.21,0.04,,2,0,2
2026-09-16T16:00:00+08:00,1789545600000,exit,long,red_histogram_shrinking,1,2.05761316872428,96.9,0.03987654320987655,-0.6971604938271547,1,0,1
2026-09-16T18:00:00+08:00,1789552800000,entry,long,red_histogram_expansion_add,1,2.0567667626491155,97.24,0.04,,2,0,2
2026-09-16T21:00:00+08:00,1789563600000,exit,long,red_histogram_shrinking,1,2.0574015019030965,97.51,0.040123444090114195,0.5370970064808381,1,0,1
2026-09-17T03:00:00+08:00,1789585200000,entry,long,red_histogram_expansion_add,1,2.045198895592596,97.79,0.04,,2,0,2
2026-09-17T06:00:00+08:00,1789596000000,exit,long,red_histogram_shrinking,1,2.0567667626491155,98.34,0.04045248868778281,2.1819909502262615,1,0,1
2026-09-17T08:00:00+08:00,1789603200000,entry,long,zero_axis_up_add,1,2.028397565922921,98.6,0.04,,2,0,2
2026-09-17T13:00:00+08:00,1789621200000,exit,long,red_histogram_shrinking,1,2.045198895592596,99.86,0.04084671234277533,4.152715001533885,1,0,1
2026-09-17T17:00:00+08:00,1789635600000,exit,long,fixed_take_profit,1,2.028397565922921,100.572,0.0408,3.919200000000017,0,0,0
2026-09-18T04:00:00+08:00,1789675200000,entry,short,dead_cross_open,1,1.9817677368212445,100.92,0.04,,0,1,1
2026-09-18T05:00:00+08:00,1789678800000,entry,short,green_histogram_expansion_add,1,1.9755037534571316,101.24,0.04,,0,2,2
2026-09-18T07:00:00+08:00,1789686000000,exit,short,green_histogram_shrinking,1,1.9817677368212445,101.37,0.04017835909631392,-0.9719738406658797,0,1,1
2026-09-18T09:00:00+08:00,1789693200000,entry,short,green_histogram_expansion_add,1,1.9729703067968827,101.37,0.04,,0,2,2
2026-09-18T10:00:00+08:00,1789696800000,exit,short,golden_cross_flip_close_opposite,2,3.9484740602540143,102.43,0.08088843959836374,-4.603086431417074,0,0,0
2026-09-18T10:00:00+08:00,1789696800000,entry,long,golden_cross_flip_open_one_unit,1,1.9525529629991212,102.43,0.04,,1,0,1
2026-09-18T11:00:00+08:00,1789700400000,entry,long,red_histogram_expansion_add,1,1.9474196689386563,102.7,0.04,,2,0,2
2026-09-18T11:00:00+08:00,1789700400000,exit,long,fixed_take_profit,1,1.9525529629991212,104.6161187539609,0.040853702530102856,4.187658947984195,1,0,1
2026-09-18T12:00:00+08:00,1789704000000,exit,long,fixed_take_profit,1,1.9474196689386563,104.754,0.0408,3.9192000000000036,0,0,0
2026-09-18T21:00:00+08:00,1789736400000,entry,short,dead_cross_open,1,1.8908953389429897,105.77,0.04,,0,1,1
2026-09-18T22:00:00+08:00,1789740000000,exit,short,golden_cross_flip_close_opposite,1,1.8908953389429897,108.49,0.04102864706438499,-5.224263968989315,0,0,0
2026-09-18T22:00:00+08:00,1789740000000,entry,long,golden_cross_flip_open_one_unit,1,1.8434878790671951,108.49,0.04,,1,0,1
2026-09-18T22:00:00+08:00,1789740000000,exit,long,fixed_take_profit,1,1.8434878790671951,110.65979999999999,0.040799999999999996,3.919199999999991,0,0,0
2026-09-19T08:00:00+08:00,1789776000000,entry,short,dead_cross_open,1,1.774622892635315,112.7,0.04,,0,1,1
2026-09-19T09:00:00+08:00,1789779600000,entry,short,green_histogram_expansion_add,1,1.759788825340959,113.65,0.04,,0,2,2
2026-09-19T11:00:00+08:00,1789786800000,exit,short,end_of_test,2,3.534411717976274,113.23,0.08004028776529071,-0.36147911421880385,0,0,0
