time_beijing,timestamp_ms,equity_usdt,cash_usdt,long_units,short_units,total_units
2026-06-03T12:00:00+08:00,1780459200000,10000.0,10000.0,0,0,0
2026-06-03T13:00:00+08:00,1780462800000,10000.0,10000.0,0,0,0
2026-06-03T14:00:00+08:00,1780466400000,10000.294908263024,9999.96,1,0,1
2026-06-03T15:00:00+08:00,1780470000000,10002.35523660556,9999.919999999998,2,0,2
2026-06-03T16:00:00+08:00,1780473600000,10000.910514974346,9999.919999999998,2,0,2
2026-06-03T17:00:00+08:00,1780477200000,10000.96402318291,9999.919999999998,2,0,2
2026-06-03T18:00:00+08:00,1780480800000,10003.853466445336,9999.919999999998,2,0,2
2026-06-03T19:00:00+08:00,1780484400000,10001.60612168567,9999.919999999998,2,0,2
2026-06-03T20:00:00+08:00,1780488000000,10001.793225014102,10000.95116646578,1,0,1
2026-06-03T21:00:00+08:00,1780491600000,10000.136024105133,10000.95116646578,1,0,1
2026-06-03T22:00:00+08:00,1780495200000,9999.815275542107,10000.95116646578,1,0,1
2026-06-03T23:00:00+08:00,1780498800000,9996.768164193356,10000.95116646578,1,0,1
2026-06-04T00:00:00+08:00,1780502400000,9995.939563738872,10000.95116646578,1,0,1
2026-06-04T01:00:00+08:00,1780506000000,9995.36597635025,9995.89956373887,0,1,1
2026-06-04T02:00:00+08:00,1780509600000,9995.669405190903,9995.85956373887,0,2,2
2026-06-04T03:00:00+08:00,1780513200000,9999.478727001379,9999.478727001379,0,0,0
2026-06-04T04:00:00+08:00,1780516800000,9999.478727001379,9999.478727001379,0,0,0
2026-06-04T05:00:00+08:00,1780520400000,9999.478727001379,9999.478727001379,0,0,0
2026-06-04T06:00:00+08:00,1780524000000,9999.478727001379,9999.478727001379,0,0,0
2026-06-04T07:00:00+08:00,1780527600000,9999.478727001379,9999.478727001379,0,0,0
2026-06-04T08:00:00+08:00,1780531200000,9999.478727001379,9999.478727001379,0,0,0
2026-06-04T09:00:00+08:00,1780534800000,9999.478727001379,9999.478727001379,0,0,0
2026-06-04T10:00:00+08:00,1780538400000,9999.478727001379,9999.478727001379,0,0,0
2026-06-04T11:00:00+08:00,1780542000000,9999.478727001379,9999.478727001379,0,0,0
2026-06-04T12:00:00+08:00,1780545600000,9999.478727001379,9999.478727001379,0,0,0
2026-06-04T13:00:00+08:00,1780549200000,9997.87425432031,9999.438727001378,1,0,1
2026-06-04T14:00:00+08:00,1780552800000,9997.879389109205,9999.398727001377,2,0,2
2026-06-04T15:00:00+08:00,1780556400000,9991.077443241074,9999.398727001377,2,0,2
2026-06-04T16:00:00+08:00,1780560000000,9990.651224970215,9990.98076035884,0,1,1
2026-06-04T17:00:00+08:00,1780563600000,9995.81843492905,9994.759790616288,0,1,1
2026-06-04T18:00:00+08:00,1780567200000,9998.720590616289,9998.720590616289,0,0,0
2026-06-04T19:00:00+08:00,1780570800000,9998.720590616289,9998.720590616289,0,0,0
2026-06-04T20:00:00+08:00,1780574400000,9998.720590616289,9998.720590616289,0,0,0
2026-06-04T21:00:00+08:00,1780578000000,9999.382663125565,9998.680590616288,1,0,1
2026-06-04T22:00:00+08:00,1780581600000,9995.997998704983,9998.640590616287,2,0,2
2026-06-04T23:00:00+08:00,1780585200000,9995.25729805899,9998.640590616287,2,0,2
2026-06-05T00:00:00+08:00,1780588800000,9994.574840721107,9997.31623435023,1,0,1
2026-06-05T01:00:00+08:00,1780592400000,9994.091433440104,9997.31623435023,1,0,1
2026-06-05T02:00:00+08:00,1780596000000,9994.830762222813,9997.31623435023,1,0,1
2026-06-05T03:00:00+08:00,1780599600000,9992.404598151003,9997.276234350229,2,0,2
2026-06-05T04:00:00+08:00,1780603200000,9991.541316474086,9993.596461881514,1,0,1
2026-06-05T05:00:00+08:00,1780606800000,9988.604961737547,9993.596461881514,1,0,1
2026-06-05T06:00:00+08:00,1780610400000,9986.428729682022,9988.536173946011,0,1,1
2026-06-05T07:00:00+08:00,1780614000000,9987.459131552545,9986.388729682021,1,0,1
2026-06-05T08:00:00+08:00,1780617600000,9984.115404985947,9986.34872968202,2,0,2
2026-06-05T09:00:00+08:00,1780621200000,9984.667378477901,9985.753528746758,1,0,1
2026-06-05T10:00:00+08:00,1780624800000,9977.682543053364,9985.713528746757,2,0,2
2026-06-05T11:00:00+08:00,1780628400000,9978.344657691048,9977.70081107987,0,1,1
2026-06-05T12:00:00+08:00,1780632000000,9973.291240689643,9977.66081107987,0,2,2
2026-06-05T13:00:00+08:00,1780635600000,9978.392268741261,9975.777398475828,0,1,1
2026-06-05T14:00:00+08:00,1780639200000,9984.504828102865,9981.007775057678,0,1,1
2026-06-05T15:00:00+08:00,1780642800000,9984.96857505768,9984.96857505768,0,0,0
2026-06-05T16:00:00+08:00,1780646400000,9984.96857505768,9984.96857505768,0,0,0
2026-06-05T17:00:00+08:00,1780650000000,9984.96857505768,9984.96857505768,0,0,0
2026-06-05T18:00:00+08:00,1780653600000,9984.96857505768,9984.96857505768,0,0,0
2026-06-05T19:00:00+08:00,1780657200000,9983.83409261079,9984.928575057678,1,0,1
2026-06-05T20:00:00+08:00,1780660800000,9982.243696073552,9984.888575057677,2,0,2
2026-06-05T21:00:00+08:00,1780664400000,9973.24173271163,9984.888575057677,2,0,2
2026-06-05T22:00:00+08:00,1780668000000,9970.20532325301,9973.20173271163,0,1,1
2026-06-05T23:00:00+08:00,1780671600000,9970.20532325301,9970.20532325301,0,0,0
2026-06-06T00:00:00+08:00,1780675200000,9970.20532325301,9970.20532325301,0,0,0
2026-06-06T01:00:00+08:00,1780678800000,9967.786432169916,9970.16532325301,1,0,1
2026-06-06T02:00:00+08:00,1780682400000,9954.262250804757,9970.125323253009,2,0,2
2026-06-06T03:00:00+08:00,1780686000000,9958.183050804757,9958.183050804757,0,0,0
2026-06-06T04:00:00+08:00,1780689600000,9958.183050804757,9958.183050804757,0,0,0
2026-06-06T05:00:00+08:00,1780693200000,9958.183050804757,9958.183050804757,0,0,0
2026-06-06T06:00:00+08:00,1780696800000,9956.622779367372,9958.143050804756,1,0,1
2026-06-06T07:00:00+08:00,1780700400000,9951.868480127643,9958.103050804755,2,0,2
2026-06-06T08:00:00+08:00,1780704000000,9955.038009265172,9954.23901625818,1,0,1
2026-06-06T09:00:00+08:00,1780707600000,9949.717977451299,9954.199016258179,2,0,2
2026-06-06T10:00:00+08:00,1780711200000,9948.727923296881,9952.38780879897,1,0,1
2026-06-06T11:00:00+08:00,1780714800000,9946.65499741107,9952.38780879897,1,0,1
2026-06-06T12:00:00+08:00,1780718400000,9950.57579741107,9950.57579741107,0,0,0
2026-06-06T13:00:00+08:00,1780722000000,9950.57579741107,9950.57579741107,0,0,0
2026-06-06T14:00:00+08:00,1780725600000,9950.57579741107,9950.57579741107,0,0,0
2026-06-06T15:00:00+08:00,1780729200000,9950.57579741107,9950.57579741107,0,0,0
2026-06-06T16:00:00+08:00,1780732800000,9951.67484442302,9950.535797411068,1,0,1
2026-06-06T17:00:00+08:00,1780736400000,9948.608207032405,9950.495797411068,2,0,2
2026-06-06T18:00:00+08:00,1780740000000,9943.079750585946,9950.495797411068,2,0,2
2026-06-06T19:00:00+08:00,1780743600000,9944.98051104222,9947.364782271625,1,0,1
2026-06-06T20:00:00+08:00,1780747200000,9948.0235008963,9947.324782271624,2,0,2
2026-06-06T21:00:00+08:00,1780750800000,9944.964245529038,9947.324782271624,2,0,2
2026-06-06T22:00:00+08:00,1780754400000,9944.611263119416,9945.003869724096,1,0,1
2026-06-06T23:00:00+08:00,1780758000000,9943.745774180652,9945.003869724096,1,0,1
2026-06-07T00:00:00+08:00,1780761600000,9944.002215347693,9945.003869724096,1,0,1
2026-06-07T01:00:00+08:00,1780765200000,9942.39945805369,9945.003869724096,1,0,1
2026-06-07T02:00:00+08:00,1780768800000,9942.75206465837,9945.003869724096,1,0,1
2026-06-07T03:00:00+08:00,1780772400000,9942.39945805369,9945.003869724096,1,0,1
2026-06-07T04:00:00+08:00,1780776000000,9943.136726408931,9945.003869724096,1,0,1
2026-06-07T05:00:00+08:00,1780779600000,9943.411138060661,9944.963869724095,2,0,2
2026-06-07T06:00:00+08:00,1780783200000,9942.25173766783,9944.963869724095,2,0,2
2026-06-07T07:00:00+08:00,1780786800000,9943.740413913534,9942.647954366608,1,0,1
2026-06-07T08:00:00+08:00,1780790400000,9943.047524058353,9942.607954366607,2,0,2
2026-06-07T09:00:00+08:00,1780794000000,9951.816100240541,9947.159485053926,1,0,1
2026-06-07T10:00:00+08:00,1780797600000,9951.816100240541,9951.816100240541,0,0,0
2026-06-07T11:00:00+08:00,1780801200000,9951.816100240541,9951.816100240541,0,0,0
2026-06-07T12:00:00+08:00,1780804800000,9952.551239782717,9951.77610024054,1,0,1
2026-06-07T13:00:00+08:00,1780808400000,9953.052864116364,9951.77610024054,1,0,1
2026-06-07T14:00:00+08:00,1780812000000,9953.052864116364,9953.052864116364,0,0,0
2026-06-07T15:00:00+08:00,1780815600000,9953.052864116364,9953.052864116364,0,0,0
2026-06-07T16:00:00+08:00,1780819200000,9953.052864116364,9953.052864116364,0,0,0
2026-06-07T17:00:00+08:00,1780822800000,9953.052864116364,9953.052864116364,0,0,0
2026-06-07T18:00:00+08:00,1780826400000,9953.052864116364,9953.052864116364,0,0,0
2026-06-07T19:00:00+08:00,1780830000000,9953.052864116364,9953.052864116364,0,0,0
2026-06-07T20:00:00+08:00,1780833600000,9953.052864116364,9953.052864116364,0,0,0
2026-06-07T21:00:00+08:00,1780837200000,9953.052864116364,9953.052864116364,0,0,0
2026-06-07T22:00:00+08:00,1780840800000,9951.167617500523,9953.012864116363,0,1,1
2026-06-07T23:00:00+08:00,1780844400000,9951.167617500523,9951.167617500523,0,0,0
2026-06-08T00:00:00+08:00,1780848000000,9951.167617500523,9951.167617500523,0,0,0
2026-06-08T01:00:00+08:00,1780851600000,9951.167617500523,9951.167617500523,0,0,0
2026-06-08T02:00:00+08:00,1780855200000,9949.984558965432,9951.127617500522,1,0,1
2026-06-08T03:00:00+08:00,1780858800000,9953.905358965432,9953.905358965432,0,0,0
2026-06-08T04:00:00+08:00,1780862400000,9953.905358965432,9953.905358965432,0,0,0
2026-06-08T05:00:00+08:00,1780866000000,9953.905358965432,9953.905358965432,0,0,0
2026-06-08T06:00:00+08:00,1780869600000,9953.905358965432,9953.905358965432,0,0,0
2026-06-08T07:00:00+08:00,1780873200000,9953.905358965432,9953.905358965432,0,0,0
2026-06-08T08:00:00+08:00,1780876800000,9954.457286730669,9953.865358965431,1,0,1
2026-06-08T09:00:00+08:00,1780880400000,9951.162826398155,9953.82535896543,2,0,2
2026-06-08T10:00:00+08:00,1780884000000,9951.97262390828,9952.822421418403,1,0,1
2026-06-08T11:00:00+08:00,1780887600000,9951.67269890453,9952.822421418403,1,0,1
2026-06-08T12:00:00+08:00,1780891200000,9948.883396369656,9952.822421418403,1,0,1
2026-06-08T13:00:00+08:00,1780894800000,9949.078807108526,9948.843396369655,0,1,1
2026-06-08T14:00:00+08:00,1780898400000,9946.855246963896,9948.803396369654,0,2,2
2026-06-08T15:00:00+08:00,1780902000000,9944.160485639219,9948.803396369654,0,2,2
2026-06-08T16:00:00+08:00,1780905600000,9945.723255950075,9946.65191403831,0,1,1
2026-06-08T17:00:00+08:00,1780909200000,9941.118064445036,9946.611914038309,0,2,2
2026-06-08T18:00:00+08:00,1780912800000,9941.575546729908,9943.385002273602,0,1,1
2026-06-08T19:00:00+08:00,1780916400000,9940.08066187403,9943.385002273602,0,1,1
2026-06-08T20:00:00+08:00,1780920000000,9941.680239541207,9940.010154019827,1,0,1
2026-06-08T21:00:00+08:00,1780923600000,9938.732306767475,9939.970154019826,2,0,2
2026-06-08T22:00:00+08:00,1780927200000,9940.219661721358,9940.200167523202,1,0,1
2026-06-08T23:00:00+08:00,1780930800000,9939.544808220171,9940.160167523201,2,0,2
2026-06-09T00:00:00+08:00,1780934400000,9938.860837294262,9939.911937829658,1,0,1
2026-06-09T01:00:00+08:00,1780938000000,9940.169320340068,9939.911937829658,1,0,1
2026-06-09T02:00:00+08:00,1780941600000,9940.386482043745,9939.871937829657,2,0,2
2026-06-09T03:00:00+08:00,1780945200000,9940.475564312826,9940.278011595274,1,0,1
2026-06-09T04:00:00+08:00,1780948800000,9940.534952492215,9940.278011595274,1,0,1
2026-06-09T05:00:00+08:00,1780952400000,9940.50525840252,9940.278011595274,1,0,1
2026-06-09T06:00:00+08:00,1780956000000,9941.285581700755,9940.465258402519,0,1,1
2026-06-09T07:00:00+08:00,1780959600000,9943.286708999616,9940.425258402518,0,2,2
2026-06-09T08:00:00+08:00,1780963200000,9950.042144585159,9944.80852528221,0,1,1
2026-06-09T09:00:00+08:00,1780966800000,9950.042144585159,9950.042144585159,0,0,0
2026-06-09T10:00:00+08:00,1780970400000,9950.042144585159,9950.042144585159,0,0,0
2026-06-09T11:00:00+08:00,1780974000000,9950.042144585159,9950.042144585159,0,0,0
2026-06-09T12:00:00+08:00,1780977600000,9946.929857181793,9950.002144585158,0,1,1
2026-06-09T13:00:00+08:00,1780981200000,9946.384045449187,9950.002144585158,0,1,1
2026-06-09T14:00:00+08:00,1780984800000,9946.778242811624,9950.002144585158,0,1,1
2026-06-09T15:00:00+08:00,1780988400000,9946.1910330235,9946.738242811623,1,0,1
2026-06-09T16:00:00+08:00,1780992000000,9944.288831590287,9946.698242811623,2,0,2
2026-06-09T17:00:00+08:00,1780995600000,9945.44123429502,9944.248831590286,0,1,1
2026-06-09T18:00:00+08:00,1780999200000,9943.974252931579,9944.208831590286,0,2,2
2026-06-09T19:00:00+08:00,1781002800000,9945.783359057807,9944.208831590286,0,2,2
2026-06-09T20:00:00+08:00,1781006400000,9945.120020144856,9944.208831590286,0,2,2
2026-06-09T21:00:00+08:00,1781010000000,9946.269327674338,9945.2809998848,0,1,1
2026-06-09T22:00:00+08:00,1781013600000,9951.977471367416,9949.7069789662,0,1,1
2026-06-09T23:00:00+08:00,1781017200000,9953.6677789662,9953.6677789662,0,0,0
2026-06-10T00:00:00+08:00,1781020800000,9953.6677789662,9953.6677789662,0,0,0
2026-06-10T01:00:00+08:00,1781024400000,9953.6677789662,9953.6677789662,0,0,0
2026-06-10T02:00:00+08:00,1781028000000,9953.6677789662,9953.6677789662,0,0,0
2026-06-10T03:00:00+08:00,1781031600000,9953.6677789662,9953.6677789662,0,0,0
2026-06-10T04:00:00+08:00,1781035200000,9953.6677789662,9953.6677789662,0,0,0
2026-06-10T05:00:00+08:00,1781038800000,9951.697624979312,9953.6277789662,1,0,1
2026-06-10T06:00:00+08:00,1781042400000,9951.72811133394,9951.72811133394,0,0,0
2026-06-10T07:00:00+08:00,1781046000000,9951.401300723204,9951.688111333939,0,1,1
2026-06-10T08:00:00+08:00,1781049600000,9951.937170481107,9951.330449396863,1,0,1
2026-06-10T09:00:00+08:00,1781053200000,9951.365224861109,9951.290449396862,2,0,2
2026-06-10T10:00:00+08:00,1781056800000,9946.507261863617,9951.290449396862,2,0,2
2026-06-10T11:00:00+08:00,1781060400000,9945.649783600426,9946.405768661116,0,1,1
2026-06-10T12:00:00+08:00,1781064000000,9947.030440629984,9946.365768661115,0,2,2
2026-06-10T13:00:00+08:00,1781067600000,9948.08704772361,9946.365768661115,0,2,2
2026-06-10T14:00:00+08:00,1781071200000,9947.65197421447,9946.365768661115,0,2,2
2026-06-10T15:00:00+08:00,1781074800000,9946.72126701844,9946.668196298837,0,1,1
2026-06-10T16:00:00+08:00,1781078400000,9949.420317886927,9946.668196298837,0,1,1
2026-06-10T17:00:00+08:00,1781082000000,9949.246812964144,9946.628196298836,0,2,2
2026-06-10T18:00:00+08:00,1781085600000,9948.99688756582,9946.628196298836,0,2,2
2026-06-10T19:00:00+08:00,1781089200000,9949.532103967458,9949.163152874518,0,1,1
2026-06-10T20:00:00+08:00,1781092800000,9947.550264055522,9949.163152874518,0,1,1
2026-06-10T21:00:00+08:00,1781096400000,9951.46946405552,9951.46946405552,0,0,0
2026-06-10T22:00:00+08:00,1781100000000,9951.46946405552,9951.46946405552,0,0,0
2026-06-10T23:00:00+08:00,1781103600000,9951.46946405552,9951.46946405552,0,0,0
2026-06-11T00:00:00+08:00,1781107200000,9951.46946405552,9951.46946405552,0,0,0
2026-06-11T01:00:00+08:00,1781110800000,9951.46946405552,9951.46946405552,0,0,0
2026-06-11T02:00:00+08:00,1781114400000,9951.46946405552,9951.46946405552,0,0,0
2026-06-11T03:00:00+08:00,1781118000000,9951.46946405552,9951.46946405552,0,0,0
2026-06-11T04:00:00+08:00,1781121600000,9952.11390430115,9951.42946405552,0,1,1
2026-06-11T05:00:00+08:00,1781125200000,9956.703991441134,9951.389464055519,0,2,2
2026-06-11T06:00:00+08:00,1781128800000,9955.441805727623,9951.389464055519,0,2,2
2026-06-11T07:00:00+08:00,1781132400000,9952.791215729256,9951.389464055519,0,2,2
2026-06-11T08:00:00+08:00,1781136000000,9951.36856648143,9952.483370526941,0,1,1
2026-06-11T09:00:00+08:00,1781139600000,9947.417081019988,9952.483370526941,0,1,1
2026-06-11T10:00:00+08:00,1781143200000,9946.165741417706,9947.377081019988,1,0,1
2026-06-11T11:00:00+08:00,1781146800000,9950.62988434781,9947.337081019987,2,0,2
2026-06-11T12:00:00+08:00,1781150400000,9950.258926687231,9947.337081019987,2,0,2
2026-06-11T13:00:00+08:00,1781154000000,9948.836922321672,9947.337081019987,2,0,2
2026-06-11T14:00:00+08:00,1781157600000,9949.240119300723,9947.482029378241,1,0,1
2026-06-11T15:00:00+08:00,1781161200000,9949.02310844801,9947.482029378241,1,0,1
2026-06-11T16:00:00+08:00,1781164800000,9949.829148758086,9947.482029378241,1,0,1
2026-06-11T17:00:00+08:00,1781168400000,9950.077161161187,9947.482029378241,1,0,1
2026-06-11T18:00:00+08:00,1781172000000,9950.41817821545,9947.482029378241,1,0,1
2026-06-11T19:00:00+08:00,1781175600000,9951.44122937824,9951.44122937824,0,0,0
2026-06-11T20:00:00+08:00,1781179200000,9951.44122937824,9951.44122937824,0,0,0
2026-06-11T21:00:00+08:00,1781182800000,9951.44122937824,9951.44122937824,0,0,0
2026-06-11T22:00:00+08:00,1781186400000,9951.44122937824,9951.44122937824,0,0,0
2026-06-11T23:00:00+08:00,1781190000000,9951.44122937824,9951.44122937824,0,0,0
2026-06-12T00:00:00+08:00,1781193600000,9951.44122937824,9951.44122937824,0,0,0
2026-06-12T01:00:00+08:00,1781197200000,9945.88110081993,9951.40122937824,0,1,1
2026-06-12T02:00:00+08:00,1781200800000,9944.78901642084,9945.871716063271,1,0,1
2026-06-12T03:00:00+08:00,1781204400000,9945.45589031348,9945.83171606327,2,0,2
2026-06-12T04:00:00+08:00,1781208000000,9943.364868322336,9945.83171606327,2,0,2
2026-06-12T05:00:00+08:00,1781211600000,9944.353286536836,9944.06381379867,1,0,1
2026-06-12T06:00:00+08:00,1781215200000,9944.293382402624,9944.06381379867,1,0,1
2026-06-12T07:00:00+08:00,1781218800000,9944.383238603943,9944.06381379867,1,0,1
2026-06-12T08:00:00+08:00,1781222400000,9944.1735741342,9944.06381379867,1,0,1
2026-06-12T09:00:00+08:00,1781226000000,9943.694341060504,9944.06381379867,1,0,1
2026-06-12T10:00:00+08:00,1781229600000,9942.203560662063,9943.624388993396,0,1,1
2026-06-12T11:00:00+08:00,1781233200000,9942.233578669266,9942.233578669266,0,0,0
2026-06-12T12:00:00+08:00,1781236800000,9942.233578669266,9942.233578669266,0,0,0
2026-06-12T13:00:00+08:00,1781240400000,9942.233578669266,9942.233578669266,0,0,0
2026-06-12T14:00:00+08:00,1781244000000,9942.233578669266,9942.233578669266,0,0,0
2026-06-12T15:00:00+08:00,1781247600000,9942.233578669266,9942.233578669266,0,0,0
2026-06-12T16:00:00+08:00,1781251200000,9942.233578669266,9942.233578669266,0,0,0
2026-06-12T17:00:00+08:00,1781254800000,9942.233578669266,9942.233578669266,0,0,0
2026-06-12T18:00:00+08:00,1781258400000,9942.233578669266,9942.233578669266,0,0,0
2026-06-12T19:00:00+08:00,1781262000000,9942.233578669266,9942.233578669266,0,0,0
2026-06-12T20:00:00+08:00,1781265600000,9942.233578669266,9942.233578669266,0,0,0
2026-06-12T21:00:00+08:00,1781269200000,9942.233578669266,9942.233578669266,0,0,0
2026-06-12T22:00:00+08:00,1781272800000,9942.233578669266,9942.233578669266,0,0,0
2026-06-12T23:00:00+08:00,1781276400000,9940.150443725246,9942.193578669265,1,0,1
2026-06-13T00:00:00+08:00,1781280000000,9940.17990159207,9940.17990159207,0,0,0
2026-06-13T01:00:00+08:00,1781283600000,9940.17990159207,9940.17990159207,0,0,0
2026-06-13T02:00:00+08:00,1781287200000,9940.17990159207,9940.17990159207,0,0,0
2026-06-13T03:00:00+08:00,1781290800000,9940.995202203736,9940.139901592069,0,1,1
2026-06-13T04:00:00+08:00,1781294400000,9941.483522683908,9940.099901592068,0,2,2
2026-06-13T05:00:00+08:00,1781298000000,9942.201319284582,9940.099901592068,0,2,2
2026-06-13T06:00:00+08:00,1781301600000,9941.782604600856,9940.099901592068,0,2,2
2026-06-13T07:00:00+08:00,1781305200000,9941.213246713121,9941.343165802124,0,1,1
2026-06-13T08:00:00+08:00,1781308800000,9940.67373217911,9941.343165802124,0,1,1
2026-06-13T09:00:00+08:00,1781312400000,9939.324945844077,9941.343165802124,0,1,1
2026-06-13T10:00:00+08:00,1781316000000,9940.733678238443,9941.343165802124,0,1,1
2026-06-13T11:00:00+08:00,1781319600000,9941.252287961383,9941.303165802123,0,2,2
2026-06-13T12:00:00+08:00,1781323200000,9942.449507407264,9941.303165802123,0,2,2
2026-06-13T13:00:00+08:00,1781326800000,9941.731175739735,9941.303165802123,0,2,2
2026-06-13T14:00:00+08:00,1781330400000,9940.655209805176,9941.233192772455,0,1,1
2026-06-13T15:00:00+08:00,1781334000000,9939.967787124764,9941.233192772455,0,1,1
2026-06-13T16:00:00+08:00,1781337600000,9939.769182567761,9939.95767506739,1,0,1
2026-06-13T17:00:00+08:00,1781341200000,9939.92685885046,9939.917675067389,2,0,2
2026-06-13T18:00:00+08:00,1781344800000,9940.342792345184,9939.917675067389,2,0,2
2026-06-13T19:00:00+08:00,1781348400000,9943.194907737578,9939.917675067389,2,0,2
2026-06-13T20:00:00+08:00,1781352000000,9943.551422161625,9939.917675067389,2,0,2
2026-06-13T21:00:00+08:00,1781355600000,9943.72967937365,9939.917675067389,2,0,2
2026-06-13T22:00:00+08:00,1781359200000,9945.393413352545,9939.917675067389,2,0,2
2026-06-13T23:00:00+08:00,1781362800000,9947.50590767712,9943.801115762732,1,0,1
2026-06-14T00:00:00+08:00,1781366400000,9945.990158568915,9943.801115762732,1,0,1
2026-06-14T01:00:00+08:00,1781370000000,9945.990158568915,9945.990158568915,0,0,0
2026-06-14T02:00:00+08:00,1781373600000,9945.990158568915,9945.990158568915,0,0,0
2026-06-14T03:00:00+08:00,1781377200000,9945.990158568915,9945.990158568915,0,0,0
2026-06-14T04:00:00+08:00,1781380800000,9945.990158568915,9945.990158568915,0,0,0
2026-06-14T05:00:00+08:00,1781384400000,9945.990158568915,9945.990158568915,0,0,0
2026-06-14T06:00:00+08:00,1781388000000,9945.990158568915,9945.990158568915,0,0,0
2026-06-14T07:00:00+08:00,1781391600000,9945.990158568915,9945.990158568915,0,0,0
2026-06-14T08:00:00+08:00,1781395200000,9945.990158568915,9945.990158568915,0,0,0
2026-06-14T09:00:00+08:00,1781398800000,9945.990158568915,9945.990158568915,0,0,0
2026-06-14T10:00:00+08:00,1781402400000,9945.990158568915,9945.990158568915,0,0,0
2026-06-14T11:00:00+08:00,1781406000000,9945.532011120898,9945.950158568914,0,1,1
2026-06-14T12:00:00+08:00,1781409600000,9947.834998645625,9945.910158568913,0,2,2
2026-06-14T13:00:00+08:00,1781413200000,9949.462404760072,9945.910158568913,0,2,2
2026-06-14T14:00:00+08:00,1781416800000,9949.753012994795,9945.910158568913,0,2,2
2026-06-14T15:00:00+08:00,1781420400000,9949.636769700906,9945.910158568913,0,2,2
2026-06-14T16:00:00+08:00,1781424000000,9949.462404760072,9945.910158568913,0,2,2
2026-06-14T17:00:00+08:00,1781427600000,9948.76554871545,9947.47001315667,0,1,1
2026-06-14T18:00:00+08:00,1781431200000,9949.694616930254,9947.47001315667,0,1,1
2026-06-14T19:00:00+08:00,1781434800000,9949.965012170618,9947.430013156669,0,2,2
2026-06-14T20:00:00+08:00,1781438400000,9951.833786785892,9947.430013156669,0,2,2
2026-06-14T21:00:00+08:00,1781442000000,9951.89218599262,9947.430013156669,0,2,2
2026-06-14T22:00:00+08:00,1781445600000,9955.139075908526,9952.50678583219,0,1,1
2026-06-14T23:00:00+08:00,1781449200000,9954.639856883277,9952.50678583219,0,1,1
2026-06-15T00:00:00+08:00,1781452800000,9954.639856883277,9954.639856883277,0,0,0
2026-06-15T01:00:00+08:00,1781456400000,9954.639856883277,9954.639856883277,0,0,0
2026-06-15T02:00:00+08:00,1781460000000,9954.639856883277,9954.639856883277,0,0,0
2026-06-15T03:00:00+08:00,1781463600000,9954.639856883277,9954.639856883277,0,0,0
2026-06-15T04:00:00+08:00,1781467200000,9954.639856883277,9954.639856883277,0,0,0
2026-06-15T05:00:00+08:00,1781470800000,9954.639856883277,9954.639856883277,0,0,0
2026-06-15T06:00:00+08:00,1781474400000,9955.358441963865,9954.599856883277,1,0,1
2026-06-15T07:00:00+08:00,1781478000000,9960.117350861696,9954.559856883276,2,0,2
2026-06-15T08:00:00+08:00,1781481600000,9960.902452157357,9958.925523616372,1,0,1
2026-06-15T09:00:00+08:00,1781485200000,9960.561562826486,9958.925523616372,1,0,1
2026-06-15T10:00:00+08:00,1781488800000,9960.561562826486,9960.561562826486,0,0,0
2026-06-15T11:00:00+08:00,1781492400000,9960.561562826486,9960.561562826486,0,0,0
2026-06-15T12:00:00+08:00,1781496000000,9960.561562826486,9960.561562826486,0,0,0
2026-06-15T13:00:00+08:00,1781499600000,9960.561562826486,9960.561562826486,0,0,0
2026-06-15T14:00:00+08:00,1781503200000,9960.561562826486,9960.561562826486,0,0,0
2026-06-15T15:00:00+08:00,1781506800000,9960.561562826486,9960.561562826486,0,0,0
2026-06-15T16:00:00+08:00,1781510400000,9960.561562826486,9960.561562826486,0,0,0
2026-06-15T17:00:00+08:00,1781514000000,9960.561562826486,9960.561562826486,0,0,0
2026-06-15T18:00:00+08:00,1781517600000,9958.598105828172,9960.521562826485,0,1,1
2026-06-15T19:00:00+08:00,1781521200000,9960.578670482264,9958.586217126653,1,0,1
2026-06-15T20:00:00+08:00,1781524800000,9961.80070563722,9958.546217126652,2,0,2
2026-06-15T21:00:00+08:00,1781528400000,9966.37680203671,9963.550782191065,1,0,1
2026-06-15T22:00:00+08:00,1781532000000,9966.817728166809,9963.550782191065,1,0,1
2026-06-15T23:00:00+08:00,1781535600000,9967.509982191064,9967.509982191064,0,0,0
2026-06-16T00:00:00+08:00,1781539200000,9967.509982191064,9967.509982191064,0,0,0
2026-06-16T01:00:00+08:00,1781542800000,9967.509982191064,9967.509982191064,0,0,0
2026-06-16T02:00:00+08:00,1781546400000,9967.509982191064,9967.509982191064,0,0,0
2026-06-16T03:00:00+08:00,1781550000000,9967.509982191064,9967.509982191064,0,0,0
2026-06-16T04:00:00+08:00,1781553600000,9967.509982191064,9967.509982191064,0,0,0
2026-06-16T05:00:00+08:00,1781557200000,9967.509982191064,9967.509982191064,0,0,0
2026-06-16T06:00:00+08:00,1781560800000,9969.28469329023,9967.469982191064,0,1,1
2026-06-16T07:00:00+08:00,1781564400000,9968.07045606428,9967.429982191063,0,2,2
2026-06-16T08:00:00+08:00,1781568000000,9967.90842217486,9967.429982191063,0,2,2
2026-06-16T09:00:00+08:00,1781571600000,9968.718591621966,9967.429982191063,0,2,2
2026-06-16T10:00:00+08:00,1781575200000,9973.309551822234,9967.429982191063,0,2,2
2026-06-16T11:00:00+08:00,1781578800000,9969.420738476125,9967.429982191063,0,2,2
2026-06-16T12:00:00+08:00,1781582400000,9970.370589922088,9969.325332903236,0,1,1
2026-06-16T13:00:00+08:00,1781586000000,9969.610910008892,9969.325332903236,0,1,1
2026-06-16T14:00:00+08:00,1781589600000,9968.227207309854,9969.325332903236,0,1,1
2026-06-16T15:00:00+08:00,1781593200000,9967.440395971187,9969.325332903236,0,1,1
2026-06-16T16:00:00+08:00,1781596800000,9964.890041976883,9969.325332903236,0,1,1
2026-06-16T17:00:00+08:00,1781600400000,9963.377417628528,9964.877173402354,1,0,1
2026-06-16T18:00:00+08:00,1781604000000,9962.47158049235,9964.837173402353,2,0,2
2026-06-16T19:00:00+08:00,1781607600000,9962.445181778523,9962.43158049235,0,1,1
2026-06-16T20:00:00+08:00,1781611200000,9960.944654325403,9962.391580492349,0,2,2
2026-06-16T21:00:00+08:00,1781614800000,9963.464255933422,9961.654763772092,0,1,1
2026-06-16T22:00:00+08:00,1781618400000,9969.218991472482,9966.47276834875,0,1,1
2026-06-16T23:00:00+08:00,1781622000000,9968.326318044492,9966.47276834875,0,1,1
2026-06-17T00:00:00+08:00,1781625600000,9968.867332243273,9966.47276834875,0,1,1
2026-06-17T01:00:00+08:00,1781629200000,9967.298391066804,9966.47276834875,0,1,1
2026-06-17T02:00:00+08:00,1781632800000,9967.271340356865,9967.271340356865,0,0,0
2026-06-17T03:00:00+08:00,1781636400000,9967.271340356865,9967.271340356865,0,0,0
2026-06-17T04:00:00+08:00,1781640000000,9967.271340356865,9967.271340356865,0,0,0
2026-06-17T05:00:00+08:00,1781643600000,9967.271340356865,9967.271340356865,0,0,0
2026-06-17T06:00:00+08:00,1781647200000,9967.271340356865,9967.271340356865,0,0,0
2026-06-17T07:00:00+08:00,1781650800000,9967.271340356865,9967.271340356865,0,0,0
2026-06-17T08:00:00+08:00,1781654400000,9967.681234234415,9967.231340356864,0,1,1
2026-06-17T09:00:00+08:00,1781658000000,9966.12990362217,9967.231340356864,0,1,1
2026-06-17T10:00:00+08:00,1781661600000,9966.12990362217,9966.12990362217,0,0,0
2026-06-17T11:00:00+08:00,1781665200000,9965.050238712021,9966.089903622169,1,0,1
2026-06-17T12:00:00+08:00,1781668800000,9965.482526240734,9966.089903622169,1,0,1
2026-06-17T13:00:00+08:00,1781672400000,9964.942166829844,9966.089903622169,1,0,1
2026-06-17T14:00:00+08:00,1781676000000,9964.32075350732,9966.089903622169,1,0,1
2026-06-17T15:00:00+08:00,1781679600000,9963.942501919697,9966.089903622169,1,0,1
2026-06-17T16:00:00+08:00,1781683200000,9961.402812688511,9966.089903622169,1,0,1
2026-06-17T17:00:00+08:00,1781686800000,9961.943172099402,9966.089903622169,1,0,1
2026-06-17T18:00:00+08:00,1781690400000,9960.889471248165,9966.089903622169,1,0,1
2026-06-17T19:00:00+08:00,1781694000000,9960.565255601632,9966.089903622169,1,0,1
2026-06-17T20:00:00+08:00,1781697600000,9961.402812688511,9966.089903622169,1,0,1
2026-06-17T21:00:00+08:00,1781701200000,9961.618956452867,9966.089903622169,1,0,1
2026-06-17T22:00:00+08:00,1781704800000,9961.483866600145,9966.089903622169,1,0,1
2026-06-17T23:00:00+08:00,1781708400000,9965.4014723291,9966.089903622169,1,0,1
2026-06-18T00:00:00+08:00,1781712000000,9965.320418417466,9966.089903622169,1,0,1
2026-06-18T01:00:00+08:00,1781715600000,9967.514082863005,9966.049903622168,2,0,2
2026-06-18T02:00:00+08:00,1781719200000,9963.67050725269,9966.049903622168,2,0,2
2026-06-18T03:00:00+08:00,1781722800000,9958.708115063917,9964.496897271674,1,0,1
2026-06-18T04:00:00+08:00,1781726400000,9957.092527282755,9958.64099816671,0,1,1
2026-06-18T05:00:00+08:00,1781730000000,9960.185159693063,9958.600998166708,0,2,2
2026-06-18T06:00:00+08:00,1781733600000,9959.795538168992,9958.600998166708,0,2,2
2026-06-18T07:00:00+08:00,1781737200000,9957.903090766351,9958.600998166708,0,2,2
2026-06-18T08:00:00+08:00,1781740800000,9957.348370257565,9957.471546972742,0,1,1
2026-06-18T09:00:00+08:00,1781744400000,9957.348370257565,9957.471546972742,0,1,1
2026-06-18T10:00:00+08:00,1781748000000,9956.516603105798,9957.471546972742,0,1,1
2026-06-18T11:00:00+08:00,1781751600000,9954.091407468746,9956.504328677522,1,0,1
2026-06-18T12:00:00+08:00,1781755200000,9955.604251115856,9954.023815361666,0,1,1
2026-06-18T13:00:00+08:00,1781758800000,9955.159425069638,9953.983815361666,0,2,2
2026-06-18T14:00:00+08:00,1781762400000,9953.981131288527,9953.983815361666,0,2,2
2026-06-18T15:00:00+08:00,1781766000000,9952.741853493048,9954.781971786246,0,1,1
2026-06-18T16:00:00+08:00,1781769600000,9952.460146691188,9954.781971786246,0,1,1
2026-06-18T17:00:00+08:00,1781773200000,9952.380471667433,9952.448317371374,1,0,1
2026-06-18T18:00:00+08:00,1781776800000,9949.821862684756,9952.408317371373,2,0,2
2026-06-18T19:00:00+08:00,1781780400000,9948.512757752509,9951.059569286148,1,0,1
2026-06-18T20:00:00+08:00,1781784000000,9946.626896390344,9948.444904291022,0,1,1
2026-06-18T21:00:00+08:00,1781787600000,9945.092784780969,9946.558674042713,1,0,1
2026-06-18T22:00:00+08:00,1781791200000,9944.956443420597,9945.052784780968,0,1,1
2026-06-18T23:00:00+08:00,1781794800000,9956.269783978149,9948.932182626797,0,1,1
2026-06-19T00:00:00+08:00,1781798400000,9956.297942761932,9956.297942761932,0,0,0
2026-06-19T01:00:00+08:00,1781802000000,9956.297942761932,9956.297942761932,0,0,0
2026-06-19T02:00:00+08:00,1781805600000,9956.297942761932,9956.297942761932,0,0,0
2026-06-19T03:00:00+08:00,1781809200000,9956.297942761932,9956.297942761932,0,0,0
2026-06-19T04:00:00+08:00,1781812800000,9956.297942761932,9956.297942761932,0,0,0
2026-06-19T05:00:00+08:00,1781816400000,9956.297942761932,9956.297942761932,0,0,0
2026-06-19T06:00:00+08:00,1781820000000,9956.074128032356,9956.257942761931,1,0,1
2026-06-19T07:00:00+08:00,1781823600000,9957.20260649654,9956.21794276193,2,0,2
2026-06-19T08:00:00+08:00,1781827200000,9957.662979244798,9956.21794276193,2,0,2
2026-06-19T09:00:00+08:00,1781830800000,9958.411084960722,9956.21794276193,2,0,2
2026-06-19T10:00:00+08:00,1781834400000,9956.972420122409,9956.21794276193,2,0,2
2026-06-19T11:00:00+08:00,1781838000000,9955.159071024198,9956.494335166994,1,0,1
2026-06-19T12:00:00+08:00,1781841600000,9953.057864748107,9956.494335166994,1,0,1
2026-06-19T13:00:00+08:00,1781845200000,9951.894034026185,9953.017864748106,0,1,1
2026-06-19T14:00:00+08:00,1781848800000,9951.5218960778,9952.977864748105,0,2,2
2026-06-19T15:00:00+08:00,1781852400000,9952.570593451712,9951.6782776929,0,1,1
2026-06-19T16:00:00+08:00,1781856000000,9950.73840870965,9951.638277692899,0,2,2
2026-06-19T17:00:00+08:00,1781859600000,9951.821446462065,9951.656547427825,0,1,1
2026-06-19T18:00:00+08:00,1781863200000,9951.829311777276,9951.616547427824,0,2,2
2026-06-19T19:00:00+08:00,1781866800000,9951.975796838788,9951.81071775267,0,1,1
2026-06-19T20:00:00+08:00,1781870400000,9952.951149426384,9951.935796838787,1,0,1
2026-06-19T21:00:00+08:00,1781874000000,9956.672140810106,9951.895796838786,2,0,2
2026-06-19T22:00:00+08:00,1781877600000,9955.853465742843,9951.895796838786,2,0,2
2026-06-19T23:00:00+08:00,1781881200000,9957.081478343738,9951.895796838786,2,0,2
2026-06-20T00:00:00+08:00,1781884800000,9953.45591733157,9951.895796838786,2,0,2
2026-06-20T01:00:00+08:00,1781888400000,9955.20544987458,9953.174987573282,1,0,1
2026-06-20T02:00:00+08:00,1781892000000,9953.616825160401,9953.134987573281,2,0,2
2026-06-20T03:00:00+08:00,1781895600000,9953.299037853487,9954.37809097127,1,0,1
2026-06-20T04:00:00+08:00,1781899200000,9954.10719027843,9954.37809097127,1,0,1
2026-06-20T05:00:00+08:00,1781902800000,9952.66994809904,9954.338090971269,2,0,2
2026-06-20T06:00:00+08:00,1781906400000,9953.883373610077,9953.432213373117,1,0,1
2026-06-20T07:00:00+08:00,1781910000000,9955.592469310182,9953.392213373116,2,0,2
2026-06-20T08:00:00+08:00,1781913600000,9954.957628900469,9953.392213373116,2,0,2
2026-06-20T09:00:00+08:00,1781917200000,9955.44751486757,9954.392317404325,1,0,1
2026-06-20T10:00:00+08:00,1781920800000,9954.476357588195,9954.352317404324,2,0,2
2026-06-20T11:00:00+08:00,1781924400000,9955.479588215223,9954.917558107696,1,0,1
2026-06-20T12:00:00+08:00,1781928000000,9960.323100878064,9954.877558107695,2,0,2
2026-06-20T13:00:00+08:00,1781931600000,9964.219518345742,9959.143331953519,1,0,1
2026-06-20T14:00:00+08:00,1781935200000,9964.219518345742,9964.219518345742,0,0,0
2026-06-20T15:00:00+08:00,1781938800000,9964.219518345742,9964.219518345742,0,0,0
2026-06-20T16:00:00+08:00,1781942400000,9964.219518345742,9964.219518345742,0,0,0
2026-06-20T17:00:00+08:00,1781946000000,9964.219518345742,9964.219518345742,0,0,0
2026-06-20T18:00:00+08:00,1781949600000,9964.219518345742,9964.219518345742,0,0,0
2026-06-20T19:00:00+08:00,1781953200000,9964.219518345742,9964.219518345742,0,0,0
2026-06-20T20:00:00+08:00,1781956800000,9964.219518345742,9964.219518345742,0,0,0
2026-06-20T21:00:00+08:00,1781960400000,9964.219518345742,9964.219518345742,0,0,0
2026-06-20T22:00:00+08:00,1781964000000,9962.030874635271,9964.179518345742,0,1,1
2026-06-20T23:00:00+08:00,1781967600000,9962.030874635271,9962.030874635271,0,0,0
2026-06-21T00:00:00+08:00,1781971200000,9960.95107463527,9961.99087463527,1,0,1
2026-06-21T01:00:00+08:00,1781974800000,9961.122570875981,9960.883302413047,0,1,1
2026-06-21T02:00:00+08:00,1781978400000,9959.980608916076,9960.843302413046,0,2,2
2026-06-21T03:00:00+08:00,1781982000000,9959.421681568756,9960.843302413046,0,2,2
2026-06-21T04:00:00+08:00,1781985600000,9958.974227353741,9960.27269233347,0,1,1
2026-06-21T05:00:00+08:00,1781989200000,9957.93948948152,9960.27269233347,0,1,1
2026-06-21T06:00:00+08:00,1781992800000,9954.667480534225,9960.27269233347,0,1,1
2026-06-21T07:00:00+08:00,1781996400000,9953.634907002648,9954.599514645786,1,0,1
2026-06-21T08:00:00+08:00,1782000000000,9953.336846943974,9954.559514645785,2,0,2
2026-06-21T09:00:00+08:00,1782003600000,9953.30952627175,9953.486129632865,1,0,1
2026-06-21T10:00:00+08:00,1782007200000,9953.719336355096,9953.486129632865,1,0,1
2026-06-21T11:00:00+08:00,1782010800000,9954.511635849562,9953.486129632865,1,0,1
2026-06-21T12:00:00+08:00,1782014400000,9953.450698215434,9953.446129632865,2,0,2
2026-06-21T13:00:00+08:00,1782018000000,9952.499543010217,9953.979863749548,1,0,1
2026-06-21T14:00:00+08:00,1782021600000,9951.926775690474,9952.43236714721,0,1,1
2026-06-21T15:00:00+08:00,1782025200000,9952.01091129686,9952.39236714721,0,2,2
2026-06-21T16:00:00+08:00,1782028800000,9952.339182509639,9952.39236714721,0,2,2
2026-06-21T17:00:00+08:00,1782032400000,9947.579249924373,9952.39236714721,0,2,2
2026-06-21T18:00:00+08:00,1782036000000,9947.934400096281,9949.723144803289,0,1,1
2026-06-21T19:00:00+08:00,1782039600000,9949.792441347478,9949.723144803289,0,1,1
2026-06-21T20:00:00+08:00,1782043200000,9947.334419845187,9949.683144803288,0,2,2
2026-06-21T21:00:00+08:00,1782046800000,9946.568839831612,9948.55017936141,0,1,1
2026-06-21T22:00:00+08:00,1782050400000,9946.049326436314,9948.55017936141,0,1,1
2026-06-21T23:00:00+08:00,1782054000000,9945.91261238492,9948.55017936141,0,1,1
2026-06-22T00:00:00+08:00,1782057600000,9945.393098989622,9948.55017936141,0,1,1
2026-06-22T01:00:00+08:00,1782061200000,9945.098196544819,9945.3804417999,1,0,1
2026-06-22T02:00:00+08:00,1782064800000,9945.099075251017,9945.058196544818,0,1,1
2026-06-22T03:00:00+08:00,1782068400000,9943.88654436964,9945.018196544817,0,2,2
2026-06-22T04:00:00+08:00,1782072000000,9946.55662122012,9944.49292430762,0,1,1
2026-06-22T05:00:00+08:00,1782075600000,9948.10344900219,9944.45292430762,0,2,2
2026-06-22T06:00:00+08:00,1782079200000,9948.537269744074,9944.45292430762,0,2,2
2026-06-22T07:00:00+08:00,1782082800000,9952.053925240538,9949.449984649176,0,1,1
2026-06-22T08:00:00+08:00,1782086400000,9949.546270246668,9949.449984649176,0,1,1
2026-06-22T09:00:00+08:00,1782090000000,9949.546270246668,9949.546270246668,0,0,0
2026-06-22T10:00:00+08:00,1782093600000,9949.546270246668,9949.546270246668,0,0,0
2026-06-22T11:00:00+08:00,1782097200000,9949.546270246668,9949.546270246668,0,0,0
2026-06-22T12:00:00+08:00,1782100800000,9949.546270246668,9949.546270246668,0,0,0
2026-06-22T13:00:00+08:00,1782104400000,9949.546270246668,9949.546270246668,0,0,0
2026-06-22T14:00:00+08:00,1782108000000,9949.546270246668,9949.546270246668,0,0,0
2026-06-22T15:00:00+08:00,1782111600000,9949.546270246668,9949.546270246668,0,0,0
2026-06-22T16:00:00+08:00,1782115200000,9948.872356381406,9949.506270246668,1,0,1
2026-06-22T17:00:00+08:00,1782118800000,9948.872356381406,9948.872356381406,0,0,0
2026-06-22T18:00:00+08:00,1782122400000,9948.819480449201,9948.832356381405,0,1,1
2026-06-22T19:00:00+08:00,1782126000000,9946.569407891933,9948.792356381404,0,2,2
2026-06-22T20:00:00+08:00,1782129600000,9947.055396131946,9946.475156078,1,0,1
2026-06-22T21:00:00+08:00,1782133200000,9949.93717526652,9946.435156078,2,0,2
2026-06-22T22:00:00+08:00,1782136800000,9941.698044219429,9946.435156078,2,0,2
2026-06-22T23:00:00+08:00,1782140400000,9942.46289980526,9941.658044219428,0,1,1
2026-06-23T00:00:00+08:00,1782144000000,9943.448019580714,9941.618044219427,0,2,2
2026-06-23T01:00:00+08:00,1782147600000,9941.59098517225,9941.618044219427,0,2,2
2026-06-23T02:00:00+08:00,1782151200000,9943.34236136924,9942.01409871534,0,1,1
2026-06-23T03:00:00+08:00,1782154800000,9942.93284753672,9941.97409871534,0,2,2
2026-06-23T04:00:00+08:00,1782158400000,9942.574649189613,9943.13816985077,0,1,1
2026-06-23T05:00:00+08:00,1782162000000,9942.822632660687,9943.13816985077,0,1,1
2026-06-23T06:00:00+08:00,1782165600000,9944.613624396225,9943.13816985077,0,1,1
2026-06-23T07:00:00+08:00,1782169200000,9945.308073200717,9943.09816985077,0,2,2
2026-06-23T08:00:00+08:00,1782172800000,9945.75061537471,9943.09816985077,0,2,2
2026-06-23T09:00:00+08:00,1782176400000,9946.222604271312,9945.179806214406,0,1,1
2026-06-23T10:00:00+08:00,1782180000000,9945.445210794558,9945.179806214406,0,1,1
2026-06-23T11:00:00+08:00,1782183600000,9945.445210794558,9945.179806214406,0,1,1
2026-06-23T12:00:00+08:00,1782187200000,9946.91670558984,9945.179806214406,0,1,1
2026-06-23T13:00:00+08:00,1782190800000,9949.15140811739,9945.139806214405,0,2,2
2026-06-23T14:00:00+08:00,1782194400000,9953.08645868488,9949.961446083367,0,1,1
2026-06-23T15:00:00+08:00,1782198000000,9953.922246083368,9953.922246083368,0,0,0
2026-06-23T16:00:00+08:00,1782201600000,9953.922246083368,9953.922246083368,0,0,0
2026-06-23T17:00:00+08:00,1782205200000,9953.922246083368,9953.922246083368,0,0,0
2026-06-23T18:00:00+08:00,1782208800000,9953.922246083368,9953.922246083368,0,0,0
2026-06-23T19:00:00+08:00,1782212400000,9953.922246083368,9953.922246083368,0,0,0
2026-06-23T20:00:00+08:00,1782216000000,9953.922246083368,9953.922246083368,0,0,0
2026-06-23T21:00:00+08:00,1782219600000,9953.922246083368,9953.922246083368,0,0,0
2026-06-23T22:00:00+08:00,1782223200000,9953.922246083368,9953.922246083368,0,0,0
2026-06-23T23:00:00+08:00,1782226800000,9953.922246083368,9953.922246083368,0,0,0
2026-06-24T00:00:00+08:00,1782230400000,9953.726125293588,9953.882246083367,1,0,1
2026-06-24T01:00:00+08:00,1782234000000,9953.036280263928,9953.842246083366,2,0,2
2026-06-24T02:00:00+08:00,1782237600000,9953.733258062586,9953.842246083366,2,0,2
2026-06-24T03:00:00+08:00,1782241200000,9953.384769163256,9953.842246083366,2,0,2
2026-06-24T04:00:00+08:00,1782244800000,9954.430235861242,9953.842246083366,2,0,2
2026-06-24T05:00:00+08:00,1782248400000,9955.882272941775,9953.842246083366,2,0,2
2026-06-24T06:00:00+08:00,1782252000000,9957.566635955196,9953.842246083366,2,0,2
2026-06-24T07:00:00+08:00,1782255600000,9958.379776720296,9953.842246083366,2,0,2
2026-06-24T08:00:00+08:00,1782259200000,9960.064139733715,9953.842246083366,2,0,2
2026-06-24T09:00:00+08:00,1782262800000,9961.202597780984,9957.727392202021,1,0,1
2026-06-24T10:00:00+08:00,1782266400000,9959.372366777061,9957.727392202021,1,0,1
2026-06-24T11:00:00+08:00,1782270000000,9959.372366777061,9959.372366777061,0,0,0
2026-06-24T12:00:00+08:00,1782273600000,9959.372366777061,9959.372366777061,0,0,0
2026-06-24T13:00:00+08:00,1782277200000,9959.372366777061,9959.372366777061,0,0,0
2026-06-24T14:00:00+08:00,1782280800000,9959.372366777061,9959.372366777061,0,0,0
2026-06-24T15:00:00+08:00,1782284400000,9959.372366777061,9959.372366777061,0,0,0
2026-06-24T16:00:00+08:00,1782288000000,9959.372366777061,9959.372366777061,0,0,0
2026-06-24T17:00:00+08:00,1782291600000,9959.372366777061,9959.372366777061,0,0,0
2026-06-24T18:00:00+08:00,1782295200000,9959.372366777061,9959.372366777061,0,0,0
2026-06-24T19:00:00+08:00,1782298800000,9957.060359821546,9959.33236677706,0,1,1
2026-06-24T20:00:00+08:00,1782302400000,9955.977591155908,9957.049346924863,1,0,1
2026-06-24T21:00:00+08:00,1782306000000,9955.977591155908,9955.977591155908,0,0,0
2026-06-24T22:00:00+08:00,1782309600000,9955.897591155906,9955.937591155907,0,1,1
2026-06-24T23:00:00+08:00,1782313200000,9964.294729429665,9959.858391155907,0,1,1
2026-06-25T00:00:00+08:00,1782316800000,9964.294729429665,9964.294729429665,0,0,0
2026-06-25T01:00:00+08:00,1782320400000,9964.294729429665,9964.294729429665,0,0,0
2026-06-25T02:00:00+08:00,1782324000000,9964.294729429665,9964.294729429665,0,0,0
2026-06-25T03:00:00+08:00,1782327600000,9964.294729429665,9964.294729429665,0,0,0
2026-06-25T04:00:00+08:00,1782331200000,9964.294729429665,9964.294729429665,0,0,0
2026-06-25T05:00:00+08:00,1782334800000,9964.294729429665,9964.294729429665,0,0,0
2026-06-25T06:00:00+08:00,1782338400000,9963.538592999203,9964.254729429664,1,0,1
2026-06-25T07:00:00+08:00,1782342000000,9965.166525149005,9964.214729429663,2,0,2
2026-06-25T08:00:00+08:00,1782345600000,9962.692968242392,9964.214729429663,2,0,2
2026-06-25T09:00:00+08:00,1782349200000,9963.19441683363,9963.11642892981,1,0,1
2026-06-25T10:00:00+08:00,1782352800000,9962.28874503197,9963.07642892981,2,0,2
2026-06-25T11:00:00+08:00,1782356400000,9962.111867544134,9962.741459170258,1,0,1
2026-06-25T12:00:00+08:00,1782360000000,9964.411274886019,9962.741459170258,1,0,1
2026-06-25T13:00:00+08:00,1782363600000,9967.648231891562,9962.701459170257,2,0,2
2026-06-25T14:00:00+08:00,1782367200000,9970.426395911622,9967.543858641817,1,0,1
2026-06-25T15:00:00+08:00,1782370800000,9970.20154447488,9967.503858641816,2,0,2
2026-06-25T16:00:00+08:00,1782374400000,9967.938545952187,9967.503858641816,2,0,2
2026-06-25T17:00:00+08:00,1782378000000,9967.33416625503,9969.217381003698,1,0,1
2026-06-25T18:00:00+08:00,1782381600000,9965.80775404129,9969.217381003698,1,0,1
2026-06-25T19:00:00+08:00,1782385200000,9965.433351045467,9969.217381003698,1,0,1
2026-06-25T20:00:00+08:00,1782388800000,9965.778953810843,9969.217381003698,1,0,1
2026-06-25T21:00:00+08:00,1782392400000,9969.72855404129,9969.72855404129,0,0,0
2026-06-25T22:00:00+08:00,1782396000000,9963.073006448207,9969.68855404129,0,1,1
2026-06-25T23:00:00+08:00,1782399600000,9963.041842715538,9963.041842715538,0,0,0
2026-06-26T00:00:00+08:00,1782403200000,9963.041842715538,9963.041842715538,0,0,0
2026-06-26T01:00:00+08:00,1782406800000,9963.041842715538,9963.041842715538,0,0,0
2026-06-26T02:00:00+08:00,1782410400000,9963.041842715538,9963.041842715538,0,0,0
2026-06-26T03:00:00+08:00,1782414000000,9963.041842715538,9963.041842715538,0,0,0
2026-06-26T04:00:00+08:00,1782417600000,9963.041842715538,9963.041842715538,0,0,0
2026-06-26T05:00:00+08:00,1782421200000,9963.041842715538,9963.041842715538,0,0,0
2026-06-26T06:00:00+08:00,1782424800000,9962.545507200963,9963.001842715537,1,0,1
2026-06-26T07:00:00+08:00,1782428400000,9968.367107315644,9966.708490326077,1,0,1
2026-06-26T08:00:00+08:00,1782432000000,9968.426707911769,9966.708490326077,1,0,1
2026-06-26T09:00:00+08:00,1782435600000,9967.204895691204,9966.708490326077,1,0,1
2026-06-26T10:00:00+08:00,1782439200000,9967.204895691204,9967.204895691204,0,0,0
2026-06-26T11:00:00+08:00,1782442800000,9967.204895691204,9967.204895691204,0,0,0
2026-06-26T12:00:00+08:00,1782446400000,9967.204895691204,9967.204895691204,0,0,0
2026-06-26T13:00:00+08:00,1782450000000,9967.94777634964,9967.164895691203,1,0,1
2026-06-26T14:00:00+08:00,1782453600000,9971.124095691202,9971.124095691202,0,0,0
2026-06-26T15:00:00+08:00,1782457200000,9971.124095691202,9971.124095691202,0,0,0
2026-06-26T16:00:00+08:00,1782460800000,9971.124095691202,9971.124095691202,0,0,0
2026-06-26T17:00:00+08:00,1782464400000,9971.124095691202,9971.124095691202,0,0,0
2026-06-26T18:00:00+08:00,1782468000000,9971.124095691202,9971.124095691202,0,0,0
2026-06-26T19:00:00+08:00,1782471600000,9971.124095691202,9971.124095691202,0,0,0
2026-06-26T20:00:00+08:00,1782475200000,9971.124095691202,9971.124095691202,0,0,0
2026-06-26T21:00:00+08:00,1782478800000,9965.696520505962,9971.084095691202,0,1,1
2026-06-26T22:00:00+08:00,1782482400000,9964.851894496043,9965.627457597346,1,0,1
2026-06-26T23:00:00+08:00,1782486000000,9973.645688578548,9969.17082916361,1,0,1
2026-06-27T00:00:00+08:00,1782489600000,9973.645688578548,9973.645688578548,0,0,0
2026-06-27T01:00:00+08:00,1782493200000,9973.645688578548,9973.645688578548,0,0,0
2026-06-27T02:00:00+08:00,1782496800000,9973.645688578548,9973.645688578548,0,0,0
2026-06-27T03:00:00+08:00,1782500400000,9973.645688578548,9973.645688578548,0,0,0
2026-06-27T04:00:00+08:00,1782504000000,9973.645688578548,9973.645688578548,0,0,0
2026-06-27T05:00:00+08:00,1782507600000,9973.645688578548,9973.645688578548,0,0,0
2026-06-27T06:00:00+08:00,1782511200000,9973.645688578548,9973.645688578548,0,0,0
2026-06-27T07:00:00+08:00,1782514800000,9973.342740682197,9973.605688578547,0,1,1
2026-06-27T08:00:00+08:00,1782518400000,9973.736190874357,9973.565688578547,0,2,2
2026-06-27T09:00:00+08:00,1782522000000,9975.852869742115,9973.565688578547,0,2,2
2026-06-27T10:00:00+08:00,1782525600000,9972.06512861034,9973.565688578547,0,2,2
2026-06-27T11:00:00+08:00,1782529200000,9971.731160447876,9972.717502454278,0,1,1
2026-06-27T12:00:00+08:00,1782532800000,9972.62183527743,9972.717502454278,0,1,1
2026-06-27T13:00:00+08:00,1782536400000,9973.181965216643,9972.677502454277,0,2,2
2026-06-27T14:00:00+08:00,1782540000000,9971.456402773509,9972.677502454277,0,2,2
2026-06-27T15:00:00+08:00,1782543600000,9970.9276342936,9972.025163508959,0,1,1
2026-06-27T16:00:00+08:00,1782547200000,9971.679036630829,9972.025163508959,0,1,1
2026-06-27T17:00:00+08:00,1782550800000,9972.516628756593,9971.985163508958,0,2,2
2026-06-27T18:00:00+08:00,1782554400000,9971.571206914634,9971.985163508958,0,2,2
2026-06-27T19:00:00+08:00,1782558000000,9972.238053297495,9971.639036630828,0,1,1
2026-06-27T20:00:00+08:00,1782561600000,9970.182091480325,9971.599036630827,0,2,2
2026-06-27T21:00:00+08:00,1782565200000,9969.59678306338,9971.197853297494,0,1,1
2026-06-27T22:00:00+08:00,1782568800000,9968.64899042124,9971.197853297494,0,1,1
2026-06-27T23:00:00+08:00,1782572400000,9968.25872286271,9971.197853297494,0,1,1
2026-06-28T00:00:00+08:00,1782576000000,9967.62938220337,9968.21872286271,1,0,1
2026-06-28T01:00:00+08:00,1782579600000,9969.202605343864,9967.589382203369,0,1,1
2026-06-28T02:00:00+08:00,1782583200000,9969.786649971964,9967.549382203368,0,2,2
2026-06-28T03:00:00+08:00,1782586800000,9974.324288263973,9967.549382203368,0,2,2
2026-06-28T04:00:00+08:00,1782590400000,9973.162210164799,9967.549382203368,0,2,2
2026-06-28T05:00:00+08:00,1782594000000,9975.200872867268,9972.323622867269,0,1,1
2026-06-28T06:00:00+08:00,1782597600000,9974.644819902322,9972.283622867268,0,2,2
2026-06-28T07:00:00+08:00,1782601200000,9976.22434979143,9974.910822867269,0,1,1
2026-06-28T08:00:00+08:00,1782604800000,9974.927500427828,9974.870822867268,0,2,2
2026-06-28T09:00:00+08:00,1782608400000,9974.586765154585,9975.592181762107,0,1,1
2026-06-28T10:00:00+08:00,1782612000000,9974.927500427828,9975.592181762107,0,1,1
2026-06-28T11:00:00+08:00,1782615600000,9974.501581336273,9975.592181762107,0,1,1
2026-06-28T12:00:00+08:00,1782619200000,9974.757132791206,9975.592181762107,0,1,1
2026-06-28T13:00:00+08:00,1782622800000,9975.41020873159,9975.592181762107,0,1,1
2026-06-28T14:00:00+08:00,1782626400000,9975.637365580418,9975.592181762107,0,1,1
2026-06-28T15:00:00+08:00,1782630000000,9973.876900001995,9975.592181762107,0,1,1
2026-06-28T16:00:00+08:00,1782633600000,9971.548542301498,9975.592181762107,0,1,1
2026-06-28T17:00:00+08:00,1782637200000,9970.382894321245,9971.480147695393,1,0,1
2026-06-28T18:00:00+08:00,1782640800000,9969.94029156954,9971.440147695392,2,0,2
2026-06-28T19:00:00+08:00,1782644400000,9971.17131074635,9970.120314663529,1,0,1
2026-06-28T20:00:00+08:00,1782648000000,9970.923920599103,9970.080314663528,2,0,2
2026-06-28T21:00:00+08:00,1782651600000,9970.142766578629,9970.080314663528,2,0,2
2026-06-28T22:00:00+08:00,1782655200000,9969.864542006484,9970.655748351273,1,0,1
2026-06-28T23:00:00+08:00,1782658800000,9971.088730123918,9970.655748351273,1,0,1
2026-06-29T00:00:00+08:00,1782662400000,9968.091056033709,9970.615748351272,2,0,2
2026-06-29T01:00:00+08:00,1782666000000,9968.06330308437,9969.601962348768,1,0,1
2026-06-29T02:00:00+08:00,1782669600000,9967.00869100942,9969.601962348768,1,0,1
2026-06-29T03:00:00+08:00,1782673200000,9968.222356129621,9966.968691009419,0,1,1
2026-06-29T04:00:00+08:00,1782676800000,9966.9573394277,9966.928691009418,0,2,2
2026-06-29T05:00:00+08:00,1782680400000,9969.609519665333,9966.928691009418,0,2,2
2026-06-29T06:00:00+08:00,1782684000000,9970.850965734011,9966.928691009418,0,2,2
2026-06-29T07:00:00+08:00,1782687600000,9964.305159190068,9966.928691009418,0,2,2
2026-06-29T08:00:00+08:00,1782691200000,9963.569197678817,9966.269981604104,0,1,1
2026-06-29T09:00:00+08:00,1782694800000,9962.958339107168,9963.500891466845,1,0,1
2026-06-29T10:00:00+08:00,1782698400000,9966.875554843984,9963.460891466844,2,0,2
2026-06-29T11:00:00+08:00,1782702000000,9970.49606162471,9967.17774112086,1,0,1
2026-06-29T12:00:00+08:00,1782705600000,9967.697461204836,9967.17774112086,1,0,1
2026-06-29T13:00:00+08:00,1782709200000,9967.697461204836,9967.697461204836,0,0,0
2026-06-29T14:00:00+08:00,1782712800000,9967.697461204836,9967.697461204836,0,0,0
2026-06-29T15:00:00+08:00,1782716400000,9967.697461204836,9967.697461204836,0,0,0
2026-06-29T16:00:00+08:00,1782720000000,9967.697461204836,9967.697461204836,0,0,0
2026-06-29T17:00:00+08:00,1782723600000,9967.697461204836,9967.697461204836,0,0,0
2026-06-29T18:00:00+08:00,1782727200000,9967.697461204836,9967.697461204836,0,0,0
2026-06-29T19:00:00+08:00,1782730800000,9967.697461204836,9967.697461204836,0,0,0
2026-06-29T20:00:00+08:00,1782734400000,9967.697461204836,9967.697461204836,0,0,0
2026-06-29T21:00:00+08:00,1782738000000,9967.697461204836,9967.697461204836,0,0,0
2026-06-29T22:00:00+08:00,1782741600000,9967.697461204836,9967.697461204836,0,0,0
2026-06-29T23:00:00+08:00,1782745200000,9967.697461204836,9967.697461204836,0,0,0
2026-06-30T00:00:00+08:00,1782748800000,9967.697461204836,9967.697461204836,0,0,0
2026-06-30T01:00:00+08:00,1782752400000,9967.697461204836,9967.697461204836,0,0,0
2026-06-30T02:00:00+08:00,1782756000000,9967.697461204836,9967.697461204836,0,0,0
2026-06-30T03:00:00+08:00,1782759600000,9967.697461204836,9967.697461204836,0,0,0
2026-06-30T04:00:00+08:00,1782763200000,9967.697461204836,9967.697461204836,0,0,0
2026-06-30T05:00:00+08:00,1782766800000,9967.697461204836,9967.697461204836,0,0,0
2026-06-30T06:00:00+08:00,1782770400000,9967.697461204836,9967.697461204836,0,0,0
2026-06-30T07:00:00+08:00,1782774000000,9967.697461204836,9967.697461204836,0,0,0
2026-06-30T08:00:00+08:00,1782777600000,9969.614665677678,9967.657461204835,0,1,1
2026-06-30T09:00:00+08:00,1782781200000,9969.508036284706,9967.617461204834,0,2,2
2026-06-30T10:00:00+08:00,1782784800000,9968.544609335451,9967.617461204834,0,2,2
2026-06-30T11:00:00+08:00,1782788400000,9970.792605550381,9967.617461204834,0,2,2
2026-06-30T12:00:00+08:00,1782792000000,9971.541937622025,9967.617461204834,0,2,2
2026-06-30T13:00:00+08:00,1782795600000,9970.471463233964,9967.617461204834,0,2,2
2026-06-30T14:00:00+08:00,1782799200000,9970.71324723839,9970.05399475116,0,1,1
2026-06-30T15:00:00+08:00,1782802800000,9970.71324723839,9970.05399475116,0,1,1
2026-06-30T16:00:00+08:00,1782806400000,9972.165540865708,9970.05399475116,0,1,1
2026-06-30T17:00:00+08:00,1782810000000,9971.139331289975,9970.01399475116,0,2,2
2026-06-30T18:00:00+08:00,1782813600000,9971.43834474289,9971.641442989934,0,1,1
2026-06-30T19:00:00+08:00,1782817200000,9972.253835978112,9971.641442989934,0,1,1
2026-06-30T20:00:00+08:00,1782820800000,9979.252989203951,9971.601442989933,0,2,2
2026-06-30T21:00:00+08:00,1782824400000,9977.23330884729,9975.882437681645,0,1,1
2026-06-30T22:00:00+08:00,1782828000000,9977.23330884729,9977.23330884729,0,0,0
2026-06-30T23:00:00+08:00,1782831600000,9977.23330884729,9977.23330884729,0,0,0
2026-07-01T00:00:00+08:00,1782835200000,9977.23330884729,9977.23330884729,0,0,0
2026-07-01T01:00:00+08:00,1782838800000,9977.23330884729,9977.23330884729,0,0,0
2026-07-01T02:00:00+08:00,1782842400000,9977.23330884729,9977.23330884729,0,0,0
2026-07-01T03:00:00+08:00,1782846000000,9977.588300009764,9977.193308847289,1,0,1
2026-07-01T04:00:00+08:00,1782849600000,9977.263838812874,9977.153308847288,2,0,2
2026-07-01T05:00:00+08:00,1782853200000,9976.1774675667,9977.153308847288,2,0,2
2026-07-01T06:00:00+08:00,1782856800000,9976.014733211776,9976.89581326605,1,0,1
2026-07-01T07:00:00+08:00,1782860400000,9976.665891963472,9976.89581326605,1,0,1
2026-07-01T08:00:00+08:00,1782864000000,9976.423024893513,9976.85581326605,2,0,2
2026-07-01T09:00:00+08:00,1782867600000,9977.237747153462,9976.544497119508,1,0,1
2026-07-01T10:00:00+08:00,1782871200000,9981.657641571976,9976.504497119508,2,0,2
2026-07-01T11:00:00+08:00,1782874800000,9984.963931001399,9980.836970243618,1,0,1
2026-07-01T12:00:00+08:00,1782878400000,9984.963931001399,9984.963931001399,0,0,0
2026-07-01T13:00:00+08:00,1782882000000,9984.963931001399,9984.963931001399,0,0,0
2026-07-01T14:00:00+08:00,1782885600000,9984.963931001399,9984.963931001399,0,0,0
2026-07-01T15:00:00+08:00,1782889200000,9984.963931001399,9984.963931001399,0,0,0
2026-07-01T16:00:00+08:00,1782892800000,9984.963931001399,9984.963931001399,0,0,0
2026-07-01T17:00:00+08:00,1782896400000,9984.963931001399,9984.963931001399,0,0,0
2026-07-01T18:00:00+08:00,1782900000000,9984.963931001399,9984.963931001399,0,0,0
2026-07-01T19:00:00+08:00,1782903600000,9984.963931001399,9984.963931001399,0,0,0
2026-07-01T20:00:00+08:00,1782907200000,9985.499109501197,9984.923931001398,0,1,1
2026-07-01T21:00:00+08:00,1782910800000,9977.731467574366,9984.883931001397,0,2,2
2026-07-01T22:00:00+08:00,1782914400000,9980.152241214413,9977.74504026692,1,0,1
2026-07-01T23:00:00+08:00,1782918000000,9982.53080315468,9977.70504026692,2,0,2
2026-07-02T00:00:00+08:00,1782921600000,9983.410634598538,9982.904721962033,1,0,1
2026-07-02T01:00:00+08:00,1782925200000,9983.384638758705,9983.384638758705,0,0,0
2026-07-02T02:00:00+08:00,1782928800000,9983.384638758705,9983.384638758705,0,0,0
2026-07-02T03:00:00+08:00,1782932400000,9983.384638758705,9983.384638758705,0,0,0
2026-07-02T04:00:00+08:00,1782936000000,9983.384638758705,9983.384638758705,0,0,0
2026-07-02T05:00:00+08:00,1782939600000,9983.384638758705,9983.384638758705,0,0,0
2026-07-02T06:00:00+08:00,1782943200000,9983.384638758705,9983.384638758705,0,0,0
2026-07-02T07:00:00+08:00,1782946800000,9983.384638758705,9983.384638758705,0,0,0
2026-07-02T08:00:00+08:00,1782950400000,9983.384638758705,9983.384638758705,0,0,0
2026-07-02T09:00:00+08:00,1782954000000,9980.921668410394,9983.344638758705,0,1,1
2026-07-02T10:00:00+08:00,1782957600000,9980.921668410394,9980.921668410394,0,0,0
2026-07-02T11:00:00+08:00,1782961200000,9980.921668410394,9980.921668410394,0,0,0
2026-07-02T12:00:00+08:00,1782964800000,9979.773994878738,9980.881668410393,1,0,1
2026-07-02T13:00:00+08:00,1782968400000,9980.077706126895,9979.708574080365,0,1,1
2026-07-02T14:00:00+08:00,1782972000000,9981.021584359129,9979.668574080364,0,2,2
2026-07-02T15:00:00+08:00,1782975600000,9980.560839154625,9979.668574080364,0,2,2
2026-07-02T16:00:00+08:00,1782979200000,9978.154725308868,9979.668574080364,0,2,2
2026-07-02T17:00:00+08:00,1782982800000,9975.59246184429,9979.091588269293,0,1,1
2026-07-02T18:00:00+08:00,1782986400000,9979.486038685585,9979.486038685585,0,0,0
2026-07-02T19:00:00+08:00,1782990000000,9979.486038685585,9979.486038685585,0,0,0
2026-07-02T20:00:00+08:00,1782993600000,9979.486038685585,9979.486038685585,0,0,0
2026-07-02T21:00:00+08:00,1782997200000,9979.486038685585,9979.486038685585,0,0,0
2026-07-02T22:00:00+08:00,1783000800000,9979.486038685585,9979.486038685585,0,0,0
2026-07-02T23:00:00+08:00,1783004400000,9979.486038685585,9979.486038685585,0,0,0
2026-07-03T00:00:00+08:00,1783008000000,9979.486038685585,9979.486038685585,0,0,0
2026-07-03T01:00:00+08:00,1783011600000,9979.207265862333,9979.446038685584,0,1,1
2026-07-03T02:00:00+08:00,1783015200000,9977.239861300068,9979.406038685584,0,2,2
2026-07-03T03:00:00+08:00,1783018800000,9978.1835635812,9979.406038685584,0,2,2
2026-07-03T04:00:00+08:00,1783022400000,9977.190192758955,9979.406038685584,0,2,2
2026-07-03T05:00:00+08:00,1783026000000,9977.785943940593,9978.223094951885,0,1,1
2026-07-03T06:00:00+08:00,1783029600000,9978.3506749577,9978.183094951884,0,2,2
2026-07-03T07:00:00+08:00,1783033200000,9978.053106795958,9978.183094951884,0,2,2
2026-07-03T08:00:00+08:00,1783036800000,9977.904322715089,9978.183094951884,0,2,2
2026-07-03T09:00:00+08:00,1783040400000,9976.095911569577,9977.845231693416,0,1,1
2026-07-03T10:00:00+08:00,1783044000000,9977.75568618258,9977.845231693416,0,1,1
2026-07-03T11:00:00+08:00,1783047600000,9978.146340928439,9977.805231693415,0,2,2
2026-07-03T12:00:00+08:00,1783051200000,9979.137189796085,9977.805231693415,0,2,2
2026-07-03T13:00:00+08:00,1783054800000,9976.016015863,9977.805231693415,0,2,2
2026-07-03T14:00:00+08:00,1783058400000,9976.486639934323,9976.898185253787,0,1,1
2026-07-03T15:00:00+08:00,1783062000000,9975.817858359285,9976.898185253787,0,1,1
2026-07-03T16:00:00+08:00,1783065600000,9976.58571868618,9976.898185253787,0,1,1
2026-07-03T17:00:00+08:00,1783069200000,9976.010661846105,9976.858185253786,0,2,2
2026-07-03T18:00:00+08:00,1783072800000,9974.650148371818,9976.273252118572,0,1,1
2026-07-03T19:00:00+08:00,1783076400000,9974.650148371818,9976.273252118572,0,1,1
2026-07-03T20:00:00+08:00,1783080000000,9974.699620363905,9976.273252118572,0,1,1
2026-07-03T21:00:00+08:00,1783083600000,9974.57594038369,9976.273252118572,0,1,1
2026-07-03T22:00:00+08:00,1783087200000,9974.328580423258,9976.273252118572,0,1,1
2026-07-03T23:00:00+08:00,1783090800000,9973.023839528256,9974.263844427214,1,0,1
2026-07-04T00:00:00+08:00,1783094400000,9972.130413938135,9973.008329424152,0,1,1
2026-07-04T01:00:00+08:00,1783098000000,9972.155058511253,9972.155058511253,0,0,0
2026-07-04T02:00:00+08:00,1783101600000,9972.155058511253,9972.155058511253,0,0,0
2026-07-04T03:00:00+08:00,1783105200000,9972.92761058824,9972.115058511252,1,0,1
2026-07-04T04:00:00+08:00,1783108800000,9973.941409126297,9972.075058511251,2,0,2
2026-07-04T05:00:00+08:00,1783112400000,9973.698354601913,9972.075058511251,2,0,2
2026-07-04T06:00:00+08:00,1783116000000,9972.970892735413,9973.350424572891,1,0,1
2026-07-04T07:00:00+08:00,1783119600000,9972.946640461309,9973.350424572891,1,0,1
2026-07-04T08:00:00+08:00,1783123200000,9973.116406380046,9973.350424572891,1,0,1
2026-07-04T09:00:00+08:00,1783126800000,9974.080847646494,9973.05215410594,0,1,1
2026-07-04T10:00:00+08:00,1783130400000,9972.904796566607,9973.01215410594,0,2,2
2026-07-04T11:00:00+08:00,1783134000000,9970.274434099221,9973.01215410594,0,2,2
2026-07-04T12:00:00+08:00,1783137600000,9968.39394575836,9972.194922440083,0,1,1
2026-07-04T13:00:00+08:00,1783141200000,9968.026405914141,9968.35394575836,1,0,1
2026-07-04T14:00:00+08:00,1783144800000,9964.10978083164,9968.313945758358,2,0,2
2026-07-04T15:00:00+08:00,1783148400000,9964.421765415807,9966.045511965669,1,0,1
2026-07-04T16:00:00+08:00,1783152000000,9965.2854644602,9964.381765415807,0,1,1
2026-07-04T17:00:00+08:00,1783155600000,9968.019016411514,9964.341765415806,0,2,2
2026-07-04T18:00:00+08:00,1783159200000,9968.455602059134,9964.341765415806,0,2,2
2026-07-04T19:00:00+08:00,1783162800000,9967.630940280298,9964.341765415806,0,2,2
2026-07-04T20:00:00+08:00,1783166400000,9968.141494485451,9966.455335029934,0,1,1
2026-07-04T21:00:00+08:00,1783170000000,9967.841612421478,9966.415335029933,0,2,2
2026-07-04T22:00:00+08:00,1783173600000,9967.473711489649,9968.004246065422,0,1,1
2026-07-04T23:00:00+08:00,1783177200000,9966.41906215174,9968.004246065422,0,1,1
2026-07-05T00:00:00+08:00,1783180800000,9966.443588880527,9968.004246065422,0,1,1
2026-07-05T01:00:00+08:00,1783184400000,9965.68326028808,9968.004246065422,0,1,1
2026-07-05T02:00:00+08:00,1783188000000,9964.973213786994,9965.667787016868,1,0,1
2026-07-05T03:00:00+08:00,1783191600000,9963.047685722613,9965.627787016867,2,0,2
2026-07-05T04:00:00+08:00,1783195200000,9962.674631294334,9962.959119194604,0,1,1
2026-07-05T05:00:00+08:00,1783198800000,9962.472452994558,9962.919119194603,0,2,2
2026-07-05T06:00:00+08:00,1783202400000,9962.716776768932,9962.919119194603,0,2,2
2026-07-05T07:00:00+08:00,1783206000000,9963.498612846932,9962.919119194603,0,2,2
2026-07-05T08:00:00+08:00,1783209600000,9965.795256326053,9962.919119194603,0,2,2
2026-07-05T09:00:00+08:00,1783213200000,9968.0430350503,9962.919119194603,0,2,2
2026-07-05T10:00:00+08:00,1783216800000,9970.59036715048,9966.748228739641,0,1,1
2026-07-05T11:00:00+08:00,1783220400000,9970.126463818367,9966.748228739641,0,1,1
2026-07-05T12:00:00+08:00,1783224000000,9970.126463818367,9970.126463818367,0,0,0
2026-07-05T13:00:00+08:00,1783227600000,9970.126463818367,9970.126463818367,0,0,0
2026-07-05T14:00:00+08:00,1783231200000,9970.126463818367,9970.126463818367,0,0,0
2026-07-05T15:00:00+08:00,1783234800000,9970.126463818367,9970.126463818367,0,0,0
2026-07-05T16:00:00+08:00,1783238400000,9970.126463818367,9970.126463818367,0,0,0
2026-07-05T17:00:00+08:00,1783242000000,9970.126463818367,9970.126463818367,0,0,0
2026-07-05T18:00:00+08:00,1783245600000,9970.126463818367,9970.126463818367,0,0,0
2026-07-05T19:00:00+08:00,1783249200000,9970.126463818367,9970.126463818367,0,0,0
2026-07-05T20:00:00+08:00,1783252800000,9970.493412781487,9970.086463818367,1,0,1
2026-07-05T21:00:00+08:00,1783256400000,9972.769563105338,9970.046463818366,2,0,2
2026-07-05T22:00:00+08:00,1783260000000,9973.860819194057,9970.046463818366,2,0,2
2026-07-05T23:00:00+08:00,1783263600000,9973.364793699184,9970.046463818366,2,0,2
2026-07-06T00:00:00+08:00,1783267200000,9972.075127412516,9970.046463818366,2,0,2
2026-07-06T01:00:00+08:00,1783270800000,9972.149385120709,9971.272819213871,1,0,1
2026-07-06T02:00:00+08:00,1783274400000,9971.827348450739,9971.272819213871,1,0,1
2026-07-06T03:00:00+08:00,1783278000000,9971.901664605348,9971.272819213871,1,0,1
2026-07-06T04:00:00+08:00,1783281600000,9972.000752811493,9971.272819213871,1,0,1
2026-07-06T05:00:00+08:00,1783285200000,9973.759568470561,9971.272819213871,1,0,1
2026-07-06T06:00:00+08:00,1783288800000,9973.876508401687,9971.23281921387,2,0,2
2026-07-06T07:00:00+08:00,1783292400000,9972.74410379771,9971.23281921387,2,0,2
2026-07-06T08:00:00+08:00,1783296000000,9974.309731397416,9973.248899491373,1,0,1
2026-07-06T09:00:00+08:00,1783299600000,9970.887216252702,9973.208899491372,2,0,2
2026-07-06T10:00:00+08:00,1783303200000,9969.670749517361,9972.606252072728,1,0,1
2026-07-06T11:00:00+08:00,1783306800000,9969.135446523933,9972.606252072728,1,0,1
2026-07-06T12:00:00+08:00,1783310400000,9969.030679902662,9969.095446523932,0,1,1
2026-07-06T13:00:00+08:00,1783314000000,9970.981417143495,9969.055446523931,0,2,2
2026-07-06T14:00:00+08:00,1783317600000,9971.229068026525,9969.055446523931,0,2,2
2026-07-06T15:00:00+08:00,1783321200000,9968.901149726054,9969.055446523931,0,2,2
2026-07-06T16:00:00+08:00,1783324800000,9969.718347052125,9968.96591328139,0,1,1
2026-07-06T17:00:00+08:00,1783328400000,9970.73365282088,9968.96591328139,0,1,1
2026-07-06T18:00:00+08:00,1783332000000,9967.817735413479,9968.92591328139,0,2,2
2026-07-06T19:00:00+08:00,1783335600000,9968.5176639256,9969.257366611422,0,1,1
2026-07-06T20:00:00+08:00,1783339200000,9970.816687036157,9969.257366611422,0,1,1
2026-07-06T21:00:00+08:00,1783342800000,9967.224075580387,9969.217366611421,0,2,2
2026-07-06T22:00:00+08:00,1783346400000,9966.846213850125,9969.027430321603,0,1,1
2026-07-06T23:00:00+08:00,1783350000000,9963.848510790058,9969.027430321603,0,1,1
2026-07-07T00:00:00+08:00,1783353600000,9965.266062662371,9963.808510790057,1,0,1
2026-07-07T01:00:00+08:00,1783357200000,9962.9116266093,9963.768510790056,2,0,2
2026-07-07T02:00:00+08:00,1783360800000,9964.574722925214,9963.768510790056,2,0,2
2026-07-07T03:00:00+08:00,1783364400000,9964.966039705429,9963.768510790056,2,0,2
2026-07-07T04:00:00+08:00,1783368000000,9965.03913340593,9965.127862539595,1,0,1
2026-07-07T05:00:00+08:00,1783371600000,9969.087062539595,9969.087062539595,0,0,0
2026-07-07T06:00:00+08:00,1783375200000,9969.087062539595,9969.087062539595,0,0,0
2026-07-07T07:00:00+08:00,1783378800000,9969.087062539595,9969.087062539595,0,0,0
2026-07-07T08:00:00+08:00,1783382400000,9969.087062539595,9969.087062539595,0,0,0
2026-07-07T09:00:00+08:00,1783386000000,9969.087062539595,9969.087062539595,0,0,0
2026-07-07T10:00:00+08:00,1783389600000,9969.087062539595,9969.087062539595,0,0,0
2026-07-07T11:00:00+08:00,1783393200000,9969.745217521144,9969.047062539594,0,1,1
2026-07-07T12:00:00+08:00,1783396800000,9970.355437994014,9969.007062539593,0,2,2
2026-07-07T13:00:00+08:00,1783400400000,9969.369408747054,9969.007062539593,0,2,2
2026-07-07T14:00:00+08:00,1783404000000,9968.282680579774,9969.582191690884,0,1,1
2026-07-07T15:00:00+08:00,1783407600000,9968.430858357551,9969.582191690884,0,1,1
2026-07-07T16:00:00+08:00,1783411200000,9968.998873172366,9969.582191690884,0,1,1
2026-07-07T17:00:00+08:00,1783414800000,9968.875391690884,9969.582191690884,0,1,1
2026-07-07T18:00:00+08:00,1783418400000,9970.373329133974,9969.542191690884,0,2,2
2026-07-07T19:00:00+08:00,1783422000000,9968.795391690883,9969.542191690884,0,2,2
2026-07-07T20:00:00+08:00,1783425600000,9968.450710160185,9968.810695394588,0,1,1
2026-07-07T21:00:00+08:00,1783429200000,9969.952179337002,9968.810695394588,0,1,1
2026-07-07T22:00:00+08:00,1783432800000,9965.10714658463,9968.770695394587,0,2,2
2026-07-07T23:00:00+08:00,1783436400000,9965.785404688606,9965.06714658463,1,0,1
2026-07-08T00:00:00+08:00,1783440000000,9966.169285178483,9965.027146584629,2,0,2
2026-07-08T01:00:00+08:00,1783443600000,9968.65933496771,9965.027146584629,2,0,2
2026-07-08T02:00:00+08:00,1783447200000,9961.726255162412,9965.027146584629,2,0,2
2026-07-08T03:00:00+08:00,1783450800000,9961.921171697077,9963.764149642733,1,0,1
2026-07-08T04:00:00+08:00,1783454400000,9962.33309349715,9961.881171697076,0,1,1
2026-07-08T05:00:00+08:00,1783458000000,9963.95238859994,9961.841171697075,0,2,2
2026-07-08T06:00:00+08:00,1783461600000,9963.804621039988,9961.841171697075,0,2,2
2026-07-08T07:00:00+08:00,1783465200000,9965.23304078619,9961.841171697075,0,2,2
2026-07-08T08:00:00+08:00,1783468800000,9966.119646145902,9961.841171697075,0,2,2
2026-07-08T09:00:00+08:00,1783472400000,9971.144623408134,9966.055392638904,0,1,1
2026-07-08T10:00:00+08:00,1783476000000,9971.119963644822,9971.119963644822,0,0,0
2026-07-08T11:00:00+08:00,1783479600000,9971.119963644822,9971.119963644822,0,0,0
2026-07-08T12:00:00+08:00,1783483200000,9971.119963644822,9971.119963644822,0,0,0
2026-07-08T13:00:00+08:00,1783486800000,9971.119963644822,9971.119963644822,0,0,0
2026-07-08T14:00:00+08:00,1783490400000,9971.119963644822,9971.119963644822,0,0,0
2026-07-08T15:00:00+08:00,1783494000000,9971.119963644822,9971.119963644822,0,0,0
2026-07-08T16:00:00+08:00,1783497600000,9971.119963644822,9971.119963644822,0,0,0
2026-07-08T17:00:00+08:00,1783501200000,9971.119963644822,9971.119963644822,0,0,0
2026-07-08T18:00:00+08:00,1783504800000,9971.119963644822,9971.119963644822,0,0,0
2026-07-08T19:00:00+08:00,1783508400000,9971.119963644822,9971.119963644822,0,0,0
2026-07-08T20:00:00+08:00,1783512000000,9971.119963644822,9971.119963644822,0,0,0
2026-07-08T21:00:00+08:00,1783515600000,9971.119963644822,9971.119963644822,0,0,0
2026-07-08T22:00:00+08:00,1783519200000,9971.119963644822,9971.119963644822,0,0,0
2026-07-08T23:00:00+08:00,1783522800000,9971.119963644822,9971.119963644822,0,0,0
2026-07-09T00:00:00+08:00,1783526400000,9971.119963644822,9971.119963644822,0,0,0
2026-07-09T01:00:00+08:00,1783530000000,9970.651691800162,9971.079963644821,1,0,1
2026-07-09T02:00:00+08:00,1783533600000,9970.597630313587,9971.03996364482,2,0,2
2026-07-09T03:00:00+08:00,1783537200000,9972.048682799541,9971.03996364482,2,0,2
2026-07-09T04:00:00+08:00,1783540800000,9970.753100222795,9971.03996364482,2,0,2
2026-07-09T05:00:00+08:00,1783544400000,9970.960608330202,9970.689346169092,1,0,1
2026-07-09T06:00:00+08:00,1783548000000,9972.409871851676,9970.649346169092,2,0,2
2026-07-09T07:00:00+08:00,1783551600000,9973.861393750918,9970.649346169092,2,0,2
2026-07-09T08:00:00+08:00,1783555200000,9973.239312936958,9970.649346169092,2,0,2
2026-07-09T09:00:00+08:00,1783558800000,9976.07297994779,9976.07297994779,0,0,0
2026-07-09T10:00:00+08:00,1783562400000,9976.07297994779,9976.07297994779,0,0,0
2026-07-09T11:00:00+08:00,1783566000000,9976.07297994779,9976.07297994779,0,0,0
2026-07-09T12:00:00+08:00,1783569600000,9976.07297994779,9976.07297994779,0,0,0
2026-07-09T13:00:00+08:00,1783573200000,9976.07297994779,9976.07297994779,0,0,0
2026-07-09T14:00:00+08:00,1783576800000,9976.07297994779,9976.07297994779,0,0,0
2026-07-09T15:00:00+08:00,1783580400000,9976.07297994779,9976.07297994779,0,0,0
2026-07-09T16:00:00+08:00,1783584000000,9976.07297994779,9976.07297994779,0,0,0
2026-07-09T17:00:00+08:00,1783587600000,9976.044212333134,9976.03297994779,1,0,1
2026-07-09T18:00:00+08:00,1783591200000,9974.942716048225,9976.03297994779,1,0,1
2026-07-09T19:00:00+08:00,1783594800000,9974.737786506847,9976.03297994779,1,0,1
2026-07-09T20:00:00+08:00,1783598400000,9974.814635084864,9976.03297994779,1,0,1
2026-07-09T21:00:00+08:00,1783602000000,9976.300374259858,9976.03297994779,1,0,1
2026-07-09T22:00:00+08:00,1783605600000,9974.50527889641,9975.992979947789,2,0,2
2026-07-09T23:00:00+08:00,1783609200000,9973.814614958837,9975.389423708997,1,0,1
2026-07-10T00:00:00+08:00,1783612800000,9973.57970013174,9973.800195104672,0,1,1
2026-07-10T01:00:00+08:00,1783616400000,9971.54092372363,9973.76019510467,0,2,2
2026-07-10T02:00:00+08:00,1783620000000,9971.79406226009,9971.50092372363,1,0,1
2026-07-10T03:00:00+08:00,1783623600000,9971.509224420512,9971.46092372363,2,0,2
2026-07-10T04:00:00+08:00,1783627200000,9971.406805500723,9971.46092372363,2,0,2
2026-07-10T05:00:00+08:00,1783630800000,9971.202180774333,9971.62593205376,1,0,1
2026-07-10T06:00:00+08:00,1783634400000,9971.330097867474,9971.62593205376,1,0,1
2026-07-10T07:00:00+08:00,1783638000000,9971.176597355705,9971.62593205376,1,0,1
2026-07-10T08:00:00+08:00,1783641600000,9971.355681286102,9971.62593205376,1,0,1
2026-07-10T09:00:00+08:00,1783645200000,9973.786106055806,9971.62593205376,1,0,1
2026-07-10T10:00:00+08:00,1783648800000,9973.579033866152,9971.585932053758,2,0,2
2026-07-10T11:00:00+08:00,1783652400000,9973.629919068911,9971.585932053758,2,0,2
2026-07-10T12:00:00+08:00,1783656000000,9973.171952244062,9971.585932053758,2,0,2
2026-07-10T13:00:00+08:00,1783659600000,9973.754174913609,9973.51585528815,1,0,1
2026-07-10T14:00:00+08:00,1783663200000,9973.045724957896,9973.51585528815,1,0,1
2026-07-10T15:00:00+08:00,1783666800000,9972.944517821365,9973.51585528815,1,0,1
2026-07-10T16:00:00+08:00,1783670400000,9973.804778481874,9973.51585528815,1,0,1
2026-07-10T17:00:00+08:00,1783674000000,9973.800607113762,9973.475855288149,2,0,2
2026-07-10T18:00:00+08:00,1783677600000,9974.255387103833,9973.815382050137,1,0,1
2026-07-10T19:00:00+08:00,1783681200000,9974.099724184049,9973.775382050137,2,0,2
2026-07-10T20:00:00+08:00,1783684800000,9972.940535778253,9974.190123679953,1,0,1
2026-07-10T21:00:00+08:00,1783688400000,9972.657770724692,9972.875336030298,0,1,1
2026-07-10T22:00:00+08:00,1783692000000,9979.40631700212,9976.709167629258,0,1,1
2026-07-10T23:00:00+08:00,1783695600000,9978.74737363458,9976.709167629258,0,1,1
2026-07-11T00:00:00+08:00,1783699200000,9978.74737363458,9976.709167629258,0,1,1
2026-07-11T01:00:00+08:00,1783702800000,9981.57175236428,9976.669167629258,0,2,2
2026-07-11T02:00:00+08:00,1783706400000,9981.775568415487,9976.669167629258,0,2,2
2026-07-11T03:00:00+08:00,1783710000000,9979.992177967424,9976.669167629258,0,2,2
2026-07-11T04:00:00+08:00,1783713600000,9980.32537451153,9979.340973026445,0,1,1
2026-07-11T05:00:00+08:00,1783717200000,9979.736343657605,9979.340973026445,0,1,1
2026-07-11T06:00:00+08:00,1783720800000,9979.300973026444,9979.340973026445,0,1,1
2026-07-11T07:00:00+08:00,1783724400000,9979.377803137826,9979.340973026445,0,1,1
2026-07-11T08:00:00+08:00,1783728000000,9980.120494214512,9979.340973026445,0,1,1
2026-07-11T09:00:00+08:00,1783731600000,9981.580256955784,9979.300973026444,0,2,2
2026-07-11T10:00:00+08:00,1783735200000,9980.348446762766,9979.300973026444,0,2,2
2026-07-11T11:00:00+08:00,1783738800000,9980.32283672564,9980.208544400148,0,1,1
2026-07-11T12:00:00+08:00,1783742400000,9980.45141366355,9980.208544400148,0,1,1
2026-07-11T13:00:00+08:00,1783746000000,9980.014252074656,9980.208544400148,0,1,1
2026-07-11T14:00:00+08:00,1783749600000,9980.268084593572,9979.948536687074,1,0,1
2026-07-11T15:00:00+08:00,1783753200000,9979.803154355424,9979.908536687073,2,0,2
2026-07-11T16:00:00+08:00,1783756800000,9980.829577912069,9979.908536687073,2,0,2
2026-07-11T17:00:00+08:00,1783760400000,9979.135979043607,9979.908536687073,2,0,2
2026-07-11T18:00:00+08:00,1783764000000,9979.725680287356,9979.688762733824,1,0,1
2026-07-11T19:00:00+08:00,1783767600000,9979.79948581833,9979.648762733823,2,0,2
2026-07-11T20:00:00+08:00,1783771200000,9979.69694879768,9979.648762733823,2,0,2
2026-07-11T21:00:00+08:00,1783774800000,9979.97888124033,9979.736958656376,1,0,1
2026-07-11T22:00:00+08:00,1783778400000,9981.538003411413,9979.696958656376,2,0,2
2026-07-11T23:00:00+08:00,1783782000000,9980.923332597256,9979.696958656376,2,0,2
2026-07-12T00:00:00+08:00,1783785600000,9979.822823189857,9980.451467756606,1,0,1
2026-07-12T01:00:00+08:00,1783789200000,9980.206721820347,9980.451467756606,1,0,1
2026-07-12T02:00:00+08:00,1783792800000,9980.181128578313,9980.451467756606,1,0,1
2026-07-12T03:00:00+08:00,1783796400000,9980.334688030509,9980.451467756606,1,0,1
2026-07-12T04:00:00+08:00,1783800000000,9980.385874514574,9980.451467756606,1,0,1
2026-07-12T05:00:00+08:00,1783803600000,9980.613013075832,9980.411467756605,2,0,2
2026-07-12T06:00:00+08:00,1783807200000,9978.872561228702,9980.411467756605,2,0,2
2026-07-12T07:00:00+08:00,1783810800000,9981.696533479471,9978.8325612287,0,1,1
2026-07-12T08:00:00+08:00,1783814400000,9985.86782225144,9984.186711574866,0,1,1
2026-07-12T09:00:00+08:00,1783818000000,9983.964169533412,9984.186711574866,0,1,1
2026-07-12T10:00:00+08:00,1783821600000,9983.964169533412,9983.964169533412,0,0,0
2026-07-12T11:00:00+08:00,1783825200000,9983.964169533412,9983.964169533412,0,0,0
2026-07-12T12:00:00+08:00,1783828800000,9983.964169533412,9983.964169533412,0,0,0
2026-07-12T13:00:00+08:00,1783832400000,9983.964169533412,9983.964169533412,0,0,0
2026-07-12T14:00:00+08:00,1783836000000,9983.964169533412,9983.964169533412,0,0,0
2026-07-12T15:00:00+08:00,1783839600000,9983.964169533412,9983.964169533412,0,0,0
2026-07-12T16:00:00+08:00,1783843200000,9983.964169533412,9983.964169533412,0,0,0
2026-07-12T17:00:00+08:00,1783846800000,9983.964169533412,9983.964169533412,0,0,0
2026-07-12T18:00:00+08:00,1783850400000,9983.753851493786,9983.924169533411,1,0,1
2026-07-12T19:00:00+08:00,1783854000000,9984.742731339498,9983.88416953341,2,0,2
2026-07-12T20:00:00+08:00,1783857600000,9986.098392448626,9983.88416953341,2,0,2
2026-07-12T21:00:00+08:00,1783861200000,9985.941970012957,9983.88416953341,2,0,2
2026-07-12T22:00:00+08:00,1783864800000,9987.975461676646,9983.88416953341,2,0,2
2026-07-12T23:00:00+08:00,1783868400000,9987.55833518153,9983.88416953341,2,0,2
2026-07-13T00:00:00+08:00,1783872000000,9987.923320864755,9983.88416953341,2,0,2
2026-07-13T01:00:00+08:00,1783875600000,9987.42785398943,9985.851067343629,1,0,1
2026-07-13T02:00:00+08:00,1783879200000,9988.594540002301,9985.811067343628,2,0,2
2026-07-13T03:00:00+08:00,1783882800000,9989.062047257126,9985.811067343628,2,0,2
2026-07-13T04:00:00+08:00,1783886400000,9987.919251745328,9985.811067343628,2,0,2
2026-07-13T05:00:00+08:00,1783890000000,9986.153113227094,9985.811067343628,2,0,2
2026-07-13T06:00:00+08:00,1783893600000,9984.283084207786,9985.811067343628,2,0,2
2026-07-13T07:00:00+08:00,1783897200000,9983.863918926516,9984.29502945832,0,1,1
2026-07-13T08:00:00+08:00,1783900800000,9980.710184632073,9984.25502945832,0,2,2
2026-07-13T09:00:00+08:00,1783904400000,9983.832963349389,9982.285550834753,0,1,1
2026-07-13T10:00:00+08:00,1783908000000,9982.83867267264,9982.245550834752,0,2,2
2026-07-13T11:00:00+08:00,1783911600000,9986.078236571915,9982.245550834752,0,2,2
2026-07-13T12:00:00+08:00,1783915200000,9985.816981418748,9982.245550834752,0,2,2
2026-07-13T13:00:00+08:00,1783918800000,9983.308931948342,9982.245550834752,0,2,2
2026-07-13T14:00:00+08:00,1783922400000,9983.4402760403,9983.532731789612,0,1,1
2026-07-13T15:00:00+08:00,1783926000000,9983.204225168398,9983.532731789612,0,1,1
2026-07-13T16:00:00+08:00,1783929600000,9982.417388928723,9983.532731789612,0,1,1
2026-07-13T17:00:00+08:00,1783933200000,9982.076616889077,9982.377388928722,1,0,1
2026-07-13T18:00:00+08:00,1783936800000,9980.196217310073,9982.337388928721,2,0,2
2026-07-13T19:00:00+08:00,1783940400000,9980.3789415959,9981.176069158246,1,0,1
2026-07-13T20:00:00+08:00,1783944000000,9979.151872787963,9981.176069158246,1,0,1
2026-07-13T21:00:00+08:00,1783947600000,9980.233024239322,9979.085764940985,0,1,1
2026-07-13T22:00:00+08:00,1783951200000,9976.15687020706,9979.045764940984,0,2,2
2026-07-13T23:00:00+08:00,1783954800000,9977.085930716614,9978.214258742091,0,1,1
2026-07-14T00:00:00+08:00,1783958400000,9978.466249187952,9978.214258742091,0,1,1
2026-07-14T01:00:00+08:00,1783962000000,9982.158335391054,9978.17425874209,0,2,2
2026-07-14T02:00:00+08:00,1783965600000,9980.72388007438,9978.17425874209,0,2,2
2026-07-14T03:00:00+08:00,1783969200000,9979.820044858434,9979.59421097139,0,1,1
2026-07-14T04:00:00+08:00,1783972800000,9980.856797017903,9979.59421097139,0,1,1
2026-07-14T05:00:00+08:00,1783976400000,9981.920132566074,9979.59421097139,0,1,1
2026-07-14T06:00:00+08:00,1783980000000,9981.198313181882,9979.55421097139,0,2,2
2026-07-14T07:00:00+08:00,1783983600000,9979.960523251597,9981.587715290327,0,1,1
2026-07-14T08:00:00+08:00,1783987200000,9978.776854612543,9981.587715290327,0,1,1
2026-07-14T09:00:00+08:00,1783990800000,9978.272154644075,9978.709953052563,1,0,1
2026-07-14T10:00:00+08:00,1783994400000,9976.944535644052,9978.669953052562,2,0,2
2026-07-14T11:00:00+08:00,1783998000000,9977.21017857808,9977.648716978292,1,0,1
2026-07-14T12:00:00+08:00,1784001600000,9977.076987064087,9977.608716978291,2,0,2
2026-07-14T13:00:00+08:00,1784005200000,9977.795735760878,9977.170178578079,1,0,1
2026-07-14T14:00:00+08:00,1784008800000,9976.307234146678,9977.130178578078,2,0,2
2026-07-14T15:00:00+08:00,1784012400000,9975.856216500399,9977.063556290766,1,0,1
2026-07-14T16:00:00+08:00,1784016000000,9976.38682549602,9977.063556290766,1,0,1
2026-07-14T17:00:00+08:00,1784019600000,9975.775368995013,9977.023556290766,2,0,2
2026-07-14T18:00:00+08:00,1784023200000,9976.839977007792,9976.081520998208,1,0,1
2026-07-14T19:00:00+08:00,1784026800000,9976.281856087191,9976.041520998207,2,0,2
2026-07-14T20:00:00+08:00,1784030400000,9984.078430665122,9980.407122167177,1,0,1
2026-07-14T21:00:00+08:00,1784034000000,9986.34386992982,9986.201685887128,1,0,1
2026-07-14T22:00:00+08:00,1784037600000,9987.43697418597,9986.201685887128,1,0,1
2026-07-14T23:00:00+08:00,1784041200000,9987.463000477783,9986.201685887128,1,0,1
2026-07-15T00:00:00+08:00,1784044800000,9987.489026769596,9987.489026769596,0,0,0
2026-07-15T01:00:00+08:00,1784048400000,9987.489026769596,9987.489026769596,0,0,0
2026-07-15T02:00:00+08:00,1784052000000,9987.489026769596,9987.489026769596,0,0,0
2026-07-15T03:00:00+08:00,1784055600000,9987.489026769596,9987.489026769596,0,0,0
2026-07-15T04:00:00+08:00,1784059200000,9987.489026769596,9987.489026769596,0,0,0
2026-07-15T05:00:00+08:00,1784062800000,9987.489026769596,9987.489026769596,0,0,0
2026-07-15T06:00:00+08:00,1784066400000,9987.489026769596,9987.489026769596,0,0,0
2026-07-15T07:00:00+08:00,1784070000000,9987.489026769596,9987.489026769596,0,0,0
2026-07-15T08:00:00+08:00,1784073600000,9987.489026769596,9987.489026769596,0,0,0
2026-07-15T09:00:00+08:00,1784077200000,9987.489026769596,9987.489026769596,0,0,0
2026-07-15T10:00:00+08:00,1784080800000,9987.770902980992,9987.449026769595,0,1,1
2026-07-15T11:00:00+08:00,1784084400000,9985.129790037105,9987.409026769594,0,2,2
2026-07-15T12:00:00+08:00,1784088000000,9984.586062364311,9986.438487940288,0,1,1
2026-07-15T13:00:00+08:00,1784091600000,9983.938767515747,9986.438487940288,0,1,1
2026-07-15T14:00:00+08:00,1784095200000,9982.989270505746,9983.872875721803,1,0,1
2026-07-15T15:00:00+08:00,1784098800000,9984.27043625231,9982.949270505746,0,1,1
2026-07-15T16:00:00+08:00,1784102400000,9983.340156197684,9982.909270505745,0,2,2
2026-07-15T17:00:00+08:00,1784106000000,9983.803992393836,9982.909270505745,0,2,2
2026-07-15T18:00:00+08:00,1784109600000,9984.370903300247,9982.909270505745,0,2,2
2026-07-15T19:00:00+08:00,1784113200000,9983.546305618196,9982.909270505745,0,2,2
2026-07-15T20:00:00+08:00,1784116800000,9981.63286429942,9983.92224778139,0,1,1
2026-07-15T21:00:00+08:00,1784120400000,9982.124108967895,9983.92224778139,0,1,1
2026-07-15T22:00:00+08:00,1784124000000,9981.813849177279,9983.92224778139,0,1,1
2026-07-15T23:00:00+08:00,1784127600000,9981.375952880404,9981.79970415983,1,0,1
2026-07-16T00:00:00+08:00,1784131200000,9982.398596131268,9981.335952880403,0,1,1
2026-07-16T01:00:00+08:00,1784134800000,9981.290038882622,9981.295952880402,0,2,2
2026-07-16T02:00:00+08:00,1784138400000,9982.472879718563,9981.295952880402,0,2,2
2026-07-16T03:00:00+08:00,1784142000000,9984.632849940717,9981.295952880402,0,2,2
2026-07-16T04:00:00+08:00,1784145600000,9983.604292692073,9981.295952880402,0,2,2
2026-07-16T05:00:00+08:00,1784149200000,9983.449582715273,9982.999667788747,0,1,1
2026-07-16T06:00:00+08:00,1784152800000,9983.294872738476,9982.999667788747,0,1,1
2026-07-16T07:00:00+08:00,1784156400000,9983.83635765727,9982.999667788747,0,1,1
2026-07-16T08:00:00+08:00,1784160000000,9985.539495476734,9982.959667788746,0,2,2
2026-07-16T09:00:00+08:00,1784163600000,9984.712505912814,9982.959667788746,0,2,2
2026-07-16T10:00:00+08:00,1784167200000,9984.608898506365,9984.286272583797,0,1,1
2026-07-16T11:00:00+08:00,1784170800000,9985.075131835383,9984.286272583797,0,1,1
2026-07-16T12:00:00+08:00,1784174400000,9985.437757757953,9984.286272583797,0,1,1
2026-07-16T13:00:00+08:00,1784178000000,9981.954747664086,9984.246272583796,0,2,2
2026-07-16T14:00:00+08:00,1784181600000,9982.319498901386,9983.688235551555,0,1,1
2026-07-16T15:00:00+08:00,1784185200000,9984.664328284038,9983.688235551555,0,1,1
2026-07-16T16:00:00+08:00,1784188800000,9985.968719753977,9983.648235551555,0,2,2
2026-07-16T17:00:00+08:00,1784192400000,9986.647888659045,9983.648235551555,0,2,2
2026-07-16T18:00:00+08:00,1784196000000,9985.811988468193,9983.648235551555,0,2,2
2026-07-16T19:00:00+08:00,1784199600000,9985.654847855467,9985.24961611941,0,1,1
2026-07-16T20:00:00+08:00,1784203200000,9986.54531132758,9985.24961611941,0,1,1
2026-07-16T21:00:00+08:00,1784206800000,9984.12631356244,9985.20961611941,0,2,2
2026-07-16T22:00:00+08:00,1784210400000,9983.70439951024,9985.352946834257,0,1,1
2026-07-16T23:00:00+08:00,1784214000000,9983.41433359935,9985.352946834257,0,1,1
2026-07-17T00:00:00+08:00,1784217600000,9982.394189326878,9983.347963971088,1,0,1
2026-07-17T01:00:00+08:00,1784221200000,9982.3680814799,9982.3680814799,0,0,0
2026-07-17T02:00:00+08:00,1784224800000,9982.04987560533,9982.3280814799,0,1,1
2026-07-17T03:00:00+08:00,1784228400000,9981.520210956975,9982.2880814799,0,2,2
2026-07-17T04:00:00+08:00,1784232000000,9981.573110623096,9981.798137050157,0,1,1
2026-07-17T05:00:00+08:00,1784235600000,9981.150193075526,9981.798137050157,0,1,1
2026-07-17T06:00:00+08:00,1784239200000,9979.489568768757,9981.136625422248,1,0,1
2026-07-17T07:00:00+08:00,1784242800000,9979.46270729977,9979.449568768756,0,1,1
2026-07-17T08:00:00+08:00,1784246400000,9978.054067531371,9979.409568768755,0,2,2
2026-07-17T09:00:00+08:00,1784250000000,9979.276578491912,9978.7584756621,0,1,1
2026-07-17T10:00:00+08:00,1784253600000,9979.755460374563,9978.718475662099,0,2,2
2026-07-17T11:00:00+08:00,1784257200000,9978.47792703675,9978.718475662099,0,2,2
2026-07-17T12:00:00+08:00,1784260800000,9978.47792703675,9978.891086263933,0,1,1
2026-07-17T13:00:00+08:00,1784264400000,9980.663573938817,9978.891086263933,0,1,1
2026-07-17T14:00:00+08:00,1784268000000,9979.592668149991,9978.851086263932,0,2,2
2026-07-17T15:00:00+08:00,1784271600000,9979.485556569007,9978.851086263932,0,2,2
2026-07-17T16:00:00+08:00,1784275200000,9979.701016378302,9980.063835098043,0,1,1
2026-07-17T17:00:00+08:00,1784278800000,9979.37819765856,9980.063835098043,0,1,1
2026-07-17T18:00:00+08:00,1784282400000,9978.974674258881,9980.063835098043,0,1,1
2026-07-17T19:00:00+08:00,1784286000000,9979.055177268914,9978.93467425888,1,0,1
2026-07-17T20:00:00+08:00,1784289600000,9976.488556891803,9978.89467425888,2,0,2
2026-07-17T21:00:00+08:00,1784293200000,9976.301453543298,9977.757903690317,1,0,1
2026-07-17T22:00:00+08:00,1784296800000,9976.274728068825,9977.757903690317,1,0,1
2026-07-17T23:00:00+08:00,1784300400000,9977.450648945596,9977.757903690317,1,0,1
2026-07-18T00:00:00+08:00,1784304000000,9978.22643640867,9977.717903690316,2,0,2
2026-07-18T01:00:00+08:00,1784307600000,9979.831037901931,9977.717903690316,2,0,2
2026-07-18T02:00:00+08:00,1784311200000,9980.365905066352,9977.717903690316,2,0,2
2026-07-18T03:00:00+08:00,1784314800000,9979.670577752604,9977.717903690316,2,0,2
2026-07-18T04:00:00+08:00,1784318400000,9979.376204090935,9978.559844347894,1,0,1
2026-07-18T05:00:00+08:00,1784322000000,9979.188875397145,9978.559844347894,1,0,1
2026-07-18T06:00:00+08:00,1784325600000,9979.242397881084,9978.559844347894,1,0,1
2026-07-18T07:00:00+08:00,1784329200000,9979.242397881084,9978.559844347894,1,0,1
2026-07-18T08:00:00+08:00,1784332800000,9979.402965332905,9978.559844347894,1,0,1
2026-07-18T09:00:00+08:00,1784336400000,9979.724100236544,9978.559844347894,1,0,1
2026-07-18T10:00:00+08:00,1784340000000,9979.564143995904,9978.519844347893,2,0,2
2026-07-18T11:00:00+08:00,1784343600000,9980.016301484597,9979.657338994573,1,0,1
2026-07-18T12:00:00+08:00,1784347200000,9978.475020608605,9979.617338994572,2,0,2
2026-07-18T13:00:00+08:00,1784350800000,9978.023823369424,9979.258169002553,1,0,1
2026-07-18T14:00:00+08:00,1784354400000,9978.129987425702,9979.258169002553,1,0,1
2026-07-18T15:00:00+08:00,1784358000000,9978.02344641163,9978.06344641163,0,1,1
2026-07-18T16:00:00+08:00,1784361600000,9977.943446411628,9978.02344641163,0,2,2
2026-07-18T17:00:00+08:00,1784365200000,9978.58425794393,9978.02344641163,0,2,2
2026-07-18T18:00:00+08:00,1784368800000,9978.317253138805,9978.02344641163,0,2,2
2026-07-18T19:00:00+08:00,1784372400000,9978.130349775218,9978.143649294705,0,1,1
2026-07-18T20:00:00+08:00,1784376000000,9978.05024833368,9978.143649294705,0,1,1
2026-07-18T21:00:00+08:00,1784379600000,9978.717760346493,9978.143649294705,0,1,1
2026-07-18T22:00:00+08:00,1784383200000,9977.274069941519,9978.103649294704,0,2,2
2026-07-18T23:00:00+08:00,1784386800000,9977.354407290917,9977.983547853166,0,1,1
2026-07-19T00:00:00+08:00,1784390400000,9977.888440445562,9977.341186407382,1,0,1
2026-07-19T01:00:00+08:00,1784394000000,9978.741365037073,9977.301186407381,2,0,2
2026-07-19T02:00:00+08:00,1784397600000,9978.421492384778,9977.301186407381,2,0,2
2026-07-19T03:00:00+08:00,1784401200000,9979.27448612423,9977.301186407381,2,0,2
2026-07-19T04:00:00+08:00,1784404800000,9979.381110341661,9977.301186407381,2,0,2
2026-07-19T05:00:00+08:00,1784408400000,9979.487734559092,9977.301186407381,2,0,2
2026-07-19T06:00:00+08:00,1784412000000,9979.673991140473,9978.649241406714,1,0,1
2026-07-19T07:00:00+08:00,1784415600000,9979.51427868041,9978.649241406714,1,0,1
2026-07-19T08:00:00+08:00,1784419200000,9979.833703600538,9978.649241406714,1,0,1
2026-07-19T09:00:00+08:00,1784422800000,9979.9934160606,9978.649241406714,1,0,1
2026-07-19T10:00:00+08:00,1784426400000,9981.350971971144,9978.649241406714,1,0,1
2026-07-19T11:00:00+08:00,1784430000000,9980.001913332462,9978.609241406713,2,0,2
2026-07-19T12:00:00+08:00,1784433600000,9980.133566875546,9980.698740874232,1,0,1
2026-07-19T13:00:00+08:00,1784437200000,9980.081049475677,9980.698740874232,1,0,1
2026-07-19T14:00:00+08:00,1784440800000,9980.422412574822,9980.698740874232,1,0,1
2026-07-19T15:00:00+08:00,1784444400000,9980.52744737456,9980.698740874232,1,0,1
2026-07-19T16:00:00+08:00,1784448000000,9980.868810473707,9980.698740874232,1,0,1
2026-07-19T17:00:00+08:00,1784451600000,9979.345449919656,9980.65874087423,2,0,2
2026-07-19T18:00:00+08:00,1784455200000,9980.027339173552,9980.093566875545,1,0,1
2026-07-19T19:00:00+08:00,1784458800000,9978.845703437191,9980.053566875544,2,0,2
2026-07-19T20:00:00+08:00,1784462400000,9978.818331692913,9978.80570343719,0,1,1
2026-07-19T21:00:00+08:00,1784466000000,9978.369885429462,9978.76570343719,0,2,2
2026-07-19T22:00:00+08:00,1784469600000,9976.738194834192,9978.76570343719,0,2,2
2026-07-19T23:00:00+08:00,1784473200000,9977.343579044718,9977.778394834191,0,1,1
2026-07-20T00:00:00+08:00,1784476800000,9978.78869653098,9977.73839483419,0,2,2
2026-07-20T01:00:00+08:00,1784480400000,9978.473154982097,9977.73839483419,0,2,2
2026-07-20T02:00:00+08:00,1784484000000,9979.577550403186,9977.73839483419,0,2,2
2026-07-20T03:00:00+08:00,1784487600000,9978.893877047274,9977.73839483419,0,2,2
2026-07-20T04:00:00+08:00,1784491200000,9978.237146909387,9978.119531676295,0,1,1
2026-07-20T05:00:00+08:00,1784494800000,9979.182838307943,9978.119531676295,0,1,1
2026-07-20T06:00:00+08:00,1784498400000,9977.41694709075,9978.079531676294,0,2,2
2026-07-20T07:00:00+08:00,1784502000000,9976.65091513512,9978.302223731449,0,1,1
2026-07-20T08:00:00+08:00,1784505600000,9977.095068796025,9976.63733003014,1,0,1
2026-07-20T09:00:00+08:00,1784509200000,9976.04708880912,9976.59733003014,2,0,2
2026-07-20T10:00:00+08:00,1784512800000,9977.562462657866,9976.557330030138,1,0,1
2026-07-20T11:00:00+08:00,1784516400000,9976.36172707611,9976.517330030138,2,0,2
2026-07-20T12:00:00+08:00,1784520000000,9975.581851881101,9976.947639712615,1,0,1
2026-07-20T13:00:00+08:00,1784523600000,9974.178076530086,9976.947639712615,1,0,1
2026-07-20T14:00:00+08:00,1784527200000,9974.914952707295,9974.16407236992,0,1,1
2026-07-20T15:00:00+08:00,1784530800000,9971.744653268468,9974.12407236992,0,2,2
2026-07-20T16:00:00+08:00,1784534400000,9971.903436176259,9973.319554710457,0,1,1
2026-07-20T17:00:00+08:00,1784538000000,9971.083057819334,9973.319554710457,0,1,1
2026-07-20T18:00:00+08:00,1784541600000,9971.347695998988,9973.319554710457,0,1,1
2026-07-20T19:00:00+08:00,1784545200000,9969.283518197692,9973.319554710457,0,1,1
2026-07-20T20:00:00+08:00,1784548800000,9968.244318505473,9969.269982015656,1,0,1
2026-07-20T21:00:00+08:00,1784552400000,9968.218379992048,9968.218379992048,0,0,0
2026-07-20T22:00:00+08:00,1784556000000,9968.218379992048,9968.218379992048,0,0,0
2026-07-20T23:00:00+08:00,1784559600000,9963.906815151684,9968.178379992047,0,1,1
2026-07-21T00:00:00+08:00,1784563200000,9963.543282687016,9963.840532140252,1,0,1
2026-07-21T01:00:00+08:00,1784566800000,9963.849448517885,9963.80053214025,2,0,2
2026-07-21T02:00:00+08:00,1784570400000,9963.489044088716,9963.80053214025,2,0,2
2026-07-21T03:00:00+08:00,1784574000000,9963.411759883615,9963.503282687016,1,0,1
2026-07-21T04:00:00+08:00,1784577600000,9964.05579492613,9963.503282687016,1,0,1
2026-07-21T05:00:00+08:00,1784581200000,9963.64361249892,9963.503282687016,1,0,1
2026-07-21T06:00:00+08:00,1784584800000,9962.896531849603,9963.503282687016,1,0,1
2026-07-21T07:00:00+08:00,1784588400000,9963.926987917626,9963.503282687016,1,0,1
2026-07-21T08:00:00+08:00,1784592000000,9964.596784361842,9963.503282687016,1,0,1
2026-07-21T09:00:00+08:00,1784595600000,9963.206813620594,9963.463282687015,2,0,2
2026-07-21T10:00:00+08:00,1784599200000,9963.667846027409,9963.912749319326,1,0,1
2026-07-21T11:00:00+08:00,1784602800000,9964.103265522734,9963.912749319326,1,0,1
2026-07-21T12:00:00+08:00,1784606400000,9963.716087542025,9963.872749319326,2,0,2
2026-07-21T13:00:00+08:00,1784610000000,9964.483560608018,9963.883975142306,1,0,1
2026-07-21T14:00:00+08:00,1784613600000,9965.399702329221,9963.843975142305,2,0,2
2026-07-21T15:00:00+08:00,1784617200000,9964.99104620182,9963.843975142305,2,0,2
2026-07-21T16:00:00+08:00,1784620800000,9964.429992239962,9964.72497821293,1,0,1
2026-07-21T17:00:00+08:00,1784624400000,9964.1967440275,9964.389992239961,0,1,1
2026-07-21T18:00:00+08:00,1784628000000,9965.291197294771,9964.34999223996,0,2,2
2026-07-21T19:00:00+08:00,1784631600000,9964.4231231407,9964.34999223996,0,2,2
2026-07-21T20:00:00+08:00,1784635200000,9963.70823854323,9964.34999223996,0,2,2
2026-07-21T21:00:00+08:00,1784638800000,9963.504044456957,9963.926871708807,0,1,1
2026-07-21T22:00:00+08:00,1784642400000,9964.958788013986,9963.926871708807,0,1,1
2026-07-21T23:00:00+08:00,1784646000000,9964.162252204374,9963.886871708806,0,2,2
2026-07-22T00:00:00+08:00,1784649600000,9963.80398429957,9963.886871708806,0,2,2
2026-07-22T01:00:00+08:00,1784653200000,9965.06115311482,9964.408351678187,0,1,1
2026-07-22T02:00:00+08:00,1784656800000,9964.312851714212,9964.368351678186,0,2,2
2026-07-22T03:00:00+08:00,1784660400000,9964.261443914163,9964.368351678186,0,2,2
2026-07-22T04:00:00+08:00,1784664000000,9964.184198451429,9964.661922740268,0,1,1
2026-07-22T05:00:00+08:00,1784667600000,9963.823719625323,9964.661922740268,0,1,1
2026-07-22T06:00:00+08:00,1784671200000,9963.952462063218,9964.661922740268,0,1,1
2026-07-22T07:00:00+08:00,1784674800000,9963.591983237115,9964.661922740268,0,1,1
2026-07-22T08:00:00+08:00,1784678400000,9962.79378012217,9964.661922740268,0,1,1
2026-07-22T09:00:00+08:00,1784682000000,9962.50995340883,9962.779528609748,1,0,1
2026-07-22T10:00:00+08:00,1784685600000,9961.23043528055,9962.739528609747,2,0,2
2026-07-22T11:00:00+08:00,1784689200000,9961.765391089439,9961.190435280549,0,1,1
2026-07-22T12:00:00+08:00,1784692800000,9960.684441590643,9961.150435280548,0,2,2
2026-07-22T13:00:00+08:00,1784696400000,9962.329591937598,9961.238551074066,0,1,1
2026-07-22T14:00:00+08:00,1784700000000,9962.945583349161,9961.198551074065,0,2,2
2026-07-22T15:00:00+08:00,1784703600000,9963.873671570167,9961.198551074065,0,2,2
2026-07-22T16:00:00+08:00,1784707200000,9962.223736955046,9961.198551074065,0,2,2
2026-07-22T17:00:00+08:00,1784710800000,9961.91347716443,9962.289591937597,0,1,1
2026-07-22T18:00:00+08:00,1784714400000,9961.603217373813,9962.289591937597,0,1,1
2026-07-22T19:00:00+08:00,1784718000000,9961.861767199327,9962.289591937597,0,1,1
2026-07-22T20:00:00+08:00,1784721600000,9962.689126640971,9962.289591937597,0,1,1
2026-07-22T21:00:00+08:00,1784725200000,9959.296045063382,9962.249591937596,0,2,2
2026-07-22T22:00:00+08:00,1784728800000,9959.319195748203,9959.30781196303,1,0,1
2026-07-22T23:00:00+08:00,1784732400000,9962.116318097846,9959.267811963029,2,0,2
2026-07-23T00:00:00+08:00,1784736000000,9962.78422150044,9959.267811963029,2,0,2
2026-07-23T01:00:00+08:00,1784739600000,9960.934642847098,9959.267811963029,2,0,2
2026-07-23T02:00:00+08:00,1784743200000,9959.72744071271,9960.15272009614,1,0,1
2026-07-23T03:00:00+08:00,1784746800000,9959.52195837488,9960.15272009614,1,0,1
2026-07-23T04:00:00+08:00,1784750400000,9959.881552466082,9960.15272009614,1,0,1
2026-07-23T05:00:00+08:00,1784754000000,9959.184108974494,9959.815867173851,0,1,1
2026-07-23T06:00:00+08:00,1784757600000,9959.001462803597,9959.11838035713,1,0,1
2026-07-23T07:00:00+08:00,1784761200000,9958.767598097676,9959.078380357128,2,0,2
2026-07-23T08:00:00+08:00,1784764800000,9959.485771519945,9958.884545250063,1,0,1
2026-07-23T09:00:00+08:00,1784768400000,9957.61320753587,9958.844545250062,2,0,2
2026-07-23T10:00:00+08:00,1784772000000,9957.204052539542,9958.522405691314,1,0,1
2026-07-23T11:00:00+08:00,1784775600000,9957.484438590243,9957.164052539541,0,1,1
2026-07-23T12:00:00+08:00,1784779200000,9957.790914992604,9957.12405253954,0,2,2
2026-07-23T13:00:00+08:00,1784782800000,9957.842448498544,9957.12405253954,0,2,2
2026-07-23T14:00:00+08:00,1784786400000,9957.584780968833,9957.12405253954,0,2,2
2026-07-23T15:00:00+08:00,1784790000000,9958.668030066307,9957.5474060333,0,1,1
2026-07-23T16:00:00+08:00,1784793600000,9956.932548283015,9957.507406033299,0,2,2
2026-07-23T17:00:00+08:00,1784797200000,9956.906455607095,9957.82848906579,0,1,1
2026-07-23T18:00:00+08:00,1784800800000,9956.283843753898,9957.82848906579,0,1,1
2026-07-23T19:00:00+08:00,1784804400000,9956.491381038297,9957.82848906579,0,1,1
2026-07-23T20:00:00+08:00,1784808000000,9954.556321123337,9956.451381038296,1,0,1
2026-07-23T21:00:00+08:00,1784811600000,9955.152410941906,9954.542085844378,0,1,1
2026-07-23T22:00:00+08:00,1784815200000,9956.427293074648,9954.502085844377,0,2,2
2026-07-23T23:00:00+08:00,1784818800000,9956.844179884723,9954.502085844377,0,2,2
2026-07-24T00:00:00+08:00,1784822400000,9958.668059678797,9954.502085844377,0,2,2
2026-07-24T01:00:00+08:00,1784826000000,9960.491939472873,9954.502085844377,0,2,2
2026-07-24T02:00:00+08:00,1784829600000,9959.658165852723,9954.502085844377,0,2,2
2026-07-24T03:00:00+08:00,1784833200000,9959.893046478946,9957.401555285209,0,1,1
2026-07-24T04:00:00+08:00,1784836800000,9958.849132584623,9957.401555285209,0,1,1
2026-07-24T05:00:00+08:00,1784840400000,9959.084013210844,9957.401555285209,0,1,1
2026-07-24T06:00:00+08:00,1784844000000,9958.718643347831,9957.401555285209,0,1,1
2026-07-24T07:00:00+08:00,1784847600000,9957.85067539827,9958.67864334783,1,0,1
2026-07-24T08:00:00+08:00,1784851200000,9957.560134962005,9958.63864334783,2,0,2
2026-07-24T09:00:00+08:00,1784854800000,9956.77060832601,9958.63864334783,2,0,2
2026-07-24T10:00:00+08:00,1784858400000,9956.348696154044,9957.311629030215,1,0,1
2026-07-24T11:00:00+08:00,1784862000000,9955.526598318122,9956.33506566479,0,1,1
2026-07-24T12:00:00+08:00,1784865600000,9955.050794675999,9955.48659831812,1,0,1
2026-07-24T13:00:00+08:00,1784869200000,9955.55188236077,9955.44659831812,2,0,2
2026-07-24T14:00:00+08:00,1784872800000,9955.816013126578,9955.44659831812,2,0,2
2026-07-24T15:00:00+08:00,1784876400000,9957.031014649283,9955.44659831812,2,0,2
2026-07-24T16:00:00+08:00,1784880000000,9955.55188236077,9955.44659831812,2,0,2
2026-07-24T17:00:00+08:00,1784883600000,9955.076028308627,9955.274663770746,1,0,1
2026-07-24T18:00:00+08:00,1784887200000,9954.732318140705,9955.274663770746,1,0,1
2026-07-24T19:00:00+08:00,1784890800000,9953.992019317488,9955.274663770746,1,0,1
2026-07-24T20:00:00+08:00,1784894400000,9954.763999235476,9953.9255800738,0,1,1
2026-07-24T21:00:00+08:00,1784898000000,9958.12556219964,9953.885580073798,0,2,2
2026-07-24T22:00:00+08:00,1784901600000,9959.086015256367,9953.885580073798,0,2,2
2026-07-24T23:00:00+08:00,1784905200000,9959.032656753216,9953.885580073798,0,2,2
2026-07-25T00:00:00+08:00,1784908800000,9959.779675797336,9953.885580073798,0,2,2
2026-07-25T01:00:00+08:00,1784912400000,9959.378579687189,9957.279400433079,0,1,1
2026-07-25T02:00:00+08:00,1784916000000,9959.565757871924,9957.279400433079,0,1,1
2026-07-25T03:00:00+08:00,1784919600000,9959.619237353278,9957.279400433079,0,1,1
2026-07-25T04:00:00+08:00,1784923200000,9960.18077190748,9957.279400433079,0,1,1
2026-07-25T05:00:00+08:00,1784926800000,9960.474909054921,9957.279400433079,0,1,1
2026-07-25T06:00:00+08:00,1784930400000,9959.726196315982,9957.279400433079,0,1,1
2026-07-25T07:00:00+08:00,1784934000000,9959.727392850902,9959.68619631598,1,0,1
2026-07-25T08:00:00+08:00,1784937600000,9960.567433486958,9959.64619631598,2,0,2
2026-07-25T09:00:00+08:00,1784941200000,9960.567433486958,9959.64619631598,2,0,2
2026-07-25T10:00:00+08:00,1784944800000,9960.459193412127,9959.64619631598,2,0,2
2026-07-25T11:00:00+08:00,1784948400000,9960.621553524374,9959.64619631598,2,0,2
2026-07-25T12:00:00+08:00,1784952000000,9961.595714197845,9959.64619631598,2,0,2
2026-07-25T13:00:00+08:00,1784955600000,9959.809752963147,9959.64619631598,2,0,2
2026-07-25T14:00:00+08:00,1784959200000,9959.91796008038,9959.741523874183,1,0,1
2026-07-25T15:00:00+08:00,1784962800000,9959.241596936015,9959.741523874183,1,0,1
2026-07-25T16:00:00+08:00,1784966400000,9959.241596936015,9959.741523874183,1,0,1
2026-07-25T17:00:00+08:00,1784970000000,9959.782687451507,9959.741523874183,1,0,1
2026-07-25T18:00:00+08:00,1784973600000,9959.675632925731,9959.701523874182,2,0,2
2026-07-25T19:00:00+08:00,1784977200000,9959.405124262772,9959.701523874182,2,0,2
2026-07-25T20:00:00+08:00,1784980800000,9959.513313090041,9959.580360296859,1,0,1
2026-07-25T21:00:00+08:00,1784984400000,9959.514469348407,9959.540360296858,2,0,2
2026-07-25T22:00:00+08:00,1784988000000,9959.839079743959,9959.540360296858,2,0,2
2026-07-25T23:00:00+08:00,1784991600000,9960.596504000245,9959.540360296858,2,0,2
2026-07-26T00:00:00+08:00,1784995200000,9961.462131721713,9959.540360296858,2,0,2
2026-07-26T01:00:00+08:00,1784998800000,9962.165454245407,9959.540360296858,2,0,2
2026-07-26T02:00:00+08:00,1785002400000,9963.193387164652,9959.540360296858,2,0,2
2026-07-26T03:00:00+08:00,1785006000000,9962.652369838734,9959.540360296858,2,0,2
2026-07-26T04:00:00+08:00,1785009600000,9962.381824580989,9961.069098292259,1,0,1
2026-07-26T05:00:00+08:00,1785013200000,9962.381824580989,9961.069098292259,1,0,1
2026-07-26T06:00:00+08:00,1785016800000,9962.490042684087,9961.069098292259,1,0,1
2026-07-26T07:00:00+08:00,1785020400000,9962.571206261411,9961.069098292259,1,0,1
2026-07-26T08:00:00+08:00,1785024000000,9963.27462393155,9961.069098292259,1,0,1
2026-07-26T09:00:00+08:00,1785027600000,9963.409858357902,9961.029098292258,2,0,2
2026-07-26T10:00:00+08:00,1785031200000,9963.840327210606,9961.029098292258,2,0,2
2026-07-26T11:00:00+08:00,1785034800000,9964.539839096251,9961.029098292258,2,0,2
2026-07-26T12:00:00+08:00,1785038400000,9964.755073522603,9961.029098292258,2,0,2
2026-07-26T13:00:00+08:00,1785042000000,9964.594549037723,9964.019205179013,1,0,1
2026-07-26T14:00:00+08:00,1785045600000,9964.888843926672,9964.019205179013,1,0,1
2026-07-26T15:00:00+08:00,1785049200000,9964.219991906333,9964.019205179013,1,0,1
2026-07-26T16:00:00+08:00,1785052800000,9964.541040876096,9964.019205179013,1,0,1
2026-07-26T17:00:00+08:00,1785056400000,9964.755073522603,9964.019205179013,1,0,1
2026-07-26T18:00:00+08:00,1785060000000,9964.888843926672,9964.019205179013,1,0,1
2026-07-26T19:00:00+08:00,1785063600000,9964.434024552842,9964.019205179013,1,0,1
2026-07-26T20:00:00+08:00,1785067200000,9964.567656911671,9964.394024552841,0,1,1
2026-07-26T21:00:00+08:00,1785070800000,9964.16703707927,9964.35402455284,0,2,2
2026-07-26T22:00:00+08:00,1785074400000,9963.579234053204,9964.35402455284,0,2,2
2026-07-26T23:00:00+08:00,1785078000000,9962.40299992251,9964.073688149156,0,1,1
2026-07-27T00:00:00+08:00,1785081600000,9962.375774286878,9962.336267328628,1,0,1
2026-07-27T01:00:00+08:00,1785085200000,9961.553856812392,9962.296267328627,2,0,2
2026-07-27T02:00:00+08:00,1785088800000,9961.580348598296,9961.964741815042,1,0,1
2026-07-27T03:00:00+08:00,1785092400000,9961.421397882874,9961.964741815042,1,0,1
2026-07-27T04:00:00+08:00,1785096000000,9961.447889668778,9961.964741815042,1,0,1
2026-07-27T05:00:00+08:00,1785099600000,9960.570917557223,9961.407889668777,0,1,1
2026-07-27T06:00:00+08:00,1785103200000,9963.267652970813,9960.504351820171,1,0,1
2026-07-27T07:00:00+08:00,1785106800000,9963.50281402558,9960.46435182017,2,0,2
2026-07-27T08:00:00+08:00,1785110400000,9961.13910611482,9960.46435182017,2,0,2
2026-07-27T09:00:00+08:00,1785114000000,9961.713245061104,9962.222695954544,1,0,1
2026-07-27T10:00:00+08:00,1785117600000,9961.478519614386,9962.222695954544,1,0,1
2026-07-27T11:00:00+08:00,1785121200000,9961.400277798812,9962.222695954544,1,0,1
2026-07-27T12:00:00+08:00,1785124800000,9961.139471746901,9962.222695954544,1,0,1
2026-07-27T13:00:00+08:00,1785128400000,9961.817567481869,9962.222695954544,1,0,1
2026-07-27T14:00:00+08:00,1785132000000,9962.260937770117,9962.222695954544,1,0,1
2026-07-27T15:00:00+08:00,1785135600000,9960.798842535707,9962.182695954543,2,0,2
2026-07-27T16:00:00+08:00,1785139200000,9961.24204874986,9960.810996944523,0,1,1
2026-07-27T17:00:00+08:00,1785142800000,9960.192725655976,9960.770996944522,0,2,2
2026-07-27T18:00:00+08:00,1785146400000,9959.563956623215,9960.770996944522,0,2,2
2026-07-27T19:00:00+08:00,1785150000000,9959.800065825031,9960.364623318148,0,1,1
2026-07-27T20:00:00+08:00,1785153600000,9957.93890262969,9960.324623318147,0,2,2
2026-07-27T21:00:00+08:00,1785157200000,9957.755719086144,9958.842090212076,0,1,1
2026-07-27T22:00:00+08:00,1785160800000,9962.802890212077,9962.802890212077,0,0,0
2026-07-27T23:00:00+08:00,1785164400000,9962.802890212077,9962.802890212077,0,0,0
2026-07-28T00:00:00+08:00,1785168000000,9962.802890212077,9962.802890212077,0,0,0
2026-07-28T01:00:00+08:00,1785171600000,9962.802890212077,9962.802890212077,0,0,0
2026-07-28T02:00:00+08:00,1785175200000,9962.802890212077,9962.802890212077,0,0,0
2026-07-28T03:00:00+08:00,1785178800000,9961.716865860568,9962.762890212076,0,1,1
2026-07-28T04:00:00+08:00,1785182400000,9961.690391535527,9961.690391535527,0,0,0
2026-07-28T05:00:00+08:00,1785186000000,9961.690391535527,9961.690391535527,0,0,0
2026-07-28T06:00:00+08:00,1785189600000,9961.690391535527,9961.690391535527,0,0,0
2026-07-28T07:00:00+08:00,1785193200000,9961.690391535527,9961.690391535527,0,0,0
2026-07-28T08:00:00+08:00,1785196800000,9961.690391535527,9961.690391535527,0,0,0
2026-07-28T09:00:00+08:00,1785200400000,9961.690391535527,9961.690391535527,0,0,0
2026-07-28T10:00:00+08:00,1785204000000,9961.690391535527,9961.690391535527,0,0,0
2026-07-28T11:00:00+08:00,1785207600000,9961.690391535527,9961.690391535527,0,0,0
2026-07-28T12:00:00+08:00,1785211200000,9961.690391535527,9961.690391535527,0,0,0
2026-07-28T13:00:00+08:00,1785214800000,9961.690391535527,9961.690391535527,0,0,0
2026-07-28T14:00:00+08:00,1785218400000,9961.690391535527,9961.690391535527,0,0,0
2026-07-28T15:00:00+08:00,1785222000000,9961.690391535527,9961.690391535527,0,0,0
2026-07-28T16:00:00+08:00,1785225600000,9961.690391535527,9961.690391535527,0,0,0
2026-07-28T17:00:00+08:00,1785229200000,9961.690391535527,9961.690391535527,0,0,0
2026-07-28T18:00:00+08:00,1785232800000,9961.36453907651,9961.650391535526,1,0,1
2026-07-28T19:00:00+08:00,1785236400000,9961.448541599095,9961.610391535525,2,0,2
2026-07-28T20:00:00+08:00,1785240000000,9962.541891749665,9961.610391535525,2,0,2
2026-07-28T21:00:00+08:00,1785243600000,9958.824501237727,9961.610391535525,2,0,2
2026-07-28T22:00:00+08:00,1785247200000,9960.739040972372,9960.095276781427,1,0,1
2026-07-28T23:00:00+08:00,1785250800000,9965.709979185885,9960.055276781426,2,0,2
2026-07-29T00:00:00+08:00,1785254400000,9966.146812894222,9960.055276781426,2,0,2
2026-07-29T01:00:00+08:00,1785258000000,9962.925164295237,9960.055276781426,2,0,2
2026-07-29T02:00:00+08:00,1785261600000,9963.088686170662,9961.84776481316,1,0,1
2026-07-29T03:00:00+08:00,1785265200000,9964.287846590452,9961.84776481316,1,0,1
2026-07-29T04:00:00+08:00,1785268800000,9962.690991139487,9961.807764813158,2,0,2
2026-07-29T05:00:00+08:00,1785272400000,9962.960522652918,9963.511998151034,1,0,1
2026-07-29T06:00:00+08:00,1785276000000,9961.103059001869,9963.511998151034,1,0,1
2026-07-29T07:00:00+08:00,1785279600000,9962.1260099981,9963.511998151034,1,0,1
2026-07-29T08:00:00+08:00,1785283200000,9962.018330945864,9963.511998151034,1,0,1
2026-07-29T09:00:00+08:00,1785286800000,9960.618503266813,9963.511998151034,1,0,1
2026-07-29T10:00:00+08:00,1785290400000,9959.363725883582,9960.578503266812,0,1,1
2026-07-29T11:00:00+08:00,1785294000000,9959.363725883582,9959.363725883582,0,0,0
2026-07-29T12:00:00+08:00,1785297600000,9959.363725883582,9959.363725883582,0,0,0
2026-07-29T13:00:00+08:00,1785301200000,9959.363725883582,9959.363725883582,0,0,0
2026-07-29T14:00:00+08:00,1785304800000,9959.363725883582,9959.363725883582,0,0,0
2026-07-29T15:00:00+08:00,1785308400000,9959.769917967871,9959.323725883582,1,0,1
2026-07-29T16:00:00+08:00,1785312000000,9958.017287331217,9959.28372588358,2,0,2
2026-07-29T17:00:00+08:00,1785315600000,9958.502300132726,9958.892587156039,1,0,1
2026-07-29T18:00:00+08:00,1785319200000,9957.208764368263,9958.852587156038,2,0,2
2026-07-29T19:00:00+08:00,1785322800000,9957.343708355305,9957.86950670866,1,0,1
2026-07-29T20:00:00+08:00,1785326400000,9956.210178864145,9957.86950670866,1,0,1
2026-07-29T21:00:00+08:00,1785330000000,9956.722966014908,9957.86950670866,1,0,1
2026-07-29T22:00:00+08:00,1785333600000,9957.864708685916,9956.682966014907,0,1,1
2026-07-29T23:00:00+08:00,1785337200000,9958.547239834708,9956.642966014906,0,2,2
2026-07-30T00:00:00+08:00,1785340800000,9957.730242175288,9956.642966014906,0,2,2
2026-07-30T01:00:00+08:00,1785344400000,9955.954491561786,9957.824708685916,0,1,1
2026-07-30T02:00:00+08:00,1785348000000,9955.107674683457,9957.824708685916,0,1,1
2026-07-30T03:00:00+08:00,1785351600000,9950.958956181907,9955.067674683456,1,0,1
2026-07-30T04:00:00+08:00,1785355200000,9951.181021678627,9950.945901337545,0,1,1
2026-07-30T05:00:00+08:00,1785358800000,9948.15498304445,9950.905901337544,0,2,2
2026-07-30T06:00:00+08:00,1785362400000,9946.887553654971,9949.655371836789,0,1,1
2026-07-30T07:00:00+08:00,1785366000000,9946.777338778937,9949.655371836789,0,1,1
2026-07-30T08:00:00+08:00,1785369600000,9945.665357249667,9946.737338778936,1,0,1
2026-07-30T09:00:00+08:00,1785373200000,9945.692514658333,9945.692514658333,0,0,0
2026-07-30T10:00:00+08:00,1785376800000,9945.692514658333,9945.692514658333,0,0,0
2026-07-30T11:00:00+08:00,1785380400000,9945.692514658333,9945.692514658333,0,0,0
2026-07-30T12:00:00+08:00,1785384000000,9945.096804057,9945.652514658332,1,0,1
2026-07-30T13:00:00+08:00,1785387600000,9945.558229331877,9945.652514658332,1,0,1
2026-07-30T14:00:00+08:00,1785391200000,9944.58245880277,9945.61251465833,2,0,2
2026-07-30T15:00:00+08:00,1785394800000,9943.98527967832,9945.61251465833,2,0,2
2026-07-30T16:00:00+08:00,1785398400000,9946.04826210824,9945.61251465833,2,0,2
2026-07-30T17:00:00+08:00,1785402000000,9947.296909368455,9945.61251465833,2,0,2
2026-07-30T18:00:00+08:00,1785405600000,9946.591152221376,9945.61251465833,2,0,2
2026-07-30T19:00:00+08:00,1785409200000,9948.328400583416,9945.61251465833,2,0,2
2026-07-30T20:00:00+08:00,1785412800000,9949.251313775749,9945.61251465833,2,0,2
2026-07-30T21:00:00+08:00,1785416400000,9950.825695103846,9945.61251465833,2,0,2
2026-07-30T22:00:00+08:00,1785420000000,9950.608539058592,9945.61251465833,2,0,2
2026-07-30T23:00:00+08:00,1785423600000,9950.662831754764,9948.096782338527,1,0,1
2026-07-31T00:00:00+08:00,1785427200000,9950.445660970077,9948.096782338527,1,0,1
2026-07-31T01:00:00+08:00,1785430800000,9950.907148887536,9948.096782338527,1,0,1
2026-07-31T02:00:00+08:00,1785434400000,9950.309929229648,9948.096782338527,1,0,1
2026-07-31T03:00:00+08:00,1785438000000,9950.961441583708,9948.096782338527,1,0,1
2026-07-31T04:00:00+08:00,1785441600000,9950.201343837305,9948.096782338527,1,0,1
2026-07-31T05:00:00+08:00,1785445200000,9950.228490185391,9948.096782338527,1,0,1
2026-07-31T06:00:00+08:00,1785448800000,9949.449617846707,9950.161343837304,0,1,1
2026-07-31T07:00:00+08:00,1785452400000,9949.449617846707,9949.449617846707,0,0,0
2026-07-31T08:00:00+08:00,1785456000000,9949.449617846707,9949.449617846707,0,0,0
2026-07-31T09:00:00+08:00,1785459600000,9949.449617846707,9949.449617846707,0,0,0
2026-07-31T10:00:00+08:00,1785463200000,9949.449617846707,9949.449617846707,0,0,0
2026-07-31T11:00:00+08:00,1785466800000,9949.449617846707,9949.449617846707,0,0,0
2026-07-31T12:00:00+08:00,1785470400000,9949.449617846707,9949.449617846707,0,0,0
2026-07-31T13:00:00+08:00,1785474000000,9949.449617846707,9949.449617846707,0,0,0
2026-07-31T14:00:00+08:00,1785477600000,9949.449617846707,9949.449617846707,0,0,0
2026-07-31T15:00:00+08:00,1785481200000,9950.558081254754,9949.409617846706,0,1,1
2026-07-31T16:00:00+08:00,1785484800000,9950.532263750894,9949.369617846705,0,2,2
2026-07-31T17:00:00+08:00,1785488400000,9951.399183689153,9949.369617846705,0,2,2
2026-07-31T18:00:00+08:00,1785492000000,9950.965723720024,9949.369617846705,0,2,2
2026-07-31T19:00:00+08:00,1785495600000,9950.992895684165,9950.761176042763,0,1,1
2026-07-31T20:00:00+08:00,1785499200000,9950.775519971043,9950.761176042763,0,1,1
2026-07-31T21:00:00+08:00,1785502800000,9951.75371068009,9950.761176042763,0,1,1
2026-07-31T22:00:00+08:00,1785506400000,9953.008568194879,9950.721176042762,0,2,2
2026-07-31T23:00:00+08:00,1785510000000,9952.62719994078,9950.721176042762,0,2,2
2026-08-01T00:00:00+08:00,1785513600000,9952.081015640439,9952.175634070472,0,1,1
2026-08-01T01:00:00+08:00,1785517200000,9951.944469565353,9952.175634070472,0,1,1
2026-08-01T02:00:00+08:00,1785520800000,9952.599890725762,9952.175634070472,0,1,1
2026-08-01T03:00:00+08:00,1785524400000,9952.681818370813,9952.175634070472,0,1,1
2026-08-01T04:00:00+08:00,1785528000000,9953.036838166036,9952.175634070472,0,1,1
2026-08-01T05:00:00+08:00,1785531600000,9954.270646600167,9952.135634070471,0,2,2
2026-08-01T06:00:00+08:00,1785535200000,9953.66848440119,9952.135634070471,0,2,2
2026-08-01T07:00:00+08:00,1785538800000,9953.586185991975,9953.351857961257,0,1,1
2026-08-01T08:00:00+08:00,1785542400000,9953.174693945897,9953.351857961257,0,1,1
2026-08-01T09:00:00+08:00,1785546000000,9953.14950003059,9953.134693945896,1,0,1
2026-08-01T10:00:00+08:00,1785549600000,9953.316082365607,9953.094693945895,2,0,2
2026-08-01T11:00:00+08:00,1785553200000,9953.151697896103,9953.094693945895,2,0,2
2026-08-01T12:00:00+08:00,1785556800000,9953.809235774119,9953.094693945895,2,0,2
2026-08-01T13:00:00+08:00,1785560400000,9952.60374966442,9953.094693945895,2,0,2
2026-08-01T14:00:00+08:00,1785564000000,9952.71331678771,9952.890275691818,1,0,1
2026-08-01T15:00:00+08:00,1785567600000,9952.658533226064,9952.890275691818,1,0,1
2026-08-01T16:00:00+08:00,1785571200000,9952.850275691817,9952.890275691818,1,0,1
2026-08-01T17:00:00+08:00,1785574800000,9951.674604458942,9952.850275691817,2,0,2
2026-08-01T18:00:00+08:00,1785578400000,9951.701996239763,9952.2898318562,1,0,1
2026-08-01T19:00:00+08:00,1785582000000,9951.838955143872,9952.2898318562,1,0,1
2026-08-01T20:00:00+08:00,1785585600000,9952.033154953951,9952.2498318562,2,0,2
2026-08-01T21:00:00+08:00,1785589200000,9952.252514802016,9952.2498318562,2,0,2
2026-08-01T22:00:00+08:00,1785592800000,9952.526714612097,9952.2498318562,2,0,2
2026-08-01T23:00:00+08:00,1785596400000,9951.21055552371,9952.2498318562,2,0,2
2026-08-02T00:00:00+08:00,1785600000000,9950.963521892962,9951.525037335652,1,0,1
2026-08-02T01:00:00+08:00,1785603600000,9948.822563759812,9951.525037335652,1,0,1
2026-08-02T02:00:00+08:00,1785607200000,9951.135208769492,9948.810011941005,0,1,1
2026-08-02T03:00:00+08:00,1785610800000,9950.047485450645,9948.770011941004,0,2,2
2026-08-02T04:00:00+08:00,1785614400000,9948.423931214724,9948.770011941004,0,2,2
2026-08-02T05:00:00+08:00,1785618000000,9947.607326484995,9949.787394052562,0,1,1
2026-08-02T06:00:00+08:00,1785621600000,9947.438373782292,9949.787394052562,0,1,1
2026-08-02T07:00:00+08:00,1785625200000,9947.325738647158,9949.787394052562,0,1,1
2026-08-02T08:00:00+08:00,1785628800000,9946.847039322833,9949.787394052562,0,1,1
2026-08-02T09:00:00+08:00,1785632400000,9948.237537449653,9946.807039322832,1,0,1
2026-08-02T10:00:00+08:00,1785636000000,9950.866646872271,9946.76703932283,2,0,2
2026-08-02T11:00:00+08:00,1785639600000,9951.198374556672,9946.76703932283,2,0,2
2026-08-02T12:00:00+08:00,1785643200000,9953.078164768287,9946.76703932283,2,0,2
2026-08-02T13:00:00+08:00,1785646800000,9953.409892452688,9946.76703932283,2,0,2
2026-08-02T14:00:00+08:00,1785650400000,9952.635861189083,9946.76703932283,2,0,2
2026-08-02T15:00:00+08:00,1785654000000,9952.690946588533,9950.444902511397,1,0,1
2026-08-02T16:00:00+08:00,1785657600000,9951.919750996245,9950.444902511397,1,0,1
2026-08-02T17:00:00+08:00,1785661200000,9952.443062291011,9950.444902511397,1,0,1
2026-08-02T18:00:00+08:00,1785664800000,9952.140092594042,9950.444902511397,1,0,1
2026-08-02T19:00:00+08:00,1785668400000,9951.368897001756,9950.444902511397,1,0,1
2026-08-02T20:00:00+08:00,1785672000000,9951.09347000451,9950.444902511397,1,0,1
2026-08-02T21:00:00+08:00,1785675600000,9950.821255865869,9951.05347000451,0,1,1
2026-08-02T22:00:00+08:00,1785679200000,9950.027660311314,9951.01347000451,0,2,2
2026-08-02T23:00:00+08:00,1785682800000,9950.192230770153,9950.396827588585,0,1,1
2026-08-03T00:00:00+08:00,1785686400000,9949.481565698848,9950.356827588585,0,2,2
2026-08-03T01:00:00+08:00,1785690000000,9949.015655300163,9949.823037133292,0,1,1
2026-08-03T02:00:00+08:00,1785693600000,9948.330492949157,9949.823037133292,0,1,1
2026-08-03T03:00:00+08:00,1785697200000,9948.712859652094,9948.290492949156,1,0,1
2026-08-03T04:00:00+08:00,1785700800000,9948.415526300645,9948.250492949155,2,0,2
2026-08-03T05:00:00+08:00,1785704400000,9950.09985977436,9948.250492949155,2,0,2
2026-08-03T06:00:00+08:00,1785708000000,9948.1981929492,9948.250492949155,2,0,2
2026-08-03T07:00:00+08:00,1785711600000,9948.116787059662,9948.4552753213,1,0,1
2026-08-03T08:00:00+08:00,1785715200000,9947.058510495679,9948.4552753213,1,0,1
2026-08-03T09:00:00+08:00,1785718800000,9947.525417287166,9946.991375199164,0,1,1
2026-08-03T10:00:00+08:00,1785722400000,9947.308493322644,9946.951375199164,0,2,2
2026-08-03T11:00:00+08:00,1785726000000,9947.965530530826,9946.951375199164,0,2,2
2026-08-03T12:00:00+08:00,1785729600000,9948.294049134916,9946.951375199164,0,2,2
2026-08-03T13:00:00+08:00,1785733200000,9947.910777430143,9946.951375199164,0,2,2
2026-08-03T14:00:00+08:00,1785736800000,9948.84289895188,9947.758770662405,0,1,1
2026-08-03T15:00:00+08:00,1785740400000,9949.202822724956,9947.718770662404,0,2,2
2026-08-03T16:00:00+08:00,1785744000000,9949.972689327844,9947.718770662404,0,2,2
2026-08-03T17:00:00+08:00,1785747600000,9947.993032348992,9947.718770662404,0,2,2
2026-08-03T18:00:00+08:00,1785751200000,9948.323904850715,9948.419050267668,0,1,1
2026-08-03T19:00:00+08:00,1785754800000,9948.792640894822,9948.419050267668,0,1,1
2026-08-03T20:00:00+08:00,1785758400000,9948.847786311775,9948.419050267668,0,1,1
2026-08-03T21:00:00+08:00,1785762000000,9946.504106091239,9948.419050267668,0,1,1
2026-08-03T22:00:00+08:00,1785765600000,9947.844005039757,9946.464106091238,1,0,1
2026-08-03T23:00:00+08:00,1785769200000,9946.757420212674,9946.424106091237,2,0,2
2026-08-04T00:00:00+08:00,1785772800000,9945.77794493006,9946.424106091237,2,0,2
2026-08-04T01:00:00+08:00,1785776400000,9946.50990263071,9946.820998075396,1,0,1
2026-08-04T02:00:00+08:00,1785780000000,9947.894811729677,9946.780998075395,2,0,2
2026-08-04T03:00:00+08:00,1785783600000,9948.166091192448,9946.780998075395,2,0,2
2026-08-04T04:00:00+08:00,1785787200000,9947.704640078608,9947.310298509236,1,0,1
2026-08-04T05:00:00+08:00,1785790800000,9947.324591205406,9947.310298509236,1,0,1
2026-08-04T06:00:00+08:00,1785794400000,9946.86310328795,9947.310298509236,1,0,1
2026-08-04T07:00:00+08:00,1785798000000,9946.890249636035,9947.310298509236,1,0,1
2026-08-04T08:00:00+08:00,1785801600000,9945.587224927916,9947.310298509236,1,0,1
2026-08-04T09:00:00+08:00,1785805200000,9943.617471368223,9945.547224927916,0,1,1
2026-08-04T10:00:00+08:00,1785808800000,9943.590083635472,9943.590083635472,0,0,0
2026-08-04T11:00:00+08:00,1785812400000,9943.590083635472,9943.590083635472,0,0,0
2026-08-04T12:00:00+08:00,1785816000000,9943.590083635472,9943.590083635472,0,0,0
2026-08-04T13:00:00+08:00,1785819600000,9943.293295452791,9943.550083635471,1,0,1
2026-08-04T14:00:00+08:00,1785823200000,9944.054597854092,9943.25329545279,0,1,1
2026-08-04T15:00:00+08:00,1785826800000,9942.66918521889,9943.21329545279,0,2,2
2026-08-04T16:00:00+08:00,1785830400000,9943.51415542358,9943.336128175622,0,1,1
2026-08-04T17:00:00+08:00,1785834000000,9943.761374713882,9943.296128175622,0,2,2
2026-08-04T18:00:00+08:00,1785837600000,9942.070741713977,9943.296128175622,0,2,2
2026-08-04T19:00:00+08:00,1785841200000,9941.170398015121,9942.792820273715,0,1,1
2026-08-04T20:00:00+08:00,1785844800000,9941.497795723797,9942.792820273715,0,1,1
2026-08-04T21:00:00+08:00,1785848400000,9940.929956200891,9941.457795723796,1,0,1
2026-08-04T22:00:00+08:00,1785852000000,9940.36072794002,9940.88995620089,0,1,1
2026-08-04T23:00:00+08:00,1785855600000,9940.687124957554,9940.293548592193,1,0,1
2026-08-05T00:00:00+08:00,1785859200000,9939.1453877619,9940.253548592193,2,0,2
2026-08-05T01:00:00+08:00,1785862800000,9939.334725635646,9939.942563363842,1,0,1
2026-08-05T02:00:00+08:00,1785866400000,9938.196743536379,9939.294725635646,0,1,1
2026-08-05T03:00:00+08:00,1785870000000,9938.170692005284,9938.156743536378,1,0,1
2026-08-05T04:00:00+08:00,1785873600000,9938.495229138729,9938.116743536377,2,0,2
2026-08-05T05:00:00+08:00,1785877200000,9937.740103340744,9938.116743536377,2,0,2
2026-08-05T06:00:00+08:00,1785880800000,9937.686187607558,9937.995820833017,1,0,1
2026-08-05T07:00:00+08:00,1785884400000,9936.742471318454,9937.995820833017,1,0,1
2026-08-05T08:00:00+08:00,1785888000000,9937.313802209783,9936.702471318453,0,1,1
2026-08-05T09:00:00+08:00,1785891600000,9934.053637176325,9936.662471318452,0,2,2
2026-08-05T10:00:00+08:00,1785895200000,9933.72703731134,9935.645474981455,0,1,1
2026-08-05T11:00:00+08:00,1785898800000,9934.870434154018,9935.645474981455,0,1,1
2026-08-05T12:00:00+08:00,1785902400000,9934.708954927399,9935.605474981454,0,2,2
2026-08-05T13:00:00+08:00,1785906000000,9932.806653110438,9935.605474981454,0,2,2
2026-08-05T14:00:00+08:00,1785909600000,9933.213569302465,9933.850379717436,0,1,1
2026-08-05T15:00:00+08:00,1785913200000,9933.267824794735,9933.850379717436,0,1,1
2026-08-05T16:00:00+08:00,1785916800000,9932.700185763857,9933.810379717435,0,2,2
2026-08-05T17:00:00+08:00,1785920400000,9932.808329859758,9932.956547333384,0,1,1
2026-08-05T18:00:00+08:00,1785924000000,9933.59383560179,9932.916547333383,0,2,2
2026-08-05T19:00:00+08:00,1785927600000,9933.972494363932,9932.916547333383,0,2,2
2026-08-05T20:00:00+08:00,1785931200000,9932.511953424248,9932.916547333383,0,2,2
2026-08-05T21:00:00+08:00,1785934800000,9932.728256720075,9932.633058017722,0,1,1
2026-08-05T22:00:00+08:00,1785938400000,9932.755296460544,9932.633058017722,0,1,1
2026-08-05T23:00:00+08:00,1785942000000,9932.809375941484,9932.633058017722,0,1,1
2026-08-06T00:00:00+08:00,1785945600000,9930.86248111953,9932.593058017721,0,2,2
2026-08-06T01:00:00+08:00,1785949200000,9931.509706335046,9930.822481119529,1,0,1
2026-08-06T02:00:00+08:00,1785952800000,9931.295338605716,9930.782481119528,2,0,2
2026-08-06T03:00:00+08:00,1785956400000,9930.972734612573,9930.782481119528,2,0,2
2026-08-06T04:00:00+08:00,1785960000000,9930.758171295274,9931.281166464356,1,0,1
2026-08-06T05:00:00+08:00,1785963600000,9930.0605116066,9931.281166464356,1,0,1
2026-08-06T06:00:00+08:00,1785967200000,9929.76534789216,9931.281166464356,1,0,1
2026-08-06T07:00:00+08:00,1785970800000,9929.631261100216,9929.72534789216,0,1,1
2026-08-06T08:00:00+08:00,1785974400000,9929.416066047437,9929.685347892158,0,2,2
2026-08-06T09:00:00+08:00,1785978000000,9931.092416727954,9929.685347892158,0,2,2
2026-08-06T10:00:00+08:00,1785981600000,9932.228009124434,9929.685347892158,0,2,2
2026-08-06T11:00:00+08:00,1785985200000,9932.498388266451,9929.685347892158,0,2,2
2026-08-06T12:00:00+08:00,1785988800000,9930.551658443916,9929.685347892158,0,2,2
2026-08-06T13:00:00+08:00,1785992400000,9929.497382615511,9930.050998831728,0,1,1
2026-08-06T14:00:00+08:00,1785996000000,9929.983966399295,9930.050998831728,0,1,1
2026-08-06T15:00:00+08:00,1785999600000,9929.49865288578,9929.970998831726,1,0,1
2026-08-06T16:00:00+08:00,1786003200000,9929.120651802355,9929.45865288578,0,1,1
2026-08-06T17:00:00+08:00,1786006800000,9927.201939158676,9929.080651802355,1,0,1
2026-08-06T18:00:00+08:00,1786010400000,9927.094637398064,9927.161939158676,0,1,1
2026-08-06T19:00:00+08:00,1786014000000,9926.304840055966,9927.121939158675,0,2,2
2026-08-06T20:00:00+08:00,1786017600000,9927.151079138936,9926.699714510114,0,1,1
2026-08-06T21:00:00+08:00,1786021200000,9926.524446258809,9926.659714510113,0,2,2
2026-08-06T22:00:00+08:00,1786024800000,9925.92234347295,9926.865396824523,0,1,1
2026-08-06T23:00:00+08:00,1786028400000,9926.387552775275,9926.865396824523,0,1,1
2026-08-07T00:00:00+08:00,1786032000000,9925.977073979106,9926.865396824523,0,1,1
2026-08-07T01:00:00+08:00,1786035600000,9926.715935812212,9926.865396824523,0,1,1
2026-08-07T02:00:00+08:00,1786039200000,9928.605695259359,9926.825396824523,0,2,2
2026-08-07T03:00:00+08:00,1786042800000,9928.715126339755,9926.825396824523,0,2,2
2026-08-07T04:00:00+08:00,1786046400000,9928.441548638762,9926.825396824523,0,2,2
2026-08-07T05:00:00+08:00,1786050000000,9928.414198351642,9927.578989163783,0,1,1
2026-08-07T06:00:00+08:00,1786053600000,9928.906503519813,9927.578989163783,0,1,1
2026-08-07T07:00:00+08:00,1786057200000,9928.826503519811,9927.538989163782,0,2,2
2026-08-07T08:00:00+08:00,1786060800000,9928.881580612322,9928.866503519812,0,1,1
2026-08-07T09:00:00+08:00,1786064400000,9928.66127224228,9928.866503519812,0,1,1
2026-08-07T10:00:00+08:00,1786068000000,9928.771426427302,9928.866503519812,0,1,1
2026-08-07T11:00:00+08:00,1786071600000,9928.526298765708,9928.758964973555,1,0,1
2026-08-07T12:00:00+08:00,1786075200000,9928.776742965592,9928.718964973554,2,0,2
2026-08-07T13:00:00+08:00,1786078800000,9929.768075565242,9928.718964973554,2,0,2
2026-08-07T14:00:00+08:00,1786082400000,9929.657927498612,9928.718964973554,2,0,2
2026-08-07T15:00:00+08:00,1786086000000,9930.04344573181,9928.718964973554,2,0,2
2026-08-07T16:00:00+08:00,1786089600000,9931.585518664599,9928.718964973554,2,0,2
2026-08-07T17:00:00+08:00,1786093200000,9933.953702097097,9928.718964973554,2,0,2
2026-08-07T18:00:00+08:00,1786096800000,9933.513109830585,9928.718964973554,2,0,2
2026-08-07T19:00:00+08:00,1786100400000,9933.953702097097,9928.718964973554,2,0,2
2026-08-07T20:00:00+08:00,1786104000000,9936.066294881923,9932.579857846928,1,0,1
2026-08-07T21:00:00+08:00,1786107600000,9936.539057846927,9936.539057846927,0,0,0
2026-08-07T22:00:00+08:00,1786111200000,9936.539057846927,9936.539057846927,0,0,0
2026-08-07T23:00:00+08:00,1786114800000,9936.539057846927,9936.539057846927,0,0,0
2026-08-08T00:00:00+08:00,1786118400000,9936.539057846927,9936.539057846927,0,0,0
2026-08-08T01:00:00+08:00,1786122000000,9936.539057846927,9936.539057846927,0,0,0
2026-08-08T02:00:00+08:00,1786125600000,9936.539057846927,9936.539057846927,0,0,0
2026-08-08T03:00:00+08:00,1786129200000,9934.823407806043,9936.499057846926,0,1,1
2026-08-08T04:00:00+08:00,1786132800000,9934.256887124777,9934.783407806042,1,0,1
2026-08-08T05:00:00+08:00,1786136400000,9934.22985819804,9934.22985819804,0,0,0
2026-08-08T06:00:00+08:00,1786140000000,9934.177030162178,9934.189858198039,0,1,1
2026-08-08T07:00:00+08:00,1786143600000,9934.015514269759,9934.149858198038,0,2,2
2026-08-08T08:00:00+08:00,1786147200000,9933.689450700076,9934.149858198038,0,2,2
2026-08-08T09:00:00+08:00,1786150800000,9933.254699273833,9933.919654449057,0,1,1
2026-08-08T10:00:00+08:00,1786154400000,9933.336215166253,9933.919654449057,0,1,1
2026-08-08T11:00:00+08:00,1786158000000,9930.646190716376,9933.919654449057,0,1,1
2026-08-08T12:00:00+08:00,1786161600000,9930.031609777998,9930.606190716375,1,0,1
2026-08-08T13:00:00+08:00,1786165200000,9930.031947404004,9930.566190716374,2,0,2
2026-08-08T14:00:00+08:00,1786168800000,9930.139239804806,9929.991609777997,1,0,1
2026-08-08T15:00:00+08:00,1786172400000,9930.40728270025,9929.991609777997,1,0,1
2026-08-08T16:00:00+08:00,1786176000000,9930.40728270025,9929.991609777997,1,0,1
2026-08-08T17:00:00+08:00,1786179600000,9930.568108437514,9929.991609777997,1,0,1
2026-08-08T18:00:00+08:00,1786183200000,9931.130998517943,9929.991609777997,1,0,1
2026-08-08T19:00:00+08:00,1786186800000,9933.777020482992,9929.951609777996,2,0,2
2026-08-08T20:00:00+08:00,1786190400000,9932.975249316802,9929.951609777996,2,0,2
2026-08-08T21:00:00+08:00,1786194000000,9933.241720532153,9932.055952941535,1,0,1
2026-08-08T22:00:00+08:00,1786197600000,9936.015152941534,9936.015152941534,0,0,0
2026-08-08T23:00:00+08:00,1786201200000,9936.015152941534,9936.015152941534,0,0,0
2026-08-09T00:00:00+08:00,1786204800000,9936.015152941534,9936.015152941534,0,0,0
2026-08-09T01:00:00+08:00,1786208400000,9936.015152941534,9936.015152941534,0,0,0
2026-08-09T02:00:00+08:00,1786212000000,9936.015152941534,9936.015152941534,0,0,0
2026-08-09T03:00:00+08:00,1786215600000,9936.015152941534,9936.015152941534,0,0,0
2026-08-09T04:00:00+08:00,1786219200000,9936.015152941534,9936.015152941534,0,0,0
2026-08-09T05:00:00+08:00,1786222800000,9936.066361127287,9935.975152941533,0,1,1
2026-08-09T06:00:00+08:00,1786226400000,9937.587721118816,9935.935152941533,0,2,2
2026-08-09T07:00:00+08:00,1786230000000,9937.01017772221,9935.935152941533,0,2,2
2026-08-09T08:00:00+08:00,1786233600000,9937.01017772221,9935.935152941533,0,2,2
2026-08-09T09:00:00+08:00,1786237200000,9937.797736899402,9935.935152941533,0,2,2
2026-08-09T10:00:00+08:00,1786240800000,9937.797736899402,9935.935152941533,0,2,2
2026-08-09T11:00:00+08:00,1786244400000,9937.16768955765,9935.935152941533,0,2,2
2026-08-09T12:00:00+08:00,1786248000000,9937.22021417364,9936.629918781753,0,1,1
2026-08-09T13:00:00+08:00,1786251600000,9937.141427249653,9936.629918781753,0,1,1
2026-08-09T14:00:00+08:00,1786255200000,9936.064672621847,9936.629918781753,0,1,1
2026-08-09T15:00:00+08:00,1786258800000,9936.195984161825,9936.629918781753,0,1,1
2026-08-09T16:00:00+08:00,1786262400000,9936.3272957018,9936.629918781753,0,1,1
2026-08-09T17:00:00+08:00,1786266000000,9935.933361081872,9936.629918781753,0,1,1
2026-08-09T18:00:00+08:00,1786269600000,9936.143459545834,9936.629918781753,0,1,1
2026-08-09T19:00:00+08:00,1786273200000,9935.460107527688,9936.589918781752,0,2,2
2026-08-09T20:00:00+08:00,1786276800000,9935.800650720676,9935.762049541894,0,1,1
2026-08-09T21:00:00+08:00,1786280400000,9934.646297310026,9935.722049541893,0,2,2
2026-08-09T22:00:00+08:00,1786284000000,9933.388355793031,9935.184242076275,0,1,1
2026-08-09T23:00:00+08:00,1786287600000,9934.321140208614,9933.34835579303,1,0,1
2026-08-10T00:00:00+08:00,1786291200000,9933.697070039136,9933.30835579303,2,0,2
2026-08-10T01:00:00+08:00,1786294800000,9932.971728165501,9933.30835579303,2,0,2
2026-08-10T02:00:00+08:00,1786298400000,9933.023283242319,9933.605950598225,1,0,1
2026-08-10T03:00:00+08:00,1786302000000,9933.074965847643,9933.605950598225,1,0,1
2026-08-10T04:00:00+08:00,1786305600000,9933.15248975563,9933.605950598225,1,0,1
2026-08-10T05:00:00+08:00,1786309200000,9933.38506147959,9933.605950598225,1,0,1
2026-08-10T06:00:00+08:00,1786312800000,9931.96378983317,9933.605950598225,1,0,1
2026-08-10T07:00:00+08:00,1786316400000,9933.238933136972,9931.923789833168,0,1,1
2026-08-10T08:00:00+08:00,1786320000000,9931.772837282,9931.883789833168,0,2,2
2026-08-10T09:00:00+08:00,1786323600000,9929.78535804057,9931.883789833168,0,2,2
2026-08-10T10:00:00+08:00,1786327200000,9930.021532774927,9931.531064455367,0,1,1
2026-08-10T11:00:00+08:00,1786330800000,9930.546365517941,9931.531064455367,0,1,1
2026-08-10T12:00:00+08:00,1786334400000,9930.911332557704,9931.491064455366,0,2,2
2026-08-10T13:00:00+08:00,1786338000000,9929.183567409014,9931.491064455366,0,2,2
2026-08-10T14:00:00+08:00,1786341600000,9928.843947181786,9929.82408295202,0,1,1
2026-08-10T15:00:00+08:00,1786345200000,9928.870062064292,9929.82408295202,0,1,1
2026-08-10T16:00:00+08:00,1786348800000,9928.948406711812,9929.82408295202,0,1,1
2026-08-10T17:00:00+08:00,1786352400000,9929.993002012072,9929.82408295202,0,1,1
2026-08-10T18:00:00+08:00,1786356000000,9928.580545839148,9929.78408295202,0,2,2
2026-08-10T19:00:00+08:00,1786359600000,9927.953239267108,9929.247900184395,0,1,1
2026-08-10T20:00:00+08:00,1786363200000,9929.051067569733,9929.247900184395,0,1,1
2026-08-10T21:00:00+08:00,1786366800000,9930.617045652356,9929.207900184394,0,2,2
2026-08-10T22:00:00+08:00,1786370400000,9930.87831391044,9929.207900184394,0,2,2
2026-08-10T23:00:00+08:00,1786374000000,9932.498177110558,9929.207900184394,0,2,2
2026-08-11T00:00:00+08:00,1786377600000,9933.752264749357,9929.207900184394,0,2,2
2026-08-11T01:00:00+08:00,1786381200000,9932.393669807323,9929.207900184394,0,2,2
2026-08-11T02:00:00+08:00,1786384800000,9932.785393044922,9930.710087561893,0,1,1
2026-08-11T03:00:00+08:00,1786388400000,9931.845257274686,9930.710087561893,0,1,1
2026-08-11T04:00:00+08:00,1786392000000,9931.192385212024,9930.710087561893,0,1,1
2026-08-11T05:00:00+08:00,1786395600000,9931.531878684607,9930.710087561893,0,1,1
2026-08-11T06:00:00+08:00,1786399200000,9931.294447802624,9931.517993567113,1,0,1
2026-08-11T07:00:00+08:00,1786402800000,9930.03390496087,9931.477993567112,2,0,2
2026-08-11T08:00:00+08:00,1786406400000,9929.771448905025,9930.625148038656,1,0,1
2026-08-11T09:00:00+08:00,1786410000000,9929.111438352362,9929.705200545875,0,1,1
2026-08-11T10:00:00+08:00,1786413600000,9928.84743414571,9929.071438352361,1,0,1
2026-08-11T11:00:00+08:00,1786417200000,9928.925224670364,9929.03143835236,2,0,2
2026-08-11T12:00:00+08:00,1786420800000,9928.977821511917,9929.03143835236,2,0,2
2026-08-11T13:00:00+08:00,1786424400000,9927.55770679002,9929.03143835236,2,0,2
2026-08-11T14:00:00+08:00,1786428000000,9927.451305839775,9927.517706790019,0,1,1
2026-08-11T15:00:00+08:00,1786431600000,9927.978527695388,9927.477706790018,0,2,2
2026-08-11T16:00:00+08:00,1786435200000,9926.764083984159,9927.477706790018,0,2,2
2026-08-11T17:00:00+08:00,1786438800000,9926.84328683489,9927.094494436844,0,1,1
2026-08-11T18:00:00+08:00,1786442400000,9926.895099623287,9926.80328683489,1,0,1
2026-08-11T19:00:00+08:00,1786446000000,9928.211773412555,9926.763286834888,2,0,2
2026-08-11T20:00:00+08:00,1786449600000,9926.314419399585,9926.763286834888,2,0,2
2026-08-11T21:00:00+08:00,1786453200000,9926.735886926921,9926.61783660417,1,0,1
2026-08-11T22:00:00+08:00,1786456800000,9922.416257069523,9926.577836604169,2,0,2
2026-08-11T23:00:00+08:00,1786460400000,9923.081483253662,9922.376257069522,0,1,1
2026-08-12T00:00:00+08:00,1786464000000,9923.00148325366,9922.33625706952,0,2,2
2026-08-12T01:00:00+08:00,1786467600000,9921.668234142364,9922.33625706952,0,2,2
2026-08-12T02:00:00+08:00,1786471200000,9921.454416670918,9922.40271795297,0,1,1
2026-08-12T03:00:00+08:00,1786474800000,9920.412541670918,9922.40271795297,0,1,1
2026-08-12T04:00:00+08:00,1786478400000,9921.363944924455,9920.372541670917,1,0,1
2026-08-12T05:00:00+08:00,1786482000000,9923.315016642666,9920.332541670916,2,0,2
2026-08-12T06:00:00+08:00,1786485600000,9923.209510038407,9920.332541670916,2,0,2
2026-08-12T07:00:00+08:00,1786489200000,9922.629223714977,9920.332541670916,2,0,2
2026-08-12T08:00:00+08:00,1786492800000,9922.813373168996,9922.01154709348,1,0,1
2026-08-12T09:00:00+08:00,1786496400000,9922.971215558155,9922.01154709348,1,0,1
2026-08-12T10:00:00+08:00,1786500000000,9922.971215558155,9922.01154709348,1,0,1
2026-08-12T11:00:00+08:00,1786503600000,9922.944908493295,9922.01154709348,1,0,1
2026-08-12T12:00:00+08:00,1786507200000,9922.655530779837,9922.01154709348,1,0,1
2026-08-12T13:00:00+08:00,1786510800000,9922.681837844697,9922.01154709348,1,0,1
2026-08-12T14:00:00+08:00,1786514400000,9921.99785415834,9922.01154709348,1,0,1
2026-08-12T15:00:00+08:00,1786518000000,9922.523995455538,9922.01154709348,1,0,1
2026-08-12T16:00:00+08:00,1786521600000,9922.732718891904,9922.510302520397,0,1,1
2026-08-12T17:00:00+08:00,1786525200000,9919.711725238521,9922.470302520396,0,2,2
2026-08-12T18:00:00+08:00,1786528800000,9919.605277898883,9919.619207494712,1,0,1
2026-08-12T19:00:00+08:00,1786532400000,9919.916286387735,9919.579207494711,2,0,2
2026-08-12T20:00:00+08:00,1786536000000,9918.92574015789,9919.579207494711,2,0,2
2026-08-12T21:00:00+08:00,1786539600000,9917.88320263714,9919.304573857162,1,0,1
2026-08-12T22:00:00+08:00,1786543200000,9919.824869522557,9917.84320263714,0,1,1
2026-08-12T23:00:00+08:00,1786546800000,9918.161503042387,9917.803202637138,0,2,2
2026-08-13T00:00:00+08:00,1786550400000,9918.530955221093,9917.803202637138,0,2,2
2026-08-13T01:00:00+08:00,1786554000000,9917.31704091963,9917.803202637138,0,2,2
2026-08-13T02:00:00+08:00,1786557600000,9917.422866739453,9918.60337588822,0,1,1
2026-08-13T03:00:00+08:00,1786561200000,9917.741148362365,9918.60337588822,0,1,1
2026-08-13T04:00:00+08:00,1786564800000,9917.31677286515,9918.60337588822,0,1,1
2026-08-13T05:00:00+08:00,1786568400000,9918.56337588822,9918.60337588822,0,1,1
2026-08-13T06:00:00+08:00,1786572000000,9918.165094265309,9918.56337588822,0,2,2
2026-08-13T07:00:00+08:00,1786575600000,9917.89985957955,9918.364235076764,0,1,1
2026-08-13T08:00:00+08:00,1786579200000,9917.926383048125,9918.364235076764,0,1,1
2026-08-13T09:00:00+08:00,1786582800000,9917.873336110972,9918.364235076764,0,1,1
2026-08-13T10:00:00+08:00,1786586400000,9916.945014710813,9918.364235076764,0,1,1
2026-08-13T11:00:00+08:00,1786590000000,9917.628912076398,9916.931538179388,1,0,1
2026-08-13T12:00:00+08:00,1786593600000,9916.865465565355,9916.891538179387,2,0,2
2026-08-13T13:00:00+08:00,1786597200000,9918.968377907026,9916.891538179387,2,0,2
2026-08-13T14:00:00+08:00,1786600800000,9919.020950715567,9916.891538179387,2,0,2
2026-08-13T15:00:00+08:00,1786604400000,9918.600368247233,9916.891538179387,2,0,2
2026-08-13T16:00:00+08:00,1786608000000,9917.970655611096,9918.115607717118,1,0,1
2026-08-13T17:00:00+08:00,1786611600000,9917.839465478566,9918.115607717118,1,0,1
2026-08-13T18:00:00+08:00,1786615200000,9916.763706391832,9918.115607717118,1,0,1
2026-08-13T19:00:00+08:00,1786618800000,9916.895296634812,9916.697468365326,0,1,1
2026-08-13T20:00:00+08:00,1786622400000,9914.303209322738,9916.657468365325,0,2,2
2026-08-13T21:00:00+08:00,1786626000000,9914.091526783055,9915.613304560833,0,1,1
2026-08-13T22:00:00+08:00,1786629600000,9913.403558529088,9915.613304560833,0,1,1
2026-08-13T23:00:00+08:00,1786633200000,9911.177952666747,9913.363558529087,1,0,1
2026-08-14T00:00:00+08:00,1786636800000,9911.230254254047,9911.137952666746,0,1,1
2026-08-14T01:00:00+08:00,1786640400000,9910.250305759935,9911.097952666745,0,2,2
2026-08-14T02:00:00+08:00,1786644000000,9909.58836002863,9910.740428857222,0,1,1
2026-08-14T03:00:00+08:00,1786647600000,9909.08528127284,9910.740428857222,0,1,1
2026-08-14T04:00:00+08:00,1786651200000,9909.13679390183,9909.071759102091,1,0,1
2026-08-14T05:00:00+08:00,1786654800000,9908.951786673899,9909.03175910209,2,0,2
2026-08-14T06:00:00+08:00,1786658400000,9909.109297515794,9909.03175910209,2,0,2
2026-08-14T07:00:00+08:00,1786662000000,9909.266808357688,9909.03175910209,2,0,2
2026-08-14T08:00:00+08:00,1786665600000,9908.374246920283,9909.03175910209,2,0,2
2026-08-14T09:00:00+08:00,1786669200000,9908.321743306316,9908.729172102747,1,0,1
2026-08-14T10:00:00+08:00,1786672800000,9908.190518736163,9908.729172102747,1,0,1
2026-08-14T11:00:00+08:00,1786676400000,9908.768711248109,9908.124273822132,0,1,1
2026-08-14T12:00:00+08:00,1786680000000,9908.293092565276,9908.08427382213,0,2,2
2026-08-14T13:00:00+08:00,1786683600000,9907.871149366061,9908.08427382213,0,2,2
2026-08-14T14:00:00+08:00,1786687200000,9908.875047939753,9908.333843502352,0,1,1
2026-08-14T15:00:00+08:00,1786690800000,9908.636306696482,9908.293843502352,0,2,2
2026-08-14T16:00:00+08:00,1786694400000,9907.048894263784,9908.293843502352,0,2,2
2026-08-14T17:00:00+08:00,1786698000000,9908.055718104843,9907.96324128365,0,1,1
2026-08-14T18:00:00+08:00,1786701600000,9908.479270472573,9907.92324128365,0,2,2
2026-08-14T19:00:00+08:00,1786705200000,9907.737203647815,9907.92324128365,0,2,2
2026-08-14T20:00:00+08:00,1786708800000,9907.949278919483,9907.88324128365,0,1,1
2026-08-14T21:00:00+08:00,1786712400000,9908.214373009067,9907.88324128365,0,1,1
2026-08-14T22:00:00+08:00,1786716000000,9908.691573829035,9907.843241283648,0,2,2
2026-08-14T23:00:00+08:00,1786719600000,9906.622055744652,9907.843241283648,0,2,2
2026-08-15T00:00:00+08:00,1786723200000,9907.126557985152,9907.43210955823,0,1,1
2026-08-15T01:00:00+08:00,1786726800000,9906.5693897497,9907.08655798515,1,0,1
2026-08-15T02:00:00+08:00,1786730400000,9907.366641576942,9906.5293897497,0,1,1
2026-08-15T03:00:00+08:00,1786734000000,9907.073506100074,9906.489389749699,0,2,2
2026-08-15T04:00:00+08:00,1786737600000,9906.327531931038,9906.489389749699,0,2,2
2026-08-15T05:00:00+08:00,1786741200000,9906.194146620282,9906.821557191559,0,1,1
2026-08-15T06:00:00+08:00,1786744800000,9906.16744613977,9906.821557191559,0,1,1
2026-08-15T07:00:00+08:00,1786748400000,9905.633436529519,9906.821557191559,0,1,1
2026-08-15T08:00:00+08:00,1786752000000,9905.394066197627,9905.566736049006,1,0,1
2026-08-15T09:00:00+08:00,1786755600000,9905.632579539928,9905.526736049005,2,0,2
2026-08-15T10:00:00+08:00,1786759200000,9906.906632909146,9905.526736049005,2,0,2
2026-08-15T11:00:00+08:00,1786762800000,9905.579493982877,9905.526736049005,2,0,2
2026-08-15T12:00:00+08:00,1786766400000,9905.8715614374,9905.486736049004,1,0,1
2026-08-15T13:00:00+08:00,1786770000000,9905.42018446223,9905.486736049004,1,0,1
2026-08-15T14:00:00+08:00,1786773600000,9905.606045569652,9905.486736049004,1,0,1
2026-08-15T15:00:00+08:00,1786777200000,9905.154668594483,9905.486736049004,1,0,1
2026-08-15T16:00:00+08:00,1786780800000,9904.703291619313,9905.486736049004,1,0,1
2026-08-15T17:00:00+08:00,1786784400000,9904.249976468349,9904.689843206088,0,1,1
2026-08-15T18:00:00+08:00,1786788000000,9904.223318685832,9904.223318685832,0,0,0
2026-08-15T19:00:00+08:00,1786791600000,9904.223318685832,9904.223318685832,0,0,0
2026-08-15T20:00:00+08:00,1786795200000,9904.621946345405,9904.183318685831,1,0,1
2026-08-15T21:00:00+08:00,1786798800000,9905.312169049568,9904.14331868583,2,0,2
2026-08-15T22:00:00+08:00,1786802400000,9904.727839421124,9904.14331868583,2,0,2
2026-08-15T23:00:00+08:00,1786806000000,9904.86043169428,9904.635127196469,1,0,1
2026-08-16T00:00:00+08:00,1786809600000,9904.541850965637,9904.595127196468,2,0,2
2026-08-16T01:00:00+08:00,1786813200000,9905.045233561681,9904.740840344935,1,0,1
2026-08-16T02:00:00+08:00,1786816800000,9904.40944556247,9904.700840344934,2,0,2
2026-08-16T03:00:00+08:00,1786820400000,9904.40944556247,9904.740315702646,1,0,1
2026-08-16T04:00:00+08:00,1786824000000,9904.330117342424,9904.740315702646,1,0,1
2026-08-16T05:00:00+08:00,1786827600000,9904.594544742582,9904.740315702646,1,0,1
2026-08-16T06:00:00+08:00,1786831200000,9904.250047369573,9904.700315702645,2,0,2
2026-08-16T07:00:00+08:00,1786834800000,9903.667985214113,9904.448773782518,1,0,1
2026-08-16T08:00:00+08:00,1786838400000,9903.24263063244,9903.627985214112,0,1,1
2026-08-16T09:00:00+08:00,1786842000000,9903.401553192001,9903.587985214112,0,2,2
2026-08-16T10:00:00+08:00,1786845600000,9902.658304313212,9903.587985214112,0,2,2
2026-08-16T11:00:00+08:00,1786849200000,9902.63173857616,9902.93697326192,0,1,1
2026-08-16T12:00:00+08:00,1786852800000,9902.207524123867,9902.565215107583,1,0,1
2026-08-16T13:00:00+08:00,1786856400000,9902.366266996165,9902.167524123866,0,1,1
2026-08-16T14:00:00+08:00,1786860000000,9902.100437200595,9902.127524123865,0,2,2
2026-08-16T15:00:00+08:00,1786863600000,9901.675723637838,9902.127524123865,0,2,2
2026-08-16T16:00:00+08:00,1786867200000,9901.675723637838,9902.034470152244,0,1,1
2026-08-16T17:00:00+08:00,1786870800000,9902.047594571311,9902.034470152244,0,1,1
2026-08-16T18:00:00+08:00,1786874400000,9902.286383421555,9901.994470152244,0,2,2
2026-08-16T19:00:00+08:00,1786878000000,9902.286383421555,9901.994470152244,0,2,2
2026-08-16T20:00:00+08:00,1786881600000,9902.552040796758,9901.994470152244,0,2,2
2026-08-16T21:00:00+08:00,1786885200000,9902.073857521393,9901.994470152244,0,2,2
2026-08-16T22:00:00+08:00,1786888800000,9901.861296341365,9902.087281199912,0,1,1
2026-08-16T23:00:00+08:00,1786892400000,9901.436188093257,9902.087281199912,0,1,1
2026-08-17T00:00:00+08:00,1786896000000,9901.276670330464,9901.36961882775,1,0,1
2026-08-17T01:00:00+08:00,1786899600000,9899.687536495581,9901.329618827749,2,0,2
2026-08-17T02:00:00+08:00,1786903200000,9899.449236707445,9900.495391368462,1,0,1
2026-08-17T03:00:00+08:00,1786906800000,9899.262747487322,9899.409236707445,0,1,1
2026-08-17T04:00:00+08:00,1786910400000,9900.194125951699,9899.369236707444,0,2,2
2026-08-17T05:00:00+08:00,1786914000000,9903.920257136242,9899.369236707444,0,2,2
2026-08-17T06:00:00+08:00,1786917600000,9903.015339562853,9899.369236707444,0,2,2
2026-08-17T07:00:00+08:00,1786921200000,9902.483035107918,9899.369236707444,0,2,2
2026-08-17T08:00:00+08:00,1786924800000,9902.456441132023,9900.899952704249,0,1,1
2026-08-17T09:00:00+08:00,1786928400000,9901.205858530266,9900.899952704249,0,1,1
2026-08-17T10:00:00+08:00,1786932000000,9900.168141052214,9900.899952704249,0,1,1
2026-08-17T11:00:00+08:00,1786935600000,9900.088035231165,9900.101532911749,1,0,1
2026-08-17T12:00:00+08:00,1786939200000,9900.246556105916,9900.061532911748,2,0,2
2026-08-17T13:00:00+08:00,1786942800000,9899.504491162244,9900.061532911748,2,0,2
2026-08-17T14:00:00+08:00,1786946400000,9900.670593216586,9899.75650971758,1,0,1
2026-08-17T15:00:00+08:00,1786950000000,9900.220441708274,9899.716509717578,2,0,2
2026-08-17T16:00:00+08:00,1786953600000,9898.848991251014,9900.471579300083,1,0,1
2026-08-17T17:00:00+08:00,1786957200000,9899.112755925858,9900.471579300083,1,0,1
2026-08-17T18:00:00+08:00,1786960800000,9900.194191092723,9900.471579300083,1,0,1
2026-08-17T19:00:00+08:00,1786964400000,9899.744701092386,9900.431579300082,2,0,2
2026-08-17T20:00:00+08:00,1786968000000,9899.08450563544,9899.969555820331,1,0,1
2026-08-17T21:00:00+08:00,1786971600000,9899.58625418272,9899.969555820331,1,0,1
2026-08-17T22:00:00+08:00,1786975200000,9900.484120004166,9899.969555820331,1,0,1
2026-08-17T23:00:00+08:00,1786978800000,9901.010658279649,9899.92955582033,2,0,2
2026-08-18T00:00:00+08:00,1786982400000,9900.588745219862,9899.92955582033,2,0,2
2026-08-18T01:00:00+08:00,1786986000000,9900.299024259632,9900.523343458999,1,0,1
2026-08-18T02:00:00+08:00,1786989600000,9900.272692945437,9900.523343458999,1,0,1
2026-08-18T03:00:00+08:00,1786993200000,9900.035711117676,9900.523343458999,1,0,1
2026-08-18T04:00:00+08:00,1786996800000,9900.483343458998,9900.523343458999,1,0,1
2026-08-18T05:00:00+08:00,1787000400000,9900.271697288803,9900.483343458998,2,0,2
2026-08-18T06:00:00+08:00,1787004000000,9899.69248464891,9900.390680830607,1,0,1
2026-08-18T07:00:00+08:00,1787007600000,9898.898999840454,9899.652484648908,0,1,1
2026-08-18T08:00:00+08:00,1787011200000,9898.872574477178,9898.872574477178,0,0,0
2026-08-18T09:00:00+08:00,1787014800000,9898.872574477178,9898.872574477178,0,0,0
2026-08-18T10:00:00+08:00,1787018400000,9898.872574477178,9898.872574477178,0,0,0
2026-08-18T11:00:00+08:00,1787022000000,9898.872574477178,9898.872574477178,0,0,0
2026-08-18T12:00:00+08:00,1787025600000,9898.872574477178,9898.872574477178,0,0,0
2026-08-18T13:00:00+08:00,1787029200000,9898.872574477178,9898.872574477178,0,0,0
2026-08-18T14:00:00+08:00,1787032800000,9898.872574477178,9898.872574477178,0,0,0
2026-08-18T15:00:00+08:00,1787036400000,9898.872574477178,9898.872574477178,0,0,0
2026-08-18T16:00:00+08:00,1787040000000,9898.97660287581,9898.832574477177,1,0,1
2026-08-18T17:00:00+08:00,1787043600000,9897.766577882405,9898.792574477176,2,0,2
2026-08-18T18:00:00+08:00,1787047200000,9897.503887393703,9898.358227908679,1,0,1
2026-08-18T19:00:00+08:00,1787050800000,9898.712263641732,9898.358227908679,1,0,1
2026-08-18T20:00:00+08:00,1787054400000,9898.238668710756,9898.318227908678,2,0,2
2026-08-18T21:00:00+08:00,1787058000000,9898.133702715795,9898.318227908678,2,0,2
2026-08-18T22:00:00+08:00,1787061600000,9899.601628737717,9898.409573153029,1,0,1
2026-08-18T23:00:00+08:00,1787065200000,9901.664590858754,9898.369573153028,2,0,2
2026-08-19T00:00:00+08:00,1787068800000,9900.985115064279,9898.369573153028,2,0,2
2026-08-19T01:00:00+08:00,1787072400000,9900.044302425775,9898.369573153028,2,0,2
2026-08-19T02:00:00+08:00,1787076000000,9901.008278973006,9899.82376822382,1,0,1
2026-08-19T03:00:00+08:00,1787079600000,9900.460744578193,9899.783768223819,2,0,2
2026-08-19T04:00:00+08:00,1787083200000,9899.735847467437,9900.759851611441,1,0,1
2026-08-19T05:00:00+08:00,1787086800000,9900.046585618175,9900.759851611441,1,0,1
2026-08-19T06:00:00+08:00,1787090400000,9899.9171113887,9900.759851611441,1,0,1
2026-08-19T07:00:00+08:00,1787094000000,9899.628950072349,9899.903006234596,0,1,1
2026-08-19T08:00:00+08:00,1787097600000,9900.354603271002,9899.863006234595,0,2,2
2026-08-19T09:00:00+08:00,1787101200000,9900.92636913525,9899.863006234595,0,2,2
2026-08-19T10:00:00+08:00,1787104800000,9900.822411705385,9899.863006234595,0,2,2
2026-08-19T11:00:00+08:00,1787108400000,9899.88679483662,9899.863006234595,0,2,2
2026-08-19T12:00:00+08:00,1787112000000,9900.224437007484,9899.744987513846,0,1,1
2026-08-19T13:00:00+08:00,1787115600000,9900.430489275182,9899.704987513845,0,2,2
2026-08-19T14:00:00+08:00,1787119200000,9898.922026475686,9899.704987513845,0,2,2
2026-08-19T15:00:00+08:00,1787122800000,9899.286635250586,9899.5870700898,0,1,1
2026-08-19T16:00:00+08:00,1787126400000,9898.192808925889,9899.5870700898,0,1,1
2026-08-19T17:00:00+08:00,1787130000000,9898.323026345495,9899.5870700898,0,1,1
2026-08-19T18:00:00+08:00,1787133600000,9898.45021645812,9898.309069829416,1,0,1
2026-08-19T19:00:00+08:00,1787137200000,9899.197940578375,9898.269069829415,2,0,2
2026-08-19T20:00:00+08:00,1787140800000,9903.646957724752,9898.269069829415,2,0,2
2026-08-19T21:00:00+08:00,1787144400000,9903.646957724752,9898.269069829415,2,0,2
2026-08-19T22:00:00+08:00,1787148000000,9911.303891810323,9902.320612782652,1,0,1
2026-08-19T23:00:00+08:00,1787151600000,9911.329746478024,9911.329746478024,0,0,0
2026-08-20T00:00:00+08:00,1787155200000,9911.329746478024,9911.329746478024,0,0,0
2026-08-20T01:00:00+08:00,1787158800000,9911.329746478024,9911.329746478024,0,0,0
2026-08-20T02:00:00+08:00,1787162400000,9911.329746478024,9911.329746478024,0,0,0
2026-08-20T03:00:00+08:00,1787166000000,9911.329746478024,9911.329746478024,0,0,0
2026-08-20T04:00:00+08:00,1787169600000,9911.329746478024,9911.329746478024,0,0,0
2026-08-20T05:00:00+08:00,1787173200000,9911.329746478024,9911.329746478024,0,0,0
2026-08-20T06:00:00+08:00,1787176800000,9911.329746478024,9911.329746478024,0,0,0
2026-08-20T07:00:00+08:00,1787180400000,9911.329746478024,9911.329746478024,0,0,0
2026-08-20T08:00:00+08:00,1787184000000,9911.329746478024,9911.329746478024,0,0,0
2026-08-20T09:00:00+08:00,1787187600000,9911.329746478024,9911.329746478024,0,0,0
2026-08-20T10:00:00+08:00,1787191200000,9911.329746478024,9911.329746478024,0,0,0
2026-08-20T11:00:00+08:00,1787194800000,9911.329746478024,9911.329746478024,0,0,0
2026-08-20T12:00:00+08:00,1787198400000,9910.420884160041,9911.289746478024,0,1,1
2026-08-20T13:00:00+08:00,1787202000000,9909.820959910394,9911.249746478023,0,2,2
2026-08-20T14:00:00+08:00,1787205600000,9905.330705027087,9911.249746478023,0,2,2
2026-08-20T15:00:00+08:00,1787209200000,9904.717519457647,9907.870615425578,0,1,1
2026-08-20T16:00:00+08:00,1787212800000,9901.533671308624,9907.870615425578,0,1,1
2026-08-20T17:00:00+08:00,1787216400000,9901.018740962547,9901.47008724826,1,0,1
2026-08-20T18:00:00+08:00,1787220000000,9901.510701747533,9901.43008724826,2,0,2
2026-08-20T19:00:00+08:00,1787223600000,9900.892339589704,9901.25297181969,1,0,1
2026-08-20T20:00:00+08:00,1787227200000,9901.087718733903,9900.852339589703,0,1,1
2026-08-20T21:00:00+08:00,1787230800000,9903.327206934991,9900.812339589702,0,2,2
2026-08-20T22:00:00+08:00,1787234400000,9903.097552941086,9900.812339589702,0,2,2
2026-08-20T23:00:00+08:00,1787238000000,9899.698673831257,9900.812339589702,0,2,2
2026-08-21T00:00:00+08:00,1787241600000,9898.756424098652,9900.382219135417,0,1,1
2026-08-21T01:00:00+08:00,1787245200000,9899.399935128065,9900.382219135417,0,1,1
2026-08-21T02:00:00+08:00,1787248800000,9902.277508539773,9900.342219135417,0,2,2
2026-08-21T03:00:00+08:00,1787252400000,9900.168192022393,9900.342219135417,0,2,2
2026-08-21T04:00:00+08:00,1787256000000,9899.527771258614,9899.773620789829,0,1,1
2026-08-21T05:00:00+08:00,1787259600000,9899.733620789828,9899.773620789829,0,1,1
2026-08-21T06:00:00+08:00,1787263200000,9900.328297213337,9899.773620789829,0,1,1
2026-08-21T07:00:00+08:00,1787266800000,9898.324170654825,9899.733620789828,0,2,2
2026-08-21T08:00:00+08:00,1787270400000,9896.970689003449,9899.32766606767,0,1,1
2026-08-21T09:00:00+08:00,1787274000000,9895.204280746568,9899.32766606767,0,1,1
2026-08-21T10:00:00+08:00,1787277600000,9894.653711939229,9899.32766606767,0,1,1
2026-08-21T11:00:00+08:00,1787281200000,9894.23753171058,9894.613711939228,1,0,1
2026-08-21T12:00:00+08:00,1787284800000,9895.794876858323,9894.573711939227,2,0,2
2026-08-21T13:00:00+08:00,1787288400000,9900.101365211658,9894.573711939227,2,0,2
2026-08-21T14:00:00+08:00,1787292000000,9900.82440796887,9898.372764502323,1,0,1
2026-08-21T15:00:00+08:00,1787295600000,9900.82440796887,9900.82440796887,0,0,0
2026-08-21T16:00:00+08:00,1787299200000,9900.82440796887,9900.82440796887,0,0,0
2026-08-21T17:00:00+08:00,1787302800000,9900.82440796887,9900.82440796887,0,0,0
2026-08-21T18:00:00+08:00,1787306400000,9900.82440796887,9900.82440796887,0,0,0
2026-08-21T19:00:00+08:00,1787310000000,9900.82440796887,9900.82440796887,0,0,0
2026-08-21T20:00:00+08:00,1787313600000,9899.503849829334,9900.78440796887,0,1,1
2026-08-21T21:00:00+08:00,1787317200000,9898.584636687725,9900.744407968868,0,2,2
2026-08-21T22:00:00+08:00,1787320800000,9895.006938557712,9900.744407968868,0,2,2
2026-08-21T23:00:00+08:00,1787324400000,9896.151785575103,9897.248567437307,0,1,1
2026-08-22T00:00:00+08:00,1787328000000,9894.973863575258,9897.208567437307,0,2,2
2026-08-22T01:00:00+08:00,1787331600000,9894.095525975386,9897.208567437307,0,2,2
2026-08-22T02:00:00+08:00,1787335200000,9894.62114016413,9895.121052579283,0,1,1
2026-08-22T03:00:00+08:00,1787338800000,9897.209947882026,9895.081052579282,0,2,2
2026-08-22T04:00:00+08:00,1787342400000,9893.272362724476,9895.081052579282,0,2,2
2026-08-22T05:00:00+08:00,1787346000000,9889.164445748787,9893.924122428198,0,1,1
2026-08-22T06:00:00+08:00,1787349600000,9890.278741360498,9889.10259539379,1,0,1
2026-08-22T07:00:00+08:00,1787353200000,9887.667643647901,9889.062595393789,2,0,2
2026-08-22T08:00:00+08:00,1787356800000,9888.070663529328,9889.001259499635,1,0,1
2026-08-22T09:00:00+08:00,1787360400000,9887.582956212254,9889.001259499635,1,0,1
2026-08-22T10:00:00+08:00,1787364000000,9891.760275406315,9889.001259499635,1,0,1
2026-08-22T11:00:00+08:00,1787367600000,9896.72382147979,9894.338036079247,1,0,1
2026-08-22T12:00:00+08:00,1787371200000,9898.297236079246,9898.297236079246,0,0,0
2026-08-22T13:00:00+08:00,1787374800000,9898.297236079246,9898.297236079246,0,0,0
2026-08-22T14:00:00+08:00,1787378400000,9898.297236079246,9898.297236079246,0,0,0
2026-08-22T15:00:00+08:00,1787382000000,9897.85653603682,9898.257236079246,0,1,1
2026-08-22T16:00:00+08:00,1787385600000,9899.34522909151,9898.217236079245,0,2,2
2026-08-22T17:00:00+08:00,1787389200000,9900.108377064063,9898.217236079245,0,2,2
2026-08-22T18:00:00+08:00,1787392800000,9905.307806946112,9902.001452261093,0,1,1
2026-08-22T19:00:00+08:00,1787396400000,9905.962252261093,9905.962252261093,0,0,0
2026-08-22T20:00:00+08:00,1787400000000,9905.962252261093,9905.962252261093,0,0,0
2026-08-22T21:00:00+08:00,1787403600000,9905.962252261093,9905.962252261093,0,0,0
2026-08-22T22:00:00+08:00,1787407200000,9905.962252261093,9905.962252261093,0,0,0
2026-08-22T23:00:00+08:00,1787410800000,9905.962252261093,9905.962252261093,0,0,0
2026-08-23T00:00:00+08:00,1787414400000,9905.962252261093,9905.962252261093,0,0,0
2026-08-23T01:00:00+08:00,1787418000000,9905.962252261093,9905.962252261093,0,0,0
2026-08-23T02:00:00+08:00,1787421600000,9905.962252261093,9905.962252261093,0,0,0
2026-08-23T03:00:00+08:00,1787425200000,9905.962252261093,9905.962252261093,0,0,0
2026-08-23T04:00:00+08:00,1787428800000,9905.962252261093,9905.962252261093,0,0,0
2026-08-23T05:00:00+08:00,1787432400000,9905.962252261093,9905.962252261093,0,0,0
2026-08-23T06:00:00+08:00,1787436000000,9905.962252261093,9905.962252261093,0,0,0
2026-08-23T07:00:00+08:00,1787439600000,9905.962252261093,9905.962252261093,0,0,0
2026-08-23T08:00:00+08:00,1787443200000,9905.962252261093,9905.962252261093,0,0,0
2026-08-23T09:00:00+08:00,1787446800000,9905.135126158342,9905.922252261093,1,0,1
2026-08-23T10:00:00+08:00,1787450400000,9900.501786013903,9905.882252261092,2,0,2
2026-08-23T11:00:00+08:00,1787454000000,9898.044020011048,9902.812240844381,1,0,1
2026-08-23T12:00:00+08:00,1787457600000,9900.41914474963,9897.983190844381,0,1,1
2026-08-23T13:00:00+08:00,1787461200000,9901.43445649931,9897.94319084438,0,2,2
2026-08-23T14:00:00+08:00,1787464800000,9901.6492499632,9897.94319084438,0,2,2
2026-08-23T15:00:00+08:00,1787468400000,9900.704158722076,9897.94319084438,0,2,2
2026-08-23T16:00:00+08:00,1787472000000,9899.126587387482,9900.549900191372,0,1,1
2026-08-23T17:00:00+08:00,1787475600000,9898.845601974192,9900.549900191372,0,1,1
2026-08-23T18:00:00+08:00,1787479200000,9898.19717409737,9900.549900191372,0,1,1
2026-08-23T19:00:00+08:00,1787482800000,9896.078976366412,9900.549900191372,0,1,1
2026-08-23T20:00:00+08:00,1787486400000,9895.914426683536,9896.038976366412,1,0,1
2026-08-23T21:00:00+08:00,1787490000000,9899.259413091708,9895.99897636641,2,0,2
2026-08-23T22:00:00+08:00,1787493600000,9897.779480693116,9895.99897636641,2,0,2
2026-08-23T23:00:00+08:00,1787497200000,9898.435008976778,9896.867885457319,1,0,1
2026-08-24T00:00:00+08:00,1787500800000,9898.607753704127,9896.827885457318,2,0,2
2026-08-24T01:00:00+08:00,1787504400000,9897.999567292412,9898.543033511463,1,0,1
2026-08-24T02:00:00+08:00,1787508000000,9898.398144715828,9898.543033511463,1,0,1
2026-08-24T03:00:00+08:00,1787511600000,9897.915656255904,9898.543033511463,1,0,1
2026-08-24T04:00:00+08:00,1787515200000,9897.915656255904,9898.543033511463,1,0,1
2026-08-24T05:00:00+08:00,1787518800000,9898.52401127059,9898.543033511463,1,0,1
2026-08-24T06:00:00+08:00,1787522400000,9899.027477489642,9898.543033511463,1,0,1
2026-08-24T07:00:00+08:00,1787526000000,9898.31896784648,9898.503033511462,2,0,2
2026-08-24T08:00:00+08:00,1787529600000,9898.591020210612,9898.693788861861,1,0,1
2026-08-24T09:00:00+08:00,1787533200000,9895.034129973088,9898.693788861861,1,0,1
2026-08-24T10:00:00+08:00,1787536800000,9893.419296213497,9894.994129973087,0,1,1
2026-08-24T11:00:00+08:00,1787540400000,9897.28918829679,9894.954129973086,0,2,2
2026-08-24T12:00:00+08:00,1787544000000,9894.868286697352,9894.954129973086,0,2,2
2026-08-24T13:00:00+08:00,1787547600000,9894.783829721226,9894.16803022884,0,1,1
2026-08-24T14:00:00+08:00,1787551200000,9893.51721140672,9894.12803022884,0,2,2
2026-08-24T15:00:00+08:00,1787554800000,9895.381897329515,9894.12803022884,0,2,2
2026-08-24T16:00:00+08:00,1787558400000,9896.14472338884,9894.12803022884,0,2,2
2026-08-24T17:00:00+08:00,1787562000000,9893.051039926022,9894.12803022884,0,2,2
2026-08-24T18:00:00+08:00,1787565600000,9892.902538684588,9893.897636827824,0,1,1
2026-08-24T19:00:00+08:00,1787569200000,9890.52540552809,9893.897636827824,0,1,1
2026-08-24T20:00:00+08:00,1787572800000,9891.321873906298,9890.485405528088,1,0,1
2026-08-24T21:00:00+08:00,1787576400000,9886.015678884569,9890.445405528088,2,0,2
2026-08-24T22:00:00+08:00,1787580000000,9888.280160962491,9888.673337066388,1,0,1
2026-08-24T23:00:00+08:00,1787583600000,9889.593413758517,9888.633337066387,2,0,2
2026-08-25T00:00:00+08:00,1787587200000,9887.971440623885,9888.633337066387,2,0,2
2026-08-25T01:00:00+08:00,1787590800000,9886.556089317546,9888.115510572881,1,0,1
2026-08-25T02:00:00+08:00,1787594400000,9887.659230776899,9888.115510572881,1,0,1
2026-08-25T03:00:00+08:00,1787598000000,9888.949698144444,9888.115510572881,1,0,1
2026-08-25T04:00:00+08:00,1787601600000,9888.869698144443,9888.07551057288,2,0,2
2026-08-25T05:00:00+08:00,1787605200000,9892.815749322732,9888.07551057288,2,0,2
2026-08-25T06:00:00+08:00,1787608800000,9894.325402388393,9892.47957380512,1,0,1
2026-08-25T07:00:00+08:00,1787612400000,9896.43877380512,9896.43877380512,0,0,0
2026-08-25T08:00:00+08:00,1787616000000,9896.43877380512,9896.43877380512,0,0,0
2026-08-25T09:00:00+08:00,1787619600000,9896.43877380512,9896.43877380512,0,0,0
2026-08-25T10:00:00+08:00,1787623200000,9896.43877380512,9896.43877380512,0,0,0
2026-08-25T11:00:00+08:00,1787626800000,9896.43877380512,9896.43877380512,0,0,0
2026-08-25T12:00:00+08:00,1787630400000,9896.43877380512,9896.43877380512,0,0,0
2026-08-25T13:00:00+08:00,1787634000000,9896.43877380512,9896.43877380512,0,0,0
2026-08-25T14:00:00+08:00,1787637600000,9896.43877380512,9896.43877380512,0,0,0
2026-08-25T15:00:00+08:00,1787641200000,9896.43877380512,9896.43877380512,0,0,0
2026-08-25T16:00:00+08:00,1787644800000,9896.039380530994,9896.398773805118,0,1,1
2026-08-25T17:00:00+08:00,1787648400000,9898.332839583181,9896.358773805117,0,2,2
2026-08-25T18:00:00+08:00,1787652000000,9899.01097557053,9896.358773805117,0,2,2
2026-08-25T19:00:00+08:00,1787655600000,9903.119681846823,9896.358773805117,0,2,2
2026-08-25T20:00:00+08:00,1787659200000,9903.740376214244,9900.15343060755,0,1,1
2026-08-25T21:00:00+08:00,1787662800000,9904.11423060755,9904.11423060755,0,0,0
2026-08-25T22:00:00+08:00,1787666400000,9904.11423060755,9904.11423060755,0,0,0
2026-08-25T23:00:00+08:00,1787670000000,9904.11423060755,9904.11423060755,0,0,0
2026-08-26T00:00:00+08:00,1787673600000,9904.11423060755,9904.11423060755,0,0,0
2026-08-26T01:00:00+08:00,1787677200000,9904.11423060755,9904.11423060755,0,0,0
2026-08-26T02:00:00+08:00,1787680800000,9904.11423060755,9904.11423060755,0,0,0
2026-08-26T03:00:00+08:00,1787684400000,9905.151999580425,9904.07423060755,0,1,1
2026-08-26T04:00:00+08:00,1787688000000,9907.692383609683,9904.07423060755,0,1,1
2026-08-26T05:00:00+08:00,1787691600000,9908.72898432389,9909.804066596476,0,1,1
2026-08-26T06:00:00+08:00,1787695200000,9908.72898432389,9908.72898432389,0,0,0
2026-08-26T07:00:00+08:00,1787698800000,9908.72898432389,9908.72898432389,0,0,0
2026-08-26T08:00:00+08:00,1787702400000,9908.72898432389,9908.72898432389,0,0,0
2026-08-26T09:00:00+08:00,1787706000000,9908.72898432389,9908.72898432389,0,0,0
2026-08-26T10:00:00+08:00,1787709600000,9908.72898432389,9908.72898432389,0,0,0
2026-08-26T11:00:00+08:00,1787713200000,9908.72898432389,9908.72898432389,0,0,0
2026-08-26T12:00:00+08:00,1787716800000,9908.72898432389,9908.72898432389,0,0,0
2026-08-26T13:00:00+08:00,1787720400000,9908.72898432389,9908.72898432389,0,0,0
2026-08-26T14:00:00+08:00,1787724000000,9908.72898432389,9908.72898432389,0,0,0
2026-08-26T15:00:00+08:00,1787727600000,9908.72898432389,9908.72898432389,0,0,0
2026-08-26T16:00:00+08:00,1787731200000,9908.380692446503,9908.68898432389,1,0,1
2026-08-26T17:00:00+08:00,1787734800000,9905.678049293103,9908.648984323889,2,0,2
2026-08-26T18:00:00+08:00,1787738400000,9902.872066379692,9905.596748027632,0,1,1
2026-08-26T19:00:00+08:00,1787742000000,9901.909376717438,9902.832066379691,1,0,1
2026-08-26T20:00:00+08:00,1787745600000,9901.74708401578,9902.79206637969,2,0,2
2026-08-26T21:00:00+08:00,1787749200000,9899.895498228485,9902.79206637969,2,0,2
2026-08-26T22:00:00+08:00,1787752800000,9897.606915292792,9900.884048722366,1,0,1
2026-08-26T23:00:00+08:00,1787756400000,9896.583182688018,9897.587533977057,0,1,1
2026-08-27T00:00:00+08:00,1787760000000,9896.440487018139,9897.547533977056,0,2,2
2026-08-27T01:00:00+08:00,1787763600000,9894.29131417992,9896.52221852956,0,1,1
2026-08-27T02:00:00+08:00,1787767200000,9893.922267262546,9894.230448424209,1,0,1
2026-08-27T03:00:00+08:00,1787770800000,9893.656484025889,9894.190448424208,2,0,2
2026-08-27T04:00:00+08:00,1787774400000,9894.234522733736,9894.190448424208,2,0,2
2026-08-27T05:00:00+08:00,1787778000000,9899.643313500022,9894.190448424208,2,0,2
2026-08-27T06:00:00+08:00,1787781600000,9903.870768105844,9898.002248630692,1,0,1
2026-08-27T07:00:00+08:00,1787785200000,9909.63700040207,9904.880689683483,1,0,1
2026-08-27T08:00:00+08:00,1787788800000,9909.63700040207,9909.63700040207,0,0,0
2026-08-27T09:00:00+08:00,1787792400000,9909.63700040207,9909.63700040207,0,0,0
2026-08-27T10:00:00+08:00,1787796000000,9909.63700040207,9909.63700040207,0,0,0
2026-08-27T11:00:00+08:00,1787799600000,9909.63700040207,9909.63700040207,0,0,0
2026-08-27T12:00:00+08:00,1787803200000,9909.63700040207,9909.63700040207,0,0,0
2026-08-27T13:00:00+08:00,1787806800000,9909.63700040207,9909.63700040207,0,0,0
2026-08-27T14:00:00+08:00,1787810400000,9909.63700040207,9909.63700040207,0,0,0
2026-08-27T15:00:00+08:00,1787814000000,9909.63700040207,9909.63700040207,0,0,0
2026-08-27T16:00:00+08:00,1787817600000,9909.63700040207,9909.63700040207,0,0,0
2026-08-27T17:00:00+08:00,1787821200000,9909.63700040207,9909.63700040207,0,0,0
2026-08-27T18:00:00+08:00,1787824800000,9909.63700040207,9909.63700040207,0,0,0
2026-08-27T19:00:00+08:00,1787828400000,9909.63700040207,9909.63700040207,0,0,0
2026-08-27T20:00:00+08:00,1787832000000,9909.63700040207,9909.63700040207,0,0,0
2026-08-27T21:00:00+08:00,1787835600000,9909.63700040207,9909.63700040207,0,0,0
2026-08-27T22:00:00+08:00,1787839200000,9909.63700040207,9909.63700040207,0,0,0
2026-08-27T23:00:00+08:00,1787842800000,9909.63700040207,9909.63700040207,0,0,0
2026-08-28T00:00:00+08:00,1787846400000,9909.63700040207,9909.63700040207,0,0,0
2026-08-28T01:00:00+08:00,1787850000000,9909.63700040207,9909.63700040207,0,0,0
2026-08-28T02:00:00+08:00,1787853600000,9909.63700040207,9909.63700040207,0,0,0
2026-08-28T03:00:00+08:00,1787857200000,9909.63700040207,9909.63700040207,0,0,0
2026-08-28T04:00:00+08:00,1787860800000,9909.63700040207,9909.63700040207,0,0,0
2026-08-28T05:00:00+08:00,1787864400000,9909.63700040207,9909.63700040207,0,0,0
2026-08-28T06:00:00+08:00,1787868000000,9909.63700040207,9909.63700040207,0,0,0
2026-08-28T07:00:00+08:00,1787871600000,9909.630328847818,9909.59700040207,0,1,1
2026-08-28T08:00:00+08:00,1787875200000,9909.715343057613,9909.557000402068,0,2,2
2026-08-28T09:00:00+08:00,1787878800000,9914.372339616924,9909.557000402068,0,2,2
2026-08-28T10:00:00+08:00,1787882400000,9918.309086346897,9913.54475231078,0,1,1
2026-08-28T11:00:00+08:00,1787886000000,9918.290749194088,9918.290749194088,0,0,0
2026-08-28T12:00:00+08:00,1787889600000,9918.290749194088,9918.290749194088,0,0,0
2026-08-28T13:00:00+08:00,1787893200000,9918.290749194088,9918.290749194088,0,0,0
2026-08-28T14:00:00+08:00,1787896800000,9918.290749194088,9918.290749194088,0,0,0
2026-08-28T15:00:00+08:00,1787900400000,9918.290749194088,9918.290749194088,0,0,0
2026-08-28T16:00:00+08:00,1787904000000,9918.290749194088,9918.290749194088,0,0,0
2026-08-28T17:00:00+08:00,1787907600000,9918.290749194088,9918.290749194088,0,0,0
2026-08-28T18:00:00+08:00,1787911200000,9918.290749194088,9918.290749194088,0,0,0
2026-08-28T19:00:00+08:00,1787914800000,9918.290749194088,9918.290749194088,0,0,0
2026-08-28T20:00:00+08:00,1787918400000,9918.290749194088,9918.290749194088,0,0,0
2026-08-28T21:00:00+08:00,1787922000000,9917.676342171857,9918.250749194087,0,1,1
2026-08-28T22:00:00+08:00,1787925600000,9917.676342171857,9917.676342171857,0,0,0
2026-08-28T23:00:00+08:00,1787929200000,9917.676342171857,9917.676342171857,0,0,0
2026-08-29T00:00:00+08:00,1787932800000,9917.676342171857,9917.676342171857,0,0,0
2026-08-29T01:00:00+08:00,1787936400000,9917.676342171857,9917.676342171857,0,0,0
2026-08-29T02:00:00+08:00,1787940000000,9917.676342171857,9917.676342171857,0,0,0
2026-08-29T03:00:00+08:00,1787943600000,9917.676342171857,9917.676342171857,0,0,0
2026-08-29T04:00:00+08:00,1787947200000,9917.676342171857,9917.676342171857,0,0,0
2026-08-29T05:00:00+08:00,1787950800000,9917.676342171857,9917.676342171857,0,0,0
2026-08-29T06:00:00+08:00,1787954400000,9917.676342171857,9917.676342171857,0,0,0
2026-08-29T07:00:00+08:00,1787958000000,9917.676342171857,9917.676342171857,0,0,0
2026-08-29T08:00:00+08:00,1787961600000,9917.676342171857,9917.676342171857,0,0,0
2026-08-29T09:00:00+08:00,1787965200000,9917.676342171857,9917.676342171857,0,0,0
2026-08-29T10:00:00+08:00,1787968800000,9917.173796787167,9917.636342171856,1,0,1
2026-08-29T11:00:00+08:00,1787972400000,9916.86307345213,9917.596342171855,2,0,2
2026-08-29T12:00:00+08:00,1787976000000,9916.824619562958,9917.596342171855,2,0,2
2026-08-29T13:00:00+08:00,1787979600000,9917.401427900548,9917.596342171855,2,0,2
2026-08-29T14:00:00+08:00,1787983200000,9915.671002887775,9917.596342171855,2,0,2
2026-08-29T15:00:00+08:00,1787986800000,9915.940424146282,9916.442358884948,1,0,1
2026-08-29T16:00:00+08:00,1787990400000,9914.95477701253,9916.402358884947,2,0,2
2026-08-29T17:00:00+08:00,1787994000000,9914.646179934338,9915.438489407616,1,0,1
2026-08-29T18:00:00+08:00,1787997600000,9914.87765977227,9915.438489407616,1,0,1
2026-08-29T19:00:00+08:00,1788001200000,9914.952181165194,9915.398489407615,2,0,2
2026-08-29T20:00:00+08:00,1788004800000,9915.415745343971,9915.398489407615,2,0,2
2026-08-29T21:00:00+08:00,1788008400000,9916.149721960368,9915.398489407615,2,0,2
2026-08-29T22:00:00+08:00,1788012000000,9922.291947329164,9915.398489407615,2,0,2
2026-08-29T23:00:00+08:00,1788015600000,9920.8626244446,9915.398489407615,2,0,2
2026-08-30T00:00:00+08:00,1788019200000,9920.167278176436,9915.398489407615,2,0,2
2026-08-30T01:00:00+08:00,1788022800000,9920.225248886405,9917.538257881472,1,0,1
2026-08-30T02:00:00+08:00,1788026400000,9920.708757929831,9917.538257881472,1,0,1
2026-08-30T03:00:00+08:00,1788030000000,9921.49745788147,9921.49745788147,0,0,0
2026-08-30T04:00:00+08:00,1788033600000,9921.49745788147,9921.49745788147,0,0,0
2026-08-30T05:00:00+08:00,1788037200000,9921.49745788147,9921.49745788147,0,0,0
2026-08-30T06:00:00+08:00,1788040800000,9921.49745788147,9921.49745788147,0,0,0
2026-08-30T07:00:00+08:00,1788044400000,9921.49745788147,9921.49745788147,0,0,0
2026-08-30T08:00:00+08:00,1788048000000,9921.49745788147,9921.49745788147,0,0,0
2026-08-30T09:00:00+08:00,1788051600000,9921.49745788147,9921.49745788147,0,0,0
2026-08-30T10:00:00+08:00,1788055200000,9921.49745788147,9921.49745788147,0,0,0
2026-08-30T11:00:00+08:00,1788058800000,9921.49745788147,9921.49745788147,0,0,0
2026-08-30T12:00:00+08:00,1788062400000,9921.34125942418,9921.45745788147,0,1,1
2026-08-30T13:00:00+08:00,1788066000000,9921.337443374385,9921.417457881469,0,2,2
2026-08-30T14:00:00+08:00,1788069600000,9920.156592146192,9921.417457881469,0,2,2
2026-08-30T15:00:00+08:00,1788073200000,9921.242006710685,9920.74882060883,0,1,1
2026-08-30T16:00:00+08:00,1788076800000,9921.467091612009,9920.708820608828,0,2,2
2026-08-30T17:00:00+08:00,1788080400000,9922.039125801995,9920.708820608828,0,2,2
2026-08-30T18:00:00+08:00,1788084000000,9920.170480781377,9920.708820608828,0,2,2
2026-08-30T19:00:00+08:00,1788087600000,9920.113251916828,9920.68786296961,0,1,1
2026-08-30T20:00:00+08:00,1788091200000,9918.223019980203,9920.68786296961,0,1,1
2026-08-30T21:00:00+08:00,1788094800000,9920.028723488313,9918.183019980203,1,0,1
2026-08-30T22:00:00+08:00,1788098400000,9918.59735901463,9918.143019980202,2,0,2
2026-08-30T23:00:00+08:00,1788102000000,9916.908153422526,9918.143019980202,2,0,2
2026-08-31T00:00:00+08:00,1788105600000,9918.04768630743,9918.461303646742,1,0,1
2026-08-31T01:00:00+08:00,1788109200000,9916.060454417153,9918.42130364674,2,0,2
2026-08-31T02:00:00+08:00,1788112800000,9916.603213683346,9917.054962092181,1,0,1
2026-08-31T03:00:00+08:00,1788116400000,9914.974935884768,9917.054962092181,1,0,1
2026-08-31T04:00:00+08:00,1788120000000,9916.900064962781,9914.934935884767,0,1,1
2026-08-31T05:00:00+08:00,1788123600000,9917.998813744764,9914.894935884766,0,2,2
2026-08-31T06:00:00+08:00,1788127200000,9920.394335462988,9914.894935884766,0,2,2
2026-08-31T07:00:00+08:00,1788130800000,9925.535550776516,9919.843198116281,0,1,1
2026-08-31T08:00:00+08:00,1788134400000,9925.535550776516,9925.535550776516,0,0,0
2026-08-31T09:00:00+08:00,1788138000000,9925.535550776516,9925.535550776516,0,0,0
2026-08-31T10:00:00+08:00,1788141600000,9925.535550776516,9925.535550776516,0,0,0
2026-08-31T11:00:00+08:00,1788145200000,9925.535550776516,9925.535550776516,0,0,0
2026-08-31T12:00:00+08:00,1788148800000,9925.535550776516,9925.535550776516,0,0,0
2026-08-31T13:00:00+08:00,1788152400000,9925.535550776516,9925.535550776516,0,0,0
2026-08-31T14:00:00+08:00,1788156000000,9925.535550776516,9925.535550776516,0,0,0
2026-08-31T15:00:00+08:00,1788159600000,9925.535550776516,9925.535550776516,0,0,0
2026-08-31T16:00:00+08:00,1788163200000,9925.941362243959,9925.495550776515,1,0,1
2026-08-31T17:00:00+08:00,1788166800000,9925.317912766446,9925.455550776514,2,0,2
2026-08-31T18:00:00+08:00,1788170400000,9927.569346316142,9925.455550776514,2,0,2
2026-08-31T19:00:00+08:00,1788174000000,9926.56008300076,9925.455550776514,2,0,2
2026-08-31T20:00:00+08:00,1788177600000,9924.114560351954,9925.455550776514,2,0,2
2026-08-31T21:00:00+08:00,1788181200000,9923.377963726793,9925.046334061257,1,0,1
2026-08-31T22:00:00+08:00,1788184800000,9925.626665617243,9925.046334061257,1,0,1
2026-08-31T23:00:00+08:00,1788188400000,9922.972554550706,9925.006334061256,2,0,2
2026-09-01T00:00:00+08:00,1788192000000,9922.895198567237,9924.287846421896,1,0,1
2026-09-01T01:00:00+08:00,1788195600000,9924.402434748143,9924.287846421896,1,0,1
2026-09-01T02:00:00+08:00,1788199200000,9927.606167850472,9924.247846421895,2,0,2
2026-09-01T03:00:00+08:00,1788202800000,9924.283802593996,9924.247846421895,2,0,2
2026-09-01T04:00:00+08:00,1788206400000,9924.554138108513,9924.362434748142,1,0,1
2026-09-01T05:00:00+08:00,1788210000000,9924.126784199345,9924.322434748141,2,0,2
2026-09-01T06:00:00+08:00,1788213600000,9922.390014653509,9924.322434748141,2,0,2
2026-09-01T07:00:00+08:00,1788217200000,9921.849686350362,9924.322434748141,2,0,2
2026-09-01T08:00:00+08:00,1788220800000,9922.390014653509,9924.322434748141,2,0,2
2026-09-01T09:00:00+08:00,1788224400000,9922.621583926288,9924.322434748141,2,0,2
2026-09-01T10:00:00+08:00,1788228000000,9923.12331735064,9924.322434748141,2,0,2
2026-09-01T11:00:00+08:00,1788231600000,9924.126784199345,9924.322434748141,2,0,2
2026-09-01T12:00:00+08:00,1788235200000,9924.049594441753,9924.322434748141,2,0,2
2026-09-01T13:00:00+08:00,1788238800000,9926.7126410787,9924.322434748141,2,0,2
2026-09-01T14:00:00+08:00,1788242400000,9923.12331735064,9924.322434748141,2,0,2
2026-09-01T15:00:00+08:00,1788246000000,9922.66044698027,9923.838336640763,1,0,1
2026-09-01T16:00:00+08:00,1788249600000,9924.71460812446,9922.6397332457,0,1,1
2026-09-01T17:00:00+08:00,1788253200000,9925.063744128413,9922.5997332457,0,2,2
2026-09-01T18:00:00+08:00,1788256800000,9923.464237204582,9922.5997332457,0,2,2
2026-09-01T19:00:00+08:00,1788260400000,9923.660128305957,9924.111934991577,0,1,1
2026-09-01T20:00:00+08:00,1788264000000,9924.366082624163,9924.111934991577,0,1,1
2026-09-01T21:00:00+08:00,1788267600000,9924.18794099578,9924.071934991576,0,2,2
2026-09-01T22:00:00+08:00,1788271200000,9924.011205969513,9924.267253097643,0,1,1
2026-09-01T23:00:00+08:00,1788274800000,9923.97192467349,9924.267253097643,0,1,1
2026-09-02T00:00:00+08:00,1788278400000,9926.17167725081,9924.267253097643,0,1,1
2026-09-02T01:00:00+08:00,1788282000000,9927.41402745376,9924.227253097642,0,2,2
2026-09-02T02:00:00+08:00,1788285600000,9931.693794596822,9929.155192712837,0,1,1
2026-09-02T03:00:00+08:00,1788289200000,9930.761530838767,9929.155192712837,0,1,1
2026-09-02T04:00:00+08:00,1788292800000,9930.761530838767,9930.761530838767,0,0,0
2026-09-02T05:00:00+08:00,1788296400000,9930.761530838767,9930.761530838767,0,0,0
2026-09-02T06:00:00+08:00,1788300000000,9930.761530838767,9930.761530838767,0,0,0
2026-09-02T07:00:00+08:00,1788303600000,9930.761530838767,9930.761530838767,0,0,0
2026-09-02T08:00:00+08:00,1788307200000,9930.761530838767,9930.761530838767,0,0,0
2026-09-02T09:00:00+08:00,1788310800000,9930.761530838767,9930.761530838767,0,0,0
2026-09-02T10:00:00+08:00,1788314400000,9930.761530838767,9930.761530838767,0,0,0
2026-09-02T11:00:00+08:00,1788318000000,9931.382231679776,9930.721530838766,1,0,1
2026-09-02T12:00:00+08:00,1788321600000,9930.522888733203,9930.681530838765,2,0,2
2026-09-02T13:00:00+08:00,1788325200000,9931.202347258211,9930.681530838765,2,0,2
2026-09-02T14:00:00+08:00,1788328800000,9930.402984287613,9930.681530838765,2,0,2
2026-09-02T15:00:00+08:00,1788332400000,9929.964197448115,9930.921811175169,1,0,1
2026-09-02T16:00:00+08:00,1788336000000,9928.308503114515,9930.921811175169,1,0,1
2026-09-02T17:00:00+08:00,1788339600000,9927.57042250797,9930.921811175169,1,0,1
2026-09-02T18:00:00+08:00,1788343200000,9928.261948462801,9927.510474383467,0,1,1
2026-09-02T19:00:00+08:00,1788346800000,9928.71064583874,9927.470474383466,0,2,2
2026-09-02T20:00:00+08:00,1788350400000,9930.418745053312,9927.470474383466,0,2,2
2026-09-02T21:00:00+08:00,1788354000000,9924.237052657718,9927.470474383466,0,2,2
2026-09-02T22:00:00+08:00,1788357600000,9924.807547666886,9926.253410368046,0,1,1
2026-09-02T23:00:00+08:00,1788361200000,9925.51630462046,9924.767547666885,1,0,1
2026-09-03T00:00:00+08:00,1788364800000,9923.31675477481,9924.727547666884,2,0,2
2026-09-03T01:00:00+08:00,1788368400000,9924.384628682357,9924.424628682358,1,0,1
2026-09-03T02:00:00+08:00,1788372000000,9925.130619322006,9924.384628682357,2,0,2
2026-09-03T03:00:00+08:00,1788375600000,9924.808281907457,9924.384628682357,2,0,2
2026-09-03T04:00:00+08:00,1788379200000,9925.896170681564,9924.384628682357,2,0,2
2026-09-03T05:00:00+08:00,1788382800000,9925.69470979747,9924.384628682357,2,0,2
2026-09-03T06:00:00+08:00,1788386400000,9925.45296891494,9925.049777296967,1,0,1
2026-09-03T07:00:00+08:00,1788390000000,9927.245880460376,9925.049777296967,1,0,1
2026-09-03T08:00:00+08:00,1788393600000,9923.500010905726,9925.009777296966,2,0,2
2026-09-03T09:00:00+08:00,1788397200000,9924.774685517377,9925.352533694306,1,0,1
2026-09-03T10:00:00+08:00,1788400800000,9928.544708916572,9925.312533694305,2,0,2
2026-09-03T11:00:00+08:00,1788404400000,9926.15092930706,9925.312533694305,2,0,2
2026-09-03T12:00:00+08:00,1788408000000,9927.069826409957,9925.451816419947,1,0,1
2026-09-03T13:00:00+08:00,1788411600000,9926.492586878338,9925.411816419946,2,0,2
2026-09-03T14:00:00+08:00,1788415200000,9926.552016242316,9926.790114122245,1,0,1
2026-09-03T15:00:00+08:00,1788418800000,9925.581336630665,9926.790114122245,1,0,1
2026-09-03T16:00:00+08:00,1788422400000,9926.036961754502,9926.790114122245,1,0,1
2026-09-03T17:00:00+08:00,1788426000000,9925.12571150683,9926.790114122245,1,0,1
2026-09-03T18:00:00+08:00,1788429600000,9924.486270835634,9925.085711506828,0,1,1
2026-09-03T19:00:00+08:00,1788433200000,9923.02952995885,9925.045711506828,0,2,2
2026-09-03T20:00:00+08:00,1788436800000,9921.315922972164,9923.786930044582,0,1,1
2026-09-03T21:00:00+08:00,1788440400000,9920.86201882887,9921.275922972163,1,0,1
2026-09-03T22:00:00+08:00,1788444000000,9931.540001904446,9924.99419774312,1,0,1
2026-09-03T23:00:00+08:00,1788447600000,9931.540001904446,9931.540001904446,0,0,0
2026-09-04T00:00:00+08:00,1788451200000,9931.540001904446,9931.540001904446,0,0,0
2026-09-04T01:00:00+08:00,1788454800000,9931.540001904446,9931.540001904446,0,0,0
2026-09-04T02:00:00+08:00,1788458400000,9931.540001904446,9931.540001904446,0,0,0
2026-09-04T03:00:00+08:00,1788462000000,9931.540001904446,9931.540001904446,0,0,0
2026-09-04T04:00:00+08:00,1788465600000,9931.540001904446,9931.540001904446,0,0,0
2026-09-04T05:00:00+08:00,1788469200000,9931.540001904446,9931.540001904446,0,0,0
2026-09-04T06:00:00+08:00,1788472800000,9931.540001904446,9931.540001904446,0,0,0
2026-09-04T07:00:00+08:00,1788476400000,9931.901973086002,9931.500001904446,0,1,1
2026-09-04T08:00:00+08:00,1788480000000,9933.51486547726,9931.460001904445,0,2,2
2026-09-04T09:00:00+08:00,1788483600000,9932.28367101089,9931.460001904445,0,2,2
2026-09-04T10:00:00+08:00,1788487200000,9932.322145837965,9931.460001904445,0,2,2
2026-09-04T11:00:00+08:00,1788490800000,9932.745368935779,9931.460001904445,0,2,2
2026-09-04T12:00:00+08:00,1788494400000,9931.975872394296,9931.460001904445,0,2,2
2026-09-04T13:00:00+08:00,1788498000000,9932.341787480462,9931.938837639314,0,1,1
2026-09-04T14:00:00+08:00,1788501600000,9932.47659830168,9931.938837639314,0,1,1
2026-09-04T15:00:00+08:00,1788505200000,9932.515115679173,9931.938837639314,0,1,1
2026-09-04T16:00:00+08:00,1788508800000,9931.051455334511,9931.938837639314,0,1,1
2026-09-04T17:00:00+08:00,1788512400000,9931.667733374368,9931.938837639314,0,1,1
2026-09-04T18:00:00+08:00,1788516000000,9931.475146486913,9931.938837639314,0,1,1
2026-09-04T19:00:00+08:00,1788519600000,9931.609957308132,9931.938837639314,0,1,1
2026-09-04T20:00:00+08:00,1788523200000,9935.899637639315,9935.899637639315,0,0,0
2026-09-04T21:00:00+08:00,1788526800000,9935.899637639315,9935.899637639315,0,0,0
2026-09-04T22:00:00+08:00,1788530400000,9937.513056282882,9935.859637639314,0,1,1
2026-09-04T23:00:00+08:00,1788534000000,9936.252837757436,9935.859637639314,0,1,1
2026-09-05T00:00:00+08:00,1788537600000,9936.252837757436,9936.252837757436,0,0,0
2026-09-05T01:00:00+08:00,1788541200000,9936.252837757436,9936.252837757436,0,0,0
2026-09-05T02:00:00+08:00,1788544800000,9936.252837757436,9936.252837757436,0,0,0
2026-09-05T03:00:00+08:00,1788548400000,9936.252837757436,9936.252837757436,0,0,0
2026-09-05T04:00:00+08:00,1788552000000,9936.252837757436,9936.252837757436,0,0,0
2026-09-05T05:00:00+08:00,1788555600000,9936.252837757436,9936.252837757436,0,0,0
2026-09-05T06:00:00+08:00,1788559200000,9936.252837757436,9936.252837757436,0,0,0
2026-09-05T07:00:00+08:00,1788562800000,9936.252837757436,9936.252837757436,0,0,0
2026-09-05T08:00:00+08:00,1788566400000,9935.996159964387,9936.212837757435,1,0,1
2026-09-05T09:00:00+08:00,1788570000000,9936.033997241248,9936.172837757435,2,0,2
2026-09-05T10:00:00+08:00,1788573600000,9936.387509071832,9936.172837757435,2,0,2
2026-09-05T11:00:00+08:00,1788577200000,9936.073276333535,9936.172837757435,2,0,2
2026-09-05T12:00:00+08:00,1788580800000,9935.876776709107,9936.054314293857,1,0,1
2026-09-05T13:00:00+08:00,1788584400000,9936.112555425821,9936.054314293857,1,0,1
2026-09-05T14:00:00+08:00,1788588000000,9937.604027596835,9936.014314293856,2,0,2
2026-09-05T15:00:00+08:00,1788591600000,9937.329019966908,9936.014314293856,2,0,2
2026-09-05T16:00:00+08:00,1788595200000,9938.782631725098,9936.014314293856,2,0,2
2026-09-05T17:00:00+08:00,1788598800000,9938.625484507995,9936.014314293856,2,0,2
2026-09-05T18:00:00+08:00,1788602400000,9938.546910899444,9936.014314293856,2,0,2
2026-09-05T19:00:00+08:00,1788606000000,9938.213055075441,9937.330041914962,1,0,1
2026-09-05T20:00:00+08:00,1788609600000,9939.941249929105,9937.330041914962,1,0,1
2026-09-05T21:00:00+08:00,1788613200000,9937.637099608583,9937.290041914961,2,0,2
2026-09-05T22:00:00+08:00,1788616800000,9938.024731672167,9938.781850989799,1,0,1
2026-09-05T23:00:00+08:00,1788620400000,9938.1797844976,9938.781850989799,1,0,1
2026-09-06T00:00:00+08:00,1788624000000,9939.129483053383,9938.781850989799,1,0,1
2026-09-06T01:00:00+08:00,1788627600000,9942.283218036762,9938.741850989798,2,0,2
2026-09-06T02:00:00+08:00,1788631200000,9940.966480370773,9938.741850989798,2,0,2
2026-09-06T03:00:00+08:00,1788634800000,9939.97983563393,9940.039181609163,1,0,1
2026-09-06T04:00:00+08:00,1788638400000,9939.670300030215,9940.039181609163,1,0,1
2026-09-06T05:00:00+08:00,1788642000000,9940.618252816594,9940.039181609163,1,0,1
2026-09-06T06:00:00+08:00,1788645600000,9939.88310575777,9940.039181609163,1,0,1
2026-09-06T07:00:00+08:00,1788649200000,9939.515532228359,9940.039181609163,1,0,1
2026-09-06T08:00:00+08:00,1788652800000,9939.14452262696,9939.475532228358,0,1,1
2026-09-06T09:00:00+08:00,1788656400000,9936.195313377444,9939.435532228357,0,2,2
2026-09-06T10:00:00+08:00,1788660000000,9936.730574915904,9936.155313377443,1,0,1
2026-09-06T11:00:00+08:00,1788663600000,9943.424167126406,9940.397589919467,1,0,1
2026-09-06T12:00:00+08:00,1788667200000,9942.983346652909,9940.397589919467,1,0,1
2026-09-06T13:00:00+08:00,1788670800000,9944.356789919466,9944.356789919466,0,0,0
2026-09-06T14:00:00+08:00,1788674400000,9944.356789919466,9944.356789919466,0,0,0
2026-09-06T15:00:00+08:00,1788678000000,9944.356789919466,9944.356789919466,0,0,0
2026-09-06T16:00:00+08:00,1788681600000,9944.356789919466,9944.356789919466,0,0,0
2026-09-06T17:00:00+08:00,1788685200000,9944.356789919466,9944.356789919466,0,0,0
2026-09-06T18:00:00+08:00,1788688800000,9944.356789919466,9944.356789919466,0,0,0
2026-09-06T19:00:00+08:00,1788692400000,9944.356789919466,9944.356789919466,0,0,0
2026-09-06T20:00:00+08:00,1788696000000,9944.356789919466,9944.356789919466,0,0,0
2026-09-06T21:00:00+08:00,1788699600000,9944.356789919466,9944.356789919466,0,0,0
2026-09-06T22:00:00+08:00,1788703200000,9944.356789919466,9944.356789919466,0,0,0
2026-09-06T23:00:00+08:00,1788706800000,9944.257859286361,9944.316789919465,0,1,1
2026-09-07T00:00:00+08:00,1788710400000,9942.890637140115,9944.276789919464,0,2,2
2026-09-07T01:00:00+08:00,1788714000000,9942.47418291633,9944.276789919464,0,2,2
2026-09-07T02:00:00+08:00,1788717600000,9942.833829118958,9943.34705016362,0,1,1
2026-09-07T03:00:00+08:00,1788721200000,9944.60666663724,9943.30705016362,0,2,2
2026-09-07T04:00:00+08:00,1788724800000,9943.736967393965,9943.30705016362,0,2,2
2026-09-07T05:00:00+08:00,1788728400000,9943.340355176362,9943.267050163618,0,1,1
2026-09-07T06:00:00+08:00,1788732000000,9943.472544357897,9943.267050163618,0,1,1
2026-09-07T07:00:00+08:00,1788735600000,9942.169536711339,9943.267050163618,0,1,1
2026-09-07T08:00:00+08:00,1788739200000,9942.924903462967,9943.267050163618,0,1,1
2026-09-07T09:00:00+08:00,1788742800000,9944.511173641387,9943.267050163618,0,1,1
2026-09-07T10:00:00+08:00,1788746400000,9942.555450282842,9943.227050163618,0,2,2
2026-09-07T11:00:00+08:00,1788750000000,9944.190136713856,9943.545849370641,0,1,1
2026-09-07T12:00:00+08:00,1788753600000,9943.615081005948,9943.50584937064,0,2,2
2026-09-07T13:00:00+08:00,1788757200000,9943.462756172745,9943.50584937064,0,2,2
2026-09-07T14:00:00+08:00,1788760800000,9943.48189464408,9943.807993042248,0,1,1
2026-09-07T15:00:00+08:00,1788764400000,9944.68350791639,9943.807993042248,0,1,1
2026-09-07T16:00:00+08:00,1788768000000,9943.685888410353,9943.767993042247,0,2,2
2026-09-07T17:00:00+08:00,1788771600000,9943.724297942428,9944.166677252773,0,1,1
2026-09-07T18:00:00+08:00,1788775200000,9943.05366575852,9944.166677252773,0,1,1
2026-09-07T19:00:00+08:00,1788778800000,9943.206953114843,9944.166677252773,0,1,1
2026-09-07T20:00:00+08:00,1788782400000,9941.674079551623,9944.166677252773,0,1,1
2026-09-07T21:00:00+08:00,1788786000000,9940.288393889912,9941.614918632084,1,0,1
2026-09-07T22:00:00+08:00,1788789600000,9940.307313371415,9940.307313371415,0,0,0
2026-09-07T23:00:00+08:00,1788793200000,9942.866969137334,9940.267313371414,0,1,1
2026-09-08T00:00:00+08:00,1788796800000,9940.495763989531,9940.227313371413,0,2,2
2026-09-08T01:00:00+08:00,1788800400000,9939.956627025047,9940.227313371413,0,2,2
2026-09-08T02:00:00+08:00,1788804000000,9940.111935670318,9941.392373612378,0,1,1
2026-09-08T03:00:00+08:00,1788807600000,9939.259134585152,9941.392373612378,0,1,1
2026-09-08T04:00:00+08:00,1788811200000,9939.74368065627,9941.392373612378,0,1,1
2026-09-08T05:00:00+08:00,1788814800000,9940.111935670318,9941.392373612378,0,1,1
2026-09-08T06:00:00+08:00,1788818400000,9940.809682012727,9941.392373612378,0,1,1
2026-09-08T07:00:00+08:00,1788822000000,9939.781235990871,9941.352373612377,0,2,2
2026-09-08T08:00:00+08:00,1788825600000,9939.14325345224,9940.285135941609,0,1,1
2026-09-08T09:00:00+08:00,1788829200000,9939.582130914996,9939.103253452238,1,0,1
2026-09-08T10:00:00+08:00,1788832800000,9935.318097398562,9939.063253452237,2,0,2
2026-09-08T11:00:00+08:00,1788836400000,9935.083431979232,9935.239711769971,0,1,1
2026-09-08T12:00:00+08:00,1788840000000,9936.340330545505,9935.19971176997,0,2,2
2026-09-08T13:00:00+08:00,1788843600000,9936.456582186782,9935.19971176997,0,2,2
2026-09-08T14:00:00+08:00,1788847200000,9937.541597505377,9935.19971176997,0,2,2
2026-09-08T15:00:00+08:00,1788850800000,9936.495332733875,9935.19971176997,0,2,2
2026-09-08T16:00:00+08:00,1788854400000,9936.301626914179,9935.799250619031,0,1,1
2026-09-08T17:00:00+08:00,1788858000000,9935.081280250095,9935.799250619031,0,1,1
2026-09-08T18:00:00+08:00,1788861600000,9934.422357262254,9935.041280250094,1,0,1
2026-09-08T19:00:00+08:00,1788865200000,9932.390554424524,9935.001280250093,2,0,2
2026-09-08T20:00:00+08:00,1788868800000,9932.796937856248,9933.417485615853,1,0,1
2026-09-08T21:00:00+08:00,1788872400000,9931.205316130792,9933.377485615852,2,0,2
2026-09-08T22:00:00+08:00,1788876000000,9932.408664723216,9931.982874176774,1,0,1
2026-09-08T23:00:00+08:00,1788879600000,9936.1282006459,9931.942874176773,2,0,2
2026-09-09T00:00:00+08:00,1788883200000,9935.662951349244,9931.942874176773,2,0,2
2026-09-09T01:00:00+08:00,1788886800000,9933.72441261318,9931.942874176773,2,0,2
2026-09-09T02:00:00+08:00,1788890400000,9933.08539394459,9933.047942603445,1,0,1
2026-09-09T03:00:00+08:00,1788894000000,9932.794951415297,9933.047942603445,1,0,1
2026-09-09T04:00:00+08:00,1788897600000,9932.523871721292,9933.047942603445,1,0,1
2026-09-09T05:00:00+08:00,1788901200000,9932.388331874288,9933.047942603445,1,0,1
2026-09-09T06:00:00+08:00,1788904800000,9931.589396341275,9932.367694709574,0,1,1
2026-09-09T07:00:00+08:00,1788908400000,9931.431923895481,9931.529967436845,1,0,1
2026-09-09T08:00:00+08:00,1788912000000,9932.899976378867,9931.489967436844,2,0,2
2026-09-09T09:00:00+08:00,1788915600000,9932.899976378867,9931.489967436844,2,0,2
2026-09-09T10:00:00+08:00,1788919200000,9931.700235704242,9931.489967436844,2,0,2
2026-09-09T11:00:00+08:00,1788922800000,9931.351873334905,9931.566054519573,1,0,1
2026-09-09T12:00:00+08:00,1788926400000,9933.538814875748,9931.566054519573,1,0,1
2026-09-09T13:00:00+08:00,1788930000000,9932.14933673737,9931.526054519572,2,0,2
2026-09-09T14:00:00+08:00,1788933600000,9933.843955504683,9931.526054519572,2,0,2
2026-09-09T15:00:00+08:00,1788937200000,9934.075039882044,9931.526054519572,2,0,2
2026-09-09T16:00:00+08:00,1788940800000,9934.999377391485,9931.526054519572,2,0,2
2026-09-09T17:00:00+08:00,1788944400000,9929.915521089548,9931.526054519572,2,0,2
2026-09-09T18:00:00+08:00,1788948000000,9930.471178429525,9931.71829609913,1,0,1
2026-09-09T19:00:00+08:00,1788951600000,9929.523367767228,9930.431178429524,0,1,1
2026-09-09T20:00:00+08:00,1788955200000,9930.326452007026,9929.502652448611,1,0,1
2026-09-09T21:00:00+08:00,1788958800000,9926.856351312275,9929.46265244861,2,0,2
2026-09-09T22:00:00+08:00,1788962400000,9927.393401630377,9926.816351312274,0,1,1
2026-09-09T23:00:00+08:00,1788966000000,9928.935664624636,9926.776351312274,0,2,2
2026-09-10T00:00:00+08:00,1788969600000,9927.661029414861,9926.776351312274,0,2,2
2026-09-10T01:00:00+08:00,1788973200000,9927.409517420052,9927.546229854785,0,1,1
2026-09-10T02:00:00+08:00,1788976800000,9927.893079593714,9927.546229854785,0,1,1
2026-09-10T03:00:00+08:00,1788980400000,9929.711273366678,9927.546229854785,0,1,1
2026-09-10T04:00:00+08:00,1788984000000,9928.775460984712,9927.506229854784,0,2,2
2026-09-10T05:00:00+08:00,1788987600000,9930.525986311457,9927.506229854784,0,2,2
2026-09-10T06:00:00+08:00,1788991200000,9935.505874811484,9932.55348920335,0,1,1
2026-09-10T07:00:00+08:00,1788994800000,9934.039019121223,9932.55348920335,0,1,1
2026-09-10T08:00:00+08:00,1788998400000,9934.019461045353,9934.019461045353,0,0,0
2026-09-10T09:00:00+08:00,1789002000000,9934.019461045353,9934.019461045353,0,0,0
2026-09-10T10:00:00+08:00,1789005600000,9934.019461045353,9934.019461045353,0,0,0
2026-09-10T11:00:00+08:00,1789009200000,9934.019461045353,9934.019461045353,0,0,0
2026-09-10T12:00:00+08:00,1789012800000,9934.019461045353,9934.019461045353,0,0,0
2026-09-10T13:00:00+08:00,1789016400000,9934.174869659106,9933.979461045352,1,0,1
2026-09-10T14:00:00+08:00,1789020000000,9933.389059041267,9933.939461045351,2,0,2
2026-09-10T15:00:00+08:00,1789023600000,9930.997145280813,9933.939461045351,2,0,2
2026-09-10T16:00:00+08:00,1789027200000,9930.70323053314,9932.585096285222,1,0,1
2026-09-10T17:00:00+08:00,1789030800000,9930.644447583605,9932.585096285222,1,0,1
2026-09-10T18:00:00+08:00,1789034400000,9930.683398829575,9930.584853267093,0,1,1
2026-09-10T19:00:00+08:00,1789038000000,9930.880585976214,9930.544853267093,0,2,2
2026-09-10T20:00:00+08:00,1789041600000,9938.752229456404,9934.573564109869,0,1,1
2026-09-10T21:00:00+08:00,1789045200000,9938.752229456404,9938.752229456404,0,0,0
2026-09-10T22:00:00+08:00,1789048800000,9938.752229456404,9938.752229456404,0,0,0
2026-09-10T23:00:00+08:00,1789052400000,9938.752229456404,9938.752229456404,0,0,0
2026-09-11T00:00:00+08:00,1789056000000,9938.752229456404,9938.752229456404,0,0,0
2026-09-11T01:00:00+08:00,1789059600000,9938.752229456404,9938.752229456404,0,0,0
2026-09-11T02:00:00+08:00,1789063200000,9938.752229456404,9938.752229456404,0,0,0
2026-09-11T03:00:00+08:00,1789066800000,9938.171728855683,9938.712229456403,1,0,1
2026-09-11T04:00:00+08:00,1789070400000,9939.534979079346,9938.672229456402,2,0,2
2026-09-11T05:00:00+08:00,1789074000000,9938.61290254756,9938.672229456402,2,0,2
2026-09-11T06:00:00+08:00,1789077600000,9936.407936928073,9938.672229456402,2,0,2
2026-09-11T07:00:00+08:00,1789081200000,9935.18370130633,9937.27086782244,1,0,1
2026-09-11T08:00:00+08:00,1789084800000,9934.069116578614,9935.14370130633,0,1,1
2026-09-11T09:00:00+08:00,1789088400000,9934.089402553667,9934.089402553667,0,0,0
2026-09-11T10:00:00+08:00,1789092000000,9933.767953569968,9934.049402553666,1,0,1
2026-09-11T11:00:00+08:00,1789095600000,9933.64768774778,9934.009402553665,2,0,2
2026-09-11T12:00:00+08:00,1789099200000,9935.218054813027,9934.009402553665,2,0,2
2026-09-11T13:00:00+08:00,1789102800000,9936.063637078929,9934.009402553665,2,0,2
2026-09-11T14:00:00+08:00,1789106400000,9935.741510501442,9934.009402553665,2,0,2
2026-09-11T15:00:00+08:00,1789110000000,9935.419383923958,9934.009402553665,2,0,2
2026-09-11T16:00:00+08:00,1789113600000,9935.802115996394,9934.613266510196,1,0,1
2026-09-11T17:00:00+08:00,1789117200000,9933.633426682958,9934.573266510195,2,0,2
2026-09-11T18:00:00+08:00,1789120800000,9933.13275292212,9934.69442709855,1,0,1
2026-09-11T19:00:00+08:00,1789124400000,9933.753435809875,9934.69442709855,1,0,1
2026-09-11T20:00:00+08:00,1789128000000,9938.138260081427,9934.69442709855,1,0,1
2026-09-11T21:00:00+08:00,1789131600000,9946.641786073289,9940.385072827865,1,0,1
2026-09-11T22:00:00+08:00,1789135200000,9944.373576326234,9947.465818264795,1,0,1
2026-09-11T23:00:00+08:00,1789138800000,9941.168722290744,9947.465818264795,1,0,1
2026-09-12T00:00:00+08:00,1789142400000,9941.149645778627,9941.149645778627,0,0,0
2026-09-12T01:00:00+08:00,1789146000000,9941.149645778627,9941.149645778627,0,0,0
2026-09-12T02:00:00+08:00,1789149600000,9941.149645778627,9941.149645778627,0,0,0
2026-09-12T03:00:00+08:00,1789153200000,9941.149645778627,9941.149645778627,0,0,0
2026-09-12T04:00:00+08:00,1789156800000,9941.149645778627,9941.149645778627,0,0,0
2026-09-12T05:00:00+08:00,1789160400000,9941.149645778627,9941.149645778627,0,0,0
2026-09-12T06:00:00+08:00,1789164000000,9941.149645778627,9941.149645778627,0,0,0
2026-09-12T07:00:00+08:00,1789167600000,9939.910619951266,9941.109645778626,0,1,1
2026-09-12T08:00:00+08:00,1789171200000,9938.75682577044,9939.870619951265,1,0,1
2026-09-12T09:00:00+08:00,1789174800000,9938.539368226511,9938.71682577044,0,1,1
2026-09-12T10:00:00+08:00,1789178400000,9938.930489424325,9938.676825770439,0,2,2
2026-09-12T11:00:00+08:00,1789182000000,9939.833471720138,9938.676825770439,0,2,2
2026-09-12T12:00:00+08:00,1789185600000,9939.990512119408,9938.676825770439,0,2,2
2026-09-12T13:00:00+08:00,1789189200000,9939.833471720138,9938.676825770439,0,2,2
2026-09-12T14:00:00+08:00,1789192800000,9939.715718389007,9939.167019154163,0,1,1
2026-09-12T15:00:00+08:00,1789196400000,9939.754965004664,9939.167019154163,0,1,1
2026-09-12T16:00:00+08:00,1789200000000,9939.440992079413,9939.167019154163,0,1,1
2026-09-12T17:00:00+08:00,1789203600000,9939.087772538507,9939.167019154163,0,1,1
2026-09-12T18:00:00+08:00,1789207200000,9938.813046228914,9939.167019154163,0,1,1
2026-09-12T19:00:00+08:00,1789210800000,9938.871916152397,9939.167019154163,0,1,1
2026-09-12T20:00:00+08:00,1789214400000,9938.989655999367,9939.167019154163,0,1,1
2026-09-12T21:00:00+08:00,1789218000000,9939.164689742396,9939.127019154163,0,2,2
2026-09-12T22:00:00+08:00,1789221600000,9939.125454669864,9939.127019154163,0,2,2
2026-09-12T23:00:00+08:00,1789225200000,9938.89004423466,9939.127019154163,0,2,2
2026-09-13T00:00:00+08:00,1789228800000,9938.870432469954,9938.949655999366,0,1,1
2026-09-13T01:00:00+08:00,1789232400000,9939.046938352307,9938.949655999366,0,1,1
2026-09-13T02:00:00+08:00,1789236000000,9940.183285281284,9938.909655999365,0,2,2
2026-09-13T03:00:00+08:00,1789239600000,9941.713528191929,9938.909655999365,0,2,2
2026-09-13T04:00:00+08:00,1789243200000,9941.39963221026,9938.909655999365,0,2,2
2026-09-13T05:00:00+08:00,1789246800000,9941.007262233172,9938.909655999365,0,2,2
2026-09-13T06:00:00+08:00,1789250400000,9940.575520575401,9940.007138352306,0,1,1
2026-09-13T07:00:00+08:00,1789254000000,9940.398893478374,9940.007138352306,0,1,1
2026-09-13T08:00:00+08:00,1789257600000,9940.457769177383,9940.007138352306,0,1,1
2026-09-13T09:00:00+08:00,1789261200000,9939.378381362216,9940.007138352306,0,1,1
2026-09-13T10:00:00+08:00,1789264800000,9938.55510835038,9939.338381362215,1,0,1
2026-09-13T11:00:00+08:00,1789268400000,9938.57466816648,9938.57466816648,0,0,0
2026-09-13T12:00:00+08:00,1789272000000,9938.57466816648,9938.57466816648,0,0,0
2026-09-13T13:00:00+08:00,1789275600000,9938.317589382177,9938.53466816648,0,1,1
2026-09-13T14:00:00+08:00,1789279200000,9938.317589382177,9938.317589382177,0,0,0
2026-09-13T15:00:00+08:00,1789282800000,9939.324763295219,9938.277589382176,0,1,1
2026-09-13T16:00:00+08:00,1789286400000,9940.66890558771,9938.277589382176,0,1,1
2026-09-13T17:00:00+08:00,1789290000000,9941.024707959252,9938.277589382176,0,1,1
2026-09-13T18:00:00+08:00,1789293600000,9941.578178314983,9938.277589382176,0,1,1
2026-09-13T19:00:00+08:00,1789297200000,9941.084008354508,9938.277589382176,0,1,1
2026-09-13T20:00:00+08:00,1789300800000,9941.064241556089,9941.064241556089,0,0,0
2026-09-13T21:00:00+08:00,1789304400000,9941.064241556089,9941.064241556089,0,0,0
2026-09-13T22:00:00+08:00,1789308000000,9941.064241556089,9941.064241556089,0,0,0
2026-09-13T23:00:00+08:00,1789311600000,9941.064241556089,9941.064241556089,0,0,0
2026-09-14T00:00:00+08:00,1789315200000,9942.121965652714,9941.024241556088,1,0,1
2026-09-14T01:00:00+08:00,1789318800000,9942.858030695144,9940.984241556087,2,0,2
2026-09-14T02:00:00+08:00,1789322400000,9943.614330417176,9940.984241556087,2,0,2
2026-09-14T03:00:00+08:00,1789326000000,9942.698809701033,9940.984241556087,2,0,2
2026-09-14T04:00:00+08:00,1789329600000,9943.71091371056,9942.421286874514,1,0,1
2026-09-14T05:00:00+08:00,1789333200000,9943.05721160793,9942.381286874514,2,0,2
2026-09-14T06:00:00+08:00,1789336800000,9939.882930401065,9943.3732360607,1,0,1
2026-09-14T07:00:00+08:00,1789340400000,9938.97599291339,9943.3732360607,1,0,1
2026-09-14T08:00:00+08:00,1789344000000,9938.169742406726,9938.95570894573,0,1,1
2026-09-14T09:00:00+08:00,1789347600000,9935.976810200578,9938.91570894573,0,2,2
2026-09-14T10:00:00+08:00,1789351200000,9934.329894537927,9937.061195742746,0,1,1
2026-09-14T11:00:00+08:00,1789354800000,9934.190194549263,9934.269810200576,1,0,1
2026-09-14T12:00:00+08:00,1789358400000,9934.94220565313,9934.229810200575,2,0,2
2026-09-14T13:00:00+08:00,1789362000000,9934.664868618507,9934.229810200575,2,0,2
2026-09-14T14:00:00+08:00,1789365600000,9936.368510402614,9934.229810200575,2,0,2
2026-09-14T15:00:00+08:00,1789369200000,9936.566608284487,9934.229810200575,2,0,2
2026-09-14T16:00:00+08:00,1789372800000,9936.130792944366,9934.229810200575,2,0,2
2026-09-14T17:00:00+08:00,1789376400000,9937.061941303065,9935.180201483388,1,0,1
2026-09-14T18:00:00+08:00,1789380000000,9936.291959321246,9935.140201483388,2,0,2
2026-09-14T19:00:00+08:00,1789383600000,9935.507300460642,9936.704953291572,1,0,1
2026-09-14T20:00:00+08:00,1789387200000,9935.546542929487,9936.704953291572,1,0,1
2026-09-14T21:00:00+08:00,1789390800000,9935.48767922622,9936.704953291572,1,0,1
2026-09-14T22:00:00+08:00,1789394400000,9935.997831321205,9936.704953291572,1,0,1
2026-09-14T23:00:00+08:00,1789398000000,9937.234557544376,9936.66495329157,2,0,2
2026-09-15T00:00:00+08:00,1789401600000,9939.750155098314,9936.66495329157,2,0,2
2026-09-15T01:00:00+08:00,1789405200000,9941.597547051988,9936.66495329157,2,0,2
2026-09-15T02:00:00+08:00,1789408800000,9944.170702883506,9940.293392389314,1,0,1
2026-09-15T03:00:00+08:00,1789412400000,9943.462043698628,9940.293392389314,1,0,1
2026-09-15T04:00:00+08:00,1789416000000,9943.481728675984,9943.481728675984,0,0,0
2026-09-15T05:00:00+08:00,1789419600000,9943.481728675984,9943.481728675984,0,0,0
2026-09-15T06:00:00+08:00,1789423200000,9943.481728675984,9943.481728675984,0,0,0
2026-09-15T07:00:00+08:00,1789426800000,9943.481728675984,9943.481728675984,0,0,0
2026-09-15T08:00:00+08:00,1789430400000,9943.57739069179,9943.441728675984,0,1,1
2026-09-15T09:00:00+08:00,1789434000000,9944.258897699281,9943.401728675983,0,2,2
2026-09-15T10:00:00+08:00,1789437600000,9945.31328146177,9943.401728675983,0,2,2
2026-09-15T11:00:00+08:00,1789441200000,9947.031536482116,9943.401728675983,0,2,2
2026-09-15T12:00:00+08:00,1789444800000,9948.124971495065,9943.401728675983,0,2,2
2026-09-15T13:00:00+08:00,1789448400000,9947.968766493215,9943.401728675983,0,2,2
2026-09-15T14:00:00+08:00,1789452000000,9948.789162938874,9945.762442892004,0,1,1
2026-09-15T15:00:00+08:00,1789455600000,9950.520211221088,9945.722442892004,0,2,2
2026-09-15T16:00:00+08:00,1789459200000,9949.693428309642,9945.722442892004,0,2,2
2026-09-15T17:00:00+08:00,1789462800000,9949.356193085525,9949.237494156529,0,1,1
2026-09-15T18:00:00+08:00,1789466400000,9949.098307325905,9949.237494156529,0,1,1
2026-09-15T19:00:00+08:00,1789470000000,9949.3363557194,9949.237494156529,0,1,1
2026-09-15T20:00:00+08:00,1789473600000,9949.038795227532,9949.237494156529,0,1,1
2026-09-15T21:00:00+08:00,1789477200000,9949.832289872515,9949.237494156529,0,1,1
2026-09-15T22:00:00+08:00,1789480800000,9953.19829415653,9953.19829415653,0,0,0
2026-09-15T23:00:00+08:00,1789484400000,9953.19829415653,9953.19829415653,0,0,0
2026-09-16T00:00:00+08:00,1789488000000,9953.19829415653,9953.19829415653,0,0,0
2026-09-16T01:00:00+08:00,1789491600000,9953.19829415653,9953.19829415653,0,0,0
2026-09-16T02:00:00+08:00,1789495200000,9953.19829415653,9953.19829415653,0,0,0
2026-09-16T03:00:00+08:00,1789498800000,9953.19829415653,9953.19829415653,0,0,0
2026-09-16T04:00:00+08:00,1789502400000,9953.19829415653,9953.19829415653,0,0,0
2026-09-16T05:00:00+08:00,1789506000000,9953.19829415653,9953.19829415653,0,0,0
2026-09-16T06:00:00+08:00,1789509600000,9953.19829415653,9953.19829415653,0,0,0
2026-09-16T07:00:00+08:00,1789513200000,9953.19829415653,9953.19829415653,0,0,0
2026-09-16T08:00:00+08:00,1789516800000,9953.19829415653,9953.19829415653,0,0,0
2026-09-16T09:00:00+08:00,1789520400000,9953.19829415653,9953.19829415653,0,0,0
2026-09-16T10:00:00+08:00,1789524000000,9953.19829415653,9953.19829415653,0,0,0
2026-09-16T11:00:00+08:00,1789527600000,9953.19829415653,9953.19829415653,0,0,0
2026-09-16T12:00:00+08:00,1789531200000,9953.138866172989,9953.158294156528,1,0,1
2026-09-16T13:00:00+08:00,1789534800000,9952.976582339636,9953.118294156528,2,0,2
2026-09-16T14:00:00+08:00,1789538400000,9953.593711089788,9953.118294156528,2,0,2
2026-09-16T15:00:00+08:00,1789542000000,9951.824608672681,9953.118294156528,2,0,2
2026-09-16T16:00:00+08:00,1789545600000,9951.968595857948,9952.4611336627,1,0,1
2026-09-16T17:00:00+08:00,1789549200000,9952.462273463132,9952.4611336627,1,0,1
2026-09-16T18:00:00+08:00,1789552800000,9952.402843363347,9952.4211336627,2,0,2
2026-09-16T19:00:00+08:00,1789556400000,9955.323318619287,9952.4211336627,2,0,2
2026-09-16T20:00:00+08:00,1789560000000,9953.554580084,9952.4211336627,2,0,2
2026-09-16T21:00:00+08:00,1789563600000,9952.690904465971,9952.99823066918,1,0,1
2026-09-16T22:00:00+08:00,1789567200000,9952.444141816855,9952.99823066918,1,0,1
2026-09-16T23:00:00+08:00,1789570800000,9952.54695958732,9952.99823066918,1,0,1
2026-09-17T00:00:00+08:00,1789574400000,9952.834849344623,9952.99823066918,1,0,1
2026-09-17T01:00:00+08:00,1789578000000,9952.444141816855,9952.99823066918,1,0,1
2026-09-17T02:00:00+08:00,1789581600000,9954.0686625902,9952.99823066918,1,0,1
2026-09-17T03:00:00+08:00,1789585200000,9954.993501007919,9952.95823066918,2,0,2
2026-09-17T04:00:00+08:00,1789588800000,9957.577222524937,9952.95823066918,2,0,2
2026-09-17T05:00:00+08:00,1789592400000,9956.264856040101,9952.95823066918,2,0,2
2026-09-17T06:00:00+08:00,1789596000000,9954.42454516987,9955.180221619405,1,0,1
2026-09-17T07:00:00+08:00,1789599600000,9956.796501402614,9955.180221619405,1,0,1
2026-09-17T08:00:00+08:00,1789603200000,9956.920140489723,9955.140221619404,2,0,2
2026-09-17T09:00:00+08:00,1789606800000,9959.078714813102,9955.140221619404,2,0,2
2026-09-17T10:00:00+08:00,1789610400000,9959.608176439591,9955.140221619404,2,0,2
2026-09-17T11:00:00+08:00,1789614000000,9962.051845484924,9955.140221619404,2,0,2
2026-09-17T12:00:00+08:00,1789617600000,9961.807478580393,9955.140221619404,2,0,2
2026-09-17T13:00:00+08:00,1789621200000,9961.118129318707,9959.332936620938,1,0,1
2026-09-17T14:00:00+08:00,1789624800000,9961.503447777124,9959.332936620938,1,0,1
2026-09-17T15:00:00+08:00,1789628400000,9962.091565424183,9959.332936620938,1,0,1
2026-09-17T16:00:00+08:00,1789632000000,9962.679683071243,9959.332936620938,1,0,1
2026-09-17T17:00:00+08:00,1789635600000,9963.292136620938,9963.292136620938,0,0,0
2026-09-17T18:00:00+08:00,1789639200000,9963.292136620938,9963.292136620938,0,0,0
2026-09-17T19:00:00+08:00,1789642800000,9963.292136620938,9963.292136620938,0,0,0
2026-09-17T20:00:00+08:00,1789646400000,9963.292136620938,9963.292136620938,0,0,0
2026-09-17T21:00:00+08:00,1789650000000,9963.292136620938,9963.292136620938,0,0,0
2026-09-17T22:00:00+08:00,1789653600000,9963.292136620938,9963.292136620938,0,0,0
2026-09-17T23:00:00+08:00,1789657200000,9963.292136620938,9963.292136620938,0,0,0
2026-09-18T00:00:00+08:00,1789660800000,9963.292136620938,9963.292136620938,0,0,0
2026-09-18T01:00:00+08:00,1789664400000,9963.292136620938,9963.292136620938,0,0,0
2026-09-18T02:00:00+08:00,1789668000000,9963.292136620938,9963.292136620938,0,0,0
2026-09-18T03:00:00+08:00,1789671600000,9963.292136620938,9963.292136620938,0,0,0
2026-09-18T04:00:00+08:00,1789675200000,9962.558022471116,9963.252136620937,0,1,1
2026-09-18T05:00:00+08:00,1789678800000,9963.051972924259,9963.212136620936,0,2,2
2026-09-18T06:00:00+08:00,1789682400000,9961.983295929222,9963.212136620936,0,2,2
2026-09-18T07:00:00+08:00,1789686000000,9961.56835716984,9962.28016278027,0,1,1
2026-09-18T08:00:00+08:00,1789689600000,9962.003054917765,9962.28016278027,0,1,1
2026-09-18T09:00:00+08:00,1789693200000,9957.756568986402,9962.240162780268,0,2,2
2026-09-18T10:00:00+08:00,1789696800000,9958.183681835524,9957.677076348851,1,0,1
2026-09-18T11:00:00+08:00,1789700400000,9965.426741139094,9961.864735296835,1,0,1
2026-09-18T12:00:00+08:00,1789704000000,9965.823935296834,9965.823935296834,0,0,0
2026-09-18T13:00:00+08:00,1789707600000,9965.823935296834,9965.823935296834,0,0,0
2026-09-18T14:00:00+08:00,1789711200000,9965.823935296834,9965.823935296834,0,0,0
2026-09-18T15:00:00+08:00,1789714800000,9965.823935296834,9965.823935296834,0,0,0
2026-09-18T16:00:00+08:00,1789718400000,9965.823935296834,9965.823935296834,0,0,0
2026-09-18T17:00:00+08:00,1789722000000,9965.823935296834,9965.823935296834,0,0,0
2026-09-18T18:00:00+08:00,1789725600000,9965.823935296834,9965.823935296834,0,0,0
2026-09-18T19:00:00+08:00,1789729200000,9965.823935296834,9965.823935296834,0,0,0
2026-09-18T20:00:00+08:00,1789732800000,9965.823935296834,9965.823935296834,0,0,0
2026-09-18T21:00:00+08:00,1789736400000,9960.599671327844,9965.783935296833,0,1,1
2026-09-18T22:00:00+08:00,1789740000000,9964.518871327842,9964.518871327842,0,0,0
2026-09-18T23:00:00+08:00,1789743600000,9964.518871327842,9964.518871327842,0,0,0
2026-09-19T00:00:00+08:00,1789747200000,9964.518871327842,9964.518871327842,0,0,0
2026-09-19T01:00:00+08:00,1789750800000,9964.518871327842,9964.518871327842,0,0,0
2026-09-19T02:00:00+08:00,1789754400000,9964.518871327842,9964.518871327842,0,0,0
2026-09-19T03:00:00+08:00,1789758000000,9964.518871327842,9964.518871327842,0,0,0
2026-09-19T04:00:00+08:00,1789761600000,9964.518871327842,9964.518871327842,0,0,0
2026-09-19T05:00:00+08:00,1789765200000,9964.518871327842,9964.518871327842,0,0,0
2026-09-19T06:00:00+08:00,1789768800000,9964.518871327842,9964.518871327842,0,0,0
2026-09-19T07:00:00+08:00,1789772400000,9964.518871327842,9964.518871327842,0,0,0
2026-09-19T08:00:00+08:00,1789776000000,9962.752642401489,9964.478871327841,0,1,1
2026-09-19T09:00:00+08:00,1789779600000,9963.521070865563,9964.43887132784,0,2,2
2026-09-19T10:00:00+08:00,1789783200000,9962.849398331504,9964.43887132784,0,2,2
2026-09-19T11:00:00+08:00,1789786800000,9964.157392213623,9964.43887132784,0,2,2
2026-09-19T11:00:00+08:00,1789786800000,9964.157392213623,9964.157392213623,0,0,0
