time_beijing,timestamp_ms,event_type,side,reason,units,quantity_sol,execution_price,fee_usdt,realized_net_pnl_usdt,long_units_after,short_units_after,total_units_after
2026-07-27T12:30:00+08:00,1785126600000,entry,short,dead_cross_open,1,2.6191723415400734,76.36,0.04,,0,1,1
2026-07-27T13:30:00+08:00,1785130200000,entry,short,green_histogram_expansion_add,1,2.6174584478471403,76.41,0.04,,0,2,2
2026-07-27T14:00:00+08:00,1785132000000,exit,short,green_histogram_shrinking,1,2.6191723415400734,76.53,0.04008905185961237,-0.5253483499214293,0,1,1
2026-07-27T16:00:00+08:00,1785139200000,entry,short,green_histogram_expansion_add,1,2.6164311878597593,76.44,0.04,,0,2,2
2026-07-27T18:00:00+08:00,1785146400000,exit,short,green_histogram_shrinking,1,2.6174584478471403,76.44,0.04001570475068708,-0.15853945818610427,0,1,1
2026-07-27T20:00:00+08:00,1785153600000,entry,short,green_histogram_expansion_add,1,2.6154047338825683,76.47,0.04,,0,2,2
2026-07-27T21:00:00+08:00,1785157200000,exit,short,green_histogram_shrinking,1,2.6164311878597593,76.82,0.040198848770277344,-1.0744427001569739,0,1,1
2026-07-27T22:00:00+08:00,1785160800000,exit,short,green_histogram_shrinking,1,2.6154047338825683,76.86,0.04020400156924284,-1.100211847783446,0,0,0
2026-07-27T23:30:00+08:00,1785166200000,entry,short,zero_axis_down_open,1,2.655689815429558,75.31,0.04,,0,1,1
2026-07-28T00:30:00+08:00,1785169800000,exit,short,green_histogram_shrinking,1,2.655689815429558,75.65,0.04018058690744922,-0.983115124153508,0,0,0
2026-07-28T15:00:00+08:00,1785222000000,entry,long,golden_cross_open,1,2.725166916473634,73.39,0.04,,1,0,1
2026-07-28T16:00:00+08:00,1785225600000,entry,long,red_histogram_expansion_add,1,2.7311211252219034,73.23,0.04,,2,0,2
2026-07-28T18:00:00+08:00,1785232800000,exit,long,red_histogram_shrinking,1,2.725166916473634,73.2,0.039896443657174006,-0.5976781577871584,1,0,1
2026-07-28T20:30:00+08:00,1785241800000,entry,long,red_histogram_expansion_add,1,2.7326137450471375,73.19,0.04,,2,0,2
2026-07-28T21:30:00+08:00,1785245400000,exit,long,red_histogram_shrinking,1,2.7311211252219034,72.95,0.03984705721698757,-0.8445609722791236,1,0,1
2026-07-28T23:30:00+08:00,1785252600000,entry,long,red_histogram_expansion_add,1,2.695054574855141,74.21,0.04,,2,0,2
2026-07-29T01:30:00+08:00,1785259800000,exit,long,red_histogram_shrinking,1,2.7326137450471375,73.79,0.04032791364940566,1.5592403333789,1,0,1
2026-07-29T04:30:00+08:00,1785270600000,exit,long,red_histogram_shrinking,1,2.695054574855141,74.07,0.03992453847190405,-0.45723217895162527,0,0,0
2026-07-29T07:30:00+08:00,1785281400000,entry,short,dead_cross_open,1,2.729630135116692,73.27,0.04,,0,1,1
2026-07-29T08:00:00+08:00,1785283200000,exit,short,green_histogram_shrinking,1,2.729630135116692,73.77,0.04027296301351167,-1.4450880305718576,0,0,0
2026-07-29T14:30:00+08:00,1785306600000,entry,long,golden_cross_open,1,2.704530087897228,73.95,0.04,,1,0,1
2026-07-29T15:30:00+08:00,1785310200000,entry,long,zero_axis_up_add,1,2.699055330634278,74.1,0.04,,2,0,2
2026-07-29T16:30:00+08:00,1785313800000,exit,long,red_histogram_shrinking,1,2.704530087897228,73.72,0.03987559161595673,-0.70191751183233,1,0,1
2026-07-29T18:00:00+08:00,1785319200000,entry,long,red_histogram_expansion_add,1,2.699419624780672,74.09,0.04,,2,0,2
2026-07-29T18:30:00+08:00,1785321000000,exit,long,red_histogram_shrinking,1,2.699055330634278,73.96,0.03992442645074224,-0.4577921727395427,1,0,1
2026-07-29T20:30:00+08:00,1785328200000,exit,long,dead_cross_flip_close_opposite,1,2.699419624780672,73.49,0.03967606964502632,-1.6993278445134523,0,0,0
2026-07-29T20:30:00+08:00,1785328200000,entry,short,dead_cross_flip_open_one_unit,1,2.7214587018641994,73.49,0.04,,0,1,1
2026-07-29T21:30:00+08:00,1785331800000,entry,short,zero_axis_down_add,1,2.7203482045701852,73.52,0.04,,0,2,2
2026-07-29T22:00:00+08:00,1785333600000,exit,short,green_histogram_shrinking,1,2.7214587018641994,73.68,0.04010341543067085,-0.5971805687849012,0,1,1
2026-07-29T23:00:00+08:00,1785337200000,entry,short,green_histogram_expansion_add,1,2.7311211252219034,73.23,0.04,,0,2,2
2026-07-30T00:30:00+08:00,1785342600000,exit,short,green_histogram_shrinking,1,2.7203482045701852,73.18,0.03981501632208924,0.8451033732317442,0,1,1
2026-07-30T02:30:00+08:00,1785349800000,exit,short,golden_cross_flip_close_opposite,1,2.7311211252219034,73.88,0.04035504574627884,-1.8555837771404928,0,0,0
2026-07-30T02:30:00+08:00,1785349800000,entry,long,golden_cross_flip_open_one_unit,1,2.707092582566324,73.88,0.04,,1,0,1
2026-07-30T03:00:00+08:00,1785351600000,entry,long,zero_axis_up_add,1,2.695054574855141,74.21,0.04,,2,0,2
2026-07-30T03:30:00+08:00,1785353400000,exit,long,red_histogram_shrinking,1,2.707092582566324,73.53,0.039810503519220365,-1.0272929074174184,1,0,1
2026-07-30T04:00:00+08:00,1785355200000,exit,long,dead_cross_flip_close_opposite,1,2.695054574855141,72.71,0.03919148362754346,-4.121773345910254,0,0,0
2026-07-30T04:00:00+08:00,1785355200000,entry,short,dead_cross_flip_open_one_unit,1,2.7506532801540367,72.71,0.04,,0,1,1
2026-07-30T05:00:00+08:00,1785358800000,entry,short,green_histogram_expansion_add,1,2.7548209366391188,72.6,0.04,,0,2,2
2026-07-30T05:30:00+08:00,1785360600000,exit,short,green_histogram_shrinking,1,2.7506532801540367,72.9,0.04010452482464586,-0.6027286480539458,0,1,1
2026-07-30T07:00:00+08:00,1785366000000,exit,short,golden_cross_flip_close_opposite,1,2.7548209366391188,73.6,0.04055096418732783,-2.8353719008264466,0,0,0
2026-07-30T07:00:00+08:00,1785366000000,entry,long,golden_cross_flip_open_one_unit,1,2.717391304347826,73.6,0.04,,1,0,1
2026-07-30T08:00:00+08:00,1785369600000,entry,long,red_histogram_expansion_add,1,2.7162841233192996,73.63,0.04,,2,0,2
2026-07-30T09:00:00+08:00,1785373200000,exit,long,red_histogram_shrinking,1,2.717391304347826,73.26,0.03981521739130435,-1.003728260869536,1,0,1
2026-07-30T10:00:00+08:00,1785376800000,entry,long,zero_axis_up_add,1,2.703433360367667,73.98,0.04,,2,0,2
2026-07-30T11:00:00+08:00,1785380400000,exit,long,red_histogram_shrinking,1,2.7162841233192996,73.8,0.04009235366019286,0.3816759473040927,1,0,1
2026-07-30T14:30:00+08:00,1785393000000,exit,long,red_histogram_shrinking,1,2.703433360367667,73.65,0.03982157339821574,-0.9719545823195412,0,0,0
2026-07-30T15:00:00+08:00,1785394800000,entry,short,dead_cross_open,1,2.721829069134458,73.48,0.04,,0,1,1
2026-07-30T15:30:00+08:00,1785396600000,exit,short,green_histogram_shrinking,1,2.721829069134458,73.62,0.040076211213935765,-0.4611322808927615,0,0,0
2026-07-30T17:00:00+08:00,1785402000000,entry,long,golden_cross_open,1,2.7114967462039044,73.76,0.04,,1,0,1
2026-07-30T18:00:00+08:00,1785405600000,entry,long,red_histogram_expansion_add,1,2.7027027027027026,74.0,0.04,,2,0,2
2026-07-30T19:00:00+08:00,1785409200000,exit,long,red_histogram_shrinking,1,2.7114967462039044,73.85,0.04004880694143167,0.1639859002168904,1,0,1
2026-07-30T20:00:00+08:00,1785412800000,entry,long,red_histogram_expansion_add,1,2.696144513345915,74.18,0.04,,2,0,2
2026-07-30T21:30:00+08:00,1785418200000,exit,long,red_histogram_shrinking,1,2.7027027027027026,74.2,0.04010810810810811,0.4604324324324401,1,0,1
2026-07-30T22:30:00+08:00,1785421800000,entry,long,red_histogram_expansion_add,1,2.681684097613301,74.58,0.04,,2,0,2
2026-07-30T23:00:00+08:00,1785423600000,exit,long,red_histogram_shrinking,1,2.696144513345915,74.6,0.04022647613912105,1.0521542194661295,1,0,1
2026-07-31T04:30:00+08:00,1785443400000,exit,long,dead_cross_flip_close_opposite,1,2.681684097613301,74.54,0.0399785465272191,-0.1872459104317298,0,0,0
2026-07-31T04:30:00+08:00,1785443400000,entry,short,dead_cross_flip_open_one_unit,1,2.6831231553528303,74.54,0.04,,0,1,1
2026-07-31T05:30:00+08:00,1785447000000,entry,short,green_histogram_expansion_add,1,2.6878107781212206,74.41,0.04,,0,2,2
2026-07-31T06:30:00+08:00,1785450600000,exit,short,green_histogram_shrinking,1,2.6831231553528303,74.81,0.04014488865038905,-0.8045881405956425,0,1,1
2026-07-31T08:00:00+08:00,1785456000000,entry,short,green_histogram_expansion_add,1,2.6860059092130006,74.46,0.04,,0,2,2
2026-07-31T09:30:00+08:00,1785461400000,exit,short,green_histogram_shrinking,1,2.6878107781212206,75.07,0.04035479102271201,-1.8543099045827085,0,1,1
2026-07-31T10:30:00+08:00,1785465000000,entry,short,green_histogram_expansion_add,1,2.6965080221113658,74.17,0.04,,0,2,2
2026-07-31T13:30:00+08:00,1785475800000,exit,short,green_histogram_shrinking,1,2.6860059092130006,74.14,0.039828095621810375,0.7796937953263315,0,1,1
2026-07-31T15:30:00+08:00,1785483000000,entry,short,green_histogram_expansion_add,1,2.7214587018641994,73.49,0.04,,0,2,2
2026-07-31T16:30:00+08:00,1785486600000,exit,short,green_histogram_shrinking,1,2.6965080221113658,73.7,0.03974652824592153,1.1876122421464173,0,1,1
2026-07-31T18:00:00+08:00,1785492000000,exit,short,green_histogram_shrinking,1,2.7214587018641994,73.44,0.03997278541298136,0.05610014968022086,0,0,0
2026-08-01T02:00:00+08:00,1785520800000,entry,long,golden_cross_open,1,2.727768685215494,73.32,0.04,,1,0,1
2026-08-01T03:00:00+08:00,1785524400000,exit,long,red_histogram_shrinking,1,2.727768685215494,73.07,0.039863611565739226,-0.7618057828696128,0,0,0
2026-08-01T03:30:00+08:00,1785526200000,entry,short,dead_cross_open,1,2.7408524050979857,72.97,0.04,,0,1,1
2026-08-01T04:00:00+08:00,1785528000000,exit,short,green_histogram_shrinking,1,2.7408524050979857,73.05,0.04004385363848157,-0.2993120460463157,0,0,0
2026-08-01T04:30:00+08:00,1785529800000,entry,long,golden_cross_open,1,2.736726874657909,73.08,0.04,,1,0,1
2026-08-01T05:00:00+08:00,1785531600000,exit,long,dead_cross_flip_close_opposite,1,2.736726874657909,72.92,0.03991242474001095,-0.517788724685267,0,0,0
2026-08-01T05:00:00+08:00,1785531600000,entry,short,dead_cross_flip_open_one_unit,1,2.7427317608337902,72.92,0.04,,0,1,1
2026-08-01T05:30:00+08:00,1785533400000,exit,short,golden_cross_flip_close_opposite,1,2.7427317608337902,72.99,0.04003839824465167,-0.2720296215029983,0,0,0
2026-08-01T05:30:00+08:00,1785533400000,entry,long,golden_cross_flip_open_one_unit,1,2.740101383751199,72.99,0.04,,1,0,1
2026-08-01T06:00:00+08:00,1785535200000,exit,long,dead_cross_flip_close_opposite,1,2.740101383751199,72.68,0.03983011371420743,-0.9292615426770464,0,0,0
2026-08-01T06:00:00+08:00,1785535200000,entry,short,dead_cross_flip_open_one_unit,1,2.7517886626307098,72.68,0.04,,0,1,1
2026-08-01T06:30:00+08:00,1785537000000,exit,short,green_histogram_shrinking,1,2.7517886626307098,72.82,0.040077050082553654,-0.46532746285081544,0,0,0
2026-08-01T08:30:00+08:00,1785544200000,entry,long,bullish_divergence_confirmed_golden_cross,1,2.7416038382453736,72.95,0.04,,1,0,1
2026-08-01T09:30:00+08:00,1785547800000,entry,long,red_histogram_expansion_add,1,2.7382256297918945,73.04,0.04,,2,0,2
2026-08-01T11:30:00+08:00,1785555000000,exit,long,red_histogram_shrinking,1,2.7416038382453736,72.88,0.039961617546264566,-0.271873886223461,1,0,1
2026-08-01T12:30:00+08:00,1785558600000,entry,long,red_histogram_expansion_add,1,2.7371014096072264,73.07,0.04,,2,0,2
2026-08-01T13:30:00+08:00,1785562200000,exit,long,red_histogram_shrinking,1,2.7382256297918945,73.01,0.039983570646221246,-0.16213033953998118,1,0,1
2026-08-01T17:00:00+08:00,1785574800000,entry,long,red_histogram_expansion_add,1,2.73972602739726,73.0,0.04,,2,0,2
2026-08-01T17:30:00+08:00,1785576600000,exit,long,red_histogram_shrinking,1,2.7371014096072264,72.91,0.03991241275489257,-0.5178486382920394,1,0,1
2026-08-01T19:00:00+08:00,1785582000000,exit,long,dead_cross_flip_close_opposite,1,2.73972602739726,72.8,0.03989041095890411,-0.6278356164383639,0,0,0
2026-08-01T19:00:00+08:00,1785582000000,entry,short,dead_cross_flip_open_one_unit,1,2.7472527472527473,72.8,0.04,,0,1,1
2026-08-01T19:30:00+08:00,1785583800000,exit,short,golden_cross_flip_close_opposite,1,2.7472527472527473,72.83,0.040016483516483514,-0.16243406593406906,0,0,0
2026-08-01T19:30:00+08:00,1785583800000,entry,long,golden_cross_flip_open_one_unit,1,2.7461211039406836,72.83,0.04,,1,0,1
2026-08-01T20:30:00+08:00,1785587400000,entry,long,red_histogram_expansion_add,1,2.743484224965706,72.9,0.04,,2,0,2
2026-08-01T23:30:00+08:00,1785598200000,exit,long,red_histogram_shrinking,1,2.7461211039406836,72.8,0.039983523273376356,-0.1623671563916,1,0,1
2026-08-02T01:00:00+08:00,1785603600000,exit,long,dead_cross_flip_close_opposite,1,2.743484224965706,72.65,0.039862825788751714,-0.7657338820301782,0,0,0
2026-08-02T01:00:00+08:00,1785603600000,entry,short,dead_cross_flip_open_one_unit,1,2.7529249827942186,72.65,0.04,,0,1,1
2026-08-02T02:00:00+08:00,1785607200000,entry,short,green_histogram_expansion_add,1,2.782028098483795,71.89,0.04,,0,2,2
2026-08-02T02:30:00+08:00,1785609000000,exit,short,fixed_take_profit,1,2.7529249827942186,70.82264189843642,0.038993884045938836,4.951585886259882,0,1,1
2026-08-02T04:00:00+08:00,1785614400000,exit,short,green_histogram_shrinking,1,2.782028098483795,71.21,0.039621644178606204,1.8121574627903934,0,0,0
2026-08-02T07:00:00+08:00,1785625200000,entry,long,golden_cross_open,1,2.782802281897871,71.87,0.04,,1,0,1
2026-08-02T08:00:00+08:00,1785628800000,entry,long,red_histogram_expansion_add,1,2.782028098483795,71.89,0.04,,2,0,2
2026-08-02T10:00:00+08:00,1785636000000,exit,long,fixed_take_profit,1,2.782802281897871,73.31759858096827,0.040805676126878125,3.947574958263719,1,0,1
2026-08-02T11:00:00+08:00,1785639600000,entry,long,zero_axis_up_add,1,2.735978112175103,73.1,0.04,,2,0,2
2026-08-02T13:30:00+08:00,1785648600000,exit,long,red_histogram_shrinking,1,2.782028098483795,73.5,0.04089581304771178,4.398169425511196,1,0,1
2026-08-02T18:30:00+08:00,1785666600000,exit,long,dead_cross_flip_close_opposite,1,2.735978112175103,73.17,0.040038303693570455,0.11148016415870696,0,0,0
2026-08-02T18:30:00+08:00,1785666600000,entry,short,dead_cross_flip_open_one_unit,1,2.7333606669400026,73.17,0.04,,0,1,1
2026-08-02T19:30:00+08:00,1785670200000,entry,short,green_histogram_expansion_add,1,2.733734281027884,73.16,0.04,,0,2,2
2026-08-02T22:30:00+08:00,1785681000000,exit,short,green_histogram_shrinking,1,2.7333606669400026,73.13,0.03997813311466448,0.02935629356295271,0,1,1
2026-08-03T02:30:00+08:00,1785695400000,exit,short,golden_cross_flip_close_opposite,1,2.733734281027884,73.34,0.040098414434117005,-0.5721705850191549,0,0,0
2026-08-03T02:30:00+08:00,1785695400000,entry,long,golden_cross_flip_open_one_unit,1,2.727024815925825,73.34,0.04,,1,0,1
2026-08-03T03:30:00+08:00,1785699000000,entry,long,red_histogram_expansion_add,1,2.718499388337638,73.57,0.04,,2,0,2
2026-08-03T04:30:00+08:00,1785702600000,exit,long,red_histogram_shrinking,1,2.727024815925825,73.55,0.04011453504226888,0.49256067630213723,1,0,1
2026-08-03T05:30:00+08:00,1785706200000,entry,long,red_histogram_expansion_add,1,2.712232167073502,73.74,0.04,,2,0,2
2026-08-03T07:00:00+08:00,1785711600000,exit,long,red_histogram_shrinking,1,2.718499388337638,73.61,0.04002174799510671,0.028718227538415804,1,0,1
2026-08-03T08:30:00+08:00,1785717000000,exit,long,dead_cross_flip_close_opposite,1,2.712232167073502,73.24,0.03972877678329265,-1.4358448603200435,0,0,0
2026-08-03T08:30:00+08:00,1785717000000,entry,short,dead_cross_flip_open_one_unit,1,2.730748225013654,73.24,0.04,,0,1,1
2026-08-03T09:30:00+08:00,1785720600000,entry,short,green_histogram_expansion_add,1,2.73972602739726,73.0,0.04,,0,2,2
2026-08-03T11:30:00+08:00,1785727800000,exit,short,green_histogram_shrinking,1,2.730748225013654,72.99,0.03986346258874932,0.6028235936646642,0,1,1
2026-08-03T12:30:00+08:00,1785731400000,exit,short,green_histogram_shrinking,1,2.73972602739726,72.89,0.03993972602739726,0.22143013698629982,0,0,0
2026-08-03T22:00:00+08:00,1785765600000,entry,long,golden_cross_open,1,2.7311211252219034,73.23,0.04,,1,0,1
2026-08-03T23:00:00+08:00,1785769200000,entry,long,zero_axis_up_add,1,2.7114967462039044,73.76,0.04,,2,0,2
2026-08-04T00:30:00+08:00,1785774600000,exit,long,red_histogram_shrinking,1,2.7311211252219034,73.54,0.04016932950976376,0.7664782193090325,1,0,1
2026-08-04T03:00:00+08:00,1785783600000,exit,long,red_histogram_shrinking,1,2.7114967462039044,73.94,0.040097613882863335,0.4079718004338195,0,0,0
2026-08-04T06:30:00+08:00,1785796200000,entry,short,dead_cross_open,1,2.7203482045701852,73.52,0.04,,0,1,1
2026-08-04T07:30:00+08:00,1785799800000,entry,short,green_histogram_expansion_add,1,2.7221995372260785,73.47,0.04,,0,2,2
2026-08-04T10:00:00+08:00,1785808800000,exit,short,green_histogram_shrinking,1,2.7203482045701852,73.74,0.04011969532100109,-0.6785963003264388,0,1,1
2026-08-04T12:00:00+08:00,1785816000000,exit,short,green_histogram_shrinking,1,2.7221995372260785,73.65,0.040097999183340144,-0.5700939158840528,0,0,0
2026-08-04T17:30:00+08:00,1785835800000,entry,short,zero_axis_down_open,1,2.7314941272876263,73.22,0.04,,0,1,1
2026-08-04T19:00:00+08:00,1785841200000,exit,short,green_histogram_shrinking,1,2.7314941272876263,73.57,0.04019120458891013,-1.036214149139564,0,0,0
2026-08-04T20:00:00+08:00,1785844800000,entry,long,golden_cross_open,1,2.706359945872801,73.9,0.04,,1,0,1
2026-08-04T21:00:00+08:00,1785848400000,entry,long,red_histogram_expansion_add,1,2.7107617240444566,73.78,0.04,,2,0,2
2026-08-04T22:00:00+08:00,1785852000000,exit,long,red_histogram_shrinking,1,2.706359945872801,73.6,0.03983761840324763,-0.8917456021651187,1,0,1
2026-08-04T23:30:00+08:00,1785857400000,exit,long,red_histogram_shrinking,1,2.7107617240444566,73.59,0.03989699105448632,-0.5949417186229269,0,0,0
2026-08-05T07:30:00+08:00,1785886200000,entry,short,dead_cross_open,1,2.707825616030328,73.86,0.04,,0,1,1
2026-08-05T08:30:00+08:00,1785889800000,entry,short,green_histogram_expansion_add,1,2.7166530834012494,73.62,0.04,,0,2,2
2026-08-05T09:30:00+08:00,1785893400000,exit,short,green_histogram_shrinking,1,2.707825616030328,73.68,0.039902518277822915,0.40750609260761606,0,1,1
2026-08-05T12:00:00+08:00,1785902400000,entry,short,green_histogram_expansion_add,1,2.712232167073502,73.74,0.04,,0,2,2
2026-08-05T13:00:00+08:00,1785906000000,exit,short,green_histogram_shrinking,1,2.7166530834012494,73.76,0.04007606628633524,-0.4604074979625117,0,1,1
2026-08-05T14:00:00+08:00,1785909600000,exit,short,golden_cross_flip_close_opposite,1,2.712232167073502,74.11,0.04020070518036345,-1.0837266069975715,0,0,0
2026-08-05T14:00:00+08:00,1785909600000,entry,long,golden_cross_flip_open_one_unit,1,2.6986911347996223,74.11,0.04,,1,0,1
2026-08-05T15:00:00+08:00,1785913200000,exit,long,red_histogram_shrinking,1,2.6986911347996223,73.97,0.03992443664822561,-0.4577411955201742,0,0,0
2026-08-05T15:30:00+08:00,1785915000000,entry,short,dead_cross_open,1,2.7140724657348354,73.69,0.04,,0,1,1
2026-08-05T16:00:00+08:00,1785916800000,exit,short,green_histogram_shrinking,1,2.7140724657348354,73.94,0.04013570362328675,-0.7586538200569957,0,0,0
2026-08-05T16:30:00+08:00,1785918600000,entry,long,golden_cross_open,1,2.6986911347996223,74.11,0.04,,1,0,1
2026-08-05T17:30:00+08:00,1785922200000,entry,long,red_histogram_expansion_add,1,2.6986911347996223,74.11,0.04,,2,0,2
2026-08-05T18:00:00+08:00,1785924000000,exit,long,red_histogram_shrinking,1,2.6986911347996223,73.98,0.039929834030495215,-0.43075968155443384,1,0,1
2026-08-05T19:00:00+08:00,1785927600000,exit,long,dead_cross_flip_close_opposite,1,2.6986911347996223,73.82,0.03984347591418162,-0.8624639050060889,0,0,0
2026-08-05T19:00:00+08:00,1785927600000,entry,short,dead_cross_flip_open_one_unit,1,2.70929287455974,73.82,0.04,,0,1,1
2026-08-05T20:00:00+08:00,1785931200000,entry,short,green_histogram_expansion_add,1,2.711864406779661,73.75,0.04,,0,2,2
2026-08-05T20:30:00+08:00,1785933000000,exit,short,green_histogram_shrinking,1,2.70929287455974,74.24,0.04022758060146302,-1.2181305879165585,0,1,1
2026-08-05T21:00:00+08:00,1785934800000,exit,short,golden_cross_flip_close_opposite,1,2.711864406779661,74.03,0.04015186440677966,-0.8394738983050878,0,0,0
2026-08-05T21:00:00+08:00,1785934800000,entry,long,golden_cross_flip_open_one_unit,1,2.7016074564365797,74.03,0.04,,1,0,1
2026-08-05T21:30:00+08:00,1785936600000,exit,long,dead_cross_flip_close_opposite,1,2.7016074564365797,73.73,0.03983790355261381,-0.8903201404835801,0,0,0
2026-08-05T21:30:00+08:00,1785936600000,entry,short,dead_cross_flip_open_one_unit,1,2.7126000271260002,73.73,0.04,,0,1,1
2026-08-05T22:00:00+08:00,1785938400000,exit,short,green_histogram_shrinking,1,2.7126000271260002,73.93,0.040108504001085045,-0.6226285094262928,0,0,0
2026-08-06T00:30:00+08:00,1785947400000,entry,long,golden_cross_open,1,2.6896180742334588,74.36,0.04,,1,0,1
2026-08-06T01:30:00+08:00,1785951000000,entry,long,red_histogram_expansion_add,1,2.696871628910464,74.16,0.04,,2,0,2
2026-08-06T03:30:00+08:00,1785958200000,exit,long,red_histogram_shrinking,1,2.6896180742334588,74.43,0.040037654653039274,0.1082356105433227,1,0,1
2026-08-06T06:00:00+08:00,1785967200000,exit,long,dead_cross_flip_close_opposite,1,2.696871628910464,74.09,0.03996224379719526,-0.26874325782090935,0,0,0
2026-08-06T06:00:00+08:00,1785967200000,entry,short,dead_cross_flip_open_one_unit,1,2.699419624780672,74.09,0.04,,0,1,1
2026-08-06T07:00:00+08:00,1785970800000,entry,short,green_histogram_expansion_add,1,2.7037988373665,73.97,0.04,,0,2,2
2026-08-06T08:30:00+08:00,1785976200000,exit,short,green_histogram_shrinking,1,2.699419624780672,74.15,0.04003239303549737,-0.24199757052234383,0,1,1
2026-08-06T09:30:00+08:00,1785979800000,entry,short,zero_axis_down_add,1,2.7126000271260002,73.73,0.04,,0,2,2
2026-08-06T11:30:00+08:00,1785987000000,exit,short,green_histogram_shrinking,1,2.7037988373665,73.51,0.039751250506962287,1.1639962146816107,0,1,1
2026-08-06T14:00:00+08:00,1785996000000,exit,short,golden_cross_flip_close_opposite,1,2.7126000271260002,74.19,0.040249559202495594,-1.328045571680439,0,0,0
2026-08-06T14:00:00+08:00,1785996000000,entry,long,golden_cross_flip_open_one_unit,1,2.695781102574471,74.19,0.04,,1,0,1
2026-08-06T15:00:00+08:00,1785999600000,entry,long,red_histogram_expansion_add,1,2.7027027027027026,74.0,0.04,,2,0,2
2026-08-06T16:00:00+08:00,1786003200000,exit,long,red_histogram_shrinking,1,2.695781102574471,73.84,0.03981129532281979,-1.0233346812238693,1,0,1
2026-08-06T17:30:00+08:00,1786008600000,exit,long,bearish_divergence_confirmed_dead_cross_close_opposite,1,2.7027027027027026,73.49,0.03972432432432432,-1.4581027027027167,0,0,0
2026-08-06T17:30:00+08:00,1786008600000,entry,short,bearish_divergence_confirmed_dead_cross_open_one_unit,1,2.7214587018641994,73.49,0.04,,0,1,1
2026-08-06T18:30:00+08:00,1786012200000,entry,short,green_histogram_expansion_add,1,2.7262813522355507,73.36,0.04,,0,2,2
2026-08-06T19:30:00+08:00,1786015800000,exit,short,green_histogram_shrinking,1,2.7214587018641994,73.35,0.039923799156347806,0.30108041910464167,0,1,1
2026-08-06T21:30:00+08:00,1786023000000,entry,short,green_histogram_expansion_add,1,2.7427317608337902,72.92,0.04,,0,2,2
2026-08-06T22:00:00+08:00,1786024800000,exit,short,green_histogram_shrinking,1,2.7262813522355507,73.19,0.039907306434023994,0.38356052344602426,0,1,1
2026-08-07T00:00:00+08:00,1786032000000,exit,short,golden_cross_flip_close_opposite,1,2.7427317608337902,73.27,0.040191991223258366,-1.0401481075150694,0,0,0
2026-08-07T00:00:00+08:00,1786032000000,entry,long,golden_cross_flip_open_one_unit,1,2.729630135116692,73.27,0.04,,1,0,1
2026-08-07T01:00:00+08:00,1786035600000,entry,long,red_histogram_expansion_add,1,2.7247956403269753,73.4,0.04,,2,0,2
2026-08-07T02:00:00+08:00,1786039200000,exit,long,red_histogram_shrinking,1,2.729630135116692,73.14,0.03992902961648697,-0.4347809471816445,1,0,1
2026-08-07T03:00:00+08:00,1786042800000,exit,long,bearish_divergence_confirmed_dead_cross_close_opposite,1,2.7247956403269753,72.78,0.03966212534059946,-1.7690354223433367,0,0,0
2026-08-07T03:00:00+08:00,1786042800000,entry,short,bearish_divergence_confirmed_dead_cross_open_one_unit,1,2.748007694421544,72.78,0.04,,0,1,1
2026-08-07T04:00:00+08:00,1786046400000,entry,short,green_histogram_expansion_add,1,2.7491408934707904,72.75,0.04,,0,2,2
2026-08-07T04:30:00+08:00,1786048200000,exit,short,green_histogram_shrinking,1,2.748007694421544,72.85,0.0400384721077219,-0.27239901071721123,0,1,1
2026-08-07T07:00:00+08:00,1786057200000,entry,short,green_histogram_expansion_add,1,2.753303964757709,72.64,0.04,,0,2,2
2026-08-07T08:00:00+08:00,1786060800000,exit,short,green_histogram_shrinking,1,2.7491408934707904,72.64,0.03993951890034365,0.22246597938144175,0,1,1
2026-08-07T09:30:00+08:00,1786066200000,exit,short,golden_cross_flip_close_opposite,1,2.753303964757709,72.71,0.0400385462555066,-0.2727698237885275,0,0,0
2026-08-07T09:30:00+08:00,1786066200000,entry,long,golden_cross_flip_open_one_unit,1,2.7506532801540367,72.71,0.04,,1,0,1
2026-08-07T10:30:00+08:00,1786069800000,exit,long,red_histogram_shrinking,1,2.7506532801540367,72.57,0.03992298170815569,-0.46501444092972233,0,0,0
2026-08-07T17:30:00+08:00,1786095000000,entry,long,zero_axis_up_open,1,2.721829069134458,73.48,0.04,,1,0,1
2026-08-07T19:00:00+08:00,1786100400000,exit,long,red_histogram_shrinking,1,2.721829069134458,73.5,0.040010887316276535,-0.025574305933598204,0,0,0
2026-08-08T01:30:00+08:00,1786123800000,entry,short,dead_cross_open,1,2.730748225013654,73.24,0.04,,0,1,1
2026-08-08T02:30:00+08:00,1786127400000,entry,short,green_histogram_expansion_add,1,2.7229407760381212,73.45,0.04,,0,2,2
2026-08-08T03:30:00+08:00,1786131000000,exit,short,green_histogram_shrinking,1,2.730748225013654,73.79,0.04030038230475151,-1.5822119060622923,0,1,1
2026-08-08T05:30:00+08:00,1786138200000,entry,short,green_histogram_expansion_add,1,2.7140724657348354,73.69,0.04,,0,2,2
2026-08-08T08:30:00+08:00,1786149000000,exit,short,green_histogram_shrinking,1,2.7229407760381212,73.63,0.04009802586793738,-0.5702273655547792,0,1,1
2026-08-08T10:30:00+08:00,1786156200000,exit,short,golden_cross_flip_close_opposite,1,2.7140724657348354,73.91,0.040119419188492336,-0.6772153616501532,0,0,0
2026-08-08T10:30:00+08:00,1786156200000,entry,long,golden_cross_flip_open_one_unit,1,2.705993776214315,73.91,0.04,,1,0,1
2026-08-08T11:30:00+08:00,1786159800000,entry,long,red_histogram_expansion_add,1,2.698327037236913,74.12,0.04,,2,0,2
2026-08-08T14:00:00+08:00,1786168800000,exit,long,red_histogram_shrinking,1,2.705993776214315,74.61,0.040378839128670005,1.8138168042213583,1,0,1
2026-08-08T19:00:00+08:00,1786186800000,exit,long,fixed_take_profit,1,2.698327037236913,75.6024,0.0408,3.9191999999999956,0,0,0
2026-08-09T03:00:00+08:00,1786215600000,entry,short,dead_cross_open,1,2.628120893561104,76.1,0.04,,0,1,1
2026-08-09T04:00:00+08:00,1786219200000,entry,short,green_histogram_expansion_add,1,2.627430373095113,76.12,0.04,,0,2,2
2026-08-09T05:30:00+08:00,1786224600000,exit,short,green_histogram_shrinking,1,2.628120893561104,76.28,0.040094612352168206,-0.5531563731931848,0,1,1
2026-08-09T06:30:00+08:00,1786228200000,entry,short,green_histogram_expansion_add,1,2.6246719160104988,76.2,0.04,,0,2,2
2026-08-09T09:00:00+08:00,1786237200000,exit,short,green_histogram_shrinking,1,2.627430373095113,75.98,0.039926431949553344,0.28791382028376394,0,1,1
2026-08-09T10:00:00+08:00,1786240800000,exit,short,green_histogram_shrinking,1,2.6246719160104988,75.83,0.039805774278215224,0.8913228346456813,0,0,0
2026-08-09T15:30:00+08:00,1786260600000,entry,long,golden_cross_open,1,2.6202017555351764,76.33,0.04,,1,0,1
2026-08-09T16:30:00+08:00,1786264200000,entry,long,red_histogram_expansion_add,1,2.619515389652914,76.35,0.04,,2,0,2
2026-08-09T17:00:00+08:00,1786266000000,exit,long,red_histogram_shrinking,1,2.6202017555351764,76.28,0.03997379798244466,-0.21098388575919605,1,0,1
2026-08-09T18:30:00+08:00,1786271400000,entry,long,red_histogram_expansion_add,1,2.6147208785462155,76.49,0.04,,2,0,2
2026-08-09T19:00:00+08:00,1786273200000,exit,long,red_histogram_shrinking,1,2.619515389652914,76.35,0.039999999999999994,-0.07999999999999999,1,0,1
2026-08-09T21:00:00+08:00,1786280400000,exit,long,dead_cross_flip_close_opposite,1,2.6147208785462155,76.33,0.03991632893188653,-0.49827166949927204,0,0,0
2026-08-09T21:00:00+08:00,1786280400000,entry,short,dead_cross_flip_open_one_unit,1,2.6202017555351764,76.33,0.04,,0,1,1
2026-08-09T21:30:00+08:00,1786282200000,exit,short,golden_cross_flip_close_opposite,1,2.6202017555351764,76.69,0.04018865452639853,-1.0234612865190607,0,0,0
2026-08-09T21:30:00+08:00,1786282200000,entry,long,golden_cross_flip_open_one_unit,1,2.6079019428869477,76.69,0.04,,1,0,1
2026-08-09T22:00:00+08:00,1786284000000,exit,long,red_histogram_shrinking,1,2.6079019428869477,76.54,0.0399217629417134,-0.47110705437473327,0,0,0
2026-08-10T05:00:00+08:00,1786309200000,entry,short,dead_cross_open,1,2.5896672277612325,77.23,0.04,,0,1,1
2026-08-10T05:30:00+08:00,1786311000000,exit,short,green_histogram_shrinking,1,2.5896672277612325,77.34,0.04005697267901075,-0.36492036773274483,0,0,0
2026-08-10T10:30:00+08:00,1786329000000,entry,short,zero_axis_down_open,1,2.6147208785462155,76.49,0.04,,0,1,1
2026-08-10T11:00:00+08:00,1786330800000,exit,short,green_histogram_shrinking,1,2.6147208785462155,76.78,0.04015165381095569,-0.8384207085893746,0,0,0
2026-08-10T11:30:00+08:00,1786332600000,entry,short,zero_axis_down_open,1,2.608242044861763,76.68,0.04,,0,1,1
2026-08-10T15:00:00+08:00,1786345200000,exit,short,golden_cross_flip_close_opposite,1,2.608242044861763,76.95,0.04014084507042254,-0.7843661971830882,0,0,0
2026-08-10T15:00:00+08:00,1786345200000,entry,long,golden_cross_flip_open_one_unit,1,2.599090318388564,76.95,0.04,,1,0,1
2026-08-10T16:00:00+08:00,1786348800000,entry,long,red_histogram_expansion_add,1,2.599090318388564,76.95,0.04,,2,0,2
2026-08-10T17:00:00+08:00,1786352400000,exit,long,red_histogram_shrinking,1,2.599090318388564,76.92,0.03998440545808967,-0.15795711500974954,1,0,1
2026-08-10T18:00:00+08:00,1786356000000,exit,long,dead_cross_flip_close_opposite,1,2.599090318388564,76.53,0.03978167641325536,-1.1713996101364565,0,0,0
2026-08-10T18:00:00+08:00,1786356000000,entry,short,dead_cross_flip_open_one_unit,1,2.6133542401672547,76.53,0.04,,0,1,1
2026-08-10T19:00:00+08:00,1786359600000,exit,short,green_histogram_shrinking,1,2.6133542401672547,76.79,0.040135894420488705,-0.7596079968639884,0,0,0
2026-08-10T20:00:00+08:00,1786363200000,entry,long,golden_cross_open,1,2.597065316192702,77.01,0.04,,1,0,1
2026-08-10T20:30:00+08:00,1786365000000,exit,long,red_histogram_shrinking,1,2.597065316192702,76.84,0.039911699779249445,-0.5214128035320131,0,0,0
2026-08-10T21:00:00+08:00,1786366800000,entry,short,dead_cross_open,1,2.6109660574412534,76.6,0.04,,0,1,1
2026-08-10T22:00:00+08:00,1786370400000,entry,short,zero_axis_down_add,1,2.622263012980202,76.27,0.04,,0,2,2
2026-08-10T22:30:00+08:00,1786372200000,exit,short,green_histogram_shrinking,1,2.6109660574412534,76.6,0.04,-0.08,0,1,1
2026-08-10T23:30:00+08:00,1786375800000,entry,short,green_histogram_expansion_add,1,2.632271650434325,75.98,0.04,,0,2,2
2026-08-11T01:30:00+08:00,1786383000000,exit,short,green_histogram_shrinking,1,2.622263012980202,75.91,0.03981119706306543,0.8642034876098057,0,1,1
2026-08-11T04:30:00+08:00,1786393800000,exit,short,golden_cross_flip_close_opposite,1,2.632271650434325,76.3,0.0401684653856278,-0.9224953935245939,0,0,0
2026-08-11T04:30:00+08:00,1786393800000,entry,long,golden_cross_flip_open_one_unit,1,2.6212319790301444,76.3,0.04,,1,0,1
2026-08-11T05:30:00+08:00,1786397400000,entry,long,red_histogram_expansion_add,1,2.6178010471204187,76.4,0.04,,2,0,2
2026-08-11T06:30:00+08:00,1786401000000,exit,long,red_histogram_shrinking,1,2.6212319790301444,76.16,0.03992660550458716,-0.44689908256880884,1,0,1
2026-08-11T09:00:00+08:00,1786410000000,exit,long,dead_cross_flip_close_opposite,1,2.6178010471204187,75.86,0.03971727748691099,-1.4933298429319535,0,0,0
2026-08-11T09:00:00+08:00,1786410000000,entry,short,dead_cross_flip_open_one_unit,1,2.636435539151068,75.86,0.04,,0,1,1
2026-08-11T10:00:00+08:00,1786413600000,exit,short,golden_cross_flip_close_opposite,1,2.636435539151068,76.07,0.040110730292644343,-0.6337621935143521,0,0,0
2026-08-11T10:00:00+08:00,1786413600000,entry,long,golden_cross_flip_open_one_unit,1,2.629157355067701,76.07,0.04,,1,0,1
2026-08-11T11:00:00+08:00,1786417200000,entry,long,red_histogram_expansion_add,1,2.6315789473684212,76.0,0.04,,2,0,2
2026-08-11T12:00:00+08:00,1786420800000,exit,long,red_histogram_shrinking,1,2.629157355067701,76.04,0.039984225055869606,-0.15885894570786627,1,0,1
2026-08-11T13:00:00+08:00,1786424400000,exit,long,red_histogram_shrinking,1,2.6315789473684212,76.04,0.04002105263157896,0.025242105263174358,0,0,0
2026-08-11T14:00:00+08:00,1786428000000,entry,short,dead_cross_open,1,2.6395671109937973,75.77,0.04,,0,1,1
2026-08-11T14:30:00+08:00,1786429800000,exit,short,green_histogram_shrinking,1,2.6395671109937973,75.94,0.040089745281773795,-0.5288161541507238,0,0,0
2026-08-11T18:00:00+08:00,1786442400000,entry,long,golden_cross_open,1,2.636783124588003,75.85,0.04,,1,0,1
2026-08-11T19:00:00+08:00,1786446000000,entry,long,red_histogram_expansion_add,1,2.6346989856408904,75.91,0.04,,2,0,2
2026-08-11T20:30:00+08:00,1786451400000,exit,long,red_histogram_shrinking,1,2.636783124588003,75.83,0.03998945286750165,-0.13272511535925122,1,0,1
2026-08-11T22:30:00+08:00,1786458600000,exit,long,red_histogram_shrinking,1,2.6346989856408904,75.59,0.03983137926491899,-0.9229350546699859,0,0,0
2026-08-11T23:00:00+08:00,1786460400000,entry,short,dead_cross_open,1,2.660989888238425,75.16,0.04,,0,1,1
2026-08-12T00:00:00+08:00,1786464000000,entry,short,green_histogram_expansion_add,1,2.670940170940171,74.88,0.04,,0,2,2
2026-08-12T01:30:00+08:00,1786469400000,exit,short,green_histogram_shrinking,1,2.660989888238425,75.03,0.03993081426290581,0.2659978712080774,0,1,1
2026-08-12T04:00:00+08:00,1786478400000,exit,short,golden_cross_flip_close_opposite,1,2.670940170940171,75.61,0.04038995726495727,-2.030176282051293,0,0,0
2026-08-12T04:00:00+08:00,1786478400000,entry,long,golden_cross_flip_open_one_unit,1,2.6451527575717497,75.61,0.04,,1,0,1
2026-08-12T05:00:00+08:00,1786482000000,entry,long,red_histogram_expansion_add,1,2.6312327325351927,76.01,0.04,,2,0,2
2026-08-12T07:30:00+08:00,1786491000000,exit,long,red_histogram_shrinking,1,2.6451527575717497,76.23,0.0403279989419389,1.559666710752558,1,0,1
2026-08-12T14:00:00+08:00,1786514400000,exit,long,dead_cross_flip_close_opposite,1,2.6312327325351927,76.28,0.040142086567556905,0.6302907512169347,0,0,0
2026-08-12T14:00:00+08:00,1786514400000,entry,short,dead_cross_flip_open_one_unit,1,2.6219192448872572,76.28,0.04,,0,1,1
2026-08-12T15:00:00+08:00,1786518000000,entry,short,green_histogram_expansion_add,1,2.6312327325351927,76.01,0.04,,0,2,2
2026-08-12T16:00:00+08:00,1786521600000,exit,short,green_histogram_shrinking,1,2.6219192448872572,76.23,0.03997378080755113,0.05112218143680427,0,1,1
2026-08-12T17:30:00+08:00,1786527000000,exit,short,golden_cross_flip_close_opposite,1,2.6312327325351927,76.73,0.04037889751348507,-1.974866464938821,0,0,0
2026-08-12T17:30:00+08:00,1786527000000,entry,long,golden_cross_flip_open_one_unit,1,2.6065424214779096,76.73,0.04,,1,0,1
2026-08-12T18:30:00+08:00,1786530600000,entry,long,red_histogram_expansion_add,1,2.6079019428869477,76.69,0.04,,2,0,2
2026-08-12T21:00:00+08:00,1786539600000,exit,long,red_histogram_shrinking,1,2.6065424214779096,76.61,0.039937442981884536,-0.39272253355924547,1,0,1
2026-08-12T22:00:00+08:00,1786543200000,exit,long,bearish_divergence_confirmed_dead_cross_close_opposite,1,2.6079019428869477,76.19,0.03973920980571131,-1.383690181249185,0,0,0
2026-08-12T22:00:00+08:00,1786543200000,entry,short,bearish_divergence_confirmed_dead_cross_open_one_unit,1,2.6250164063525396,76.19,0.04,,0,1,1
2026-08-12T23:00:00+08:00,1786546800000,entry,short,zero_axis_down_add,1,2.6518164942985947,75.42,0.04,,0,2,2
2026-08-13T00:30:00+08:00,1786552200000,exit,short,green_histogram_shrinking,1,2.6250164063525396,75.73,0.03975849849061557,1.1277490484315362,0,1,1
2026-08-13T06:00:00+08:00,1786572000000,entry,short,green_histogram_expansion_add,1,2.6518164942985947,75.42,0.04,,0,2,2
2026-08-13T06:30:00+08:00,1786573800000,exit,short,green_histogram_shrinking,1,2.6518164942985947,75.54,0.040063643595863174,-0.3982816229117066,0,1,1
2026-08-13T10:00:00+08:00,1786586400000,exit,short,golden_cross_flip_close_opposite,1,2.6518164942985947,75.59,0.04009016176080615,-0.5308989657915717,0,0,0
2026-08-13T10:00:00+08:00,1786586400000,entry,long,golden_cross_flip_open_one_unit,1,2.645852626008731,75.59,0.04,,1,0,1
2026-08-13T11:00:00+08:00,1786590000000,entry,long,red_histogram_expansion_add,1,2.6340050046095085,75.93,0.04,,2,0,2
2026-08-13T12:30:00+08:00,1786595400000,exit,long,red_histogram_shrinking,1,2.645852626008731,76.03,0.04023283503108877,1.083942320412747,1,0,1
2026-08-13T14:00:00+08:00,1786600800000,entry,long,red_histogram_expansion_add,1,2.615062761506276,76.48,0.04,,2,0,2
2026-08-13T14:30:00+08:00,1786602600000,exit,long,red_histogram_shrinking,1,2.6340050046095085,76.4,0.04024759647043329,1.1577347556960327,1,0,1
2026-08-13T15:30:00+08:00,1786606200000,exit,long,red_histogram_shrinking,1,2.615062761506276,76.45,0.03998430962343096,-0.15843619246862223,0,0,0
2026-08-13T18:30:00+08:00,1786617000000,entry,short,dead_cross_open,1,2.638522427440633,75.8,0.04,,0,1,1
2026-08-13T19:30:00+08:00,1786620600000,entry,short,zero_axis_down_add,1,2.6465528648934766,75.57,0.04,,0,2,2
2026-08-13T20:30:00+08:00,1786624200000,exit,short,green_histogram_shrinking,1,2.638522427440633,75.83,0.040015831134564646,-0.15917150395778665,0,1,1
2026-08-13T22:30:00+08:00,1786631400000,exit,short,golden_cross_flip_close_opposite,1,2.6465528648934766,76.24,0.040354638083895736,-1.8535450575625296,0,0,0
2026-08-13T22:30:00+08:00,1786631400000,entry,long,golden_cross_flip_open_one_unit,1,2.623294858342078,76.24,0.04,,1,0,1
2026-08-13T23:30:00+08:00,1786635000000,exit,long,red_histogram_shrinking,1,2.623294858342078,76.03,0.03988982161594964,-0.6307817418677697,0,0,0
2026-08-14T00:00:00+08:00,1786636800000,entry,short,dead_cross_open,1,2.6455026455026456,75.6,0.04,,0,1,1
2026-08-14T01:00:00+08:00,1786640400000,entry,short,green_histogram_expansion_add,1,2.6472534745201854,75.55,0.04,,0,2,2
2026-08-14T01:30:00+08:00,1786642200000,exit,short,green_histogram_shrinking,1,2.6455026455026456,75.78,0.0400952380952381,-0.5562857142857324,0,1,1
2026-08-14T03:30:00+08:00,1786649400000,exit,short,golden_cross_flip_close_opposite,1,2.6472534745201854,76.09,0.040285903375248185,-1.509802779616165,0,0,0
2026-08-14T03:30:00+08:00,1786649400000,entry,long,golden_cross_flip_open_one_unit,1,2.6284662899198317,76.09,0.04,,1,0,1
2026-08-14T04:30:00+08:00,1786653000000,entry,long,zero_axis_up_add,1,2.623638987275351,76.23,0.04,,2,0,2
2026-08-14T05:30:00+08:00,1786656600000,exit,long,red_histogram_shrinking,1,2.6284662899198317,76.14,0.040026284662899196,0.0513970298330849,1,0,1
2026-08-14T07:00:00+08:00,1786662000000,exit,long,red_histogram_shrinking,1,2.623638987275351,76.2,0.03998425816607635,-0.15869342778433984,0,0,0
2026-08-14T09:30:00+08:00,1786671000000,entry,short,dead_cross_open,1,2.6329647182727753,75.96,0.04,,0,1,1
2026-08-14T10:30:00+08:00,1786674600000,entry,short,green_histogram_expansion_add,1,2.6312327325351927,76.01,0.04,,0,2,2
2026-08-14T12:30:00+08:00,1786681800000,exit,short,green_histogram_shrinking,1,2.6329647182727753,75.9,0.03996840442338073,0.07800947867295435,0,1,1
2026-08-14T13:30:00+08:00,1786685400000,exit,short,green_histogram_shrinking,1,2.6312327325351927,75.84,0.03991053808709381,0.36739902644389344,0,0,0
2026-08-15T00:00:00+08:00,1786723200000,entry,long,golden_cross_open,1,2.6455026455026456,75.6,0.04,,1,0,1
2026-08-15T01:00:00+08:00,1786726800000,entry,long,red_histogram_expansion_add,1,2.6514649343762424,75.43,0.04,,2,0,2
2026-08-15T02:00:00+08:00,1786730400000,exit,long,red_histogram_shrinking,1,2.6455026455026456,75.25,0.03981481481481482,-1.0057407407407257,1,0,1
2026-08-15T02:30:00+08:00,1786732200000,exit,long,dead_cross_flip_close_opposite,1,2.6514649343762424,75.12,0.03983560917406867,-0.9017897388307099,0,0,0
2026-08-15T02:30:00+08:00,1786732200000,entry,short,dead_cross_flip_open_one_unit,1,2.662406815761448,75.12,0.04,,0,1,1
2026-08-15T03:30:00+08:00,1786735800000,entry,short,green_histogram_expansion_add,1,2.674154298703035,74.79,0.04,,0,2,2
2026-08-15T04:30:00+08:00,1786739400000,exit,short,green_histogram_shrinking,1,2.662406815761448,75.16,0.040021299254526084,-0.18651757188496282,0,1,1
2026-08-15T07:00:00+08:00,1786748400000,exit,short,golden_cross_flip_close_opposite,1,2.674154298703035,75.15,0.04019253910950662,-1.0428880866425976,0,0,0
2026-08-15T07:00:00+08:00,1786748400000,entry,long,golden_cross_flip_open_one_unit,1,2.661343978709248,75.15,0.04,,1,0,1
2026-08-15T08:00:00+08:00,1786752000000,entry,long,red_histogram_expansion_add,1,2.653927813163482,75.36,0.04,,2,0,2
2026-08-15T12:00:00+08:00,1786766400000,exit,long,red_histogram_shrinking,1,2.661343978709248,75.36,0.040111776447105785,0.47877045908181964,1,0,1
2026-08-15T16:00:00+08:00,1786780800000,exit,long,dead_cross_flip_close_opposite,1,2.653927813163482,75.2,0.039915074309978774,-0.5045435244161268,0,0,0
2026-08-15T16:00:00+08:00,1786780800000,entry,short,dead_cross_flip_open_one_unit,1,2.6595744680851063,75.2,0.04,,0,1,1
2026-08-15T17:00:00+08:00,1786784400000,entry,short,green_histogram_expansion_add,1,2.6652452025586353,75.04,0.04,,0,2,2
2026-08-15T18:00:00+08:00,1786788000000,exit,short,green_histogram_shrinking,1,2.6595744680851063,75.2,0.04,-0.08,0,1,1
2026-08-15T21:00:00+08:00,1786798800000,exit,short,golden_cross_flip_close_opposite,1,2.6652452025586353,75.37,0.04017590618336887,-0.959706823027714,0,0,0
2026-08-15T21:00:00+08:00,1786798800000,entry,long,golden_cross_flip_open_one_unit,1,2.65357569324665,75.37,0.04,,1,0,1
2026-08-15T22:00:00+08:00,1786802400000,entry,long,zero_axis_up_add,1,2.648655807177857,75.51,0.04,,2,0,2
2026-08-15T23:00:00+08:00,1786806000000,exit,long,red_histogram_shrinking,1,2.65357569324665,75.4,0.040015921454159484,-0.0004086506567569717,1,0,1
2026-08-16T00:30:00+08:00,1786811400000,exit,long,red_histogram_shrinking,1,2.648655807177857,75.45,0.03996821613031387,-0.23888756456099133,0,0,0
2026-08-16T07:30:00+08:00,1786836600000,entry,short,bearish_divergence_confirmed_dead_cross,1,2.654632333421821,75.34,0.04,,0,1,1
2026-08-16T08:30:00+08:00,1786840200000,entry,short,green_histogram_expansion_add,1,2.65357569324665,75.37,0.04,,0,2,2
2026-08-16T09:00:00+08:00,1786842000000,exit,short,green_histogram_shrinking,1,2.654632333421821,75.42,0.040042474117334755,-0.29241306079107593,0,1,1
2026-08-16T09:30:00+08:00,1786843800000,entry,short,zero_axis_down_add,1,2.6553372278279346,75.32,0.04,,0,2,2
2026-08-16T10:00:00+08:00,1786845600000,exit,short,green_histogram_shrinking,1,2.65357569324665,75.38,0.04000530715138649,-0.10654106408382885,0,1,1
2026-08-16T11:30:00+08:00,1786851000000,exit,short,golden_cross_flip_close_opposite,1,2.6553372278279346,75.55,0.04012214551248009,-0.6908497079129156,0,0,0
2026-08-16T11:30:00+08:00,1786851000000,entry,long,golden_cross_flip_open_one_unit,1,2.6472534745201854,75.55,0.04,,1,0,1
2026-08-16T12:30:00+08:00,1786854600000,entry,long,red_histogram_expansion_add,1,2.647603918453799,75.54,0.04,,2,0,2
2026-08-16T13:00:00+08:00,1786856400000,exit,long,bearish_divergence_confirmed_dead_cross_close_opposite,2,5.294857392973984,75.41,0.07985703920083363,-0.8746610350326806,0,0,0
2026-08-16T13:00:00+08:00,1786856400000,entry,short,bearish_divergence_confirmed_dead_cross_open_one_unit,1,2.652168147460549,75.41,0.04,,0,1,1
2026-08-16T14:00:00+08:00,1786860000000,entry,short,zero_axis_down_add,1,2.655689815429558,75.31,0.04,,0,2,2
2026-08-16T15:30:00+08:00,1786865400000,exit,short,green_histogram_shrinking,1,2.652168147460549,75.41,0.04,-0.08,0,1,1
2026-08-16T18:30:00+08:00,1786876200000,entry,short,green_histogram_expansion_add,1,2.6602819898909282,75.18,0.04,,0,2,2
2026-08-16T19:30:00+08:00,1786879800000,exit,short,green_histogram_shrinking,1,2.655689815429558,75.26,0.03997344310184571,0.05281104766962462,0,1,1
2026-08-16T21:30:00+08:00,1786887000000,exit,short,green_histogram_shrinking,1,2.6602819898909282,75.37,0.04010109071561586,-0.5855546687948862,0,0,0
2026-08-16T23:00:00+08:00,1786892400000,entry,long,golden_cross_open,1,2.6542800265428004,75.35,0.04,,1,0,1
2026-08-17T00:00:00+08:00,1786896000000,entry,long,zero_axis_up_add,1,2.647954455183371,75.53,0.04,,2,0,2
2026-08-17T01:30:00+08:00,1786901400000,exit,long,red_histogram_shrinking,1,2.6542800265428004,75.41,0.04003185136031851,0.07922495023225554,1,0,1
2026-08-17T02:30:00+08:00,1786905000000,exit,long,dead_cross_flip_close_opposite,1,2.647954455183371,75.14,0.0397934595524957,-1.112495697074012,0,0,0
2026-08-17T02:30:00+08:00,1786905000000,entry,short,dead_cross_flip_open_one_unit,1,2.6616981634282673,75.14,0.04,,0,1,1
2026-08-17T03:30:00+08:00,1786908600000,exit,short,green_histogram_shrinking,1,2.6616981634282673,75.3,0.040085174341229705,-0.5059568804897433,0,0,0
2026-08-17T10:00:00+08:00,1786932000000,entry,long,golden_cross_open,1,2.664890073284477,75.05,0.04,,1,0,1
2026-08-17T11:00:00+08:00,1786935600000,entry,long,red_histogram_expansion_add,1,2.6507620941020544,75.45,0.04,,2,0,2
2026-08-17T13:30:00+08:00,1786944600000,exit,long,red_histogram_shrinking,1,2.664890073284477,75.45,0.04021319120586276,0.9857428381079432,1,0,1
2026-08-17T15:30:00+08:00,1786951800000,entry,long,red_histogram_expansion_add,1,2.637478570486615,75.83,0.04,,2,0,2
2026-08-17T16:00:00+08:00,1786953600000,exit,long,red_histogram_shrinking,1,2.6507620941020544,75.75,0.04015904572564613,0.7150695825049627,1,0,1
2026-08-17T19:00:00+08:00,1786964400000,entry,long,red_histogram_expansion_add,1,2.641310089804543,75.72,0.04,,2,0,2
2026-08-17T20:00:00+08:00,1786968000000,exit,long,red_histogram_shrinking,1,2.637478570486615,75.65,0.03990505077146249,-0.5546511934590337,1,0,1
2026-08-17T21:00:00+08:00,1786971600000,exit,long,dead_cross_flip_close_opposite,1,2.641310089804543,75.4,0.03983095615425252,-0.9250501848916883,0,0,0
2026-08-17T21:00:00+08:00,1786971600000,entry,short,dead_cross_flip_open_one_unit,1,2.652519893899204,75.4,0.04,,0,1,1
2026-08-17T22:00:00+08:00,1786975200000,exit,short,green_histogram_shrinking,1,2.652519893899204,75.59,0.040100795755968165,-0.5840795755968109,0,0,0
2026-08-17T23:00:00+08:00,1786978800000,entry,long,bullish_divergence_confirmed_golden_cross,1,2.633658151171978,75.94,0.04,,1,0,1
2026-08-18T00:00:00+08:00,1786982400000,entry,long,red_histogram_expansion_add,1,2.6295030239284776,76.06,0.04,,2,0,2
2026-08-18T01:00:00+08:00,1786986000000,exit,long,red_histogram_shrinking,1,2.633658151171978,75.96,0.040010534632604684,-0.027337371609175605,1,0,1
2026-08-18T04:00:00+08:00,1786996800000,exit,long,dead_cross_flip_close_opposite,1,2.6295030239284776,75.76,0.0398422298185643,-0.8686931369971002,0,0,0
2026-08-18T04:00:00+08:00,1786996800000,entry,short,dead_cross_flip_open_one_unit,1,2.6399155227032733,75.76,0.04,,0,1,1
2026-08-18T05:00:00+08:00,1787000400000,exit,short,green_histogram_shrinking,1,2.6399155227032733,75.95,0.04010031678986273,-0.5816842661034787,0,0,0
2026-08-18T11:00:00+08:00,1787022000000,entry,short,zero_axis_down_open,1,2.6578073089700998,75.25,0.04,,0,1,1
2026-08-18T12:00:00+08:00,1787025600000,exit,short,green_histogram_shrinking,1,2.6578073089700998,75.46,0.04011162790697674,-0.6382511627906812,0,0,0
2026-08-18T14:30:00+08:00,1787034600000,entry,long,golden_cross_open,1,2.6346989856408904,75.91,0.04,,1,0,1
2026-08-18T15:30:00+08:00,1787038200000,entry,long,red_histogram_expansion_add,1,2.632271650434325,75.98,0.04,,2,0,2
2026-08-18T16:30:00+08:00,1787041800000,exit,long,red_histogram_shrinking,1,2.6346989856408904,75.87,0.039978922408114875,-0.1853668818337295,1,0,1
2026-08-18T17:30:00+08:00,1787045400000,exit,long,red_histogram_shrinking,1,2.632271650434325,75.86,0.03993682548038958,-0.3958094235325205,0,0,0
2026-08-19T05:00:00+08:00,1787086800000,entry,short,dead_cross_open,1,2.602472348731295,76.85,0.04,,0,1,1
2026-08-19T06:00:00+08:00,1787090400000,entry,short,green_histogram_expansion_add,1,2.599090318388564,76.95,0.04,,0,2,2
2026-08-19T07:30:00+08:00,1787095800000,exit,short,green_histogram_shrinking,1,2.602472348731295,77.07,0.04011450878334418,-0.6526584255042263,0,1,1
2026-08-19T08:30:00+08:00,1787099400000,entry,short,green_histogram_expansion_add,1,2.600442075152776,76.91,0.04,,0,2,2
2026-08-19T10:30:00+08:00,1787106600000,exit,short,green_histogram_shrinking,1,2.599090318388564,76.83,0.039937621832358675,0.23195321637428085,0,1,1
2026-08-19T11:30:00+08:00,1787110200000,exit,short,green_histogram_shrinking,1,2.600442075152776,76.96,0.04002600442075153,-0.21004810817838296,0,0,0
2026-08-19T17:00:00+08:00,1787130000000,entry,long,golden_cross_open,1,2.58631837579206,77.33,0.04,,1,0,1
2026-08-19T18:00:00+08:00,1787133600000,entry,long,red_histogram_expansion_add,1,2.588326646822829,77.27,0.04,,2,0,2
2026-08-19T18:30:00+08:00,1787135400000,exit,long,red_histogram_shrinking,1,2.58631837579206,77.22,0.039943100995732575,-0.36443812233285766,1,0,1
2026-08-19T19:30:00+08:00,1787139000000,entry,long,red_histogram_expansion_add,1,2.5793139025019345,77.54,0.04,,2,0,2
2026-08-19T20:30:00+08:00,1787142600000,exit,long,red_histogram_shrinking,1,2.588326646822829,77.47,0.04010353306587291,0.43756179629870023,1,0,1
2026-08-19T21:30:00+08:00,1787146200000,entry,long,red_histogram_expansion_add,1,2.54841997961264,78.48,0.04,,2,0,2
2026-08-19T22:30:00+08:00,1787149800000,exit,long,fixed_take_profit,1,2.5793139025019345,79.56731167799,0.04104581463914883,5.148027381104982,1,0,1
2026-08-19T23:00:00+08:00,1787151600000,exit,long,fixed_take_profit,1,2.54841997961264,80.84,0.041202854230377166,5.933068297655451,0,0,0
2026-08-20T10:00:00+08:00,1787191200000,entry,short,dead_cross_open,1,2.3432923257176332,85.35,0.04,,0,1,1
2026-08-20T11:00:00+08:00,1787194800000,entry,short,green_histogram_expansion_add,1,2.359882005899705,84.75,0.04,,0,2,2
2026-08-20T13:00:00+08:00,1787202000000,exit,short,green_histogram_shrinking,1,2.3432923257176332,84.82,0.03975161101347393,1.1621933216168743,0,1,1
2026-08-20T17:00:00+08:00,1787216400000,exit,short,golden_cross_flip_close_opposite,1,2.359882005899705,87.5,0.041297935103244844,-6.570973451327434,0,0,0
2026-08-20T17:00:00+08:00,1787216400000,entry,long,golden_cross_flip_open_one_unit,1,2.2857142857142856,87.5,0.04,,1,0,1
2026-08-20T18:00:00+08:00,1787220000000,exit,long,red_histogram_shrinking,1,2.2857142857142856,87.31,0.039913142857142855,-0.5141988571428519,0,0,0
2026-08-20T19:30:00+08:00,1787225400000,entry,short,bearish_divergence_confirmed_dead_cross,1,2.2951572182694515,87.14,0.04,,0,1,1
2026-08-20T20:30:00+08:00,1787229000000,entry,short,green_histogram_expansion_add,1,2.300966405890474,86.92,0.04,,0,2,2
2026-08-20T23:30:00+08:00,1787239800000,exit,short,green_histogram_shrinking,1,2.2951572182694515,87.02,0.03994491622676154,0.1954739499655831,0,1,1
2026-08-21T03:00:00+08:00,1787252400000,entry,short,green_histogram_expansion_add,1,2.3038820412394885,86.81,0.04,,0,2,2
2026-08-21T03:30:00+08:00,1787254200000,exit,short,green_histogram_shrinking,1,2.300966405890474,87.25,0.04015186378278877,-0.8394707777266414,0,1,1
2026-08-21T07:30:00+08:00,1787268600000,exit,short,green_histogram_shrinking,1,2.3038820412394885,87.81,0.0404607764082479,-2.3843428176477364,0,0,0
2026-08-21T09:30:00+08:00,1787275800000,entry,long,golden_cross_open,1,2.2637238256932655,88.35,0.04,,1,0,1
2026-08-21T10:30:00+08:00,1787279400000,entry,long,red_histogram_expansion_add,1,2.2373867322966774,89.39,0.04,,2,0,2
2026-08-21T12:00:00+08:00,1787284800000,exit,long,red_histogram_shrinking,1,2.2637238256932655,89.08,0.04033050367855122,1.5721878890775414,1,0,1
2026-08-21T13:30:00+08:00,1787290200000,entry,long,red_histogram_expansion_add,1,2.232142857142857,89.6,0.04,,2,0,2
2026-08-21T14:00:00+08:00,1787292000000,exit,long,fixed_take_profit,1,2.2373867322966774,91.28477434493546,0.040847868596010944,4.158495111458707,1,0,1
2026-08-21T14:30:00+08:00,1787293800000,exit,long,red_histogram_shrinking,1,2.232142857142857,90.03,0.04019196428571429,0.8796294642857295,0,0,0
2026-08-21T20:00:00+08:00,1787313600000,entry,short,dead_cross_open,1,2.2148394241417497,90.3,0.04,,0,1,1
2026-08-21T21:00:00+08:00,1787317200000,entry,short,green_histogram_expansion_add,1,2.201188641866608,90.86,0.04,,0,2,2
2026-08-21T22:00:00+08:00,1787320800000,exit,short,green_histogram_shrinking,1,2.2148394241417497,91.04,0.040327796234772985,-1.719308970099688,0,1,1
2026-08-22T00:30:00+08:00,1787329800000,entry,short,green_histogram_expansion_add,1,2.1860312602470215,91.49,0.04,,0,2,2
2026-08-22T01:00:00+08:00,1787331600000,exit,short,green_histogram_shrinking,1,2.201188641866608,91.6,0.040325775918996255,-1.709205370900275,0,1,1
2026-08-22T02:00:00+08:00,1787335200000,exit,short,green_histogram_shrinking,1,2.1860312602470215,91.79,0.04013116187561482,-0.7359405399497462,0,0,0
2026-08-22T06:00:00+08:00,1787349600000,entry,long,golden_cross_open,1,2.1340162185232607,93.72,0.04,,1,0,1
2026-08-22T07:00:00+08:00,1787353200000,entry,long,red_histogram_expansion_add,1,2.1208907741251326,94.3,0.04,,2,0,2
2026-08-22T08:00:00+08:00,1787356800000,exit,long,red_histogram_shrinking,1,2.1340162185232607,93.71,0.03999573196756295,-0.10133589415280647,1,0,1
2026-08-22T11:00:00+08:00,1787367600000,entry,long,red_histogram_expansion_add,1,2.091612633340305,95.62,0.04,,2,0,2
2026-08-22T11:00:00+08:00,1787367600000,exit,long,fixed_take_profit,1,2.1208907741251326,96.8545210614996,0.041083572030328565,5.336776579612512,1,0,1
2026-08-22T11:30:00+08:00,1787369400000,exit,long,fixed_take_profit,1,2.091612633340305,97.53240000000001,0.0408,3.9192000000000107,0,0,0
2026-08-22T14:30:00+08:00,1787380200000,entry,short,dead_cross_open,1,2.130379207498935,93.88,0.04,,0,1,1
2026-08-22T15:30:00+08:00,1787383800000,entry,short,green_histogram_expansion_add,1,2.105484787872408,94.99,0.04,,0,2,2
2026-08-22T17:30:00+08:00,1787391000000,exit,short,green_histogram_shrinking,1,2.130379207498935,94.28,0.04017043033659992,-0.9323221133361861,0,1,1
2026-08-22T18:00:00+08:00,1787392800000,exit,short,fixed_take_profit,1,2.105484787872408,93.0902,0.039200000000000006,3.9207999999999985,0,0,0
2026-08-22T23:30:00+08:00,1787412600000,entry,short,zero_axis_down_open,1,2.144542140253056,93.26,0.04,,0,1,1
2026-08-23T00:30:00+08:00,1787416200000,exit,short,green_histogram_shrinking,1,2.144542140253056,93.89,0.040270212309671885,-1.4313317606690874,0,0,0
2026-08-23T01:00:00+08:00,1787418000000,entry,long,zero_axis_up_open,1,2.12021626205873,94.33,0.04,,1,0,1
2026-08-23T03:30:00+08:00,1787427000000,entry,long,red_histogram_expansion_add,1,2.118419658934435,94.41,0.04,,2,0,2
2026-08-23T05:00:00+08:00,1787432400000,exit,long,red_histogram_shrinking,1,2.12021626205873,94.39,0.040025442595144706,0.04718753312838389,1,0,1
2026-08-23T06:00:00+08:00,1787436000000,exit,long,dead_cross_flip_close_opposite,1,2.118419658934435,92.81,0.039322105709140985,-3.4687935600042246,0,0,0
2026-08-23T06:00:00+08:00,1787436000000,entry,short,dead_cross_flip_open_one_unit,1,2.1549402004094387,92.81,0.04,,0,1,1
2026-08-23T06:30:00+08:00,1787437800000,exit,short,green_histogram_shrinking,1,2.1549402004094387,93.89,0.040465467083288444,-2.4078008835254785,0,0,0
2026-08-23T07:30:00+08:00,1787441400000,entry,short,zero_axis_down_open,1,2.1367521367521367,93.6,0.04,,0,1,1
2026-08-23T08:00:00+08:00,1787443200000,exit,short,green_histogram_shrinking,1,2.1367521367521367,93.82,0.040094017094017095,-0.5501794871794847,0,0,0
2026-08-23T08:30:00+08:00,1787445000000,entry,long,zero_axis_up_open,1,2.1213406873143827,94.28,0.04,,1,0,1
2026-08-23T08:30:00+08:00,1787445000000,exit,long,fixed_take_profit,1,2.1213406873143827,96.1656,0.0408,3.919199999999993,0,0,0
2026-08-23T09:00:00+08:00,1787446800000,entry,long,bullish_divergence_confirmed_golden_cross,1,2.075765438505449,96.35,0.04,,1,0,1
2026-08-23T10:00:00+08:00,1787450400000,entry,long,red_histogram_expansion_add,1,2.0833333333333335,96.0,0.04,,2,0,2
2026-08-23T10:30:00+08:00,1787452200000,exit,long,red_histogram_shrinking,1,2.075765438505449,94.5,0.03923196678775299,-3.9193980280228216,1,0,1
2026-08-23T12:00:00+08:00,1787457600000,exit,long,dead_cross_flip_close_opposite,1,2.0833333333333335,93.72,0.03905,-4.829050000000002,0,0,0
2026-08-23T12:00:00+08:00,1787457600000,entry,short,dead_cross_flip_open_one_unit,1,2.1340162185232607,93.72,0.04,,0,1,1
2026-08-23T13:00:00+08:00,1787461200000,entry,short,zero_axis_down_add,1,2.1609940572663424,92.55,0.04,,0,2,2
2026-08-23T15:30:00+08:00,1787470200000,exit,short,green_histogram_shrinking,1,2.1340162185232607,92.72,0.03957319675629535,2.054443021766965,0,1,1
2026-08-23T18:30:00+08:00,1787481000000,exit,short,golden_cross_flip_close_opposite,1,2.1609940572663424,93.69,0.04049270664505673,-2.5440259319286884,0,0,0
2026-08-23T18:30:00+08:00,1787481000000,entry,long,golden_cross_flip_open_one_unit,1,2.134699541039599,93.69,0.04,,1,0,1
2026-08-23T19:30:00+08:00,1787484600000,entry,long,red_histogram_expansion_add,1,2.120665889089174,94.31,0.04,,2,0,2
2026-08-23T23:00:00+08:00,1787497200000,exit,long,red_histogram_shrinking,1,2.134699541039599,95.03,0.040572099476998615,2.7799252855160708,1,0,1
2026-08-24T04:00:00+08:00,1787515200000,exit,long,dead_cross_flip_close_opposite,1,2.120665889089174,95.05,0.040313858551585195,1.4889788993743927,0,0,0
2026-08-24T04:00:00+08:00,1787515200000,entry,short,dead_cross_flip_open_one_unit,1,2.1041557075223567,95.05,0.04,,0,1,1
2026-08-24T05:00:00+08:00,1787518800000,entry,short,green_histogram_expansion_add,1,2.1043771043771042,95.04,0.04,,0,2,2
2026-08-24T05:30:00+08:00,1787520600000,exit,short,golden_cross_flip_close_opposite,2,4.208532811899461,96.09,0.08087958357908384,-4.558797478998301,0,0,0
2026-08-24T05:30:00+08:00,1787520600000,entry,long,golden_cross_flip_open_one_unit,1,2.081382037673015,96.09,0.04,,1,0,1
2026-08-24T06:00:00+08:00,1787522400000,exit,long,red_histogram_shrinking,1,2.081382037673015,95.33,0.0396836299302737,-1.6615339785617758,0,0,0
2026-08-24T07:30:00+08:00,1787527800000,entry,short,bearish_divergence_confirmed_dead_cross,1,2.0953378732320584,95.45,0.04,,0,1,1
2026-08-24T08:30:00+08:00,1787531400000,entry,short,green_histogram_expansion_add,1,2.1164021164021163,94.5,0.04,,0,2,2
2026-08-24T09:00:00+08:00,1787533200000,exit,short,green_histogram_shrinking,1,2.0953378732320584,95.54,0.040037716081718175,-0.2686181246726106,0,1,1
2026-08-24T10:00:00+08:00,1787536800000,entry,short,green_histogram_expansion_add,1,2.131287297527707,93.84,0.04,,0,2,2
2026-08-24T10:30:00+08:00,1787538600000,exit,short,green_histogram_shrinking,1,2.1164021164021163,94.76,0.040110052910052915,-0.630374603174614,0,1,1
2026-08-24T11:30:00+08:00,1787542200000,entry,short,zero_axis_down_add,1,2.133560913164071,93.74,0.04,,0,2,2
2026-08-24T12:30:00+08:00,1787545800000,exit,short,green_histogram_shrinking,1,2.131287297527707,94.28,0.040187553282182445,-1.0179539641943687,0,1,1
2026-08-24T17:00:00+08:00,1787562000000,exit,short,green_histogram_shrinking,1,2.133560913164071,93.9,0.04006827394922126,-0.42143802005549563,0,0,0
2026-08-24T18:00:00+08:00,1787565600000,entry,long,golden_cross_open,1,2.113048071843634,94.65,0.04,,1,0,1
2026-08-24T19:00:00+08:00,1787569200000,entry,long,red_histogram_expansion_add,1,2.1119324181626187,94.7,0.04,,2,0,2
2026-08-24T20:30:00+08:00,1787574600000,exit,long,fixed_take_profit,1,2.113048071843634,96.56849326643783,0.04081077369949828,3.973057723791935,1,0,1
2026-08-24T22:00:00+08:00,1787580000000,exit,long,red_histogram_shrinking,1,2.1119324181626187,94.99,0.040122492080253425,0.5323379091868892,0,0,0
2026-08-25T02:00:00+08:00,1787594400000,entry,short,dead_cross_open,1,2.097535395909806,95.35,0.04,,0,1,1
2026-08-25T02:30:00+08:00,1787596200000,exit,short,golden_cross_flip_close_opposite,1,2.097535395909806,96.24,0.04037336130047194,-1.9471798636602005,0,0,0
2026-08-25T02:30:00+08:00,1787596200000,entry,long,golden_cross_flip_open_one_unit,1,2.0781379883624274,96.24,0.04,,1,0,1
2026-08-25T03:00:00+08:00,1787598000000,exit,long,dead_cross_flip_close_opposite,1,2.0781379883624274,95.87,0.03984621778886119,-0.8487572734829393,0,0,0
2026-08-25T03:00:00+08:00,1787598000000,entry,short,dead_cross_flip_open_one_unit,1,2.086158339417962,95.87,0.04,,0,1,1
2026-08-25T04:00:00+08:00,1787601600000,exit,short,bullish_divergence_confirmed_golden_cross_close_opposite,1,2.086158339417962,96.49,0.04025868363408783,-1.3736768540732043,0,0,0
2026-08-25T04:00:00+08:00,1787601600000,entry,long,bullish_divergence_confirmed_golden_cross_open_one_unit,1,2.0727536532283137,96.49,0.04,,1,0,1
2026-08-25T04:30:00+08:00,1787603400000,exit,long,dead_cross_flip_close_opposite,1,2.0727536532283137,95.89,0.0397512695616126,-1.3234034614985892,0,0,0
2026-08-25T04:30:00+08:00,1787603400000,entry,short,dead_cross_flip_open_one_unit,1,2.085723224528105,95.89,0.04,,0,1,1
2026-08-25T05:00:00+08:00,1787605200000,exit,short,bullish_divergence_confirmed_golden_cross_close_opposite,1,2.085723224528105,96.49,0.040250286786943375,-1.3316842215037947,0,0,0
2026-08-25T05:00:00+08:00,1787605200000,entry,long,bullish_divergence_confirmed_golden_cross_open_one_unit,1,2.0727536532283137,96.49,0.04,,1,0,1
2026-08-25T06:00:00+08:00,1787608800000,entry,long,red_histogram_expansion_add,1,2.052545155993432,97.44,0.04,,2,0,2
2026-08-25T07:30:00+08:00,1787614200000,exit,long,fixed_take_profit,1,2.0727536532283137,98.9019265920693,0.04099986593100603,4.918329789099166,1,0,1
2026-08-25T08:00:00+08:00,1787616000000,exit,long,fixed_take_profit,1,2.052545155993432,99.3888,0.0408,3.9192000000000116,0,0,0
2026-08-25T15:00:00+08:00,1787641200000,entry,short,dead_cross_open,1,1.9851116625310175,100.75,0.04,,0,1,1
2026-08-25T16:00:00+08:00,1787644800000,entry,short,green_histogram_expansion_add,1,1.9958088015168147,100.21,0.04,,0,2,2
2026-08-25T19:00:00+08:00,1787655600000,exit,short,fixed_take_profit,1,1.9851116625310175,98.46968899283439,0.039094665605095544,4.447577308917203,0,1,1
2026-08-25T20:00:00+08:00,1787659200000,exit,short,fixed_take_profit,1,1.9958088015168147,98.2058,0.0392,3.9207999999999945,0,0,0
2026-08-25T21:30:00+08:00,1787664600000,entry,short,zero_axis_down_open,1,2.0631318341242006,96.94,0.04,,0,1,1
2026-08-25T22:00:00+08:00,1787666400000,entry,short,green_histogram_expansion_add,1,2.0595201318092884,97.11,0.04,,0,2,2
2026-08-25T22:30:00+08:00,1787668200000,exit,short,green_histogram_shrinking,1,2.0631318341242006,97.96,0.040420878894161336,-2.1848153497008376,0,1,1
2026-08-26T04:00:00+08:00,1787688000000,exit,short,green_histogram_shrinking,1,2.0595201318092884,97.89,0.04032128514056225,-1.6867469879518096,0,0,0
2026-08-26T10:30:00+08:00,1787711400000,entry,long,golden_cross_open,1,2.0519134092541296,97.47,0.04,,1,0,1
2026-08-26T11:30:00+08:00,1787715000000,entry,long,red_histogram_expansion_add,1,2.061218179944347,97.03,0.04,,2,0,2
2026-08-26T13:00:00+08:00,1787720400000,exit,long,red_histogram_shrinking,1,2.0519134092541296,96.57,0.03963065558633426,-1.9263527239150624,1,0,1
2026-08-26T14:30:00+08:00,1787725800000,exit,long,red_histogram_shrinking,1,2.061218179944347,96.67,0.03985159229104401,-0.8218901370710079,0,0,0
2026-08-26T18:00:00+08:00,1787738400000,entry,short,dead_cross_open,1,2.0807324178110695,96.12,0.04,,0,1,1
2026-08-26T18:30:00+08:00,1787740200000,exit,short,golden_cross_flip_close_opposite,1,2.0807324178110695,96.63,0.04021223470661673,-1.1413857677902433,0,0,0
2026-08-26T18:30:00+08:00,1787740200000,entry,long,golden_cross_flip_open_one_unit,1,2.0697505950532964,96.63,0.04,,1,0,1
2026-08-26T19:30:00+08:00,1787743800000,entry,long,red_histogram_expansion_add,1,2.057189878625797,97.22,0.04,,2,0,2
2026-08-26T21:00:00+08:00,1787749200000,exit,long,red_histogram_shrinking,1,2.0697505950532964,96.96,0.04013660353927352,0.6028810928283107,1,0,1
2026-08-26T22:30:00+08:00,1787754600000,exit,long,dead_cross_flip_close_opposite,1,2.057189878625797,96.23,0.0395926764040321,-2.116210656243561,0,0,0
2026-08-26T22:30:00+08:00,1787754600000,entry,short,dead_cross_flip_open_one_unit,1,2.078353943676608,96.23,0.04,,0,1,1
2026-08-26T23:30:00+08:00,1787758200000,exit,short,green_histogram_shrinking,1,2.078353943676608,96.19,0.03998337316845058,0.0031507845786267336,0,0,0
2026-08-27T01:30:00+08:00,1787765400000,entry,long,bullish_divergence_confirmed_golden_cross,1,2.06058108386565,97.06,0.04,,1,0,1
2026-08-27T02:30:00+08:00,1787769000000,entry,long,red_histogram_expansion_add,1,2.0678246484698097,96.72,0.04,,2,0,2
2026-08-27T04:30:00+08:00,1787776200000,exit,long,red_histogram_shrinking,1,2.06058108386565,96.68,0.039843395837626215,-0.8628642077065638,1,0,1
2026-08-27T05:30:00+08:00,1787779800000,entry,long,zero_axis_up_add,1,2.048340843916428,97.64,0.04,,2,0,2
2026-08-27T06:00:00+08:00,1787781600000,exit,long,fixed_take_profit,1,2.0678246484698097,99.12137904918708,0.04099312615764561,4.884637662070404,1,0,1
2026-08-27T06:30:00+08:00,1787783400000,exit,long,fixed_take_profit,1,2.048340843916428,99.96,0.040950430151577226,4.671200327734522,0,0,0
2026-08-27T14:30:00+08:00,1787812200000,entry,short,dead_cross_open,1,1.981178801386825,100.95,0.04,,0,1,1
2026-08-27T15:30:00+08:00,1787815800000,entry,short,green_histogram_expansion_add,1,1.9780437147660963,101.11,0.04,,0,2,2
2026-08-27T16:00:00+08:00,1787817600000,exit,short,green_histogram_shrinking,1,1.981178801386825,101.76,0.040320950965824665,-1.6850757800891574,0,1,1
2026-08-27T16:30:00+08:00,1787819400000,exit,short,golden_cross_flip_close_opposite,1,1.9780437147660963,104.1,0.04118287014143013,-5.995533577292048,0,0,0
2026-08-27T16:30:00+08:00,1787819400000,entry,long,golden_cross_flip_open_one_unit,1,1.9212295869356388,104.1,0.04,,1,0,1
2026-08-27T17:30:00+08:00,1787823000000,entry,long,red_histogram_expansion_add,1,1.8987942656413177,105.33,0.04,,2,0,2
2026-08-27T18:00:00+08:00,1787824800000,exit,long,red_histogram_shrinking,1,1.9212295869356388,104.35,0.04009606147934678,0.4002113352545629,1,0,1
2026-08-27T22:30:00+08:00,1787841000000,entry,long,red_histogram_expansion_add,1,1.887861053426468,105.94,0.04,,2,0,2
2026-08-27T22:30:00+08:00,1787841000000,exit,long,fixed_take_profit,1,1.8987942656413177,107.74680176078004,0.040917801864912194,4.50809152269608,1,0,1
2026-08-28T00:00:00+08:00,1787846400000,exit,long,red_histogram_shrinking,1,1.887861053426468,107.1,0.04043798376439495,2.109480838210301,0,0,0
2026-08-28T05:30:00+08:00,1787866200000,entry,short,bearish_divergence_confirmed_dead_cross,1,1.8450184501845017,108.4,0.04,,0,1,1
2026-08-28T06:30:00+08:00,1787869800000,entry,short,green_histogram_expansion_add,1,1.8315018315018314,109.2,0.04,,0,2,2
2026-08-28T07:30:00+08:00,1787873400000,exit,short,green_histogram_shrinking,1,1.8450184501845017,109.84,0.04053136531365314,-2.7373579335793314,0,1,1
2026-08-28T08:30:00+08:00,1787877000000,exit,short,green_histogram_shrinking,1,1.8315018315018314,109.71,0.040186813186813185,-1.0142527472527307,0,0,0
2026-08-28T17:00:00+08:00,1787907600000,entry,short,zero_axis_down_open,1,1.8866144703329875,106.01,0.04,,0,1,1
2026-08-28T17:30:00+08:00,1787909400000,exit,short,green_histogram_shrinking,1,1.8866144703329875,106.26,0.040094330723516654,-0.5517479483067635,0,0,0
2026-08-29T07:00:00+08:00,1787958000000,entry,long,bullish_divergence_confirmed_golden_cross,1,1.9215987701767872,104.08,0.04,,1,0,1
2026-08-29T08:00:00+08:00,1787961600000,entry,long,red_histogram_expansion_add,1,1.9215987701767872,104.08,0.04,,2,0,2
2026-08-29T09:00:00+08:00,1787965200000,exit,long,red_histogram_shrinking,1,1.9215987701767872,103.86,0.03991544965411222,-0.5026671790930032,1,0,1
2026-08-29T10:00:00+08:00,1787968800000,entry,long,red_histogram_expansion_add,1,1.9210450485063875,104.11,0.04,,2,0,2
2026-08-29T10:30:00+08:00,1787970600000,exit,long,red_histogram_shrinking,1,1.9215987701767872,103.82,0.039900076863950806,-0.5795157571099253,1,0,1
2026-08-29T12:00:00+08:00,1787976000000,exit,long,red_histogram_shrinking,1,1.9210450485063875,103.83,0.03989242147728365,-0.6177850350590743,0,0,0
2026-08-29T23:00:00+08:00,1788015600000,entry,long,zero_axis_up_open,1,1.8987942656413177,105.33,0.04,,1,0,1
2026-08-30T00:30:00+08:00,1788021000000,exit,long,red_histogram_shrinking,1,1.8987942656413177,104.98,0.03986708440140511,-0.7444450773758555,0,0,0
2026-08-30T09:30:00+08:00,1788053400000,entry,short,dead_cross_open,1,1.9036740909956216,105.06,0.04,,0,1,1
2026-08-30T10:30:00+08:00,1788057000000,entry,short,green_histogram_expansion_add,1,1.899335232668566,105.3,0.04,,0,2,2
2026-08-30T14:00:00+08:00,1788069600000,exit,short,green_histogram_shrinking,1,1.9036740909956216,105.02,0.039984770607272034,-0.00383780696743527,0,1,1
2026-08-30T15:00:00+08:00,1788073200000,exit,short,green_histogram_shrinking,1,1.899335232668566,105.34,0.040015194681861356,-0.15598860398861586,0,0,0
2026-08-30T17:30:00+08:00,1788082200000,entry,short,zero_axis_down_open,1,1.9147917663954044,104.45,0.04,,0,1,1
2026-08-30T18:30:00+08:00,1788085800000,exit,short,green_histogram_shrinking,1,1.9147917663954044,104.77,0.0401225466730493,-0.6928559119195656,0,0,0
2026-08-30T19:30:00+08:00,1788089400000,entry,long,zero_axis_up_open,1,1.9016829894456593,105.17,0.04,,1,0,1
2026-08-30T21:30:00+08:00,1788096600000,entry,long,red_histogram_expansion_add,1,1.8811136192626037,106.32,0.04,,2,0,2
2026-08-30T23:00:00+08:00,1788102000000,exit,long,red_histogram_shrinking,1,1.9016829894456593,106.69,0.04057811162879148,2.809980032328603,1,0,1
2026-08-31T01:30:00+08:00,1788111000000,exit,long,red_histogram_shrinking,1,1.8811136192626037,105.77,0.039793077501881116,-1.1144055680963079,0,0,0
2026-08-31T04:00:00+08:00,1788120000000,entry,short,dead_cross_open,1,1.8912529550827424,105.75,0.04,,0,1,1
2026-08-31T05:00:00+08:00,1788123600000,entry,short,green_histogram_expansion_add,1,1.9104021396503965,104.69,0.04,,0,2,2
2026-08-31T07:00:00+08:00,1788130800000,exit,short,fixed_take_profit,1,1.8912529550827424,103.1129837483368,0.039002547044288155,4.908262231514952,0,1,1
2026-08-31T07:30:00+08:00,1788132600000,exit,short,fixed_take_profit,1,1.9104021396503965,101.71,0.03886140032476836,5.6141369758334205,0,0,0
2026-08-31T14:00:00+08:00,1788156000000,entry,long,golden_cross_open,1,1.9496977968414897,102.58,0.04,,1,0,1
2026-08-31T15:00:00+08:00,1788159600000,entry,long,red_histogram_expansion_add,1,1.9483682415976618,102.65,0.04,,2,0,2
2026-08-31T16:30:00+08:00,1788165000000,exit,long,red_histogram_shrinking,1,1.9496977968414897,102.65,0.040027295769155785,0.0564515500097629,1,0,1
2026-08-31T17:30:00+08:00,1788168600000,entry,long,red_histogram_expansion_add,1,1.940052381414298,103.09,0.04,,2,0,2
2026-08-31T18:00:00+08:00,1788170400000,exit,long,red_histogram_shrinking,1,1.9483682415976618,103.02,0.040144179249878224,0.6407520701412378,1,0,1
2026-08-31T19:30:00+08:00,1788175800000,entry,long,red_histogram_expansion_add,1,1.9258545979778527,103.85,0.04,,2,0,2
2026-08-31T20:00:00+08:00,1788177600000,exit,long,red_histogram_shrinking,1,1.940052381414298,103.33,0.04009312251430789,0.3855194490251137,1,0,1
2026-08-31T23:30:00+08:00,1788190200000,entry,long,red_histogram_expansion_add,1,1.937984496124031,103.2,0.04,,2,0,2
2026-09-01T00:00:00+08:00,1788192000000,exit,long,red_histogram_shrinking,1,1.9258545979778527,102.8,0.039595570534424654,-2.101742898411165,1,0,1
2026-09-01T02:30:00+08:00,1788201000000,entry,long,red_histogram_expansion_add,1,1.9284543438434096,103.71,0.04,,2,0,2
2026-09-01T04:00:00+08:00,1788206400000,exit,long,red_histogram_shrinking,1,1.937984496124031,103.56,0.04013953488372093,0.6175348837209291,1,0,1
2026-09-01T07:30:00+08:00,1788219000000,exit,long,dead_cross_flip_close_opposite,1,1.9284543438434096,103.14,0.03978015620480185,-1.1789991321955322,0,0,0
2026-09-01T07:30:00+08:00,1788219000000,entry,short,dead_cross_flip_open_one_unit,1,1.9391118867558659,103.14,0.04,,0,1,1
2026-09-01T08:30:00+08:00,1788222600000,exit,short,green_histogram_shrinking,1,1.9391118867558659,103.36,0.04008532092301726,-0.5066899360093056,0,0,0
2026-09-01T09:30:00+08:00,1788226200000,entry,short,zero_axis_down_open,1,1.943634596695821,102.9,0.04,,0,1,1
2026-09-01T10:00:00+08:00,1788228000000,exit,short,green_histogram_shrinking,1,1.943634596695821,103.19,0.040112730806608356,-0.643766763848381,0,0,0
2026-09-01T12:00:00+08:00,1788235200000,entry,long,golden_cross_open,1,1.9306882903755187,103.59,0.04,,1,0,1
2026-09-01T13:00:00+08:00,1788238800000,entry,long,red_histogram_expansion_add,1,1.9310611180843875,103.57,0.04,,2,0,2
2026-09-01T14:30:00+08:00,1788244200000,exit,long,red_histogram_shrinking,1,1.9306882903755187,103.87,0.04010811854426103,0.4604846027608864,1,0,1
2026-09-01T16:00:00+08:00,1788249600000,exit,long,dead_cross_flip_close_opposite,1,1.9310611180843875,103.1,0.03981848025490007,-0.98741720575456,0,0,0
2026-09-01T16:00:00+08:00,1788249600000,entry,short,dead_cross_flip_open_one_unit,1,1.9398642095053347,103.1,0.04,,0,1,1
2026-09-01T16:30:00+08:00,1788251400000,entry,short,zero_axis_down_add,1,1.9596315892612188,102.06,0.04,,0,2,2
2026-09-01T18:30:00+08:00,1788258600000,exit,short,green_histogram_shrinking,1,1.9398642095053347,102.28,0.03968186226964113,1.5110067895247201,0,1,1
2026-09-01T21:30:00+08:00,1788269400000,exit,short,green_histogram_shrinking,1,1.9596315892612188,101.79,0.0398941798941799,0.4492063492063414,0,0,0
2026-09-02T08:00:00+08:00,1788307200000,entry,long,golden_cross_open,1,2.00160128102482,99.92,0.04,,1,0,1
2026-09-02T09:00:00+08:00,1788310800000,entry,long,red_histogram_expansion_add,1,2.008233758409479,99.59,0.04,,2,0,2
2026-09-02T10:00:00+08:00,1788314400000,exit,long,red_histogram_shrinking,1,2.00160128102482,99.03,0.039643714971977585,-1.8610688550840684,1,0,1
2026-09-02T11:00:00+08:00,1788318000000,entry,long,red_histogram_expansion_add,1,2.002402883460152,99.88,0.04,,2,0,2
2026-09-02T12:30:00+08:00,1788323400000,exit,long,red_histogram_shrinking,1,2.008233758409479,99.91,0.04012852696053821,0.5625062757304813,1,0,1
2026-09-02T13:30:00+08:00,1788327000000,entry,long,red_histogram_expansion_add,1,1.9950124688279303,100.25,0.04,,2,0,2
2026-09-02T14:30:00+08:00,1788330600000,exit,long,red_histogram_shrinking,1,2.002402883460152,99.8,0.03996796155386464,-0.24016019223067342,1,0,1
2026-09-02T17:30:00+08:00,1788341400000,exit,long,dead_cross_flip_close_opposite,1,1.9950124688279303,99.19,0.039577057356608485,-2.194290274314219,0,0,0
2026-09-02T17:30:00+08:00,1788341400000,entry,short,dead_cross_flip_open_one_unit,1,2.0163322915616493,99.19,0.04,,0,1,1
2026-09-02T18:30:00+08:00,1788345000000,entry,short,green_histogram_expansion_add,1,2.035623409669211,98.25,0.04,,0,2,2
2026-09-02T20:00:00+08:00,1788350400000,exit,short,green_histogram_shrinking,1,2.0163322915616493,98.05,0.039540276237523944,2.2190785361427574,0,1,1
2026-09-02T21:30:00+08:00,1788355800000,exit,short,green_histogram_shrinking,1,2.035623409669211,98.23,0.03999185750636133,-0.039279389312985205,0,0,0
2026-09-02T22:30:00+08:00,1788359400000,entry,long,golden_cross_open,1,2.0126798832645667,99.37,0.04,,1,0,1
2026-09-02T23:30:00+08:00,1788363000000,entry,long,red_histogram_expansion_add,1,2.0218358269308534,98.92,0.04,,2,0,2
2026-09-03T01:00:00+08:00,1788368400000,exit,long,red_histogram_shrinking,1,2.0126798832645667,98.74,0.039746402334708664,-1.3477347287914052,1,0,1
2026-09-03T02:30:00+08:00,1788373800000,entry,long,red_histogram_expansion_add,1,2.012274876748164,99.39,0.04,,2,0,2
2026-09-03T03:30:00+08:00,1788377400000,exit,long,red_histogram_shrinking,1,2.0218358269308534,99.09,0.04006874241811566,0.2636433481601329,1,0,1
2026-09-03T04:30:00+08:00,1788381000000,entry,long,red_histogram_expansion_add,1,2.008233758409479,99.59,0.04,,2,0,2
2026-09-03T05:30:00+08:00,1788384600000,exit,long,red_histogram_shrinking,1,2.012274876748164,99.5,0.040044270047288465,0.14130596639500842,1,0,1
2026-09-03T08:00:00+08:00,1788393600000,entry,long,red_histogram_expansion_add,1,1.9924287706714485,100.38,0.04,,2,0,2
2026-09-03T08:30:00+08:00,1788395400000,exit,long,red_histogram_shrinking,1,2.008233758409479,99.66,0.04002811527261773,0.06054824781603208,1,0,1
2026-09-03T10:00:00+08:00,1788400800000,exit,long,red_histogram_shrinking,1,1.9924287706714485,100.1,0.039888423988842396,-0.6377684797768503,0,0,0
2026-09-03T17:30:00+08:00,1788427800000,entry,short,dead_cross_open,1,1.9944156362185879,100.28,0.04,,0,1,1
2026-09-03T18:30:00+08:00,1788431400000,entry,short,green_histogram_expansion_add,1,1.998201618543311,100.09,0.04,,0,2,2
2026-09-03T19:00:00+08:00,1788433200000,exit,short,green_histogram_shrinking,1,1.9944156362185879,100.39,0.04004387714399681,-0.29942959712804035,0,1,1
2026-09-03T21:00:00+08:00,1788440400000,exit,short,golden_cross_flip_close_opposite,1,1.998201618543311,101.61,0.04060745329203717,-3.117873913477862,0,0,0
2026-09-03T21:00:00+08:00,1788440400000,entry,long,golden_cross_flip_open_one_unit,1,1.9683102056884165,101.61,0.04,,1,0,1
2026-09-03T22:00:00+08:00,1788444000000,entry,long,red_histogram_expansion_add,1,1.972192091509713,101.41,0.04,,2,0,2
2026-09-03T22:30:00+08:00,1788445800000,exit,long,fixed_take_profit,1,1.9683102056884165,103.54009951728894,0.04075980691557482,3.718274770958527,1,0,1
2026-09-03T23:00:00+08:00,1788447600000,exit,long,fixed_take_profit,1,1.972192091509713,104.75,0.04131742431712849,6.50580416132532,0,0,0
2026-09-04T06:30:00+08:00,1788474600000,entry,short,dead_cross_open,1,1.9188333493236112,104.23,0.04,,0,1,1
2026-09-04T07:30:00+08:00,1788478200000,entry,short,green_histogram_expansion_add,1,1.9223375624759707,104.04,0.04,,0,2,2
2026-09-04T10:00:00+08:00,1788487200000,exit,short,green_histogram_shrinking,1,1.9188333493236112,103.74,0.039811954331766285,0.8604163868368205,0,1,1
2026-09-04T11:00:00+08:00,1788490800000,exit,short,green_histogram_shrinking,1,1.9223375624759707,103.74,0.03988465974625144,0.49681660899656155,0,0,0
2026-09-04T20:30:00+08:00,1788525000000,entry,long,golden_cross_open,1,1.9173617102866456,104.31,0.04,,1,0,1
2026-09-04T21:00:00+08:00,1788526800000,exit,long,bearish_divergence_confirmed_dead_cross_close_opposite,1,1.9173617102866456,101.53,0.038933946889080626,-5.409199501485958,0,0,0
2026-09-04T21:00:00+08:00,1788526800000,entry,short,bearish_divergence_confirmed_dead_cross_open_one_unit,1,1.9698611247907023,101.53,0.04,,0,1,1
2026-09-04T22:00:00+08:00,1788530400000,entry,short,green_histogram_expansion_add,1,1.9686977064671718,101.59,0.04,,0,2,2
2026-09-04T23:30:00+08:00,1788535800000,exit,short,green_histogram_shrinking,1,1.9698611247907023,101.44,0.039964542499753765,0.09732295873141616,0,1,1
2026-09-05T04:30:00+08:00,1788553800000,exit,short,golden_cross_flip_close_opposite,1,1.9686977064671718,101.57,0.039992125209174126,-0.04061817107981055,0,0,0
2026-09-05T04:30:00+08:00,1788553800000,entry,long,golden_cross_flip_open_one_unit,1,1.9690853598503497,101.57,0.04,,1,0,1
2026-09-05T05:30:00+08:00,1788557400000,entry,long,red_histogram_expansion_add,1,1.967922857423989,101.63,0.04,,2,0,2
2026-09-05T09:00:00+08:00,1788570000000,exit,long,red_histogram_shrinking,1,1.9690853598503497,101.77,0.04007876341439402,0.3137383085556815,1,0,1
2026-09-05T10:00:00+08:00,1788573600000,exit,long,red_histogram_shrinking,1,1.967922857423989,101.8,0.04006690937715242,0.25447997638492914,0,0,0
2026-09-05T16:30:00+08:00,1788597000000,entry,long,zero_axis_up_open,1,1.9557989438685701,102.26,0.04,,1,0,1
2026-09-05T17:30:00+08:00,1788600600000,entry,long,red_histogram_expansion_add,1,1.951409893648161,102.49,0.04,,2,0,2
2026-09-05T18:00:00+08:00,1788602400000,exit,long,red_histogram_shrinking,1,1.9557989438685701,102.48,0.04008605515353022,0.35018971249755304,1,0,1
2026-09-05T21:30:00+08:00,1788615000000,entry,long,red_histogram_expansion_add,1,1.9409937888198756,103.04,0.04,,2,0,2
2026-09-05T22:00:00+08:00,1788616800000,exit,long,red_histogram_shrinking,1,1.951409893648161,102.6,0.04004293101766026,0.13461215728363632,1,0,1
2026-09-06T01:00:00+08:00,1788627600000,entry,long,red_histogram_expansion_add,1,1.934984520123839,103.36,0.04,,2,0,2
2026-09-06T02:30:00+08:00,1788633000000,exit,long,red_histogram_shrinking,1,1.9409937888198756,103.76,0.040279503105590066,1.3172360248447181,1,0,1
2026-09-06T05:00:00+08:00,1788642000000,exit,long,dead_cross_flip_close_opposite,1,1.934984520123839,103.19,0.03993421052631579,-0.4088815789473717,0,0,0
2026-09-06T05:00:00+08:00,1788642000000,entry,short,dead_cross_flip_open_one_unit,1,1.9381723035177827,103.19,0.04,,0,1,1
2026-09-06T05:30:00+08:00,1788643800000,exit,short,golden_cross_flip_close_opposite,1,1.9381723035177827,103.75,0.04021707529799399,-1.1655935652679568,0,0,0
2026-09-06T05:30:00+08:00,1788643800000,entry,long,golden_cross_flip_open_one_unit,1,1.927710843373494,103.75,0.04,,1,0,1
2026-09-06T06:00:00+08:00,1788645600000,exit,long,red_histogram_shrinking,1,1.927710843373494,103.69,0.039976867469879517,-0.19563951807229354,0,0,0
2026-09-06T06:30:00+08:00,1788647400000,entry,short,dead_cross_open,1,1.9351717464925013,103.35,0.04,,0,1,1
2026-09-06T07:30:00+08:00,1788651000000,entry,short,green_histogram_expansion_add,1,1.9381723035177827,103.19,0.04,,0,2,2
2026-09-06T08:30:00+08:00,1788654600000,exit,short,green_histogram_shrinking,1,1.9351717464925013,103.4,0.04001935171746493,-0.176777939042112,0,1,1
2026-09-06T09:30:00+08:00,1788658200000,exit,short,green_histogram_shrinking,1,1.9381723035177827,103.5,0.040120166682818106,-0.6809535807733352,0,0,0
2026-09-06T10:30:00+08:00,1788661800000,entry,long,golden_cross_open,1,1.922522349322311,104.03,0.04,,1,0,1
2026-09-06T11:30:00+08:00,1788665400000,entry,long,red_histogram_expansion_add,1,1.9054878048780488,104.96,0.04,,2,0,2
2026-09-06T11:30:00+08:00,1788665400000,exit,long,fixed_take_profit,1,1.922522349322311,106.58278937748217,0.04098155892626442,4.826813072395797,1,0,1
2026-09-06T14:30:00+08:00,1788676200000,exit,long,red_histogram_shrinking,1,1.9054878048780488,105.74,0.04029725609756098,1.4059832317073193,0,0,0
2026-09-06T16:30:00+08:00,1788683400000,entry,short,dead_cross_open,1,1.903311762466692,105.08,0.04,,0,1,1
2026-09-06T17:30:00+08:00,1788687000000,exit,short,golden_cross_flip_close_opposite,1,1.903311762466692,106.9,0.04069280548153788,-3.5447202131709314,0,0,0
2026-09-06T17:30:00+08:00,1788687000000,entry,long,golden_cross_flip_open_one_unit,1,1.8709073900841908,106.9,0.04,,1,0,1
2026-09-06T18:30:00+08:00,1788690600000,entry,long,red_histogram_expansion_add,1,1.8786398647379299,106.46,0.04,,2,0,2
2026-09-06T19:30:00+08:00,1788694200000,exit,long,red_histogram_shrinking,1,1.8709073900841908,106.47,0.03983910196445276,-0.8843292797006675,1,0,1
2026-09-06T21:30:00+08:00,1788701400000,exit,long,bearish_divergence_confirmed_dead_cross_close_opposite,1,1.8786398647379299,106.08,0.03985722337027992,-0.7937403719706848,0,0,0
2026-09-06T21:30:00+08:00,1788701400000,entry,short,bearish_divergence_confirmed_dead_cross_open_one_unit,1,1.885369532428356,106.08,0.04,,0,1,1
2026-09-06T22:00:00+08:00,1788703200000,exit,short,golden_cross_flip_close_opposite,1,1.885369532428356,107.03,0.04035822021116139,-1.871459276018105,0,0,0
2026-09-06T22:00:00+08:00,1788703200000,entry,long,golden_cross_flip_open_one_unit,1,1.868634962160142,107.03,0.04,,1,0,1
2026-09-06T22:30:00+08:00,1788705000000,exit,long,bearish_divergence_confirmed_dead_cross_close_opposite,1,1.868634962160142,105.93,0.03958890030832477,-2.1350873586844705,0,0,0
2026-09-06T22:30:00+08:00,1788705000000,entry,short,bearish_divergence_confirmed_dead_cross_open_one_unit,1,1.8880392712168412,105.93,0.04,,0,1,1
2026-09-06T23:30:00+08:00,1788708600000,entry,short,green_histogram_expansion_add,1,1.8910741301059,105.76,0.04,,0,2,2
2026-09-07T00:30:00+08:00,1788712200000,exit,short,green_histogram_shrinking,1,1.8880392712168412,105.93,0.04,-0.08,0,1,1
2026-09-07T03:30:00+08:00,1788723000000,entry,short,green_histogram_expansion_add,1,1.8921475875118259,105.7,0.04,,0,2,2
2026-09-07T05:00:00+08:00,1788728400000,exit,short,green_histogram_shrinking,1,1.8910741301059,105.68,0.0399697428139183,0.07131618759455047,0,1,1
2026-09-07T07:00:00+08:00,1788735600000,exit,short,green_histogram_shrinking,1,1.8921475875118259,105.8,0.04003784295175024,-0.2692526017029221,0,0,0
2026-09-07T11:30:00+08:00,1788751800000,entry,short,zero_axis_down_open,1,1.903130649919117,105.09,0.04,,0,1,1
2026-09-07T12:00:00+08:00,1788753600000,entry,short,green_histogram_expansion_add,1,1.9069412662090008,104.88,0.04,,0,2,2
2026-09-07T13:00:00+08:00,1788757200000,exit,short,green_histogram_shrinking,1,1.903130649919117,105.02,0.039973356170901135,0.053245789323451094,0,1,1
2026-09-07T16:00:00+08:00,1788768000000,entry,short,green_histogram_expansion_add,1,1.9157088122605364,104.4,0.04,,0,2,2
2026-09-07T16:30:00+08:00,1788769800000,exit,short,green_histogram_shrinking,1,1.9069412662090008,104.58,0.03988558352402746,0.4921967963386673,0,1,1
2026-09-07T20:30:00+08:00,1788784200000,exit,short,golden_cross_flip_close_opposite,1,1.9157088122605364,105.32,0.04035249042145594,-1.8428045977011254,0,0,0
2026-09-07T20:30:00+08:00,1788784200000,entry,long,golden_cross_flip_open_one_unit,1,1.89897455374098,105.32,0.04,,1,0,1
2026-09-07T21:30:00+08:00,1788787800000,entry,long,red_histogram_expansion_add,1,1.8928639030853682,105.66,0.04,,2,0,2
2026-09-07T22:00:00+08:00,1788789600000,exit,long,red_histogram_shrinking,1,1.89897455374098,105.02,0.03988606152677554,-0.6495784276490641,1,0,1
2026-09-07T23:00:00+08:00,1788793200000,exit,long,dead_cross_flip_close_opposite,1,1.8928639030853682,104.58,0.039591141396933566,-2.123884156729128,0,0,0
2026-09-07T23:00:00+08:00,1788793200000,entry,short,dead_cross_flip_open_one_unit,1,1.9124115509657678,104.58,0.04,,0,1,1
2026-09-08T00:00:00+08:00,1788796800000,entry,short,green_histogram_expansion_add,1,1.9377967251235346,103.21,0.04,,0,2,2
2026-09-08T01:00:00+08:00,1788800400000,exit,short,green_histogram_shrinking,1,1.9124115509657678,103.79,0.039697838974947414,1.4311072862879939,0,1,1
2026-09-08T05:00:00+08:00,1788814800000,exit,short,golden_cross_flip_close_opposite,1,1.9377967251235346,104.04,0.04032167425637051,-1.6886929561089286,0,0,0
2026-09-08T05:00:00+08:00,1788814800000,entry,long,golden_cross_flip_open_one_unit,1,1.9223375624759707,104.04,0.04,,1,0,1
2026-09-08T06:00:00+08:00,1788818400000,exit,long,red_histogram_shrinking,1,1.9223375624759707,103.85,0.03992695117262591,-0.44517108804308325,0,0,0
2026-09-08T07:00:00+08:00,1788822000000,entry,short,dead_cross_open,1,1.9327406262079627,103.48,0.04,,0,1,1
2026-09-08T07:30:00+08:00,1788823800000,exit,short,green_histogram_shrinking,1,1.9327406262079627,103.64,0.04006184770003866,-0.3893003478933061,0,0,0
2026-09-08T08:00:00+08:00,1788825600000,entry,long,golden_cross_open,1,1.92789666473877,103.74,0.04,,1,0,1
2026-09-08T08:30:00+08:00,1788827400000,exit,long,dead_cross_flip_close_opposite,1,1.92789666473877,103.42,0.03987661461345673,-0.6968035473298501,0,0,0
2026-09-08T08:30:00+08:00,1788827400000,entry,short,dead_cross_flip_open_one_unit,1,1.9338619222587508,103.42,0.04,,0,1,1
2026-09-08T09:00:00+08:00,1788829200000,exit,short,golden_cross_flip_close_opposite,1,1.9338619222587508,104.05,0.0402436666022046,-1.2985766776252088,0,0,0
2026-09-08T09:00:00+08:00,1788829200000,entry,long,golden_cross_flip_open_one_unit,1,1.9221528111484865,104.05,0.04,,1,0,1
2026-09-08T10:00:00+08:00,1788832800000,entry,long,red_histogram_expansion_add,1,1.9171779141104295,104.32,0.04,,2,0,2
2026-09-08T10:30:00+08:00,1788834600000,exit,long,red_histogram_shrinking,1,1.9221528111484865,103.99,0.03997693416626622,-0.19530610283517977,1,0,1
2026-09-08T11:30:00+08:00,1788838200000,exit,long,dead_cross_flip_close_opposite,1,1.9171779141104295,102.83,0.03942868098159509,-2.9360237730061254,0,0,0
2026-09-08T11:30:00+08:00,1788838200000,entry,short,dead_cross_flip_open_one_unit,1,1.9449576971700866,102.83,0.04,,0,1,1
2026-09-08T12:30:00+08:00,1788841800000,entry,short,green_histogram_expansion_add,1,1.9389238972370333,103.15,0.04,,0,2,2
2026-09-08T13:30:00+08:00,1788845400000,exit,short,green_histogram_shrinking,1,1.9449576971700866,103.28,0.04017504619274531,-0.9554060099192898,0,1,1
2026-09-08T14:30:00+08:00,1788849000000,entry,short,green_histogram_expansion_add,1,1.9502681618722575,102.55,0.04,,0,2,2
2026-09-08T15:30:00+08:00,1788852600000,exit,short,green_histogram_shrinking,1,1.9389238972370333,102.89,0.03989917595734367,0.42422103732429495,0,1,1
2026-09-08T17:30:00+08:00,1788859800000,exit,short,bullish_divergence_confirmed_golden_cross_close_opposite,1,1.9502681618722575,103.19,0.040249634324719646,-1.3284212579229655,0,0,0
2026-09-08T17:30:00+08:00,1788859800000,entry,long,bullish_divergence_confirmed_golden_cross_open_one_unit,1,1.9381723035177827,103.19,0.04,,1,0,1
2026-09-08T18:30:00+08:00,1788863400000,entry,long,red_histogram_expansion_add,1,1.92789666473877,103.74,0.04,,2,0,2
2026-09-08T19:00:00+08:00,1788865200000,exit,long,red_histogram_shrinking,1,1.9381723035177827,103.33,0.0400542688244985,0.19128985366799217,1,0,1
2026-09-08T21:30:00+08:00,1788874200000,exit,long,red_histogram_shrinking,1,1.92789666473877,102.83,0.039649122807017545,-1.8340350877192917,0,0,0
2026-09-09T01:00:00+08:00,1788886800000,entry,long,zero_axis_up_open,1,1.920676077979449,104.13,0.04,,1,0,1
2026-09-09T01:30:00+08:00,1788888600000,exit,long,red_histogram_shrinking,1,1.920676077979449,103.75,0.03985402861807357,-0.8097109382502554,0,0,0
2026-09-09T05:00:00+08:00,1788901200000,entry,short,dead_cross_open,1,1.9413706076490003,103.02,0.04,,0,1,1
2026-09-09T06:00:00+08:00,1788904800000,entry,short,green_histogram_expansion_add,1,1.9425019425019425,102.96,0.04,,0,2,2
2026-09-09T06:30:00+08:00,1788906600000,exit,short,green_histogram_shrinking,1,1.9413706076490003,103.23,0.04008153756552126,-0.48776936517182673,0,1,1
2026-09-09T08:30:00+08:00,1788913800000,exit,short,golden_cross_flip_close_opposite,1,1.9425019425019425,103.58,0.040240870240870245,-1.2845920745920836,0,0,0
2026-09-09T08:30:00+08:00,1788913800000,entry,long,golden_cross_flip_open_one_unit,1,1.9308746862328636,103.58,0.04,,1,0,1
2026-09-09T09:00:00+08:00,1788915600000,entry,long,zero_axis_up_add,1,1.9280825219319386,103.73,0.04,,2,0,2
2026-09-09T09:30:00+08:00,1788917400000,exit,long,red_histogram_shrinking,1,1.9308746862328636,103.45,0.039949797258157956,-0.33096350646842143,1,0,1
2026-09-09T10:30:00+08:00,1788921000000,exit,long,red_histogram_shrinking,1,1.9280825219319386,103.53,0.03992287669912272,-0.4655393810855159,0,0,0
2026-09-09T11:30:00+08:00,1788924600000,entry,short,dead_cross_open,1,1.9415590719347635,103.01,0.04,,0,1,1
2026-09-09T12:30:00+08:00,1788928200000,exit,short,golden_cross_flip_close_opposite,1,1.9415590719347635,103.88,0.040337831278516645,-1.7694942238617424,0,0,0
2026-09-09T12:30:00+08:00,1788928200000,entry,long,golden_cross_flip_open_one_unit,1,1.9252984212552946,103.88,0.04,,1,0,1
2026-09-09T13:30:00+08:00,1788931800000,entry,long,red_histogram_expansion_add,1,1.9177294083804775,104.29,0.04,,2,0,2
2026-09-09T14:00:00+08:00,1788933600000,exit,long,red_histogram_shrinking,1,1.9252984212552946,104.02,0.04005390835579515,0.18948787061994718,1,0,1
2026-09-09T15:00:00+08:00,1788937200000,entry,long,red_histogram_expansion_add,1,1.914425193835551,104.47,0.04,,2,0,2
2026-09-09T16:00:00+08:00,1788940800000,exit,long,red_histogram_shrinking,1,1.9177294083804775,104.53,0.040092051011602264,0.3801630069997025,1,0,1
2026-09-09T17:00:00+08:00,1788944400000,exit,long,red_histogram_shrinking,1,1.914425193835551,104.75,0.0401072078108548,0.4559318464631017,0,0,0
2026-09-09T18:00:00+08:00,1788948000000,entry,short,dead_cross_open,1,1.9334880123743232,103.44,0.04,,0,1,1
2026-09-09T19:00:00+08:00,1788951600000,entry,short,green_histogram_expansion_add,1,1.9280825219319386,103.73,0.04,,0,2,2
2026-09-09T20:00:00+08:00,1788955200000,exit,short,green_histogram_shrinking,1,1.9334880123743232,104.17,0.04028228924980665,-1.4917285382830703,0,1,1
2026-09-09T21:30:00+08:00,1788960600000,exit,short,golden_cross_flip_close_opposite,1,1.9280825219319386,104.51,0.040300780873421385,-1.5842051479803358,0,0,0
2026-09-09T21:30:00+08:00,1788960600000,entry,long,golden_cross_flip_open_one_unit,1,1.9136924696201318,104.51,0.04,,1,0,1
2026-09-09T22:00:00+08:00,1788962400000,exit,long,dead_cross_flip_close_opposite,1,1.9136924696201318,103.74,0.0397052913596785,-1.5532484929671997,0,0,0
2026-09-09T22:00:00+08:00,1788962400000,entry,short,dead_cross_flip_open_one_unit,1,1.92789666473877,103.74,0.04,,0,1,1
2026-09-09T23:00:00+08:00,1788966000000,entry,short,green_histogram_expansion_add,1,1.9338619222587508,103.42,0.04,,0,2,2
2026-09-10T01:00:00+08:00,1788973200000,exit,short,green_histogram_shrinking,1,1.92789666473877,103.32,0.039838056680161944,0.7298785425101247,0,1,1
2026-09-10T03:30:00+08:00,1788982200000,entry,short,green_histogram_expansion_add,1,1.940052381414298,103.09,0.04,,0,2,2
2026-09-10T05:00:00+08:00,1788987600000,exit,short,green_histogram_shrinking,1,1.9338619222587508,102.5,0.03964416940630439,1.6995087990717497,0,1,1
2026-09-10T06:00:00+08:00,1788991200000,exit,short,fixed_take_profit,1,1.940052381414298,101.0282,0.0392,3.9208000000000096,0,0,0
2026-09-10T11:30:00+08:00,1789011000000,entry,long,golden_cross_open,1,1.9630938358853554,101.88,0.04,,1,0,1
2026-09-10T12:30:00+08:00,1789014600000,entry,long,red_histogram_expansion_add,1,1.9605920988138417,102.01,0.04,,2,0,2
2026-09-10T14:30:00+08:00,1789021800000,exit,long,red_histogram_shrinking,1,1.9630938358853554,101.63,0.03990184530820573,-0.5706753042795446,1,0,1
2026-09-10T18:00:00+08:00,1789034400000,exit,long,red_histogram_shrinking,1,1.9605920988138417,101.07,0.039631408685422996,-1.9225879815704576,0,0,0
2026-09-10T21:00:00+08:00,1789045200000,entry,short,dead_cross_open,1,2.0228582987761707,98.87,0.04,,0,1,1
2026-09-10T22:00:00+08:00,1789048800000,entry,short,green_histogram_expansion_add,1,2.0064205457463884,99.68,0.04,,0,2,2
2026-09-10T22:30:00+08:00,1789050600000,exit,short,green_histogram_shrinking,1,2.0228582987761707,100.03,0.040469303125316075,-2.4269849297056676,0,1,1
2026-09-11T00:00:00+08:00,1789056000000,exit,short,green_histogram_shrinking,1,2.0064205457463884,99.67,0.03999598715890851,-0.05993178170143436,0,0,0
2026-09-11T02:00:00+08:00,1789063200000,entry,long,golden_cross_open,1,2.0018016214593133,99.91,0.04,,1,0,1
2026-09-11T02:30:00+08:00,1789065000000,exit,long,dead_cross_flip_close_opposite,1,2.0018016214593133,99.34,0.039771794615153636,-1.2207987188469487,0,0,0
2026-09-11T02:30:00+08:00,1789065000000,entry,short,dead_cross_flip_open_one_unit,1,2.01328769881216,99.34,0.04,,0,1,1
2026-09-11T03:00:00+08:00,1789066800000,exit,short,golden_cross_flip_close_opposite,1,2.01328769881216,99.88,0.04021743507147171,-1.1673927924300223,0,0,0
2026-09-11T03:00:00+08:00,1789066800000,entry,long,golden_cross_flip_open_one_unit,1,2.002402883460152,99.88,0.04,,1,0,1
2026-09-11T04:00:00+08:00,1789070400000,entry,long,red_histogram_expansion_add,1,2.007427481682224,99.63,0.04,,2,0,2
2026-09-11T06:00:00+08:00,1789077600000,exit,long,red_histogram_shrinking,1,2.002402883460152,99.76,0.03995194233079696,-0.3202402883459959,1,0,1
2026-09-11T08:00:00+08:00,1789084800000,exit,long,dead_cross_flip_close_opposite,1,2.007427481682224,98.61,0.03959048479373683,-2.1271665161095976,0,0,0
2026-09-11T08:00:00+08:00,1789084800000,entry,short,dead_cross_flip_open_one_unit,1,2.0281918669506136,98.61,0.04,,0,1,1
2026-09-11T09:00:00+08:00,1789088400000,exit,short,green_histogram_shrinking,1,2.0281918669506136,99.11,0.04020281918669506,-1.0942987526620018,0,0,0
2026-09-11T10:00:00+08:00,1789092000000,entry,long,bullish_divergence_confirmed_golden_cross,1,2.0124773596297043,99.38,0.04,,1,0,1
2026-09-11T11:00:00+08:00,1789095600000,entry,long,red_histogram_expansion_add,1,2.014910336490026,99.26,0.04,,2,0,2
2026-09-11T14:30:00+08:00,1789108200000,exit,long,red_histogram_shrinking,1,2.0124773596297043,99.69,0.04012477359629704,0.5437432078889158,1,0,1
2026-09-11T16:00:00+08:00,1789113600000,exit,long,red_histogram_shrinking,1,2.014910336490026,99.7,0.04017731210961112,0.8063832359459957,0,0,0
2026-09-11T19:30:00+08:00,1789126200000,entry,short,dead_cross_open,1,2.0228582987761707,98.87,0.04,,0,1,1
2026-09-11T20:00:00+08:00,1789128000000,exit,short,green_histogram_shrinking,1,2.0228582987761707,99.42,0.04022251441286538,-1.1927945787397536,0,0,0
2026-09-11T20:30:00+08:00,1789129800000,entry,long,golden_cross_open,1,2.008233758409479,99.59,0.04,,1,0,1
2026-09-11T20:30:00+08:00,1789129800000,exit,long,fixed_take_profit,1,2.008233758409479,101.5818,0.0408,3.9191999999999956,0,0,0
2026-09-11T21:00:00+08:00,1789131600000,entry,long,zero_axis_up_open,1,1.9681165124975397,101.62,0.04,,1,0,1
2026-09-11T21:30:00+08:00,1789133400000,entry,long,red_histogram_expansion_add,1,1.9792182088075212,101.05,0.04,,2,0,2
2026-09-11T21:30:00+08:00,1789133400000,exit,long,fixed_take_profit,1,1.9681165124975397,103.36088241969706,0.04068525188730449,3.345574184635148,1,0,1
2026-09-11T22:00:00+08:00,1789135200000,exit,long,fixed_take_profit,1,1.9792182088075212,104.82,0.041492330529440874,7.380160316674906,0,0,0
2026-09-12T03:00:00+08:00,1789153200000,entry,short,dead_cross_open,1,1.979610016826685,101.03,0.04,,0,1,1
2026-09-12T04:00:00+08:00,1789156800000,exit,short,green_histogram_shrinking,1,1.979610016826685,101.96,0.04036820746312976,-1.9214055231119322,0,0,0
2026-09-12T05:30:00+08:00,1789162200000,entry,long,golden_cross_open,1,1.9451468585878235,102.82,0.04,,1,0,1
2026-09-12T06:00:00+08:00,1789164000000,exit,long,dead_cross_flip_close_opposite,1,1.9451468585878235,102.04,0.03969655709006031,-1.5969111067885373,0,0,0
2026-09-12T06:00:00+08:00,1789164000000,entry,short,dead_cross_flip_open_one_unit,1,1.960015680125441,102.04,0.04,,0,1,1
2026-09-12T07:00:00+08:00,1789167600000,entry,short,green_histogram_expansion_add,1,1.964057743297653,101.83,0.04,,0,2,2
2026-09-12T07:30:00+08:00,1789169400000,exit,short,green_histogram_shrinking,1,1.960015680125441,102.2,0.040062720501764015,-0.39366522932182785,0,1,1
2026-09-12T09:00:00+08:00,1789174800000,entry,short,green_histogram_expansion_add,1,1.9632865416707568,101.87,0.04,,0,2,2
2026-09-12T12:30:00+08:00,1789187400000,exit,short,green_histogram_shrinking,1,1.964057743297653,101.72,0.03995679072964745,0.13608956103309325,0,1,1
2026-09-12T13:30:00+08:00,1789191000000,entry,short,green_histogram_expansion_add,1,1.972386587771203,101.4,0.04,,0,2,2
2026-09-12T14:00:00+08:00,1789192800000,exit,short,green_histogram_shrinking,1,1.9632865416707568,101.6,0.03989398252674978,0.4501933837243747,0,1,1
2026-09-12T18:30:00+08:00,1789209000000,exit,short,golden_cross_flip_close_opposite,1,1.972386587771203,102.02,0.04024457593688363,-1.3031242603550106,0,0,0
2026-09-12T18:30:00+08:00,1789209000000,entry,long,golden_cross_flip_open_one_unit,1,1.9603999215840031,102.02,0.04,,1,0,1
2026-09-12T19:30:00+08:00,1789212600000,entry,long,red_histogram_expansion_add,1,1.9609765663300325,101.99,0.04,,2,0,2
2026-09-12T21:00:00+08:00,1789218000000,exit,long,red_histogram_shrinking,1,1.9603999215840031,102.0,0.039992158400313664,-0.11920015683198593,1,0,1
2026-09-12T22:00:00+08:00,1789221600000,exit,long,dead_cross_flip_close_opposite,1,1.9609765663300325,101.94,0.0399803902343367,-0.17802921855083276,0,0,0
2026-09-12T22:00:00+08:00,1789221600000,entry,short,dead_cross_flip_open_one_unit,1,1.9619383951343927,101.94,0.04,,0,1,1
2026-09-12T23:00:00+08:00,1789225200000,entry,short,green_histogram_expansion_add,1,1.96174595389897,101.95,0.04,,0,2,2
2026-09-13T00:00:00+08:00,1789228800000,exit,short,green_histogram_shrinking,1,1.9619383951343927,102.01,0.04002746713753188,-0.2173631547969539,0,1,1
2026-09-13T01:00:00+08:00,1789232400000,exit,short,green_histogram_shrinking,1,1.96174595389897,102.03,0.04003138793526239,-0.23697106424717668,0,0,0
2026-09-13T03:30:00+08:00,1789241400000,entry,short,zero_axis_down_open,1,1.9690853598503497,101.57,0.04,,0,1,1
2026-09-13T05:30:00+08:00,1789248600000,exit,short,green_histogram_shrinking,1,1.9690853598503497,101.45,0.0399527419513636,0.15633750123065931,0,0,0
2026-09-13T09:00:00+08:00,1789261200000,entry,long,golden_cross_open,1,1.9667617268167963,101.69,0.04,,1,0,1
2026-09-13T10:00:00+08:00,1789264800000,entry,long,zero_axis_up_add,1,1.9563728846718185,102.23,0.04,,2,0,2
2026-09-13T10:30:00+08:00,1789266600000,exit,long,red_histogram_shrinking,1,1.9667617268167963,101.8,0.040043268757989976,0.13630052119185648,1,0,1
2026-09-13T13:30:00+08:00,1789277400000,entry,long,zero_axis_up_add,1,1.964057743297653,101.83,0.04,,2,0,2
2026-09-13T14:00:00+08:00,1789279200000,exit,long,red_histogram_shrinking,1,1.9563728846718185,101.76,0.03981610094884085,-0.9993113567445933,1,0,1
2026-09-13T14:30:00+08:00,1789281000000,exit,long,dead_cross_flip_close_opposite,1,1.964057743297653,101.52,0.03987822841991554,-0.6887361288421924,0,0,0
2026-09-13T14:30:00+08:00,1789281000000,entry,short,dead_cross_flip_open_one_unit,1,1.9700551615445234,101.52,0.04,,0,1,1
2026-09-13T15:30:00+08:00,1789284600000,entry,short,green_histogram_expansion_add,1,1.9753086419753085,101.25,0.04,,0,2,2
2026-09-13T17:30:00+08:00,1789291800000,exit,short,fixed_take_profit,1,1.9700551615445234,99.3571238348868,0.03914780292942743,4.181837549933436,0,1,1
2026-09-13T18:30:00+08:00,1789295400000,exit,short,green_histogram_shrinking,1,1.9753086419753085,99.77,0.0394153086419753,2.8440414814814887,0,0,0
2026-09-13T22:30:00+08:00,1789309800000,entry,long,golden_cross_open,1,1.990842126219391,100.46,0.04,,1,0,1
2026-09-13T23:30:00+08:00,1789313400000,entry,long,red_histogram_expansion_add,1,1.9940179461615155,100.3,0.04,,2,0,2
2026-09-14T03:30:00+08:00,1789327800000,exit,long,red_histogram_shrinking,1,1.990842126219391,100.94,0.040191120844117065,0.8754130997411985,1,0,1
2026-09-14T05:00:00+08:00,1789333200000,entry,long,red_histogram_expansion_add,1,1.9719976336028398,101.42,0.04,,2,0,2
2026-09-14T05:30:00+08:00,1789335000000,exit,long,red_histogram_shrinking,1,1.9940179461615155,101.38,0.04043070787637089,2.073108673978062,1,0,1
2026-09-14T07:00:00+08:00,1789340400000,exit,long,dead_cross_flip_close_opposite,1,1.9719976336028398,99.66,0.0393058568329718,-3.55002169197398,0,0,0
2026-09-14T07:00:00+08:00,1789340400000,entry,short,dead_cross_flip_open_one_unit,1,2.006823198876179,99.66,0.04,,0,1,1
2026-09-14T08:00:00+08:00,1789344000000,entry,short,green_histogram_expansion_add,1,2.015722636565209,99.22,0.04,,0,2,2
2026-09-14T09:00:00+08:00,1789347600000,exit,short,green_histogram_shrinking,1,2.006823198876179,99.6,0.03997591812161348,0.04043347381096181,0,1,1
2026-09-14T11:00:00+08:00,1789354800000,exit,short,golden_cross_flip_close_opposite,1,2.015722636565209,100.95,0.04069744003225157,-3.567897601290071,0,0,0
2026-09-14T11:00:00+08:00,1789354800000,entry,long,golden_cross_flip_open_one_unit,1,1.981178801386825,100.95,0.04,,1,0,1
2026-09-14T12:00:00+08:00,1789358400000,entry,long,red_histogram_expansion_add,1,1.9815713861091844,100.93,0.04,,2,0,2
2026-09-14T13:30:00+08:00,1789363800000,exit,long,red_histogram_shrinking,1,1.981178801386825,100.98,0.040011887072808325,-0.020576523031201326,1,0,1
2026-09-14T15:00:00+08:00,1789369200000,entry,long,red_histogram_expansion_add,1,1.9704433497536946,101.5,0.04,,2,0,2
2026-09-14T15:30:00+08:00,1789371000000,exit,long,red_histogram_shrinking,1,1.9815713861091844,101.46,0.04021004656692757,0.9700227880709141,1,0,1
2026-09-14T18:30:00+08:00,1789381800000,exit,long,red_histogram_shrinking,1,1.9704433497536946,101.74,0.040094581280788175,0.39281182266008846,0,0,0
2026-09-14T21:30:00+08:00,1789392600000,entry,short,dead_cross_open,1,1.977066034005536,101.16,0.04,,0,1,1
2026-09-14T22:30:00+08:00,1789396200000,exit,short,green_histogram_shrinking,1,1.977066034005536,101.49,0.040130486358244365,-0.7325622775800679,0,0,0
2026-09-15T00:00:00+08:00,1789401600000,entry,long,golden_cross_open,1,1.9625159454420569,101.91,0.04,,1,0,1
2026-09-15T01:00:00+08:00,1789405200000,entry,long,red_histogram_expansion_add,1,1.9500780031201248,102.56,0.04,,2,0,2
2026-09-15T03:30:00+08:00,1789414200000,exit,long,red_histogram_shrinking,1,1.9625159454420569,103.33,0.04055735452850555,2.7062152879992185,1,0,1
2026-09-15T04:00:00+08:00,1789416000000,exit,long,fixed_take_profit,1,1.9500780031201248,104.61120000000001,0.04080000000000001,3.919200000000017,0,0,0
2026-09-15T07:00:00+08:00,1789426800000,entry,short,dead_cross_open,1,1.9449576971700866,102.83,0.04,,0,1,1
2026-09-15T08:00:00+08:00,1789430400000,entry,short,green_histogram_expansion_add,1,1.951409893648161,102.49,0.04,,0,2,2
2026-09-15T10:30:00+08:00,1789439400000,exit,short,green_histogram_shrinking,1,1.9449576971700866,102.25,0.03977438490712827,1.0483010794515184,0,1,1
2026-09-15T11:30:00+08:00,1789443000000,entry,short,zero_axis_down_add,1,1.9708316909735908,101.48,0.04,,0,2,2
2026-09-15T14:00:00+08:00,1789452000000,exit,short,green_histogram_shrinking,1,1.951409893648161,101.26,0.03951995316616256,2.3207142160210554,0,1,1
2026-09-15T16:30:00+08:00,1789461000000,entry,short,green_histogram_expansion_add,1,1.9952114924181965,100.24,0.04,,0,2,2
2026-09-15T17:00:00+08:00,1789462800000,exit,short,green_histogram_shrinking,1,1.9708316909735908,100.59,0.03964919195900671,1.6743910130074902,0,1,1
2026-09-15T20:30:00+08:00,1789475400000,exit,short,golden_cross_flip_close_opposite,1,1.9952114924181965,100.99,0.04029928172386273,-1.5767079010375102,0,0,0
2026-09-15T20:30:00+08:00,1789475400000,entry,long,golden_cross_flip_open_one_unit,1,1.9803940984255868,100.99,0.04,,1,0,1
2026-09-15T21:30:00+08:00,1789479000000,entry,long,red_histogram_expansion_add,1,1.9823570224997522,100.89,0.04,,2,0,2
2026-09-15T22:00:00+08:00,1789480800000,exit,long,red_histogram_shrinking,1,1.9803940984255868,100.51,0.03980988216655115,-1.0303990494108126,1,0,1
2026-09-15T22:30:00+08:00,1789482600000,exit,long,dead_cross_flip_close_opposite,1,1.9823570224997522,99.89,0.03960352859550005,-2.061960551095252,0,0,0
2026-09-15T22:30:00+08:00,1789482600000,entry,short,dead_cross_flip_open_one_unit,1,2.0022024226649315,99.89,0.04,,0,1,1
2026-09-15T22:30:00+08:00,1789482600000,exit,short,fixed_take_profit,1,2.0022024226649315,97.8922,0.039200000000000006,3.9207999999999963,0,0,0
2026-09-16T02:30:00+08:00,1789497000000,entry,long,golden_cross_open,1,2.0022024226649315,99.89,0.04,,1,0,1
2026-09-16T03:00:00+08:00,1789498800000,exit,long,dead_cross_flip_close_opposite,1,2.0022024226649315,98.11,0.03928721593753129,-3.6432075282811116,0,0,0
2026-09-16T03:00:00+08:00,1789498800000,entry,short,dead_cross_flip_open_one_unit,1,2.0385281826521253,98.11,0.04,,0,1,1
2026-09-16T04:00:00+08:00,1789502400000,entry,short,green_histogram_expansion_add,1,2.044362669937647,97.83,0.04,,0,2,2
2026-09-16T05:00:00+08:00,1789506000000,exit,short,green_histogram_shrinking,1,2.0385281826521253,97.37,0.03969829782896749,1.4288125573335948,0,1,1
2026-09-16T06:00:00+08:00,1789509600000,entry,short,green_histogram_expansion_add,1,2.0729684908789388,96.48,0.04,,0,2,2
2026-09-16T06:30:00+08:00,1789511400000,exit,short,green_histogram_shrinking,1,2.044362669937647,96.74,0.039554328937953596,2.1488009812940887,0,1,1
2026-09-16T09:30:00+08:00,1789522200000,exit,short,golden_cross_flip_close_opposite,1,2.0729684908789388,97.02,0.04022388059701493,-1.1996268656716254,0,0,0
2026-09-16T09:30:00+08:00,1789522200000,entry,long,golden_cross_flip_open_one_unit,1,2.0614306328592042,97.02,0.04,,1,0,1
2026-09-16T10:00:00+08:00,1789524000000,exit,long,dead_cross_flip_close_opposite,1,2.0614306328592042,96.42,0.0397526283240569,-1.3166110080395677,0,0,0
2026-09-16T10:00:00+08:00,1789524000000,entry,short,dead_cross_flip_open_one_unit,1,2.0742584526031944,96.42,0.04,,0,1,1
2026-09-16T10:30:00+08:00,1789525800000,exit,short,golden_cross_flip_close_opposite,1,2.0742584526031944,97.19,0.040319435801700894,-1.6774984443061525,0,0,0
2026-09-16T10:30:00+08:00,1789525800000,entry,long,golden_cross_flip_open_one_unit,1,2.0578248791027884,97.19,0.04,,1,0,1
2026-09-16T11:30:00+08:00,1789529400000,entry,long,red_histogram_expansion_add,1,2.058672156459084,97.15,0.04,,2,0,2
2026-09-16T13:30:00+08:00,1789536600000,exit,long,red_histogram_shrinking,1,2.0578248791027884,97.11,0.039967074801934364,-0.24459306513015394,1,0,1
2026-09-16T14:30:00+08:00,1789540200000,exit,long,red_histogram_shrinking,1,2.058672156459084,97.09,0.039975295934122496,-0.2034956253216722,0,0,0
2026-09-17T04:00:00+08:00,1789588800000,entry,long,zero_axis_up_open,1,2.0401917780271344,98.03,0.04,,1,0,1
2026-09-17T04:30:00+08:00,1789590600000,entry,long,red_histogram_expansion_add,1,2.0300446609825418,98.52,0.04,,2,0,2
2026-09-17T05:30:00+08:00,1789594200000,exit,long,red_histogram_shrinking,1,2.0401917780271344,98.33,0.040122411506681624,0.5319351219014529,1,0,1
2026-09-17T08:00:00+08:00,1789603200000,entry,long,red_histogram_expansion_add,1,2.028397565922921,98.6,0.04,,2,0,2
2026-09-17T09:00:00+08:00,1789606800000,exit,long,red_histogram_shrinking,1,2.0300446609825418,98.65,0.040052781161185554,0.18385302476656448,1,0,1
2026-09-17T10:00:00+08:00,1789610400000,entry,long,red_histogram_expansion_add,1,2.0163322915616493,99.19,0.04,,2,0,2
2026-09-17T10:30:00+08:00,1789612200000,exit,long,red_histogram_shrinking,1,2.028397565922921,99.05,0.04018255578093306,0.832596348884387,1,0,1
2026-09-17T12:00:00+08:00,1789617600000,entry,long,red_histogram_expansion_add,1,2.0020020020020017,99.9,0.04,,2,0,2
2026-09-17T12:30:00+08:00,1789619400000,exit,long,red_histogram_shrinking,1,2.0163322915616493,99.18,0.03999596733541688,-0.10015929025101504,1,0,1
2026-09-17T13:30:00+08:00,1789623000000,exit,long,red_histogram_shrinking,1,2.0020020020020017,99.65,0.0398998998998999,-0.5804004004004004,0,0,0
2026-09-17T18:30:00+08:00,1789641000000,entry,short,dead_cross_open,1,2.007024586051179,99.65,0.04,,0,1,1
2026-09-17T19:30:00+08:00,1789644600000,entry,short,green_histogram_expansion_add,1,2.0008003201280515,99.96,0.04,,0,2,2
2026-09-17T20:30:00+08:00,1789648200000,exit,short,golden_cross_flip_close_opposite,2,4.007824906179231,101.14,0.08107028220219348,-5.512481293169555,0,0,0
2026-09-17T20:30:00+08:00,1789648200000,entry,long,golden_cross_flip_open_one_unit,1,1.9774569903104606,101.14,0.04,,1,0,1
2026-09-17T21:30:00+08:00,1789651800000,exit,long,red_histogram_shrinking,1,1.9774569903104606,100.32,0.03967569705358908,-1.7011904291081814,0,0,0
2026-09-18T03:00:00+08:00,1789671600000,entry,short,bearish_divergence_confirmed_dead_cross,1,1.9839301656581687,100.81,0.04,,0,1,1
2026-09-18T04:00:00+08:00,1789675200000,entry,short,green_histogram_expansion_add,1,1.9817677368212445,100.92,0.04,,0,2,2
2026-09-18T04:30:00+08:00,1789677000000,exit,short,green_histogram_shrinking,1,1.9839301656581687,101.23,0.04016665013391529,-0.9134173197103496,0,1,1
2026-09-18T06:00:00+08:00,1789682400000,entry,short,green_histogram_expansion_add,1,1.9782393669634026,101.1,0.04,,0,2,2
2026-09-18T07:00:00+08:00,1789686000000,exit,short,green_histogram_shrinking,1,1.9817677368212445,101.37,0.04017835909631392,-0.9719738406658797,0,1,1
2026-09-18T09:00:00+08:00,1789693200000,exit,short,green_histogram_shrinking,1,1.9782393669634026,101.37,0.04010682492581603,-0.614231454005955,0,0,0
2026-09-18T10:00:00+08:00,1789696800000,entry,long,golden_cross_open,1,1.9525529629991212,102.43,0.04,,1,0,1
2026-09-18T11:00:00+08:00,1789700400000,entry,long,red_histogram_expansion_add,1,1.9474196689386563,102.7,0.04,,2,0,2
2026-09-18T11:30:00+08:00,1789702200000,exit,long,fixed_take_profit,1,1.9525529629991212,104.6161187539609,0.040853702530102856,4.187658947984195,1,0,1
2026-09-18T12:00:00+08:00,1789704000000,exit,long,fixed_take_profit,1,1.9474196689386563,104.754,0.0408,3.9192000000000036,0,0,0
2026-09-18T19:30:00+08:00,1789731000000,entry,short,dead_cross_open,1,1.8971732119142477,105.42,0.04,,0,1,1
2026-09-18T20:30:00+08:00,1789734600000,entry,short,green_histogram_expansion_add,1,1.8932222642938281,105.64,0.04,,0,2,2
2026-09-18T22:00:00+08:00,1789740000000,exit,short,green_histogram_shrinking,1,1.8971732119142477,108.49,0.041164864352115346,-5.905486624928843,0,1,1
2026-09-18T22:30:00+08:00,1789741800000,exit,short,golden_cross_flip_close_opposite,1,1.8932222642938281,109.31,0.041389625141991675,-7.029515335100345,0,0,0
2026-09-18T22:30:00+08:00,1789741800000,entry,long,golden_cross_flip_open_one_unit,1,1.8296587686396486,109.31,0.04,,1,0,1
2026-09-18T23:30:00+08:00,1789745400000,entry,long,red_histogram_expansion_add,1,1.8096272167933407,110.52,0.04,,2,0,2
2026-09-19T00:30:00+08:00,1789749000000,exit,long,fixed_take_profit,1,1.8296587686396486,112.10990332529681,0.04102457353409452,5.041843096938526,1,0,1
2026-09-19T01:00:00+08:00,1789750800000,exit,long,red_histogram_shrinking,1,1.8096272167933407,111.69,0.04042345276872965,2.036840390879482,0,0,0
2026-09-19T06:30:00+08:00,1789770600000,entry,short,dead_cross_open,1,1.766628389718223,113.21,0.04,,0,1,1
2026-09-19T07:30:00+08:00,1789774200000,entry,short,green_histogram_expansion_add,1,1.7685029622424617,113.09,0.04,,0,2,2
2026-09-19T09:00:00+08:00,1789779600000,exit,short,green_histogram_shrinking,1,1.766628389718223,113.65,0.04015546329829521,-0.8574719547743345,0,1,1
2026-09-19T10:00:00+08:00,1789783200000,entry,short,green_histogram_expansion_add,1,1.7633574325515782,113.42,0.04,,0,2,2
2026-09-19T11:00:00+08:00,1789786800000,exit,short,green_histogram_shrinking,1,1.7685029622424617,113.61,0.040183924308073216,-0.9998054646741463,0,1,1
2026-09-19T11:30:00+08:00,1789788600000,exit,short,end_of_test,1,1.7633574325515782,113.23,0.03993299241756305,0.2551049197672328,0,0,0
