time_beijing,timestamp_ms,equity_usdt,cash_usdt,long_units,short_units,total_units
2026-08-23T12:15:00+08:00,1787458500000,10000.0,10000.0,0,0,0
2026-08-23T12:30:00+08:00,1787459400000,10000.0,10000.0,0,0,0
2026-08-23T12:45:00+08:00,1787460300000,10000.0,10000.0,0,0,0
2026-08-23T13:00:00+08:00,1787461200000,10000.0,10000.0,0,0,0
2026-08-23T13:15:00+08:00,1787462100000,10000.0,10000.0,0,0,0
2026-08-23T13:30:00+08:00,1787463000000,10000.0,10000.0,0,0,0
2026-08-23T13:45:00+08:00,1787463900000,10000.0,10000.0,0,0,0
2026-08-23T14:00:00+08:00,1787464800000,10000.0,10000.0,0,0,0
2026-08-23T14:15:00+08:00,1787465700000,10000.0,10000.0,0,0,0
2026-08-23T14:30:00+08:00,1787466600000,10000.0,10000.0,0,0,0
2026-08-23T14:45:00+08:00,1787467500000,10000.0,10000.0,0,0,0
2026-08-23T15:00:00+08:00,1787468400000,10000.0,10000.0,0,0,0
2026-08-23T15:15:00+08:00,1787469300000,10000.157482185272,9999.96,1,0,1
2026-08-23T15:30:00+08:00,1787470200000,9999.639339235586,9999.96,1,0,1
2026-08-23T15:45:00+08:00,1787471100000,9999.639339235586,9999.639339235586,0,0,0
2026-08-23T16:00:00+08:00,1787472000000,9999.639339235586,9999.639339235586,0,0,0
2026-08-23T16:15:00+08:00,1787472900000,9999.639339235586,9999.639339235586,0,0,0
2026-08-23T16:30:00+08:00,1787473800000,9999.639339235586,9999.639339235586,0,0,0
2026-08-23T16:45:00+08:00,1787474700000,9999.639339235586,9999.639339235586,0,0,0
2026-08-23T17:00:00+08:00,1787475600000,9999.639339235586,9999.639339235586,0,0,0
2026-08-23T17:15:00+08:00,1787476500000,9999.639339235586,9999.639339235586,0,0,0
2026-08-23T17:30:00+08:00,1787477400000,9999.639339235586,9999.639339235586,0,0,0
2026-08-23T17:45:00+08:00,1787478300000,9999.73090508715,9999.599339235585,1,0,1
2026-08-23T18:00:00+08:00,1787479200000,10000.674517270763,9999.599339235585,1,0,1
2026-08-23T18:15:00+08:00,1787480100000,10000.54584288209,9999.599339235585,1,0,1
2026-08-23T18:30:00+08:00,1787481000000,10000.524397150642,10000.524397150642,0,0,0
2026-08-23T18:45:00+08:00,1787481900000,10000.524397150642,10000.524397150642,0,0,0
2026-08-23T19:00:00+08:00,1787482800000,10000.524397150642,10000.524397150642,0,0,0
2026-08-23T19:15:00+08:00,1787483700000,10000.524397150642,10000.524397150642,0,0,0
2026-08-23T19:30:00+08:00,1787484600000,10000.524397150642,10000.524397150642,0,0,0
2026-08-23T19:45:00+08:00,1787485500000,10000.524397150642,10000.524397150642,0,0,0
2026-08-23T20:00:00+08:00,1787486400000,10000.524397150642,10000.524397150642,0,0,0
2026-08-23T20:15:00+08:00,1787487300000,10000.524397150642,10000.524397150642,0,0,0
2026-08-23T20:30:00+08:00,1787488200000,10000.524397150642,10000.524397150642,0,0,0
2026-08-23T20:45:00+08:00,1787489100000,10000.524397150642,10000.524397150642,0,0,0
2026-08-23T21:00:00+08:00,1787490000000,10000.524397150642,10000.524397150642,0,0,0
2026-08-23T21:15:00+08:00,1787490900000,10000.524397150642,10000.524397150642,0,0,0
2026-08-23T21:30:00+08:00,1787491800000,10000.524397150642,10000.524397150642,0,0,0
2026-08-23T21:45:00+08:00,1787492700000,10000.524397150642,10000.524397150642,0,0,0
2026-08-23T22:00:00+08:00,1787493600000,10000.524397150642,10000.524397150642,0,0,0
2026-08-23T22:15:00+08:00,1787494500000,10000.524397150642,10000.524397150642,0,0,0
2026-08-23T22:30:00+08:00,1787495400000,10000.524397150642,10000.524397150642,0,0,0
2026-08-23T22:45:00+08:00,1787496300000,9999.066565212526,10000.484397150642,0,1,1
2026-08-23T23:00:00+08:00,1787497200000,9999.045367798093,9999.045367798093,0,0,0
2026-08-23T23:15:00+08:00,1787498100000,9999.045367798093,9999.045367798093,0,0,0
2026-08-23T23:30:00+08:00,1787499000000,9999.045367798093,9999.045367798093,0,0,0
2026-08-23T23:45:00+08:00,1787499900000,9998.233832311524,9999.005367798092,1,0,1
2026-08-24T00:00:00+08:00,1787500800000,9997.943970792428,9998.193832311523,0,1,1
2026-08-24T00:15:00+08:00,1787501700000,9997.985943096248,9998.193832311523,0,1,1
2026-08-24T00:30:00+08:00,1787502600000,9997.38152685269,9998.153832311522,0,2,2
2026-08-24T00:45:00+08:00,1787503500000,9997.6750360367,9997.652136969517,0,1,1
2026-08-24T01:00:00+08:00,1787504400000,9997.737935103884,9997.652136969517,0,1,1
2026-08-24T01:15:00+08:00,1787505300000,9998.517786547302,9997.612136969516,0,2,2
2026-08-24T01:30:00+08:00,1787506200000,9998.769448775627,9997.612136969516,0,2,2
2026-08-24T01:45:00+08:00,1787507100000,9998.81139248035,9997.612136969516,0,2,2
2026-08-24T02:00:00+08:00,1787508000000,9998.308068023694,9997.612136969516,0,2,2
2026-08-24T02:15:00+08:00,1787508900000,9998.014385137789,9998.012430439801,0,1,1
2026-08-24T02:30:00+08:00,1787509800000,9998.161226580742,9998.012430439801,0,1,1
2026-08-24T02:45:00+08:00,1787510700000,9998.161226580742,9998.012430439801,0,1,1
2026-08-24T03:00:00+08:00,1787511600000,9998.685660305573,9998.012430439801,0,1,1
2026-08-24T03:15:00+08:00,1787512500000,9998.66468295658,9998.012430439801,0,1,1
2026-08-24T03:30:00+08:00,1787513400000,9997.554916330268,9997.9724304398,0,2,2
2026-08-24T03:45:00+08:00,1787514300000,9998.01814441171,9998.100249231748,0,1,1
2026-08-24T04:00:00+08:00,1787515200000,9998.060249231747,9998.100249231748,0,1,1
2026-08-24T04:15:00+08:00,1787516100000,9997.053943190915,9998.060249231747,0,2,2
2026-08-24T04:30:00+08:00,1787517000000,9997.201310061046,9997.53604380131,0,1,1
2026-08-24T04:45:00+08:00,1787517900000,9997.453938981273,9997.53604380131,0,1,1
2026-08-24T05:00:00+08:00,1787518800000,9996.232899200173,9997.53604380131,0,1,1
2026-08-24T05:15:00+08:00,1787519700000,9997.093695582374,9996.171846790154,1,0,1
2026-08-24T05:30:00+08:00,1787520600000,9995.358185805107,9996.171846790154,1,0,1
2026-08-24T05:45:00+08:00,1787521500000,9995.358185805107,9995.358185805107,0,0,0
2026-08-24T06:00:00+08:00,1787522400000,9995.358185805107,9995.358185805107,0,0,0
2026-08-24T06:15:00+08:00,1787523300000,9994.626931866858,9995.318185805107,0,1,1
2026-08-24T06:30:00+08:00,1787524200000,9994.505068577839,9994.586931866857,1,0,1
2026-08-24T06:45:00+08:00,1787525100000,9994.630658444896,9994.586931866857,1,0,1
2026-08-24T07:00:00+08:00,1787526000000,9992.792768257987,9994.546931866857,2,0,2
2026-08-24T07:15:00+08:00,1787526900000,9992.082058851785,9992.752768257986,0,1,1
2026-08-24T07:30:00+08:00,1787527800000,9992.082058851785,9992.082058851785,0,0,0
2026-08-24T07:45:00+08:00,1787528700000,9992.082058851785,9992.082058851785,0,0,0
2026-08-24T08:00:00+08:00,1787529600000,9992.082058851785,9992.082058851785,0,0,0
2026-08-24T08:15:00+08:00,1787530500000,9992.082058851785,9992.082058851785,0,0,0
2026-08-24T08:30:00+08:00,1787531400000,9992.361919169245,9992.042058851785,0,1,1
2026-08-24T08:45:00+08:00,1787532300000,9989.800560439086,9992.042058851785,0,1,1
2026-08-24T09:00:00+08:00,1787533200000,9989.800560439086,9989.800560439086,0,0,0
2026-08-24T09:15:00+08:00,1787534100000,9989.800560439086,9989.800560439086,0,0,0
2026-08-24T09:30:00+08:00,1787535000000,9989.800560439086,9989.800560439086,0,0,0
2026-08-24T09:45:00+08:00,1787535900000,9989.800560439086,9989.800560439086,0,0,0
2026-08-24T10:00:00+08:00,1787536800000,9989.800560439086,9989.800560439086,0,0,0
2026-08-24T10:15:00+08:00,1787537700000,9989.800560439086,9989.800560439086,0,0,0
2026-08-24T10:30:00+08:00,1787538600000,9989.800560439086,9989.800560439086,0,0,0
2026-08-24T10:45:00+08:00,1787539500000,9989.382790168815,9989.760560439085,1,0,1
2026-08-24T11:00:00+08:00,1787540400000,9987.88393459449,9989.760560439085,1,0,1
2026-08-24T11:15:00+08:00,1787541300000,9988.038398100083,9987.84393459449,0,1,1
2026-08-24T11:30:00+08:00,1787542200000,9988.038398100083,9987.84393459449,0,1,1
2026-08-24T11:45:00+08:00,1787543100000,9988.406283135602,9987.803934594489,0,2,2
2026-08-24T12:00:00+08:00,1787544000000,9986.998601570065,9987.803934594489,0,2,2
2026-08-24T12:15:00+08:00,1787544900000,9986.358309691437,9987.550785953039,0,1,1
2026-08-24T12:30:00+08:00,1787545800000,9986.150921717484,9986.296967538443,1,0,1
2026-08-24T12:45:00+08:00,1787546700000,9986.087294224908,9986.296967538443,1,0,1
2026-08-24T13:00:00+08:00,1787547600000,9987.174365694607,9986.256967538442,2,0,2
2026-08-24T13:15:00+08:00,1787548500000,9985.264628961568,9986.256967538442,2,0,2
2026-08-24T13:30:00+08:00,1787549400000,9985.45569383045,9985.665529269456,1,0,1
2026-08-24T13:45:00+08:00,1787550300000,9985.75290584871,9985.665529269456,1,0,1
2026-08-24T14:00:00+08:00,1787551200000,9985.90151185784,9985.665529269456,1,0,1
2026-08-24T14:15:00+08:00,1787552100000,9985.43964546224,9985.625529269455,2,0,2
2026-08-24T14:30:00+08:00,1787553000000,9984.846040712451,9985.670446988957,1,0,1
2026-08-24T14:45:00+08:00,1787553900000,9986.075650551298,9985.670446988957,1,0,1
2026-08-24T15:00:00+08:00,1787554800000,9987.68686344358,9985.670446988957,1,0,1
2026-08-24T15:15:00+08:00,1787555700000,9983.388410127862,9985.630446988956,2,0,2
2026-08-24T15:30:00+08:00,1787556600000,9982.80084794925,9985.52684648005,1,0,1
2026-08-24T15:45:00+08:00,1787557500000,9982.968722857424,9985.52684648005,1,0,1
2026-08-24T16:00:00+08:00,1787558400000,9983.079773108298,9982.949707220945,0,1,1
2026-08-24T16:15:00+08:00,1787559300000,9984.482816678968,9982.949707220945,0,1,1
2026-08-24T16:30:00+08:00,1787560200000,9981.927088352979,9982.909707220944,0,2,2
2026-08-24T16:45:00+08:00,1787561100000,9982.012626794554,9983.231097231572,0,1,1
2026-08-24T17:00:00+08:00,1787562000000,9980.64131574057,9983.231097231572,0,1,1
2026-08-24T17:15:00+08:00,1787562900000,9980.730504529569,9980.601315740569,1,0,1
2026-08-24T17:30:00+08:00,1787563800000,9980.857396121319,9980.601315740569,1,0,1
2026-08-24T17:45:00+08:00,1787564700000,9980.587174885692,9980.561315740568,2,0,2
2026-08-24T18:00:00+08:00,1787565600000,9981.389747227453,9980.73280172682,1,0,1
2026-08-24T18:15:00+08:00,1787566500000,9980.946236454321,9980.73280172682,1,0,1
2026-08-24T18:30:00+08:00,1787567400000,9980.967356014948,9980.967356014948,0,0,0
2026-08-24T18:45:00+08:00,1787568300000,9980.967356014948,9980.967356014948,0,0,0
2026-08-24T19:00:00+08:00,1787569200000,9980.967356014948,9980.967356014948,0,0,0
2026-08-24T19:15:00+08:00,1787570100000,9980.967356014948,9980.967356014948,0,0,0
2026-08-24T19:30:00+08:00,1787571000000,9980.967356014948,9980.967356014948,0,0,0
2026-08-24T19:45:00+08:00,1787571900000,9980.967356014948,9980.967356014948,0,0,0
2026-08-24T20:00:00+08:00,1787572800000,9980.967356014948,9980.967356014948,0,0,0
2026-08-24T20:15:00+08:00,1787573700000,9980.967356014948,9980.967356014948,0,0,0
2026-08-24T20:30:00+08:00,1787574600000,9980.967356014948,9980.967356014948,0,0,0
2026-08-24T20:45:00+08:00,1787575500000,9980.967356014948,9980.967356014948,0,0,0
2026-08-24T21:00:00+08:00,1787576400000,9980.967356014948,9980.967356014948,0,0,0
2026-08-24T21:15:00+08:00,1787577300000,9980.967356014948,9980.967356014948,0,0,0
2026-08-24T21:30:00+08:00,1787578200000,9980.967356014948,9980.967356014948,0,0,0
2026-08-24T21:45:00+08:00,1787579100000,9980.422981212794,9980.927356014947,0,1,1
2026-08-24T22:00:00+08:00,1787580000000,9979.072072697441,9980.927356014947,0,1,1
2026-08-24T22:15:00+08:00,1787580900000,9979.072072697441,9979.072072697441,0,0,0
2026-08-24T22:30:00+08:00,1787581800000,9979.072072697441,9979.072072697441,0,0,0
2026-08-24T22:45:00+08:00,1787582700000,9978.224989234506,9979.03207269744,1,0,1
2026-08-24T23:00:00+08:00,1787583600000,9978.556701002262,9979.03207269744,1,0,1
2026-08-24T23:15:00+08:00,1787584500000,9982.752149538774,9978.99207269744,2,0,2
2026-08-24T23:30:00+08:00,1787585400000,9979.389903602292,9978.99207269744,2,0,2
2026-08-24T23:45:00+08:00,1787586300000,9979.265285498768,9978.952072697439,1,0,1
2026-08-25T00:00:00+08:00,1787587200000,9979.992488325037,9978.952072697439,1,0,1
2026-08-25T00:15:00+08:00,1787588100000,9980.57425058605,9978.952072697439,1,0,1
2026-08-25T00:30:00+08:00,1787589000000,9979.0458400104,9978.912072697438,2,0,2
2026-08-25T00:45:00+08:00,1787589900000,9977.665242318726,9979.807047759781,1,0,1
2026-08-25T01:00:00+08:00,1787590800000,9977.876906555342,9977.625242318725,0,1,1
2026-08-25T01:15:00+08:00,1787591700000,9979.960222531181,9977.625242318725,0,1,1
2026-08-25T01:30:00+08:00,1787592600000,9980.236619077032,9977.585242318724,0,2,2
2026-08-25T01:45:00+08:00,1787593500000,9977.973240843376,9977.585242318724,0,2,2
2026-08-25T02:00:00+08:00,1787594400000,9976.666451313084,9978.941064022536,0,1,1
2026-08-25T02:15:00+08:00,1787595300000,9976.05509500578,9978.941064022536,0,1,1
2026-08-25T02:30:00+08:00,1787596200000,9976.181582517636,9978.941064022536,0,1,1
2026-08-25T02:45:00+08:00,1787597100000,9975.457086780476,9976.141582517635,1,0,1
2026-08-25T03:00:00+08:00,1787598000000,9975.564878581872,9975.417086780475,0,1,1
2026-08-25T03:15:00+08:00,1787598900000,9975.335355269053,9975.417086780475,0,1,1
2026-08-25T03:30:00+08:00,1787599800000,9975.335355269053,9975.335355269053,0,0,0
2026-08-25T03:45:00+08:00,1787600700000,9975.774785859243,9975.295355269052,1,0,1
2026-08-25T04:00:00+08:00,1787601600000,9975.109914703798,9975.295355269052,1,0,1
2026-08-25T04:15:00+08:00,1787602500000,9975.08913748019,9975.08913748019,0,0,0
2026-08-25T04:30:00+08:00,1787603400000,9975.08913748019,9975.08913748019,0,0,0
2026-08-25T04:45:00+08:00,1787604300000,9975.08913748019,9975.08913748019,0,0,0
2026-08-25T05:00:00+08:00,1787605200000,9975.08913748019,9975.08913748019,0,0,0
2026-08-25T05:15:00+08:00,1787606100000,9975.08913748019,9975.08913748019,0,0,0
2026-08-25T05:30:00+08:00,1787607000000,9975.08913748019,9975.08913748019,0,0,0
2026-08-25T05:45:00+08:00,1787607900000,9975.08913748019,9975.08913748019,0,0,0
2026-08-25T06:00:00+08:00,1787608800000,9975.08913748019,9975.08913748019,0,0,0
2026-08-25T06:15:00+08:00,1787609700000,9975.08913748019,9975.08913748019,0,0,0
2026-08-25T06:30:00+08:00,1787610600000,9975.08913748019,9975.08913748019,0,0,0
2026-08-25T06:45:00+08:00,1787611500000,9975.08913748019,9975.08913748019,0,0,0
2026-08-25T07:00:00+08:00,1787612400000,9975.08913748019,9975.08913748019,0,0,0
2026-08-25T07:15:00+08:00,1787613300000,9975.08913748019,9975.08913748019,0,0,0
2026-08-25T07:30:00+08:00,1787614200000,9975.08913748019,9975.08913748019,0,0,0
2026-08-25T07:45:00+08:00,1787615100000,9975.08913748019,9975.08913748019,0,0,0
2026-08-25T08:00:00+08:00,1787616000000,9975.08913748019,9975.08913748019,0,0,0
2026-08-25T08:15:00+08:00,1787616900000,9975.08913748019,9975.08913748019,0,0,0
2026-08-25T08:30:00+08:00,1787617800000,9975.08913748019,9975.08913748019,0,0,0
2026-08-25T08:45:00+08:00,1787618700000,9975.08913748019,9975.08913748019,0,0,0
2026-08-25T09:00:00+08:00,1787619600000,9975.08913748019,9975.08913748019,0,0,0
2026-08-25T09:15:00+08:00,1787620500000,9975.08913748019,9975.08913748019,0,0,0
2026-08-25T09:30:00+08:00,1787621400000,9975.08913748019,9975.08913748019,0,0,0
2026-08-25T09:45:00+08:00,1787622300000,9975.08913748019,9975.08913748019,0,0,0
2026-08-25T10:00:00+08:00,1787623200000,9975.248110103385,9975.04913748019,0,1,1
2026-08-25T10:15:00+08:00,1787624100000,9971.484291288054,9975.04913748019,0,1,1
2026-08-25T10:30:00+08:00,1787625000000,9971.50420567332,9971.50420567332,0,0,0
2026-08-25T10:45:00+08:00,1787625900000,9971.50420567332,9971.50420567332,0,0,0
2026-08-25T11:00:00+08:00,1787626800000,9971.50420567332,9971.50420567332,0,0,0
2026-08-25T11:15:00+08:00,1787627700000,9971.50420567332,9971.50420567332,0,0,0
2026-08-25T11:30:00+08:00,1787628600000,9971.50420567332,9971.50420567332,0,0,0
2026-08-25T11:45:00+08:00,1787629500000,9971.50420567332,9971.50420567332,0,0,0
2026-08-25T12:00:00+08:00,1787630400000,9971.50420567332,9971.50420567332,0,0,0
2026-08-25T12:15:00+08:00,1787631300000,9971.50420567332,9971.50420567332,0,0,0
2026-08-25T12:30:00+08:00,1787632200000,9971.50420567332,9971.50420567332,0,0,0
2026-08-25T12:45:00+08:00,1787633100000,9971.50420567332,9971.50420567332,0,0,0
2026-08-25T13:00:00+08:00,1787634000000,9971.50420567332,9971.50420567332,0,0,0
2026-08-25T13:15:00+08:00,1787634900000,9971.50420567332,9971.50420567332,0,0,0
2026-08-25T13:30:00+08:00,1787635800000,9971.50420567332,9971.50420567332,0,0,0
2026-08-25T13:45:00+08:00,1787636700000,9971.50420567332,9971.50420567332,0,0,0
2026-08-25T14:00:00+08:00,1787637600000,9971.50420567332,9971.50420567332,0,0,0
2026-08-25T14:15:00+08:00,1787638500000,9971.50420567332,9971.50420567332,0,0,0
2026-08-25T14:30:00+08:00,1787639400000,9971.50420567332,9971.50420567332,0,0,0
2026-08-25T14:45:00+08:00,1787640300000,9971.50420567332,9971.50420567332,0,0,0
2026-08-25T15:00:00+08:00,1787641200000,9971.50420567332,9971.50420567332,0,0,0
2026-08-25T15:15:00+08:00,1787642100000,9971.50420567332,9971.50420567332,0,0,0
2026-08-25T15:30:00+08:00,1787643000000,9971.50420567332,9971.50420567332,0,0,0
2026-08-25T15:45:00+08:00,1787643900000,9971.50420567332,9971.50420567332,0,0,0
2026-08-25T16:00:00+08:00,1787644800000,9971.50420567332,9971.50420567332,0,0,0
2026-08-25T16:15:00+08:00,1787645700000,9969.967845844856,9971.46420567332,0,1,1
2026-08-25T16:30:00+08:00,1787646600000,9969.967845844856,9969.967845844856,0,0,0
2026-08-25T16:45:00+08:00,1787647500000,9969.967845844856,9969.967845844856,0,0,0
2026-08-25T17:00:00+08:00,1787648400000,9969.967845844856,9969.967845844856,0,0,0
2026-08-25T17:15:00+08:00,1787649300000,9969.967845844856,9969.967845844856,0,0,0
2026-08-25T17:30:00+08:00,1787650200000,9969.967845844856,9969.967845844856,0,0,0
2026-08-25T17:45:00+08:00,1787651100000,9969.967845844856,9969.967845844856,0,0,0
2026-08-25T18:00:00+08:00,1787652000000,9969.967845844856,9969.967845844856,0,0,0
2026-08-25T18:15:00+08:00,1787652900000,9969.967845844856,9969.967845844856,0,0,0
2026-08-25T18:30:00+08:00,1787653800000,9969.967845844856,9969.967845844856,0,0,0
2026-08-25T18:45:00+08:00,1787654700000,9969.967845844856,9969.967845844856,0,0,0
2026-08-25T19:00:00+08:00,1787655600000,9969.967845844856,9969.967845844856,0,0,0
2026-08-25T19:15:00+08:00,1787656500000,9969.967845844856,9969.967845844856,0,0,0
2026-08-25T19:30:00+08:00,1787657400000,9969.967845844856,9969.967845844856,0,0,0
2026-08-25T19:45:00+08:00,1787658300000,9969.967845844856,9969.967845844856,0,0,0
2026-08-25T20:00:00+08:00,1787659200000,9969.967845844856,9969.967845844856,0,0,0
2026-08-25T20:15:00+08:00,1787660100000,9969.967845844856,9969.967845844856,0,0,0
2026-08-25T20:30:00+08:00,1787661000000,9969.967845844856,9969.967845844856,0,0,0
2026-08-25T20:45:00+08:00,1787661900000,9969.967845844856,9969.967845844856,0,0,0
2026-08-25T21:00:00+08:00,1787662800000,9969.967845844856,9969.967845844856,0,0,0
2026-08-25T21:15:00+08:00,1787663700000,9969.967845844856,9969.967845844856,0,0,0
2026-08-25T21:30:00+08:00,1787664600000,9969.967845844856,9969.967845844856,0,0,0
2026-08-25T21:45:00+08:00,1787665500000,9969.967845844856,9969.967845844856,0,0,0
2026-08-25T22:00:00+08:00,1787666400000,9969.967845844856,9969.967845844856,0,0,0
2026-08-25T22:15:00+08:00,1787667300000,9969.967845844856,9969.967845844856,0,0,0
2026-08-25T22:30:00+08:00,1787668200000,9969.867433431626,9969.927845844855,1,0,1
2026-08-25T22:45:00+08:00,1787669100000,9970.296094109453,9969.927845844855,1,0,1
2026-08-25T23:00:00+08:00,1787670000000,9968.360573101965,9969.887845844854,2,0,2
2026-08-25T23:15:00+08:00,1787670900000,9968.788360476996,9969.357947927338,1,0,1
2026-08-25T23:30:00+08:00,1787671800000,9969.012416705988,9969.357947927338,1,0,1
2026-08-25T23:45:00+08:00,1787672700000,9970.175783018678,9969.317947927337,2,0,2
2026-08-26T00:00:00+08:00,1787673600000,9968.830485697616,9969.317947927337,2,0,2
2026-08-26T00:15:00+08:00,1787674500000,9968.850883535011,9968.931679209805,1,0,1
2026-08-26T00:30:00+08:00,1787675400000,9969.503614331707,9968.931679209805,1,0,1
2026-08-26T00:45:00+08:00,1787676300000,9969.11605542117,9968.931679209805,1,0,1
2026-08-26T01:00:00+08:00,1787677200000,9969.11605542117,9969.11605542117,0,0,0
2026-08-26T01:15:00+08:00,1787678100000,9969.11605542117,9969.11605542117,0,0,0
2026-08-26T01:30:00+08:00,1787679000000,9969.11605542117,9969.11605542117,0,0,0
2026-08-26T01:45:00+08:00,1787679900000,9969.11605542117,9969.11605542117,0,0,0
2026-08-26T02:00:00+08:00,1787680800000,9969.11605542117,9969.11605542117,0,0,0
2026-08-26T02:15:00+08:00,1787681700000,9969.11605542117,9969.11605542117,0,0,0
2026-08-26T02:30:00+08:00,1787682600000,9969.11605542117,9969.11605542117,0,0,0
2026-08-26T02:45:00+08:00,1787683500000,9968.731825783274,9969.076055421168,1,0,1
2026-08-26T03:00:00+08:00,1787684400000,9968.711543807414,9968.711543807414,0,0,0
2026-08-26T03:15:00+08:00,1787685300000,9968.711543807414,9968.711543807414,0,0,0
2026-08-26T03:30:00+08:00,1787686200000,9969.367736814978,9968.671543807413,0,1,1
2026-08-26T03:45:00+08:00,1787687100000,9968.50884497282,9968.671543807413,0,1,1
2026-08-26T04:00:00+08:00,1787688000000,9968.488395167053,9968.488395167053,0,0,0
2026-08-26T04:15:00+08:00,1787688900000,9968.488395167053,9968.488395167053,0,0,0
2026-08-26T04:30:00+08:00,1787689800000,9968.488395167053,9968.488395167053,0,0,0
2026-08-26T04:45:00+08:00,1787690700000,9968.488395167053,9968.488395167053,0,0,0
2026-08-26T05:00:00+08:00,1787691600000,9968.488395167053,9968.488395167053,0,0,0
2026-08-26T05:15:00+08:00,1787692500000,9968.488395167053,9968.488395167053,0,0,0
2026-08-26T05:30:00+08:00,1787693400000,9968.488395167053,9968.488395167053,0,0,0
2026-08-26T05:45:00+08:00,1787694300000,9968.488395167053,9968.488395167053,0,0,0
2026-08-26T06:00:00+08:00,1787695200000,9968.488395167053,9968.488395167053,0,0,0
2026-08-26T06:15:00+08:00,1787696100000,9967.834621852848,9968.448395167052,1,0,1
2026-08-26T06:30:00+08:00,1787697000000,9967.670686620218,9968.448395167052,1,0,1
2026-08-26T06:45:00+08:00,1787697900000,9967.65019471614,9967.65019471614,0,0,0
2026-08-26T07:00:00+08:00,1787698800000,9967.65019471614,9967.65019471614,0,0,0
2026-08-26T07:15:00+08:00,1787699700000,9967.65019471614,9967.65019471614,0,0,0
2026-08-26T07:30:00+08:00,1787700600000,9967.65019471614,9967.65019471614,0,0,0
2026-08-26T07:45:00+08:00,1787701500000,9967.901181272498,9967.610194716139,0,1,1
2026-08-26T08:00:00+08:00,1787702400000,9968.604527704763,9967.610194716139,0,1,1
2026-08-26T08:15:00+08:00,1787703300000,9967.280102547762,9967.570194716138,0,2,2
2026-08-26T08:30:00+08:00,1787704200000,9967.321583386329,9967.96461457136,0,1,1
2026-08-26T08:45:00+08:00,1787705100000,9967.072053240798,9967.96461457136,0,1,1
2026-08-26T09:00:00+08:00,1787706000000,9966.510610413356,9967.96461457136,0,1,1
2026-08-26T09:15:00+08:00,1787706900000,9966.121010908813,9966.470610413355,1,0,1
2026-08-26T09:30:00+08:00,1787707800000,9966.760849884866,9966.470610413355,1,0,1
2026-08-26T09:45:00+08:00,1787708700000,9966.412721759902,9966.430610413354,2,0,2
2026-08-26T10:00:00+08:00,1787709600000,9966.000241496577,9966.430610413354,2,0,2
2026-08-26T10:15:00+08:00,1787710500000,9967.236693150755,9966.349330479416,1,0,1
2026-08-26T10:30:00+08:00,1787711400000,9966.927572260309,9966.349330479416,1,0,1
2026-08-26T10:45:00+08:00,1787712300000,9966.927572260309,9966.927572260309,0,0,0
2026-08-26T11:00:00+08:00,1787713200000,9966.927572260309,9966.927572260309,0,0,0
2026-08-26T11:15:00+08:00,1787714100000,9966.927572260309,9966.927572260309,0,0,0
2026-08-26T11:30:00+08:00,1787715000000,9966.927572260309,9966.927572260309,0,0,0
2026-08-26T11:45:00+08:00,1787715900000,9966.927572260309,9966.927572260309,0,0,0
2026-08-26T12:00:00+08:00,1787716800000,9966.927572260309,9966.927572260309,0,0,0
2026-08-26T12:15:00+08:00,1787717700000,9966.579256123288,9966.887572260308,0,1,1
2026-08-26T12:30:00+08:00,1787718600000,9966.499218110115,9966.518616420439,1,0,1
2026-08-26T12:45:00+08:00,1787719500000,9965.469133626291,9966.518616420439,1,0,1
2026-08-26T13:00:00+08:00,1787720400000,9965.471991656734,9965.42913362629,0,1,1
2026-08-26T13:15:00+08:00,1787721300000,9964.99555798168,9965.42913362629,0,1,1
2026-08-26T13:30:00+08:00,1787722200000,9964.974843474069,9964.974843474069,0,0,0
2026-08-26T13:45:00+08:00,1787723100000,9964.68893265129,9964.934843474068,1,0,1
2026-08-26T14:00:00+08:00,1787724000000,9964.606568322179,9964.934843474068,1,0,1
2026-08-26T14:15:00+08:00,1787724900000,9963.310770672324,9964.894843474067,2,0,2
2026-08-26T14:30:00+08:00,1787725800000,9963.147998354127,9963.270770672323,0,1,1
2026-08-26T14:45:00+08:00,1787726700000,9963.08591911548,9963.270770672323,0,1,1
2026-08-26T15:00:00+08:00,1787727600000,9963.08591911548,9963.08591911548,0,0,0
2026-08-26T15:15:00+08:00,1787728500000,9963.026554822392,9963.045919115479,1,0,1
2026-08-26T15:30:00+08:00,1787729400000,9963.171004770793,9963.045919115479,1,0,1
2026-08-26T15:45:00+08:00,1787730300000,9962.65786555916,9963.005919115478,2,0,2
2026-08-26T16:00:00+08:00,1787731200000,9963.27638145991,9962.945283408564,1,0,1
2026-08-26T16:15:00+08:00,1787732100000,9962.90801697639,9962.905283408563,2,0,2
2026-08-26T16:30:00+08:00,1787733000000,9963.113991607475,9962.905283408563,2,0,2
2026-08-26T16:45:00+08:00,1787733900000,9961.507389485008,9962.905283408563,2,0,2
2026-08-26T17:00:00+08:00,1787734800000,9961.548584411226,9962.411719123585,1,0,1
2026-08-26T17:15:00+08:00,1787735700000,9962.502169199899,9961.508584411225,0,1,1
2026-08-26T17:30:00+08:00,1787736600000,9963.225678551971,9961.508584411225,0,1,1
2026-08-26T17:45:00+08:00,1787737500000,9962.273620480344,9961.468584411225,0,2,2
2026-08-26T18:00:00+08:00,1787738400000,9962.336001934249,9962.7722446365,0,1,1
2026-08-26T18:15:00+08:00,1787739300000,9961.251548222823,9962.7722446365,0,1,1
2026-08-26T18:30:00+08:00,1787740200000,9959.791706688211,9962.7722446365,0,1,1
2026-08-26T18:45:00+08:00,1787741100000,9959.834648809348,9959.730851809143,1,0,1
2026-08-26T19:00:00+08:00,1787742000000,9960.083209570665,9959.690851809142,2,0,2
2026-08-26T19:15:00+08:00,1787742900000,9958.974317001217,9959.690851809142,2,0,2
2026-08-26T19:30:00+08:00,1787743800000,9958.358487004298,9959.404342665934,1,0,1
2026-08-26T19:45:00+08:00,1787744700000,9958.48165300368,9959.404342665934,1,0,1
2026-08-26T20:00:00+08:00,1787745600000,9957.96846133958,9959.404342665934,1,0,1
2026-08-26T20:15:00+08:00,1787746500000,9956.37880352918,9957.92846133958,0,1,1
2026-08-26T20:30:00+08:00,1787747400000,9954.944694650529,9956.359483773156,1,0,1
2026-08-26T20:45:00+08:00,1787748300000,9954.451413190196,9954.884175409892,0,1,1
2026-08-26T21:00:00+08:00,1787749200000,9955.464326283096,9954.884175409892,0,1,1
2026-08-26T21:15:00+08:00,1787750100000,9957.661748455996,9954.844175409891,0,2,2
2026-08-26T21:30:00+08:00,1787751000000,9954.763211145031,9954.844175409891,0,2,2
2026-08-26T21:45:00+08:00,1787751900000,9954.991306926104,9955.114250846493,0,1,1
2026-08-26T22:00:00+08:00,1787752800000,9954.804683105225,9955.114250846493,0,1,1
2026-08-26T22:15:00+08:00,1787753700000,9955.571914368831,9955.114250846493,0,1,1
2026-08-26T22:30:00+08:00,1787754600000,9956.567241413508,9955.114250846493,0,1,1
2026-08-26T22:45:00+08:00,1787755500000,9957.881769645948,9955.074250846492,0,2,2
2026-08-26T23:00:00+08:00,1787756400000,9957.382208826913,9955.074250846492,0,2,2
2026-08-26T23:15:00+08:00,1787757300000,9956.003199008657,9956.98343297565,0,1,1
2026-08-26T23:30:00+08:00,1787758200000,9956.48376303623,9956.98343297565,0,1,1
2026-08-26T23:45:00+08:00,1787759100000,9956.650915741475,9956.98343297565,0,1,1
2026-08-27T00:00:00+08:00,1787760000000,9956.818068446717,9956.98343297565,0,1,1
2026-08-27T00:15:00+08:00,1787760900000,9956.985221151961,9956.98343297565,0,1,1
2026-08-27T00:30:00+08:00,1787761800000,9957.528467444003,9956.98343297565,0,1,1
2026-08-27T00:45:00+08:00,1787762700000,9956.63002165332,9956.98343297565,0,1,1
2026-08-27T01:00:00+08:00,1787763600000,9957.363291024474,9956.59002165332,1,0,1
2026-08-27T01:15:00+08:00,1787764500000,9958.989829766782,9956.59002165332,1,0,1
2026-08-27T01:30:00+08:00,1787765400000,9959.117103519158,9956.550021653318,2,0,2
2026-08-27T01:45:00+08:00,1787766300000,9958.329463260128,9956.550021653318,2,0,2
2026-08-27T02:00:00+08:00,1787767200000,9958.247307872543,9958.678739976396,1,0,1
2026-08-27T02:15:00+08:00,1787768100000,9957.938282527395,9958.678739976396,1,0,1
2026-08-27T02:30:00+08:00,1787769000000,9957.85587576869,9958.678739976396,1,0,1
2026-08-27T02:45:00+08:00,1787769900000,9958.103096044808,9958.678739976396,1,0,1
2026-08-27T03:00:00+08:00,1787770800000,9957.44384197516,9958.678739976396,1,0,1
2026-08-27T03:15:00+08:00,1787771700000,9957.979485906748,9958.678739976396,1,0,1
2026-08-27T03:30:00+08:00,1787772600000,9957.44384197516,9958.678739976396,1,0,1
2026-08-27T03:45:00+08:00,1787773500000,9956.845419931806,9957.424443664835,0,1,1
2026-08-27T04:00:00+08:00,1787774400000,9956.845419931806,9956.845419931806,0,0,0
2026-08-27T04:15:00+08:00,1787775300000,9956.53816918276,9956.805419931805,1,0,1
2026-08-27T04:30:00+08:00,1787776200000,9956.665078574568,9956.49816918276,0,1,1
2026-08-27T04:45:00+08:00,1787777100000,9956.023659459963,9956.49816918276,0,1,1
2026-08-27T05:00:00+08:00,1787778000000,9957.161468483371,9956.004350399144,1,0,1
2026-08-27T05:15:00+08:00,1787778900000,9957.553627855792,9956.004350399144,1,0,1
2026-08-27T05:30:00+08:00,1787779800000,9957.082914380278,9955.964350399143,2,0,2
2026-08-27T05:45:00+08:00,1787780700000,9958.414069644514,9957.307228186095,1,0,1
2026-08-27T06:00:00+08:00,1787781600000,9959.929538714567,9957.307228186095,1,0,1
2026-08-27T06:15:00+08:00,1787782500000,9965.623292742073,9963.581639214683,1,0,1
2026-08-27T06:30:00+08:00,1787783400000,9965.946656396813,9963.581639214683,1,0,1
2026-08-27T06:45:00+08:00,1787784300000,9964.976565432593,9963.581639214683,1,0,1
2026-08-27T07:00:00+08:00,1787785200000,9964.95635520417,9964.95635520417,0,0,0
2026-08-27T07:15:00+08:00,1787786100000,9964.95635520417,9964.95635520417,0,0,0
2026-08-27T07:30:00+08:00,1787787000000,9964.95635520417,9964.95635520417,0,0,0
2026-08-27T07:45:00+08:00,1787787900000,9964.95635520417,9964.95635520417,0,0,0
2026-08-27T08:00:00+08:00,1787788800000,9964.95635520417,9964.95635520417,0,0,0
2026-08-27T08:15:00+08:00,1787789700000,9964.95635520417,9964.95635520417,0,0,0
2026-08-27T08:30:00+08:00,1787790600000,9964.95635520417,9964.95635520417,0,0,0
2026-08-27T08:45:00+08:00,1787791500000,9964.95635520417,9964.95635520417,0,0,0
2026-08-27T09:00:00+08:00,1787792400000,9964.558010266832,9964.91635520417,0,1,1
2026-08-27T09:15:00+08:00,1787793300000,9962.827009670054,9964.91635520417,0,1,1
2026-08-27T09:30:00+08:00,1787794200000,9962.80711311147,9962.80711311147,0,0,0
2026-08-27T09:45:00+08:00,1787795100000,9962.80711311147,9962.80711311147,0,0,0
2026-08-27T10:00:00+08:00,1787796000000,9962.80711311147,9962.80711311147,0,0,0
2026-08-27T10:15:00+08:00,1787796900000,9962.80711311147,9962.80711311147,0,0,0
2026-08-27T10:30:00+08:00,1787797800000,9962.80711311147,9962.80711311147,0,0,0
2026-08-27T10:45:00+08:00,1787798700000,9962.80711311147,9962.80711311147,0,0,0
2026-08-27T11:00:00+08:00,1787799600000,9962.80711311147,9962.80711311147,0,0,0
2026-08-27T11:15:00+08:00,1787800500000,9962.80711311147,9962.80711311147,0,0,0
2026-08-27T11:30:00+08:00,1787801400000,9962.80711311147,9962.80711311147,0,0,0
2026-08-27T11:45:00+08:00,1787802300000,9962.80711311147,9962.80711311147,0,0,0
2026-08-27T12:00:00+08:00,1787803200000,9962.80711311147,9962.80711311147,0,0,0
2026-08-27T12:15:00+08:00,1787804100000,9962.80711311147,9962.80711311147,0,0,0
2026-08-27T12:30:00+08:00,1787805000000,9962.80711311147,9962.80711311147,0,0,0
2026-08-27T12:45:00+08:00,1787805900000,9962.80711311147,9962.80711311147,0,0,0
2026-08-27T13:00:00+08:00,1787806800000,9962.80711311147,9962.80711311147,0,0,0
2026-08-27T13:15:00+08:00,1787807700000,9962.80711311147,9962.80711311147,0,0,0
2026-08-27T13:30:00+08:00,1787808600000,9962.80711311147,9962.80711311147,0,0,0
2026-08-27T13:45:00+08:00,1787809500000,9962.80711311147,9962.80711311147,0,0,0
2026-08-27T14:00:00+08:00,1787810400000,9962.80711311147,9962.80711311147,0,0,0
2026-08-27T14:15:00+08:00,1787811300000,9962.80711311147,9962.80711311147,0,0,0
2026-08-27T14:30:00+08:00,1787812200000,9962.80711311147,9962.80711311147,0,0,0
2026-08-27T14:45:00+08:00,1787813100000,9962.80711311147,9962.80711311147,0,0,0
2026-08-27T15:00:00+08:00,1787814000000,9962.80711311147,9962.80711311147,0,0,0
2026-08-27T15:15:00+08:00,1787814900000,9962.80711311147,9962.80711311147,0,0,0
2026-08-27T15:30:00+08:00,1787815800000,9962.80711311147,9962.80711311147,0,0,0
2026-08-27T15:45:00+08:00,1787816700000,9962.80711311147,9962.80711311147,0,0,0
2026-08-27T16:00:00+08:00,1787817600000,9965.104782136626,9962.76711311147,1,0,1
2026-08-27T16:15:00+08:00,1787818500000,9967.325249903923,9962.76711311147,1,0,1
2026-08-27T16:30:00+08:00,1787819400000,9967.672694620993,9962.727113111468,2,0,2
2026-08-27T16:45:00+08:00,1787820300000,9969.22703904671,9962.727113111468,2,0,2
2026-08-27T17:00:00+08:00,1787821200000,9970.470514587281,9962.727113111468,2,0,2
2026-08-27T17:15:00+08:00,1787822100000,9971.238852723689,9968.916212954236,1,0,1
2026-08-27T17:30:00+08:00,1787823000000,9970.27843005318,9968.916212954236,1,0,1
2026-08-27T17:45:00+08:00,1787823900000,9969.375632742902,9968.916212954236,1,0,1
2026-08-27T18:00:00+08:00,1787824800000,9969.586925730413,9968.916212954236,1,0,1
2026-08-27T18:15:00+08:00,1787825700000,9968.511252339444,9968.916212954236,1,0,1
2026-08-27T18:30:00+08:00,1787826600000,9968.180968875993,9968.490460792853,0,1,1
2026-08-27T18:45:00+08:00,1787827500000,9968.200218298627,9968.490460792853,0,1,1
2026-08-27T19:00:00+08:00,1787828400000,9967.042924037227,9968.450460792852,0,2,2
2026-08-27T19:15:00+08:00,1787829300000,9967.658135954574,9967.621234464907,0,1,1
2026-08-27T19:30:00+08:00,1787830200000,9967.88884042358,9967.621234464907,0,1,1
2026-08-27T19:45:00+08:00,1787831100000,9967.828065795995,9967.581234464906,0,2,2
2026-08-27T20:00:00+08:00,1787832000000,9966.635117371976,9967.581234464906,0,2,2
2026-08-27T20:15:00+08:00,1787832900000,9966.134471129322,9967.252853878648,0,1,1
2026-08-27T20:30:00+08:00,1787833800000,9966.577378329937,9967.252853878648,0,1,1
2026-08-27T20:45:00+08:00,1787834700000,9966.288525807797,9967.252853878648,0,1,1
2026-08-27T21:00:00+08:00,1787835600000,9966.23075530337,9967.252853878648,0,1,1
2026-08-27T21:15:00+08:00,1787836500000,9965.498995580612,9967.252853878648,0,1,1
2026-08-27T21:30:00+08:00,1787837400000,9965.922645946419,9967.252853878648,0,1,1
2026-08-27T21:45:00+08:00,1787838300000,9963.168918568676,9967.252853878648,0,1,1
2026-08-27T22:00:00+08:00,1787839200000,9961.975723626232,9963.128918568675,1,0,1
2026-08-27T22:15:00+08:00,1787840100000,9961.975723626232,9961.975723626232,0,0,0
2026-08-27T22:30:00+08:00,1787841000000,9961.975723626232,9961.975723626232,0,0,0
2026-08-27T22:45:00+08:00,1787841900000,9961.975723626232,9961.975723626232,0,0,0
2026-08-27T23:00:00+08:00,1787842800000,9961.975723626232,9961.975723626232,0,0,0
2026-08-27T23:15:00+08:00,1787843700000,9961.975723626232,9961.975723626232,0,0,0
2026-08-27T23:30:00+08:00,1787844600000,9961.975723626232,9961.975723626232,0,0,0
2026-08-27T23:45:00+08:00,1787845500000,9961.975723626232,9961.975723626232,0,0,0
2026-08-28T00:00:00+08:00,1787846400000,9961.975723626232,9961.975723626232,0,0,0
2026-08-28T00:15:00+08:00,1787847300000,9961.975723626232,9961.975723626232,0,0,0
2026-08-28T00:30:00+08:00,1787848200000,9961.975723626232,9961.975723626232,0,0,0
2026-08-28T00:45:00+08:00,1787849100000,9961.975723626232,9961.975723626232,0,0,0
2026-08-28T01:00:00+08:00,1787850000000,9961.975723626232,9961.975723626232,0,0,0
2026-08-28T01:15:00+08:00,1787850900000,9961.975723626232,9961.975723626232,0,0,0
2026-08-28T01:30:00+08:00,1787851800000,9961.975723626232,9961.975723626232,0,0,0
2026-08-28T01:45:00+08:00,1787852700000,9961.283185814224,9961.935723626231,0,1,1
2026-08-28T02:00:00+08:00,1787853600000,9962.582508445754,9961.935723626231,0,1,1
2026-08-28T02:15:00+08:00,1787854500000,9963.729694302452,9961.89572362623,0,2,2
2026-08-28T02:30:00+08:00,1787855400000,9962.279383744535,9961.89572362623,0,2,2
2026-08-28T02:45:00+08:00,1787856300000,9960.658947990345,9962.43113793448,0,1,1
2026-08-28T03:00:00+08:00,1787857200000,9959.578657487553,9962.43113793448,0,1,1
2026-08-28T03:15:00+08:00,1787858100000,9959.33652340934,9962.43113793448,0,1,1
2026-08-28T03:30:00+08:00,1787859000000,9959.311538082853,9959.296523409339,1,0,1
2026-08-28T03:45:00+08:00,1787859900000,9959.825008368987,9959.296523409339,1,0,1
2026-08-28T04:00:00+08:00,1787860800000,9957.74863128007,9959.256523409338,2,0,2
2026-08-28T04:15:00+08:00,1787861700000,9957.33754017137,9957.745260759604,0,1,1
2026-08-28T04:30:00+08:00,1787862600000,9957.263996053722,9957.745260759604,0,1,1
2026-08-28T04:45:00+08:00,1787863500000,9957.477848779112,9957.705260759603,0,2,2
2026-08-28T05:00:00+08:00,1787864400000,9958.396138545952,9957.705260759603,0,2,2
2026-08-28T05:15:00+08:00,1787865300000,9959.498086266163,9957.705260759603,0,2,2
2026-08-28T05:30:00+08:00,1787866200000,9960.232718079636,9957.705260759603,0,2,2
2026-08-28T05:45:00+08:00,1787867100000,9958.543064908647,9957.705260759603,0,2,2
2026-08-28T06:00:00+08:00,1787868000000,9956.965346640121,9957.904279141956,0,1,1
2026-08-28T06:15:00+08:00,1787868900000,9957.570750161765,9957.904279141956,0,1,1
2026-08-28T06:30:00+08:00,1787869800000,9957.442331232933,9957.904279141956,0,1,1
2026-08-28T06:45:00+08:00,1787870700000,9957.71751465186,9957.904279141956,0,1,1
2026-08-28T07:00:00+08:00,1787871600000,9958.194499244672,9957.904279141956,0,1,1
2026-08-28T07:15:00+08:00,1787872500000,9954.515796467715,9957.864279141955,0,2,2
2026-08-28T07:30:00+08:00,1787873400000,9953.106856190947,9954.475796467714,1,0,1
2026-08-28T07:45:00+08:00,1787874300000,9953.11838929802,9953.085060852272,0,1,1
2026-08-28T08:00:00+08:00,1787875200000,9953.210049855204,9953.085060852272,0,1,1
2026-08-28T08:15:00+08:00,1787876100000,9950.580709289885,9953.045060852271,0,2,2
2026-08-28T08:30:00+08:00,1787877000000,9951.204555985802,9951.92346627749,0,1,1
2026-08-28T08:45:00+08:00,1787877900000,9951.846768423886,9951.92346627749,0,1,1
2026-08-28T09:00:00+08:00,1787878800000,9952.26211877768,9951.88346627749,0,2,2
2026-08-28T09:15:00+08:00,1787879700000,9950.574249712858,9951.88346627749,0,2,2
2026-08-28T09:30:00+08:00,1787880600000,9952.482018171984,9951.219602766207,0,1,1
2026-08-28T09:45:00+08:00,1787881500000,9953.527619272396,9951.219602766207,0,1,1
2026-08-28T10:00:00+08:00,1787882400000,9954.942257285036,9951.179602766206,0,2,2
2026-08-28T10:15:00+08:00,1787883300000,9955.864941118589,9951.179602766206,0,2,2
2026-08-28T10:30:00+08:00,1787884200000,9956.455458772063,9951.179602766206,0,2,2
2026-08-28T10:45:00+08:00,1787885100000,9957.346505542666,9954.991817346674,0,1,1
2026-08-28T11:00:00+08:00,1787886000000,9958.033354095003,9954.991817346674,0,1,1
2026-08-28T11:15:00+08:00,1787886900000,9954.810293688486,9954.951817346673,0,2,2
2026-08-28T11:30:00+08:00,1787887800000,9955.01797715095,9956.415458772062,0,1,1
2026-08-28T11:45:00+08:00,1787888700000,9955.093392796567,9956.415458772062,0,1,1
2026-08-28T12:00:00+08:00,1787889600000,9954.32038242899,9956.415458772062,0,1,1
2026-08-28T12:15:00+08:00,1787890500000,9953.792824696431,9954.299236340394,1,0,1
2026-08-28T12:30:00+08:00,1787891400000,9953.55029064157,9954.299236340394,1,0,1
2026-08-28T12:45:00+08:00,1787892300000,9953.115171514437,9954.259236340393,2,0,2
2026-08-28T13:00:00+08:00,1787893200000,9953.5831988527,9953.342382449742,1,0,1
2026-08-28T13:15:00+08:00,1787894100000,9953.358545730334,9953.342382449742,1,0,1
2026-08-28T13:30:00+08:00,1787895000000,9954.45775736346,9953.302382449741,2,0,2
2026-08-28T13:45:00+08:00,1787895900000,9954.382887006068,9953.302382449741,2,0,2
2026-08-28T14:00:00+08:00,1787896800000,9955.505942366968,9953.302382449741,2,0,2
2026-08-28T14:15:00+08:00,1787897700000,9954.607498078249,9953.302382449741,2,0,2
2026-08-28T14:30:00+08:00,1787898600000,9955.393489655225,9953.992505097434,1,0,1
2026-08-28T14:45:00+08:00,1787899500000,9955.168920633232,9953.992505097434,1,0,1
2026-08-28T15:00:00+08:00,1787900400000,9955.150206548065,9955.150206548065,0,0,0
2026-08-28T15:15:00+08:00,1787901300000,9955.150206548065,9955.150206548065,0,0,0
2026-08-28T15:30:00+08:00,1787902200000,9955.150206548065,9955.150206548065,0,0,0
2026-08-28T15:45:00+08:00,1787903100000,9955.689235055192,9955.110206548065,0,1,1
2026-08-28T16:00:00+08:00,1787904000000,9955.389100021433,9955.110206548065,0,1,1
2026-08-28T16:15:00+08:00,1787904900000,9955.389100021433,9955.389100021433,0,0,0
2026-08-28T16:30:00+08:00,1787905800000,9955.389100021433,9955.389100021433,0,0,0
2026-08-28T16:45:00+08:00,1787906700000,9955.389100021433,9955.389100021433,0,0,0
2026-08-28T17:00:00+08:00,1787907600000,9955.389100021433,9955.389100021433,0,0,0
2026-08-28T17:15:00+08:00,1787908500000,9955.389100021433,9955.389100021433,0,0,0
2026-08-28T17:30:00+08:00,1787909400000,9955.389100021433,9955.389100021433,0,0,0
2026-08-28T17:45:00+08:00,1787910300000,9955.389100021433,9955.389100021433,0,0,0
2026-08-28T18:00:00+08:00,1787911200000,9955.389100021433,9955.389100021433,0,0,0
2026-08-28T18:15:00+08:00,1787912100000,9955.389100021433,9955.389100021433,0,0,0
2026-08-28T18:30:00+08:00,1787913000000,9955.389100021433,9955.389100021433,0,0,0
2026-08-28T18:45:00+08:00,1787913900000,9955.389100021433,9955.389100021433,0,0,0
2026-08-28T19:00:00+08:00,1787914800000,9955.761242474797,9955.349100021433,1,0,1
2026-08-28T19:15:00+08:00,1787915700000,9955.309100021432,9955.349100021433,1,0,1
2026-08-28T19:30:00+08:00,1787916600000,9954.343613556008,9955.309100021432,2,0,2
2026-08-28T19:45:00+08:00,1787917500000,9954.060999671081,9954.798118299179,1,0,1
2026-08-28T20:00:00+08:00,1787918400000,9953.363881042984,9954.798118299179,1,0,1
2026-08-28T20:15:00+08:00,1787919300000,9952.402987798849,9954.798118299179,1,0,1
2026-08-28T20:30:00+08:00,1787920200000,9952.036889400679,9952.362987798848,0,1,1
2026-08-28T20:45:00+08:00,1787921100000,9952.45650038466,9952.362987798848,0,1,1
2026-08-28T21:00:00+08:00,1787922000000,9952.338341193035,9952.322987798847,0,2,2
2026-08-28T21:15:00+08:00,1787922900000,9952.032978490295,9952.37835393157,0,1,1
2026-08-28T21:30:00+08:00,1787923800000,9952.471955687128,9952.37835393157,0,1,1
2026-08-28T21:45:00+08:00,1787924700000,9951.80394690934,9952.37835393157,0,1,1
2026-08-28T22:00:00+08:00,1787925600000,9949.554811882219,9951.76394690934,1,0,1
2026-08-28T22:15:00+08:00,1787926500000,9948.454886918293,9949.514811882218,0,1,1
2026-08-28T22:30:00+08:00,1787927400000,9948.454886918293,9948.454886918293,0,0,0
2026-08-28T22:45:00+08:00,1787928300000,9948.450229796965,9948.414886918292,1,0,1
2026-08-28T23:00:00+08:00,1787929200000,9946.623164989129,9948.414886918292,1,0,1
2026-08-28T23:15:00+08:00,1787930100000,9946.60432926946,9946.60432926946,0,0,0
2026-08-28T23:30:00+08:00,1787931000000,9944.444145576863,9946.564329269459,1,0,1
2026-08-28T23:45:00+08:00,1787931900000,9944.444145576863,9944.444145576863,0,0,0
2026-08-29T00:00:00+08:00,1787932800000,9946.01894067052,9944.404145576862,0,1,1
2026-08-29T00:15:00+08:00,1787933700000,9945.771672438133,9944.404145576862,0,1,1
2026-08-29T00:30:00+08:00,1787934600000,9944.611413809247,9944.404145576862,0,1,1
2026-08-29T00:45:00+08:00,1787935500000,9944.611413809247,9944.611413809247,0,0,0
2026-08-29T01:00:00+08:00,1787936400000,9944.611413809247,9944.611413809247,0,0,0
2026-08-29T01:15:00+08:00,1787937300000,9944.611413809247,9944.611413809247,0,0,0
2026-08-29T01:30:00+08:00,1787938200000,9944.611413809247,9944.611413809247,0,0,0
2026-08-29T01:45:00+08:00,1787939100000,9944.611413809247,9944.611413809247,0,0,0
2026-08-29T02:00:00+08:00,1787940000000,9944.611413809247,9944.611413809247,0,0,0
2026-08-29T02:15:00+08:00,1787940900000,9944.611413809247,9944.611413809247,0,0,0
2026-08-29T02:30:00+08:00,1787941800000,9944.611413809247,9944.611413809247,0,0,0
2026-08-29T02:45:00+08:00,1787942700000,9944.611413809247,9944.611413809247,0,0,0
2026-08-29T03:00:00+08:00,1787943600000,9944.611413809247,9944.611413809247,0,0,0
2026-08-29T03:15:00+08:00,1787944500000,9944.611413809247,9944.611413809247,0,0,0
2026-08-29T03:30:00+08:00,1787945400000,9944.611413809247,9944.611413809247,0,0,0
2026-08-29T03:45:00+08:00,1787946300000,9944.611413809247,9944.611413809247,0,0,0
2026-08-29T04:00:00+08:00,1787947200000,9944.611413809247,9944.611413809247,0,0,0
2026-08-29T04:15:00+08:00,1787948100000,9944.705409748529,9944.571413809246,1,0,1
2026-08-29T04:30:00+08:00,1787949000000,9945.285396212805,9944.571413809246,1,0,1
2026-08-29T04:45:00+08:00,1787949900000,9945.128209932242,9944.531413809245,2,0,2
2026-08-29T05:00:00+08:00,1787950800000,9944.935244230832,9944.531413809245,2,0,2
2026-08-29T05:15:00+08:00,1787951700000,9944.973837371113,9944.531413809245,2,0,2
2026-08-29T05:30:00+08:00,1787952600000,9944.569444574196,9945.14873180209,1,0,1
2026-08-29T05:45:00+08:00,1787953500000,9944.299800960249,9945.14873180209,1,0,1
2026-08-29T06:00:00+08:00,1787954400000,9944.993170253256,9945.14873180209,1,0,1
2026-08-29T06:15:00+08:00,1787955300000,9945.147252318367,9945.14873180209,1,0,1
2026-08-29T06:30:00+08:00,1787956200000,9945.74126676747,9945.10873180209,2,0,2
2026-08-29T06:45:00+08:00,1787957100000,9945.972356481929,9945.10873180209,2,0,2
2026-08-29T07:00:00+08:00,1787958000000,9946.81968543494,9945.10873180209,2,0,2
2026-08-29T07:15:00+08:00,1787958900000,9945.74126676747,9945.10873180209,2,0,2
2026-08-29T07:30:00+08:00,1787959800000,9945.664247990388,9945.45393696487,1,0,1
2026-08-29T07:45:00+08:00,1787960700000,9945.876049627364,9945.45393696487,1,0,1
2026-08-29T08:00:00+08:00,1787961600000,9946.222634124235,9945.45393696487,1,0,1
2026-08-29T08:15:00+08:00,1787962500000,9946.39592637267,9945.45393696487,1,0,1
2026-08-29T08:30:00+08:00,1787963400000,9945.009806437842,9945.41393696487,2,0,2
2026-08-29T08:45:00+08:00,1787964300000,9944.703330967297,9945.720521461739,1,0,1
2026-08-29T09:00:00+08:00,1787965200000,9944.684170369366,9945.720521461739,1,0,1
2026-08-29T09:15:00+08:00,1787966100000,9944.103357069904,9944.625009771435,0,1,1
2026-08-29T09:30:00+08:00,1787967000000,9944.103357069904,9944.103357069904,0,0,0
2026-08-29T09:45:00+08:00,1787967900000,9943.946552768002,9944.063357069903,1,0,1
2026-08-29T10:00:00+08:00,1787968800000,9944.080960296329,9944.063357069903,1,0,1
2026-08-29T10:15:00+08:00,1787969700000,9942.599554560595,9944.023357069902,2,0,2
2026-08-29T10:30:00+08:00,1787970600000,9942.557949339274,9942.597949339275,0,1,1
2026-08-29T10:45:00+08:00,1787971500000,9942.188915033883,9942.557949339274,0,2,2
2026-08-29T11:00:00+08:00,1787972400000,9942.188915033883,9942.38307359279,0,1,1
2026-08-29T11:15:00+08:00,1787973300000,9941.938407375663,9942.38307359279,0,1,1
2026-08-29T11:30:00+08:00,1787974200000,9941.861328096209,9942.38307359279,0,1,1
2026-08-29T11:45:00+08:00,1787975100000,9941.377808872341,9941.84059791607,1,0,1
2026-08-29T12:00:00+08:00,1787976000000,9941.663864925504,9941.33780887234,0,1,1
2026-08-29T12:15:00+08:00,1787976900000,9941.817993789995,9941.33780887234,0,1,1
2026-08-29T12:30:00+08:00,1787977800000,9941.140018961467,9941.29780887234,0,2,2
2026-08-29T12:45:00+08:00,1787978700000,9940.946874228437,9941.469736061013,0,1,1
2026-08-29T13:00:00+08:00,1787979600000,9940.521955815768,9941.469736061013,0,1,1
2026-08-29T13:15:00+08:00,1787980500000,9940.365077691968,9940.481955815767,1,0,1
2026-08-29T13:30:00+08:00,1787981400000,9940.422736284818,9940.481955815767,1,0,1
2026-08-29T13:45:00+08:00,1787982300000,9940.112090828427,9940.441955815766,2,0,2
2026-08-29T14:00:00+08:00,1787983200000,9939.03569363531,9940.267419099118,1,0,1
2026-08-29T14:15:00+08:00,1787984100000,9938.8590873439,9938.97647225686,0,1,1
2026-08-29T14:30:00+08:00,1787985000000,9938.646278833263,9938.97647225686,0,1,1
2026-08-29T14:45:00+08:00,1787985900000,9938.665625061501,9938.665625061501,0,0,0
2026-08-29T15:00:00+08:00,1787986800000,9938.665625061501,9938.665625061501,0,0,0
2026-08-29T15:15:00+08:00,1787987700000,9938.665625061501,9938.665625061501,0,0,0
2026-08-29T15:30:00+08:00,1787988600000,9938.665625061501,9938.665625061501,0,0,0
2026-08-29T15:45:00+08:00,1787989500000,9938.431409309067,9938.6256250615,1,0,1
2026-08-29T16:00:00+08:00,1787990400000,9937.795269330276,9938.6256250615,1,0,1
2026-08-29T16:15:00+08:00,1787991300000,9937.540952957608,9937.774546299328,0,1,1
2026-08-29T16:30:00+08:00,1787992200000,9937.870061638532,9937.774546299328,0,1,1
2026-08-29T16:45:00+08:00,1787993100000,9937.150948611392,9937.734546299327,0,2,2
2026-08-29T17:00:00+08:00,1787994000000,9937.170307945564,9937.539671625951,0,1,1
2026-08-29T17:15:00+08:00,1787994900000,9937.402799955249,9937.539671625951,0,1,1
2026-08-29T17:30:00+08:00,1787995800000,9937.150933611423,9937.539671625951,0,1,1
2026-08-29T17:45:00+08:00,1787996700000,9936.761607497143,9937.110933611422,1,0,1
2026-08-29T18:00:00+08:00,1787997600000,9936.778509362239,9936.702274615,0,1,1
2026-08-29T18:15:00+08:00,1787998500000,9936.410432662646,9936.702274615,0,1,1
2026-08-29T18:30:00+08:00,1787999400000,9936.195029256996,9936.351060204772,1,0,1
2026-08-29T18:45:00+08:00,1788000300000,9936.291721713476,9936.351060204772,1,0,1
2026-08-29T19:00:00+08:00,1788001200000,9936.985298774136,9936.311060204771,2,0,2
2026-08-29T19:15:00+08:00,1788002100000,9936.598510243804,9936.311060204771,2,0,2
2026-08-29T19:30:00+08:00,1788003000000,9936.540489158593,9936.445106626434,1,0,1
2026-08-29T19:45:00+08:00,1788003900000,9936.482468073382,9936.445106626434,1,0,1
2026-08-29T20:00:00+08:00,1788004800000,9936.753233137702,9936.445106626434,1,0,1
2026-08-29T20:15:00+08:00,1788005700000,9936.482468073382,9936.445106626434,1,0,1
2026-08-29T20:30:00+08:00,1788006600000,9936.50180843512,9936.50180843512,0,0,0
2026-08-29T20:45:00+08:00,1788007500000,9936.50180843512,9936.50180843512,0,0,0
2026-08-29T21:00:00+08:00,1788008400000,9936.421808435118,9936.461808435119,1,0,1
2026-08-29T21:15:00+08:00,1788009300000,9936.634223693449,9936.461808435119,1,0,1
2026-08-29T21:30:00+08:00,1788010200000,9936.537671303298,9936.461808435119,1,0,1
2026-08-29T21:45:00+08:00,1788011100000,9936.556981781328,9936.556981781328,0,0,0
2026-08-29T22:00:00+08:00,1788012000000,9936.556981781328,9936.556981781328,0,0,0
2026-08-29T22:15:00+08:00,1788012900000,9936.556981781328,9936.556981781328,0,0,0
2026-08-29T22:30:00+08:00,1788013800000,9936.556981781328,9936.556981781328,0,0,0
2026-08-29T22:45:00+08:00,1788014700000,9936.556981781328,9936.556981781328,0,0,0
2026-08-29T23:00:00+08:00,1788015600000,9936.556981781328,9936.556981781328,0,0,0
2026-08-29T23:15:00+08:00,1788016500000,9936.556981781328,9936.556981781328,0,0,0
2026-08-29T23:30:00+08:00,1788017400000,9936.556981781328,9936.556981781328,0,0,0
2026-08-29T23:45:00+08:00,1788018300000,9936.556981781328,9936.556981781328,0,0,0
2026-08-30T00:00:00+08:00,1788019200000,9936.556981781328,9936.556981781328,0,0,0
2026-08-30T00:15:00+08:00,1788020100000,9936.556981781328,9936.556981781328,0,0,0
2026-08-30T00:30:00+08:00,1788021000000,9936.556981781328,9936.556981781328,0,0,0
2026-08-30T00:45:00+08:00,1788021900000,9936.820038183767,9936.516981781328,0,1,1
2026-08-30T01:00:00+08:00,1788022800000,9936.476981781327,9936.516981781328,0,1,1
2026-08-30T01:15:00+08:00,1788023700000,9937.731090013034,9936.476981781327,0,2,2
2026-08-30T01:30:00+08:00,1788024600000,9937.731090013034,9936.476981781327,0,2,2
2026-08-30T01:45:00+08:00,1788025500000,9937.006859830106,9936.476981781327,0,2,2
2026-08-30T02:00:00+08:00,1788026400000,9937.006859830106,9936.741920805716,0,1,1
2026-08-30T02:15:00+08:00,1788027300000,9937.06403589718,9936.741920805716,0,1,1
2026-08-30T02:30:00+08:00,1788028200000,9936.701920805715,9936.741920805716,0,1,1
2026-08-30T02:45:00+08:00,1788029100000,9936.530392604496,9936.741920805716,0,1,1
2026-08-30T03:00:00+08:00,1788030000000,9935.768045043522,9936.741920805716,0,1,1
2026-08-30T03:15:00+08:00,1788030900000,9936.086122709512,9935.708986354495,1,0,1
2026-08-30T03:30:00+08:00,1788031800000,9935.801711558364,9935.708986354495,1,0,1
2026-08-30T03:45:00+08:00,1788032700000,9935.801711558364,9935.801711558364,0,0,0
2026-08-30T04:00:00+08:00,1788033600000,9935.801711558364,9935.801711558364,0,0,0
2026-08-30T04:15:00+08:00,1788034500000,9935.835813659323,9935.761711558363,0,1,1
2026-08-30T04:30:00+08:00,1788035400000,9935.721711558363,9935.761711558363,0,1,1
2026-08-30T04:45:00+08:00,1788036300000,9935.793847692978,9935.721711558363,0,2,2
2026-08-30T05:00:00+08:00,1788037200000,9935.565643491056,9935.721711558363,0,2,2
2026-08-30T05:15:00+08:00,1788038100000,9936.06008592855,9935.662694541536,0,1,1
2026-08-30T05:30:00+08:00,1788039000000,9936.136153995856,9935.662694541536,0,1,1
2026-08-30T05:45:00+08:00,1788039900000,9935.770492699057,9935.622694541535,0,2,2
2026-08-30T06:00:00+08:00,1788040800000,9935.903916350142,9935.982051894895,0,1,1
2026-08-30T06:15:00+08:00,1788041700000,9935.636967536873,9935.982051894895,0,1,1
2026-08-30T06:30:00+08:00,1788042600000,9935.427222040735,9935.982051894895,0,1,1
2026-08-30T06:45:00+08:00,1788043500000,9934.969595503702,9935.982051894895,0,1,1
2026-08-30T07:00:00+08:00,1788044400000,9935.117087534038,9934.910527731325,1,0,1
2026-08-30T07:15:00+08:00,1788045300000,9935.21191822739,9934.910527731325,1,0,1
2026-08-30T07:30:00+08:00,1788046200000,9934.696032896678,9934.870527731324,2,0,2
2026-08-30T07:45:00+08:00,1788047100000,9934.809677065652,9934.963290702015,1,0,1
2026-08-30T08:00:00+08:00,1788048000000,9934.279480095955,9934.963290702015,1,0,1
2026-08-30T08:15:00+08:00,1788048900000,9934.199413137181,9934.258415702014,0,1,1
2026-08-30T08:30:00+08:00,1788049800000,9934.31342852618,9934.258415702014,0,1,1
2026-08-30T08:45:00+08:00,1788050700000,9934.347471004941,9934.218415702013,0,2,2
2026-08-30T09:00:00+08:00,1788051600000,9934.537541802876,9934.218415702013,0,2,2
2026-08-30T09:15:00+08:00,1788052500000,9934.87966923916,9934.218415702013,0,2,2
2026-08-30T09:30:00+08:00,1788053400000,9934.689598441224,9934.218415702013,0,2,2
2026-08-30T09:45:00+08:00,1788054300000,9934.575528872701,9934.501459304178,0,1,1
2026-08-30T10:00:00+08:00,1788055200000,9934.271343356639,9934.501459304178,0,1,1
2026-08-30T10:15:00+08:00,1788056100000,9934.3283781409,9934.501459304178,0,1,1
2026-08-30T10:30:00+08:00,1788057000000,9934.366401330408,9934.501459304178,0,1,1
2026-08-30T10:45:00+08:00,1788057900000,9934.594540467455,9934.501459304178,0,1,1
2026-08-30T11:00:00+08:00,1788058800000,9934.8226796045,9934.501459304178,0,1,1
2026-08-30T11:15:00+08:00,1788059700000,9934.000503295796,9934.461459304177,0,2,2
2026-08-30T11:30:00+08:00,1788060600000,9934.133874104395,9934.402447709423,0,1,1
2026-08-30T11:45:00+08:00,1788061500000,9934.381495509842,9934.402447709423,0,1,1
2026-08-30T12:00:00+08:00,1788062400000,9934.514830112774,9934.402447709423,0,1,1
2026-08-30T12:15:00+08:00,1788063300000,9934.453890617775,9934.362447709422,0,2,2
2026-08-30T12:30:00+08:00,1788064200000,9934.987406893675,9934.362447709422,0,2,2
2026-08-30T12:45:00+08:00,1788065100000,9934.03469925814,9934.362447709422,0,2,2
2026-08-30T13:00:00+08:00,1788066000000,9934.168122793157,9934.265304308165,0,1,1
2026-08-30T13:15:00+08:00,1788066900000,9934.149062288156,9934.265304308165,0,1,1
2026-08-30T13:30:00+08:00,1788067800000,9934.301546328174,9934.265304308165,0,1,1
2026-08-30T13:45:00+08:00,1788068700000,9934.072820268146,9934.265304308165,0,1,1
2026-08-30T14:00:00+08:00,1788069600000,9933.821478944925,9934.051880773148,1,0,1
2026-08-30T14:15:00+08:00,1788070500000,9933.840519127747,9933.840519127747,0,0,0
2026-08-30T14:30:00+08:00,1788071400000,9933.840519127747,9933.840519127747,0,0,0
2026-08-30T14:45:00+08:00,1788072300000,9932.921457163971,9933.800519127746,0,1,1
2026-08-30T15:00:00+08:00,1788073200000,9932.670616077963,9932.88145716397,1,0,1
2026-08-30T15:15:00+08:00,1788074100000,9931.868978641442,9932.84145716397,2,0,2
2026-08-30T15:30:00+08:00,1788075000000,9931.43201142054,9932.269951563057,1,0,1
2026-08-30T15:45:00+08:00,1788075900000,9931.466505363112,9931.39201142054,0,1,1
2026-08-30T16:00:00+08:00,1788076800000,9931.428340715589,9931.39201142054,0,1,1
2026-08-30T16:15:00+08:00,1788077700000,9930.7375898108,9931.352011420538,0,2,2
2026-08-30T16:30:00+08:00,1788078600000,9931.119389250563,9931.063941211629,0,1,1
2026-08-30T16:45:00+08:00,1788079500000,9931.214837289499,9931.063941211629,0,1,1
2026-08-30T17:00:00+08:00,1788080400000,9930.657400181963,9931.023941211628,0,2,2
2026-08-30T17:15:00+08:00,1788081300000,9931.383428835257,9930.926672388267,0,1,1
2026-08-30T17:30:00+08:00,1788082200000,9931.001308491419,9930.926672388267,0,1,1
2026-08-30T17:45:00+08:00,1788083100000,9931.001308491419,9931.001308491419,0,0,0
2026-08-30T18:00:00+08:00,1788084000000,9931.001308491419,9931.001308491419,0,0,0
2026-08-30T18:15:00+08:00,1788084900000,9931.001308491419,9931.001308491419,0,0,0
2026-08-30T18:30:00+08:00,1788085800000,9931.283935197536,9930.961308491418,1,0,1
2026-08-30T18:45:00+08:00,1788086700000,9931.417534510316,9930.961308491418,1,0,1
2026-08-30T19:00:00+08:00,1788087600000,9931.699719688948,9930.921308491417,2,0,2
2026-08-30T19:15:00+08:00,1788088500000,9931.814086209786,9930.921308491417,2,0,2
2026-08-30T19:30:00+08:00,1788089400000,9931.204131431974,9930.921308491417,2,0,2
2026-08-30T19:45:00+08:00,1788090300000,9931.299314219485,9931.320277661982,1,0,1
2026-08-30T20:00:00+08:00,1788091200000,9932.517653899606,9931.320277661982,1,0,1
2026-08-30T20:15:00+08:00,1788092100000,9931.946557174548,9931.320277661982,1,0,1
2026-08-30T20:30:00+08:00,1788093000000,9931.946557174548,9931.946557174548,0,0,0
2026-08-30T20:45:00+08:00,1788093900000,9931.946557174548,9931.946557174548,0,0,0
2026-08-30T21:00:00+08:00,1788094800000,9931.946557174548,9931.946557174548,0,0,0
2026-08-30T21:15:00+08:00,1788095700000,9931.946557174548,9931.946557174548,0,0,0
2026-08-30T21:30:00+08:00,1788096600000,9931.946557174548,9931.946557174548,0,0,0
2026-08-30T21:45:00+08:00,1788097500000,9931.946557174548,9931.946557174548,0,0,0
2026-08-30T22:00:00+08:00,1788098400000,9931.946557174548,9931.946557174548,0,0,0
2026-08-30T22:15:00+08:00,1788099300000,9931.946557174548,9931.946557174548,0,0,0
2026-08-30T22:30:00+08:00,1788100200000,9931.946557174548,9931.946557174548,0,0,0
2026-08-30T22:45:00+08:00,1788101100000,9931.946557174548,9931.946557174548,0,0,0
2026-08-30T23:00:00+08:00,1788102000000,9931.946557174548,9931.946557174548,0,0,0
2026-08-30T23:15:00+08:00,1788102900000,9931.338548124773,9931.906557174547,0,1,1
2026-08-30T23:30:00+08:00,1788103800000,9931.225403328393,9931.906557174547,0,1,1
2026-08-30T23:45:00+08:00,1788104700000,9931.860842336388,9931.866557174546,0,2,2
2026-08-31T00:00:00+08:00,1788105600000,9929.187359727566,9931.866557174546,0,2,2
2026-08-31T00:15:00+08:00,1788106500000,9930.014437344555,9930.204815093099,0,1,1
2026-08-31T00:30:00+08:00,1788107400000,9929.770073503172,9930.204815093099,0,1,1
2026-08-31T00:45:00+08:00,1788108300000,9929.770073503172,9929.770073503172,0,0,0
2026-08-31T01:00:00+08:00,1788109200000,9929.770073503172,9929.770073503172,0,0,0
2026-08-31T01:15:00+08:00,1788110100000,9929.770073503172,9929.770073503172,0,0,0
2026-08-31T01:30:00+08:00,1788111000000,9929.770073503172,9929.770073503172,0,0,0
2026-08-31T01:45:00+08:00,1788111900000,9929.770073503172,9929.770073503172,0,0,0
2026-08-31T02:00:00+08:00,1788112800000,9929.770073503172,9929.770073503172,0,0,0
2026-08-31T02:15:00+08:00,1788113700000,9929.770073503172,9929.770073503172,0,0,0
2026-08-31T02:30:00+08:00,1788114600000,9929.770073503172,9929.770073503172,0,0,0
2026-08-31T02:45:00+08:00,1788115500000,9929.770073503172,9929.770073503172,0,0,0
2026-08-31T03:00:00+08:00,1788116400000,9929.896372508987,9929.730073503171,1,0,1
2026-08-31T03:15:00+08:00,1788117300000,9928.90238639006,9929.730073503171,1,0,1
2026-08-31T03:30:00+08:00,1788118200000,9930.065375851253,9928.881140845133,0,1,1
2026-08-31T03:45:00+08:00,1788119100000,9929.26746570206,9928.841140845132,0,2,2
2026-08-31T04:00:00+08:00,1788120000000,9929.191896212671,9928.841140845132,0,2,2
2026-08-31T04:15:00+08:00,1788120900000,9930.006761692019,9929.629853772352,0,1,1
2026-08-31T04:30:00+08:00,1788121800000,9931.465939410851,9929.629853772352,0,1,1
2026-08-31T04:45:00+08:00,1788122700000,9930.928977856644,9929.589853772351,0,2,2
2026-08-31T05:00:00+08:00,1788123600000,9933.632667052367,9929.589853772351,0,2,2
2026-08-31T05:15:00+08:00,1788124500000,9932.832984332505,9929.589853772351,0,2,2
2026-08-31T05:30:00+08:00,1788125400000,9932.603247688568,9932.16500345026,0,1,1
2026-08-31T05:45:00+08:00,1788126300000,9932.488469071375,9932.16500345026,0,1,1
2026-08-31T06:00:00+08:00,1788127200000,9933.330178930799,9932.16500345026,0,1,1
2026-08-31T06:15:00+08:00,1788128100000,9934.037980403496,9932.16500345026,0,1,1
2026-08-31T06:30:00+08:00,1788129000000,9933.884942247238,9932.16500345026,0,1,1
2026-08-31T06:45:00+08:00,1788129900000,9933.90407201677,9933.90407201677,0,0,0
2026-08-31T07:00:00+08:00,1788130800000,9933.90407201677,9933.90407201677,0,0,0
2026-08-31T07:15:00+08:00,1788131700000,9933.90407201677,9933.90407201677,0,0,0
2026-08-31T07:30:00+08:00,1788132600000,9933.90407201677,9933.90407201677,0,0,0
2026-08-31T07:45:00+08:00,1788133500000,9933.90407201677,9933.90407201677,0,0,0
2026-08-31T08:00:00+08:00,1788134400000,9933.90407201677,9933.90407201677,0,0,0
2026-08-31T08:15:00+08:00,1788135300000,9933.90407201677,9933.90407201677,0,0,0
2026-08-31T08:30:00+08:00,1788136200000,9933.90407201677,9933.90407201677,0,0,0
2026-08-31T08:45:00+08:00,1788137100000,9933.433066932686,9933.86407201677,1,0,1
2026-08-31T09:00:00+08:00,1788138000000,9932.572855747705,9933.86407201677,1,0,1
2026-08-31T09:15:00+08:00,1788138900000,9932.592406001908,9932.592406001908,0,0,0
2026-08-31T09:30:00+08:00,1788139800000,9932.592406001908,9932.592406001908,0,0,0
2026-08-31T09:45:00+08:00,1788140700000,9932.592406001908,9932.592406001908,0,0,0
2026-08-31T10:00:00+08:00,1788141600000,9932.592406001908,9932.592406001908,0,0,0
2026-08-31T10:15:00+08:00,1788142500000,9932.592406001908,9932.592406001908,0,0,0
2026-08-31T10:30:00+08:00,1788143400000,9932.592406001908,9932.592406001908,0,0,0
2026-08-31T10:45:00+08:00,1788144300000,9932.592406001908,9932.592406001908,0,0,0
2026-08-31T11:00:00+08:00,1788145200000,9932.592406001908,9932.592406001908,0,0,0
2026-08-31T11:15:00+08:00,1788146100000,9932.592406001908,9932.592406001908,0,0,0
2026-08-31T11:30:00+08:00,1788147000000,9932.592406001908,9932.592406001908,0,0,0
2026-08-31T11:45:00+08:00,1788147900000,9932.592406001908,9932.592406001908,0,0,0
2026-08-31T12:00:00+08:00,1788148800000,9932.592406001908,9932.592406001908,0,0,0
2026-08-31T12:15:00+08:00,1788149700000,9932.592406001908,9932.592406001908,0,0,0
2026-08-31T12:30:00+08:00,1788150600000,9932.592406001908,9932.592406001908,0,0,0
2026-08-31T12:45:00+08:00,1788151500000,9932.592406001908,9932.592406001908,0,0,0
2026-08-31T13:00:00+08:00,1788152400000,9932.592406001908,9932.592406001908,0,0,0
2026-08-31T13:15:00+08:00,1788153300000,9932.592406001908,9932.592406001908,0,0,0
2026-08-31T13:30:00+08:00,1788154200000,9932.592406001908,9932.592406001908,0,0,0
2026-08-31T13:45:00+08:00,1788155100000,9932.592406001908,9932.592406001908,0,0,0
2026-08-31T14:00:00+08:00,1788156000000,9932.592406001908,9932.592406001908,0,0,0
2026-08-31T14:15:00+08:00,1788156900000,9932.726871680534,9932.552406001907,1,0,1
2026-08-31T14:30:00+08:00,1788157800000,9932.765865440284,9932.552406001907,1,0,1
2026-08-31T14:45:00+08:00,1788158700000,9932.707374800659,9932.552406001907,1,0,1
2026-08-31T15:00:00+08:00,1788159600000,9932.980331118912,9932.552406001907,1,0,1
2026-08-31T15:15:00+08:00,1788160500000,9933.136306157914,9932.552406001907,1,0,1
2026-08-31T15:30:00+08:00,1788161400000,9933.214293677414,9932.552406001907,1,0,1
2026-08-31T15:45:00+08:00,1788162300000,9933.175299917664,9932.552406001907,1,0,1
2026-08-31T16:00:00+08:00,1788163200000,9932.804859200034,9932.552406001907,1,0,1
2026-08-31T16:15:00+08:00,1788164100000,9932.687877920784,9932.552406001907,1,0,1
2026-08-31T16:30:00+08:00,1788165000000,9933.682218794418,9932.552406001907,1,0,1
2026-08-31T16:45:00+08:00,1788165900000,9933.662721914543,9932.552406001907,1,0,1
2026-08-31T17:00:00+08:00,1788166800000,9932.843959335547,9932.512406001906,2,0,2
2026-08-31T17:15:00+08:00,1788167700000,9933.076583669043,9933.252281196914,1,0,1
2026-08-31T17:30:00+08:00,1788168600000,9933.173510474664,9933.252281196914,1,0,1
2026-08-31T17:45:00+08:00,1788169500000,9932.94088614117,9933.252281196914,1,0,1
2026-08-31T18:00:00+08:00,1788170400000,9932.860853913475,9932.920271502293,0,1,1
2026-08-31T18:15:00+08:00,1788171300000,9933.22978810101,9932.920271502293,0,1,1
2026-08-31T18:30:00+08:00,1788172200000,9931.867105686362,9932.880271502292,0,2,2
2026-08-31T18:45:00+08:00,1788173100000,9931.069557114153,9932.568425258843,0,1,1
2026-08-31T19:00:00+08:00,1788174000000,9931.530041716913,9931.029557114152,1,0,1
2026-08-31T19:15:00+08:00,1788174900000,9931.491435673859,9931.029557114152,1,0,1
2026-08-31T19:30:00+08:00,1788175800000,9930.408935063115,9930.989557114151,2,0,2
2026-08-31T19:45:00+08:00,1788176700000,9929.90831301208,9930.94955711415,1,0,1
2026-08-31T20:00:00+08:00,1788177600000,9930.19713342614,9930.94955711415,1,0,1
2026-08-31T20:15:00+08:00,1788178500000,9930.793727937156,9930.157133426139,0,1,1
2026-08-31T20:30:00+08:00,1788179400000,9931.566978806888,9930.157133426139,0,1,1
2026-08-31T20:45:00+08:00,1788180300000,9931.60338983228,9930.117133426138,0,2,2
2026-08-31T21:00:00+08:00,1788181200000,9931.254156756104,9930.117133426138,0,2,2
2026-08-31T21:15:00+08:00,1788182100000,9931.449021921622,9931.391659904684,0,1,1
2026-08-31T21:30:00+08:00,1788183000000,9931.818997585984,9931.391659904684,0,1,1
2026-08-31T21:45:00+08:00,1788183900000,9932.16950084696,9931.391659904684,0,1,1
2026-08-31T22:00:00+08:00,1788184800000,9931.816327636774,9931.351659904683,0,2,2
2026-08-31T22:15:00+08:00,1788185700000,9931.542514926292,9932.012666426634,0,1,1
2026-08-31T22:30:00+08:00,1788186600000,9929.841461265847,9932.012666426634,0,1,1
2026-08-31T22:45:00+08:00,1788187500000,9929.857928652222,9929.781908924922,1,0,1
2026-08-31T23:00:00+08:00,1788188400000,9927.477655553597,9929.741908924922,2,0,2
2026-08-31T23:15:00+08:00,1788189300000,9928.076672237366,9928.65773137923,1,0,1
2026-08-31T23:30:00+08:00,1788190200000,9928.366525349078,9928.65773137923,1,0,1
2026-08-31T23:45:00+08:00,1788191100000,9926.217519020147,9928.617731379229,2,0,2
2026-09-01T00:00:00+08:00,1788192000000,9925.69510277567,9927.263730606132,1,0,1
2026-09-01T00:15:00+08:00,1788192900000,9925.595443134667,9925.67445249504,0,1,1
2026-09-01T00:30:00+08:00,1788193800000,9924.912779328115,9925.67445249504,0,1,1
2026-09-01T00:45:00+08:00,1788194700000,9924.893274647928,9924.893274647928,0,0,0
2026-09-01T01:00:00+08:00,1788195600000,9924.893274647928,9924.893274647928,0,0,0
2026-09-01T01:15:00+08:00,1788196500000,9924.230810331002,9924.853274647927,1,0,1
2026-09-01T01:30:00+08:00,1788197400000,9922.689890852049,9924.210225808232,0,1,1
2026-09-01T01:45:00+08:00,1788198300000,9922.764341435499,9922.63041276052,1,0,1
2026-09-01T02:00:00+08:00,1788199200000,9922.918944702145,9922.63041276052,1,0,1
2026-09-01T02:15:00+08:00,1788200100000,9923.167208105819,9922.590412760519,2,0,2
2026-09-01T02:30:00+08:00,1788201000000,9927.685862661872,9922.590412760519,2,0,2
2026-09-01T02:45:00+08:00,1788201900000,9925.832055664518,9922.590412760519,2,0,2
2026-09-01T03:00:00+08:00,1788202800000,9925.832025826967,9924.347675735295,1,0,1
2026-09-01T03:15:00+08:00,1788203700000,9925.118089708083,9924.347675735295,1,0,1
2026-09-01T03:30:00+08:00,1788204600000,9924.307675735294,9924.347675735295,1,0,1
2026-09-01T03:45:00+08:00,1788205500000,9924.15331116905,9924.347675735295,1,0,1
2026-09-01T04:00:00+08:00,1788206400000,9923.744912649447,9924.13260673983,0,1,1
2026-09-01T04:15:00+08:00,1788207300000,9923.358585882355,9924.13260673983,0,1,1
2026-09-01T04:30:00+08:00,1788208200000,9923.358585882355,9923.358585882355,0,0,0
2026-09-01T04:45:00+08:00,1788209100000,9923.358585882355,9923.358585882355,0,0,0
2026-09-01T05:00:00+08:00,1788210000000,9923.358585882355,9923.358585882355,0,0,0
2026-09-01T05:15:00+08:00,1788210900000,9923.358585882355,9923.358585882355,0,0,0
2026-09-01T05:30:00+08:00,1788211800000,9923.358585882355,9923.358585882355,0,0,0
2026-09-01T05:45:00+08:00,1788212700000,9923.358585882355,9923.358585882355,0,0,0
2026-09-01T06:00:00+08:00,1788213600000,9923.358585882355,9923.358585882355,0,0,0
2026-09-01T06:15:00+08:00,1788214500000,9923.358585882355,9923.358585882355,0,0,0
2026-09-01T06:30:00+08:00,1788215400000,9923.39479812093,9923.318585882354,0,1,1
2026-09-01T06:45:00+08:00,1788216300000,9923.549747772362,9923.318585882354,0,1,1
2026-09-01T07:00:00+08:00,1788217200000,9923.82090966237,9923.318585882354,0,1,1
2026-09-01T07:15:00+08:00,1788218100000,9923.530379065933,9923.318585882354,0,1,1
2026-09-01T07:30:00+08:00,1788219000000,9923.549747772362,9923.549747772362,0,0,0
2026-09-01T07:45:00+08:00,1788219900000,9923.549747772362,9923.549747772362,0,0,0
2026-09-01T08:00:00+08:00,1788220800000,9923.549747772362,9923.549747772362,0,0,0
2026-09-01T08:15:00+08:00,1788221700000,9923.549747772362,9923.549747772362,0,0,0
2026-09-01T08:30:00+08:00,1788222600000,9923.237596069575,9923.509747772361,1,0,1
2026-09-01T08:45:00+08:00,1788223500000,9923.044136317252,9923.509747772361,1,0,1
2026-09-01T09:00:00+08:00,1788224400000,9923.02479034202,9923.02479034202,0,0,0
2026-09-01T09:15:00+08:00,1788225300000,9923.061363768593,9922.98479034202,0,1,1
2026-09-01T09:30:00+08:00,1788226200000,9922.22592087815,9922.98479034202,0,1,1
2026-09-01T09:45:00+08:00,1788227100000,9921.855595902498,9922.16649197372,1,0,1
2026-09-01T10:00:00+08:00,1788228000000,9921.507300953785,9922.16649197372,1,0,1
2026-09-01T10:15:00+08:00,1788228900000,9921.526650673159,9921.526650673159,0,0,0
2026-09-01T10:30:00+08:00,1788229800000,9921.526650673159,9921.526650673159,0,0,0
2026-09-01T10:45:00+08:00,1788230700000,9921.526650673159,9921.526650673159,0,0,0
2026-09-01T11:00:00+08:00,1788231600000,9921.526650673159,9921.526650673159,0,0,0
2026-09-01T11:15:00+08:00,1788232500000,9921.526650673159,9921.526650673159,0,0,0
2026-09-01T11:30:00+08:00,1788233400000,9922.219816453728,9921.486650673158,1,0,1
2026-09-01T11:45:00+08:00,1788234300000,9921.717258696357,9921.486650673158,1,0,1
2026-09-01T12:00:00+08:00,1788235200000,9921.717258696357,9921.717258696357,0,0,0
2026-09-01T12:15:00+08:00,1788236100000,9921.717258696357,9921.717258696357,0,0,0
2026-09-01T12:30:00+08:00,1788237000000,9921.717258696357,9921.717258696357,0,0,0
2026-09-01T12:45:00+08:00,1788237900000,9921.717258696357,9921.717258696357,0,0,0
2026-09-01T13:00:00+08:00,1788238800000,9921.717258696357,9921.717258696357,0,0,0
2026-09-01T13:15:00+08:00,1788239700000,9921.717258696357,9921.717258696357,0,0,0
2026-09-01T13:30:00+08:00,1788240600000,9921.717258696357,9921.717258696357,0,0,0
2026-09-01T13:45:00+08:00,1788241500000,9921.717258696357,9921.717258696357,0,0,0
2026-09-01T14:00:00+08:00,1788242400000,9921.717258696357,9921.717258696357,0,0,0
2026-09-01T14:15:00+08:00,1788243300000,9921.717258696357,9921.717258696357,0,0,0
2026-09-01T14:30:00+08:00,1788244200000,9921.717258696357,9921.717258696357,0,0,0
2026-09-01T14:45:00+08:00,1788245100000,9922.466260238376,9921.677258696356,0,1,1
2026-09-01T15:00:00+08:00,1788246000000,9922.52409755526,9921.677258696356,0,1,1
2026-09-01T15:15:00+08:00,1788246900000,9922.54066853465,9921.637258696355,0,2,2
2026-09-01T15:30:00+08:00,1788247800000,9923.584108830413,9921.637258696355,0,2,2
2026-09-01T15:45:00+08:00,1788248700000,9923.236295398492,9921.637258696355,0,2,2
2026-09-01T16:00:00+08:00,1788249600000,9924.204724686708,9922.869679667829,0,1,1
2026-09-01T16:15:00+08:00,1788250500000,9925.231166743053,9922.869679667829,0,1,1
2026-09-01T16:30:00+08:00,1788251400000,9924.975931646171,9922.829679667828,0,2,2
2026-09-01T16:45:00+08:00,1788252300000,9925.152333762573,9925.094332586794,0,1,1
2026-09-01T17:00:00+08:00,1788253200000,9925.387536584441,9925.094332586794,0,1,1
2026-09-01T17:15:00+08:00,1788254100000,9925.093533057105,9925.094332586794,0,1,1
2026-09-01T17:30:00+08:00,1788255000000,9924.877930470391,9925.094332586794,0,1,1
2026-09-01T17:45:00+08:00,1788255900000,9925.367936349287,9925.094332586794,0,1,1
2026-09-01T18:00:00+08:00,1788256800000,9925.054332586793,9925.094332586794,0,1,1
2026-09-01T18:15:00+08:00,1788257700000,9924.623127413366,9925.094332586794,0,1,1
2026-09-01T18:30:00+08:00,1788258600000,9924.99278326006,9924.583127413365,1,0,1
2026-09-01T18:45:00+08:00,1788259500000,9924.601778175978,9924.583127413365,1,0,1
2026-09-01T19:00:00+08:00,1788260400000,9924.111261059106,9924.543127413364,2,0,2
2026-09-01T19:15:00+08:00,1788261300000,9924.033079152996,9924.366275633934,1,0,1
2026-09-01T19:30:00+08:00,1788262200000,9924.52173995456,9924.366275633934,1,0,1
2026-09-01T19:45:00+08:00,1788263100000,9924.169904177434,9924.366275633934,1,0,1
2026-09-01T20:00:00+08:00,1788264000000,9924.169904177434,9924.169904177434,0,0,0
2026-09-01T20:15:00+08:00,1788264900000,9924.169904177434,9924.169904177434,0,0,0
2026-09-01T20:30:00+08:00,1788265800000,9924.169904177434,9924.169904177434,0,0,0
2026-09-01T20:45:00+08:00,1788266700000,9924.169904177434,9924.169904177434,0,0,0
2026-09-01T21:00:00+08:00,1788267600000,9924.169904177434,9924.169904177434,0,0,0
2026-09-01T21:15:00+08:00,1788268500000,9924.07025002141,9924.129904177433,0,1,1
2026-09-01T21:30:00+08:00,1788269400000,9924.07025002141,9924.129904177433,0,1,1
2026-09-01T21:45:00+08:00,1788270300000,9924.07025002141,9924.07025002141,0,0,0
2026-09-01T22:00:00+08:00,1788271200000,9924.539752425962,9924.03025002141,1,0,1
2026-09-01T22:15:00+08:00,1788272100000,9924.422001910702,9924.03025002141,1,0,1
2026-09-01T22:30:00+08:00,1788273000000,9925.302621993294,9923.990250021408,2,0,2
2026-09-01T22:45:00+08:00,1788273900000,9923.773439530481,9923.990250021408,2,0,2
2026-09-01T23:00:00+08:00,1788274800000,9922.598315913752,9924.06800053667,1,0,1
2026-09-01T23:15:00+08:00,1788275700000,9921.689571761159,9922.538731192888,0,1,1
2026-09-01T23:30:00+08:00,1788276600000,9921.689571761159,9921.689571761159,0,0,0
2026-09-01T23:45:00+08:00,1788277500000,9921.276794472857,9921.649571761158,1,0,1
2026-09-02T00:00:00+08:00,1788278400000,9920.14143666571,9921.649571761158,1,0,1
2026-09-02T00:15:00+08:00,1788279300000,9920.21942933858,9920.081861531104,0,1,1
2026-09-02T00:30:00+08:00,1788280200000,9921.26510642705,9920.081861531104,0,1,1
2026-09-02T00:45:00+08:00,1788281100000,9920.809007456412,9920.041861531103,0,2,2
2026-09-02T01:00:00+08:00,1788282000000,9921.363167674244,9920.041861531103,0,2,2
2026-09-02T01:15:00+08:00,1788282900000,9920.452761602093,9920.041861531103,0,2,2
2026-09-02T01:30:00+08:00,1788283800000,9920.552150543603,9920.85024105571,0,1,1
2026-09-02T01:45:00+08:00,1788284700000,9921.286715847295,9920.85024105571,0,1,1
2026-09-02T02:00:00+08:00,1788285600000,9922.319077895727,9920.85024105571,0,1,1
2026-09-02T02:15:00+08:00,1788286500000,9924.49104155934,9920.81024105571,0,2,2
2026-09-02T02:30:00+08:00,1788287400000,9928.03850296487,9920.81024105571,0,2,2
2026-09-02T02:45:00+08:00,1788288300000,9924.012732156349,9920.81024105571,0,2,2
2026-09-02T03:00:00+08:00,1788289200000,9923.612612144347,9923.172468129946,0,1,1
2026-09-02T03:15:00+08:00,1788290100000,9922.932408123945,9923.172468129946,0,1,1
2026-09-02T03:30:00+08:00,1788291000000,9922.412891688735,9922.892408123944,1,0,1
2026-09-02T03:45:00+08:00,1788291900000,9922.712561985469,9922.892408123944,1,0,1
2026-09-02T04:00:00+08:00,1788292800000,9922.91235213514,9922.852408123943,2,0,2
2026-09-02T04:15:00+08:00,1788293700000,9922.632561985467,9922.852408123943,2,0,2
2026-09-02T04:30:00+08:00,1788294600000,9921.753221515066,9922.852408123943,2,0,2
2026-09-02T04:45:00+08:00,1788295500000,9922.233043535278,9922.213067530478,1,0,1
2026-09-02T05:00:00+08:00,1788296400000,9920.513731397705,9922.213067530478,1,0,1
2026-09-02T05:15:00+08:00,1788297300000,9920.533723399305,9920.533723399305,0,0,0
2026-09-02T05:30:00+08:00,1788298200000,9920.533723399305,9920.533723399305,0,0,0
2026-09-02T05:45:00+08:00,1788299100000,9920.533723399305,9920.533723399305,0,0,0
2026-09-02T06:00:00+08:00,1788300000000,9920.533723399305,9920.533723399305,0,0,0
2026-09-02T06:15:00+08:00,1788300900000,9920.533723399305,9920.533723399305,0,0,0
2026-09-02T06:30:00+08:00,1788301800000,9920.533723399305,9920.533723399305,0,0,0
2026-09-02T06:45:00+08:00,1788302700000,9920.533723399305,9920.533723399305,0,0,0
2026-09-02T07:00:00+08:00,1788303600000,9920.533723399305,9920.533723399305,0,0,0
2026-09-02T07:15:00+08:00,1788304500000,9920.533723399305,9920.533723399305,0,0,0
2026-09-02T07:30:00+08:00,1788305400000,9920.533723399305,9920.533723399305,0,0,0
2026-09-02T07:45:00+08:00,1788306300000,9920.533723399305,9920.533723399305,0,0,0
2026-09-02T08:00:00+08:00,1788307200000,9920.533723399305,9920.533723399305,0,0,0
2026-09-02T08:15:00+08:00,1788308100000,9920.533723399305,9920.533723399305,0,0,0
2026-09-02T08:30:00+08:00,1788309000000,9920.533723399305,9920.533723399305,0,0,0
2026-09-02T08:45:00+08:00,1788309900000,9920.533723399305,9920.533723399305,0,0,0
2026-09-02T09:00:00+08:00,1788310800000,9920.533723399305,9920.533723399305,0,0,0
2026-09-02T09:15:00+08:00,1788311700000,9920.533723399305,9920.533723399305,0,0,0
2026-09-02T09:30:00+08:00,1788312600000,9921.539585884226,9920.493723399304,0,1,1
2026-09-02T09:45:00+08:00,1788313500000,9921.358608803406,9920.493723399304,0,1,1
2026-09-02T10:00:00+08:00,1788314400000,9921.3592258113,9920.453723399303,0,2,2
2026-09-02T10:15:00+08:00,1788315300000,9920.268429083035,9921.358825932475,0,1,1
2026-09-02T10:30:00+08:00,1788316200000,9919.763430597728,9921.358825932475,0,1,1
2026-09-02T10:45:00+08:00,1788317100000,9919.88397325685,9919.74363053714,1,0,1
2026-09-02T11:00:00+08:00,1788318000000,9921.106296134894,9919.74363053714,1,0,1
2026-09-02T11:15:00+08:00,1788318900000,9921.146105866887,9919.703630537138,2,0,2
2026-09-02T11:30:00+08:00,1788319800000,9919.908071969629,9919.703630537138,2,0,2
2026-09-02T11:45:00+08:00,1788320700000,9919.947868964355,9920.50522989579,1,0,1
2026-09-02T12:00:00+08:00,1788321600000,9919.23152305929,9920.50522989579,1,0,1
2026-09-02T12:15:00+08:00,1788322500000,9919.291218551378,9920.50522989579,1,0,1
2026-09-02T12:30:00+08:00,1788323400000,9919.56979751446,9920.50522989579,1,0,1
2026-09-02T12:45:00+08:00,1788324300000,9919.56979751446,9920.50522989579,1,0,1
2026-09-02T13:00:00+08:00,1788325200000,9919.549899017096,9920.50522989579,1,0,1
2026-09-02T13:15:00+08:00,1788326100000,9918.970000519732,9919.490000519732,0,1,1
2026-09-02T13:30:00+08:00,1788327000000,9918.750431442424,9918.950000519731,1,0,1
2026-09-02T13:45:00+08:00,1788327900000,9918.750431442424,9918.750431442424,0,0,0
2026-09-02T14:00:00+08:00,1788328800000,9918.750431442424,9918.750431442424,0,0,0
2026-09-02T14:15:00+08:00,1788329700000,9918.870671682664,9918.710431442423,0,1,1
2026-09-02T14:30:00+08:00,1788330600000,9918.370071082063,9918.710431442423,0,1,1
2026-09-02T14:45:00+08:00,1788331500000,9918.390095106088,9918.390095106088,0,0,0
2026-09-02T15:00:00+08:00,1788332400000,9918.390095106088,9918.390095106088,0,0,0
2026-09-02T15:15:00+08:00,1788333300000,9918.390095106088,9918.390095106088,0,0,0
2026-09-02T15:30:00+08:00,1788334200000,9918.390095106088,9918.390095106088,0,0,0
2026-09-02T15:45:00+08:00,1788335100000,9918.390095106088,9918.390095106088,0,0,0
2026-09-02T16:00:00+08:00,1788336000000,9918.209844529762,9918.350095106087,0,1,1
2026-09-02T16:15:00+08:00,1788336900000,9918.510596258739,9918.350095106087,0,1,1
2026-09-02T16:30:00+08:00,1788337800000,9920.134655595211,9918.350095106087,0,1,1
2026-09-02T16:45:00+08:00,1788338700000,9919.954204557826,9918.350095106087,0,1,1
2026-09-02T17:00:00+08:00,1788339600000,9919.713603174645,9918.350095106087,0,1,1
2026-09-02T17:15:00+08:00,1788340500000,9919.73365328991,9919.73365328991,0,0,0
2026-09-02T17:30:00+08:00,1788341400000,9919.73365328991,9919.73365328991,0,0,0
2026-09-02T17:45:00+08:00,1788342300000,9919.73365328991,9919.73365328991,0,0,0
2026-09-02T18:00:00+08:00,1788343200000,9919.73365328991,9919.73365328991,0,0,0
2026-09-02T18:15:00+08:00,1788344100000,9919.73365328991,9919.73365328991,0,0,0
2026-09-02T18:30:00+08:00,1788345000000,9919.73365328991,9919.73365328991,0,0,0
2026-09-02T18:45:00+08:00,1788345900000,9919.73365328991,9919.73365328991,0,0,0
2026-09-02T19:00:00+08:00,1788346800000,9919.73365328991,9919.73365328991,0,0,0
2026-09-02T19:15:00+08:00,1788347700000,9919.73365328991,9919.73365328991,0,0,0
2026-09-02T19:30:00+08:00,1788348600000,9919.73365328991,9919.73365328991,0,0,0
2026-09-02T19:45:00+08:00,1788349500000,9919.73365328991,9919.73365328991,0,0,0
2026-09-02T20:00:00+08:00,1788350400000,9919.73365328991,9919.73365328991,0,0,0
2026-09-02T20:15:00+08:00,1788351300000,9920.00009845909,9919.693653289909,1,0,1
2026-09-02T20:30:00+08:00,1788352200000,9919.164554227536,9919.693653289909,1,0,1
2026-09-02T20:45:00+08:00,1788353100000,9919.144175099938,9919.144175099938,0,0,0
2026-09-02T21:00:00+08:00,1788354000000,9919.144175099938,9919.144175099938,0,0,0
2026-09-02T21:15:00+08:00,1788354900000,9919.144175099938,9919.144175099938,0,0,0
2026-09-02T21:30:00+08:00,1788355800000,9919.144175099938,9919.144175099938,0,0,0
2026-09-02T21:45:00+08:00,1788356700000,9919.144175099938,9919.144175099938,0,0,0
2026-09-02T22:00:00+08:00,1788357600000,9919.144175099938,9919.144175099938,0,0,0
2026-09-02T22:15:00+08:00,1788358500000,9918.923414842497,9919.104175099937,1,0,1
2026-09-02T22:30:00+08:00,1788359400000,9918.923414842497,9918.923414842497,0,0,0
2026-09-02T22:45:00+08:00,1788360300000,9918.923414842497,9918.923414842497,0,0,0
2026-09-02T23:00:00+08:00,1788361200000,9918.923414842497,9918.923414842497,0,0,0
2026-09-02T23:15:00+08:00,1788362100000,9918.923414842497,9918.923414842497,0,0,0
2026-09-02T23:30:00+08:00,1788363000000,9918.923414842497,9918.923414842497,0,0,0
2026-09-02T23:45:00+08:00,1788363900000,9918.923414842497,9918.923414842497,0,0,0
2026-09-03T00:00:00+08:00,1788364800000,9918.923414842497,9918.923414842497,0,0,0
2026-09-03T00:15:00+08:00,1788365700000,9918.923414842497,9918.923414842497,0,0,0
2026-09-03T00:30:00+08:00,1788366600000,9918.923414842497,9918.923414842497,0,0,0
2026-09-03T00:45:00+08:00,1788367500000,9919.126671644357,9918.883414842496,0,1,1
2026-09-03T01:00:00+08:00,1788368400000,9919.83481364901,9918.883414842496,0,1,1
2026-09-03T01:15:00+08:00,1788369300000,9919.22745526158,9918.843414842495,0,2,2
2026-09-03T01:30:00+08:00,1788370200000,9917.280285831077,9918.843414842495,0,2,2
2026-09-03T01:45:00+08:00,1788371100000,9916.731384773831,9918.54039066934,0,1,1
2026-09-03T02:00:00+08:00,1788372000000,9916.304383350778,9918.54039066934,0,1,1
2026-09-03T02:15:00+08:00,1788372900000,9916.12407723453,9916.284716751876,1,0,1
2026-09-03T02:30:00+08:00,1788373800000,9915.802371854943,9916.284716751876,1,0,1
2026-09-03T02:45:00+08:00,1788374700000,9915.802371854943,9915.802371854943,0,0,0
2026-09-03T03:00:00+08:00,1788375600000,9915.802371854943,9915.802371854943,0,0,0
2026-09-03T03:15:00+08:00,1788376500000,9915.802371854943,9915.802371854943,0,0,0
2026-09-03T03:30:00+08:00,1788377400000,9915.802371854943,9915.802371854943,0,0,0
2026-09-03T03:45:00+08:00,1788378300000,9915.419983464335,9915.762371854942,0,1,1
2026-09-03T04:00:00+08:00,1788379200000,9915.782639934449,9915.379983464334,1,0,1
2026-09-03T04:15:00+08:00,1788380100000,9915.762519185808,9915.379983464334,1,0,1
2026-09-03T04:30:00+08:00,1788381000000,9915.401125697499,9915.339983464333,2,0,2
2026-09-03T04:45:00+08:00,1788381900000,9915.642023123373,9915.561553196674,1,0,1
2026-09-03T05:00:00+08:00,1788382800000,9915.441239912208,9915.561553196674,1,0,1
2026-09-03T05:15:00+08:00,1788383700000,9915.461318233325,9915.461318233325,0,0,0
2026-09-03T05:30:00+08:00,1788384600000,9914.89880969061,9915.421318233324,0,1,1
2026-09-03T05:45:00+08:00,1788385500000,9914.538135938856,9914.85880969061,1,0,1
2026-09-03T06:00:00+08:00,1788386400000,9915.040581721987,9914.498135938855,0,1,1
2026-09-03T06:15:00+08:00,1788387300000,9915.30167810753,9914.498135938855,0,1,1
2026-09-03T06:30:00+08:00,1788388200000,9913.228974436943,9914.458135938854,0,2,2
2026-09-03T06:45:00+08:00,1788389100000,9913.612231470319,9914.277545577408,0,1,1
2026-09-03T07:00:00+08:00,1788390000000,9912.785203135138,9914.277545577408,0,1,1
2026-09-03T07:15:00+08:00,1788390900000,9912.785434630034,9912.765374557946,1,0,1
2026-09-03T07:30:00+08:00,1788391800000,9912.685334509888,9912.765374557946,1,0,1
2026-09-03T07:45:00+08:00,1788392700000,9912.685334509888,9912.685334509888,0,0,0
2026-09-03T08:00:00+08:00,1788393600000,9912.685334509888,9912.685334509888,0,0,0
2026-09-03T08:15:00+08:00,1788394500000,9912.685334509888,9912.685334509888,0,0,0
2026-09-03T08:30:00+08:00,1788395400000,9912.685334509888,9912.685334509888,0,0,0
2026-09-03T08:45:00+08:00,1788396300000,9913.06685723032,9912.645334509887,0,1,1
2026-09-03T09:00:00+08:00,1788397200000,9911.321097374768,9912.645334509887,0,1,1
2026-09-03T09:15:00+08:00,1788398100000,9911.221299146191,9911.301163580003,1,0,1
2026-09-03T09:30:00+08:00,1788399000000,9910.862519241886,9911.301163580003,1,0,1
2026-09-03T09:45:00+08:00,1788399900000,9910.84258702498,9910.84258702498,0,0,0
2026-09-03T10:00:00+08:00,1788400800000,9910.84258702498,9910.84258702498,0,0,0
2026-09-03T10:15:00+08:00,1788401700000,9910.84258702498,9910.84258702498,0,0,0
2026-09-03T10:30:00+08:00,1788402600000,9910.84258702498,9910.84258702498,0,0,0
2026-09-03T10:45:00+08:00,1788403500000,9910.84258702498,9910.84258702498,0,0,0
2026-09-03T11:00:00+08:00,1788404400000,9910.84258702498,9910.84258702498,0,0,0
2026-09-03T11:15:00+08:00,1788405300000,9910.84258702498,9910.84258702498,0,0,0
2026-09-03T11:30:00+08:00,1788406200000,9910.84258702498,9910.84258702498,0,0,0
2026-09-03T11:45:00+08:00,1788407100000,9910.44351215707,9910.802587024978,0,1,1
2026-09-03T12:00:00+08:00,1788408000000,9910.682818308002,9910.802587024978,0,1,1
2026-09-03T12:15:00+08:00,1788408900000,9911.38036459208,9910.762587024978,0,2,2
2026-09-03T12:30:00+08:00,1788409800000,9911.818983246909,9910.762587024978,0,2,2
2026-09-03T12:45:00+08:00,1788410700000,9908.310034008282,9910.762587024978,0,2,2
2026-09-03T13:00:00+08:00,1788411600000,9909.147178317678,9909.466229732585,0,1,1
2026-09-03T13:15:00+08:00,1788412500000,9910.42284192868,9909.466229732585,0,1,1
2026-09-03T13:30:00+08:00,1788413400000,9908.304663200659,9909.426229732584,0,2,2
2026-09-03T13:45:00+08:00,1788414300000,9907.443185470616,9909.386229732583,0,1,1
2026-09-03T14:00:00+08:00,1788415200000,9907.90392250246,9909.386229732583,0,1,1
2026-09-03T14:15:00+08:00,1788416100000,9908.400669273386,9907.883954547324,1,0,1
2026-09-03T14:30:00+08:00,1788417000000,9908.519965286112,9907.883954547324,1,0,1
2026-09-03T14:45:00+08:00,1788417900000,9908.162076863242,9907.843954547323,2,0,2
2026-09-03T15:00:00+08:00,1788418800000,9908.716848837204,9908.320903935808,1,0,1
2026-09-03T15:15:00+08:00,1788419700000,9908.102562839782,9908.320903935808,1,0,1
2026-09-03T15:30:00+08:00,1788420600000,9908.082747162445,9908.082747162445,0,0,0
2026-09-03T15:45:00+08:00,1788421500000,9908.737604191832,9908.042747162444,0,1,1
2026-09-03T16:00:00+08:00,1788422400000,9907.804137154502,9908.042747162444,0,1,1
2026-09-03T16:15:00+08:00,1788423300000,9907.804137154502,9907.804137154502,0,0,0
2026-09-03T16:30:00+08:00,1788424200000,9907.804137154502,9907.804137154502,0,0,0
2026-09-03T16:45:00+08:00,1788425100000,9907.804137154502,9907.804137154502,0,0,0
2026-09-03T17:00:00+08:00,1788426000000,9907.804137154502,9907.804137154502,0,0,0
2026-09-03T17:15:00+08:00,1788426900000,9907.804137154502,9907.804137154502,0,0,0
2026-09-03T17:30:00+08:00,1788427800000,9907.804137154502,9907.804137154502,0,0,0
2026-09-03T17:45:00+08:00,1788428700000,9908.083132169457,9907.764137154501,0,1,1
2026-09-03T18:00:00+08:00,1788429600000,9908.362350514422,9907.764137154501,0,1,1
2026-09-03T18:15:00+08:00,1788430500000,9908.14296467195,9907.764137154501,0,1,1
2026-09-03T18:30:00+08:00,1788431400000,9908.14296467195,9908.14296467195,0,0,0
2026-09-03T18:45:00+08:00,1788432300000,9908.14296467195,9908.14296467195,0,0,0
2026-09-03T19:00:00+08:00,1788433200000,9908.14296467195,9908.14296467195,0,0,0
2026-09-03T19:15:00+08:00,1788434100000,9908.14296467195,9908.14296467195,0,0,0
2026-09-03T19:30:00+08:00,1788435000000,9908.182035731894,9908.102964671949,1,0,1
2026-09-03T19:45:00+08:00,1788435900000,9907.764791724167,9908.062964671948,2,0,2
2026-09-03T20:00:00+08:00,1788436800000,9908.359940364804,9908.062964671948,2,0,2
2026-09-03T20:15:00+08:00,1788437700000,9907.566408843955,9908.062964671948,2,0,2
2026-09-03T20:30:00+08:00,1788438600000,9908.042362429196,9907.884048435346,1,0,1
2026-09-03T20:45:00+08:00,1788439500000,9909.390897587384,9907.884048435346,1,0,1
2026-09-03T21:00:00+08:00,1788440400000,9908.95530250399,9907.844048435345,2,0,2
2026-09-03T21:15:00+08:00,1788441300000,9908.323133466844,9907.844048435345,2,0,2
2026-09-03T21:30:00+08:00,1788442200000,9909.405335331901,9908.83528120337,1,0,1
2026-09-03T21:45:00+08:00,1788443100000,9908.421377060076,9908.83528120337,1,0,1
2026-09-03T22:00:00+08:00,1788444000000,9908.40169789464,9908.40169789464,0,0,0
2026-09-03T22:15:00+08:00,1788444900000,9908.40169789464,9908.40169789464,0,0,0
2026-09-03T22:30:00+08:00,1788445800000,9908.40169789464,9908.40169789464,0,0,0
2026-09-03T22:45:00+08:00,1788446700000,9908.40169789464,9908.40169789464,0,0,0
2026-09-03T23:00:00+08:00,1788447600000,9908.40169789464,9908.40169789464,0,0,0
2026-09-03T23:15:00+08:00,1788448500000,9908.40169789464,9908.40169789464,0,0,0
2026-09-03T23:30:00+08:00,1788449400000,9908.40169789464,9908.40169789464,0,0,0
2026-09-03T23:45:00+08:00,1788450300000,9908.40169789464,9908.40169789464,0,0,0
2026-09-04T00:00:00+08:00,1788451200000,9908.40169789464,9908.40169789464,0,0,0
2026-09-04T00:15:00+08:00,1788452100000,9908.40169789464,9908.40169789464,0,0,0
2026-09-04T00:30:00+08:00,1788453000000,9908.40169789464,9908.40169789464,0,0,0
2026-09-04T00:45:00+08:00,1788453900000,9907.822797175215,9908.36169789464,0,1,1
2026-09-04T01:00:00+08:00,1788454800000,9907.343084945,9908.36169789464,0,1,1
2026-09-04T01:15:00+08:00,1788455700000,9907.362273434208,9907.362273434208,0,0,0
2026-09-04T01:30:00+08:00,1788456600000,9907.362273434208,9907.362273434208,0,0,0
2026-09-04T01:45:00+08:00,1788457500000,9907.362273434208,9907.362273434208,0,0,0
2026-09-04T02:00:00+08:00,1788458400000,9907.362273434208,9907.362273434208,0,0,0
2026-09-04T02:15:00+08:00,1788459300000,9907.362273434208,9907.362273434208,0,0,0
2026-09-04T02:30:00+08:00,1788460200000,9907.362273434208,9907.362273434208,0,0,0
2026-09-04T02:45:00+08:00,1788461100000,9907.362273434208,9907.362273434208,0,0,0
2026-09-04T03:00:00+08:00,1788462000000,9907.362273434208,9907.362273434208,0,0,0
2026-09-04T03:15:00+08:00,1788462900000,9907.362273434208,9907.362273434208,0,0,0
2026-09-04T03:30:00+08:00,1788463800000,9907.362273434208,9907.362273434208,0,0,0
2026-09-04T03:45:00+08:00,1788464700000,9907.362273434208,9907.362273434208,0,0,0
2026-09-04T04:00:00+08:00,1788465600000,9907.362273434208,9907.362273434208,0,0,0
2026-09-04T04:15:00+08:00,1788466500000,9907.362273434208,9907.362273434208,0,0,0
2026-09-04T04:30:00+08:00,1788467400000,9907.362273434208,9907.362273434208,0,0,0
2026-09-04T04:45:00+08:00,1788468300000,9907.362273434208,9907.362273434208,0,0,0
2026-09-04T05:00:00+08:00,1788469200000,9907.362273434208,9907.362273434208,0,0,0
2026-09-04T05:15:00+08:00,1788470100000,9907.362273434208,9907.362273434208,0,0,0
2026-09-04T05:30:00+08:00,1788471000000,9907.362273434208,9907.362273434208,0,0,0
2026-09-04T05:45:00+08:00,1788471900000,9907.362273434208,9907.362273434208,0,0,0
2026-09-04T06:00:00+08:00,1788472800000,9907.362273434208,9907.362273434208,0,0,0
2026-09-04T06:15:00+08:00,1788473700000,9907.362273434208,9907.362273434208,0,0,0
2026-09-04T06:30:00+08:00,1788474600000,9907.362273434208,9907.362273434208,0,0,0
2026-09-04T06:45:00+08:00,1788475500000,9907.070672318716,9907.322273434207,0,1,1
2026-09-04T07:00:00+08:00,1788476400000,9907.070672318716,9907.070672318716,0,0,0
2026-09-04T07:15:00+08:00,1788477300000,9907.070672318716,9907.070672318716,0,0,0
2026-09-04T07:30:00+08:00,1788478200000,9907.070672318716,9907.070672318716,0,0,0
2026-09-04T07:45:00+08:00,1788479100000,9907.070672318716,9907.070672318716,0,0,0
2026-09-04T08:00:00+08:00,1788480000000,9907.070672318716,9907.070672318716,0,0,0
2026-09-04T08:15:00+08:00,1788480900000,9907.070672318716,9907.070672318716,0,0,0
2026-09-04T08:30:00+08:00,1788481800000,9907.070672318716,9907.070672318716,0,0,0
2026-09-04T08:45:00+08:00,1788482700000,9907.070672318716,9907.070672318716,0,0,0
2026-09-04T09:00:00+08:00,1788483600000,9907.070672318716,9907.070672318716,0,0,0
2026-09-04T09:15:00+08:00,1788484500000,9907.070672318716,9907.070672318716,0,0,0
2026-09-04T09:30:00+08:00,1788485400000,9907.070672318716,9907.070672318716,0,0,0
2026-09-04T09:45:00+08:00,1788486300000,9907.070672318716,9907.070672318716,0,0,0
2026-09-04T10:00:00+08:00,1788487200000,9906.720820766759,9907.030672318715,1,0,1
2026-09-04T10:15:00+08:00,1788488100000,9906.29676832797,9907.030672318715,1,0,1
2026-09-04T10:30:00+08:00,1788489000000,9906.316043438823,9906.316043438823,0,0,0
2026-09-04T10:45:00+08:00,1788489900000,9906.316043438823,9906.316043438823,0,0,0
2026-09-04T11:00:00+08:00,1788490800000,9906.316043438823,9906.316043438823,0,0,0
2026-09-04T11:15:00+08:00,1788491700000,9906.316043438823,9906.316043438823,0,0,0
2026-09-04T11:30:00+08:00,1788492600000,9906.316043438823,9906.316043438823,0,0,0
2026-09-04T11:45:00+08:00,1788493500000,9906.316043438823,9906.316043438823,0,0,0
2026-09-04T12:00:00+08:00,1788494400000,9906.316043438823,9906.316043438823,0,0,0
2026-09-04T12:15:00+08:00,1788495300000,9906.316043438823,9906.316043438823,0,0,0
2026-09-04T12:30:00+08:00,1788496200000,9906.316043438823,9906.316043438823,0,0,0
2026-09-04T12:45:00+08:00,1788497100000,9906.316043438823,9906.316043438823,0,0,0
2026-09-04T13:00:00+08:00,1788498000000,9906.316043438823,9906.316043438823,0,0,0
2026-09-04T13:15:00+08:00,1788498900000,9906.316043438823,9906.316043438823,0,0,0
2026-09-04T13:30:00+08:00,1788499800000,9906.316043438823,9906.316043438823,0,0,0
2026-09-04T13:45:00+08:00,1788500700000,9906.316043438823,9906.316043438823,0,0,0
2026-09-04T14:00:00+08:00,1788501600000,9905.869280918316,9906.276043438822,0,1,1
2026-09-04T14:15:00+08:00,1788502500000,9904.88409108245,9905.809977627763,1,0,1
2026-09-04T14:30:00+08:00,1788503400000,9904.281591324298,9904.844091082448,0,1,1
2026-09-04T14:45:00+08:00,1788504300000,9904.300943167193,9904.300943167193,0,0,0
2026-09-04T15:00:00+08:00,1788505200000,9904.300943167193,9904.300943167193,0,0,0
2026-09-04T15:15:00+08:00,1788506100000,9903.951481236303,9904.260943167192,1,0,1
2026-09-04T15:30:00+08:00,1788507000000,9903.816750270858,9904.260943167192,1,0,1
2026-09-04T15:45:00+08:00,1788507900000,9903.816750270858,9903.816750270858,0,0,0
2026-09-04T16:00:00+08:00,1788508800000,9903.504931825662,9903.776750270858,0,1,1
2026-09-04T16:15:00+08:00,1788509700000,9903.772052665105,9903.445613621894,1,0,1
2026-09-04T16:30:00+08:00,1788510600000,9903.521331214486,9903.445613621894,1,0,1
2026-09-04T16:45:00+08:00,1788511500000,9903.54061747992,9903.54061747992,0,0,0
2026-09-04T17:00:00+08:00,1788512400000,9903.153900961846,9903.500617479918,1,0,1
2026-09-04T17:15:00+08:00,1788513300000,9902.728579833538,9903.460617479917,2,0,2
2026-09-04T17:30:00+08:00,1788514200000,9903.17019161621,9902.922203138052,1,0,1
2026-09-04T17:45:00+08:00,1788515100000,9902.57501542802,9902.922203138052,1,0,1
2026-09-04T18:00:00+08:00,1788516000000,9902.594214659895,9902.594214659895,0,0,0
2026-09-04T18:15:00+08:00,1788516900000,9902.475663879397,9902.554214659895,0,1,1
2026-09-04T18:30:00+08:00,1788517800000,9902.225083806166,9902.554214659895,0,1,1
2026-09-04T18:45:00+08:00,1788518700000,9902.225083806166,9902.225083806166,0,0,0
2026-09-04T19:00:00+08:00,1788519600000,9902.225083806166,9902.225083806166,0,0,0
2026-09-04T19:15:00+08:00,1788520500000,9902.225083806166,9902.225083806166,0,0,0
2026-09-04T19:30:00+08:00,1788521400000,9902.394601947843,9902.185083806165,1,0,1
2026-09-04T19:45:00+08:00,1788522300000,9901.83798455487,9902.185083806165,1,0,1
2026-09-04T20:00:00+08:00,1788523200000,9901.857178258075,9901.857178258075,0,0,0
2026-09-04T20:15:00+08:00,1788524100000,9901.238816089677,9901.817178258074,0,1,1
2026-09-04T20:30:00+08:00,1788525000000,9895.5612970728,9901.218043309977,1,0,1
2026-09-04T20:45:00+08:00,1788525900000,9895.166122555289,9895.502127290418,0,1,1
2026-09-04T21:00:00+08:00,1788526800000,9896.13307135671,9895.502127290418,0,1,1
2026-09-04T21:15:00+08:00,1788527700000,9894.867060104802,9895.462127290417,0,2,2
2026-09-04T21:30:00+08:00,1788528600000,9894.253191853386,9895.52079553546,0,1,1
2026-09-04T21:45:00+08:00,1788529500000,9894.371992209715,9895.52079553546,0,1,1
2026-09-04T22:00:00+08:00,1788530400000,9894.88679375381,9895.52079553546,0,1,1
2026-09-04T22:15:00+08:00,1788531300000,9895.084794347695,9895.52079553546,0,1,1
2026-09-04T22:30:00+08:00,1788532200000,9896.153997554662,9895.52079553546,0,1,1
2026-09-04T22:45:00+08:00,1788533100000,9896.07479731711,9895.52079553546,0,1,1
2026-09-04T23:00:00+08:00,1788534000000,9896.054997257721,9896.054997257721,0,0,0
2026-09-04T23:15:00+08:00,1788534900000,9896.054997257721,9896.054997257721,0,0,0
2026-09-04T23:30:00+08:00,1788535800000,9896.231255144156,9896.01499725772,1,0,1
2026-09-04T23:45:00+08:00,1788536700000,9895.837012241947,9896.01499725772,1,0,1
2026-09-05T00:00:00+08:00,1788537600000,9896.190829166562,9895.97499725772,2,0,2
2026-09-05T00:15:00+08:00,1788538500000,9896.861273504603,9895.97499725772,2,0,2
2026-09-05T00:30:00+08:00,1788539400000,9897.847221060547,9895.97499725772,2,0,2
2026-09-05T00:45:00+08:00,1788540300000,9897.29509042922,9895.97499725772,2,0,2
2026-09-05T01:00:00+08:00,1788541200000,9896.94001318891,9896.585498046363,1,0,1
2026-09-05T01:15:00+08:00,1788542100000,9896.841384403273,9896.585498046363,1,0,1
2026-09-05T01:30:00+08:00,1788543000000,9896.427143503599,9896.585498046363,1,0,1
2026-09-05T01:45:00+08:00,1788543900000,9896.190434418071,9896.585498046363,1,0,1
2026-09-05T02:00:00+08:00,1788544800000,9896.289063203707,9896.585498046363,1,0,1
2026-09-05T02:15:00+08:00,1788545700000,9896.545498046362,9896.585498046363,1,0,1
2026-09-05T02:30:00+08:00,1788546600000,9896.94001318891,9896.585498046363,1,0,1
2026-09-05T02:45:00+08:00,1788547500000,9896.87970204279,9896.545498046362,2,0,2
2026-09-05T03:00:00+08:00,1788548400000,9897.195018930843,9896.545498046362,2,0,2
2026-09-05T03:15:00+08:00,1788549300000,9897.865067317958,9896.545498046362,2,0,2
2026-09-05T03:30:00+08:00,1788550200000,9897.155604319836,9896.545498046362,2,0,2
2026-09-05T03:45:00+08:00,1788551100000,9897.096537758198,9897.0380934888,1,0,1
2026-09-05T04:00:00+08:00,1788552000000,9897.03747119656,9897.0380934888,1,0,1
2026-09-05T04:15:00+08:00,1788552900000,9897.01778234268,9897.0380934888,1,0,1
2026-09-05T04:30:00+08:00,1788553800000,9897.33280400475,9897.0380934888,1,0,1
2026-09-05T04:45:00+08:00,1788554700000,9897.254048589233,9897.0380934888,1,0,1
2026-09-05T05:00:00+08:00,1788555600000,9897.254048589233,9897.254048589233,0,0,0
2026-09-05T05:15:00+08:00,1788556500000,9897.254048589233,9897.254048589233,0,0,0
2026-09-05T05:30:00+08:00,1788557400000,9897.254048589233,9897.254048589233,0,0,0
2026-09-05T05:45:00+08:00,1788558300000,9896.604361979546,9897.214048589232,1,0,1
2026-09-05T06:00:00+08:00,1788559200000,9896.604361979546,9896.604361979546,0,0,0
2026-09-05T06:15:00+08:00,1788560100000,9896.604361979546,9896.604361979546,0,0,0
2026-09-05T06:30:00+08:00,1788561000000,9896.604361979546,9896.604361979546,0,0,0
2026-09-05T06:45:00+08:00,1788561900000,9896.604361979546,9896.604361979546,0,0,0
2026-09-05T07:00:00+08:00,1788562800000,9896.604361979546,9896.604361979546,0,0,0
2026-09-05T07:15:00+08:00,1788563700000,9896.701248160005,9896.564361979545,1,0,1
2026-09-05T07:30:00+08:00,1788564600000,9896.661940119902,9896.564361979545,1,0,1
2026-09-05T07:45:00+08:00,1788565500000,9896.760210220158,9896.564361979545,1,0,1
2026-09-05T08:00:00+08:00,1788566400000,9896.544015999596,9896.564361979545,1,0,1
2026-09-05T08:15:00+08:00,1788567300000,9896.524361979544,9896.524361979544,0,0,0
2026-09-05T08:30:00+08:00,1788568200000,9896.524361979544,9896.524361979544,0,0,0
2026-09-05T08:45:00+08:00,1788569100000,9896.524361979544,9896.524361979544,0,0,0
2026-09-05T09:00:00+08:00,1788570000000,9896.524361979544,9896.524361979544,0,0,0
2026-09-05T09:15:00+08:00,1788570900000,9896.524361979544,9896.524361979544,0,0,0
2026-09-05T09:30:00+08:00,1788571800000,9896.524361979544,9896.524361979544,0,0,0
2026-09-05T09:45:00+08:00,1788572700000,9896.524361979544,9896.524361979544,0,0,0
2026-09-05T10:00:00+08:00,1788573600000,9896.524361979544,9896.524361979544,0,0,0
2026-09-05T10:15:00+08:00,1788574500000,9896.56227533056,9896.484361979543,0,1,1
2026-09-05T10:30:00+08:00,1788575400000,9896.267491953018,9896.484361979543,0,1,1
2026-09-05T10:45:00+08:00,1788576300000,9896.267491953018,9896.267491953018,0,0,0
2026-09-05T11:00:00+08:00,1788577200000,9896.267491953018,9896.267491953018,0,0,0
2026-09-05T11:15:00+08:00,1788578100000,9896.267491953018,9896.267491953018,0,0,0
2026-09-05T11:30:00+08:00,1788579000000,9896.267491953018,9896.267491953018,0,0,0
2026-09-05T11:45:00+08:00,1788579900000,9896.267491953018,9896.267491953018,0,0,0
2026-09-05T12:00:00+08:00,1788580800000,9896.267491953018,9896.267491953018,0,0,0
2026-09-05T12:15:00+08:00,1788581700000,9896.267491953018,9896.267491953018,0,0,0
2026-09-05T12:30:00+08:00,1788582600000,9896.267491953018,9896.267491953018,0,0,0
2026-09-05T12:45:00+08:00,1788583500000,9896.267491953018,9896.267491953018,0,0,0
2026-09-05T13:00:00+08:00,1788584400000,9896.089143870422,9896.227491953017,0,1,1
2026-09-05T13:15:00+08:00,1788585300000,9896.069474253902,9896.069474253902,0,0,0
2026-09-05T13:30:00+08:00,1788586200000,9896.069474253902,9896.069474253902,0,0,0
2026-09-05T13:45:00+08:00,1788587100000,9896.069474253902,9896.069474253902,0,0,0
2026-09-05T14:00:00+08:00,1788588000000,9896.069474253902,9896.069474253902,0,0,0
2026-09-05T14:15:00+08:00,1788588900000,9896.185840747075,9896.0294742539,1,0,1
2026-09-05T14:30:00+08:00,1788589800000,9896.576889152639,9895.9894742539,2,0,2
2026-09-05T14:45:00+08:00,1788590700000,9897.24420772719,9895.9894742539,2,0,2
2026-09-05T15:00:00+08:00,1788591600000,9897.676002098957,9895.9894742539,2,0,2
2026-09-05T15:15:00+08:00,1788592500000,9898.107796470724,9895.9894742539,2,0,2
2026-09-05T15:30:00+08:00,1788593400000,9897.597494031363,9895.9894742539,2,0,2
2026-09-05T15:45:00+08:00,1788594300000,9897.26397923037,9896.872396771822,1,0,1
2026-09-05T16:00:00+08:00,1788595200000,9897.30321399933,9896.872396771822,1,0,1
2026-09-05T16:15:00+08:00,1788596100000,9897.479770459646,9896.872396771822,1,0,1
2026-09-05T16:30:00+08:00,1788597000000,9897.7151790734,9896.872396771822,1,0,1
2026-09-05T16:45:00+08:00,1788597900000,9897.989822456115,9896.872396771822,1,0,1
2026-09-05T17:00:00+08:00,1788598800000,9898.574894270065,9896.83239677182,2,0,2
2026-09-05T17:15:00+08:00,1788599700000,9897.792456841886,9896.83239677182,2,0,2
2026-09-05T17:30:00+08:00,1788600600000,9897.928988250393,9897.890970302675,1,0,1
2026-09-05T17:45:00+08:00,1788601500000,9897.772952354957,9897.890970302675,1,0,1
2026-09-05T18:00:00+08:00,1788602400000,9897.499889537947,9897.890970302675,1,0,1
2026-09-05T18:15:00+08:00,1788603300000,9897.165783616507,9897.459889537946,0,1,1
2026-09-05T18:30:00+08:00,1788604200000,9896.950770913752,9897.459889537946,0,1,1
2026-09-05T18:45:00+08:00,1788605100000,9896.970317523093,9896.970317523093,0,0,0
2026-09-05T19:00:00+08:00,1788606000000,9896.970317523093,9896.970317523093,0,0,0
2026-09-05T19:15:00+08:00,1788606900000,9896.970317523093,9896.970317523093,0,0,0
2026-09-05T19:30:00+08:00,1788607800000,9896.970317523093,9896.970317523093,0,0,0
2026-09-05T19:45:00+08:00,1788608700000,9896.970317523093,9896.970317523093,0,0,0
2026-09-05T20:00:00+08:00,1788609600000,9896.970317523093,9896.970317523093,0,0,0
2026-09-05T20:15:00+08:00,1788610500000,9896.970317523093,9896.970317523093,0,0,0
2026-09-05T20:30:00+08:00,1788611400000,9896.970317523093,9896.970317523093,0,0,0
2026-09-05T20:45:00+08:00,1788612300000,9897.590498439346,9896.930317523093,1,0,1
2026-09-05T21:00:00+08:00,1788613200000,9897.668296318929,9896.930317523093,1,0,1
2026-09-05T21:15:00+08:00,1788614100000,9896.870133781747,9896.890317523092,2,0,2
2026-09-05T21:30:00+08:00,1788615000000,9896.424650099154,9897.297655330698,1,0,1
2026-09-05T21:45:00+08:00,1788615900000,9896.0565780201,9897.297655330698,1,0,1
2026-09-05T22:00:00+08:00,1788616800000,9895.801104335887,9896.016578020099,0,1,1
2026-09-05T22:15:00+08:00,1788617700000,9895.489151119515,9896.016578020099,0,1,1
2026-09-05T22:30:00+08:00,1788618600000,9895.489151119515,9895.489151119515,0,0,0
2026-09-05T22:45:00+08:00,1788619500000,9895.489151119515,9895.489151119515,0,0,0
2026-09-05T23:00:00+08:00,1788620400000,9895.489151119515,9895.489151119515,0,0,0
2026-09-05T23:15:00+08:00,1788621300000,9895.489151119515,9895.489151119515,0,0,0
2026-09-05T23:30:00+08:00,1788622200000,9895.489151119515,9895.489151119515,0,0,0
2026-09-05T23:45:00+08:00,1788623100000,9895.489151119515,9895.489151119515,0,0,0
2026-09-06T00:00:00+08:00,1788624000000,9895.489151119515,9895.489151119515,0,0,0
2026-09-06T00:15:00+08:00,1788624900000,9895.489151119515,9895.489151119515,0,0,0
2026-09-06T00:30:00+08:00,1788625800000,9895.331557017846,9895.449151119514,1,0,1
2026-09-06T00:45:00+08:00,1788626700000,9895.971708356612,9895.449151119514,1,0,1
2026-09-06T01:00:00+08:00,1788627600000,9898.274468871452,9895.409151119513,2,0,2
2026-09-06T01:15:00+08:00,1788628500000,9897.77079036301,9895.409151119513,2,0,2
2026-09-06T01:30:00+08:00,1788629400000,9897.22836735392,9895.409151119513,2,0,2
2026-09-06T01:45:00+08:00,1788630300000,9898.176320140297,9896.591258220793,1,0,1
2026-09-06T02:00:00+08:00,1788631200000,9897.595940883331,9896.591258220793,1,0,1
2026-09-06T02:15:00+08:00,1788632100000,9897.615286858563,9897.615286858563,0,0,0
2026-09-06T02:30:00+08:00,1788633000000,9897.615286858563,9897.615286858563,0,0,0
2026-09-06T02:45:00+08:00,1788633900000,9897.615286858563,9897.615286858563,0,0,0
2026-09-06T03:00:00+08:00,1788634800000,9897.727892288949,9897.575286858562,0,1,1
2026-09-06T03:15:00+08:00,1788635700000,9897.612329030717,9897.575286858562,0,1,1
2026-09-06T03:30:00+08:00,1788636600000,9898.14878513987,9897.535286858561,0,2,2
2026-09-06T03:45:00+08:00,1788637500000,9899.34316885136,9897.535286858561,0,2,2
2026-09-06T04:00:00+08:00,1788638400000,9899.18905482407,9897.535286858561,0,2,2
2026-09-06T04:15:00+08:00,1788639300000,9899.882567946868,9897.535286858561,0,2,2
2026-09-06T04:30:00+08:00,1788640200000,9899.38169735818,9897.535286858561,0,2,2
2026-09-06T04:45:00+08:00,1788641100000,9899.689977357972,9898.516095639612,0,1,1
2026-09-06T05:00:00+08:00,1788642000000,9899.285350118518,9898.516095639612,0,1,1
2026-09-06T05:15:00+08:00,1788642900000,9898.610971386097,9898.516095639612,0,1,1
2026-09-06T05:30:00+08:00,1788643800000,9898.399023784477,9898.516095639612,0,1,1
2026-09-06T05:45:00+08:00,1788644700000,9897.933987071296,9898.339755820694,1,0,1
2026-09-06T06:00:00+08:00,1788645600000,9897.914736084485,9898.339755820694,1,0,1
2026-09-06T06:15:00+08:00,1788646500000,9897.933987071296,9897.933987071296,0,0,0
2026-09-06T06:30:00+08:00,1788647400000,9898.086254124995,9897.893987071295,0,1,1
2026-09-06T06:45:00+08:00,1788648300000,9897.950765010337,9897.893987071295,0,1,1
2026-09-06T07:00:00+08:00,1788649200000,9898.374132085535,9897.853987071294,0,2,2
2026-09-06T07:15:00+08:00,1788650100000,9898.335411541288,9897.853987071294,0,2,2
2026-09-06T07:30:00+08:00,1788651000000,9898.490340561417,9898.123676476229,0,1,1
2026-09-06T07:45:00+08:00,1788651900000,9898.451610648543,9898.123676476229,0,1,1
2026-09-06T08:00:00+08:00,1788652800000,9898.451610648543,9898.451610648543,0,0,0
2026-09-06T08:15:00+08:00,1788653700000,9898.451610648543,9898.451610648543,0,0,0
2026-09-06T08:30:00+08:00,1788654600000,9898.216902718174,9898.411610648542,1,0,1
2026-09-06T08:45:00+08:00,1788655500000,9898.100871770399,9898.411610648542,1,0,1
2026-09-06T09:00:00+08:00,1788656400000,9898.100871770399,9898.100871770399,0,0,0
2026-09-06T09:15:00+08:00,1788657300000,9898.100871770399,9898.100871770399,0,0,0
2026-09-06T09:30:00+08:00,1788658200000,9898.523186746244,9898.060871770398,1,0,1
2026-09-06T09:45:00+08:00,1788659100000,9898.986862108562,9898.060871770398,1,0,1
2026-09-06T10:00:00+08:00,1788660000000,9899.122100755905,9898.060871770398,1,0,1
2026-09-06T10:15:00+08:00,1788660900000,9899.064141335615,9898.060871770398,1,0,1
2026-09-06T10:30:00+08:00,1788661800000,9899.044821528852,9899.044821528852,0,0,0
2026-09-06T10:45:00+08:00,1788662700000,9899.044821528852,9899.044821528852,0,0,0
2026-09-06T11:00:00+08:00,1788663600000,9899.044821528852,9899.044821528852,0,0,0
2026-09-06T11:15:00+08:00,1788664500000,9899.044821528852,9899.044821528852,0,0,0
2026-09-06T11:30:00+08:00,1788665400000,9899.044821528852,9899.044821528852,0,0,0
2026-09-06T11:45:00+08:00,1788666300000,9899.044821528852,9899.044821528852,0,0,0
2026-09-06T12:00:00+08:00,1788667200000,9899.044821528852,9899.044821528852,0,0,0
2026-09-06T12:15:00+08:00,1788668100000,9899.044821528852,9899.044821528852,0,0,0
2026-09-06T12:30:00+08:00,1788669000000,9899.044821528852,9899.044821528852,0,0,0
2026-09-06T12:45:00+08:00,1788669900000,9899.044821528852,9899.044821528852,0,0,0
2026-09-06T13:00:00+08:00,1788670800000,9899.044821528852,9899.044821528852,0,0,0
2026-09-06T13:15:00+08:00,1788671700000,9897.884241544014,9899.004821528852,0,1,1
2026-09-06T13:30:00+08:00,1788672600000,9897.903199087608,9897.903199087608,0,0,0
2026-09-06T13:45:00+08:00,1788673500000,9897.804405854526,9897.863199087607,1,0,1
2026-09-06T14:00:00+08:00,1788674400000,9897.823199087607,9897.823199087607,0,0,0
2026-09-06T14:15:00+08:00,1788675300000,9898.53461581707,9897.783199087606,0,1,1
2026-09-06T14:30:00+08:00,1788676200000,9898.949167437266,9897.783199087606,0,1,1
2026-09-06T14:45:00+08:00,1788677100000,9899.568457417316,9897.743199087605,0,2,2
2026-09-06T15:00:00+08:00,1788678000000,9901.950020953365,9897.743199087605,0,2,2
2026-09-06T15:15:00+08:00,1788678900000,9900.626930100005,9897.743199087605,0,2,2
2026-09-06T15:30:00+08:00,1788679800000,9900.702883546275,9899.775957188584,0,1,1
2026-09-06T15:45:00+08:00,1788680700000,9900.342656079683,9899.775957188584,0,1,1
2026-09-06T16:00:00+08:00,1788681600000,9900.247859377949,9899.775957188584,0,1,1
2026-09-06T16:15:00+08:00,1788682500000,9900.5512088235,9899.775957188584,0,1,1
2026-09-06T16:30:00+08:00,1788683400000,9900.532249483153,9899.775957188584,0,1,1
2026-09-06T16:45:00+08:00,1788684300000,9900.33826612383,9899.735957188583,0,2,2
2026-09-06T17:00:00+08:00,1788685200000,9898.020604484278,9899.735957188583,0,2,2
2026-09-06T17:15:00+08:00,1788686100000,9900.17225869784,9897.980604484277,1,0,1
2026-09-06T17:30:00+08:00,1788687000000,9898.942957647996,9897.980604484277,1,0,1
2026-09-06T17:45:00+08:00,1788687900000,9898.96186997184,9898.96186997184,0,0,0
2026-09-06T18:00:00+08:00,1788688800000,9898.96186997184,9898.96186997184,0,0,0
2026-09-06T18:15:00+08:00,1788689700000,9898.96186997184,9898.96186997184,0,0,0
2026-09-06T18:30:00+08:00,1788690600000,9898.96186997184,9898.96186997184,0,0,0
2026-09-06T18:45:00+08:00,1788691500000,9898.96186997184,9898.96186997184,0,0,0
2026-09-06T19:00:00+08:00,1788692400000,9898.96186997184,9898.96186997184,0,0,0
2026-09-06T19:15:00+08:00,1788693300000,9898.96186997184,9898.96186997184,0,0,0
2026-09-06T19:30:00+08:00,1788694200000,9898.96186997184,9898.96186997184,0,0,0
2026-09-06T19:45:00+08:00,1788695100000,9898.975838404758,9898.921869971839,0,1,1
2026-09-06T20:00:00+08:00,1788696000000,9898.769107852335,9898.921869971839,0,1,1
2026-09-06T20:15:00+08:00,1788696900000,9898.52001407907,9898.881869971838,0,2,2
2026-09-06T20:30:00+08:00,1788697800000,9897.768748324135,9898.61634573283,0,1,1
2026-09-06T20:45:00+08:00,1788698700000,9897.296035245243,9897.709966989049,1,0,1
2026-09-06T21:00:00+08:00,1788699600000,9897.59074157391,9897.274731832433,0,1,1
2026-09-06T21:15:00+08:00,1788700500000,9898.527609314637,9897.274731832433,0,1,1
2026-09-06T21:30:00+08:00,1788701400000,9897.113053229094,9897.234731832432,0,2,2
2026-09-06T21:45:00+08:00,1788702300000,9895.981605265293,9897.813064541311,0,1,1
2026-09-06T22:00:00+08:00,1788703200000,9897.282770423664,9897.813064541311,0,1,1
2026-09-06T22:15:00+08:00,1788704100000,9898.037069066198,9897.813064541311,0,1,1
2026-09-06T22:30:00+08:00,1788705000000,9896.9569023912,9897.77306454131,0,2,2
2026-09-06T22:45:00+08:00,1788705900000,9897.976647505899,9897.50677494855,0,1,1
2026-09-06T23:00:00+08:00,1788706800000,9899.20128140339,9897.466774948549,0,2,2
2026-09-06T23:15:00+08:00,1788707700000,9897.537430120065,9897.466774948549,0,2,2
2026-09-06T23:30:00+08:00,1788708600000,9897.367054422137,9897.747805817991,0,1,1
2026-09-06T23:45:00+08:00,1788709500000,9897.688875184887,9897.747805817991,0,1,1
2026-09-07T00:00:00+08:00,1788710400000,9897.57529138627,9897.747805817991,0,1,1
2026-09-07T00:15:00+08:00,1788711300000,9897.234539990415,9897.747805817991,0,1,1
2026-09-07T00:30:00+08:00,1788712200000,9896.628759731117,9897.747805817991,0,1,1
2026-09-07T00:45:00+08:00,1788713100000,9896.134685935935,9896.588759731116,1,0,1
2026-09-07T01:00:00+08:00,1788714000000,9896.059399791357,9896.588759731116,1,0,1
2026-09-07T01:15:00+08:00,1788714900000,9896.059399791357,9896.059399791357,0,0,0
2026-09-07T01:30:00+08:00,1788715800000,9896.059399791357,9896.059399791357,0,0,0
2026-09-07T01:45:00+08:00,1788716700000,9896.059399791357,9896.059399791357,0,0,0
2026-09-07T02:00:00+08:00,1788717600000,9896.059399791357,9896.059399791357,0,0,0
2026-09-07T02:15:00+08:00,1788718500000,9896.186319828985,9896.019399791356,1,0,1
2026-09-07T02:30:00+08:00,1788719400000,9895.697236103679,9896.019399791356,1,0,1
2026-09-07T02:45:00+08:00,1788720300000,9895.678425191167,9895.678425191167,0,0,0
2026-09-07T03:00:00+08:00,1788721200000,9895.678425191167,9895.678425191167,0,0,0
2026-09-07T03:15:00+08:00,1788722100000,9895.655179494173,9895.638425191166,0,1,1
2026-09-07T03:30:00+08:00,1788723000000,9896.109213918233,9895.638425191166,0,1,1
2026-09-07T03:45:00+08:00,1788723900000,9896.14286781354,9895.598425191165,0,2,2
2026-09-07T04:00:00+08:00,1788724800000,9896.332290972387,9895.598425191165,0,2,2
2026-09-07T04:15:00+08:00,1788725700000,9895.915027295512,9896.22055872625,0,1,1
2026-09-07T04:30:00+08:00,1788726600000,9895.915027295512,9896.22055872625,0,1,1
2026-09-07T04:45:00+08:00,1788727500000,9895.80122811091,9896.22055872625,0,1,1
2026-09-07T05:00:00+08:00,1788728400000,9895.232232187898,9896.22055872625,0,1,1
2026-09-07T05:15:00+08:00,1788729300000,9895.171101679263,9895.192232187897,1,0,1
2026-09-07T05:30:00+08:00,1788730200000,9895.359796592918,9895.192232187897,1,0,1
2026-09-07T05:45:00+08:00,1788731100000,9894.487688857953,9895.152232187897,2,0,2
2026-09-07T06:00:00+08:00,1788732000000,9893.281293684498,9894.923537274242,1,0,1
2026-09-07T06:15:00+08:00,1788732900000,9892.783200270082,9893.222443759912,0,1,1
2026-09-07T06:30:00+08:00,1788733800000,9892.003724885173,9893.222443759912,0,1,1
2026-09-07T06:45:00+08:00,1788734700000,9891.886053119822,9891.982736479928,1,0,1
2026-09-07T07:00:00+08:00,1788735600000,9892.3206255473,9891.982736479928,1,0,1
2026-09-07T07:15:00+08:00,1788736500000,9893.278872373801,9891.942736479927,2,0,2
2026-09-07T07:30:00+08:00,1788737400000,9894.298258607963,9891.942736479927,2,0,2
2026-09-07T07:45:00+08:00,1788738300000,9893.996218242286,9891.942736479927,2,0,2
2026-09-07T08:00:00+08:00,1788739200000,9893.920809733949,9893.168664855624,1,0,1
2026-09-07T08:15:00+08:00,1788740100000,9893.637900848833,9893.168664855624,1,0,1
2026-09-07T08:30:00+08:00,1788741000000,9892.902337747531,9893.168664855624,1,0,1
2026-09-07T08:45:00+08:00,1788741900000,9893.260689002012,9893.168664855624,1,0,1
2026-09-07T09:00:00+08:00,1788742800000,9894.36859738169,9893.220689002012,0,1,1
2026-09-07T09:15:00+08:00,1788743700000,9894.425164447388,9893.220689002012,0,1,1
2026-09-07T09:30:00+08:00,1788744600000,9895.688102925054,9893.18068900201,0,2,2
2026-09-07T09:45:00+08:00,1788745500000,9895.045033457667,9893.18068900201,0,2,2
2026-09-07T10:00:00+08:00,1788746400000,9895.253608417856,9894.743422530148,0,1,1
2026-09-07T10:15:00+08:00,1788747300000,9893.982489297978,9894.743422530148,0,1,1
2026-09-07T10:30:00+08:00,1788748200000,9892.256043926202,9894.743422530148,0,1,1
2026-09-07T10:45:00+08:00,1788749100000,9890.321266450326,9892.2160439262,1,0,1
2026-09-07T11:00:00+08:00,1788750000000,9890.321266450326,9890.321266450326,0,0,0
2026-09-07T11:15:00+08:00,1788750900000,9890.678076475959,9890.281266450325,0,1,1
2026-09-07T11:30:00+08:00,1788751800000,9891.038919540613,9890.281266450325,0,1,1
2026-09-07T11:45:00+08:00,1788752700000,9891.0921585814,9890.241266450324,0,2,2
2026-09-07T12:00:00+08:00,1788753600000,9890.939927800366,9890.241266450324,0,2,2
2026-09-07T12:15:00+08:00,1788754500000,9890.749268250232,9890.979927800367,0,1,1
2026-09-07T12:30:00+08:00,1788755400000,9890.653938475167,9890.979927800367,0,1,1
2026-09-07T12:45:00+08:00,1788756300000,9890.768334205246,9890.979927800367,0,1,1
2026-09-07T13:00:00+08:00,1788757200000,9890.291685329912,9890.979927800367,0,1,1
2026-09-07T13:15:00+08:00,1788758100000,9890.80070852958,9890.270751284925,1,0,1
2026-09-07T13:30:00+08:00,1788759000000,9890.572725631719,9890.270751284925,1,0,1
2026-09-07T13:45:00+08:00,1788759900000,9889.050066519017,9890.230751284924,2,0,2
2026-09-07T14:00:00+08:00,1788760800000,9889.543218560595,9889.829778363308,1,0,1
2026-09-07T14:15:00+08:00,1788761700000,9889.12596350985,9889.829778363308,1,0,1
2026-09-07T14:30:00+08:00,1788762600000,9889.12596350985,9889.12596350985,0,0,0
2026-09-07T14:45:00+08:00,1788763500000,9889.12596350985,9889.12596350985,0,0,0
2026-09-07T15:00:00+08:00,1788764400000,9888.379353969718,9889.08596350985,0,1,1
2026-09-07T15:15:00+08:00,1788765300000,9887.046994888298,9888.339353969717,1,0,1
2026-09-07T15:30:00+08:00,1788766200000,9887.616287986364,9887.025970025894,0,1,1
2026-09-07T15:45:00+08:00,1788767100000,9887.616287986364,9887.025970025894,0,1,1
2026-09-07T16:00:00+08:00,1788768000000,9887.19193481219,9886.985970025893,0,2,2
2026-09-07T16:15:00+08:00,1788768900000,9887.038587080586,9887.42348363231,0,1,1
2026-09-07T16:30:00+08:00,1788769800000,9886.712851448403,9887.42348363231,0,1,1
2026-09-07T16:45:00+08:00,1788770700000,9886.923621563345,9887.42348363231,0,1,1
2026-09-07T17:00:00+08:00,1788771600000,9887.435900682025,9886.864460643803,1,0,1
2026-09-07T17:15:00+08:00,1788772500000,9887.607868192776,9886.864460643803,1,0,1
2026-09-07T17:30:00+08:00,1788773400000,9886.87948080192,9886.824460643802,2,0,2
2026-09-07T17:45:00+08:00,1788774300000,9886.327451160996,9887.223933171275,1,0,1
2026-09-07T18:00:00+08:00,1788775200000,9886.746175699354,9887.223933171275,1,0,1
2026-09-07T18:15:00+08:00,1788776100000,9886.89843916785,9887.223933171275,1,0,1
2026-09-07T18:30:00+08:00,1788777000000,9887.199369971391,9887.183933171274,2,0,2
2026-09-07T18:45:00+08:00,1788777900000,9887.008904569619,9887.183933171274,2,0,2
2026-09-07T19:00:00+08:00,1788778800000,9886.780182808108,9886.953603835656,1,0,1
2026-09-07T19:15:00+08:00,1788779700000,9886.761122661317,9886.953603835656,1,0,1
2026-09-07T19:30:00+08:00,1788780600000,9886.723002367731,9886.953603835656,1,0,1
2026-09-07T19:45:00+08:00,1788781500000,9886.856423395278,9886.953603835656,1,0,1
2026-09-07T20:00:00+08:00,1788782400000,9886.989844422826,9886.953603835656,1,0,1
2026-09-07T20:15:00+08:00,1788783300000,9888.339019482648,9886.913603835656,2,0,2
2026-09-07T20:30:00+08:00,1788784200000,9887.576795205336,9886.913603835656,2,0,2
2026-09-07T20:45:00+08:00,1788785100000,9888.62460389436,9887.292927065091,1,0,1
2026-09-07T21:00:00+08:00,1788786000000,9888.662706028506,9887.292927065091,1,0,1
2026-09-07T21:15:00+08:00,1788786900000,9888.373955281162,9887.25292706509,2,0,2
2026-09-07T21:30:00+08:00,1788787800000,9887.220220424482,9888.546501760213,1,0,1
2026-09-07T21:45:00+08:00,1788788700000,9887.182388620491,9888.546501760213,1,0,1
2026-09-07T22:00:00+08:00,1788789600000,9888.14988574511,9887.161304522486,0,1,1
2026-09-07T22:15:00+08:00,1788790500000,9888.645128556003,9887.161304522486,0,1,1
2026-09-07T22:30:00+08:00,1788791400000,9888.871063060678,9887.121304522485,0,2,2
2026-09-07T22:45:00+08:00,1788792300000,9887.226665098045,9887.121304522485,0,2,2
2026-09-07T23:00:00+08:00,1788793200000,9887.936989778917,9887.91940774092,0,1,1
2026-09-07T23:15:00+08:00,1788794100000,9888.109735892906,9887.91940774092,0,1,1
2026-09-07T23:30:00+08:00,1788795000000,9889.510898817489,9887.91940774092,0,1,1
2026-09-07T23:45:00+08:00,1788795900000,9889.837197032803,9887.91940774092,0,1,1
2026-09-08T00:00:00+08:00,1788796800000,9888.54215149932,9887.879407740918,0,2,2
2026-09-08T00:15:00+08:00,1788797700000,9888.735969927766,9889.182988627505,0,1,1
2026-09-08T00:30:00+08:00,1788798600000,9888.193278328115,9889.182988627505,0,1,1
2026-09-08T00:45:00+08:00,1788799500000,9887.999459899667,9889.182988627505,0,1,1
2026-09-08T01:00:00+08:00,1788800400000,9887.534295671396,9889.182988627505,0,1,1
2026-09-08T01:15:00+08:00,1788801300000,9887.531173795194,9887.494295671395,1,0,1
2026-09-08T01:30:00+08:00,1788802200000,9887.435076140446,9887.494295671395,1,0,1
2026-09-08T01:45:00+08:00,1788803100000,9887.00910795586,9887.454295671394,2,0,2
2026-09-08T02:00:00+08:00,1788804000000,9886.759228188532,9887.241319892848,1,0,1
2026-09-08T02:15:00+08:00,1788804900000,9886.490128890253,9887.241319892848,1,0,1
2026-09-08T02:30:00+08:00,1788805800000,9886.77844956698,9887.241319892848,1,0,1
2026-09-08T02:45:00+08:00,1788806700000,9886.855335080774,9887.241319892848,1,0,1
2026-09-08T03:00:00+08:00,1788807600000,9886.967715444369,9887.201319892847,2,0,2
2026-09-08T03:15:00+08:00,1788808500000,9887.467904389716,9887.201319892847,2,0,2
2026-09-08T03:30:00+08:00,1788809400000,9888.506758353133,9887.201319892847,2,0,2
2026-09-08T03:45:00+08:00,1788810300000,9888.468282280415,9887.201319892847,2,0,2
2026-09-08T04:00:00+08:00,1788811200000,9887.006191517088,9887.201319892847,2,0,2
2026-09-08T04:15:00+08:00,1788812100000,9887.025412895537,9886.949884729913,1,0,1
2026-09-08T04:30:00+08:00,1788813000000,9887.275723921053,9886.949884729913,1,0,1
2026-09-08T04:45:00+08:00,1788813900000,9887.275723921053,9886.949884729913,1,0,1
2026-09-08T05:00:00+08:00,1788814800000,9887.16019575543,9886.949884729913,1,0,1
2026-09-08T05:15:00+08:00,1788815700000,9887.083176978347,9886.949884729913,1,0,1
2026-09-08T05:30:00+08:00,1788816600000,9887.025412895537,9886.949884729913,1,0,1
2026-09-08T05:45:00+08:00,1788817500000,9886.909884729912,9886.949884729913,1,0,1
2026-09-08T06:00:00+08:00,1788818400000,9887.003246309112,9886.869884729911,0,1,1
2026-09-08T06:15:00+08:00,1788819300000,9887.21513268369,9886.869884729911,0,1,1
2026-09-08T06:30:00+08:00,1788820200000,9888.619714253135,9886.82988472991,0,2,2
2026-09-08T06:45:00+08:00,1788821100000,9887.771392015264,9886.82988472991,0,2,2
2026-09-08T07:00:00+08:00,1788822000000,9887.038043955688,9887.502593444402,0,1,1
2026-09-08T07:15:00+08:00,1788822900000,9887.481891148434,9887.502593444402,0,1,1
2026-09-08T07:30:00+08:00,1788823800000,9887.115234771818,9887.502593444402,0,1,1
2026-09-08T07:45:00+08:00,1788824700000,9886.823412737918,9887.075234771817,1,0,1
2026-09-08T08:00:00+08:00,1788825600000,9886.688616898165,9887.075234771817,1,0,1
2026-09-08T08:15:00+08:00,1788826500000,9886.66936034963,9886.66936034963,0,0,0
2026-09-08T08:30:00+08:00,1788827400000,9885.854345845664,9886.629360349629,0,1,1
2026-09-08T08:45:00+08:00,1788828300000,9886.25594507495,9885.814345845663,1,0,1
2026-09-08T09:00:00+08:00,1788829200000,9886.333000951636,9885.814345845663,1,0,1
2026-09-08T09:15:00+08:00,1788830100000,9886.830114970906,9885.774345845663,2,0,2
2026-09-08T09:30:00+08:00,1788831000000,9886.253000951634,9885.774345845663,2,0,2
2026-09-08T09:45:00+08:00,1788831900000,9886.675573854402,9886.273736982464,1,0,1
2026-09-08T10:00:00+08:00,1788832800000,9886.310578177585,9886.273736982464,1,0,1
2026-09-08T10:15:00+08:00,1788833700000,9886.291367878805,9886.291367878805,0,0,0
2026-09-08T10:30:00+08:00,1788834600000,9886.291367878805,9886.291367878805,0,0,0
2026-09-08T10:45:00+08:00,1788835500000,9887.041169152197,9886.251367878804,0,1,1
2026-09-08T11:00:00+08:00,1788836400000,9887.715342570184,9886.211367878803,0,2,2
2026-09-08T11:15:00+08:00,1788837300000,9888.488895953293,9886.211367878803,0,2,2
2026-09-08T11:30:00+08:00,1788838200000,9886.825756179607,9886.211367878803,0,2,2
2026-09-08T11:45:00+08:00,1788839100000,9886.78699624936,9886.9432760401,0,1,1
2026-09-08T12:00:00+08:00,1788840000000,9887.058315761084,9886.9432760401,0,1,1
2026-09-08T12:15:00+08:00,1788840900000,9887.038935795961,9886.9432760401,0,1,1
2026-09-08T12:30:00+08:00,1788841800000,9886.825756179607,9886.9432760401,0,1,1
2026-09-08T12:45:00+08:00,1788842700000,9887.465295028667,9886.9432760401,0,1,1
2026-09-08T13:00:00+08:00,1788843600000,9887.368395203053,9886.9432760401,0,1,1
2026-09-08T13:15:00+08:00,1788844500000,9887.368395203053,9887.368395203053,0,0,0
2026-09-08T13:30:00+08:00,1788845400000,9886.785010230164,9887.328395203052,1,0,1
2026-09-08T13:45:00+08:00,1788846300000,9886.80437119066,9886.80437119066,0,0,0
2026-09-08T14:00:00+08:00,1788847200000,9886.549426093,9886.764371190658,0,1,1
2026-09-08T14:15:00+08:00,1788848100000,9885.595814442515,9886.509426093,1,0,1
2026-09-08T14:30:00+08:00,1788849000000,9885.554827606824,9885.555814442514,0,1,1
2026-09-08T14:45:00+08:00,1788849900000,9885.37926836743,9885.555814442514,0,1,1
2026-09-08T15:00:00+08:00,1788850800000,9885.359761785274,9885.359761785274,0,0,0
2026-09-08T15:15:00+08:00,1788851700000,9885.359761785274,9885.359761785274,0,0,0
2026-09-08T15:30:00+08:00,1788852600000,9885.143721353745,9885.319761785273,1,0,1
2026-09-08T15:45:00+08:00,1788853500000,9885.279761785272,9885.319761785273,1,0,1
2026-09-08T16:00:00+08:00,1788854400000,9884.150307027763,9885.279761785272,2,0,2
2026-09-08T16:15:00+08:00,1788855300000,9884.53899397499,9884.734468753879,1,0,1
2026-09-08T16:30:00+08:00,1788856200000,9884.966549616936,9884.734468753879,1,0,1
2026-09-08T16:45:00+08:00,1788857100000,9884.750582757484,9884.694468753878,2,0,2
2026-09-08T17:00:00+08:00,1788858000000,9885.25555697654,9884.694468753878,2,0,2
2026-09-08T17:15:00+08:00,1788858900000,9885.566310342112,9884.694468753878,2,0,2
2026-09-08T17:30:00+08:00,1788859800000,9887.003544657884,9884.694468753878,2,0,2
2026-09-08T17:45:00+08:00,1788860700000,9887.197765511366,9884.694468753878,2,0,2
2026-09-08T18:00:00+08:00,1788861600000,9887.15892134067,9884.694468753878,2,0,2
2026-09-08T18:15:00+08:00,1788862500000,9887.430683391389,9886.07317611125,1,0,1
2026-09-08T18:30:00+08:00,1788863400000,9886.77074939799,9886.07317611125,1,0,1
2026-09-08T18:45:00+08:00,1788864300000,9886.615470811308,9886.07317611125,1,0,1
2026-09-08T19:00:00+08:00,1788865200000,9885.547930527868,9886.07317611125,1,0,1
2026-09-08T19:15:00+08:00,1788866100000,9885.25381745985,9885.507930527867,0,1,1
2026-09-08T19:30:00+08:00,1788867000000,9885.25381745985,9885.507930527867,0,1,1
2026-09-08T19:45:00+08:00,1788867900000,9885.426701264627,9885.467930527866,0,2,2
2026-09-08T20:00:00+08:00,1788868800000,9886.78844441034,9885.467930527866,0,2,2
2026-09-08T20:15:00+08:00,1788869700000,9885.348887370586,9885.467930527866,0,2,2
2026-09-08T20:30:00+08:00,1788870600000,9885.057278232467,9885.311141581675,0,1,1
2026-09-08T20:45:00+08:00,1788871500000,9884.998951864502,9885.311141581675,0,1,1
2026-09-08T21:00:00+08:00,1788872400000,9885.115604600433,9885.311141581675,0,1,1
2026-09-08T21:15:00+08:00,1788873300000,9884.724902038857,9885.056162477777,1,0,1
2026-09-08T21:30:00+08:00,1788874200000,9886.201179389824,9884.684902038856,0,1,1
2026-09-08T21:45:00+08:00,1788875100000,9885.01451790971,9884.684902038856,0,1,1
2026-09-08T22:00:00+08:00,1788876000000,9885.033971376599,9885.033971376599,0,0,0
2026-09-08T22:15:00+08:00,1788876900000,9885.033971376599,9885.033971376599,0,0,0
2026-09-08T22:30:00+08:00,1788877800000,9885.226105137655,9884.993971376598,1,0,1
2026-09-08T22:45:00+08:00,1788878700000,9885.73149640819,9884.993971376598,1,0,1
2026-09-08T23:00:00+08:00,1788879600000,9886.893127162622,9884.953971376597,2,0,2
2026-09-08T23:15:00+08:00,1788880500000,9886.000705057875,9884.953971376597,2,0,2
2026-09-08T23:30:00+08:00,1788881400000,9886.91068302582,9885.84700141451,1,0,1
2026-09-08T23:45:00+08:00,1788882300000,9887.704559272552,9885.84700141451,1,0,1
2026-09-09T00:00:00+08:00,1788883200000,9885.485580696095,9885.807001414509,2,0,2
2026-09-09T00:15:00+08:00,1788884100000,9885.523754787722,9886.580240496527,1,0,1
2026-09-09T00:30:00+08:00,1788885000000,9886.482703569614,9886.580240496527,1,0,1
2026-09-09T00:45:00+08:00,1788885900000,9886.290913813235,9886.580240496527,1,0,1
2026-09-09T01:00:00+08:00,1788886800000,9886.290913813235,9886.290913813235,0,0,0
2026-09-09T01:15:00+08:00,1788887700000,9886.290913813235,9886.290913813235,0,0,0
2026-09-09T01:30:00+08:00,1788888600000,9886.290913813235,9886.290913813235,0,0,0
2026-09-09T01:45:00+08:00,1788889500000,9886.191608659788,9886.250913813234,0,1,1
2026-09-09T02:00:00+08:00,1788890400000,9885.380792215086,9886.250913813234,0,1,1
2026-09-09T02:15:00+08:00,1788891300000,9885.380792215086,9885.380792215086,0,0,0
2026-09-09T02:30:00+08:00,1788892200000,9885.070489882808,9885.340792215085,1,0,1
2026-09-09T02:45:00+08:00,1788893100000,9885.051298021785,9885.051298021785,0,0,0
2026-09-09T03:00:00+08:00,1788894000000,9884.932571857811,9885.011298021784,0,1,1
2026-09-09T03:15:00+08:00,1788894900000,9885.087476513701,9885.011298021784,0,1,1
2026-09-09T03:30:00+08:00,1788895800000,9885.724088689047,9884.971298021783,0,2,2
2026-09-09T03:45:00+08:00,1788896700000,9885.375468830309,9884.971298021783,0,2,2
2026-09-09T04:00:00+08:00,1788897600000,9884.523080683883,9885.221744251576,0,1,1
2026-09-09T04:15:00+08:00,1788898500000,9884.833040009857,9885.221744251576,0,1,1
2026-09-09T04:30:00+08:00,1788899400000,9885.278606540942,9885.221744251576,0,1,1
2026-09-09T04:45:00+08:00,1788900300000,9885.646683240535,9885.221744251576,0,1,1
2026-09-09T05:00:00+08:00,1788901200000,9884.829672353404,9885.181744251575,0,2,2
2026-09-09T05:15:00+08:00,1788902100000,9885.295739615975,9885.219234083068,0,1,1
2026-09-09T05:30:00+08:00,1788903000000,9885.256904438338,9885.219234083068,0,1,1
2026-09-09T05:45:00+08:00,1788903900000,9885.256904438338,9885.256904438338,0,0,0
2026-09-09T06:00:00+08:00,1788904800000,9885.256904438338,9885.256904438338,0,0,0
2026-09-09T06:15:00+08:00,1788905700000,9885.256904438338,9885.256904438338,0,0,0
2026-09-09T06:30:00+08:00,1788906600000,9885.118793424097,9885.216904438337,1,0,1
2026-09-09T06:45:00+08:00,1788907500000,9885.389978157218,9885.216904438337,1,0,1
2026-09-09T07:00:00+08:00,1788908400000,9885.290630310095,9885.176904438336,2,0,2
2026-09-09T07:15:00+08:00,1788909300000,9885.4067848657,9885.176904438336,2,0,2
2026-09-09T07:30:00+08:00,1788910200000,9885.13575756929,9885.176904438336,2,0,2
2026-09-09T07:45:00+08:00,1788911100000,9885.193823601612,9885.291867142976,1,0,1
2026-09-09T08:00:00+08:00,1788912000000,9885.96773748647,9885.291867142976,1,0,1
2026-09-09T08:15:00+08:00,1788912900000,9885.346964040189,9885.251867142975,2,0,2
2026-09-09T08:30:00+08:00,1788913800000,9885.462637005867,9885.656867626769,1,0,1
2026-09-09T08:45:00+08:00,1788914700000,9885.616867626768,9885.656867626769,1,0,1
2026-09-09T09:00:00+08:00,1788915600000,9885.462637005867,9885.656867626769,1,0,1
2026-09-09T09:15:00+08:00,1788916500000,9885.443358178254,9885.443358178254,0,0,0
2026-09-09T09:30:00+08:00,1788917400000,9885.443358178254,9885.443358178254,0,0,0
2026-09-09T09:45:00+08:00,1788918300000,9885.443358178254,9885.443358178254,0,0,0
2026-09-09T10:00:00+08:00,1788919200000,9885.443358178254,9885.443358178254,0,0,0
2026-09-09T10:15:00+08:00,1788920100000,9885.443358178254,9885.443358178254,0,0,0
2026-09-09T10:30:00+08:00,1788921000000,9885.131494950203,9885.403358178253,0,1,1
2026-09-09T10:45:00+08:00,1788921900000,9885.131494950203,9885.131494950203,0,0,0
2026-09-09T11:00:00+08:00,1788922800000,9885.131494950203,9885.131494950203,0,0,0
2026-09-09T11:15:00+08:00,1788923700000,9885.051494950201,9885.091494950202,0,1,1
2026-09-09T11:30:00+08:00,1788924600000,9884.585382328843,9885.091494950202,0,1,1
2026-09-09T11:45:00+08:00,1788925500000,9884.585382328843,9884.585382328843,0,0,0
2026-09-09T12:00:00+08:00,1788926400000,9884.585382328843,9884.585382328843,0,0,0
2026-09-09T12:15:00+08:00,1788927300000,9884.585382328843,9884.585382328843,0,0,0
2026-09-09T12:30:00+08:00,1788928200000,9885.27534767347,9884.545382328843,1,0,1
2026-09-09T12:45:00+08:00,1788929100000,9885.429340742397,9884.545382328843,1,0,1
2026-09-09T13:00:00+08:00,1788930000000,9885.579799131672,9884.505382328842,2,0,2
2026-09-09T13:15:00+08:00,1788930900000,9885.042062890028,9884.505382328842,2,0,2
2026-09-09T13:30:00+08:00,1788931800000,9884.352369900225,9885.254596807086,1,0,1
2026-09-09T13:45:00+08:00,1788932700000,9884.563136477458,9885.254596807086,1,0,1
2026-09-09T14:00:00+08:00,1788933600000,9885.080472621574,9885.254596807086,1,0,1
2026-09-09T14:15:00+08:00,1788934500000,9885.55948756983,9885.254596807086,1,0,1
2026-09-09T14:30:00+08:00,1788935400000,9885.441199365243,9885.214596807085,2,0,2
2026-09-09T14:45:00+08:00,1788936300000,9885.173181933127,9885.214596807085,2,0,2
2026-09-09T15:00:00+08:00,1788937200000,9885.708787910815,9885.385363384317,1,0,1
2026-09-09T15:15:00+08:00,1788938100000,9885.708787910815,9885.385363384317,1,0,1
2026-09-09T15:30:00+08:00,1788939000000,9885.708787910815,9885.708787910815,0,0,0
2026-09-09T15:45:00+08:00,1788939900000,9885.708787910815,9885.708787910815,0,0,0
2026-09-09T16:00:00+08:00,1788940800000,9885.55223955149,9885.668787910814,0,1,1
2026-09-09T16:15:00+08:00,1788941700000,9884.863304317587,9885.668787910814,0,1,1
2026-09-09T16:30:00+08:00,1788942600000,9884.42127480429,9884.842441407416,1,0,1
2026-09-09T16:45:00+08:00,1788943500000,9884.226695511474,9884.362216474132,0,1,1
2026-09-09T17:00:00+08:00,1788944400000,9884.74250870983,9884.362216474132,0,1,1
2026-09-09T17:15:00+08:00,1788945300000,9885.714314252686,9884.322216474131,0,2,2
2026-09-09T17:30:00+08:00,1788946200000,9888.353341814889,9884.322216474131,0,2,2
2026-09-09T17:45:00+08:00,1788947100000,9888.69756280126,9884.322216474131,0,2,2
2026-09-09T18:00:00+08:00,1788948000000,9887.703146618402,9884.322216474131,0,2,2
2026-09-09T18:15:00+08:00,1788948900000,9887.492578197349,9886.211739919838,0,1,1
2026-09-09T18:30:00+08:00,1788949800000,9887.569148532279,9886.211739919838,0,1,1
2026-09-09T18:45:00+08:00,1788950700000,9887.645718867207,9886.211739919838,0,1,1
2026-09-09T19:00:00+08:00,1788951600000,9888.066855709312,9886.211739919838,0,1,1
2026-09-09T19:15:00+08:00,1788952500000,9887.760574369599,9886.211739919838,0,1,1
2026-09-09T19:30:00+08:00,1788953400000,9887.607433699743,9886.211739919838,0,1,1
2026-09-09T19:45:00+08:00,1788954300000,9886.784302599264,9886.211739919838,0,1,1
2026-09-09T20:00:00+08:00,1788955200000,9887.2225293723,9886.763445182994,1,0,1
2026-09-09T20:15:00+08:00,1788956100000,9887.126551643587,9886.763445182994,1,0,1
2026-09-09T20:30:00+08:00,1788957000000,9887.660191201296,9886.723445182994,2,0,2
2026-09-09T20:45:00+08:00,1788957900000,9887.967010980152,9886.723445182994,2,0,2
2026-09-09T21:00:00+08:00,1788958800000,9887.430076367156,9886.723445182994,2,0,2
2026-09-09T21:15:00+08:00,1788959700000,9887.487547146999,9887.278507101013,1,0,1
2026-09-09T21:30:00+08:00,1788960600000,9885.97414994447,9887.278507101013,1,0,1
2026-09-09T21:45:00+08:00,1788961500000,9885.855576863096,9885.934149944469,0,1,1
2026-09-09T22:00:00+08:00,1788962400000,9886.045562404985,9885.894149944468,0,2,2
2026-09-09T22:15:00+08:00,1788963300000,9884.5027878799,9885.894149944468,0,2,2
2026-09-09T22:30:00+08:00,1788964200000,9885.621187863213,9885.159834479755,0,1,1
2026-09-09T22:45:00+08:00,1788965100000,9885.736884797858,9885.159834479755,0,1,1
2026-09-09T23:00:00+08:00,1788966000000,9888.167529908022,9885.119834479754,0,2,2
2026-09-09T23:15:00+08:00,1788966900000,9888.824160167602,9885.119834479754,0,2,2
2026-09-09T23:30:00+08:00,1788967800000,9887.163271863956,9885.119834479754,0,2,2
2026-09-09T23:45:00+08:00,1788968700000,9887.221299324794,9886.448914873044,0,1,1
2026-09-10T00:00:00+08:00,1788969600000,9887.182614350902,9886.448914873044,0,1,1
2026-09-10T00:15:00+08:00,1788970500000,9887.259984298687,9886.448914873044,0,1,1
2026-09-10T00:30:00+08:00,1788971400000,9886.563654768615,9886.448914873044,0,1,1
2026-09-10T00:45:00+08:00,1788972300000,9886.50299725556,9886.542997255561,1,0,1
2026-09-10T01:00:00+08:00,1788973200000,9886.619106807482,9886.542997255561,1,0,1
2026-09-10T01:15:00+08:00,1788974100000,9887.448330314972,9886.50299725556,2,0,2
2026-09-10T01:30:00+08:00,1788975000000,9886.287627816488,9886.50299725556,2,0,2
2026-09-10T01:45:00+08:00,1788975900000,9886.558366694631,9886.46299725556,1,0,1
2026-09-10T02:00:00+08:00,1788976800000,9886.422997255559,9886.46299725556,1,0,1
2026-09-10T02:15:00+08:00,1788977700000,9886.790428590182,9886.46299725556,1,0,1
2026-09-10T02:30:00+08:00,1788978600000,9886.906459537959,9886.46299725556,1,0,1
2026-09-10T02:45:00+08:00,1788979500000,9885.165354966985,9886.422997255559,2,0,2
2026-09-10T03:00:00+08:00,1788980400000,9884.953098000049,9886.015565920936,1,0,1
2026-09-10T03:15:00+08:00,1788981300000,9884.931294276232,9884.913098000048,0,1,1
2026-09-10T03:30:00+08:00,1788982200000,9885.552054555517,9884.913098000048,0,1,1
2026-09-10T03:45:00+08:00,1788983100000,9887.376370127062,9884.873098000047,0,2,2
2026-09-10T04:00:00+08:00,1788984000000,9887.687278791806,9884.873098000047,0,2,2
2026-09-10T04:15:00+08:00,1788984900000,9888.270232538198,9884.873098000047,0,2,2
2026-09-10T04:30:00+08:00,1788985800000,9886.948870713042,9884.873098000047,0,2,2
2026-09-10T04:45:00+08:00,1788986700000,9886.734757645027,9886.249207387169,0,1,1
2026-09-10T05:00:00+08:00,1788987600000,9887.026730010502,9886.249207387169,0,1,1
2026-09-10T05:15:00+08:00,1788988500000,9886.968335537407,9886.249207387169,0,1,1
2026-09-10T05:30:00+08:00,1788989400000,9887.707998863281,9886.249207387169,0,1,1
2026-09-10T05:45:00+08:00,1788990300000,9887.610674741456,9886.249207387169,0,1,1
2026-09-10T06:00:00+08:00,1788991200000,9887.610674741456,9887.610674741456,0,0,0
2026-09-10T06:15:00+08:00,1788992100000,9887.610674741456,9887.610674741456,0,0,0
2026-09-10T06:30:00+08:00,1788993000000,9887.610674741456,9887.610674741456,0,0,0
2026-09-10T06:45:00+08:00,1788993900000,9887.610674741456,9887.610674741456,0,0,0
2026-09-10T07:00:00+08:00,1788994800000,9887.610674741456,9887.610674741456,0,0,0
2026-09-10T07:15:00+08:00,1788995700000,9887.610674741456,9887.610674741456,0,0,0
2026-09-10T07:30:00+08:00,1788996600000,9887.610674741456,9887.610674741456,0,0,0
2026-09-10T07:45:00+08:00,1788997500000,9887.333863717833,9887.570674741455,1,0,1
2026-09-10T08:00:00+08:00,1788998400000,9887.097690489487,9887.570674741455,1,0,1
2026-09-10T08:15:00+08:00,1788999300000,9887.078009387125,9887.078009387125,0,0,0
2026-09-10T08:30:00+08:00,1789000200000,9887.078009387125,9887.078009387125,0,0,0
2026-09-10T08:45:00+08:00,1789001100000,9887.078009387125,9887.078009387125,0,0,0
2026-09-10T09:00:00+08:00,1789002000000,9887.078009387125,9887.078009387125,0,0,0
2026-09-10T09:15:00+08:00,1789002900000,9887.078009387125,9887.078009387125,0,0,0
2026-09-10T09:30:00+08:00,1789003800000,9887.078009387125,9887.078009387125,0,0,0
2026-09-10T09:45:00+08:00,1789004700000,9887.078009387125,9887.078009387125,0,0,0
2026-09-10T10:00:00+08:00,1789005600000,9887.078009387125,9887.078009387125,0,0,0
2026-09-10T10:15:00+08:00,1789006500000,9887.078009387125,9887.078009387125,0,0,0
2026-09-10T10:30:00+08:00,1789007400000,9887.078009387125,9887.078009387125,0,0,0
2026-09-10T10:45:00+08:00,1789008300000,9887.078009387125,9887.078009387125,0,0,0
2026-09-10T11:00:00+08:00,1789009200000,9887.078009387125,9887.078009387125,0,0,0
2026-09-10T11:15:00+08:00,1789010100000,9887.078009387125,9887.078009387125,0,0,0
2026-09-10T11:30:00+08:00,1789011000000,9886.782112253242,9887.038009387124,1,0,1
2026-09-10T11:45:00+08:00,1789011900000,9886.782112253242,9887.038009387124,1,0,1
2026-09-10T12:00:00+08:00,1789012800000,9887.056890423639,9887.038009387124,1,0,1
2026-09-10T12:15:00+08:00,1789013700000,9887.27278755752,9887.038009387124,1,0,1
2026-09-10T12:30:00+08:00,1789014600000,9887.017636399296,9887.038009387124,1,0,1
2026-09-10T12:45:00+08:00,1789015500000,9887.09614444798,9887.038009387124,1,0,1
2026-09-10T13:00:00+08:00,1789016400000,9887.449430667062,9887.038009387124,1,0,1
2026-09-10T13:15:00+08:00,1789017300000,9887.331668594035,9887.038009387124,1,0,1
2026-09-10T13:30:00+08:00,1789018200000,9887.312041581863,9887.312041581863,0,0,0
2026-09-10T13:45:00+08:00,1789019100000,9887.312041581863,9887.312041581863,0,0,0
2026-09-10T14:00:00+08:00,1789020000000,9887.312041581863,9887.312041581863,0,0,0
2026-09-10T14:15:00+08:00,1789020900000,9887.192667504507,9887.272041581862,0,1,1
2026-09-10T14:30:00+08:00,1789021800000,9887.133606388476,9887.272041581862,0,1,1
2026-09-10T14:45:00+08:00,1789022700000,9886.24667016669,9887.232041581861,0,2,2
2026-09-10T15:00:00+08:00,1789023600000,9886.797570321876,9886.660491537574,0,1,1
2026-09-10T15:15:00+08:00,1789024500000,9887.86004302769,9886.660491537574,0,1,1
2026-09-10T15:30:00+08:00,1789025400000,9887.681424485205,9886.620491537573,0,2,2
2026-09-10T15:45:00+08:00,1789026300000,9886.931464826157,9886.620491537573,0,2,2
2026-09-10T16:00:00+08:00,1789027200000,9887.248203074549,9887.387183777171,0,1,1
2026-09-10T16:15:00+08:00,1789028100000,9886.911668685632,9887.387183777171,0,1,1
2026-09-10T16:30:00+08:00,1789029000000,9887.2086107935,9887.387183777171,0,1,1
2026-09-10T16:45:00+08:00,1789029900000,9887.228406934024,9887.387183777171,0,1,1
2026-09-10T17:00:00+08:00,1789030800000,9887.070037809828,9887.387183777171,0,1,1
2026-09-10T17:15:00+08:00,1789031700000,9886.773095701961,9887.387183777171,0,1,1
2026-09-10T17:30:00+08:00,1789032600000,9885.982750719422,9886.752891842485,1,0,1
2026-09-10T17:45:00+08:00,1789033500000,9885.664985267756,9885.942750719421,0,1,1
2026-09-10T18:00:00+08:00,1789034400000,9885.684799055396,9885.684799055396,0,0,0
2026-09-10T18:15:00+08:00,1789035300000,9885.545481345516,9885.644799055395,1,0,1
2026-09-10T18:30:00+08:00,1789036200000,9886.000250454585,9885.644799055395,1,0,1
2026-09-10T18:45:00+08:00,1789037100000,9884.636219917536,9885.604799055394,2,0,2
2026-09-10T19:00:00+08:00,1789038000000,9884.715161883583,9885.307755645921,1,0,1
2026-09-10T19:15:00+08:00,1789038900000,9885.287491137433,9885.307755645921,1,0,1
2026-09-10T19:30:00+08:00,1789039800000,9885.26775564592,9885.307755645921,1,0,1
2026-09-10T19:45:00+08:00,1789040700000,9883.628729722288,9885.26775564592,2,0,2
2026-09-10T20:00:00+08:00,1789041600000,9883.747130985488,9884.45807147695,1,0,1
2026-09-10T20:15:00+08:00,1789042500000,9884.082601231219,9884.45807147695,1,0,1
2026-09-10T20:30:00+08:00,1789043400000,9881.83297723043,9884.45807147695,1,0,1
2026-09-10T20:45:00+08:00,1789044300000,9884.092478843873,9881.812710774295,0,1,1
2026-09-10T21:00:00+08:00,1789045200000,9883.792508834877,9881.812710774295,0,1,1
2026-09-10T21:15:00+08:00,1789046100000,9882.064309654961,9881.772710774294,0,2,2
2026-09-10T21:30:00+08:00,1789047000000,9882.003907695565,9882.912592809684,0,1,1
2026-09-10T21:45:00+08:00,1789047900000,9881.539262169408,9882.912592809684,0,1,1
2026-09-10T22:00:00+08:00,1789048800000,9882.084715613159,9882.912592809684,0,1,1
2026-09-10T22:15:00+08:00,1789049700000,9880.832192890475,9882.912592809684,0,1,1
2026-09-10T22:30:00+08:00,1789050600000,9880.892122911468,9880.792192890474,1,0,1
2026-09-10T22:45:00+08:00,1789051500000,9880.972082923465,9880.792192890474,1,0,1
2026-09-10T23:00:00+08:00,1789052400000,9880.352612375134,9880.752192890473,2,0,2
2026-09-10T23:15:00+08:00,1789053300000,9879.51387073926,9880.652222881476,1,0,1
2026-09-10T23:30:00+08:00,1789054200000,9879.51387073926,9880.652222881476,1,0,1
2026-09-10T23:45:00+08:00,1789055100000,9879.693601089804,9880.652222881476,1,0,1
2026-09-11T00:00:00+08:00,1789056000000,9879.074529882375,9880.652222881476,1,0,1
2026-09-11T00:15:00+08:00,1789056900000,9878.55530886969,9880.652222881476,1,0,1
2026-09-11T00:30:00+08:00,1789057800000,9877.910110080587,9878.51530886969,0,1,1
2026-09-11T00:45:00+08:00,1789058700000,9877.889924409548,9877.889924409548,0,0,0
2026-09-11T01:00:00+08:00,1789059600000,9878.131048568937,9877.849924409547,1,0,1
2026-09-11T01:15:00+08:00,1789060500000,9878.49231324825,9877.849924409547,1,0,1
2026-09-11T01:30:00+08:00,1789061400000,9878.853108114432,9877.809924409547,2,0,2
2026-09-11T01:45:00+08:00,1789062300000,9878.211951945439,9877.809924409547,2,0,2
2026-09-11T02:00:00+08:00,1789063200000,9876.871749645865,9878.331891688478,1,0,1
2026-09-11T02:15:00+08:00,1789064100000,9877.051767651266,9878.331891688478,1,0,1
2026-09-11T02:30:00+08:00,1789065000000,9877.31179365907,9878.331891688478,1,0,1
2026-09-11T02:45:00+08:00,1789065900000,9878.091871682476,9878.331891688478,1,0,1
2026-09-11T03:00:00+08:00,1789066800000,9877.911853677075,9878.331891688478,1,0,1
2026-09-11T03:15:00+08:00,1789067700000,9878.192232476222,9878.291891688477,2,0,2
2026-09-11T03:30:00+08:00,1789068600000,9878.712779630547,9878.291891688477,2,0,2
2026-09-11T03:45:00+08:00,1789069500000,9877.23122234516,9878.291891688477,2,0,2
2026-09-11T04:00:00+08:00,1789070400000,9878.032825872922,9877.571823668071,1,0,1
2026-09-11T04:15:00+08:00,1789071300000,9878.032886055307,9877.53182366807,2,0,2
2026-09-11T04:30:00+08:00,1789072200000,9877.95282587292,9877.53182366807,2,0,2
2026-09-11T04:45:00+08:00,1789073100000,9877.872865860925,9877.992825872921,1,0,1
2026-09-11T05:00:00+08:00,1789074000000,9877.792905848928,9877.992825872921,1,0,1
2026-09-11T05:15:00+08:00,1789074900000,9877.832885854927,9877.992825872921,1,0,1
2026-09-11T05:30:00+08:00,1789075800000,9877.493055803941,9877.992825872921,1,0,1
2026-09-11T05:45:00+08:00,1789076700000,9877.413095791946,9877.992825872921,1,0,1
2026-09-11T06:00:00+08:00,1789077600000,9877.012261790342,9877.373095791945,0,1,1
2026-09-11T06:15:00+08:00,1789078500000,9877.03231391544,9877.03231391544,0,0,0
2026-09-11T06:30:00+08:00,1789079400000,9877.03231391544,9877.03231391544,0,0,0
2026-09-11T06:45:00+08:00,1789080300000,9877.133619051392,9876.99231391544,0,1,1
2026-09-11T07:00:00+08:00,1789081200000,9878.201304851995,9876.99231391544,0,1,1
2026-09-11T07:15:00+08:00,1789082100000,9877.677534459246,9876.99231391544,0,1,1
2026-09-11T07:30:00+08:00,1789083000000,9877.65738944414,9877.65738944414,0,0,0
2026-09-11T07:45:00+08:00,1789083900000,9877.65738944414,9877.65738944414,0,0,0
2026-09-11T08:00:00+08:00,1789084800000,9877.65738944414,9877.65738944414,0,0,0
2026-09-11T08:15:00+08:00,1789085700000,9877.65738944414,9877.65738944414,0,0,0
2026-09-11T08:30:00+08:00,1789086600000,9877.65738944414,9877.65738944414,0,0,0
2026-09-11T08:45:00+08:00,1789087500000,9877.65738944414,9877.65738944414,0,0,0
2026-09-11T09:00:00+08:00,1789088400000,9877.96072513176,9877.61738944414,1,0,1
2026-09-11T09:15:00+08:00,1789089300000,9877.234404881532,9877.61738944414,1,0,1
2026-09-11T09:30:00+08:00,1789090200000,9877.234404881532,9877.234404881532,0,0,0
2026-09-11T09:45:00+08:00,1789091100000,9877.234404881532,9877.234404881532,0,0,0
2026-09-11T10:00:00+08:00,1789092000000,9877.234404881532,9877.234404881532,0,0,0
2026-09-11T10:15:00+08:00,1789092900000,9877.234404881532,9877.234404881532,0,0,0
2026-09-11T10:30:00+08:00,1789093800000,9877.234404881532,9877.234404881532,0,0,0
2026-09-11T10:45:00+08:00,1789094700000,9877.234404881532,9877.234404881532,0,0,0
2026-09-11T11:00:00+08:00,1789095600000,9877.234404881532,9877.234404881532,0,0,0
2026-09-11T11:15:00+08:00,1789096500000,9877.234404881532,9877.234404881532,0,0,0
2026-09-11T11:30:00+08:00,1789097400000,9877.234404881532,9877.234404881532,0,0,0
2026-09-11T11:45:00+08:00,1789098300000,9877.234404881532,9877.234404881532,0,0,0
2026-09-11T12:00:00+08:00,1789099200000,9877.234404881532,9877.234404881532,0,0,0
2026-09-11T12:15:00+08:00,1789100100000,9877.978692032144,9877.194404881531,1,0,1
2026-09-11T12:30:00+08:00,1789101000000,9877.216539946276,9877.15440488153,2,0,2
2026-09-11T12:45:00+08:00,1789101900000,9877.096407774452,9877.596914433108,1,0,1
2026-09-11T13:00:00+08:00,1789102800000,9877.276606032186,9877.596914433108,1,0,1
2026-09-11T13:15:00+08:00,1789103700000,9876.996297631265,9877.596914433108,1,0,1
2026-09-11T13:30:00+08:00,1789104600000,9877.456804289923,9877.596914433108,1,0,1
2026-09-11T13:45:00+08:00,1789105500000,9877.516870375834,9877.596914433108,1,0,1
2026-09-11T14:00:00+08:00,1789106400000,9877.697198861759,9877.556914433108,2,0,2
2026-09-11T14:15:00+08:00,1789107300000,9876.856147318069,9877.556914433108,2,0,2
2026-09-11T14:30:00+08:00,1789108200000,9876.776041154817,9877.156517917638,1,0,1
2026-09-11T14:45:00+08:00,1789109100000,9876.455218407958,9876.716013109944,0,1,1
2026-09-11T15:00:00+08:00,1789110000000,9876.354857179782,9876.716013109944,0,1,1
2026-09-11T15:15:00+08:00,1789110900000,9876.354857179782,9876.354857179782,0,0,0
2026-09-11T15:30:00+08:00,1789111800000,9876.354857179782,9876.354857179782,0,0,0
2026-09-11T15:45:00+08:00,1789112700000,9876.354857179782,9876.354857179782,0,0,0
2026-09-11T16:00:00+08:00,1789113600000,9876.354857179782,9876.354857179782,0,0,0
2026-09-11T16:15:00+08:00,1789114500000,9876.354857179782,9876.354857179782,0,0,0
2026-09-11T16:30:00+08:00,1789115400000,9876.354857179782,9876.354857179782,0,0,0
2026-09-11T16:45:00+08:00,1789116300000,9876.354857179782,9876.354857179782,0,0,0
2026-09-11T17:00:00+08:00,1789117200000,9875.894438635674,9876.314857179781,1,0,1
2026-09-11T17:15:00+08:00,1789118100000,9875.995052600361,9875.854438635673,0,1,1
2026-09-11T17:30:00+08:00,1789119000000,9876.938258860393,9875.854438635673,0,1,1
2026-09-11T17:45:00+08:00,1789119900000,9875.932513084077,9875.814438635673,0,2,2
2026-09-11T18:00:00+08:00,1789120800000,9875.690220527558,9876.456758057824,0,1,1
2026-09-11T18:15:00+08:00,1789121700000,9875.91221810625,9876.456758057824,0,1,1
2026-09-11T18:30:00+08:00,1789122600000,9876.214942077195,9876.456758057824,0,1,1
2026-09-11T18:45:00+08:00,1789123500000,9876.436939655887,9876.456758057824,0,1,1
2026-09-11T19:00:00+08:00,1789124400000,9878.496296973544,9876.416758057823,0,2,2
2026-09-11T19:15:00+08:00,1789125300000,9877.285340001285,9876.416758057823,0,2,2
2026-09-11T19:30:00+08:00,1789126200000,9876.498176225521,9876.881298009397,0,1,1
2026-09-11T19:45:00+08:00,1789127100000,9876.215605344682,9876.881298009397,0,1,1
2026-09-11T20:00:00+08:00,1789128000000,9875.833915543835,9876.17560534468,1,0,1
2026-09-11T20:15:00+08:00,1789128900000,9876.457407798915,9876.17560534468,1,0,1
2026-09-11T20:30:00+08:00,1789129800000,9881.501774214596,9876.13560534468,2,0,2
2026-09-11T20:45:00+08:00,1789130700000,9884.516097302563,9876.13560534468,2,0,2
2026-09-11T21:00:00+08:00,1789131600000,9883.993614633984,9876.13560534468,2,0,2
2026-09-11T21:15:00+08:00,1789132500000,9882.305593704721,9876.13560534468,2,0,2
2026-09-11T21:30:00+08:00,1789133400000,9883.590571923909,9879.373967847194,1,0,1
2026-09-11T21:45:00+08:00,1789134300000,9884.332967847195,9884.332967847195,0,0,0
2026-09-11T22:00:00+08:00,1789135200000,9884.332967847195,9884.332967847195,0,0,0
2026-09-11T22:15:00+08:00,1789136100000,9884.332967847195,9884.332967847195,0,0,0
2026-09-11T22:30:00+08:00,1789137000000,9884.332967847195,9884.332967847195,0,0,0
2026-09-11T22:45:00+08:00,1789137900000,9884.332967847195,9884.332967847195,0,0,0
2026-09-11T23:00:00+08:00,1789138800000,9884.332967847195,9884.332967847195,0,0,0
2026-09-11T23:15:00+08:00,1789139700000,9884.332967847195,9884.332967847195,0,0,0
2026-09-11T23:30:00+08:00,1789140600000,9884.562807150194,9884.292967847194,0,1,1
2026-09-11T23:45:00+08:00,1789141500000,9887.661200180204,9884.292967847194,0,1,1
2026-09-12T00:00:00+08:00,1789142400000,9886.155067362557,9884.252967847193,0,2,2
2026-09-12T00:15:00+08:00,1789143300000,9887.053620032933,9884.252967847193,0,2,2
2026-09-12T00:30:00+08:00,1789144200000,9886.115999855147,9884.252967847193,0,2,2
2026-09-12T00:45:00+08:00,1789145100000,9885.406708020222,9886.904696792013,0,1,1
2026-09-12T01:00:00+08:00,1789146000000,9885.938676896416,9886.904696792013,0,1,1
2026-09-12T01:15:00+08:00,1789146900000,9885.465815673131,9886.904696792013,0,1,1
2026-09-12T01:30:00+08:00,1789147800000,9885.978081998355,9886.904696792013,0,1,1
2026-09-12T01:45:00+08:00,1789148700000,9886.175107508057,9886.904696792013,0,1,1
2026-09-12T02:00:00+08:00,1789149600000,9888.027147299252,9886.904696792013,0,1,1
2026-09-12T02:15:00+08:00,1789150500000,9886.208255662867,9886.864696792012,0,2,2
2026-09-12T02:30:00+08:00,1789151400000,9886.267593640821,9887.139937607535,0,1,1
2026-09-12T02:45:00+08:00,1789152300000,9886.94139589959,9887.139937607535,0,1,1
2026-09-12T03:00:00+08:00,1789153200000,9886.644130197192,9887.139937607535,0,1,1
2026-09-12T03:15:00+08:00,1789154100000,9886.663947910685,9886.663947910685,0,0,0
2026-09-12T03:30:00+08:00,1789155000000,9886.663947910685,9886.663947910685,0,0,0
2026-09-12T03:45:00+08:00,1789155900000,9886.663947910685,9886.663947910685,0,0,0
2026-09-12T04:00:00+08:00,1789156800000,9888.231323352034,9886.623947910684,1,0,1
2026-09-12T04:15:00+08:00,1789157700000,9886.803506275079,9886.583947910683,2,0,2
2026-09-12T04:30:00+08:00,1789158600000,9887.15509007452,9886.583947910683,2,0,2
2026-09-12T04:45:00+08:00,1789159500000,9886.92165102403,9887.68142142971,1,0,1
2026-09-12T05:00:00+08:00,1789160400000,9887.544155158672,9887.68142142971,1,0,1
2026-09-12T05:15:00+08:00,1789161300000,9887.699781192332,9887.68142142971,1,0,1
2026-09-12T05:30:00+08:00,1789162200000,9887.699781192332,9887.699781192332,0,0,0
2026-09-12T05:45:00+08:00,1789163100000,9887.699781192332,9887.699781192332,0,0,0
2026-09-12T06:00:00+08:00,1789164000000,9887.325720039842,9887.659781192331,0,1,1
2026-09-12T06:15:00+08:00,1789164900000,9887.737405653326,9887.659781192331,0,1,1
2026-09-12T06:30:00+08:00,1789165800000,9887.873117787167,9887.61978119233,0,2,2
2026-09-12T06:45:00+08:00,1789166700000,9888.226112289782,9887.61978119233,0,2,2
2026-09-12T07:00:00+08:00,1789167600000,9887.206350393339,9887.61978119233,0,2,2
2026-09-12T07:15:00+08:00,1789168500000,9886.95133590168,9887.462156731335,0,1,1
2026-09-12T07:30:00+08:00,1789169400000,9886.892483297972,9887.462156731335,0,1,1
2026-09-12T07:45:00+08:00,1789170300000,9886.53936767573,9887.462156731335,0,1,1
2026-09-12T08:00:00+08:00,1789171200000,9886.205561778444,9886.49936767573,1,0,1
2026-09-12T08:15:00+08:00,1789172100000,9885.873661758917,9886.49936767573,1,0,1
2026-09-12T08:30:00+08:00,1789173000000,9885.911194073838,9885.833661758916,0,1,1
2026-09-12T08:45:00+08:00,1789173900000,9886.283379737764,9885.833661758916,0,1,1
2026-09-12T09:00:00+08:00,1789174800000,9884.948163381165,9885.793661758915,0,2,2
2026-09-12T09:15:00+08:00,1789175700000,9885.262352053001,9885.616540724837,0,1,1
2026-09-12T09:30:00+08:00,1789176600000,9885.280437867477,9885.576540724836,0,2,2
2026-09-12T09:45:00+08:00,1789177500000,9885.555123949234,9885.576540724836,0,2,2
2026-09-12T10:00:00+08:00,1789178400000,9886.379182194503,9885.576540724836,0,2,2
2026-09-12T10:15:00+08:00,1789179300000,9886.300700456859,9885.576540724836,0,2,2
2026-09-12T10:30:00+08:00,1789180200000,9886.732350013906,9885.576540724836,0,2,2
2026-09-12T10:45:00+08:00,1789181100000,9886.026014375104,9885.576540724836,0,2,2
2026-09-12T11:00:00+08:00,1789182000000,9886.320108242748,9885.654361476774,0,1,1
2026-09-12T11:15:00+08:00,1789182900000,9886.222087858585,9885.654361476774,0,1,1
2026-09-12T11:30:00+08:00,1789183800000,9886.574961241573,9885.654361476774,0,1,1
2026-09-12T11:45:00+08:00,1789184700000,9886.496544934242,9885.654361476774,0,1,1
2026-09-12T12:00:00+08:00,1789185600000,9886.516149011075,9886.516149011075,0,0,0
2026-09-12T12:15:00+08:00,1789186500000,9886.516149011075,9886.516149011075,0,0,0
2026-09-12T12:30:00+08:00,1789187400000,9886.436149011073,9886.476149011074,1,0,1
2026-09-12T12:45:00+08:00,1789188300000,9886.10196497647,9886.476149011074,1,0,1
2026-09-12T13:00:00+08:00,1789189200000,9886.10196497647,9886.10196497647,0,0,0
2026-09-12T13:15:00+08:00,1789190100000,9886.120555415107,9886.061964976469,0,1,1
2026-09-12T13:30:00+08:00,1789191000000,9885.785347923733,9886.061964976469,0,1,1
2026-09-12T13:45:00+08:00,1789191900000,9885.765629836005,9885.765629836005,0,0,0
2026-09-12T14:00:00+08:00,1789192800000,9885.449456607657,9885.725629836004,1,0,1
2026-09-12T14:15:00+08:00,1789193700000,9885.46913771002,9885.46913771002,0,0,0
2026-09-12T14:30:00+08:00,1789194600000,9885.46913771002,9885.46913771002,0,0,0
2026-09-12T14:45:00+08:00,1789195500000,9885.46913771002,9885.46913771002,0,0,0
2026-09-12T15:00:00+08:00,1789196400000,9885.46913771002,9885.46913771002,0,0,0
2026-09-12T15:15:00+08:00,1789197300000,9885.46913771002,9885.46913771002,0,0,0
2026-09-12T15:30:00+08:00,1789198200000,9885.46913771002,9885.46913771002,0,0,0
2026-09-12T15:45:00+08:00,1789199100000,9885.46913771002,9885.46913771002,0,0,0
2026-09-12T16:00:00+08:00,1789200000000,9885.46913771002,9885.46913771002,0,0,0
2026-09-12T16:15:00+08:00,1789200900000,9885.46913771002,9885.46913771002,0,0,0
2026-09-12T16:30:00+08:00,1789201800000,9885.46913771002,9885.46913771002,0,0,0
2026-09-12T16:45:00+08:00,1789202700000,9885.46913771002,9885.46913771002,0,0,0
2026-09-12T17:00:00+08:00,1789203600000,9885.46913771002,9885.46913771002,0,0,0
2026-09-12T17:15:00+08:00,1789204500000,9885.605034843902,9885.42913771002,1,0,1
2026-09-12T17:30:00+08:00,1789205400000,9885.565780819561,9885.42913771002,1,0,1
2026-09-12T17:45:00+08:00,1789206300000,9885.565780819561,9885.565780819561,0,0,0
2026-09-12T18:00:00+08:00,1789207200000,9885.565780819561,9885.565780819561,0,0,0
2026-09-12T18:15:00+08:00,1789208100000,9885.565780819561,9885.565780819561,0,0,0
2026-09-12T18:30:00+08:00,1789209000000,9885.565780819561,9885.565780819561,0,0,0
2026-09-12T18:45:00+08:00,1789209900000,9885.565780819561,9885.565780819561,0,0,0
2026-09-12T19:00:00+08:00,1789210800000,9885.565780819561,9885.565780819561,0,0,0
2026-09-12T19:15:00+08:00,1789211700000,9885.565780819561,9885.565780819561,0,0,0
2026-09-12T19:30:00+08:00,1789212600000,9885.565780819561,9885.565780819561,0,0,0
2026-09-12T19:45:00+08:00,1789213500000,9885.407356826618,9885.52578081956,0,1,1
2026-09-12T20:00:00+08:00,1789214400000,9885.407356826618,9885.407356826618,0,0,0
2026-09-12T20:15:00+08:00,1789215300000,9885.483911925461,9885.367356826617,1,0,1
2026-09-12T20:30:00+08:00,1789216200000,9885.30778743926,9885.367356826617,1,0,1
2026-09-12T20:45:00+08:00,1789217100000,9885.327356826616,9885.327356826616,0,0,0
2026-09-12T21:00:00+08:00,1789218000000,9885.521921532498,9885.287356826615,0,1,1
2026-09-12T21:15:00+08:00,1789218900000,9885.521921532498,9885.287356826615,0,1,1
2026-09-12T21:30:00+08:00,1789219800000,9885.657801107964,9885.247356826614,0,2,2
2026-09-12T21:45:00+08:00,1789220700000,9885.14756987092,9885.247356826614,0,2,2
2026-09-12T22:00:00+08:00,1789221600000,9885.304664206838,9885.325027414849,0,1,1
2026-09-12T22:15:00+08:00,1789222500000,9884.792633577024,9885.285027414848,0,2,2
2026-09-12T22:30:00+08:00,1789223400000,9884.910460112427,9885.285027414848,0,2,2
2026-09-12T22:45:00+08:00,1789224300000,9884.871184600626,9885.285027414848,0,2,2
2026-09-12T23:00:00+08:00,1789225200000,9884.871184600626,9885.285027414848,0,2,2
2026-09-12T23:15:00+08:00,1789226100000,9884.753358065222,9885.285027414848,0,2,2
2026-09-12T23:30:00+08:00,1789227000000,9884.635531529819,9885.285027414848,0,2,2
2026-09-12T23:45:00+08:00,1789227900000,9884.555531529817,9884.595531529818,1,0,1
2026-09-13T00:00:00+08:00,1789228800000,9884.437919530994,9884.595531529818,1,0,1
2026-09-13T00:15:00+08:00,1789229700000,9884.437919530994,9884.437919530994,0,0,0
2026-09-13T00:30:00+08:00,1789230600000,9884.437919530994,9884.437919530994,0,0,0
2026-09-13T00:45:00+08:00,1789231500000,9884.220569849776,9884.397919530993,0,1,1
2026-09-13T01:00:00+08:00,1789232400000,9884.179742938959,9884.160948466744,1,0,1
2026-09-13T01:15:00+08:00,1789233300000,9884.06215399453,9884.160948466744,1,0,1
2026-09-13T01:30:00+08:00,1789234200000,9884.06215399453,9884.06215399453,0,0,0
2026-09-13T01:45:00+08:00,1789235100000,9884.06215399453,9884.06215399453,0,0,0
2026-09-13T02:00:00+08:00,1789236000000,9884.31578295558,9884.022153994529,0,1,1
2026-09-13T02:15:00+08:00,1789236900000,9884.235782955579,9883.982153994528,0,2,2
2026-09-13T02:30:00+08:00,1789237800000,9884.70718197803,9883.982153994528,0,2,2
2026-09-13T02:45:00+08:00,1789238700000,9884.785748481774,9883.982153994528,0,2,2
2026-09-13T03:00:00+08:00,1789239600000,9884.66789872616,9883.982153994528,0,2,2
2026-09-13T03:15:00+08:00,1789240500000,9884.825162877105,9884.491660518614,0,1,1
2026-09-13T03:30:00+08:00,1789241400000,9885.355929386538,9884.491660518614,0,1,1
2026-09-13T03:45:00+08:00,1789242300000,9885.493535518613,9884.491660518614,0,1,1
2026-09-13T04:00:00+08:00,1789243200000,9884.979926966305,9884.451660518613,0,2,2
2026-09-13T04:15:00+08:00,1789244100000,9884.900883204575,9885.237297311065,0,1,1
2026-09-13T04:30:00+08:00,1789245000000,9884.802078502411,9885.237297311065,0,1,1
2026-09-13T04:45:00+08:00,1789245900000,9885.039209787603,9885.237297311065,0,1,1
2026-09-13T05:00:00+08:00,1789246800000,9884.802078502411,9885.237297311065,0,1,1
2026-09-13T05:15:00+08:00,1789247700000,9884.761506679479,9884.76207850241,1,0,1
2026-09-13T05:30:00+08:00,1789248600000,9884.840363033614,9884.76207850241,1,0,1
2026-09-13T05:45:00+08:00,1789249500000,9884.445030855442,9884.72207850241,2,0,2
2026-09-13T06:00:00+08:00,1789250400000,9884.701174148824,9884.662364413874,1,0,1
2026-09-13T06:15:00+08:00,1789251300000,9884.504149811451,9884.662364413874,1,0,1
2026-09-13T06:30:00+08:00,1789252200000,9884.504149811451,9884.504149811451,0,0,0
2026-09-13T06:45:00+08:00,1789253100000,9884.504149811451,9884.504149811451,0,0,0
2026-09-13T07:00:00+08:00,1789254000000,9884.504149811451,9884.504149811451,0,0,0
2026-09-13T07:15:00+08:00,1789254900000,9884.504149811451,9884.504149811451,0,0,0
2026-09-13T07:30:00+08:00,1789255800000,9884.463465580227,9884.46414981145,1,0,1
2026-09-13T07:45:00+08:00,1789256700000,9884.463465580227,9884.463465580227,0,0,0
2026-09-13T08:00:00+08:00,1789257600000,9884.463465580227,9884.463465580227,0,0,0
2026-09-13T08:15:00+08:00,1789258500000,9884.463465580227,9884.463465580227,0,0,0
2026-09-13T08:30:00+08:00,1789259400000,9884.463465580227,9884.463465580227,0,0,0
2026-09-13T08:45:00+08:00,1789260300000,9884.463465580227,9884.463465580227,0,0,0
2026-09-13T09:00:00+08:00,1789261200000,9884.463465580227,9884.463465580227,0,0,0
2026-09-13T09:15:00+08:00,1789262100000,9884.463465580227,9884.463465580227,0,0,0
2026-09-13T09:30:00+08:00,1789263000000,9884.463465580227,9884.463465580227,0,0,0
2026-09-13T09:45:00+08:00,1789263900000,9884.463465580227,9884.463465580227,0,0,0
2026-09-13T10:00:00+08:00,1789264800000,9884.463465580227,9884.463465580227,0,0,0
2026-09-13T10:15:00+08:00,1789265700000,9884.463465580227,9884.463465580227,0,0,0
2026-09-13T10:30:00+08:00,1789266600000,9884.463465580227,9884.463465580227,0,0,0
2026-09-13T10:45:00+08:00,1789267500000,9884.463465580227,9884.463465580227,0,0,0
2026-09-13T11:00:00+08:00,1789268400000,9884.383465580226,9884.423465580227,0,1,1
2026-09-13T11:15:00+08:00,1789269300000,9884.42274301985,9884.423465580227,0,1,1
2026-09-13T11:30:00+08:00,1789270200000,9884.107055241437,9884.383465580226,0,2,2
2026-09-13T11:45:00+08:00,1789271100000,9884.735613835559,9884.28454942079,0,1,1
2026-09-13T12:00:00+08:00,1789272000000,9884.676686105786,9884.28454942079,0,1,1
2026-09-13T12:15:00+08:00,1789272900000,9884.43937539399,9884.24454942079,0,2,2
2026-09-13T12:30:00+08:00,1789273800000,9884.4197328174,9884.538473222832,0,1,1
2026-09-13T12:45:00+08:00,1789274700000,9884.380362614684,9884.538473222832,0,1,1
2026-09-13T13:00:00+08:00,1789275600000,9884.12445629703,9884.538473222832,0,1,1
2026-09-13T13:15:00+08:00,1789276500000,9884.085086094314,9884.538473222832,0,1,1
2026-09-13T13:30:00+08:00,1789277400000,9884.085086094314,9884.538473222832,0,1,1
2026-09-13T13:45:00+08:00,1789278300000,9883.828323223906,9884.025400992956,1,0,1
2026-09-13T14:00:00+08:00,1789279200000,9883.828323223906,9883.828323223906,0,0,0
2026-09-13T14:15:00+08:00,1789280100000,9884.14163820621,9883.788323223906,0,1,1
2026-09-13T14:30:00+08:00,1789281000000,9884.357961446478,9883.788323223906,0,1,1
2026-09-13T14:45:00+08:00,1789281900000,9885.065793734766,9883.748323223905,0,2,2
2026-09-13T15:00:00+08:00,1789282800000,9884.711269205036,9883.748323223905,0,2,2
2026-09-13T15:15:00+08:00,1789283700000,9884.829624396833,9884.534284686744,0,1,1
2026-09-13T15:30:00+08:00,1789284600000,9885.598933143505,9884.534284686744,0,1,1
2026-09-13T15:45:00+08:00,1789285500000,9885.99345044949,9884.534284686744,0,1,1
2026-09-13T16:00:00+08:00,1789286400000,9886.26985656058,9884.494284686743,0,2,2
2026-09-13T16:15:00+08:00,1789287300000,9886.982668782763,9884.494284686743,0,2,2
2026-09-13T16:30:00+08:00,1789288200000,9888.76469933822,9884.494284686743,0,2,2
2026-09-13T16:45:00+08:00,1789289100000,9888.60629662218,9884.494284686743,0,2,2
2026-09-13T17:00:00+08:00,1789290000000,9888.546821129457,9887.27508342454,0,1,1
2026-09-13T17:15:00+08:00,1789290900000,9889.24243960934,9887.27508342454,0,1,1
2026-09-13T17:30:00+08:00,1789291800000,9889.123190727074,9887.27508342454,0,1,1
2026-09-13T17:45:00+08:00,1789292700000,9889.123190727074,9889.123190727074,0,0,0
2026-09-13T18:00:00+08:00,1789293600000,9889.123190727074,9889.123190727074,0,0,0
2026-09-13T18:15:00+08:00,1789294500000,9889.123190727074,9889.123190727074,0,0,0
2026-09-13T18:30:00+08:00,1789295400000,9888.50205411286,9889.083190727073,1,0,1
2026-09-13T18:45:00+08:00,1789296300000,9888.401949590245,9888.462054112859,0,1,1
2026-09-13T19:00:00+08:00,1789297200000,9888.402307286282,9888.341845067633,1,0,1
2026-09-13T19:15:00+08:00,1789298100000,9888.583139279852,9888.341845067633,1,0,1
2026-09-13T19:30:00+08:00,1789299000000,9888.683850319609,9888.301845067632,2,0,2
2026-09-13T19:45:00+08:00,1789299900000,9888.884623564647,9888.301845067632,2,0,2
2026-09-13T20:00:00+08:00,1789300800000,9888.643695670604,9888.301845067632,2,0,2
2026-09-13T20:15:00+08:00,1789301700000,9888.523231723579,9888.301845067632,2,0,2
2026-09-13T20:30:00+08:00,1789302600000,9888.322609670806,9888.56323172358,1,0,1
2026-09-13T20:45:00+08:00,1789303500000,9888.463045107746,9888.56323172358,1,0,1
2026-09-13T21:00:00+08:00,1789304400000,9888.663667160521,9888.56323172358,1,0,1
2026-09-13T21:15:00+08:00,1789305300000,9888.182174233863,9888.56323172358,1,0,1
2026-09-13T21:30:00+08:00,1789306200000,9888.182174233863,9888.182174233863,0,0,0
2026-09-13T21:45:00+08:00,1789307100000,9888.182174233863,9888.182174233863,0,0,0
2026-09-13T22:00:00+08:00,1789308000000,9888.182174233863,9888.182174233863,0,0,0
2026-09-13T22:15:00+08:00,1789308900000,9888.182174233863,9888.182174233863,0,0,0
2026-09-13T22:30:00+08:00,1789309800000,9888.579880783733,9888.142174233863,1,0,1
2026-09-13T22:45:00+08:00,1789310700000,9888.400740827532,9888.142174233863,1,0,1
2026-09-13T23:00:00+08:00,1789311600000,9888.380836387954,9888.380836387954,0,0,0
2026-09-13T23:15:00+08:00,1789312500000,9888.380836387954,9888.380836387954,0,0,0
2026-09-13T23:30:00+08:00,1789313400000,9888.380836387954,9888.380836387954,0,0,0
2026-09-13T23:45:00+08:00,1789314300000,9888.380836387954,9888.380836387954,0,0,0
2026-09-14T00:00:00+08:00,1789315200000,9888.380836387954,9888.380836387954,0,0,0
2026-09-14T00:15:00+08:00,1789316100000,9888.380836387954,9888.380836387954,0,0,0
2026-09-14T00:30:00+08:00,1789317000000,9888.380836387954,9888.380836387954,0,0,0
2026-09-14T00:45:00+08:00,1789317900000,9888.380836387954,9888.380836387954,0,0,0
2026-09-14T01:00:00+08:00,1789318800000,9888.380836387954,9888.380836387954,0,0,0
2026-09-14T01:15:00+08:00,1789319700000,9888.380836387954,9888.380836387954,0,0,0
2026-09-14T01:30:00+08:00,1789320600000,9888.380836387954,9888.380836387954,0,0,0
2026-09-14T01:45:00+08:00,1789321500000,9888.380836387954,9888.380836387954,0,0,0
2026-09-14T02:00:00+08:00,1789322400000,9888.380836387954,9888.380836387954,0,0,0
2026-09-14T02:15:00+08:00,1789323300000,9888.380836387954,9888.380836387954,0,0,0
2026-09-14T02:30:00+08:00,1789324200000,9888.380836387954,9888.380836387954,0,0,0
2026-09-14T02:45:00+08:00,1789325100000,9888.380836387954,9888.380836387954,0,0,0
2026-09-14T03:00:00+08:00,1789326000000,9888.380836387954,9888.380836387954,0,0,0
2026-09-14T03:15:00+08:00,1789326900000,9888.399875896816,9888.340836387953,0,1,1
2026-09-14T03:30:00+08:00,1789327800000,9888.538531209222,9888.340836387953,0,1,1
2026-09-14T03:45:00+08:00,1789328700000,9888.240491105476,9888.300836387953,0,2,2
2026-09-14T04:00:00+08:00,1789329600000,9887.64587109168,9888.300836387953,0,2,2
2026-09-14T04:15:00+08:00,1789330500000,9887.209535577105,9888.102373173773,0,1,1
2026-09-14T04:30:00+08:00,1789331400000,9887.130201847182,9888.102373173773,0,1,1
2026-09-14T04:45:00+08:00,1789332300000,9887.247537285846,9887.09020184718,1,0,1
2026-09-14T05:00:00+08:00,1789333200000,9887.129136022648,9887.09020184718,1,0,1
2026-09-14T05:15:00+08:00,1789334100000,9887.129136022648,9887.129136022648,0,0,0
2026-09-14T05:30:00+08:00,1789335000000,9887.129136022648,9887.129136022648,0,0,0
2026-09-14T05:45:00+08:00,1789335900000,9887.108372030938,9887.089136022647,0,1,1
2026-09-14T06:00:00+08:00,1789336800000,9889.477812362593,9887.089136022647,0,1,1
2026-09-14T06:15:00+08:00,1789337700000,9890.987146190171,9887.049136022646,0,2,2
2026-09-14T06:30:00+08:00,1789338600000,9890.232212622072,9887.049136022646,0,2,2
2026-09-14T06:45:00+08:00,1789339500000,9891.02687953586,9887.049136022646,0,2,2
2026-09-14T07:00:00+08:00,1789340400000,9891.366433025434,9890.267116478672,0,1,1
2026-09-14T07:15:00+08:00,1789341300000,9891.32645700625,9890.267116478672,0,1,1
2026-09-14T07:30:00+08:00,1789342200000,9891.24650496788,9890.267116478672,0,1,1
2026-09-14T07:45:00+08:00,1789343100000,9891.966073313204,9890.267116478672,0,1,1
2026-09-14T08:00:00+08:00,1789344000000,9891.306468996658,9890.267116478672,0,1,1
2026-09-14T08:15:00+08:00,1789344900000,9892.285881466682,9890.267116478672,0,1,1
2026-09-14T08:30:00+08:00,1789345800000,9891.046624871957,9890.267116478672,0,1,1
2026-09-14T08:45:00+08:00,1789346700000,9891.06661288155,9891.06661288155,0,0,0
2026-09-14T09:00:00+08:00,1789347600000,9890.846078745002,9891.02661288155,1,0,1
2026-09-14T09:15:00+08:00,1789348500000,9890.966536576329,9891.02661288155,1,0,1
2026-09-14T09:30:00+08:00,1789349400000,9889.942950230947,9890.986612881548,2,0,2
2026-09-14T09:45:00+08:00,1789350300000,9891.468749427733,9890.464781556248,1,0,1
2026-09-14T10:00:00+08:00,1789351200000,9892.472564688778,9890.464781556248,1,0,1
2026-09-14T10:15:00+08:00,1789352100000,9893.071699285601,9890.424781556247,2,0,2
2026-09-14T10:30:00+08:00,1789353000000,9892.5523610645,9890.424781556247,2,0,2
2026-09-14T10:45:00+08:00,1789353900000,9893.128875453602,9892.532946214882,1,0,1
2026-09-14T11:00:00+08:00,1789354800000,9893.585949593931,9892.532946214882,1,0,1
2026-09-14T11:15:00+08:00,1789355700000,9893.228486806182,9892.492946214881,2,0,2
2026-09-14T11:30:00+08:00,1789356600000,9892.595906693166,9893.38696728425,1,0,1
2026-09-14T11:45:00+08:00,1789357500000,9892.872613226724,9893.38696728425,1,0,1
2026-09-14T12:00:00+08:00,1789358400000,9892.754024712342,9893.38696728425,1,0,1
2026-09-14T12:15:00+08:00,1789359300000,9892.912142731517,9893.38696728425,1,0,1
2026-09-14T12:30:00+08:00,1789360200000,9893.327202531853,9893.38696728425,1,0,1
2026-09-14T12:45:00+08:00,1789361100000,9893.28767302706,9893.38696728425,1,0,1
2026-09-14T13:00:00+08:00,1789362000000,9893.267908274662,9893.267908274662,0,0,0
2026-09-14T13:15:00+08:00,1789362900000,9893.267908274662,9893.267908274662,0,0,0
2026-09-14T13:30:00+08:00,1789363800000,9893.069049094625,9893.22790827466,0,1,1
2026-09-14T13:45:00+08:00,1789364700000,9893.009619504608,9893.22790827466,0,1,1
2026-09-14T14:00:00+08:00,1789365600000,9890.494201804244,9893.18790827466,0,2,2
2026-09-14T14:15:00+08:00,1789366500000,9889.706309189432,9890.454201804243,1,0,1
2026-09-14T14:30:00+08:00,1789367400000,9889.706309189432,9889.706309189432,0,0,0
2026-09-14T14:45:00+08:00,1789368300000,9889.706309189432,9889.706309189432,0,0,0
2026-09-14T15:00:00+08:00,1789369200000,9889.706309189432,9889.706309189432,0,0,0
2026-09-14T15:15:00+08:00,1789370100000,9889.706309189432,9889.706309189432,0,0,0
2026-09-14T15:30:00+08:00,1789371000000,9889.310850880738,9889.666309189432,0,1,1
2026-09-14T15:45:00+08:00,1789371900000,9889.310850880738,9889.310850880738,0,0,0
2026-09-14T16:00:00+08:00,1789372800000,9889.310850880738,9889.310850880738,0,0,0
2026-09-14T16:15:00+08:00,1789373700000,9889.310850880738,9889.310850880738,0,0,0
2026-09-14T16:30:00+08:00,1789374600000,9889.310850880738,9889.310850880738,0,0,0
2026-09-14T16:45:00+08:00,1789375500000,9889.310850880738,9889.310850880738,0,0,0
2026-09-14T17:00:00+08:00,1789376400000,9889.310850880738,9889.310850880738,0,0,0
2026-09-14T17:15:00+08:00,1789377300000,9889.310850880738,9889.310850880738,0,0,0
2026-09-14T17:30:00+08:00,1789378200000,9889.310850880738,9889.310850880738,0,0,0
2026-09-14T17:45:00+08:00,1789379100000,9889.310850880738,9889.310850880738,0,0,0
2026-09-14T18:00:00+08:00,1789380000000,9888.956153598821,9889.270850880737,1,0,1
2026-09-14T18:15:00+08:00,1789380900000,9888.897289895554,9889.270850880737,1,0,1
2026-09-14T18:30:00+08:00,1789381800000,9888.897289895554,9888.897289895554,0,0,0
2026-09-14T18:45:00+08:00,1789382700000,9888.897289895554,9888.897289895554,0,0,0
2026-09-14T19:00:00+08:00,1789383600000,9888.897289895554,9888.897289895554,0,0,0
2026-09-14T19:15:00+08:00,1789384500000,9888.364265082635,9888.857289895554,0,1,1
2026-09-14T19:30:00+08:00,1789385400000,9888.364265082635,9888.364265082635,0,0,0
2026-09-14T19:45:00+08:00,1789386300000,9888.364265082635,9888.364265082635,0,0,0
2026-09-14T20:00:00+08:00,1789387200000,9888.364265082635,9888.364265082635,0,0,0
2026-09-14T20:15:00+08:00,1789388100000,9888.364265082635,9888.364265082635,0,0,0
2026-09-14T20:30:00+08:00,1789389000000,9888.364265082635,9888.364265082635,0,0,0
2026-09-14T20:45:00+08:00,1789389900000,9888.364265082635,9888.364265082635,0,0,0
2026-09-14T21:00:00+08:00,1789390800000,9888.364265082635,9888.364265082635,0,0,0
2026-09-14T21:15:00+08:00,1789391700000,9888.205127509695,9888.324265082634,0,1,1
2026-09-14T21:30:00+08:00,1789392600000,9887.670948892346,9888.324265082634,0,1,1
2026-09-14T21:45:00+08:00,1789393500000,9887.670948892346,9887.670948892346,0,0,0
2026-09-14T22:00:00+08:00,1789394400000,9887.670948892346,9887.670948892346,0,0,0
2026-09-14T22:15:00+08:00,1789395300000,9886.982033371716,9887.630948892345,1,0,1
2026-09-14T22:30:00+08:00,1789396200000,9886.982033371716,9886.982033371716,0,0,0
2026-09-14T22:45:00+08:00,1789397100000,9886.982033371716,9886.982033371716,0,0,0
2026-09-14T23:00:00+08:00,1789398000000,9886.982033371716,9886.982033371716,0,0,0
2026-09-14T23:15:00+08:00,1789398900000,9886.982033371716,9886.982033371716,0,0,0
2026-09-14T23:30:00+08:00,1789399800000,9886.982033371716,9886.982033371716,0,0,0
2026-09-14T23:45:00+08:00,1789400700000,9886.982033371716,9886.982033371716,0,0,0
2026-09-15T00:00:00+08:00,1789401600000,9886.982033371716,9886.982033371716,0,0,0
2026-09-15T00:15:00+08:00,1789402500000,9886.982033371716,9886.982033371716,0,0,0
2026-09-15T00:30:00+08:00,1789403400000,9886.982033371716,9886.982033371716,0,0,0
2026-09-15T00:45:00+08:00,1789404300000,9886.982033371716,9886.982033371716,0,0,0
2026-09-15T01:00:00+08:00,1789405200000,9886.982033371716,9886.982033371716,0,0,0
2026-09-15T01:15:00+08:00,1789406100000,9886.982033371716,9886.982033371716,0,0,0
2026-09-15T01:30:00+08:00,1789407000000,9886.982033371716,9886.982033371716,0,0,0
2026-09-15T01:45:00+08:00,1789407900000,9886.982033371716,9886.982033371716,0,0,0
2026-09-15T02:00:00+08:00,1789408800000,9886.982033371716,9886.982033371716,0,0,0
2026-09-15T02:15:00+08:00,1789409700000,9886.982033371716,9886.982033371716,0,0,0
2026-09-15T02:30:00+08:00,1789410600000,9886.982033371716,9886.982033371716,0,0,0
2026-09-15T02:45:00+08:00,1789411500000,9886.982033371716,9886.982033371716,0,0,0
2026-09-15T03:00:00+08:00,1789412400000,9886.982033371716,9886.982033371716,0,0,0
2026-09-15T03:15:00+08:00,1789413300000,9886.982033371716,9886.982033371716,0,0,0
2026-09-15T03:30:00+08:00,1789414200000,9886.982033371716,9886.982033371716,0,0,0
2026-09-15T03:45:00+08:00,1789415100000,9886.979530708277,9886.942033371715,0,1,1
2026-09-15T04:00:00+08:00,1789416000000,9885.73957332329,9886.942033371715,0,1,1
2026-09-15T04:15:00+08:00,1789416900000,9885.75894765743,9885.75894765743,0,0,0
2026-09-15T04:30:00+08:00,1789417800000,9885.812866524631,9885.71894765743,1,0,1
2026-09-15T04:45:00+08:00,1789418700000,9884.588465453067,9885.71894765743,1,0,1
2026-09-15T05:00:00+08:00,1789419600000,9884.588465453067,9884.588465453067,0,0,0
2026-09-15T05:15:00+08:00,1789420500000,9884.508465453066,9884.548465453066,0,1,1
2026-09-15T05:30:00+08:00,1789421400000,9885.06869336229,9884.548465453066,0,1,1
2026-09-15T05:45:00+08:00,1789422300000,9885.414290640323,9884.508465453066,0,2,2
2026-09-15T06:00:00+08:00,1789423200000,9884.176189467857,9884.508465453066,0,2,2
2026-09-15T06:15:00+08:00,1789424100000,9884.737990746184,9884.623011083197,0,1,1
2026-09-15T06:30:00+08:00,1789425000000,9885.00920515641,9884.623011083197,0,1,1
2026-09-15T06:45:00+08:00,1789425900000,9885.724304968897,9884.583011083196,0,2,2
2026-09-15T07:00:00+08:00,1789426800000,9886.189717694819,9884.583011083196,0,2,2
2026-09-15T07:15:00+08:00,1789427700000,9885.724304968897,9884.583011083196,0,2,2
2026-09-15T07:30:00+08:00,1789428600000,9886.228975825607,9885.37602677175,0,1,1
2026-09-15T07:45:00+08:00,1789429500000,9886.403683249187,9885.37602677175,0,1,1
2026-09-15T08:00:00+08:00,1789430400000,9886.42309518514,9885.37602677175,0,1,1
2026-09-15T08:15:00+08:00,1789431300000,9886.248387761561,9885.37602677175,0,1,1
2026-09-15T08:30:00+08:00,1789432200000,9886.558978736815,9885.37602677175,0,1,1
2026-09-15T08:45:00+08:00,1789433100000,9886.597802608721,9885.37602677175,0,1,1
2026-09-15T09:00:00+08:00,1789434000000,9886.675450352535,9885.37602677175,0,1,1
2026-09-15T09:15:00+08:00,1789434900000,9887.102512943511,9885.37602677175,0,1,1
2026-09-15T09:30:00+08:00,1789435800000,9886.656038416582,9885.37602677175,0,1,1
2026-09-15T09:45:00+08:00,1789436700000,9886.656038416582,9886.656038416582,0,0,0
2026-09-15T10:00:00+08:00,1789437600000,9886.656038416582,9886.656038416582,0,0,0
2026-09-15T10:15:00+08:00,1789438500000,9886.656038416582,9886.656038416582,0,0,0
2026-09-15T10:30:00+08:00,1789439400000,9886.656038416582,9886.656038416582,0,0,0
2026-09-15T10:45:00+08:00,1789440300000,9886.656038416582,9886.656038416582,0,0,0
2026-09-15T11:00:00+08:00,1789441200000,9886.656038416582,9886.656038416582,0,0,0
2026-09-15T11:15:00+08:00,1789442100000,9886.656038416582,9886.656038416582,0,0,0
2026-09-15T11:30:00+08:00,1789443000000,9886.656038416582,9886.656038416582,0,0,0
2026-09-15T11:45:00+08:00,1789443900000,9886.656038416582,9886.656038416582,0,0,0
2026-09-15T12:00:00+08:00,1789444800000,9886.656038416582,9886.656038416582,0,0,0
2026-09-15T12:15:00+08:00,1789445700000,9886.656038416582,9886.656038416582,0,0,0
2026-09-15T12:30:00+08:00,1789446600000,9886.656038416582,9886.656038416582,0,0,0
2026-09-15T12:45:00+08:00,1789447500000,9886.656038416582,9886.656038416582,0,0,0
2026-09-15T13:00:00+08:00,1789448400000,9886.656038416582,9886.656038416582,0,0,0
2026-09-15T13:15:00+08:00,1789449300000,9886.656038416582,9886.656038416582,0,0,0
2026-09-15T13:30:00+08:00,1789450200000,9886.656038416582,9886.656038416582,0,0,0
2026-09-15T13:45:00+08:00,1789451100000,9886.656038416582,9886.656038416582,0,0,0
2026-09-15T14:00:00+08:00,1789452000000,9886.63527997297,9886.616038416581,1,0,1
2026-09-15T14:15:00+08:00,1789452900000,9886.042864409075,9886.616038416581,1,0,1
2026-09-15T14:30:00+08:00,1789453800000,9886.042864409075,9886.042864409075,0,0,0
2026-09-15T14:45:00+08:00,1789454700000,9886.042864409075,9886.042864409075,0,0,0
2026-09-15T15:00:00+08:00,1789455600000,9886.042864409075,9886.042864409075,0,0,0
2026-09-15T15:15:00+08:00,1789456500000,9886.042864409075,9886.042864409075,0,0,0
2026-09-15T15:30:00+08:00,1789457400000,9886.042864409075,9886.042864409075,0,0,0
2026-09-15T15:45:00+08:00,1789458300000,9886.40032762975,9886.002864409074,0,1,1
2026-09-15T16:00:00+08:00,1789459200000,9886.619059240089,9886.002864409074,0,1,1
2026-09-15T16:15:00+08:00,1789460100000,9886.71833873345,9885.962864409074,0,2,2
2026-09-15T16:30:00+08:00,1789461000000,9886.120846177815,9885.962864409074,0,2,2
2026-09-15T16:45:00+08:00,1789461900000,9885.701935128753,9886.360327629749,0,1,1
2026-09-15T17:00:00+08:00,1789462800000,9885.522541550861,9885.661935128752,1,0,1
2026-09-15T17:15:00+08:00,1789463700000,9885.582177697595,9885.661935128752,1,0,1
2026-09-15T17:30:00+08:00,1789464600000,9886.456450922378,9885.621935128751,2,0,2
2026-09-15T17:45:00+08:00,1789465500000,9886.257644000549,9885.621935128751,2,0,2
2026-09-15T18:00:00+08:00,1789466400000,9886.496212306745,9885.621935128751,2,0,2
2026-09-15T18:15:00+08:00,1789467300000,9885.820268772524,9885.621935128751,2,0,2
2026-09-15T18:30:00+08:00,1789468200000,9886.257687485857,9885.70120742222,1,0,1
2026-09-15T18:45:00+08:00,1789469100000,9886.297452823434,9885.70120742222,1,0,1
2026-09-15T19:00:00+08:00,1789470000000,9886.297452823434,9886.297452823434,0,0,0
2026-09-15T19:15:00+08:00,1789470900000,9886.297452823434,9886.297452823434,0,0,0
2026-09-15T19:30:00+08:00,1789471800000,9886.297452823434,9886.297452823434,0,0,0
2026-09-15T19:45:00+08:00,1789472700000,9886.297452823434,9886.297452823434,0,0,0
2026-09-15T20:00:00+08:00,1789473600000,9886.297452823434,9886.297452823434,0,0,0
2026-09-15T20:15:00+08:00,1789474500000,9886.297452823434,9886.297452823434,0,0,0
2026-09-15T20:30:00+08:00,1789475400000,9886.297452823434,9886.297452823434,0,0,0
2026-09-15T20:45:00+08:00,1789476300000,9886.257088105891,9886.257452823433,1,0,1
2026-09-15T21:00:00+08:00,1789477200000,9886.534535083096,9886.257452823433,1,0,1
2026-09-15T21:15:00+08:00,1789478100000,9886.177817540975,9886.257452823433,1,0,1
2026-09-15T21:30:00+08:00,1789479000000,9886.197635182203,9886.197635182203,0,0,0
2026-09-15T21:45:00+08:00,1789479900000,9885.498810713587,9886.157635182202,0,1,1
2026-09-15T22:00:00+08:00,1789480800000,9886.037786863671,9886.157635182202,0,1,1
2026-09-15T22:15:00+08:00,1789481700000,9887.414650336075,9886.117635182201,0,2,2
2026-09-15T22:30:00+08:00,1789482600000,9891.445984951097,9886.117635182201,0,2,2
2026-09-15T22:45:00+08:00,1789483500000,9891.80521278808,9886.117635182201,0,2,2
2026-09-15T23:00:00+08:00,1789484400000,9890.647700868916,9886.117635182201,0,2,2
2026-09-15T23:15:00+08:00,1789485300000,9889.90947226329,9888.333350180705,0,1,1
2026-09-15T23:30:00+08:00,1789486200000,9890.108993508053,9888.333350180705,0,1,1
2026-09-15T23:45:00+08:00,1789487100000,9890.168849881482,9888.333350180705,0,1,1
2026-09-16T00:00:00+08:00,1789488000000,9891.126551856349,9888.333350180705,0,1,1
2026-09-16T00:15:00+08:00,1789488900000,9890.34841900177,9888.333350180705,0,1,1
2026-09-16T00:30:00+08:00,1789489800000,9890.368371126246,9890.368371126246,0,0,0
2026-09-16T00:45:00+08:00,1789490700000,9890.368371126246,9890.368371126246,0,0,0
2026-09-16T01:00:00+08:00,1789491600000,9890.025876932566,9890.328371126245,1,0,1
2026-09-16T01:15:00+08:00,1789492500000,9890.025876932566,9890.025876932566,0,0,0
2026-09-16T01:30:00+08:00,1789493400000,9890.025876932566,9890.025876932566,0,0,0
2026-09-16T01:45:00+08:00,1789494300000,9890.025876932566,9890.025876932566,0,0,0
2026-09-16T02:00:00+08:00,1789495200000,9890.025876932566,9890.025876932566,0,0,0
2026-09-16T02:15:00+08:00,1789496100000,9890.025876932566,9890.025876932566,0,0,0
2026-09-16T02:30:00+08:00,1789497000000,9890.025876932566,9890.025876932566,0,0,0
2026-09-16T02:45:00+08:00,1789497900000,9889.680463582903,9889.985876932566,0,1,1
2026-09-16T03:00:00+08:00,1789498800000,9889.945876932565,9889.985876932566,0,1,1
2026-09-16T03:15:00+08:00,1789499700000,9891.49918985357,9889.945876932565,0,2,2
2026-09-16T03:30:00+08:00,1789500600000,9891.580855499618,9889.945876932565,0,2,2
2026-09-16T03:45:00+08:00,1789501500000,9891.02961238878,9890.742949804579,0,1,1
2026-09-16T04:00:00+08:00,1789502400000,9891.662521145669,9890.742949804579,0,1,1
2026-09-16T04:15:00+08:00,1789503300000,9893.071253540034,9890.742949804579,0,1,1
2026-09-16T04:30:00+08:00,1789504200000,9892.458761194659,9890.742949804579,0,1,1
2026-09-16T04:45:00+08:00,1789505100000,9892.458761194659,9892.458761194659,0,0,0
2026-09-16T05:00:00+08:00,1789506000000,9892.458761194659,9892.458761194659,0,0,0
2026-09-16T05:15:00+08:00,1789506900000,9892.458761194659,9892.458761194659,0,0,0
2026-09-16T05:30:00+08:00,1789507800000,9892.458761194659,9892.458761194659,0,0,0
2026-09-16T05:45:00+08:00,1789508700000,9892.458761194659,9892.458761194659,0,0,0
2026-09-16T06:00:00+08:00,1789509600000,9892.458761194659,9892.458761194659,0,0,0
2026-09-16T06:15:00+08:00,1789510500000,9892.458761194659,9892.458761194659,0,0,0
2026-09-16T06:30:00+08:00,1789511400000,9892.730148418144,9892.418761194658,1,0,1
2026-09-16T06:45:00+08:00,1789512300000,9893.102205478304,9892.418761194658,1,0,1
2026-09-16T07:00:00+08:00,1789513200000,9894.569607778672,9892.378761194657,2,0,2
2026-09-16T07:15:00+08:00,1789514100000,9894.487081699554,9892.378761194657,2,0,2
2026-09-16T07:30:00+08:00,1789515000000,9893.042875314979,9892.378761194657,2,0,2
2026-09-16T07:45:00+08:00,1789515900000,9892.425002594679,9893.062205478303,1,0,1
2026-09-16T08:00:00+08:00,1789516800000,9892.569155014864,9893.062205478303,1,0,1
2026-09-16T08:15:00+08:00,1789517700000,9893.145764695606,9893.062205478303,1,0,1
2026-09-16T08:30:00+08:00,1789518600000,9893.083985086954,9893.062205478303,1,0,1
2026-09-16T08:45:00+08:00,1789519500000,9892.551004589095,9893.022205478303,2,0,2
2026-09-16T09:00:00+08:00,1789520400000,9892.592178273848,9892.817459855234,1,0,1
2026-09-16T09:15:00+08:00,1789521300000,9892.551004589095,9892.817459855234,1,0,1
2026-09-16T09:30:00+08:00,1789522200000,9891.953986160186,9892.817459855234,1,0,1
2026-09-16T09:45:00+08:00,1789523100000,9891.3363808889,9892.817459855234,1,0,1
2026-09-16T10:00:00+08:00,1789524000000,9890.696378987408,9891.275794046524,0,1,1
2026-09-16T10:15:00+08:00,1789524900000,9890.696378987408,9890.696378987408,0,0,0
2026-09-16T10:30:00+08:00,1789525800000,9890.883842718244,9890.656378987407,1,0,1
2026-09-16T10:45:00+08:00,1789526700000,9890.575230721124,9890.656378987407,1,0,1
2026-09-16T11:00:00+08:00,1789527600000,9891.153670736328,9890.616378987406,2,0,2
2026-09-16T11:15:00+08:00,1789528500000,9890.412925719223,9890.616378987406,2,0,2
2026-09-16T11:30:00+08:00,1789529400000,9890.24829877675,9890.494082454841,1,0,1
2026-09-16T11:45:00+08:00,1789530300000,9890.495239190459,9890.494082454841,1,0,1
2026-09-16T12:00:00+08:00,1789531200000,9890.824493075403,9890.494082454841,1,0,1
2026-09-16T12:15:00+08:00,1789532100000,9890.84730459625,9890.45408245484,2,0,2
2026-09-16T12:30:00+08:00,1789533000000,9890.806188019731,9890.45408245484,2,0,2
2026-09-16T12:45:00+08:00,1789533900000,9890.47757668037,9890.82564981102,1,0,1
2026-09-16T13:00:00+08:00,1789534800000,9889.943583253913,9890.82564981102,1,0,1
2026-09-16T13:15:00+08:00,1789535700000,9889.554022452721,9889.924121462622,0,1,1
2026-09-16T13:30:00+08:00,1789536600000,9889.347710571532,9889.924121462622,0,1,1
2026-09-16T13:45:00+08:00,1789537500000,9889.368341759651,9889.368341759651,0,0,0
2026-09-16T14:00:00+08:00,1789538400000,9889.267767626508,9889.32834175965,1,0,1
2026-09-16T14:15:00+08:00,1789539300000,9889.247193493367,9889.247193493367,0,0,0
2026-09-16T14:30:00+08:00,1789540200000,9889.290814875589,9889.207193493367,0,1,1
2026-09-16T14:45:00+08:00,1789541100000,9888.652104400771,9889.207193493367,0,1,1
2026-09-16T15:00:00+08:00,1789542000000,9888.305084415722,9888.632707964474,1,0,1
2026-09-16T15:15:00+08:00,1789542900000,9888.305084415722,9888.305084415722,0,0,0
2026-09-16T15:30:00+08:00,1789543800000,9888.389980860853,9888.265084415722,0,1,1
2026-09-16T15:45:00+08:00,1789544700000,9888.513653194701,9888.265084415722,0,1,1
2026-09-16T16:00:00+08:00,1789545600000,9889.815713860502,9888.22508441572,0,2,2
2026-09-16T16:15:00+08:00,1789546500000,9889.856969878992,9888.22508441572,0,2,2
2026-09-16T16:30:00+08:00,1789547400000,9889.238129601647,9888.22508441572,0,2,2
2026-09-16T16:45:00+08:00,1789548300000,9888.680710697536,9888.90650636317,0,1,1
2026-09-16T17:00:00+08:00,1789549200000,9888.536202957597,9888.90650636317,0,1,1
2026-09-16T17:15:00+08:00,1789550100000,9888.518008026625,9888.496202957596,1,0,1
2026-09-16T17:30:00+08:00,1789551000000,9888.765228302744,9888.496202957596,1,0,1
2026-09-16T17:45:00+08:00,1789551900000,9888.746999466503,9888.456202957595,2,0,2
2026-09-16T18:00:00+08:00,1789552800000,9888.17062682934,9888.456202957595,2,0,2
2026-09-16T18:15:00+08:00,1789553700000,9888.561414733063,9888.478008026625,1,0,1
2026-09-16T18:30:00+08:00,1789554600000,9888.602550301877,9888.478008026625,1,0,1
2026-09-16T18:45:00+08:00,1789555500000,9888.296378665846,9888.438008026624,2,0,2
2026-09-16T19:00:00+08:00,1789556400000,9888.008636862987,9888.439143595437,1,0,1
2026-09-16T19:15:00+08:00,1789557300000,9888.378590609518,9888.439143595437,1,0,1
2026-09-16T19:30:00+08:00,1789558200000,9890.084488440745,9888.439143595437,1,0,1
2026-09-16T19:45:00+08:00,1789559100000,9889.349541389727,9888.399143595436,2,0,2
2026-09-16T20:00:00+08:00,1789560000000,9888.16244985976,9888.399143595436,2,0,2
2026-09-16T20:15:00+08:00,1789560900000,9887.795588173896,9889.119604074416,1,0,1
2026-09-16T20:30:00+08:00,1789561800000,9887.612157330965,9889.119604074416,1,0,1
2026-09-16T20:45:00+08:00,1789562700000,9887.22418524511,9887.551776126194,0,1,1
2026-09-16T21:00:00+08:00,1789563600000,9887.840451418862,9887.551776126194,0,1,1
2026-09-16T21:15:00+08:00,1789564500000,9887.698752953425,9887.511776126194,0,2,2
2026-09-16T21:30:00+08:00,1789565400000,9887.822113960267,9887.511776126194,0,2,2
2026-09-16T21:45:00+08:00,1789566300000,9888.192196980792,9887.511776126194,0,2,2
2026-09-16T22:00:00+08:00,1789567200000,9889.425807049205,9887.511776126194,0,2,2
2026-09-16T22:15:00+08:00,1789568100000,9887.698752953425,9887.511776126194,0,2,2
2026-09-16T22:30:00+08:00,1789569000000,9888.110315549866,9887.77990921307,0,1,1
2026-09-16T22:45:00+08:00,1789569900000,9888.192628069155,9887.77990921307,0,1,1
2026-09-16T23:00:00+08:00,1789570800000,9887.719331083248,9887.77990921307,0,1,1
2026-09-16T23:15:00+08:00,1789571700000,9888.295518718265,9887.77990921307,0,1,1
2026-09-16T23:30:00+08:00,1789572600000,9888.069159290222,9887.77990921307,0,1,1
2026-09-16T23:45:00+08:00,1789573500000,9888.069159290222,9888.069159290222,0,0,0
2026-09-17T00:00:00+08:00,1789574400000,9888.069159290222,9888.069159290222,0,0,0
2026-09-17T00:15:00+08:00,1789575300000,9887.927481313664,9888.029159290221,1,0,1
2026-09-17T00:30:00+08:00,1789576200000,9887.49573547776,9888.029159290221,1,0,1
2026-09-17T00:45:00+08:00,1789577100000,9887.47517615224,9887.47517615224,0,0,0
2026-09-17T01:00:00+08:00,1789578000000,9887.47517615224,9887.47517615224,0,0,0
2026-09-17T01:15:00+08:00,1789578900000,9887.47517615224,9887.47517615224,0,0,0
2026-09-17T01:30:00+08:00,1789579800000,9888.8804685107,9887.43517615224,0,1,1
2026-09-17T01:45:00+08:00,1789580700000,9887.35391803117,9887.43517615224,0,1,1
2026-09-17T02:00:00+08:00,1789581600000,9887.333288970636,9887.333288970636,0,0,0
2026-09-17T02:15:00+08:00,1789582500000,9888.357475492774,9887.293288970635,1,0,1
2026-09-17T02:30:00+08:00,1789583400000,9887.482294685982,9887.253288970634,2,0,2
2026-09-17T02:45:00+08:00,1789584300000,9886.01416301635,9887.253288970634,2,0,2
2026-09-17T03:00:00+08:00,1789585200000,9886.766618236446,9887.213288970634,1,0,1
2026-09-17T03:15:00+08:00,1789586100000,9885.221269446534,9887.213288970634,1,0,1
2026-09-17T03:30:00+08:00,1789587000000,9886.522615795933,9887.213288970634,1,0,1
2026-09-17T03:45:00+08:00,1789587900000,9886.542949332643,9887.213288970634,1,0,1
2026-09-17T04:00:00+08:00,1789588800000,9886.542949332643,9886.542949332643,0,0,0
2026-09-17T04:15:00+08:00,1789589700000,9886.542949332643,9886.542949332643,0,0,0
2026-09-17T04:30:00+08:00,1789590600000,9886.542949332643,9886.542949332643,0,0,0
2026-09-17T04:45:00+08:00,1789591500000,9886.542949332643,9886.542949332643,0,0,0
2026-09-17T05:00:00+08:00,1789592400000,9886.542949332643,9886.542949332643,0,0,0
2026-09-17T05:15:00+08:00,1789593300000,9886.542949332643,9886.542949332643,0,0,0
2026-09-17T05:30:00+08:00,1789594200000,9886.542949332643,9886.542949332643,0,0,0
2026-09-17T05:45:00+08:00,1789595100000,9886.096127816749,9886.502949332642,0,1,1
2026-09-17T06:00:00+08:00,1789596000000,9886.76863392922,9886.502949332642,0,1,1
2026-09-17T06:15:00+08:00,1789596900000,9887.74915144789,9886.462949332641,0,2,2
2026-09-17T06:30:00+08:00,1789597800000,9888.36098847789,9886.462949332641,0,2,2
2026-09-17T06:45:00+08:00,1789598700000,9889.013614643227,9886.462949332641,0,2,2
2026-09-17T07:00:00+08:00,1789599600000,9887.789940583221,9886.462949332641,0,2,2
2026-09-17T07:15:00+08:00,1789600500000,9886.483690200608,9887.278866203056,0,1,1
2026-09-17T07:30:00+08:00,1789601400000,9885.912205658215,9887.278866203056,0,1,1
2026-09-17T07:45:00+08:00,1789602300000,9885.669936774995,9885.851795495984,1,0,1
2026-09-17T08:00:00+08:00,1789603200000,9886.156309532673,9885.851795495984,1,0,1
2026-09-17T08:15:00+08:00,1789604100000,9885.792836080804,9885.811795495983,2,0,2
2026-09-17T08:30:00+08:00,1789605000000,9886.05586972245,9885.994716343252,1,0,1
2026-09-17T08:45:00+08:00,1789605900000,9885.570333502297,9885.994716343252,1,0,1
2026-09-17T09:00:00+08:00,1789606800000,9885.550102826457,9885.994716343252,1,0,1
2026-09-17T09:15:00+08:00,1789607700000,9886.986480811078,9885.994716343252,1,0,1
2026-09-17T09:30:00+08:00,1789608600000,9887.067403514437,9885.994716343252,1,0,1
2026-09-17T09:45:00+08:00,1789609500000,9886.16014434897,9885.95471634325,2,0,2
2026-09-17T10:00:00+08:00,1789610400000,9885.858443046545,9886.622789997642,1,0,1
2026-09-17T10:15:00+08:00,1789611300000,9885.91880529247,9886.622789997642,1,0,1
2026-09-17T10:30:00+08:00,1789612200000,9884.728032955265,9885.878805292468,0,1,1
2026-09-17T10:45:00+08:00,1789613100000,9884.02560840269,9884.667837094588,1,0,1
2026-09-17T11:00:00+08:00,1789614000000,9884.04568269242,9884.04568269242,0,0,0
2026-09-17T11:15:00+08:00,1789614900000,9884.04568269242,9884.04568269242,0,0,0
2026-09-17T11:30:00+08:00,1789615800000,9884.04568269242,9884.04568269242,0,0,0
2026-09-17T11:45:00+08:00,1789616700000,9884.04568269242,9884.04568269242,0,0,0
2026-09-17T12:00:00+08:00,1789617600000,9884.04568269242,9884.04568269242,0,0,0
2026-09-17T12:15:00+08:00,1789618500000,9884.04568269242,9884.04568269242,0,0,0
2026-09-17T12:30:00+08:00,1789619400000,9883.421109189698,9884.00568269242,0,1,1
2026-09-17T12:45:00+08:00,1789620300000,9882.614333630108,9884.00568269242,0,1,1
2026-09-17T13:00:00+08:00,1789621200000,9882.594164241118,9882.594164241118,0,0,0
2026-09-17T13:15:00+08:00,1789622100000,9882.594164241118,9882.594164241118,0,0,0
2026-09-17T13:30:00+08:00,1789623000000,9882.594164241118,9882.594164241118,0,0,0
2026-09-17T13:45:00+08:00,1789623900000,9882.594164241118,9882.594164241118,0,0,0
2026-09-17T14:00:00+08:00,1789624800000,9882.594164241118,9882.594164241118,0,0,0
2026-09-17T14:15:00+08:00,1789625700000,9882.594164241118,9882.594164241118,0,0,0
2026-09-17T14:30:00+08:00,1789626600000,9882.594164241118,9882.594164241118,0,0,0
2026-09-17T14:45:00+08:00,1789627500000,9882.594164241118,9882.594164241118,0,0,0
2026-09-17T15:00:00+08:00,1789628400000,9882.594164241118,9882.594164241118,0,0,0
2026-09-17T15:15:00+08:00,1789629300000,9882.574146242918,9882.554164241117,1,0,1
2026-09-17T15:30:00+08:00,1789630200000,9882.534158241717,9882.554164241117,1,0,1
2026-09-17T15:45:00+08:00,1789631100000,9882.514164241116,9882.514164241116,0,0,0
2026-09-17T16:00:00+08:00,1789632000000,9882.514164241116,9882.514164241116,0,0,0
2026-09-17T16:15:00+08:00,1789632900000,9882.213855871072,9882.474164241115,0,1,1
2026-09-17T16:30:00+08:00,1789633800000,9881.893407332826,9882.474164241115,0,1,1
2026-09-17T16:45:00+08:00,1789634700000,9881.893407332826,9881.893407332826,0,0,0
2026-09-17T17:00:00+08:00,1789635600000,9882.391672191221,9881.853407332825,1,0,1
2026-09-17T17:15:00+08:00,1789636500000,9882.391672191221,9881.853407332825,1,0,1
2026-09-17T17:30:00+08:00,1789637400000,9881.754152482757,9881.813407332824,2,0,2
2026-09-17T17:45:00+08:00,1789638300000,9881.25708576306,9882.072509845788,1,0,1
2026-09-17T18:00:00+08:00,1789639200000,9881.935871947926,9881.217085763059,0,1,1
2026-09-17T18:15:00+08:00,1789640100000,9882.235392810373,9881.217085763059,0,1,1
2026-09-17T18:30:00+08:00,1789641000000,9882.315562079997,9881.177085763058,0,2,2
2026-09-17T18:45:00+08:00,1789641900000,9881.55475804928,9881.177085763058,0,2,2
2026-09-17T19:00:00+08:00,1789642800000,9880.91238173217,9881.895871947925,0,1,1
2026-09-17T19:15:00+08:00,1789643700000,9881.213495630815,9881.895871947925,0,1,1
2026-09-17T19:30:00+08:00,1789644600000,9882.116837326752,9881.895871947925,0,1,1
2026-09-17T19:45:00+08:00,1789645500000,9879.787051762161,9881.855871947924,0,2,2
2026-09-17T20:00:00+08:00,1789646400000,9878.400092260013,9880.972753031718,0,1,1
2026-09-17T20:15:00+08:00,1789647300000,9879.014205489375,9878.339991777697,1,0,1
2026-09-17T20:30:00+08:00,1789648200000,9878.359509587004,9878.339991777697,1,0,1
2026-09-17T20:45:00+08:00,1789649100000,9878.359509587004,9878.359509587004,0,0,0
2026-09-17T21:00:00+08:00,1789650000000,9878.359509587004,9878.359509587004,0,0,0
2026-09-17T21:15:00+08:00,1789650900000,9878.359509587004,9878.359509587004,0,0,0
2026-09-17T21:30:00+08:00,1789651800000,9879.35627992193,9878.319509587003,0,1,1
2026-09-17T21:45:00+08:00,1789652700000,9877.541722505664,9878.319509587003,0,1,1
2026-09-17T22:00:00+08:00,1789653600000,9877.521782314276,9877.521782314276,0,0,0
2026-09-17T22:15:00+08:00,1789654500000,9877.71788843914,9877.481782314275,1,0,1
2026-09-17T22:30:00+08:00,1789655400000,9877.04734499304,9877.481782314275,1,0,1
2026-09-17T22:45:00+08:00,1789656300000,9877.04734499304,9877.04734499304,0,0,0
2026-09-17T23:00:00+08:00,1789657200000,9877.04734499304,9877.04734499304,0,0,0
2026-09-17T23:15:00+08:00,1789658100000,9877.086807519167,9877.007344993039,0,1,1
2026-09-17T23:30:00+08:00,1789659000000,9875.712988468704,9877.007344993039,0,1,1
2026-09-17T23:45:00+08:00,1789659900000,9875.712988468704,9875.712988468704,0,0,0
2026-09-18T00:00:00+08:00,1789660800000,9875.712008425233,9875.672988468703,1,0,1
2026-09-18T00:15:00+08:00,1789661700000,9875.514458533908,9875.672988468703,1,0,1
2026-09-18T00:30:00+08:00,1789662600000,9875.494703544775,9875.494703544775,0,0,0
2026-09-18T00:45:00+08:00,1789663500000,9875.494703544775,9875.494703544775,0,0,0
2026-09-18T01:00:00+08:00,1789664400000,9875.494703544775,9875.494703544775,0,0,0
2026-09-18T01:15:00+08:00,1789665300000,9875.494703544775,9875.494703544775,0,0,0
2026-09-18T01:30:00+08:00,1789666200000,9875.494703544775,9875.494703544775,0,0,0
2026-09-18T01:45:00+08:00,1789667100000,9875.494703544775,9875.494703544775,0,0,0
2026-09-18T02:00:00+08:00,1789668000000,9875.494703544775,9875.494703544775,0,0,0
2026-09-18T02:15:00+08:00,1789668900000,9875.494703544775,9875.494703544775,0,0,0
2026-09-18T02:30:00+08:00,1789669800000,9875.730753707705,9875.454703544774,0,1,1
2026-09-18T02:45:00+08:00,1789670700000,9876.3233477632,9875.454703544774,0,1,1
2026-09-18T03:00:00+08:00,1789671600000,9876.401733382,9875.414703544773,0,2,2
2026-09-18T03:15:00+08:00,1789672500000,9875.649401692697,9875.414703544773,0,2,2
2026-09-18T03:30:00+08:00,1789673400000,9875.768371175465,9876.006803870634,0,1,1
2026-09-18T03:45:00+08:00,1789674300000,9875.768371175465,9876.006803870634,0,1,1
2026-09-18T04:00:00+08:00,1789675200000,9874.637240235012,9875.966803870633,0,2,2
2026-09-18T04:15:00+08:00,1789676100000,9874.43891568291,9875.966803870633,0,2,2
2026-09-18T04:30:00+08:00,1789677000000,9875.430538443423,9875.966803870633,0,2,2
2026-09-18T04:45:00+08:00,1789677900000,9874.359585862068,9875.966803870633,0,2,2
2026-09-18T05:00:00+08:00,1789678800000,9874.042735561106,9874.359250772486,1,0,1
2026-09-18T05:15:00+08:00,1789679700000,9873.764858322047,9874.022486647633,0,1,1
2026-09-18T05:30:00+08:00,1789680600000,9873.842898235107,9873.724858322046,1,0,1
2026-09-18T05:45:00+08:00,1789681500000,9873.447798452455,9873.724858322046,1,0,1
2026-09-18T06:00:00+08:00,1789682400000,9873.447798452455,9873.447798452455,0,0,0
2026-09-18T06:15:00+08:00,1789683300000,9873.763642916687,9873.407798452454,0,1,1
2026-09-18T06:30:00+08:00,1789684200000,9871.662834754465,9873.367798452453,0,2,2
2026-09-18T06:45:00+08:00,1789685100000,9871.503767332884,9871.583211065008,1,0,1
2026-09-18T07:00:00+08:00,1789686000000,9871.799595323811,9871.583211065008,1,0,1
2026-09-18T07:15:00+08:00,1789686900000,9871.483084458408,9871.543211065007,2,0,2
2026-09-18T07:30:00+08:00,1789687800000,9871.581567515936,9871.64126412744,1,0,1
2026-09-18T07:45:00+08:00,1789688700000,9871.71944379647,9871.64126412744,1,0,1
2026-09-18T08:00:00+08:00,1789689600000,9871.423994623894,9871.64126412744,1,0,1
2026-09-18T08:15:00+08:00,1789690500000,9871.404298012389,9871.404298012389,0,0,0
2026-09-18T08:30:00+08:00,1789691400000,9870.729825501243,9871.364298012388,0,1,1
2026-09-18T08:45:00+08:00,1789692300000,9870.511852247157,9871.364298012388,0,1,1
2026-09-18T09:00:00+08:00,1789693200000,9870.492036496786,9870.492036496786,0,0,0
2026-09-18T09:15:00+08:00,1789694100000,9870.492036496786,9870.492036496786,0,0,0
2026-09-18T09:30:00+08:00,1789695000000,9871.178317326106,9870.452036496785,1,0,1
2026-09-18T09:45:00+08:00,1789695900000,9871.68917121232,9870.452036496785,1,0,1
2026-09-18T10:00:00+08:00,1789696800000,9871.62881943871,9870.412036496784,2,0,2
2026-09-18T10:15:00+08:00,1789697700000,9872.020517947882,9870.412036496784,2,0,2
2026-09-18T10:30:00+08:00,1789698600000,9872.059434595061,9871.845653476248,1,0,1
2026-09-18T10:45:00+08:00,1789699500000,9872.352258962921,9871.845653476248,1,0,1
2026-09-18T11:00:00+08:00,1789700400000,9874.265378166281,9871.845653476248,1,0,1
2026-09-18T11:15:00+08:00,1789701300000,9874.811983652955,9871.845653476248,1,0,1
2026-09-18T11:30:00+08:00,1789702200000,9874.887000034669,9871.805653476247,2,0,2
2026-09-18T11:45:00+08:00,1789703100000,9875.925553463543,9874.85007015105,1,0,1
2026-09-18T12:00:00+08:00,1789704000000,9876.17557558531,9874.85007015105,1,0,1
2026-09-18T12:15:00+08:00,1789704900000,9876.17557558531,9876.17557558531,0,0,0
2026-09-18T12:30:00+08:00,1789705800000,9876.17557558531,9876.17557558531,0,0,0
2026-09-18T12:45:00+08:00,1789706700000,9876.17557558531,9876.17557558531,0,0,0
2026-09-18T13:00:00+08:00,1789707600000,9876.17557558531,9876.17557558531,0,0,0
2026-09-18T13:15:00+08:00,1789708500000,9876.17557558531,9876.17557558531,0,0,0
2026-09-18T13:30:00+08:00,1789709400000,9876.17557558531,9876.17557558531,0,0,0
2026-09-18T13:45:00+08:00,1789710300000,9876.17557558531,9876.17557558531,0,0,0
2026-09-18T14:00:00+08:00,1789711200000,9875.734663990968,9876.13557558531,0,1,1
2026-09-18T14:15:00+08:00,1789712100000,9875.639687255616,9876.13557558531,0,1,1
2026-09-18T14:30:00+08:00,1789713000000,9875.559687255614,9876.095575585308,0,2,2
2026-09-18T14:45:00+08:00,1789713900000,9875.673529762955,9876.095575585308,0,2,2
2026-09-18T15:00:00+08:00,1789714800000,9874.57305219199,9876.095575585308,0,2,2
2026-09-18T15:15:00+08:00,1789715700000,9874.610999694436,9875.12480357885,0,1,1
2026-09-18T15:30:00+08:00,1789716600000,9874.269860897657,9875.12480357885,0,1,1
2026-09-18T15:45:00+08:00,1789717500000,9874.724712626696,9875.12480357885,0,1,1
2026-09-18T16:00:00+08:00,1789718400000,9875.046899268096,9875.12480357885,0,1,1
2026-09-18T16:15:00+08:00,1789719300000,9873.754076218183,9875.08480357885,0,2,2
2026-09-18T16:30:00+08:00,1789720200000,9873.96251402289,9874.419382451422,0,1,1
2026-09-18T16:45:00+08:00,1789721100000,9873.034034341164,9874.419382451422,0,1,1
2026-09-18T17:00:00+08:00,1789722000000,9873.034034341164,9873.034034341164,0,0,0
2026-09-18T17:15:00+08:00,1789722900000,9873.034034341164,9873.034034341164,0,0,0
2026-09-18T17:30:00+08:00,1789723800000,9873.034034341164,9873.034034341164,0,0,0
2026-09-18T17:45:00+08:00,1789724700000,9873.034034341164,9873.034034341164,0,0,0
2026-09-18T18:00:00+08:00,1789725600000,9873.034034341164,9873.034034341164,0,0,0
2026-09-18T18:15:00+08:00,1789726500000,9873.034034341164,9873.034034341164,0,0,0
2026-09-18T18:30:00+08:00,1789727400000,9873.034034341164,9873.034034341164,0,0,0
2026-09-18T18:45:00+08:00,1789728300000,9873.034034341164,9873.034034341164,0,0,0
2026-09-18T19:00:00+08:00,1789729200000,9873.034034341164,9873.034034341164,0,0,0
2026-09-18T19:15:00+08:00,1789730100000,9873.034034341164,9873.034034341164,0,0,0
2026-09-18T19:30:00+08:00,1789731000000,9873.034034341164,9873.034034341164,0,0,0
2026-09-18T19:45:00+08:00,1789731900000,9873.034034341164,9873.034034341164,0,0,0
2026-09-18T20:00:00+08:00,1789732800000,9873.034034341164,9873.034034341164,0,0,0
2026-09-18T20:15:00+08:00,1789733700000,9873.034034341164,9873.034034341164,0,0,0
2026-09-18T20:30:00+08:00,1789734600000,9873.034034341164,9873.034034341164,0,0,0
2026-09-18T20:45:00+08:00,1789735500000,9873.034034341164,9873.034034341164,0,0,0
2026-09-18T21:00:00+08:00,1789736400000,9873.034034341164,9873.034034341164,0,0,0
2026-09-18T21:15:00+08:00,1789737300000,9873.034034341164,9873.034034341164,0,0,0
2026-09-18T21:30:00+08:00,1789738200000,9873.034034341164,9873.034034341164,0,0,0
2026-09-18T21:45:00+08:00,1789739100000,9874.42077900226,9872.994034341164,1,0,1
2026-09-18T22:00:00+08:00,1789740000000,9875.311965631785,9872.994034341164,1,0,1
2026-09-18T22:15:00+08:00,1789740900000,9876.50563212277,9872.954034341163,2,0,2
2026-09-18T22:30:00+08:00,1789741800000,9879.53263825322,9872.954034341163,2,0,2
2026-09-18T22:45:00+08:00,1789742700000,9881.673691369882,9872.954034341163,2,0,2
2026-09-18T23:00:00+08:00,1789743600000,9879.126576455234,9872.954034341163,2,0,2
2026-09-18T23:15:00+08:00,1789744500000,9880.007295853287,9877.240002771989,1,0,1
2026-09-18T23:30:00+08:00,1789745400000,9879.401801267126,9877.240002771989,1,0,1
2026-09-18T23:45:00+08:00,1789746300000,9881.12654342165,9877.240002771989,1,0,1
2026-09-19T00:00:00+08:00,1789747200000,9881.768734649397,9877.240002771989,1,0,1
2026-09-19T00:15:00+08:00,1789748100000,9882.19900277199,9882.19900277199,0,0,0
2026-09-19T00:30:00+08:00,1789749000000,9882.19900277199,9882.19900277199,0,0,0
2026-09-19T00:45:00+08:00,1789749900000,9882.19900277199,9882.19900277199,0,0,0
2026-09-19T01:00:00+08:00,1789750800000,9882.19900277199,9882.19900277199,0,0,0
2026-09-19T01:15:00+08:00,1789751700000,9882.19900277199,9882.19900277199,0,0,0
2026-09-19T01:30:00+08:00,1789752600000,9882.19900277199,9882.19900277199,0,0,0
2026-09-19T01:45:00+08:00,1789753500000,9882.19900277199,9882.19900277199,0,0,0
2026-09-19T02:00:00+08:00,1789754400000,9882.456578045103,9882.159002771989,0,1,1
2026-09-19T02:15:00+08:00,1789755300000,9881.852495977424,9882.159002771989,0,1,1
2026-09-19T02:30:00+08:00,1789756200000,9883.05087758507,9882.119002771988,0,2,2
2026-09-19T02:45:00+08:00,1789757100000,9883.903131990168,9882.119002771988,0,2,2
2026-09-19T03:00:00+08:00,1789758000000,9881.27534757445,9882.119002771988,0,2,2
2026-09-19T03:15:00+08:00,1789758900000,9879.536486478122,9881.563756302497,0,1,1
2026-09-19T03:30:00+08:00,1789759800000,9879.199360347202,9881.563756302497,0,1,1
2026-09-19T03:45:00+08:00,1789760700000,9879.329752280564,9879.159360347201,1,0,1
2026-09-19T04:00:00+08:00,1789761600000,9878.76870712493,9879.159360347201,1,0,1
2026-09-19T04:15:00+08:00,1789762500000,9879.321339607877,9878.711174463815,0,1,1
2026-09-19T04:30:00+08:00,1789763400000,9878.917182896703,9878.711174463815,0,1,1
2026-09-19T04:45:00+08:00,1789764300000,9879.575662564504,9878.671174463814,0,2,2
2026-09-19T05:00:00+08:00,1789765200000,9878.87234859517,9878.671174463814,0,2,2
2026-09-19T05:15:00+08:00,1789766100000,9879.540496866039,9878.671174463814,0,2,2
2026-09-19T05:30:00+08:00,1789767000000,9880.736130613908,9878.671174463814,0,2,2
2026-09-19T05:45:00+08:00,1789767900000,9880.736130613908,9878.671174463814,0,2,2
2026-09-19T06:00:00+08:00,1789768800000,9879.927319549171,9878.671174463814,0,2,2
2026-09-19T06:15:00+08:00,1789769700000,9880.226411897456,9879.42191585524,0,1,1
2026-09-19T06:30:00+08:00,1789770600000,9880.842190261574,9879.42191585524,0,1,1
2026-09-19T06:45:00+08:00,1789771500000,9880.331973902734,9879.42191585524,0,1,1
2026-09-19T07:00:00+08:00,1789772400000,9880.314380235188,9880.314380235188,0,0,0
2026-09-19T07:15:00+08:00,1789773300000,9880.314380235188,9880.314380235188,0,0,0
2026-09-19T07:30:00+08:00,1789774200000,9880.314380235188,9880.314380235188,0,0,0
2026-09-19T07:45:00+08:00,1789775100000,9880.314380235188,9880.314380235188,0,0,0
2026-09-19T08:00:00+08:00,1789776000000,9880.314380235188,9880.314380235188,0,0,0
2026-09-19T08:15:00+08:00,1789776900000,9880.314380235188,9880.314380235188,0,0,0
2026-09-19T08:30:00+08:00,1789777800000,9880.314380235188,9880.314380235188,0,0,0
2026-09-19T08:45:00+08:00,1789778700000,9880.314380235188,9880.314380235188,0,0,0
2026-09-19T09:00:00+08:00,1789779600000,9879.741737912265,9880.274380235187,1,0,1
2026-09-19T09:15:00+08:00,1789780500000,9879.741737912265,9879.741737912265,0,0,0
2026-09-19T09:30:00+08:00,1789781400000,9879.741737912265,9879.741737912265,0,0,0
2026-09-19T09:45:00+08:00,1789782300000,9879.741737912265,9879.741737912265,0,0,0
2026-09-19T10:00:00+08:00,1789783200000,9879.308995891457,9879.701737912264,0,1,1
2026-09-19T10:15:00+08:00,1789784100000,9878.736223492231,9879.268995891456,1,0,1
2026-09-19T10:30:00+08:00,1789785000000,9878.426750605297,9878.713822506488,0,1,1
2026-09-19T10:45:00+08:00,1789785900000,9878.426750605297,9878.426750605297,0,0,0
2026-09-19T11:00:00+08:00,1789786800000,9878.426750605297,9878.426750605297,0,0,0
2026-09-19T11:15:00+08:00,1789787700000,9877.660751309026,9878.386750605296,1,0,1
2026-09-19T11:30:00+08:00,1789788600000,9877.31589121546,9877.620751309025,0,1,1
2026-09-19T11:45:00+08:00,1789789500000,9877.68669534645,9877.620751309025,0,1,1
2026-09-19T12:00:00+08:00,1789790400000,9877.182806918336,9877.580751309024,0,2,2
2026-09-19T12:00:00+08:00,1789790400000,9877.182806918336,9877.182806918336,0,0,0
