time_beijing,timestamp_ms,equity_usdt,cash_usdt,long_units,short_units,total_units
2026-02-15T12:00:00+08:00,1771128000000,10000.0,10000.0,0,0,0
2026-02-15T14:00:00+08:00,1771135200000,10000.0,10000.0,0,0,0
2026-02-15T16:00:00+08:00,1771142400000,10000.0,10000.0,0,0,0
2026-02-15T18:00:00+08:00,1771149600000,10000.0,10000.0,0,0,0
2026-02-15T20:00:00+08:00,1771156800000,10000.0,10000.0,0,0,0
2026-02-15T22:00:00+08:00,1771164000000,10000.0,10000.0,0,0,0
2026-02-16T00:00:00+08:00,1771171200000,10002.9206,10002.9206,0,0,0
2026-02-16T02:00:00+08:00,1771178400000,10002.9206,10002.9206,0,0,0
2026-02-16T04:00:00+08:00,1771185600000,10002.9206,10002.9206,0,0,0
2026-02-16T06:00:00+08:00,1771192800000,10002.9206,10002.9206,0,0,0
2026-02-16T08:00:00+08:00,1771200000000,10002.9206,10002.9206,0,0,0
2026-02-16T10:00:00+08:00,1771207200000,10002.9206,10002.9206,0,0,0
2026-02-16T12:00:00+08:00,1771214400000,10002.9206,10002.9206,0,0,0
2026-02-16T14:00:00+08:00,1771221600000,10002.9206,10002.9206,0,0,0
2026-02-16T16:00:00+08:00,1771228800000,10002.9206,10002.9206,0,0,0
2026-02-16T18:00:00+08:00,1771236000000,10002.9206,10002.9206,0,0,0
2026-02-16T20:00:00+08:00,1771243200000,10002.9206,10002.9206,0,0,0
2026-02-16T22:00:00+08:00,1771250400000,10002.9206,10002.9206,0,0,0
2026-02-17T00:00:00+08:00,1771257600000,9999.664598075535,10002.880599999999,0,1,1
2026-02-17T02:00:00+08:00,1771264800000,9999.688658696174,9999.688658696174,0,0,0
2026-02-17T04:00:00+08:00,1771272000000,9999.688658696174,9999.688658696174,0,0,0
2026-02-17T06:00:00+08:00,1771279200000,9999.688658696174,9999.688658696174,0,0,0
2026-02-17T08:00:00+08:00,1771286400000,9999.688658696174,9999.688658696174,0,0,0
2026-02-17T10:00:00+08:00,1771293600000,10002.608058696173,10002.608058696173,0,0,0
2026-02-17T12:00:00+08:00,1771300800000,10002.608058696173,10002.608058696173,0,0,0
2026-02-17T14:00:00+08:00,1771308000000,10002.608058696173,10002.608058696173,0,0,0
2026-02-17T16:00:00+08:00,1771315200000,10001.301594166604,10002.568058696172,1,0,1
2026-02-17T18:00:00+08:00,1771322400000,10001.278453326422,10001.278453326422,0,0,0
2026-02-17T20:00:00+08:00,1771329600000,10001.457176430478,10001.238453326421,0,1,1
2026-02-17T22:00:00+08:00,1771336800000,10007.06102457121,10004.298156326773,0,1,1
2026-02-18T00:00:00+08:00,1771344000000,10008.819883455912,10008.597144351434,0,1,1
2026-02-18T02:00:00+08:00,1771351200000,10006.04918017233,10008.597144351434,0,1,1
2026-02-18T04:00:00+08:00,1771358400000,10006.073065545463,10006.073065545463,0,0,0
2026-02-18T06:00:00+08:00,1771365600000,10006.073065545463,10006.073065545463,0,0,0
2026-02-18T08:00:00+08:00,1771372800000,10006.073065545463,10006.073065545463,0,0,0
2026-02-18T10:00:00+08:00,1771380000000,10006.073065545463,10006.073065545463,0,0,0
2026-02-18T12:00:00+08:00,1771387200000,10006.073065545463,10006.073065545463,0,0,0
2026-02-18T14:00:00+08:00,1771394400000,10006.073065545463,10006.073065545463,0,0,0
2026-02-18T16:00:00+08:00,1771401600000,10006.073065545463,10006.073065545463,0,0,0
2026-02-18T18:00:00+08:00,1771408800000,10000.20018259918,10006.033065545462,1,0,1
2026-02-18T20:00:00+08:00,1771416000000,10000.652530549882,10000.136729631786,0,1,1
2026-02-18T22:00:00+08:00,1771423200000,9998.660664628005,10000.096729631785,0,2,2
2026-02-19T00:00:00+08:00,1771430400000,10002.677929324813,10000.096729631785,0,2,2
2026-02-19T02:00:00+08:00,1771437600000,10007.399180882567,10003.343377635656,0,1,1
2026-02-19T04:00:00+08:00,1771444800000,10007.374945360396,10007.374945360396,0,0,0
2026-02-19T06:00:00+08:00,1771452000000,10007.374945360396,10007.374945360396,0,0,0
2026-02-19T08:00:00+08:00,1771459200000,10007.374945360396,10007.374945360396,0,0,0
2026-02-19T10:00:00+08:00,1771466400000,10007.374945360396,10007.374945360396,0,0,0
2026-02-19T12:00:00+08:00,1771473600000,10007.374945360396,10007.374945360396,0,0,0
2026-02-19T14:00:00+08:00,1771480800000,10007.374945360396,10007.374945360396,0,0,0
2026-02-19T16:00:00+08:00,1771488000000,10007.374945360396,10007.374945360396,0,0,0
2026-02-19T18:00:00+08:00,1771495200000,10007.374945360396,10007.374945360396,0,0,0
2026-02-19T20:00:00+08:00,1771502400000,10007.374945360396,10007.374945360396,0,0,0
2026-02-19T22:00:00+08:00,1771509600000,10007.374945360396,10007.374945360396,0,0,0
2026-02-20T00:00:00+08:00,1771516800000,10007.374945360396,10007.374945360396,0,0,0
2026-02-20T02:00:00+08:00,1771524000000,10007.374945360396,10007.374945360396,0,0,0
2026-02-20T04:00:00+08:00,1771531200000,10007.374945360396,10007.374945360396,0,0,0
2026-02-20T06:00:00+08:00,1771538400000,10008.36763982516,10007.334945360395,1,0,1
2026-02-20T08:00:00+08:00,1771545600000,10011.957588007119,10010.784974301843,1,0,1
2026-02-20T10:00:00+08:00,1771552800000,10012.00609255533,10010.784974301843,1,0,1
2026-02-20T12:00:00+08:00,1771560000000,10013.744374301843,10013.744374301843,0,0,0
2026-02-20T14:00:00+08:00,1771567200000,10013.744374301843,10013.744374301843,0,0,0
2026-02-20T16:00:00+08:00,1771574400000,10013.744374301843,10013.744374301843,0,0,0
2026-02-20T18:00:00+08:00,1771581600000,10013.744374301843,10013.744374301843,0,0,0
2026-02-20T20:00:00+08:00,1771588800000,10013.744374301843,10013.744374301843,0,0,0
2026-02-20T22:00:00+08:00,1771596000000,10013.744374301843,10013.744374301843,0,0,0
2026-02-21T00:00:00+08:00,1771603200000,10013.744374301843,10013.744374301843,0,0,0
2026-02-21T02:00:00+08:00,1771610400000,10013.744374301843,10013.744374301843,0,0,0
2026-02-21T04:00:00+08:00,1771617600000,10013.168722743769,10013.704374301842,1,0,1
2026-02-21T06:00:00+08:00,1771624800000,10013.168722743769,10013.168722743769,0,0,0
2026-02-21T08:00:00+08:00,1771632000000,10013.168722743769,10013.168722743769,0,0,0
2026-02-21T10:00:00+08:00,1771639200000,10013.168722743769,10013.168722743769,0,0,0
2026-02-21T12:00:00+08:00,1771646400000,10013.168722743769,10013.168722743769,0,0,0
2026-02-21T14:00:00+08:00,1771653600000,10013.168722743769,10013.168722743769,0,0,0
2026-02-21T16:00:00+08:00,1771660800000,10013.168722743769,10013.168722743769,0,0,0
2026-02-21T18:00:00+08:00,1771668000000,10013.168722743769,10013.168722743769,0,0,0
2026-02-21T20:00:00+08:00,1771675200000,10013.168722743769,10013.168722743769,0,0,0
2026-02-21T22:00:00+08:00,1771682400000,10013.168722743769,10013.168722743769,0,0,0
2026-02-22T00:00:00+08:00,1771689600000,10013.168722743769,10013.168722743769,0,0,0
2026-02-22T02:00:00+08:00,1771696800000,10013.168722743769,10013.168722743769,0,0,0
2026-02-22T04:00:00+08:00,1771704000000,10013.168722743769,10013.168722743769,0,0,0
2026-02-22T06:00:00+08:00,1771711200000,10013.168722743769,10013.168722743769,0,0,0
2026-02-22T08:00:00+08:00,1771718400000,10013.168722743769,10013.168722743769,0,0,0
2026-02-22T10:00:00+08:00,1771725600000,10013.168722743769,10013.168722743769,0,0,0
2026-02-22T12:00:00+08:00,1771732800000,10013.168722743769,10013.168722743769,0,0,0
2026-02-22T14:00:00+08:00,1771740000000,10012.49988487729,10013.128722743768,0,1,1
2026-02-22T16:00:00+08:00,1771747200000,10013.454718691923,10013.088722743767,0,2,2
2026-02-22T18:00:00+08:00,1771754400000,10012.372846976623,10013.088722743767,0,2,2
2026-02-22T20:00:00+08:00,1771761600000,10018.631810157993,10015.759746293235,0,1,1
2026-02-22T22:00:00+08:00,1771768800000,10018.720346293236,10018.720346293236,0,0,0
2026-02-23T00:00:00+08:00,1771776000000,10018.720346293236,10018.720346293236,0,0,0
2026-02-23T02:00:00+08:00,1771783200000,10018.720346293236,10018.720346293236,0,0,0
2026-02-23T04:00:00+08:00,1771790400000,10018.720346293236,10018.720346293236,0,0,0
2026-02-23T06:00:00+08:00,1771797600000,10020.342304351952,10018.680346293235,0,1,1
2026-02-23T08:00:00+08:00,1771804800000,10034.11770261999,10022.454649314055,0,1,1
2026-02-23T10:00:00+08:00,1771812000000,10034.11770261999,10034.11770261999,0,0,0
2026-02-23T12:00:00+08:00,1771819200000,10034.11770261999,10034.11770261999,0,0,0
2026-02-23T14:00:00+08:00,1771826400000,10034.11770261999,10034.11770261999,0,0,0
2026-02-23T16:00:00+08:00,1771833600000,10034.11770261999,10034.11770261999,0,0,0
2026-02-23T18:00:00+08:00,1771840800000,10034.11770261999,10034.11770261999,0,0,0
2026-02-23T20:00:00+08:00,1771848000000,10034.11770261999,10034.11770261999,0,0,0
2026-02-23T22:00:00+08:00,1771855200000,10034.11770261999,10034.11770261999,0,0,0
2026-02-24T00:00:00+08:00,1771862400000,10034.11770261999,10034.11770261999,0,0,0
2026-02-24T02:00:00+08:00,1771869600000,10034.11770261999,10034.11770261999,0,0,0
2026-02-24T04:00:00+08:00,1771876800000,10034.11770261999,10034.11770261999,0,0,0
2026-02-24T06:00:00+08:00,1771884000000,10034.11770261999,10034.11770261999,0,0,0
2026-02-24T08:00:00+08:00,1771891200000,10034.11770261999,10034.11770261999,0,0,0
2026-02-24T10:00:00+08:00,1771898400000,10034.11770261999,10034.11770261999,0,0,0
2026-02-24T12:00:00+08:00,1771905600000,10034.11770261999,10034.11770261999,0,0,0
2026-02-24T14:00:00+08:00,1771912800000,10034.11770261999,10034.11770261999,0,0,0
2026-02-24T16:00:00+08:00,1771920000000,10034.11770261999,10034.11770261999,0,0,0
2026-02-24T18:00:00+08:00,1771927200000,10034.11770261999,10034.11770261999,0,0,0
2026-02-24T20:00:00+08:00,1771934400000,10034.11770261999,10034.11770261999,0,0,0
2026-02-24T22:00:00+08:00,1771941600000,10034.11770261999,10034.11770261999,0,0,0
2026-02-25T00:00:00+08:00,1771948800000,10034.11770261999,10034.11770261999,0,0,0
2026-02-25T02:00:00+08:00,1771956000000,10035.141461284944,10034.077702619988,1,0,1
2026-02-25T04:00:00+08:00,1771963200000,10035.82941179943,10034.037702619988,2,0,2
2026-02-25T06:00:00+08:00,1771970400000,10039.047392079849,10037.555718391606,1,0,1
2026-02-25T08:00:00+08:00,1771977600000,10040.515118391606,10040.515118391606,0,0,0
2026-02-25T10:00:00+08:00,1771984800000,10040.515118391606,10040.515118391606,0,0,0
2026-02-25T12:00:00+08:00,1771992000000,10040.515118391606,10040.515118391606,0,0,0
2026-02-25T14:00:00+08:00,1771999200000,10040.515118391606,10040.515118391606,0,0,0
2026-02-25T16:00:00+08:00,1772006400000,10040.515118391606,10040.515118391606,0,0,0
2026-02-25T18:00:00+08:00,1772013600000,10040.515118391606,10040.515118391606,0,0,0
2026-02-25T20:00:00+08:00,1772020800000,10041.515075184692,10040.475118391605,1,0,1
2026-02-25T22:00:00+08:00,1772028000000,10043.434518391605,10043.434518391605,0,0,0
2026-02-26T00:00:00+08:00,1772035200000,10043.434518391605,10043.434518391605,0,0,0
2026-02-26T02:00:00+08:00,1772042400000,10043.434518391605,10043.434518391605,0,0,0
2026-02-26T04:00:00+08:00,1772049600000,10043.434518391605,10043.434518391605,0,0,0
2026-02-26T06:00:00+08:00,1772056800000,10043.434518391605,10043.434518391605,0,0,0
2026-02-26T08:00:00+08:00,1772064000000,10043.434518391605,10043.434518391605,0,0,0
2026-02-26T10:00:00+08:00,1772071200000,10043.434518391605,10043.434518391605,0,0,0
2026-02-26T12:00:00+08:00,1772078400000,10043.434518391605,10043.434518391605,0,0,0
2026-02-26T14:00:00+08:00,1772085600000,10043.434518391605,10043.434518391605,0,0,0
2026-02-26T16:00:00+08:00,1772092800000,10043.434518391605,10043.434518391605,0,0,0
2026-02-26T18:00:00+08:00,1772100000000,10043.434518391605,10043.434518391605,0,0,0
2026-02-26T20:00:00+08:00,1772107200000,10043.434518391605,10043.434518391605,0,0,0
2026-02-26T22:00:00+08:00,1772114400000,10043.434518391605,10043.434518391605,0,0,0
2026-02-27T00:00:00+08:00,1772121600000,10043.434518391605,10043.434518391605,0,0,0
2026-02-27T02:00:00+08:00,1772128800000,10039.629115279864,10043.394518391604,0,1,1
2026-02-27T04:00:00+08:00,1772136000000,10042.04930953157,10043.354518391603,0,2,2
2026-02-27T06:00:00+08:00,1772143200000,10042.236223927872,10043.354518391603,0,2,2
2026-02-27T08:00:00+08:00,1772150400000,10041.161466149135,10043.354518391603,0,2,2
2026-02-27T10:00:00+08:00,1772157600000,10034.152176287818,10043.354518391603,0,2,2
2026-02-27T12:00:00+08:00,1772164800000,10034.36095557547,10036.90116619924,0,1,1
2026-02-27T14:00:00+08:00,1772172000000,10034.870257739572,10036.90116619924,0,1,1
2026-02-27T16:00:00+08:00,1772179200000,10037.162117478028,10036.90116619924,0,1,1
2026-02-27T18:00:00+08:00,1772186400000,10046.294936195138,10039.981515539059,0,1,1
2026-02-27T20:00:00+08:00,1772193600000,10046.27174852851,10046.27174852851,0,0,0
2026-02-27T22:00:00+08:00,1772200800000,10046.27174852851,10046.27174852851,0,0,0
2026-02-28T00:00:00+08:00,1772208000000,10046.27174852851,10046.27174852851,0,0,0
2026-02-28T02:00:00+08:00,1772215200000,10046.27174852851,10046.27174852851,0,0,0
2026-02-28T04:00:00+08:00,1772222400000,10047.07514401428,10046.23174852851,0,1,1
2026-02-28T06:00:00+08:00,1772229600000,10049.19234852851,10049.19234852851,0,0,0
2026-02-28T08:00:00+08:00,1772236800000,10049.19234852851,10049.19234852851,0,0,0
2026-02-28T10:00:00+08:00,1772244000000,10049.19234852851,10049.19234852851,0,0,0
2026-02-28T12:00:00+08:00,1772251200000,10049.19234852851,10049.19234852851,0,0,0
2026-02-28T14:00:00+08:00,1772258400000,10049.19234852851,10049.19234852851,0,0,0
2026-02-28T16:00:00+08:00,1772265600000,10049.19234852851,10049.19234852851,0,0,0
2026-02-28T18:00:00+08:00,1772272800000,10049.19234852851,10049.19234852851,0,0,0
2026-02-28T20:00:00+08:00,1772280000000,10049.19234852851,10049.19234852851,0,0,0
2026-02-28T22:00:00+08:00,1772287200000,10049.19234852851,10049.19234852851,0,0,0
2026-03-01T00:00:00+08:00,1772294400000,10049.19234852851,10049.19234852851,0,0,0
2026-03-01T02:00:00+08:00,1772301600000,10049.19234852851,10049.19234852851,0,0,0
2026-03-01T04:00:00+08:00,1772308800000,10049.19234852851,10049.19234852851,0,0,0
2026-03-01T06:00:00+08:00,1772316000000,10048.780818447978,10049.152348528509,1,0,1
2026-03-01T08:00:00+08:00,1772323200000,10057.544805560545,10051.891318788686,1,0,1
2026-03-01T10:00:00+08:00,1772330400000,10057.544805560545,10057.544805560545,0,0,0
2026-03-01T12:00:00+08:00,1772337600000,10055.715155560543,10057.504805560544,1,0,1
2026-03-01T14:00:00+08:00,1772344800000,10054.26090101509,10057.504805560544,1,0,1
2026-03-01T16:00:00+08:00,1772352000000,10054.26090101509,10054.26090101509,0,0,0
2026-03-01T18:00:00+08:00,1772359200000,10054.26090101509,10054.26090101509,0,0,0
2026-03-01T20:00:00+08:00,1772366400000,10054.26090101509,10054.26090101509,0,0,0
2026-03-01T22:00:00+08:00,1772373600000,10054.26090101509,10054.26090101509,0,0,0
2026-03-02T00:00:00+08:00,1772380800000,10054.26090101509,10054.26090101509,0,0,0
2026-03-02T02:00:00+08:00,1772388000000,10054.26090101509,10054.26090101509,0,0,0
2026-03-02T04:00:00+08:00,1772395200000,10054.26090101509,10054.26090101509,0,0,0
2026-03-02T06:00:00+08:00,1772402400000,10052.539646188834,10054.22090101509,0,1,1
2026-03-02T08:00:00+08:00,1772409600000,10047.555916175397,10054.180901015088,0,2,2
2026-03-02T10:00:00+08:00,1772416800000,10047.196820914505,10050.03776394945,0,1,1
2026-03-02T12:00:00+08:00,1772424000000,10048.56138290589,10050.03776394945,0,1,1
2026-03-02T14:00:00+08:00,1772431200000,10055.22007741428,10052.24177160461,0,1,1
2026-03-02T16:00:00+08:00,1772438400000,10055.20237160461,10055.20237160461,0,0,0
2026-03-02T18:00:00+08:00,1772445600000,10055.20237160461,10055.20237160461,0,0,0
2026-03-02T20:00:00+08:00,1772452800000,10055.20237160461,10055.20237160461,0,0,0
2026-03-02T22:00:00+08:00,1772460000000,10055.20237160461,10055.20237160461,0,0,0
2026-03-03T00:00:00+08:00,1772467200000,10058.121771604609,10058.121771604609,0,0,0
2026-03-03T02:00:00+08:00,1772474400000,10058.121771604609,10058.121771604609,0,0,0
2026-03-03T04:00:00+08:00,1772481600000,10058.121771604609,10058.121771604609,0,0,0
2026-03-03T06:00:00+08:00,1772488800000,10058.121771604609,10058.121771604609,0,0,0
2026-03-03T08:00:00+08:00,1772496000000,10058.121771604609,10058.121771604609,0,0,0
2026-03-03T10:00:00+08:00,1772503200000,10058.121771604609,10058.121771604609,0,0,0
2026-03-03T12:00:00+08:00,1772510400000,10058.121771604609,10058.121771604609,0,0,0
2026-03-03T14:00:00+08:00,1772517600000,10058.121771604609,10058.121771604609,0,0,0
2026-03-03T16:00:00+08:00,1772524800000,10058.121771604609,10058.121771604609,0,0,0
2026-03-03T18:00:00+08:00,1772532000000,10058.255514926464,10058.081771604608,0,1,1
2026-03-03T20:00:00+08:00,1772539200000,10060.88437832445,10058.041771604607,0,2,2
2026-03-03T22:00:00+08:00,1772546400000,10059.070624913156,10061.107696460578,0,1,1
2026-03-04T00:00:00+08:00,1772553600000,10059.094399574436,10059.094399574436,0,0,0
2026-03-04T02:00:00+08:00,1772560800000,10059.094399574436,10059.094399574436,0,0,0
2026-03-04T04:00:00+08:00,1772568000000,10059.094399574436,10059.094399574436,0,0,0
2026-03-04T06:00:00+08:00,1772575200000,10059.094399574436,10059.094399574436,0,0,0
2026-03-04T08:00:00+08:00,1772582400000,10059.094399574436,10059.094399574436,0,0,0
2026-03-04T10:00:00+08:00,1772589600000,10055.575509411628,10059.054399574436,1,0,1
2026-03-04T12:00:00+08:00,1772596800000,10055.575509411628,10055.575509411628,0,0,0
2026-03-04T14:00:00+08:00,1772604000000,10055.575509411628,10055.575509411628,0,0,0
2026-03-04T16:00:00+08:00,1772611200000,10055.575509411628,10055.575509411628,0,0,0
2026-03-04T18:00:00+08:00,1772618400000,10055.575509411628,10055.575509411628,0,0,0
2026-03-04T20:00:00+08:00,1772625600000,10055.575509411628,10055.575509411628,0,0,0
2026-03-04T22:00:00+08:00,1772632800000,10055.575509411628,10055.575509411628,0,0,0
2026-03-05T00:00:00+08:00,1772640000000,10055.575509411628,10055.575509411628,0,0,0
2026-03-05T02:00:00+08:00,1772647200000,10055.575509411628,10055.575509411628,0,0,0
2026-03-05T04:00:00+08:00,1772654400000,10055.575509411628,10055.575509411628,0,0,0
2026-03-05T06:00:00+08:00,1772661600000,10055.575509411628,10055.575509411628,0,0,0
2026-03-05T08:00:00+08:00,1772668800000,10055.575509411628,10055.575509411628,0,0,0
2026-03-05T10:00:00+08:00,1772676000000,10055.575509411628,10055.575509411628,0,0,0
2026-03-05T12:00:00+08:00,1772683200000,10055.575509411628,10055.575509411628,0,0,0
2026-03-05T14:00:00+08:00,1772690400000,10055.575509411628,10055.575509411628,0,0,0
2026-03-05T16:00:00+08:00,1772697600000,10055.575509411628,10055.575509411628,0,0,0
2026-03-05T18:00:00+08:00,1772704800000,10055.575509411628,10055.575509411628,0,0,0
2026-03-05T20:00:00+08:00,1772712000000,10055.575509411628,10055.575509411628,0,0,0
2026-03-05T22:00:00+08:00,1772719200000,10058.496109411628,10058.496109411628,0,0,0
2026-03-06T00:00:00+08:00,1772726400000,10058.496109411628,10058.496109411628,0,0,0
2026-03-06T02:00:00+08:00,1772733600000,10058.496109411628,10058.496109411628,0,0,0
2026-03-06T04:00:00+08:00,1772740800000,10058.496109411628,10058.496109411628,0,0,0
2026-03-06T06:00:00+08:00,1772748000000,10058.496109411628,10058.496109411628,0,0,0
2026-03-06T08:00:00+08:00,1772755200000,10058.496109411628,10058.496109411628,0,0,0
2026-03-06T10:00:00+08:00,1772762400000,10058.496109411628,10058.496109411628,0,0,0
2026-03-06T12:00:00+08:00,1772769600000,10058.496109411628,10058.496109411628,0,0,0
2026-03-06T14:00:00+08:00,1772776800000,10058.496109411628,10058.496109411628,0,0,0
2026-03-06T16:00:00+08:00,1772784000000,10058.496109411628,10058.496109411628,0,0,0
2026-03-06T18:00:00+08:00,1772791200000,10058.496109411628,10058.496109411628,0,0,0
2026-03-06T20:00:00+08:00,1772798400000,10058.496109411628,10058.496109411628,0,0,0
2026-03-06T22:00:00+08:00,1772805600000,10061.416709411627,10061.416709411627,0,0,0
2026-03-07T00:00:00+08:00,1772812800000,10061.416709411627,10061.416709411627,0,0,0
2026-03-07T02:00:00+08:00,1772820000000,10061.416709411627,10061.416709411627,0,0,0
2026-03-07T04:00:00+08:00,1772827200000,10061.416709411627,10061.416709411627,0,0,0
2026-03-07T06:00:00+08:00,1772834400000,10061.416709411627,10061.416709411627,0,0,0
2026-03-07T08:00:00+08:00,1772841600000,10061.416709411627,10061.416709411627,0,0,0
2026-03-07T10:00:00+08:00,1772848800000,10061.416709411627,10061.416709411627,0,0,0
2026-03-07T12:00:00+08:00,1772856000000,10061.416709411627,10061.416709411627,0,0,0
2026-03-07T14:00:00+08:00,1772863200000,10061.416709411627,10061.416709411627,0,0,0
2026-03-07T16:00:00+08:00,1772870400000,10061.416709411627,10061.416709411627,0,0,0
2026-03-07T18:00:00+08:00,1772877600000,10061.416709411627,10061.416709411627,0,0,0
2026-03-07T20:00:00+08:00,1772884800000,10061.416709411627,10061.416709411627,0,0,0
2026-03-07T22:00:00+08:00,1772892000000,10061.416709411627,10061.416709411627,0,0,0
2026-03-08T00:00:00+08:00,1772899200000,10061.416709411627,10061.416709411627,0,0,0
2026-03-08T02:00:00+08:00,1772906400000,10061.416709411627,10061.416709411627,0,0,0
2026-03-08T04:00:00+08:00,1772913600000,10061.416709411627,10061.416709411627,0,0,0
2026-03-08T06:00:00+08:00,1772920800000,10061.416709411627,10061.416709411627,0,0,0
2026-03-08T08:00:00+08:00,1772928000000,10061.416709411627,10061.416709411627,0,0,0
2026-03-08T10:00:00+08:00,1772935200000,10061.416709411627,10061.416709411627,0,0,0
2026-03-08T12:00:00+08:00,1772942400000,10061.416709411627,10061.416709411627,0,0,0
2026-03-08T14:00:00+08:00,1772949600000,10061.416709411627,10061.416709411627,0,0,0
2026-03-08T16:00:00+08:00,1772956800000,10061.416709411627,10061.416709411627,0,0,0
2026-03-08T18:00:00+08:00,1772964000000,10061.416709411627,10061.416709411627,0,0,0
2026-03-08T20:00:00+08:00,1772971200000,10059.620833172807,10061.376709411627,1,0,1
2026-03-08T22:00:00+08:00,1772978400000,10059.565444248581,10059.556665901837,0,1,1
2026-03-09T00:00:00+08:00,1772985600000,10061.339247470876,10059.516665901836,0,2,2
2026-03-09T02:00:00+08:00,1772992800000,10057.436503844992,10059.516665901836,0,2,2
2026-03-09T04:00:00+08:00,1773000000000,10056.822759608156,10057.396503844991,1,0,1
2026-03-09T06:00:00+08:00,1773007200000,10053.560142300981,10057.35650384499,2,0,2
2026-03-09T08:00:00+08:00,1773014400000,10054.825182086195,10055.205787999323,1,0,1
2026-03-09T10:00:00+08:00,1773021600000,10060.48340287038,10057.939814376963,1,0,1
2026-03-09T12:00:00+08:00,1773028800000,10060.899214376963,10060.899214376963,0,0,0
2026-03-09T14:00:00+08:00,1773036000000,10060.899214376963,10060.899214376963,0,0,0
2026-03-09T16:00:00+08:00,1773043200000,10060.899214376963,10060.899214376963,0,0,0
2026-03-09T18:00:00+08:00,1773050400000,10060.899214376963,10060.899214376963,0,0,0
2026-03-09T20:00:00+08:00,1773057600000,10060.899214376963,10060.899214376963,0,0,0
2026-03-09T22:00:00+08:00,1773064800000,10060.899214376963,10060.899214376963,0,0,0
2026-03-10T00:00:00+08:00,1773072000000,10060.899214376963,10060.899214376963,0,0,0
2026-03-10T02:00:00+08:00,1773079200000,10060.899214376963,10060.899214376963,0,0,0
2026-03-10T04:00:00+08:00,1773086400000,10060.899214376963,10060.899214376963,0,0,0
2026-03-10T06:00:00+08:00,1773093600000,10058.353444251323,10060.859214376962,1,0,1
2026-03-10T08:00:00+08:00,1773100800000,10058.37670623364,10058.37670623364,0,0,0
2026-03-10T10:00:00+08:00,1773108000000,10058.37670623364,10058.37670623364,0,0,0
2026-03-10T12:00:00+08:00,1773115200000,10058.37670623364,10058.37670623364,0,0,0
2026-03-10T14:00:00+08:00,1773122400000,10058.37670623364,10058.37670623364,0,0,0
2026-03-10T16:00:00+08:00,1773129600000,10058.37670623364,10058.37670623364,0,0,0
2026-03-10T18:00:00+08:00,1773136800000,10058.37670623364,10058.37670623364,0,0,0
2026-03-10T20:00:00+08:00,1773144000000,10058.37670623364,10058.37670623364,0,0,0
2026-03-10T22:00:00+08:00,1773151200000,10058.37670623364,10058.37670623364,0,0,0
2026-03-11T00:00:00+08:00,1773158400000,10058.37670623364,10058.37670623364,0,0,0
2026-03-11T02:00:00+08:00,1773165600000,10058.37670623364,10058.37670623364,0,0,0
2026-03-11T04:00:00+08:00,1773172800000,10058.37670623364,10058.37670623364,0,0,0
2026-03-11T06:00:00+08:00,1773180000000,10058.37670623364,10058.37670623364,0,0,0
2026-03-11T08:00:00+08:00,1773187200000,10058.37670623364,10058.37670623364,0,0,0
2026-03-11T10:00:00+08:00,1773194400000,10058.37670623364,10058.37670623364,0,0,0
2026-03-11T12:00:00+08:00,1773201600000,10058.039555363006,10058.336706233638,0,1,1
2026-03-11T14:00:00+08:00,1773208800000,10059.291300364996,10058.296706233637,0,2,2
2026-03-11T16:00:00+08:00,1773216000000,10061.9547630813,10058.296706233637,0,2,2
2026-03-11T18:00:00+08:00,1773223200000,10063.857547586374,10061.142240010793,0,1,1
2026-03-11T20:00:00+08:00,1773230400000,10064.102840010793,10064.102840010793,0,0,0
2026-03-11T22:00:00+08:00,1773237600000,10064.102840010793,10064.102840010793,0,0,0
2026-03-12T00:00:00+08:00,1773244800000,10064.102840010793,10064.102840010793,0,0,0
2026-03-12T02:00:00+08:00,1773252000000,10064.102840010793,10064.102840010793,0,0,0
2026-03-12T04:00:00+08:00,1773259200000,10064.57281021478,10064.062840010793,1,0,1
2026-03-12T06:00:00+08:00,1773266400000,10060.030717893214,10064.022840010792,2,0,2
2026-03-12T08:00:00+08:00,1773273600000,10058.773970092961,10062.310013973662,1,0,1
2026-03-12T10:00:00+08:00,1773280800000,10056.397574252487,10062.310013973662,1,0,1
2026-03-12T12:00:00+08:00,1773288000000,10056.011414610386,10056.357574252486,0,1,1
2026-03-12T14:00:00+08:00,1773295200000,10052.75466093078,10056.317574252485,0,2,2
2026-03-12T16:00:00+08:00,1773302400000,10051.861244112533,10054.393514916483,0,1,1
2026-03-12T18:00:00+08:00,1773309600000,10050.40350081211,10054.393514916483,0,1,1
2026-03-12T20:00:00+08:00,1773316800000,10050.54457274441,10054.393514916483,0,1,1
2026-03-12T22:00:00+08:00,1773324000000,10050.94427655259,10054.393514916483,0,1,1
2026-03-13T00:00:00+08:00,1773331200000,10050.956711546232,10050.904276552588,1,0,1
2026-03-13T02:00:00+08:00,1773338400000,10051.708434294284,10050.864276552587,2,0,2
2026-03-13T04:00:00+08:00,1773345600000,10050.553263810878,10050.864276552587,2,0,2
2026-03-13T06:00:00+08:00,1773352800000,10051.22310786771,10050.754950307355,1,0,1
2026-03-13T08:00:00+08:00,1773360000000,10062.29061388531,10053.920219785288,1,0,1
2026-03-13T10:00:00+08:00,1773367200000,10062.29061388531,10062.29061388531,0,0,0
2026-03-13T12:00:00+08:00,1773374400000,10062.29061388531,10062.29061388531,0,0,0
2026-03-13T14:00:00+08:00,1773381600000,10062.29061388531,10062.29061388531,0,0,0
2026-03-13T16:00:00+08:00,1773388800000,10062.29061388531,10062.29061388531,0,0,0
2026-03-13T18:00:00+08:00,1773396000000,10062.29061388531,10062.29061388531,0,0,0
2026-03-13T20:00:00+08:00,1773403200000,10062.29061388531,10062.29061388531,0,0,0
2026-03-13T22:00:00+08:00,1773410400000,10062.29061388531,10062.29061388531,0,0,0
2026-03-14T00:00:00+08:00,1773417600000,10062.29061388531,10062.29061388531,0,0,0
2026-03-14T02:00:00+08:00,1773424800000,10062.29061388531,10062.29061388531,0,0,0
2026-03-14T04:00:00+08:00,1773432000000,10062.29061388531,10062.29061388531,0,0,0
2026-03-14T06:00:00+08:00,1773439200000,10062.29061388531,10062.29061388531,0,0,0
2026-03-14T08:00:00+08:00,1773446400000,10062.074408710549,10062.25061388531,0,1,1
2026-03-14T10:00:00+08:00,1773453600000,10061.177455694768,10062.210613885309,0,2,2
2026-03-14T12:00:00+08:00,1773460800000,10062.72058916902,10062.210613885309,0,2,2
2026-03-14T14:00:00+08:00,1773468000000,10066.215332625408,10062.210613885309,0,2,2
2026-03-14T16:00:00+08:00,1773475200000,10068.285484765933,10065.104155666364,0,1,1
2026-03-14T18:00:00+08:00,1773482400000,10068.262799349739,10068.262799349739,0,0,0
2026-03-14T20:00:00+08:00,1773489600000,10068.262799349739,10068.262799349739,0,0,0
2026-03-14T22:00:00+08:00,1773496800000,10068.262799349739,10068.262799349739,0,0,0
2026-03-15T00:00:00+08:00,1773504000000,10068.262799349739,10068.262799349739,0,0,0
2026-03-15T02:00:00+08:00,1773511200000,10068.262799349739,10068.262799349739,0,0,0
2026-03-15T04:00:00+08:00,1773518400000,10068.262799349739,10068.262799349739,0,0,0
2026-03-15T06:00:00+08:00,1773525600000,10068.262799349739,10068.262799349739,0,0,0
2026-03-15T08:00:00+08:00,1773532800000,10068.262799349739,10068.262799349739,0,0,0
2026-03-15T10:00:00+08:00,1773540000000,10068.262799349739,10068.262799349739,0,0,0
2026-03-15T12:00:00+08:00,1773547200000,10068.262799349739,10068.262799349739,0,0,0
2026-03-15T14:00:00+08:00,1773554400000,10068.262799349739,10068.262799349739,0,0,0
2026-03-15T16:00:00+08:00,1773561600000,10068.262799349739,10068.262799349739,0,0,0
2026-03-15T18:00:00+08:00,1773568800000,10068.227993156948,10068.222799349738,1,0,1
2026-03-15T20:00:00+08:00,1773576000000,10064.93959537587,10068.182799349737,2,0,2
2026-03-15T22:00:00+08:00,1773583200000,10065.02995745995,10066.561016097392,1,0,1
2026-03-16T00:00:00+08:00,1773590400000,10066.204730931873,10066.561016097392,1,0,1
2026-03-16T02:00:00+08:00,1773597600000,10065.016902083811,10066.521016097391,2,0,2
2026-03-16T04:00:00+08:00,1773604800000,10068.581927790985,10068.581927790985,0,0,0
2026-03-16T06:00:00+08:00,1773612000000,10068.581927790985,10068.581927790985,0,0,0
2026-03-16T08:00:00+08:00,1773619200000,10068.581927790985,10068.581927790985,0,0,0
2026-03-16T10:00:00+08:00,1773626400000,10068.581927790985,10068.581927790985,0,0,0
2026-03-16T12:00:00+08:00,1773633600000,10068.581927790985,10068.581927790985,0,0,0
2026-03-16T14:00:00+08:00,1773640800000,10068.581927790985,10068.581927790985,0,0,0
2026-03-16T16:00:00+08:00,1773648000000,10068.581927790985,10068.581927790985,0,0,0
2026-03-16T18:00:00+08:00,1773655200000,10068.581927790985,10068.581927790985,0,0,0
2026-03-16T20:00:00+08:00,1773662400000,10068.581927790985,10068.581927790985,0,0,0
2026-03-16T22:00:00+08:00,1773669600000,10068.581927790985,10068.581927790985,0,0,0
2026-03-17T00:00:00+08:00,1773676800000,10068.581927790985,10068.581927790985,0,0,0
2026-03-17T02:00:00+08:00,1773684000000,10068.581927790985,10068.581927790985,0,0,0
2026-03-17T04:00:00+08:00,1773691200000,10068.581927790985,10068.581927790985,0,0,0
2026-03-17T06:00:00+08:00,1773698400000,10068.581927790985,10068.581927790985,0,0,0
2026-03-17T08:00:00+08:00,1773705600000,10068.581927790985,10068.581927790985,0,0,0
2026-03-17T10:00:00+08:00,1773712800000,10068.581927790985,10068.581927790985,0,0,0
2026-03-17T12:00:00+08:00,1773720000000,10068.581927790985,10068.581927790985,0,0,0
2026-03-17T14:00:00+08:00,1773727200000,10068.581927790985,10068.581927790985,0,0,0
2026-03-17T16:00:00+08:00,1773734400000,10068.581927790985,10068.581927790985,0,0,0
2026-03-17T18:00:00+08:00,1773741600000,10069.056114258752,10068.541927790984,0,1,1
2026-03-17T20:00:00+08:00,1773748800000,10068.357186168372,10068.501927790983,0,2,2
2026-03-17T22:00:00+08:00,1773756000000,10068.229126191323,10068.501927790983,0,2,2
2026-03-18T00:00:00+08:00,1773763200000,10065.113000083102,10068.501927790983,0,2,2
2026-03-18T02:00:00+08:00,1773770400000,10064.877967270239,10067.055146757419,0,1,1
2026-03-18T04:00:00+08:00,1773777600000,10063.57428778306,10067.055146757419,0,1,1
2026-03-18T06:00:00+08:00,1773784800000,10064.984826244598,10067.055146757419,0,1,1
2026-03-18T08:00:00+08:00,1773792000000,10065.67034562791,10067.015146757418,0,2,2
2026-03-18T10:00:00+08:00,1773799200000,10063.033556640943,10067.015146757418,0,2,2
2026-03-18T12:00:00+08:00,1773806400000,10065.403147333698,10064.004467270239,0,1,1
2026-03-18T14:00:00+08:00,1773813600000,10065.280679951153,10063.964467270238,0,2,2
2026-03-18T16:00:00+08:00,1773820800000,10063.879256327215,10063.964467270238,0,2,2
2026-03-18T18:00:00+08:00,1773828000000,10071.709066626796,10067.636174328936,0,1,1
2026-03-18T20:00:00+08:00,1773835200000,10071.709066626796,10071.709066626796,0,0,0
2026-03-18T22:00:00+08:00,1773842400000,10071.709066626796,10071.709066626796,0,0,0
2026-03-19T00:00:00+08:00,1773849600000,10071.709066626796,10071.709066626796,0,0,0
2026-03-19T02:00:00+08:00,1773856800000,10072.09665790017,10071.669066626795,0,1,1
2026-03-19T04:00:00+08:00,1773864000000,10070.35989031335,10071.669066626795,0,1,1
2026-03-19T06:00:00+08:00,1773871200000,10070.382156564461,10070.382156564461,0,0,0
2026-03-19T08:00:00+08:00,1773878400000,10070.382156564461,10070.382156564461,0,0,0
2026-03-19T10:00:00+08:00,1773885600000,10070.382156564461,10070.382156564461,0,0,0
2026-03-19T12:00:00+08:00,1773892800000,10070.382156564461,10070.382156564461,0,0,0
2026-03-19T14:00:00+08:00,1773900000000,10070.382156564461,10070.382156564461,0,0,0
2026-03-19T16:00:00+08:00,1773907200000,10070.382156564461,10070.382156564461,0,0,0
2026-03-19T18:00:00+08:00,1773914400000,10070.382156564461,10070.382156564461,0,0,0
2026-03-19T20:00:00+08:00,1773921600000,10070.382156564461,10070.382156564461,0,0,0
2026-03-19T22:00:00+08:00,1773928800000,10070.382156564461,10070.382156564461,0,0,0
2026-03-20T00:00:00+08:00,1773936000000,10070.382156564461,10070.382156564461,0,0,0
2026-03-20T02:00:00+08:00,1773943200000,10070.382156564461,10070.382156564461,0,0,0
2026-03-20T04:00:00+08:00,1773950400000,10070.382156564461,10070.382156564461,0,0,0
2026-03-20T06:00:00+08:00,1773957600000,10070.382156564461,10070.382156564461,0,0,0
2026-03-20T08:00:00+08:00,1773964800000,10070.382156564461,10070.382156564461,0,0,0
2026-03-20T10:00:00+08:00,1773972000000,10070.382156564461,10070.382156564461,0,0,0
2026-03-20T12:00:00+08:00,1773979200000,10070.382156564461,10070.382156564461,0,0,0
2026-03-20T14:00:00+08:00,1773986400000,10070.34694043904,10070.34215656446,1,0,1
2026-03-20T16:00:00+08:00,1773993600000,10068.453293807146,10070.30215656446,2,0,2
2026-03-20T18:00:00+08:00,1774000800000,10069.259358419718,10070.30215656446,2,0,2
2026-03-20T20:00:00+08:00,1774008000000,10067.736791929306,10070.30215656446,2,0,2
2026-03-20T22:00:00+08:00,1774015200000,10068.117414747796,10069.052991950797,1,0,1
2026-03-21T00:00:00+08:00,1774022400000,10067.72325762716,10069.012991950796,2,0,2
2026-03-21T02:00:00+08:00,1774029600000,10068.172053513781,10069.012991950796,2,0,2
2026-03-21T04:00:00+08:00,1774036800000,10070.775069656198,10069.012991950796,2,0,2
2026-03-21T06:00:00+08:00,1774044000000,10071.986818550084,10069.012991950796,2,0,2
2026-03-21T08:00:00+08:00,1774051200000,10072.166336904731,10069.012991950796,2,0,2
2026-03-21T10:00:00+08:00,1774058400000,10074.850390208652,10071.516866420552,1,0,1
2026-03-21T12:00:00+08:00,1774065600000,10074.850390208652,10074.850390208652,0,0,0
2026-03-21T14:00:00+08:00,1774072800000,10074.850390208652,10074.850390208652,0,0,0
2026-03-21T16:00:00+08:00,1774080000000,10074.850390208652,10074.850390208652,0,0,0
2026-03-21T18:00:00+08:00,1774087200000,10074.850390208652,10074.850390208652,0,0,0
2026-03-21T20:00:00+08:00,1774094400000,10074.850390208652,10074.850390208652,0,0,0
2026-03-21T22:00:00+08:00,1774101600000,10074.850390208652,10074.850390208652,0,0,0
2026-03-22T00:00:00+08:00,1774108800000,10074.850390208652,10074.850390208652,0,0,0
2026-03-22T02:00:00+08:00,1774116000000,10074.850390208652,10074.850390208652,0,0,0
2026-03-22T04:00:00+08:00,1774123200000,10074.850390208652,10074.850390208652,0,0,0
2026-03-22T06:00:00+08:00,1774130400000,10074.850390208652,10074.850390208652,0,0,0
2026-03-22T08:00:00+08:00,1774137600000,10074.976216206136,10074.810390208651,0,1,1
2026-03-22T10:00:00+08:00,1774144800000,10069.290621017028,10074.77039020865,0,2,2
2026-03-22T12:00:00+08:00,1774152000000,10069.771300390361,10072.146130462452,0,1,1
2026-03-22T14:00:00+08:00,1774159200000,10071.533868189881,10072.146130462452,0,1,1
2026-03-22T16:00:00+08:00,1774166400000,10073.282495585006,10072.10613046245,0,2,2
2026-03-22T18:00:00+08:00,1774173600000,10075.431132774283,10072.10613046245,0,2,2
2026-03-22T20:00:00+08:00,1774180800000,10073.23677990013,10072.10613046245,0,2,2
2026-03-22T22:00:00+08:00,1774188000000,10072.620499662795,10072.386597335091,0,1,1
2026-03-23T00:00:00+08:00,1774195200000,10073.328080676032,10072.386597335091,0,1,1
2026-03-23T02:00:00+08:00,1774202400000,10074.241088435045,10072.386597335091,0,1,1
2026-03-23T04:00:00+08:00,1774209600000,10078.255538521902,10076.244673414196,0,1,1
2026-03-23T06:00:00+08:00,1774216800000,10079.205273414196,10079.205273414196,0,0,0
2026-03-23T08:00:00+08:00,1774224000000,10079.205273414196,10079.205273414196,0,0,0
2026-03-23T10:00:00+08:00,1774231200000,10079.205273414196,10079.205273414196,0,0,0
2026-03-23T12:00:00+08:00,1774238400000,10079.205273414196,10079.205273414196,0,0,0
2026-03-23T14:00:00+08:00,1774245600000,10079.205273414196,10079.205273414196,0,0,0
2026-03-23T16:00:00+08:00,1774252800000,10079.205273414196,10079.205273414196,0,0,0
2026-03-23T18:00:00+08:00,1774260000000,10079.205273414196,10079.205273414196,0,0,0
2026-03-23T20:00:00+08:00,1774267200000,10082.124673414195,10082.124673414195,0,0,0
2026-03-23T22:00:00+08:00,1774274400000,10082.124673414195,10082.124673414195,0,0,0
2026-03-24T00:00:00+08:00,1774281600000,10082.124673414195,10082.124673414195,0,0,0
2026-03-24T02:00:00+08:00,1774288800000,10082.124673414195,10082.124673414195,0,0,0
2026-03-24T04:00:00+08:00,1774296000000,10082.591969232019,10082.084673414194,1,0,1
2026-03-24T06:00:00+08:00,1774303200000,10082.176024410472,10082.084673414194,1,0,1
2026-03-24T08:00:00+08:00,1774310400000,10082.154132577758,10082.154132577758,0,0,0
2026-03-24T10:00:00+08:00,1774317600000,10082.154132577758,10082.154132577758,0,0,0
2026-03-24T12:00:00+08:00,1774324800000,10082.154132577758,10082.154132577758,0,0,0
2026-03-24T14:00:00+08:00,1774332000000,10082.154132577758,10082.154132577758,0,0,0
2026-03-24T16:00:00+08:00,1774339200000,10082.154132577758,10082.154132577758,0,0,0
2026-03-24T18:00:00+08:00,1774346400000,10082.154132577758,10082.154132577758,0,0,0
2026-03-24T20:00:00+08:00,1774353600000,10082.154132577758,10082.154132577758,0,0,0
2026-03-24T22:00:00+08:00,1774360800000,10082.154132577758,10082.154132577758,0,0,0
2026-03-25T00:00:00+08:00,1774368000000,10082.154132577758,10082.154132577758,0,0,0
2026-03-25T02:00:00+08:00,1774375200000,10083.60029885174,10082.114132577757,0,1,1
2026-03-25T04:00:00+08:00,1774382400000,10075.162267245738,10082.074132577756,0,2,2
2026-03-25T06:00:00+08:00,1774389600000,10074.167268376192,10079.385785219964,0,1,1
2026-03-25T08:00:00+08:00,1774396800000,10073.805450605449,10079.385785219964,0,1,1
2026-03-25T10:00:00+08:00,1774404000000,10072.132043415759,10079.385785219964,0,1,1
2026-03-25T12:00:00+08:00,1774411200000,10073.60013894757,10072.069429805086,1,0,1
2026-03-25T14:00:00+08:00,1774418400000,10070.782109647289,10072.029429805085,2,0,2
2026-03-25T16:00:00+08:00,1774425600000,10074.085129120642,10072.029429805085,2,0,2
2026-03-25T18:00:00+08:00,1774432800000,10076.954987305451,10075.782846149357,1,0,1
2026-03-25T20:00:00+08:00,1774440000000,10076.392207482979,10075.782846149357,1,0,1
2026-03-25T22:00:00+08:00,1774447200000,10076.392207482979,10076.392207482979,0,0,0
2026-03-26T00:00:00+08:00,1774454400000,10076.392207482979,10076.392207482979,0,0,0
2026-03-26T02:00:00+08:00,1774461600000,10076.392207482979,10076.392207482979,0,0,0
2026-03-26T04:00:00+08:00,1774468800000,10076.392207482979,10076.392207482979,0,0,0
2026-03-26T06:00:00+08:00,1774476000000,10075.303233798768,10076.352207482978,0,1,1
2026-03-26T08:00:00+08:00,1774483200000,10074.763800040475,10076.312207482977,0,2,2
2026-03-26T10:00:00+08:00,1774490400000,10078.04585437332,10076.312207482977,0,2,2
2026-03-26T12:00:00+08:00,1774497600000,10084.139035828499,10078.787886892329,0,1,1
2026-03-26T14:00:00+08:00,1774504800000,10084.16086234241,10084.16086234241,0,0,0
2026-03-26T16:00:00+08:00,1774512000000,10084.16086234241,10084.16086234241,0,0,0
2026-03-26T18:00:00+08:00,1774519200000,10084.16086234241,10084.16086234241,0,0,0
2026-03-26T20:00:00+08:00,1774526400000,10083.280793778817,10084.12086234241,0,1,1
2026-03-26T22:00:00+08:00,1774533600000,10084.172298749678,10084.12086234241,0,1,1
2026-03-27T00:00:00+08:00,1774540800000,10086.229617913203,10084.12086234241,0,1,1
2026-03-27T02:00:00+08:00,1774548000000,10087.08146234241,10087.08146234241,0,0,0
2026-03-27T04:00:00+08:00,1774555200000,10087.08146234241,10087.08146234241,0,0,0
2026-03-27T06:00:00+08:00,1774562400000,10087.08146234241,10087.08146234241,0,0,0
2026-03-27T08:00:00+08:00,1774569600000,10087.08146234241,10087.08146234241,0,0,0
2026-03-27T10:00:00+08:00,1774576800000,10087.08146234241,10087.08146234241,0,0,0
2026-03-27T12:00:00+08:00,1774584000000,10087.08146234241,10087.08146234241,0,0,0
2026-03-27T14:00:00+08:00,1774591200000,10087.08146234241,10087.08146234241,0,0,0
2026-03-27T16:00:00+08:00,1774598400000,10087.08146234241,10087.08146234241,0,0,0
2026-03-27T18:00:00+08:00,1774605600000,10087.08146234241,10087.08146234241,0,0,0
2026-03-27T20:00:00+08:00,1774612800000,10087.08146234241,10087.08146234241,0,0,0
2026-03-27T22:00:00+08:00,1774620000000,10087.08146234241,10087.08146234241,0,0,0
2026-03-28T00:00:00+08:00,1774627200000,10087.08146234241,10087.08146234241,0,0,0
2026-03-28T02:00:00+08:00,1774634400000,10087.08146234241,10087.08146234241,0,0,0
2026-03-28T04:00:00+08:00,1774641600000,10087.08146234241,10087.08146234241,0,0,0
2026-03-28T06:00:00+08:00,1774648800000,10087.08146234241,10087.08146234241,0,0,0
2026-03-28T08:00:00+08:00,1774656000000,10087.08146234241,10087.08146234241,0,0,0
2026-03-28T10:00:00+08:00,1774663200000,10087.08146234241,10087.08146234241,0,0,0
2026-03-28T12:00:00+08:00,1774670400000,10087.08146234241,10087.08146234241,0,0,0
2026-03-28T14:00:00+08:00,1774677600000,10087.08146234241,10087.08146234241,0,0,0
2026-03-28T16:00:00+08:00,1774684800000,10087.08146234241,10087.08146234241,0,0,0
2026-03-28T18:00:00+08:00,1774692000000,10086.784559847532,10087.04146234241,1,0,1
2026-03-28T20:00:00+08:00,1774699200000,10088.802563573945,10087.001462342409,2,0,2
2026-03-28T22:00:00+08:00,1774706400000,10091.94599265655,10089.838479684426,1,0,1
2026-03-29T00:00:00+08:00,1774713600000,10090.715395335445,10089.838479684426,1,0,1
2026-03-29T02:00:00+08:00,1774720800000,10090.618877898496,10089.838479684426,1,0,1
2026-03-29T04:00:00+08:00,1774728000000,10089.219375062728,10089.838479684426,1,0,1
2026-03-29T06:00:00+08:00,1774735200000,10089.195245703491,10089.195245703491,0,0,0
2026-03-29T08:00:00+08:00,1774742400000,10089.195245703491,10089.195245703491,0,0,0
2026-03-29T10:00:00+08:00,1774749600000,10089.195245703491,10089.195245703491,0,0,0
2026-03-29T12:00:00+08:00,1774756800000,10089.195245703491,10089.195245703491,0,0,0
2026-03-29T14:00:00+08:00,1774764000000,10089.195245703491,10089.195245703491,0,0,0
2026-03-29T16:00:00+08:00,1774771200000,10089.195245703491,10089.195245703491,0,0,0
2026-03-29T18:00:00+08:00,1774778400000,10089.195245703491,10089.195245703491,0,0,0
2026-03-29T20:00:00+08:00,1774785600000,10089.195245703491,10089.195245703491,0,0,0
2026-03-29T22:00:00+08:00,1774792800000,10089.195245703491,10089.195245703491,0,0,0
2026-03-30T00:00:00+08:00,1774800000000,10089.195245703491,10089.195245703491,0,0,0
2026-03-30T02:00:00+08:00,1774807200000,10089.195245703491,10089.195245703491,0,0,0
2026-03-30T04:00:00+08:00,1774814400000,10089.195245703491,10089.195245703491,0,0,0
2026-03-30T06:00:00+08:00,1774821600000,10089.195245703491,10089.195245703491,0,0,0
2026-03-30T08:00:00+08:00,1774828800000,10089.195245703491,10089.195245703491,0,0,0
2026-03-30T10:00:00+08:00,1774836000000,10089.195245703491,10089.195245703491,0,0,0
2026-03-30T12:00:00+08:00,1774843200000,10089.195245703491,10089.195245703491,0,0,0
2026-03-30T14:00:00+08:00,1774850400000,10089.195245703491,10089.195245703491,0,0,0
2026-03-30T16:00:00+08:00,1774857600000,10089.195245703491,10089.195245703491,0,0,0
2026-03-30T18:00:00+08:00,1774864800000,10089.195245703491,10089.195245703491,0,0,0
2026-03-30T20:00:00+08:00,1774872000000,10089.195245703491,10089.195245703491,0,0,0
2026-03-30T22:00:00+08:00,1774879200000,10089.195245703491,10089.195245703491,0,0,0
2026-03-31T00:00:00+08:00,1774886400000,10089.195245703491,10089.195245703491,0,0,0
2026-03-31T02:00:00+08:00,1774893600000,10089.195245703491,10089.195245703491,0,0,0
2026-03-31T04:00:00+08:00,1774900800000,10089.195245703491,10089.195245703491,0,0,0
2026-03-31T06:00:00+08:00,1774908000000,10089.195245703491,10089.195245703491,0,0,0
2026-03-31T08:00:00+08:00,1774915200000,10089.195245703491,10089.195245703491,0,0,0
2026-03-31T10:00:00+08:00,1774922400000,10089.195245703491,10089.195245703491,0,0,0
2026-03-31T12:00:00+08:00,1774929600000,10089.195245703491,10089.195245703491,0,0,0
2026-03-31T14:00:00+08:00,1774936800000,10089.195245703491,10089.195245703491,0,0,0
2026-03-31T16:00:00+08:00,1774944000000,10089.195245703491,10089.195245703491,0,0,0
2026-03-31T18:00:00+08:00,1774951200000,10088.344809624474,10089.15524570349,0,1,1
2026-03-31T20:00:00+08:00,1774958400000,10083.30378937597,10089.11524570349,0,2,2
2026-03-31T22:00:00+08:00,1774965600000,10085.730112449743,10085.84438472697,0,1,1
2026-04-01T00:00:00+08:00,1774972800000,10078.100034961815,10085.80438472697,0,2,2
2026-04-01T02:00:00+08:00,1774980000000,10077.357502112873,10081.951741162613,0,1,1
2026-04-01T04:00:00+08:00,1774987200000,10076.96148132594,10081.951741162613,0,1,1
2026-04-01T06:00:00+08:00,1774994400000,10077.727225258861,10076.946232625121,1,0,1
2026-04-01T08:00:00+08:00,1775001600000,10075.430257650783,10076.90623262512,2,0,2
2026-04-01T10:00:00+08:00,1775008800000,10078.755709062898,10076.90623262512,2,0,2
2026-04-01T12:00:00+08:00,1775016000000,10082.47790663629,10080.281432793836,1,0,1
2026-04-01T14:00:00+08:00,1775023200000,10083.240832793836,10083.240832793836,0,0,0
2026-04-01T16:00:00+08:00,1775030400000,10083.240832793836,10083.240832793836,0,0,0
2026-04-01T18:00:00+08:00,1775037600000,10083.240832793836,10083.240832793836,0,0,0
2026-04-01T20:00:00+08:00,1775044800000,10083.240832793836,10083.240832793836,0,0,0
2026-04-01T22:00:00+08:00,1775052000000,10083.240832793836,10083.240832793836,0,0,0
2026-04-02T00:00:00+08:00,1775059200000,10086.160232793834,10086.160232793834,0,0,0
2026-04-02T02:00:00+08:00,1775066400000,10086.160232793834,10086.160232793834,0,0,0
2026-04-02T04:00:00+08:00,1775073600000,10086.160232793834,10086.160232793834,0,0,0
2026-04-02T06:00:00+08:00,1775080800000,10086.160232793834,10086.160232793834,0,0,0
2026-04-02T08:00:00+08:00,1775088000000,10089.080832793834,10089.080832793834,0,0,0
2026-04-02T10:00:00+08:00,1775095200000,10089.080832793834,10089.080832793834,0,0,0
2026-04-02T12:00:00+08:00,1775102400000,10089.080832793834,10089.080832793834,0,0,0
2026-04-02T14:00:00+08:00,1775109600000,10089.080832793834,10089.080832793834,0,0,0
2026-04-02T16:00:00+08:00,1775116800000,10089.080832793834,10089.080832793834,0,0,0
2026-04-02T18:00:00+08:00,1775124000000,10089.080832793834,10089.080832793834,0,0,0
2026-04-02T20:00:00+08:00,1775131200000,10089.080832793834,10089.080832793834,0,0,0
2026-04-02T22:00:00+08:00,1775138400000,10089.080832793834,10089.080832793834,0,0,0
2026-04-03T00:00:00+08:00,1775145600000,10089.080832793834,10089.080832793834,0,0,0
2026-04-03T02:00:00+08:00,1775152800000,10089.080832793834,10089.080832793834,0,0,0
2026-04-03T04:00:00+08:00,1775160000000,10089.080832793834,10089.080832793834,0,0,0
2026-04-03T06:00:00+08:00,1775167200000,10089.080832793834,10089.080832793834,0,0,0
2026-04-03T08:00:00+08:00,1775174400000,10089.080832793834,10089.080832793834,0,0,0
2026-04-03T10:00:00+08:00,1775181600000,10089.080832793834,10089.080832793834,0,0,0
2026-04-03T12:00:00+08:00,1775188800000,10089.080832793834,10089.080832793834,0,0,0
2026-04-03T14:00:00+08:00,1775196000000,10090.564596668706,10089.040832793833,1,0,1
2026-04-03T16:00:00+08:00,1775203200000,10090.534844949541,10089.000832793832,2,0,2
2026-04-03T18:00:00+08:00,1775210400000,10091.690555408757,10089.000832793832,2,0,2
2026-04-03T20:00:00+08:00,1775217600000,10091.83483197927,10092.750751879144,1,0,1
2026-04-03T22:00:00+08:00,1775224800000,10091.859858262123,10091.859858262123,0,0,0
2026-04-04T00:00:00+08:00,1775232000000,10091.859858262123,10091.859858262123,0,0,0
2026-04-04T02:00:00+08:00,1775239200000,10091.859858262123,10091.859858262123,0,0,0
2026-04-04T04:00:00+08:00,1775246400000,10091.859858262123,10091.859858262123,0,0,0
2026-04-04T06:00:00+08:00,1775253600000,10091.859858262123,10091.859858262123,0,0,0
2026-04-04T08:00:00+08:00,1775260800000,10091.859858262123,10091.859858262123,0,0,0
2026-04-04T10:00:00+08:00,1775268000000,10091.859858262123,10091.859858262123,0,0,0
2026-04-04T12:00:00+08:00,1775275200000,10091.859858262123,10091.859858262123,0,0,0
2026-04-04T14:00:00+08:00,1775282400000,10091.859858262123,10091.859858262123,0,0,0
2026-04-04T16:00:00+08:00,1775289600000,10091.859858262123,10091.859858262123,0,0,0
2026-04-04T18:00:00+08:00,1775296800000,10091.859858262123,10091.859858262123,0,0,0
2026-04-04T20:00:00+08:00,1775304000000,10091.859858262123,10091.859858262123,0,0,0
2026-04-04T22:00:00+08:00,1775311200000,10091.859858262123,10091.859858262123,0,0,0
2026-04-05T00:00:00+08:00,1775318400000,10091.859858262123,10091.859858262123,0,0,0
2026-04-05T02:00:00+08:00,1775325600000,10091.859858262123,10091.859858262123,0,0,0
2026-04-05T04:00:00+08:00,1775332800000,10091.859858262123,10091.859858262123,0,0,0
2026-04-05T06:00:00+08:00,1775340000000,10091.859858262123,10091.859858262123,0,0,0
2026-04-05T08:00:00+08:00,1775347200000,10090.96318994529,10091.819858262123,1,0,1
2026-04-05T10:00:00+08:00,1775354400000,10091.0621800443,10091.819858262123,1,0,1
2026-04-05T12:00:00+08:00,1775361600000,10090.418744400737,10091.819858262123,1,0,1
2026-04-05T14:00:00+08:00,1775368800000,10088.66167014331,10091.819858262123,1,0,1
2026-04-05T16:00:00+08:00,1775376000000,10089.25561073737,10091.819858262123,1,0,1
2026-04-05T18:00:00+08:00,1775383200000,10088.949945157023,10089.215610737368,0,1,1
2026-04-05T20:00:00+08:00,1775390400000,10093.826033856893,10092.037468868162,0,1,1
2026-04-05T22:00:00+08:00,1775397600000,10092.799031602948,10092.037468868162,0,1,1
2026-04-06T00:00:00+08:00,1775404800000,10092.047566539086,10092.037468868162,0,1,1
2026-04-06T02:00:00+08:00,1775412000000,10092.047566539086,10092.047566539086,0,0,0
2026-04-06T04:00:00+08:00,1775419200000,10092.047566539086,10092.047566539086,0,0,0
2026-04-06T06:00:00+08:00,1775426400000,10092.047566539086,10092.047566539086,0,0,0
2026-04-06T08:00:00+08:00,1775433600000,10091.503452197527,10092.007566539085,1,0,1
2026-04-06T10:00:00+08:00,1775440800000,10093.379890966517,10091.967566539084,2,0,2
2026-04-06T12:00:00+08:00,1775448000000,10092.352760612794,10091.967566539084,2,0,2
2026-04-06T14:00:00+08:00,1775455200000,10091.912561889772,10091.967566539084,2,0,2
2026-04-06T16:00:00+08:00,1775462400000,10094.66712290361,10094.66712290361,0,0,0
2026-04-06T18:00:00+08:00,1775469600000,10094.66712290361,10094.66712290361,0,0,0
2026-04-06T20:00:00+08:00,1775476800000,10094.66712290361,10094.66712290361,0,0,0
2026-04-06T22:00:00+08:00,1775484000000,10094.66712290361,10094.66712290361,0,0,0
2026-04-07T00:00:00+08:00,1775491200000,10094.66712290361,10094.66712290361,0,0,0
2026-04-07T02:00:00+08:00,1775498400000,10094.66712290361,10094.66712290361,0,0,0
2026-04-07T04:00:00+08:00,1775505600000,10094.66712290361,10094.66712290361,0,0,0
2026-04-07T06:00:00+08:00,1775512800000,10094.66712290361,10094.66712290361,0,0,0
2026-04-07T08:00:00+08:00,1775520000000,10095.838154798543,10094.627122903608,0,1,1
2026-04-07T10:00:00+08:00,1775527200000,10094.352590153238,10094.587122903607,0,2,2
2026-04-07T12:00:00+08:00,1775534400000,10095.306366162551,10094.587122903607,0,2,2
2026-04-07T14:00:00+08:00,1775541600000,10093.900801517246,10094.587122903607,0,2,2
2026-04-07T16:00:00+08:00,1775548800000,10092.64173908403,10094.897411834188,0,1,1
2026-04-07T18:00:00+08:00,1775556000000,10095.587576717762,10094.897411834188,0,1,1
2026-04-07T20:00:00+08:00,1775563200000,10097.222823609369,10094.857411834188,0,2,2
2026-04-07T22:00:00+08:00,1775570400000,10097.273272047358,10094.857411834188,0,2,2
2026-04-08T00:00:00+08:00,1775577600000,10091.219459488746,10094.857411834188,0,2,2
2026-04-08T02:00:00+08:00,1775584800000,10087.277286674193,10093.407438265906,0,1,1
2026-04-08T04:00:00+08:00,1775592000000,10083.96687232351,10093.407438265906,0,1,1
2026-04-08T06:00:00+08:00,1775599200000,10086.861001984955,10086.861001984955,0,0,0
2026-04-08T08:00:00+08:00,1775606400000,10084.746559229721,10086.821001984954,1,0,1
2026-04-08T10:00:00+08:00,1775613600000,10084.48933083538,10086.821001984954,1,0,1
2026-04-08T12:00:00+08:00,1775620800000,10083.67087685339,10086.821001984954,1,0,1
2026-04-08T14:00:00+08:00,1775628000000,10083.67087685339,10083.67087685339,0,0,0
2026-04-08T16:00:00+08:00,1775635200000,10083.67087685339,10083.67087685339,0,0,0
2026-04-08T18:00:00+08:00,1775642400000,10083.67087685339,10083.67087685339,0,0,0
2026-04-08T20:00:00+08:00,1775649600000,10083.67087685339,10083.67087685339,0,0,0
2026-04-08T22:00:00+08:00,1775656800000,10083.67087685339,10083.67087685339,0,0,0
2026-04-09T00:00:00+08:00,1775664000000,10083.67087685339,10083.67087685339,0,0,0
2026-04-09T02:00:00+08:00,1775671200000,10083.67087685339,10083.67087685339,0,0,0
2026-04-09T04:00:00+08:00,1775678400000,10083.67087685339,10083.67087685339,0,0,0
2026-04-09T06:00:00+08:00,1775685600000,10083.67087685339,10083.67087685339,0,0,0
2026-04-09T08:00:00+08:00,1775692800000,10084.390842922221,10083.630876853389,0,1,1
2026-04-09T10:00:00+08:00,1775700000000,10085.258162933256,10083.590876853388,0,2,2
2026-04-09T12:00:00+08:00,1775707200000,10084.67516591325,10083.590876853388,0,2,2
2026-04-09T14:00:00+08:00,1775714400000,10084.140751978242,10083.590876853388,0,2,2
2026-04-09T16:00:00+08:00,1775721600000,10082.586093258222,10083.590876853388,0,2,2
2026-04-09T18:00:00+08:00,1775728800000,10083.584202799166,10083.478152665313,0,1,1
2026-04-09T20:00:00+08:00,1775736000000,10084.965237686645,10083.438152665312,0,2,2
2026-04-09T22:00:00+08:00,1775743200000,10075.760717895522,10083.438152665312,0,2,2
2026-04-10T00:00:00+08:00,1775750400000,10073.495286819048,10079.673874252074,0,1,1
2026-04-10T02:00:00+08:00,1775757600000,10074.76197946396,10079.673874252074,0,1,1
2026-04-10T04:00:00+08:00,1775764800000,10074.967229107326,10074.721979463959,1,0,1
2026-04-10T06:00:00+08:00,1775772000000,10075.491030979398,10077.786040476074,1,0,1
2026-04-10T08:00:00+08:00,1775779200000,10075.491030979398,10075.491030979398,0,0,0
2026-04-10T10:00:00+08:00,1775786400000,10076.01276362288,10075.451030979397,0,1,1
2026-04-10T12:00:00+08:00,1775793600000,10073.54612563803,10075.411030979396,0,2,2
2026-04-10T14:00:00+08:00,1775800800000,10075.667548053749,10075.411030979396,0,2,2
2026-04-10T16:00:00+08:00,1775808000000,10072.822913450853,10075.411030979396,0,2,2
2026-04-10T18:00:00+08:00,1775815200000,10072.847058290925,10074.43232805556,0,1,1
2026-04-10T20:00:00+08:00,1775822400000,10071.060340125567,10074.43232805556,0,1,1
2026-04-10T22:00:00+08:00,1775829600000,10074.003884965638,10074.003884965638,0,0,0
2026-04-11T00:00:00+08:00,1775836800000,10074.003884965638,10074.003884965638,0,0,0
2026-04-11T02:00:00+08:00,1775844000000,10074.003884965638,10074.003884965638,0,0,0
2026-04-11T04:00:00+08:00,1775851200000,10074.003884965638,10074.003884965638,0,0,0
2026-04-11T06:00:00+08:00,1775858400000,10074.003884965638,10074.003884965638,0,0,0
2026-04-11T08:00:00+08:00,1775865600000,10074.003884965638,10074.003884965638,0,0,0
2026-04-11T10:00:00+08:00,1775872800000,10074.003884965638,10074.003884965638,0,0,0
2026-04-11T12:00:00+08:00,1775880000000,10074.003884965638,10074.003884965638,0,0,0
2026-04-11T14:00:00+08:00,1775887200000,10074.003884965638,10074.003884965638,0,0,0
2026-04-11T16:00:00+08:00,1775894400000,10073.353902774019,10073.963884965637,0,1,1
2026-04-11T18:00:00+08:00,1775901600000,10074.55454081346,10073.923884965636,0,2,2
2026-04-11T20:00:00+08:00,1775908800000,10075.360868467924,10073.923884965636,0,2,2
2026-04-11T22:00:00+08:00,1775916000000,10072.56243719655,10073.923884965636,0,2,2
2026-04-12T00:00:00+08:00,1775923200000,10072.254574049872,10072.957663904257,0,1,1
2026-04-12T02:00:00+08:00,1775930400000,10069.341715046674,10072.957663904257,0,1,1
2026-04-12T04:00:00+08:00,1775937600000,10067.633516461881,10069.27803326616,1,0,1
2026-04-12T06:00:00+08:00,1775944800000,10065.592291339462,10069.23803326616,2,0,2
2026-04-12T08:00:00+08:00,1775952000000,10059.356727447317,10066.616854059275,1,0,1
2026-04-12T10:00:00+08:00,1775959200000,10059.227188752844,10059.340169416835,0,1,1
2026-04-12T12:00:00+08:00,1775966400000,10058.758029520492,10059.300169416834,0,2,2
2026-04-12T14:00:00+08:00,1775973600000,10059.293123464973,10059.300169416834,0,2,2
2026-04-12T16:00:00+08:00,1775980800000,10059.682282697324,10059.300169416834,0,2,2
2026-04-12T18:00:00+08:00,1775988000000,10059.63363779328,10059.300169416834,0,2,2
2026-04-12T20:00:00+08:00,1775995200000,10060.387505162678,10059.45478452081,0,1,1
2026-04-12T22:00:00+08:00,1776002400000,10061.165681676172,10059.45478452081,0,1,1
2026-04-13T00:00:00+08:00,1776009600000,10058.203486794171,10059.41478452081,0,2,2
2026-04-13T02:00:00+08:00,1776016800000,10058.694356416092,10059.66660071337,0,1,1
2026-04-13T04:00:00+08:00,1776024000000,10056.682671353547,10059.66660071337,0,1,1
2026-04-13T06:00:00+08:00,1776031200000,10059.749264436696,10059.66660071337,0,1,1
2026-04-13T08:00:00+08:00,1776038400000,10055.840982165302,10059.626600713369,0,2,2
2026-04-13T10:00:00+08:00,1776045600000,10056.822909108943,10057.771177608145,0,1,1
2026-04-13T12:00:00+08:00,1776052800000,10056.970195892598,10057.771177608145,0,1,1
2026-04-13T14:00:00+08:00,1776060000000,10056.184666379773,10057.771177608145,0,1,1
2026-04-13T16:00:00+08:00,1776067200000,10056.945648095321,10057.771177608145,0,1,1
2026-04-13T18:00:00+08:00,1776074400000,10056.945648095321,10057.771177608145,0,1,1
2026-04-13T20:00:00+08:00,1776081600000,10052.62523577479,10057.771177608145,0,1,1
2026-04-13T22:00:00+08:00,1776088800000,10050.344283332717,10052.609783572067,1,0,1
2026-04-14T00:00:00+08:00,1776096000000,10052.213785001322,10052.569783572066,2,0,2
2026-04-14T02:00:00+08:00,1776103200000,10057.219563171699,10052.569783572066,2,0,2
2026-04-14T04:00:00+08:00,1776110400000,10057.487448669526,10054.381140269623,1,0,1
2026-04-14T06:00:00+08:00,1776117600000,10057.487448669526,10057.487448669526,0,0,0
2026-04-14T08:00:00+08:00,1776124800000,10056.089945490701,10057.447448669525,1,0,1
2026-04-14T10:00:00+08:00,1776132000000,10056.297972308412,10057.447448669525,1,0,1
2026-04-14T12:00:00+08:00,1776139200000,10055.026697311301,10057.447448669525,1,0,1
2026-04-14T14:00:00+08:00,1776146400000,10055.003583220445,10055.003583220445,0,0,0
2026-04-14T16:00:00+08:00,1776153600000,10055.003583220445,10055.003583220445,0,0,0
2026-04-14T18:00:00+08:00,1776160800000,10055.003583220445,10055.003583220445,0,0,0
2026-04-14T20:00:00+08:00,1776168000000,10055.003583220445,10055.003583220445,0,0,0
2026-04-14T22:00:00+08:00,1776175200000,10055.003583220445,10055.003583220445,0,0,0
2026-04-15T00:00:00+08:00,1776182400000,10055.003583220445,10055.003583220445,0,0,0
2026-04-15T02:00:00+08:00,1776189600000,10055.003583220445,10055.003583220445,0,0,0
2026-04-15T04:00:00+08:00,1776196800000,10055.003583220445,10055.003583220445,0,0,0
2026-04-15T06:00:00+08:00,1776204000000,10055.162436951787,10054.963583220444,0,1,1
2026-04-15T08:00:00+08:00,1776211200000,10054.150419185491,10054.923583220443,0,2,2
2026-04-15T10:00:00+08:00,1776218400000,10056.301259064032,10054.923583220443,0,2,2
2026-04-15T12:00:00+08:00,1776225600000,10057.878541641629,10054.923583220443,0,2,2
2026-04-15T14:00:00+08:00,1776232800000,10058.78667403479,10054.923583220443,0,2,2
2026-04-15T16:00:00+08:00,1776240000000,10057.687355874647,10054.923583220443,0,2,2
2026-04-15T18:00:00+08:00,1776247200000,10056.635268855762,10056.41224710104,0,1,1
2026-04-15T20:00:00+08:00,1776254400000,10056.563535649928,10056.41224710104,0,1,1
2026-04-15T22:00:00+08:00,1776261600000,10055.654915042709,10056.41224710104,0,1,1
2026-04-16T00:00:00+08:00,1776268800000,10053.933318102712,10056.41224710104,0,1,1
2026-04-16T02:00:00+08:00,1776276000000,10052.02043261383,10056.41224710104,0,1,1
2026-04-16T04:00:00+08:00,1776283200000,10050.209379735963,10051.98043261383,1,0,1
2026-04-16T06:00:00+08:00,1776290400000,10050.669894441458,10051.940432613828,2,0,2
2026-04-16T08:00:00+08:00,1776297600000,10050.52891761347,10051.940432613828,2,0,2
2026-04-16T10:00:00+08:00,1776304800000,10052.549585481305,10051.940432613828,2,0,2
2026-04-16T12:00:00+08:00,1776312000000,10053.066500517263,10051.940432613828,2,0,2
2026-04-16T14:00:00+08:00,1776319200000,10052.12665499734,10051.940432613828,2,0,2
2026-04-16T16:00:00+08:00,1776326400000,10052.12665499734,10051.151869207184,1,0,1
2026-04-16T18:00:00+08:00,1776333600000,10051.796259623801,10051.151869207184,1,0,1
2026-04-16T20:00:00+08:00,1776340800000,10054.111269207184,10054.111269207184,0,0,0
2026-04-16T22:00:00+08:00,1776348000000,10054.111269207184,10054.111269207184,0,0,0
2026-04-17T00:00:00+08:00,1776355200000,10054.111269207184,10054.111269207184,0,0,0
2026-04-17T02:00:00+08:00,1776362400000,10054.111269207184,10054.111269207184,0,0,0
2026-04-17T04:00:00+08:00,1776369600000,10054.111269207184,10054.111269207184,0,0,0
2026-04-17T06:00:00+08:00,1776376800000,10054.111269207184,10054.111269207184,0,0,0
2026-04-17T08:00:00+08:00,1776384000000,10054.111269207184,10054.111269207184,0,0,0
2026-04-17T10:00:00+08:00,1776391200000,10054.111269207184,10054.111269207184,0,0,0
2026-04-17T12:00:00+08:00,1776398400000,10054.111269207184,10054.111269207184,0,0,0
2026-04-17T14:00:00+08:00,1776405600000,10054.111269207184,10054.111269207184,0,0,0
2026-04-17T16:00:00+08:00,1776412800000,10054.111269207184,10054.111269207184,0,0,0
2026-04-17T18:00:00+08:00,1776420000000,10054.111269207184,10054.111269207184,0,0,0
2026-04-17T20:00:00+08:00,1776427200000,10054.111269207184,10054.111269207184,0,0,0
2026-04-17T22:00:00+08:00,1776434400000,10054.111269207184,10054.111269207184,0,0,0
2026-04-18T00:00:00+08:00,1776441600000,10054.111269207184,10054.111269207184,0,0,0
2026-04-18T02:00:00+08:00,1776448800000,10054.111269207184,10054.111269207184,0,0,0
2026-04-18T04:00:00+08:00,1776456000000,10054.111269207184,10054.111269207184,0,0,0
2026-04-18T06:00:00+08:00,1776463200000,10054.111269207184,10054.111269207184,0,0,0
2026-04-18T08:00:00+08:00,1776470400000,10054.111269207184,10054.111269207184,0,0,0
2026-04-18T10:00:00+08:00,1776477600000,10055.247591693389,10054.071269207183,0,1,1
2026-04-18T12:00:00+08:00,1776484800000,10054.828777735976,10054.031269207182,0,2,2
2026-04-18T14:00:00+08:00,1776492000000,10054.557672478611,10054.031269207182,0,2,2
2026-04-18T16:00:00+08:00,1776499200000,10059.150414394539,10057.581574340165,0,1,1
2026-04-18T18:00:00+08:00,1776506400000,10060.542174340166,10060.542174340166,0,0,0
2026-04-18T20:00:00+08:00,1776513600000,10060.542174340166,10060.542174340166,0,0,0
2026-04-18T22:00:00+08:00,1776520800000,10060.542174340166,10060.542174340166,0,0,0
2026-04-19T00:00:00+08:00,1776528000000,10060.542174340166,10060.542174340166,0,0,0
2026-04-19T02:00:00+08:00,1776535200000,10060.542174340166,10060.542174340166,0,0,0
2026-04-19T04:00:00+08:00,1776542400000,10060.542174340166,10060.542174340166,0,0,0
2026-04-19T06:00:00+08:00,1776549600000,10060.542174340166,10060.542174340166,0,0,0
2026-04-19T08:00:00+08:00,1776556800000,10060.542174340166,10060.542174340166,0,0,0
2026-04-19T10:00:00+08:00,1776564000000,10060.788998940468,10060.502174340165,0,1,1
2026-04-19T12:00:00+08:00,1776571200000,10060.788998940468,10060.788998940468,0,0,0
2026-04-19T14:00:00+08:00,1776578400000,10060.788998940468,10060.788998940468,0,0,0
2026-04-19T16:00:00+08:00,1776585600000,10060.788998940468,10060.788998940468,0,0,0
2026-04-19T18:00:00+08:00,1776592800000,10060.788998940468,10060.788998940468,0,0,0
2026-04-19T20:00:00+08:00,1776600000000,10060.788998940468,10060.788998940468,0,0,0
2026-04-19T22:00:00+08:00,1776607200000,10060.788998940468,10060.788998940468,0,0,0
2026-04-20T00:00:00+08:00,1776614400000,10060.788998940468,10060.788998940468,0,0,0
2026-04-20T02:00:00+08:00,1776621600000,10060.788998940468,10060.788998940468,0,0,0
2026-04-20T04:00:00+08:00,1776628800000,10060.788998940468,10060.788998940468,0,0,0
2026-04-20T06:00:00+08:00,1776636000000,10060.788998940468,10060.788998940468,0,0,0
2026-04-20T08:00:00+08:00,1776643200000,10060.788998940468,10060.788998940468,0,0,0
2026-04-20T10:00:00+08:00,1776650400000,10060.788998940468,10060.788998940468,0,0,0
2026-04-20T12:00:00+08:00,1776657600000,10060.788998940468,10060.788998940468,0,0,0
2026-04-20T14:00:00+08:00,1776664800000,10060.788998940468,10060.788998940468,0,0,0
2026-04-20T16:00:00+08:00,1776672000000,10060.788998940468,10060.788998940468,0,0,0
2026-04-20T18:00:00+08:00,1776679200000,10060.788998940468,10060.788998940468,0,0,0
2026-04-20T20:00:00+08:00,1776686400000,10060.788998940468,10060.788998940468,0,0,0
2026-04-20T22:00:00+08:00,1776693600000,10061.975310656195,10060.748998940468,1,0,1
2026-04-21T00:00:00+08:00,1776700800000,10061.124008373401,10060.708998940467,2,0,2
2026-04-21T02:00:00+08:00,1776708000000,10061.638259990887,10060.708998940467,2,0,2
2026-04-21T04:00:00+08:00,1776715200000,10061.638259990887,10060.708998940467,2,0,2
2026-04-21T06:00:00+08:00,1776722400000,10059.254002491636,10060.708998940467,2,0,2
2026-04-21T08:00:00+08:00,1776729600000,10059.626801373015,10060.62209850655,1,0,1
2026-04-21T10:00:00+08:00,1776736800000,10058.9744033306,10060.62209850655,1,0,1
2026-04-21T12:00:00+08:00,1776744000000,10060.139399834912,10060.62209850655,1,0,1
2026-04-21T14:00:00+08:00,1776751200000,10060.199354512475,10060.58209850655,2,0,2
2026-04-21T16:00:00+08:00,1776758400000,10061.085734137052,10060.58209850655,2,0,2
2026-04-21T18:00:00+08:00,1776765600000,10060.80582478192,10060.58209850655,2,0,2
2026-04-21T20:00:00+08:00,1776772800000,10060.782421453803,10060.495498646376,1,0,1
2026-04-21T22:00:00+08:00,1776780000000,10061.319508923149,10060.495498646376,1,0,1
2026-04-22T00:00:00+08:00,1776787200000,10057.790902323091,10060.455498646375,2,0,2
2026-04-22T02:00:00+08:00,1776794400000,10056.04706511379,10059.551488369603,1,0,1
2026-04-22T04:00:00+08:00,1776801600000,10057.418883718441,10059.551488369603,1,0,1
2026-04-22T06:00:00+08:00,1776808800000,10059.488237206813,10059.551488369603,1,0,1
2026-04-22T08:00:00+08:00,1776816000000,10060.524357915278,10059.511488369602,2,0,2
2026-04-22T10:00:00+08:00,1776823200000,10065.302567192759,10062.459087718402,1,0,1
2026-04-22T12:00:00+08:00,1776830400000,10068.522115370677,10066.819744354854,1,0,1
2026-04-22T14:00:00+08:00,1776837600000,10068.63674504277,10066.819744354854,1,0,1
2026-04-22T16:00:00+08:00,1776844800000,10069.779144354854,10069.779144354854,0,0,0
2026-04-22T18:00:00+08:00,1776852000000,10069.779144354854,10069.779144354854,0,0,0
2026-04-22T20:00:00+08:00,1776859200000,10069.779144354854,10069.779144354854,0,0,0
2026-04-22T22:00:00+08:00,1776866400000,10069.779144354854,10069.779144354854,0,0,0
2026-04-23T00:00:00+08:00,1776873600000,10069.779144354854,10069.779144354854,0,0,0
2026-04-23T02:00:00+08:00,1776880800000,10069.779144354854,10069.779144354854,0,0,0
2026-04-23T04:00:00+08:00,1776888000000,10069.779144354854,10069.779144354854,0,0,0
2026-04-23T06:00:00+08:00,1776895200000,10069.779144354854,10069.779144354854,0,0,0
2026-04-23T08:00:00+08:00,1776902400000,10069.779144354854,10069.779144354854,0,0,0
2026-04-23T10:00:00+08:00,1776909600000,10071.250560027964,10069.739144354853,0,1,1
2026-04-23T12:00:00+08:00,1776916800000,10070.635779988579,10069.699144354852,0,2,2
2026-04-23T14:00:00+08:00,1776924000000,10070.589285363812,10069.699144354852,0,2,2
2026-04-23T16:00:00+08:00,1776931200000,10072.263091855388,10069.699144354852,0,2,2
2026-04-23T18:00:00+08:00,1776938400000,10070.914747737175,10069.699144354852,0,2,2
2026-04-23T20:00:00+08:00,1776945600000,10071.031443571967,10071.094782738925,0,1,1
2026-04-23T22:00:00+08:00,1776952800000,10068.244258122633,10071.054782738924,0,2,2
2026-04-24T00:00:00+08:00,1776960000000,10075.014028860372,10074.003888869705,0,1,1
2026-04-24T02:00:00+08:00,1776967200000,10075.097865585201,10073.963888869705,0,2,2
2026-04-24T04:00:00+08:00,1776974400000,10072.75820097185,10073.963888869705,0,2,2
2026-04-24T06:00:00+08:00,1776981600000,10071.984124986859,10073.87721598123,0,1,1
2026-04-24T08:00:00+08:00,1776988800000,10071.608815418378,10073.87721598123,0,1,1
2026-04-24T10:00:00+08:00,1776996000000,10072.99276945215,10073.87721598123,0,1,1
2026-04-24T12:00:00+08:00,1777003200000,10072.99276945215,10073.87721598123,0,1,1
2026-04-24T14:00:00+08:00,1777010400000,10073.438449564721,10073.87721598123,0,1,1
2026-04-24T16:00:00+08:00,1777017600000,10073.452183623565,10073.83721598123,0,2,2
2026-04-24T18:00:00+08:00,1777024800000,10071.813517592718,10073.46882010881,0,1,1
2026-04-24T20:00:00+08:00,1777032000000,10072.094439769431,10073.46882010881,0,1,1
2026-04-24T22:00:00+08:00,1777039200000,10071.064391788155,10073.46882010881,0,1,1
2026-04-25T00:00:00+08:00,1777046400000,10070.938411570472,10071.047801969547,1,0,1
2026-04-25T02:00:00+08:00,1777053600000,10070.187557427666,10071.007801969547,2,0,2
2026-04-25T04:00:00+08:00,1777060800000,10070.78901046672,10071.007801969547,2,0,2
2026-04-25T06:00:00+08:00,1777068000000,10069.539838770223,10071.007801969547,2,0,2
2026-04-25T08:00:00+08:00,1777075200000,10069.724928005473,10070.227637712751,1,0,1
2026-04-25T10:00:00+08:00,1777082400000,10070.11823125666,10070.227637712751,1,0,1
2026-04-25T12:00:00+08:00,1777089600000,10068.858182277867,10070.18763771275,2,0,2
2026-04-25T14:00:00+08:00,1777096800000,10069.251576560937,10069.499844122562,1,0,1
2026-04-25T16:00:00+08:00,1777104000000,10069.714393364548,10069.499844122562,1,0,1
2026-04-25T18:00:00+08:00,1777111200000,10068.640043255713,10069.45984412256,2,0,2
2026-04-25T20:00:00+08:00,1777118400000,10069.194653217577,10069.188435720755,1,0,1
2026-04-25T22:00:00+08:00,1777125600000,10067.35859125745,10069.148435720754,2,0,2
2026-04-26T00:00:00+08:00,1777132800000,10065.764450735498,10068.253412029548,1,0,1
2026-04-26T02:00:00+08:00,1777140000000,10065.450192740422,10065.74755414393,0,1,1
2026-04-26T04:00:00+08:00,1777147200000,10064.318072040633,10065.70755414393,0,2,2
2026-04-26T06:00:00+08:00,1777154400000,10063.008786684284,10065.70755414393,0,2,2
2026-04-26T08:00:00+08:00,1777161600000,10063.45266419446,10064.193575196561,0,1,1
2026-04-26T10:00:00+08:00,1777168800000,10063.382573094248,10064.193575196561,0,1,1
2026-04-26T12:00:00+08:00,1777176000000,10062.284479190956,10064.193575196561,0,1,1
2026-04-26T14:00:00+08:00,1777183200000,10062.620966115277,10062.244479190955,1,0,1
2026-04-26T16:00:00+08:00,1777190400000,10062.055518969373,10062.204479190954,2,0,2
2026-04-26T18:00:00+08:00,1777197600000,10061.824364477652,10062.204479190954,2,0,2
2026-04-26T20:00:00+08:00,1777204800000,10060.11382123892,10062.204479190954,2,0,2
2026-04-26T22:00:00+08:00,1777212000000,10061.106763455255,10061.331505342308,1,0,1
2026-04-27T00:00:00+08:00,1777219200000,10060.980556628514,10061.291505342308,2,0,2
2026-04-27T02:00:00+08:00,1777226400000,10062.505381910878,10061.291505342308,2,0,2
2026-04-27T04:00:00+08:00,1777233600000,10062.274347777187,10061.291505342308,2,0,2
2026-04-27T06:00:00+08:00,1777240800000,10062.644002391095,10061.291505342308,2,0,2
2026-04-27T08:00:00+08:00,1777248000000,10066.895030451016,10061.291505342308,2,0,2
2026-04-27T10:00:00+08:00,1777255200000,10066.844568225137,10064.157105504064,1,0,1
2026-04-27T12:00:00+08:00,1777262400000,10067.116505504064,10067.116505504064,0,0,0
2026-04-27T14:00:00+08:00,1777269600000,10067.116505504064,10067.116505504064,0,0,0
2026-04-27T16:00:00+08:00,1777276800000,10066.496428030181,10067.076505504063,0,1,1
2026-04-27T18:00:00+08:00,1777284000000,10067.47177069549,10067.036505504062,0,2,2
2026-04-27T20:00:00+08:00,1777291200000,10068.034603987862,10067.036505504062,0,2,2
2026-04-27T22:00:00+08:00,1777298400000,10072.771180150012,10069.7430101465,0,1,1
2026-04-28T00:00:00+08:00,1777305600000,10072.794601295078,10072.794601295078,0,0,0
2026-04-28T02:00:00+08:00,1777312800000,10072.794601295078,10072.794601295078,0,0,0
2026-04-28T04:00:00+08:00,1777320000000,10072.794601295078,10072.794601295078,0,0,0
2026-04-28T06:00:00+08:00,1777327200000,10072.794601295078,10072.794601295078,0,0,0
2026-04-28T08:00:00+08:00,1777334400000,10072.794601295078,10072.794601295078,0,0,0
2026-04-28T10:00:00+08:00,1777341600000,10072.794601295078,10072.794601295078,0,0,0
2026-04-28T12:00:00+08:00,1777348800000,10072.794601295078,10072.794601295078,0,0,0
2026-04-28T14:00:00+08:00,1777356000000,10072.794601295078,10072.794601295078,0,0,0
2026-04-28T16:00:00+08:00,1777363200000,10072.794601295078,10072.794601295078,0,0,0
2026-04-28T18:00:00+08:00,1777370400000,10072.794601295078,10072.794601295078,0,0,0
2026-04-28T20:00:00+08:00,1777377600000,10072.794601295078,10072.794601295078,0,0,0
2026-04-28T22:00:00+08:00,1777384800000,10072.794601295078,10072.794601295078,0,0,0
2026-04-29T00:00:00+08:00,1777392000000,10072.794601295078,10072.794601295078,0,0,0
2026-04-29T02:00:00+08:00,1777399200000,10072.794601295078,10072.794601295078,0,0,0
2026-04-29T04:00:00+08:00,1777406400000,10072.794601295078,10072.794601295078,0,0,0
2026-04-29T06:00:00+08:00,1777413600000,10072.794601295078,10072.794601295078,0,0,0
2026-04-29T08:00:00+08:00,1777420800000,10072.794601295078,10072.794601295078,0,0,0
2026-04-29T10:00:00+08:00,1777428000000,10073.928066311735,10072.754601295077,1,0,1
2026-04-29T12:00:00+08:00,1777435200000,10075.057872532414,10072.714601295076,2,0,2
2026-04-29T14:00:00+08:00,1777442400000,10074.393626565748,10072.714601295076,2,0,2
2026-04-29T16:00:00+08:00,1777449600000,10077.93896393883,10076.275968906892,1,0,1
2026-04-29T18:00:00+08:00,1777456800000,10076.992855587752,10076.275968906892,1,0,1
2026-04-29T20:00:00+08:00,1777464000000,10074.816806380277,10076.275968906892,1,0,1
2026-04-29T22:00:00+08:00,1777471200000,10074.7931536715,10074.7931536715,0,0,0
2026-04-30T00:00:00+08:00,1777478400000,10074.7931536715,10074.7931536715,0,0,0
2026-04-30T02:00:00+08:00,1777485600000,10074.7931536715,10074.7931536715,0,0,0
2026-04-30T04:00:00+08:00,1777492800000,10072.984052137534,10074.7531536715,0,1,1
2026-04-30T06:00:00+08:00,1777500000000,10072.103771092843,10074.713153671499,0,2,2
2026-04-30T08:00:00+08:00,1777507200000,10070.43797818915,10072.53004191109,0,1,1
2026-04-30T10:00:00+08:00,1777514400000,10072.103771092843,10072.53004191109,0,1,1
2026-04-30T12:00:00+08:00,1777521600000,10074.33916268514,10072.490041911089,0,2,2
2026-04-30T14:00:00+08:00,1777528800000,10070.576651347654,10072.490041911089,0,2,2
2026-04-30T16:00:00+08:00,1777536000000,10071.082654720334,10071.339513308627,0,1,1
2026-04-30T18:00:00+08:00,1777543200000,10071.444085700821,10071.339513308627,0,1,1
2026-04-30T20:00:00+08:00,1777550400000,10070.986273125538,10071.339513308627,0,1,1
2026-04-30T22:00:00+08:00,1777557600000,10071.291042818862,10070.946273125537,1,0,1
2026-05-01T00:00:00+08:00,1777564800000,10069.697354572667,10070.906273125536,2,0,2
2026-05-01T02:00:00+08:00,1777572000000,10069.697354572667,10070.481503432211,1,0,1
2026-05-01T04:00:00+08:00,1777579200000,10068.847766234523,10070.44150343221,2,0,2
2026-05-01T06:00:00+08:00,1777586400000,10069.377754889922,10069.297282543856,1,0,1
2026-05-01T08:00:00+08:00,1777593600000,10071.850999715829,10069.257282543855,2,0,2
2026-05-01T10:00:00+08:00,1777600800000,10074.236440648774,10072.277803847233,1,0,1
2026-05-01T12:00:00+08:00,1777608000000,10074.621720032204,10072.277803847233,1,0,1
2026-05-01T14:00:00+08:00,1777615200000,10074.356840456097,10072.277803847233,1,0,1
2026-05-01T16:00:00+08:00,1777622400000,10074.356840456097,10072.277803847233,1,0,1
2026-05-01T18:00:00+08:00,1777629600000,10074.525400186347,10072.277803847233,1,0,1
2026-05-01T20:00:00+08:00,1777636800000,10075.237203847233,10075.237203847233,0,0,0
2026-05-01T22:00:00+08:00,1777644000000,10075.237203847233,10075.237203847233,0,0,0
2026-05-02T00:00:00+08:00,1777651200000,10075.237203847233,10075.237203847233,0,0,0
2026-05-02T02:00:00+08:00,1777658400000,10074.325818720125,10075.197203847232,1,0,1
2026-05-02T04:00:00+08:00,1777665600000,10073.94575694773,10075.197203847232,1,0,1
2026-05-02T06:00:00+08:00,1777672800000,10074.040772390828,10075.197203847232,1,0,1
2026-05-02T08:00:00+08:00,1777680000000,10074.72963435329,10075.197203847232,1,0,1
2026-05-02T10:00:00+08:00,1777687200000,10073.508227408987,10075.157203847231,2,0,2
2026-05-02T12:00:00+08:00,1777694400000,10072.889965314156,10075.157203847231,2,0,2
2026-05-02T14:00:00+08:00,1777701600000,10073.080199804874,10075.157203847231,2,0,2
2026-05-02T16:00:00+08:00,1777708800000,10074.411841239895,10075.157203847231,2,0,2
2026-05-02T18:00:00+08:00,1777716000000,10072.937523936835,10075.157203847231,2,0,2
2026-05-02T20:00:00+08:00,1777723200000,10073.50888912368,10073.810741504632,1,0,1
2026-05-02T22:00:00+08:00,1777730400000,10073.905296499552,10073.770741504632,2,0,2
2026-05-03T00:00:00+08:00,1777737600000,10073.952937237138,10073.770741504632,2,0,2
2026-05-03T02:00:00+08:00,1777744800000,10074.810470513708,10073.770741504632,2,0,2
2026-05-03T04:00:00+08:00,1777752000000,10076.430255591673,10073.770741504632,2,0,2
2026-05-03T06:00:00+08:00,1777759200000,10075.096314939232,10073.770741504632,2,0,2
2026-05-03T08:00:00+08:00,1777766400000,10073.83300822806,10074.302055790346,1,0,1
2026-05-03T10:00:00+08:00,1777773600000,10073.594648471237,10074.302055790346,1,0,1
2026-05-03T12:00:00+08:00,1777780800000,10073.785336276696,10074.302055790346,1,0,1
2026-05-03T14:00:00+08:00,1777788000000,10073.418506308957,10073.745336276696,0,1,1
2026-05-03T16:00:00+08:00,1777795200000,10072.45478119361,10073.705336276695,0,2,2
2026-05-03T18:00:00+08:00,1777802400000,10072.71730087865,10072.924358860038,0,1,1
2026-05-03T20:00:00+08:00,1777809600000,10072.35931948996,10072.924358860038,0,1,1
2026-05-03T22:00:00+08:00,1777816800000,10072.445873511853,10072.31931948996,1,0,1
2026-05-04T00:00:00+08:00,1777824000000,10072.556141757732,10072.279319489959,2,0,2
2026-05-04T02:00:00+08:00,1777831200000,10073.364781802718,10072.279319489959,2,0,2
2026-05-04T04:00:00+08:00,1777838400000,10072.318306450383,10072.279319489959,2,0,2
2026-05-04T06:00:00+08:00,1777845600000,10071.77151296566,10072.382080080153,1,0,1
2026-05-04T08:00:00+08:00,1777852800000,10073.816045125926,10072.382080080153,1,0,1
2026-05-04T10:00:00+08:00,1777860000000,10076.767936281707,10072.342080080152,2,0,2
2026-05-04T12:00:00+08:00,1777867200000,10077.44635030343,10076.046770461578,1,0,1
2026-05-04T14:00:00+08:00,1777874400000,10076.219167487425,10076.046770461578,1,0,1
2026-05-04T16:00:00+08:00,1777881600000,10076.195567817887,10076.195567817887,0,0,0
2026-05-04T18:00:00+08:00,1777888800000,10076.195567817887,10076.195567817887,0,0,0
2026-05-04T20:00:00+08:00,1777896000000,10076.195567817887,10076.195567817887,0,0,0
2026-05-04T22:00:00+08:00,1777903200000,10074.947833722104,10076.155567817887,0,1,1
2026-05-05T00:00:00+08:00,1777910400000,10072.610491806023,10076.115567817886,0,2,2
2026-05-05T02:00:00+08:00,1777917600000,10071.353009766215,10072.570491806022,1,0,1
2026-05-05T04:00:00+08:00,1777924800000,10071.415038440415,10071.336559407011,0,1,1
2026-05-05T06:00:00+08:00,1777932000000,10072.946830749632,10071.29655940701,0,2,2
2026-05-05T08:00:00+08:00,1777939200000,10071.335038440413,10071.29655940701,0,2,2
2026-05-05T10:00:00+08:00,1777946400000,10070.505179666083,10071.398734247095,0,1,1
2026-05-05T12:00:00+08:00,1777953600000,10070.125822074522,10071.398734247095,0,1,1
2026-05-05T14:00:00+08:00,1777960800000,10069.85724532281,10070.062112225049,1,0,1
2026-05-05T16:00:00+08:00,1777968000000,10068.198667220275,10070.022112225048,2,0,2
2026-05-05T18:00:00+08:00,1777975200000,10069.235706352758,10069.04001564083,1,0,1
2026-05-05T20:00:00+08:00,1777982400000,10072.241606259346,10069.00001564083,2,0,2
2026-05-05T22:00:00+08:00,1777989600000,10071.676248263386,10069.00001564083,2,0,2
2026-05-06T00:00:00+08:00,1777996800000,10071.534908764394,10069.00001564083,2,0,2
2026-05-06T02:00:00+08:00,1778004000000,10075.652800955322,10072.067010304198,1,0,1
2026-05-06T04:00:00+08:00,1778011200000,10075.652800955322,10075.652800955322,0,0,0
2026-05-06T06:00:00+08:00,1778018400000,10075.652800955322,10075.652800955322,0,0,0
2026-05-06T08:00:00+08:00,1778025600000,10075.652800955322,10075.652800955322,0,0,0
2026-05-06T10:00:00+08:00,1778032800000,10075.652800955322,10075.652800955322,0,0,0
2026-05-06T12:00:00+08:00,1778040000000,10075.652800955322,10075.652800955322,0,0,0
2026-05-06T14:00:00+08:00,1778047200000,10075.652800955322,10075.652800955322,0,0,0
2026-05-06T16:00:00+08:00,1778054400000,10075.652800955322,10075.652800955322,0,0,0
2026-05-06T18:00:00+08:00,1778061600000,10075.652800955322,10075.652800955322,0,0,0
2026-05-06T20:00:00+08:00,1778068800000,10075.652800955322,10075.652800955322,0,0,0
2026-05-06T22:00:00+08:00,1778076000000,10075.652800955322,10075.652800955322,0,0,0
2026-05-07T00:00:00+08:00,1778083200000,10075.652800955322,10075.652800955322,0,0,0
2026-05-07T02:00:00+08:00,1778090400000,10075.652800955322,10075.652800955322,0,0,0
2026-05-07T04:00:00+08:00,1778097600000,10075.652800955322,10075.652800955322,0,0,0
2026-05-07T06:00:00+08:00,1778104800000,10075.652800955322,10075.652800955322,0,0,0
2026-05-07T08:00:00+08:00,1778112000000,10075.652800955322,10075.652800955322,0,0,0
2026-05-07T10:00:00+08:00,1778119200000,10075.652800955322,10075.652800955322,0,0,0
2026-05-07T12:00:00+08:00,1778126400000,10073.497365999216,10075.612800955321,0,1,1
2026-05-07T14:00:00+08:00,1778133600000,10066.610401968135,10075.57280095532,0,2,2
2026-05-07T16:00:00+08:00,1778140800000,10064.955040228231,10066.570401968134,1,0,1
2026-05-07T18:00:00+08:00,1778148000000,10064.977228421752,10064.977228421752,0,0,0
2026-05-07T20:00:00+08:00,1778155200000,10064.977228421752,10064.977228421752,0,0,0
2026-05-07T22:00:00+08:00,1778162400000,10065.664876277282,10064.937228421752,0,1,1
2026-05-08T00:00:00+08:00,1778169600000,10063.367982411988,10064.89722842175,0,2,2
2026-05-08T02:00:00+08:00,1778176800000,10064.951478030054,10064.89722842175,0,2,2
2026-05-08T04:00:00+08:00,1778184000000,10067.077886431458,10064.89722842175,0,2,2
2026-05-08T06:00:00+08:00,1778191200000,10064.996720762,10064.89722842175,0,2,2
2026-05-08T08:00:00+08:00,1778198400000,10066.354002720342,10064.89722842175,0,2,2
2026-05-08T10:00:00+08:00,1778205600000,10065.94681813284,10064.89722842175,0,2,2
2026-05-08T12:00:00+08:00,1778212800000,10066.806430039791,10064.89722842175,0,2,2
2026-05-08T14:00:00+08:00,1778220000000,10065.94681813284,10064.89722842175,0,2,2
2026-05-08T16:00:00+08:00,1778227200000,10065.516185909863,10065.805499302112,0,1,1
2026-05-08T18:00:00+08:00,1778234400000,10065.017559125361,10065.805499302112,0,1,1
2026-05-08T20:00:00+08:00,1778241600000,10065.742834448272,10065.805499302112,0,1,1
2026-05-08T22:00:00+08:00,1778248800000,10062.841733156632,10065.805499302112,0,1,1
2026-05-09T00:00:00+08:00,1778256000000,10058.150108411563,10065.805499302112,0,1,1
2026-05-09T02:00:00+08:00,1778263200000,10060.055117900185,10058.08744355772,1,0,1
2026-05-09T04:00:00+08:00,1778270400000,10058.672272926626,10058.04744355772,2,0,2
2026-05-09T06:00:00+08:00,1778277600000,10057.412856118855,10058.04744355772,2,0,2
2026-05-09T08:00:00+08:00,1778284800000,10063.860337608585,10062.02064879173,1,0,1
2026-05-09T10:00:00+08:00,1778292000000,10064.184421887354,10062.02064879173,1,0,1
2026-05-09T12:00:00+08:00,1778299200000,10064.98004879173,10064.98004879173,0,0,0
2026-05-09T14:00:00+08:00,1778306400000,10064.98004879173,10064.98004879173,0,0,0
2026-05-09T16:00:00+08:00,1778313600000,10064.98004879173,10064.98004879173,0,0,0
2026-05-09T18:00:00+08:00,1778320800000,10064.98004879173,10064.98004879173,0,0,0
2026-05-09T20:00:00+08:00,1778328000000,10064.98004879173,10064.98004879173,0,0,0
2026-05-09T22:00:00+08:00,1778335200000,10064.98004879173,10064.98004879173,0,0,0
2026-05-10T00:00:00+08:00,1778342400000,10064.98004879173,10064.98004879173,0,0,0
2026-05-10T02:00:00+08:00,1778349600000,10064.98004879173,10064.98004879173,0,0,0
2026-05-10T04:00:00+08:00,1778356800000,10064.98004879173,10064.98004879173,0,0,0
2026-05-10T06:00:00+08:00,1778364000000,10064.98004879173,10064.98004879173,0,0,0
2026-05-10T08:00:00+08:00,1778371200000,10065.222485929058,10064.940048791728,0,1,1
2026-05-10T10:00:00+08:00,1778378400000,10063.270721571329,10064.900048791727,0,2,2
2026-05-10T12:00:00+08:00,1778385600000,10063.61495069258,10064.900048791727,0,2,2
2026-05-10T14:00:00+08:00,1778392800000,10063.055578370546,10064.900048791727,0,2,2
2026-05-10T16:00:00+08:00,1778400000000,10059.312086676935,10064.900048791727,0,2,2
2026-05-10T18:00:00+08:00,1778407200000,10060.970114664018,10062.280551693082,0,1,1
2026-05-10T20:00:00+08:00,1778414400000,10059.924177198052,10062.240551693081,0,2,2
2026-05-10T22:00:00+08:00,1778421600000,10056.661688459082,10062.240551693081,0,2,2
2026-05-11T00:00:00+08:00,1778428800000,10052.468336587426,10058.798364394912,0,1,1
2026-05-11T02:00:00+08:00,1778436000000,10052.367602452212,10052.428336587425,1,0,1
2026-05-11T04:00:00+08:00,1778443200000,10046.398802726731,10052.388336587424,2,0,2
2026-05-11T06:00:00+08:00,1778450400000,10049.322621116664,10049.362621116665,1,0,1
2026-05-11T08:00:00+08:00,1778457600000,10047.562895975376,10049.322621116664,2,0,2
2026-05-11T10:00:00+08:00,1778464800000,10044.887637730199,10048.43243341574,1,0,1
2026-05-11T12:00:00+08:00,1778472000000,10046.816312279047,10048.43243341574,1,0,1
2026-05-11T14:00:00+08:00,1778479200000,10047.510040064954,10046.776312279046,0,1,1
2026-05-11T16:00:00+08:00,1778486400000,10047.639561668591,10046.736312279045,0,2,2
2026-05-11T18:00:00+08:00,1778493600000,10047.765274630774,10046.736312279045,0,2,2
2026-05-11T20:00:00+08:00,1778500800000,10047.974796234414,10046.736312279045,0,2,2
2026-05-11T22:00:00+08:00,1778508000000,10041.31200923871,10046.736312279045,0,2,2
2026-05-12T00:00:00+08:00,1778515200000,10039.31761594164,10044.437863606663,0,1,1
2026-05-12T02:00:00+08:00,1778522400000,10040.07666619238,10039.277615941639,1,0,1
2026-05-12T04:00:00+08:00,1778529600000,10036.770008531372,10039.237615941638,2,0,2
2026-05-12T06:00:00+08:00,1778536800000,10036.708871148576,10038.419959611681,1,0,1
2026-05-12T08:00:00+08:00,1778544000000,10034.507925367898,10038.419959611681,1,0,1
2026-05-12T10:00:00+08:00,1778551200000,10034.657050449841,10034.447546240299,0,1,1
2026-05-12T12:00:00+08:00,1778558400000,10032.871040425132,10034.407546240298,0,2,2
2026-05-12T14:00:00+08:00,1778565600000,10034.993150455864,10034.407546240298,0,2,2
2026-05-12T16:00:00+08:00,1778572800000,10035.991790470327,10034.407546240298,0,2,2
2026-05-12T18:00:00+08:00,1778580000000,10039.845171805391,10037.491103744198,0,1,1
2026-05-12T20:00:00+08:00,1778587200000,10040.451703744198,10040.451703744198,0,0,0
2026-05-12T22:00:00+08:00,1778594400000,10040.451703744198,10040.451703744198,0,0,0
2026-05-13T00:00:00+08:00,1778601600000,10040.451703744198,10040.451703744198,0,0,0
2026-05-13T02:00:00+08:00,1778608800000,10040.451703744198,10040.451703744198,0,0,0
2026-05-13T04:00:00+08:00,1778616000000,10040.451703744198,10040.451703744198,0,0,0
2026-05-13T06:00:00+08:00,1778623200000,10040.451703744198,10040.451703744198,0,0,0
2026-05-13T08:00:00+08:00,1778630400000,10040.451703744198,10040.451703744198,0,0,0
2026-05-13T10:00:00+08:00,1778637600000,10040.451703744198,10040.451703744198,0,0,0
2026-05-13T12:00:00+08:00,1778644800000,10040.451703744198,10040.451703744198,0,0,0
2026-05-13T14:00:00+08:00,1778652000000,10040.451703744198,10040.451703744198,0,0,0
2026-05-13T16:00:00+08:00,1778659200000,10040.451703744198,10040.451703744198,0,0,0
2026-05-13T18:00:00+08:00,1778666400000,10040.451703744198,10040.451703744198,0,0,0
2026-05-13T20:00:00+08:00,1778673600000,10040.451703744198,10040.451703744198,0,0,0
2026-05-13T22:00:00+08:00,1778680800000,10043.372303744198,10043.372303744198,0,0,0
2026-05-14T00:00:00+08:00,1778688000000,10043.372303744198,10043.372303744198,0,0,0
2026-05-14T02:00:00+08:00,1778695200000,10043.372303744198,10043.372303744198,0,0,0
2026-05-14T04:00:00+08:00,1778702400000,10043.372303744198,10043.372303744198,0,0,0
2026-05-14T06:00:00+08:00,1778709600000,10043.372303744198,10043.372303744198,0,0,0
2026-05-14T08:00:00+08:00,1778716800000,10043.372303744198,10043.372303744198,0,0,0
2026-05-14T10:00:00+08:00,1778724000000,10043.372303744198,10043.372303744198,0,0,0
2026-05-14T12:00:00+08:00,1778731200000,10043.372303744198,10043.372303744198,0,0,0
2026-05-14T14:00:00+08:00,1778738400000,10043.372303744198,10043.372303744198,0,0,0
2026-05-14T16:00:00+08:00,1778745600000,10043.372303744198,10043.372303744198,0,0,0
2026-05-14T18:00:00+08:00,1778752800000,10043.372303744198,10043.372303744198,0,0,0
2026-05-14T20:00:00+08:00,1778760000000,10043.372303744198,10043.372303744198,0,0,0
2026-05-14T22:00:00+08:00,1778767200000,10043.372303744198,10043.372303744198,0,0,0
2026-05-15T00:00:00+08:00,1778774400000,10043.034540289476,10043.332303744197,1,0,1
2026-05-15T02:00:00+08:00,1778781600000,10042.481668975932,10043.292303744196,2,0,2
2026-05-15T04:00:00+08:00,1778788800000,10041.621902951312,10043.292303744196,2,0,2
2026-05-15T06:00:00+08:00,1778796000000,10039.257546383604,10043.292303744196,2,0,2
2026-05-15T08:00:00+08:00,1778803200000,10038.332729535528,10041.125755242745,1,0,1
2026-05-15T10:00:00+08:00,1778810400000,10038.999477948995,10041.125755242745,1,0,1
2026-05-15T12:00:00+08:00,1778817600000,10035.880816015037,10041.125755242745,1,0,1
2026-05-15T14:00:00+08:00,1778824800000,10038.0316173488,10041.125755242745,1,0,1
2026-05-15T16:00:00+08:00,1778832000000,10037.085264761945,10041.125755242745,1,0,1
2026-05-15T18:00:00+08:00,1778839200000,10037.30034489532,10041.125755242745,1,0,1
2026-05-15T20:00:00+08:00,1778846400000,10032.22445374764,10041.125755242745,1,0,1
2026-05-15T22:00:00+08:00,1778853600000,10031.829252847245,10032.184453747639,0,1,1
2026-05-16T00:00:00+08:00,1778860800000,10028.21745964446,10032.144453747638,0,2,2
2026-05-16T02:00:00+08:00,1778868000000,10029.09403941974,10030.010619195022,0,1,1
2026-05-16T04:00:00+08:00,1778875200000,10030.651376835796,10029.97061919502,0,2,2
2026-05-16T06:00:00+08:00,1778882400000,10029.888803580337,10029.97061919502,0,2,2
2026-05-16T08:00:00+08:00,1778889600000,10029.776899351204,10029.503567509628,0,1,1
2026-05-16T10:00:00+08:00,1778896800000,10030.314039651046,10029.503567509628,0,1,1
2026-05-16T12:00:00+08:00,1778904000000,10031.365939404906,10029.503567509628,0,1,1
2026-05-16T14:00:00+08:00,1778911200000,10035.867698429282,10033.376690747402,0,1,1
2026-05-16T16:00:00+08:00,1778918400000,10036.337290747402,10036.337290747402,0,0,0
2026-05-16T18:00:00+08:00,1778925600000,10036.337290747402,10036.337290747402,0,0,0
2026-05-16T20:00:00+08:00,1778932800000,10036.337290747402,10036.337290747402,0,0,0
2026-05-16T22:00:00+08:00,1778940000000,10036.337290747402,10036.337290747402,0,0,0
2026-05-17T00:00:00+08:00,1778947200000,10036.337290747402,10036.337290747402,0,0,0
2026-05-17T02:00:00+08:00,1778954400000,10036.337290747402,10036.337290747402,0,0,0
2026-05-17T04:00:00+08:00,1778961600000,10036.337290747402,10036.337290747402,0,0,0
2026-05-17T06:00:00+08:00,1778968800000,10036.337290747402,10036.337290747402,0,0,0
2026-05-17T08:00:00+08:00,1778976000000,10036.337290747402,10036.337290747402,0,0,0
2026-05-17T10:00:00+08:00,1778983200000,10036.337290747402,10036.337290747402,0,0,0
2026-05-17T12:00:00+08:00,1778990400000,10036.337290747402,10036.337290747402,0,0,0
2026-05-17T14:00:00+08:00,1778997600000,10036.44147957872,10036.297290747401,1,0,1
2026-05-17T16:00:00+08:00,1779004800000,10035.901219382204,10036.2572907474,2,0,2
2026-05-17T18:00:00+08:00,1779012000000,10035.947245401856,10036.2572907474,2,0,2
2026-05-17T20:00:00+08:00,1779019200000,10033.691970438927,10036.2572907474,2,0,2
2026-05-17T22:00:00+08:00,1779026400000,10033.760977686137,10035.066110551661,1,0,1
2026-05-18T00:00:00+08:00,1779033600000,10032.781007837606,10035.02611055166,2,0,2
2026-05-18T02:00:00+08:00,1779040800000,10034.03090250134,10033.283931787137,1,0,1
2026-05-18T04:00:00+08:00,1779048000000,10034.643927355566,10033.243931787136,2,0,2
2026-05-18T06:00:00+08:00,1779055200000,10026.743444017377,10033.243931787136,2,0,2
2026-05-18T08:00:00+08:00,1779062400000,10026.167057530578,10030.380095694996,1,0,1
2026-05-18T10:00:00+08:00,1779069600000,10025.913447476387,10030.380095694996,1,0,1
2026-05-18T12:00:00+08:00,1779076800000,10025.95955839533,10030.380095694996,1,0,1
2026-05-18T14:00:00+08:00,1779084000000,10026.209696318234,10025.91955839533,0,1,1
2026-05-18T16:00:00+08:00,1779091200000,10027.380481386392,10025.879558395329,0,2,2
2026-05-18T18:00:00+08:00,1779098400000,10025.020543704235,10025.879558395329,0,2,2
2026-05-18T20:00:00+08:00,1779105600000,10025.705450433868,10025.603745593255,0,1,1
2026-05-18T22:00:00+08:00,1779112800000,10026.83908915878,10025.603745593255,0,1,1
2026-05-19T00:00:00+08:00,1779120000000,10025.81135946193,10025.563745593254,0,2,2
2026-05-19T02:00:00+08:00,1779127200000,10024.38521877752,10026.326739690066,0,1,1
2026-05-19T04:00:00+08:00,1779134400000,10025.646758325542,10024.345218777518,1,0,1
2026-05-19T06:00:00+08:00,1779141600000,10024.675378780186,10024.305218777517,2,0,2
2026-05-19T08:00:00+08:00,1779148800000,10022.282728421604,10024.305218777517,2,0,2
2026-05-19T10:00:00+08:00,1779156000000,10022.726928117618,10023.959253617442,1,0,1
2026-05-19T12:00:00+08:00,1779163200000,10023.209705357562,10023.919253617441,2,0,2
2026-05-19T14:00:00+08:00,1779170400000,10024.569750354092,10023.919253617441,2,0,2
2026-05-19T16:00:00+08:00,1779177600000,10021.1461888111,10023.919253617441,2,0,2
2026-05-19T18:00:00+08:00,1779184800000,10020.252460276637,10021.938802313805,1,0,1
2026-05-19T20:00:00+08:00,1779192000000,10021.263784670899,10021.938802313805,1,0,1
2026-05-19T22:00:00+08:00,1779199200000,10020.275979448597,10021.938802313805,1,0,1
2026-05-20T00:00:00+08:00,1779206400000,10021.005073779343,10021.938802313805,1,0,1
2026-05-20T02:00:00+08:00,1779213600000,10019.345712609782,10021.898802313804,2,0,2
2026-05-20T04:00:00+08:00,1779220800000,10019.605615717428,10020.165421932717,1,0,1
2026-05-20T06:00:00+08:00,1779228000000,10019.20394727834,10020.165421932717,1,0,1
2026-05-20T08:00:00+08:00,1779235200000,10019.369340165023,10020.165421932717,1,0,1
2026-05-20T10:00:00+08:00,1779242400000,10018.73139617353,10020.165421932717,1,0,1
2026-05-20T12:00:00+08:00,1779249600000,10020.314442374642,10020.165421932717,1,0,1
2026-05-20T14:00:00+08:00,1779256800000,10020.210839919495,10020.125421932717,2,0,2
2026-05-20T16:00:00+08:00,1779264000000,10020.683140023362,10020.125421932717,2,0,2
2026-05-20T18:00:00+08:00,1779271200000,10019.832999836399,10020.125421932717,2,0,2
2026-05-20T20:00:00+08:00,1779278400000,10019.832999836399,10020.125421932717,2,0,2
2026-05-20T22:00:00+08:00,1779285600000,10023.044821932715,10023.044821932715,0,0,0
2026-05-21T00:00:00+08:00,1779292800000,10023.044821932715,10023.044821932715,0,0,0
2026-05-21T02:00:00+08:00,1779300000000,10023.044821932715,10023.044821932715,0,0,0
2026-05-21T04:00:00+08:00,1779307200000,10023.044821932715,10023.044821932715,0,0,0
2026-05-21T06:00:00+08:00,1779314400000,10023.044821932715,10023.044821932715,0,0,0
2026-05-21T08:00:00+08:00,1779321600000,10023.044821932715,10023.044821932715,0,0,0
2026-05-21T10:00:00+08:00,1779328800000,10023.704643877449,10023.004821932715,1,0,1
2026-05-21T12:00:00+08:00,1779336000000,10022.872344189624,10023.004821932715,1,0,1
2026-05-21T14:00:00+08:00,1779343200000,10022.895463625397,10022.895463625397,0,0,0
2026-05-21T16:00:00+08:00,1779350400000,10022.895463625397,10022.895463625397,0,0,0
2026-05-21T18:00:00+08:00,1779357600000,10022.895463625397,10022.895463625397,0,0,0
2026-05-21T20:00:00+08:00,1779364800000,10022.895463625397,10022.895463625397,0,0,0
2026-05-21T22:00:00+08:00,1779372000000,10022.895463625397,10022.895463625397,0,0,0
2026-05-22T00:00:00+08:00,1779379200000,10022.895463625397,10022.895463625397,0,0,0
2026-05-22T02:00:00+08:00,1779386400000,10022.895463625397,10022.895463625397,0,0,0
2026-05-22T04:00:00+08:00,1779393600000,10022.895463625397,10022.895463625397,0,0,0
2026-05-22T06:00:00+08:00,1779400800000,10022.895463625397,10022.895463625397,0,0,0
2026-05-22T08:00:00+08:00,1779408000000,10022.895463625397,10022.895463625397,0,0,0
2026-05-22T10:00:00+08:00,1779415200000,10022.895463625397,10022.895463625397,0,0,0
2026-05-22T12:00:00+08:00,1779422400000,10022.895463625397,10022.895463625397,0,0,0
2026-05-22T14:00:00+08:00,1779429600000,10022.895463625397,10022.895463625397,0,0,0
2026-05-22T16:00:00+08:00,1779436800000,10022.895463625397,10022.895463625397,0,0,0
2026-05-22T18:00:00+08:00,1779444000000,10022.895463625397,10022.895463625397,0,0,0
2026-05-22T20:00:00+08:00,1779451200000,10022.895463625397,10022.895463625397,0,0,0
2026-05-22T22:00:00+08:00,1779458400000,10022.895463625397,10022.895463625397,0,0,0
2026-05-23T00:00:00+08:00,1779465600000,10023.092303666914,10022.855463625396,0,1,1
2026-05-23T02:00:00+08:00,1779472800000,10030.700814493997,10025.912501755805,0,1,1
2026-05-23T04:00:00+08:00,1779480000000,10030.677712519173,10030.677712519173,0,0,0
2026-05-23T06:00:00+08:00,1779487200000,10030.677712519173,10030.677712519173,0,0,0
2026-05-23T08:00:00+08:00,1779494400000,10030.336842335413,10030.637712519172,0,1,1
2026-05-23T10:00:00+08:00,1779501600000,10029.957394795401,10030.637712519172,0,1,1
2026-05-23T12:00:00+08:00,1779508800000,10029.933679324151,10029.933679324151,0,0,0
2026-05-23T14:00:00+08:00,1779516000000,10029.933679324151,10029.933679324151,0,0,0
2026-05-23T16:00:00+08:00,1779523200000,10029.933679324151,10029.933679324151,0,0,0
2026-05-23T18:00:00+08:00,1779530400000,10029.933679324151,10029.933679324151,0,0,0
2026-05-23T20:00:00+08:00,1779537600000,10029.933679324151,10029.933679324151,0,0,0
2026-05-23T22:00:00+08:00,1779544800000,10029.933679324151,10029.933679324151,0,0,0
2026-05-24T00:00:00+08:00,1779552000000,10029.933679324151,10029.933679324151,0,0,0
2026-05-24T02:00:00+08:00,1779559200000,10029.933679324151,10029.933679324151,0,0,0
2026-05-24T04:00:00+08:00,1779566400000,10029.933679324151,10029.933679324151,0,0,0
2026-05-24T06:00:00+08:00,1779573600000,10028.60175584589,10029.89367932415,1,0,1
2026-05-24T08:00:00+08:00,1779580800000,10029.661200725408,10029.85367932415,2,0,2
2026-05-24T10:00:00+08:00,1779588000000,10028.68447225293,10029.85367932415,2,0,2
2026-05-24T12:00:00+08:00,1779595200000,10030.312353040394,10029.85367932415,2,0,2
2026-05-24T14:00:00+08:00,1779602400000,10029.9867768829,10029.85367932415,2,0,2
2026-05-24T16:00:00+08:00,1779609600000,10032.126277346426,10029.85367932415,2,0,2
2026-05-24T18:00:00+08:00,1779616800000,10032.73091878177,10029.85367932415,2,0,2
2026-05-24T20:00:00+08:00,1779624000000,10029.19609192899,10029.85367932415,2,0,2
2026-05-24T22:00:00+08:00,1779631200000,10027.796465237436,10028.909512367627,1,0,1
2026-05-25T00:00:00+08:00,1779638400000,10028.589587029317,10028.909512367627,1,0,1
2026-05-25T02:00:00+08:00,1779645600000,10027.93642790659,10028.909512367627,1,0,1
2026-05-25T04:00:00+08:00,1779652800000,10024.600650958388,10028.909512367627,1,0,1
2026-05-25T06:00:00+08:00,1779660000000,10021.396745650367,10024.583978069913,0,1,1
2026-05-25T08:00:00+08:00,1779667200000,10021.396745650367,10021.396745650367,0,0,0
2026-05-25T10:00:00+08:00,1779674400000,10021.396745650367,10021.396745650367,0,0,0
2026-05-25T12:00:00+08:00,1779681600000,10021.396745650367,10021.396745650367,0,0,0
2026-05-25T14:00:00+08:00,1779688800000,10021.293475546794,10021.356745650366,1,0,1
2026-05-25T16:00:00+08:00,1779696000000,10021.07384680032,10021.316745650365,2,0,2
2026-05-25T18:00:00+08:00,1779703200000,10020.329160152467,10021.316745650365,2,0,2
2026-05-25T20:00:00+08:00,1779710400000,10021.446190124247,10021.316745650365,2,0,2
2026-05-25T22:00:00+08:00,1779717600000,10022.563220096023,10021.316745650365,2,0,2
2026-05-26T00:00:00+08:00,1779724800000,10021.958162194644,10021.316745650365,2,0,2
2026-05-26T02:00:00+08:00,1779732000000,10019.677559335598,10021.316745650365,2,0,2
2026-05-26T04:00:00+08:00,1779739200000,10019.049196122156,10020.462292025322,1,0,1
2026-05-26T06:00:00+08:00,1779746400000,10018.257920516942,10020.462292025322,1,0,1
2026-05-26T08:00:00+08:00,1779753600000,10020.436934505331,10018.24119332886,0,1,1
2026-05-26T10:00:00+08:00,1779760800000,10019.883592139091,10018.20119332886,0,2,2
2026-05-26T12:00:00+08:00,1779768000000,10017.753551491018,10018.20119332886,0,2,2
2026-05-26T14:00:00+08:00,1779775200000,10018.491089177967,10019.126092152388,0,1,1
2026-05-26T16:00:00+08:00,1779782400000,10017.840733301848,10019.086092152387,0,2,2
2026-05-26T18:00:00+08:00,1779789600000,10016.03721788038,10018.141687631269,0,1,1
2026-05-26T20:00:00+08:00,1779796800000,10015.325331759383,10018.141687631269,0,1,1
2026-05-26T22:00:00+08:00,1779804000000,10017.81693318287,10018.141687631269,0,1,1
2026-05-27T00:00:00+08:00,1779811200000,10023.01476841178,10020.9221458105,0,1,1
2026-05-27T02:00:00+08:00,1779818400000,10022.564548084843,10020.9221458105,0,1,1
2026-05-27T04:00:00+08:00,1779825600000,10022.706722924928,10020.9221458105,0,1,1
2026-05-27T06:00:00+08:00,1779832800000,10022.683027118248,10020.9221458105,0,1,1
2026-05-27T08:00:00+08:00,1779840000000,10022.683027118248,10022.683027118248,0,0,0
2026-05-27T10:00:00+08:00,1779847200000,10022.683027118248,10022.683027118248,0,0,0
2026-05-27T12:00:00+08:00,1779854400000,10022.683027118248,10022.683027118248,0,0,0
2026-05-27T14:00:00+08:00,1779861600000,10022.683027118248,10022.683027118248,0,0,0
2026-05-27T16:00:00+08:00,1779868800000,10022.683027118248,10022.683027118248,0,0,0
2026-05-27T18:00:00+08:00,1779876000000,10022.683027118248,10022.683027118248,0,0,0
2026-05-27T20:00:00+08:00,1779883200000,10022.683027118248,10022.683027118248,0,0,0
2026-05-27T22:00:00+08:00,1779890400000,10022.683027118248,10022.683027118248,0,0,0
2026-05-28T00:00:00+08:00,1779897600000,10020.162467810273,10022.643027118247,1,0,1
2026-05-28T02:00:00+08:00,1779904800000,10018.834617522363,10020.122467810272,0,1,1
2026-05-28T04:00:00+08:00,1779912000000,10015.321573985122,10018.818614643284,1,0,1
2026-05-28T06:00:00+08:00,1779919200000,10015.338657217346,10015.281573985121,0,1,1
2026-05-28T08:00:00+08:00,1779926400000,10016.011273259031,10015.24157398512,0,2,2
2026-05-28T10:00:00+08:00,1779933600000,10022.399072010798,10018.26195898421,0,1,1
2026-05-28T12:00:00+08:00,1779940800000,10022.399072010798,10022.399072010798,0,0,0
2026-05-28T14:00:00+08:00,1779948000000,10022.399072010798,10022.399072010798,0,0,0
2026-05-28T16:00:00+08:00,1779955200000,10022.399072010798,10022.399072010798,0,0,0
2026-05-28T18:00:00+08:00,1779962400000,10022.399072010798,10022.399072010798,0,0,0
2026-05-28T20:00:00+08:00,1779969600000,10022.399072010798,10022.399072010798,0,0,0
2026-05-28T22:00:00+08:00,1779976800000,10022.399072010798,10022.399072010798,0,0,0
2026-05-29T00:00:00+08:00,1779984000000,10022.399072010798,10022.399072010798,0,0,0
2026-05-29T02:00:00+08:00,1779991200000,10022.399072010798,10022.399072010798,0,0,0
2026-05-29T04:00:00+08:00,1779998400000,10022.9277411938,10022.359072010797,1,0,1
2026-05-29T06:00:00+08:00,1780005600000,10021.364970168368,10022.319072010796,2,0,2
2026-05-29T08:00:00+08:00,1780012800000,10021.753903792303,10022.319072010796,2,0,2
2026-05-29T10:00:00+08:00,1780020000000,10018.934135018773,10022.319072010796,2,0,2
2026-05-29T12:00:00+08:00,1780027200000,10020.074898826997,10020.96434657551,1,0,1
2026-05-29T14:00:00+08:00,1780034400000,10020.748971024332,10020.92434657551,2,0,2
2026-05-29T16:00:00+08:00,1780041600000,10021.770545073903,10020.92434657551,2,0,2
2026-05-29T18:00:00+08:00,1780048800000,10018.511237391936,10020.92434657551,2,0,2
2026-05-29T20:00:00+08:00,1780056000000,10017.658168236469,10019.2582608855,1,0,1
2026-05-29T22:00:00+08:00,1780063200000,10020.412706819914,10019.2582608855,1,0,1
2026-05-30T00:00:00+08:00,1780070400000,10021.402086098944,10019.218260885498,2,0,2
2026-05-30T02:00:00+08:00,1780077600000,10017.853691218525,10019.218260885498,2,0,2
2026-05-30T04:00:00+08:00,1780084800000,10017.005581669324,10019.129507990216,1,0,1
2026-05-30T06:00:00+08:00,1780092000000,10017.805227815712,10019.129507990216,1,0,1
2026-05-30T08:00:00+08:00,1780099200000,10019.695300525358,10019.129507990216,1,0,1
2026-05-30T10:00:00+08:00,1780106400000,10018.962110103146,10019.089507990215,2,0,2
2026-05-30T12:00:00+08:00,1780113600000,10018.575011746792,10019.089507990215,2,0,2
2026-05-30T14:00:00+08:00,1780120800000,10017.510491266821,10019.089507990215,2,0,2
2026-05-30T16:00:00+08:00,1780128000000,10017.36555770799,10018.613337364912,1,0,1
2026-05-30T18:00:00+08:00,1780135200000,10017.36555770799,10018.613337364912,1,0,1
2026-05-30T20:00:00+08:00,1780142400000,10017.752047198204,10018.613337364912,1,0,1
2026-05-30T22:00:00+08:00,1780149600000,10018.211003467835,10018.613337364912,1,0,1
2026-05-31T00:00:00+08:00,1780156800000,10019.92013981611,10018.573337364911,2,0,2
2026-05-31T02:00:00+08:00,1780164000000,10019.630009597471,10018.573337364911,2,0,2
2026-05-31T04:00:00+08:00,1780171200000,10019.775074706791,10018.573337364911,2,0,2
2026-05-31T06:00:00+08:00,1780178400000,10018.421133686474,10018.573337364911,2,0,2
2026-05-31T08:00:00+08:00,1780185600000,10019.098718098916,10018.315937026666,1,0,1
2026-05-31T10:00:00+08:00,1780192800000,10019.631105851548,10018.315937026666,1,0,1
2026-05-31T12:00:00+08:00,1780200000000,10018.538150142289,10018.275937026665,2,0,2
2026-05-31T14:00:00+08:00,1780207200000,10017.721070585709,10019.107116985517,1,0,1
2026-05-31T16:00:00+08:00,1780214400000,10017.865289842832,10019.107116985517,1,0,1
2026-05-31T18:00:00+08:00,1780221600000,10017.865289842832,10019.107116985517,1,0,1
2026-05-31T20:00:00+08:00,1780228800000,10017.937399471393,10019.107116985517,1,0,1
2026-05-31T22:00:00+08:00,1780236000000,10015.798147157413,10019.107116985517,1,0,1
2026-06-01T00:00:00+08:00,1780243200000,10015.767038761958,10015.758147157412,0,1,1
2026-06-01T02:00:00+08:00,1780250400000,10017.00727344313,10015.718147157411,0,2,2
2026-06-01T04:00:00+08:00,1780257600000,10013.486647626669,10015.718147157411,0,2,2
2026-06-01T06:00:00+08:00,1780264800000,10013.119876925239,10014.6025318574,0,1,1
2026-06-01T08:00:00+08:00,1780272000000,10014.807049642512,10014.6025318574,0,1,1
2026-06-01T10:00:00+08:00,1780279200000,10010.46983670007,10014.562531857398,0,2,2
2026-06-01T12:00:00+08:00,1780286400000,10012.42840291201,10012.615293133525,0,1,1
2026-06-01T14:00:00+08:00,1780293600000,10017.781347123162,10012.575293133525,0,2,2
2026-06-01T16:00:00+08:00,1780300800000,10017.233892992808,10015.463576250726,0,1,1
2026-06-01T18:00:00+08:00,1780308000000,10017.845486486754,10015.463576250726,0,1,1
2026-06-01T20:00:00+08:00,1780315200000,10018.424176250726,10018.424176250726,0,0,0
2026-06-01T22:00:00+08:00,1780322400000,10018.424176250726,10018.424176250726,0,0,0
2026-06-02T00:00:00+08:00,1780329600000,10018.424176250726,10018.424176250726,0,0,0
2026-06-02T02:00:00+08:00,1780336800000,10018.424176250726,10018.424176250726,0,0,0
2026-06-02T04:00:00+08:00,1780344000000,10018.424176250726,10018.424176250726,0,0,0
2026-06-02T06:00:00+08:00,1780351200000,10018.424176250726,10018.424176250726,0,0,0
2026-06-02T08:00:00+08:00,1780358400000,10018.424176250726,10018.424176250726,0,0,0
2026-06-02T10:00:00+08:00,1780365600000,10018.424176250726,10018.424176250726,0,0,0
2026-06-02T12:00:00+08:00,1780372800000,10018.424176250726,10018.424176250726,0,0,0
2026-06-02T14:00:00+08:00,1780380000000,10018.424176250726,10018.424176250726,0,0,0
2026-06-02T16:00:00+08:00,1780387200000,10018.424176250726,10018.424176250726,0,0,0
2026-06-02T18:00:00+08:00,1780394400000,10018.424176250726,10018.424176250726,0,0,0
2026-06-02T20:00:00+08:00,1780401600000,10018.424176250726,10018.424176250726,0,0,0
2026-06-02T22:00:00+08:00,1780408800000,10018.424176250726,10018.424176250726,0,0,0
2026-06-03T00:00:00+08:00,1780416000000,10018.424176250726,10018.424176250726,0,0,0
2026-06-03T02:00:00+08:00,1780423200000,10018.424176250726,10018.424176250726,0,0,0
2026-06-03T04:00:00+08:00,1780430400000,10018.424176250726,10018.424176250726,0,0,0
2026-06-03T06:00:00+08:00,1780437600000,10018.424176250726,10018.424176250726,0,0,0
2026-06-03T08:00:00+08:00,1780444800000,10018.424176250726,10018.424176250726,0,0,0
2026-06-03T10:00:00+08:00,1780452000000,10018.424176250726,10018.424176250726,0,0,0
2026-06-03T12:00:00+08:00,1780459200000,10018.424176250726,10018.424176250726,0,0,0
2026-06-03T14:00:00+08:00,1780466400000,10018.424176250726,10018.424176250726,0,0,0
2026-06-03T16:00:00+08:00,1780473600000,10018.424176250726,10018.424176250726,0,0,0
2026-06-03T18:00:00+08:00,1780480800000,10018.424176250726,10018.424176250726,0,0,0
2026-06-03T20:00:00+08:00,1780488000000,10018.424176250726,10018.424176250726,0,0,0
2026-06-03T22:00:00+08:00,1780495200000,10018.424176250726,10018.424176250726,0,0,0
2026-06-04T00:00:00+08:00,1780502400000,10018.424176250726,10018.424176250726,0,0,0
2026-06-04T02:00:00+08:00,1780509600000,10018.424176250726,10018.424176250726,0,0,0
2026-06-04T04:00:00+08:00,1780516800000,10018.424176250726,10018.424176250726,0,0,0
2026-06-04T06:00:00+08:00,1780524000000,10018.424176250726,10018.424176250726,0,0,0
2026-06-04T08:00:00+08:00,1780531200000,10018.424176250726,10018.424176250726,0,0,0
2026-06-04T10:00:00+08:00,1780538400000,10018.424176250726,10018.424176250726,0,0,0
2026-06-04T12:00:00+08:00,1780545600000,10018.424176250726,10018.424176250726,0,0,0
2026-06-04T14:00:00+08:00,1780552800000,10018.424176250726,10018.424176250726,0,0,0
2026-06-04T16:00:00+08:00,1780560000000,10018.424176250726,10018.424176250726,0,0,0
2026-06-04T18:00:00+08:00,1780567200000,10018.424176250726,10018.424176250726,0,0,0
2026-06-04T20:00:00+08:00,1780574400000,10018.424176250726,10018.424176250726,0,0,0
2026-06-04T22:00:00+08:00,1780581600000,10018.424176250726,10018.424176250726,0,0,0
2026-06-05T00:00:00+08:00,1780588800000,10018.424176250726,10018.424176250726,0,0,0
2026-06-05T02:00:00+08:00,1780596000000,10018.424176250726,10018.424176250726,0,0,0
2026-06-05T04:00:00+08:00,1780603200000,10018.424176250726,10018.424176250726,0,0,0
2026-06-05T06:00:00+08:00,1780610400000,10018.424176250726,10018.424176250726,0,0,0
2026-06-05T08:00:00+08:00,1780617600000,10018.424176250726,10018.424176250726,0,0,0
2026-06-05T10:00:00+08:00,1780624800000,10014.225806399718,10018.384176250725,1,0,1
2026-06-05T12:00:00+08:00,1780632000000,10017.175614696533,10017.175614696533,0,0,0
2026-06-05T14:00:00+08:00,1780639200000,10017.175614696533,10017.175614696533,0,0,0
2026-06-05T16:00:00+08:00,1780646400000,10017.175614696533,10017.175614696533,0,0,0
2026-06-05T18:00:00+08:00,1780653600000,10017.175614696533,10017.175614696533,0,0,0
2026-06-05T20:00:00+08:00,1780660800000,10017.175614696533,10017.175614696533,0,0,0
2026-06-05T22:00:00+08:00,1780668000000,10017.175614696533,10017.175614696533,0,0,0
2026-06-06T00:00:00+08:00,1780675200000,10017.175614696533,10017.175614696533,0,0,0
2026-06-06T02:00:00+08:00,1780682400000,10017.175614696533,10017.175614696533,0,0,0
2026-06-06T04:00:00+08:00,1780689600000,10017.175614696533,10017.175614696533,0,0,0
2026-06-06T06:00:00+08:00,1780696800000,10017.175614696533,10017.175614696533,0,0,0
2026-06-06T08:00:00+08:00,1780704000000,10017.175614696533,10017.175614696533,0,0,0
2026-06-06T10:00:00+08:00,1780711200000,10017.175614696533,10017.175614696533,0,0,0
2026-06-06T12:00:00+08:00,1780718400000,10017.175614696533,10017.175614696533,0,0,0
2026-06-06T14:00:00+08:00,1780725600000,10017.175614696533,10017.175614696533,0,0,0
2026-06-06T16:00:00+08:00,1780732800000,10017.175614696533,10017.175614696533,0,0,0
2026-06-06T18:00:00+08:00,1780740000000,10016.23385571808,10017.135614696532,1,0,1
2026-06-06T20:00:00+08:00,1780747200000,10016.217827863162,10017.09561469653,2,0,2
2026-06-06T22:00:00+08:00,1780754400000,10013.722914204962,10017.09561469653,2,0,2
2026-06-07T00:00:00+08:00,1780761600000,10011.03608411152,10017.09561469653,2,0,2
2026-06-07T02:00:00+08:00,1780768800000,10011.004167112316,10013.608578782723,1,0,1
2026-06-07T04:00:00+08:00,1780776000000,10012.730915484064,10013.568578782722,2,0,2
2026-06-07T06:00:00+08:00,1780783200000,10014.602190583377,10013.568578782722,2,0,2
2026-06-07T08:00:00+08:00,1780790400000,10021.802343433663,10015.218140770461,1,0,1
2026-06-07T10:00:00+08:00,1780797600000,10021.802343433663,10021.802343433663,0,0,0
2026-06-07T12:00:00+08:00,1780804800000,10021.802343433663,10021.802343433663,0,0,0
2026-06-07T14:00:00+08:00,1780812000000,10021.802343433663,10021.802343433663,0,0,0
2026-06-07T16:00:00+08:00,1780819200000,10021.802343433663,10021.802343433663,0,0,0
2026-06-07T18:00:00+08:00,1780826400000,10021.802343433663,10021.802343433663,0,0,0
2026-06-07T20:00:00+08:00,1780833600000,10021.802343433663,10021.802343433663,0,0,0
2026-06-07T22:00:00+08:00,1780840800000,10021.802343433663,10021.802343433663,0,0,0
2026-06-08T00:00:00+08:00,1780848000000,10021.802343433663,10021.802343433663,0,0,0
2026-06-08T02:00:00+08:00,1780855200000,10021.802343433663,10021.802343433663,0,0,0
2026-06-08T04:00:00+08:00,1780862400000,10021.802343433663,10021.802343433663,0,0,0
2026-06-08T06:00:00+08:00,1780869600000,10021.802343433663,10021.802343433663,0,0,0
2026-06-08T08:00:00+08:00,1780876800000,10021.802343433663,10021.802343433663,0,0,0
2026-06-08T10:00:00+08:00,1780884000000,10021.802343433663,10021.802343433663,0,0,0
2026-06-08T12:00:00+08:00,1780891200000,10021.802343433663,10021.802343433663,0,0,0
2026-06-08T14:00:00+08:00,1780898400000,10021.802343433663,10021.802343433663,0,0,0
2026-06-08T16:00:00+08:00,1780905600000,10021.802343433663,10021.802343433663,0,0,0
2026-06-08T18:00:00+08:00,1780912800000,10021.802343433663,10021.802343433663,0,0,0
2026-06-08T20:00:00+08:00,1780920000000,10021.802343433663,10021.802343433663,0,0,0
2026-06-08T22:00:00+08:00,1780927200000,10024.721743433662,10024.721743433662,0,0,0
2026-06-09T00:00:00+08:00,1780934400000,10024.721743433662,10024.721743433662,0,0,0
2026-06-09T02:00:00+08:00,1780941600000,10024.721743433662,10024.721743433662,0,0,0
2026-06-09T04:00:00+08:00,1780948800000,10024.721743433662,10024.721743433662,0,0,0
2026-06-09T06:00:00+08:00,1780956000000,10024.721743433662,10024.721743433662,0,0,0
2026-06-09T08:00:00+08:00,1780963200000,10024.721743433662,10024.721743433662,0,0,0
2026-06-09T10:00:00+08:00,1780970400000,10024.721743433662,10024.721743433662,0,0,0
2026-06-09T12:00:00+08:00,1780977600000,10024.721743433662,10024.721743433662,0,0,0
2026-06-09T14:00:00+08:00,1780984800000,10024.721743433662,10024.721743433662,0,0,0
2026-06-09T16:00:00+08:00,1780992000000,10024.721743433662,10024.721743433662,0,0,0
2026-06-09T18:00:00+08:00,1780999200000,10024.721743433662,10024.721743433662,0,0,0
2026-06-09T20:00:00+08:00,1781006400000,10024.721743433662,10024.721743433662,0,0,0
2026-06-09T22:00:00+08:00,1781013600000,10027.642343433661,10027.642343433661,0,0,0
2026-06-10T00:00:00+08:00,1781020800000,10027.642343433661,10027.642343433661,0,0,0
2026-06-10T02:00:00+08:00,1781028000000,10025.678087720256,10027.60234343366,0,1,1
2026-06-10T04:00:00+08:00,1781035200000,10025.647198282333,10025.647198282333,0,0,0
2026-06-10T06:00:00+08:00,1781042400000,10025.647198282333,10025.647198282333,0,0,0
2026-06-10T08:00:00+08:00,1781049600000,10025.647198282333,10025.647198282333,0,0,0
2026-06-10T10:00:00+08:00,1781056800000,10025.647198282333,10025.647198282333,0,0,0
2026-06-10T12:00:00+08:00,1781064000000,10025.647198282333,10025.647198282333,0,0,0
2026-06-10T14:00:00+08:00,1781071200000,10025.647198282333,10025.647198282333,0,0,0
2026-06-10T16:00:00+08:00,1781078400000,10025.647198282333,10025.647198282333,0,0,0
2026-06-10T18:00:00+08:00,1781085600000,10025.647198282333,10025.647198282333,0,0,0
2026-06-10T20:00:00+08:00,1781092800000,10025.647198282333,10025.647198282333,0,0,0
2026-06-10T22:00:00+08:00,1781100000000,10025.647198282333,10025.647198282333,0,0,0
2026-06-11T00:00:00+08:00,1781107200000,10025.647198282333,10025.647198282333,0,0,0
2026-06-11T02:00:00+08:00,1781114400000,10025.647198282333,10025.647198282333,0,0,0
2026-06-11T04:00:00+08:00,1781121600000,10025.647198282333,10025.647198282333,0,0,0
2026-06-11T06:00:00+08:00,1781128800000,10025.647198282333,10025.647198282333,0,0,0
2026-06-11T08:00:00+08:00,1781136000000,10025.647198282333,10025.647198282333,0,0,0
2026-06-11T10:00:00+08:00,1781143200000,10025.647198282333,10025.647198282333,0,0,0
2026-06-11T12:00:00+08:00,1781150400000,10024.708737687422,10025.607198282332,1,0,1
2026-06-11T14:00:00+08:00,1781157600000,10025.089722773006,10025.567198282331,2,0,2
2026-06-11T16:00:00+08:00,1781164800000,10027.179211441313,10025.567198282331,2,0,2
2026-06-11T18:00:00+08:00,1781172000000,10030.867618779752,10028.07436450592,1,0,1
2026-06-11T20:00:00+08:00,1781179200000,10029.758954063906,10028.07436450592,1,0,1
2026-06-11T22:00:00+08:00,1781186400000,10029.820546548119,10028.07436450592,1,0,1
2026-06-12T00:00:00+08:00,1781193600000,10029.820546548119,10029.820546548119,0,0,0
2026-06-12T02:00:00+08:00,1781200800000,10029.05534392595,10029.780546548118,1,0,1
2026-06-12T04:00:00+08:00,1781208000000,10028.995761089238,10029.780546548118,1,0,1
2026-06-12T06:00:00+08:00,1781215200000,10029.025552507594,10029.780546548118,1,0,1
2026-06-12T08:00:00+08:00,1781222400000,10028.995761089238,10028.995761089238,0,0,0
2026-06-12T10:00:00+08:00,1781229600000,10028.995761089238,10028.995761089238,0,0,0
2026-06-12T12:00:00+08:00,1781236800000,10028.995761089238,10028.995761089238,0,0,0
2026-06-12T14:00:00+08:00,1781244000000,10028.995761089238,10028.995761089238,0,0,0
2026-06-12T16:00:00+08:00,1781251200000,10028.995761089238,10028.995761089238,0,0,0
2026-06-12T18:00:00+08:00,1781258400000,10028.995761089238,10028.995761089238,0,0,0
2026-06-12T20:00:00+08:00,1781265600000,10028.995761089238,10028.995761089238,0,0,0
2026-06-12T22:00:00+08:00,1781272800000,10028.995761089238,10028.995761089238,0,0,0
2026-06-13T00:00:00+08:00,1781280000000,10028.995761089238,10028.995761089238,0,0,0
2026-06-13T02:00:00+08:00,1781287200000,10028.995761089238,10028.995761089238,0,0,0
2026-06-13T04:00:00+08:00,1781294400000,10028.995761089238,10028.995761089238,0,0,0
2026-06-13T06:00:00+08:00,1781301600000,10028.995761089238,10028.995761089238,0,0,0
2026-06-13T08:00:00+08:00,1781308800000,10028.995761089238,10028.995761089238,0,0,0
2026-06-13T10:00:00+08:00,1781316000000,10028.995761089238,10028.995761089238,0,0,0
2026-06-13T12:00:00+08:00,1781323200000,10028.995761089238,10028.995761089238,0,0,0
2026-06-13T14:00:00+08:00,1781330400000,10027.147617269013,10028.955761089237,0,1,1
2026-06-13T16:00:00+08:00,1781337600000,10027.177585808338,10027.177585808338,0,0,0
2026-06-13T18:00:00+08:00,1781344800000,10028.701304804328,10027.137585808337,1,0,1
2026-06-13T20:00:00+08:00,1781352000000,10029.153751168105,10027.097585808337,2,0,2
2026-06-13T22:00:00+08:00,1781359200000,10032.80159034491,10030.86762246514,1,0,1
2026-06-14T00:00:00+08:00,1781366400000,10031.063320122426,10030.86762246514,1,0,1
2026-06-14T02:00:00+08:00,1781373600000,10031.063320122426,10031.063320122426,0,0,0
2026-06-14T04:00:00+08:00,1781380800000,10031.063320122426,10031.063320122426,0,0,0
2026-06-14T06:00:00+08:00,1781388000000,10031.063320122426,10031.063320122426,0,0,0
2026-06-14T08:00:00+08:00,1781395200000,10031.063320122426,10031.063320122426,0,0,0
2026-06-14T10:00:00+08:00,1781402400000,10031.063320122426,10031.063320122426,0,0,0
2026-06-14T12:00:00+08:00,1781409600000,10031.063320122426,10031.063320122426,0,0,0
2026-06-14T14:00:00+08:00,1781416800000,10031.063320122426,10031.063320122426,0,0,0
2026-06-14T16:00:00+08:00,1781424000000,10031.063320122426,10031.063320122426,0,0,0
2026-06-14T18:00:00+08:00,1781431200000,10032.094003933062,10031.023320122426,0,1,1
2026-06-14T20:00:00+08:00,1781438400000,10033.948471672446,10030.983320122425,0,2,2
2026-06-14T22:00:00+08:00,1781445600000,10036.45109121304,10034.492454715832,0,1,1
2026-06-15T00:00:00+08:00,1781452800000,10036.745008344982,10034.492454715832,0,1,1
2026-06-15T02:00:00+08:00,1781460000000,10036.068998941515,10034.492454715832,0,1,1
2026-06-15T04:00:00+08:00,1781467200000,10028.427153511013,10034.492454715832,0,1,1
2026-06-15T06:00:00+08:00,1781474400000,10028.427153511013,10028.427153511013,0,0,0
2026-06-15T08:00:00+08:00,1781481600000,10027.617372489114,10028.387153511012,1,0,1
2026-06-15T10:00:00+08:00,1781488800000,10028.718408639936,10028.347153511011,2,0,2
2026-06-15T12:00:00+08:00,1781496000000,10028.549689189818,10028.347153511011,2,0,2
2026-06-15T14:00:00+08:00,1781503200000,10028.943367906759,10028.347153511011,2,0,2
2026-06-15T16:00:00+08:00,1781510400000,10028.746168695714,10028.279085010168,1,0,1
2026-06-15T18:00:00+08:00,1781517600000,10031.238485010168,10031.238485010168,0,0,0
2026-06-15T20:00:00+08:00,1781524800000,10031.238485010168,10031.238485010168,0,0,0
2026-06-15T22:00:00+08:00,1781532000000,10031.238485010168,10031.238485010168,0,0,0
2026-06-16T00:00:00+08:00,1781539200000,10031.238485010168,10031.238485010168,0,0,0
2026-06-16T02:00:00+08:00,1781546400000,10031.238485010168,10031.238485010168,0,0,0
2026-06-16T04:00:00+08:00,1781553600000,10031.238485010168,10031.238485010168,0,0,0
2026-06-16T06:00:00+08:00,1781560800000,10031.238485010168,10031.238485010168,0,0,0
2026-06-16T08:00:00+08:00,1781568000000,10031.238485010168,10031.238485010168,0,0,0
2026-06-16T10:00:00+08:00,1781575200000,10031.238485010168,10031.238485010168,0,0,0
2026-06-16T12:00:00+08:00,1781582400000,10031.238485010168,10031.238485010168,0,0,0
2026-06-16T14:00:00+08:00,1781589600000,10031.238485010168,10031.238485010168,0,0,0
2026-06-16T16:00:00+08:00,1781596800000,10031.238485010168,10031.238485010168,0,0,0
2026-06-16T18:00:00+08:00,1781604000000,10031.238485010168,10031.238485010168,0,0,0
2026-06-16T20:00:00+08:00,1781611200000,10031.238485010168,10031.238485010168,0,0,0
2026-06-16T22:00:00+08:00,1781618400000,10034.159085010167,10034.159085010167,0,0,0
2026-06-17T00:00:00+08:00,1781625600000,10034.159085010167,10034.159085010167,0,0,0
2026-06-17T02:00:00+08:00,1781632800000,10034.159085010167,10034.159085010167,0,0,0
2026-06-17T04:00:00+08:00,1781640000000,10034.159085010167,10034.159085010167,0,0,0
2026-06-17T06:00:00+08:00,1781647200000,10034.159085010167,10034.159085010167,0,0,0
2026-06-17T08:00:00+08:00,1781654400000,10034.159085010167,10034.159085010167,0,0,0
2026-06-17T10:00:00+08:00,1781661600000,10034.159085010167,10034.159085010167,0,0,0
2026-06-17T12:00:00+08:00,1781668800000,10034.159085010167,10034.159085010167,0,0,0
2026-06-17T14:00:00+08:00,1781676000000,10034.159085010167,10034.159085010167,0,0,0
2026-06-17T16:00:00+08:00,1781683200000,10034.159085010167,10034.159085010167,0,0,0
2026-06-17T18:00:00+08:00,1781690400000,10034.159085010167,10034.159085010167,0,0,0
2026-06-17T20:00:00+08:00,1781697600000,10034.159085010167,10034.159085010167,0,0,0
2026-06-17T22:00:00+08:00,1781704800000,10034.159085010167,10034.159085010167,0,0,0
2026-06-18T00:00:00+08:00,1781712000000,10034.159085010167,10034.159085010167,0,0,0
2026-06-18T02:00:00+08:00,1781719200000,10034.159085010167,10034.159085010167,0,0,0
2026-06-18T04:00:00+08:00,1781726400000,10034.159085010167,10034.159085010167,0,0,0
2026-06-18T06:00:00+08:00,1781733600000,10034.159085010167,10034.159085010167,0,0,0
2026-06-18T08:00:00+08:00,1781740800000,10034.159085010167,10034.159085010167,0,0,0
2026-06-18T10:00:00+08:00,1781748000000,10034.159085010167,10034.159085010167,0,0,0
2026-06-18T12:00:00+08:00,1781755200000,10034.159085010167,10034.159085010167,0,0,0
2026-06-18T14:00:00+08:00,1781762400000,10034.159085010167,10034.159085010167,0,0,0
2026-06-18T16:00:00+08:00,1781769600000,10033.855950598567,10034.119085010167,0,1,1
2026-06-18T18:00:00+08:00,1781776800000,10036.394104530524,10034.119085010167,0,1,1
2026-06-18T20:00:00+08:00,1781784000000,10035.612512393935,10034.079085010166,0,2,2
2026-06-18T22:00:00+08:00,1781791200000,10038.980002913122,10038.980002913122,0,0,0
2026-06-19T00:00:00+08:00,1781798400000,10038.980002913122,10038.980002913122,0,0,0
2026-06-19T02:00:00+08:00,1781805600000,10038.980002913122,10038.980002913122,0,0,0
2026-06-19T04:00:00+08:00,1781812800000,10038.980002913122,10038.980002913122,0,0,0
2026-06-19T06:00:00+08:00,1781820000000,10038.980002913122,10038.980002913122,0,0,0
2026-06-19T08:00:00+08:00,1781827200000,10038.980002913122,10038.980002913122,0,0,0
2026-06-19T10:00:00+08:00,1781834400000,10038.980002913122,10038.980002913122,0,0,0
2026-06-19T12:00:00+08:00,1781841600000,10038.980002913122,10038.980002913122,0,0,0
2026-06-19T14:00:00+08:00,1781848800000,10038.980002913122,10038.980002913122,0,0,0
2026-06-19T16:00:00+08:00,1781856000000,10038.980002913122,10038.980002913122,0,0,0
2026-06-19T18:00:00+08:00,1781863200000,10038.980002913122,10038.980002913122,0,0,0
2026-06-19T20:00:00+08:00,1781870400000,10038.980002913122,10038.980002913122,0,0,0
2026-06-19T22:00:00+08:00,1781877600000,10038.980002913122,10038.980002913122,0,0,0
2026-06-20T00:00:00+08:00,1781884800000,10038.980002913122,10038.980002913122,0,0,0
2026-06-20T02:00:00+08:00,1781892000000,10038.980002913122,10038.980002913122,0,0,0
2026-06-20T04:00:00+08:00,1781899200000,10038.980002913122,10038.980002913122,0,0,0
2026-06-20T06:00:00+08:00,1781906400000,10040.958158900365,10038.940002913121,1,0,1
2026-06-20T08:00:00+08:00,1781913600000,10041.310650888756,10038.90000291312,2,0,2
2026-06-20T10:00:00+08:00,1781920800000,10042.464351140981,10038.90000291312,2,0,2
2026-06-20T12:00:00+08:00,1781928000000,10048.784265160151,10042.884006836386,1,0,1
2026-06-20T14:00:00+08:00,1781935200000,10048.784265160151,10048.784265160151,0,0,0
2026-06-20T16:00:00+08:00,1781942400000,10048.784265160151,10048.784265160151,0,0,0
2026-06-20T18:00:00+08:00,1781949600000,10048.784265160151,10048.784265160151,0,0,0
2026-06-20T20:00:00+08:00,1781956800000,10048.784265160151,10048.784265160151,0,0,0
2026-06-20T22:00:00+08:00,1781964000000,10048.784265160151,10048.784265160151,0,0,0
2026-06-21T00:00:00+08:00,1781971200000,10047.398970715705,10048.74426516015,1,0,1
2026-06-21T02:00:00+08:00,1781978400000,10047.398970715705,10047.398970715705,0,0,0
2026-06-21T04:00:00+08:00,1781985600000,10047.398970715705,10047.398970715705,0,0,0
2026-06-21T06:00:00+08:00,1781992800000,10047.398970715705,10047.398970715705,0,0,0
2026-06-21T08:00:00+08:00,1782000000000,10047.398970715705,10047.398970715705,0,0,0
2026-06-21T10:00:00+08:00,1782007200000,10047.398970715705,10047.398970715705,0,0,0
2026-06-21T12:00:00+08:00,1782014400000,10047.398970715705,10047.398970715705,0,0,0
2026-06-21T14:00:00+08:00,1782021600000,10047.398970715705,10047.398970715705,0,0,0
2026-06-21T16:00:00+08:00,1782028800000,10047.398970715705,10047.398970715705,0,0,0
2026-06-21T18:00:00+08:00,1782036000000,10047.398970715705,10047.398970715705,0,0,0
2026-06-21T20:00:00+08:00,1782043200000,10047.398970715705,10047.398970715705,0,0,0
2026-06-21T22:00:00+08:00,1782050400000,10047.398970715705,10047.398970715705,0,0,0
2026-06-22T00:00:00+08:00,1782057600000,10047.398970715705,10047.398970715705,0,0,0
2026-06-22T02:00:00+08:00,1782064800000,10047.398970715705,10047.398970715705,0,0,0
2026-06-22T04:00:00+08:00,1782072000000,10047.398970715705,10047.398970715705,0,0,0
2026-06-22T06:00:00+08:00,1782079200000,10047.398970715705,10047.398970715705,0,0,0
2026-06-22T08:00:00+08:00,1782086400000,10047.398970715705,10047.398970715705,0,0,0
2026-06-22T10:00:00+08:00,1782093600000,10047.398970715705,10047.398970715705,0,0,0
2026-06-22T12:00:00+08:00,1782100800000,10047.398970715705,10047.398970715705,0,0,0
2026-06-22T14:00:00+08:00,1782108000000,10046.858797508668,10047.358970715704,0,1,1
2026-06-22T16:00:00+08:00,1782115200000,10046.858797508668,10046.858797508668,0,0,0
2026-06-22T18:00:00+08:00,1782122400000,10046.858797508668,10046.858797508668,0,0,0
2026-06-22T20:00:00+08:00,1782129600000,10046.858797508668,10046.858797508668,0,0,0
2026-06-22T22:00:00+08:00,1782136800000,10041.842501805439,10046.818797508668,1,0,1
2026-06-23T00:00:00+08:00,1782144000000,10041.406070941823,10041.829184484914,0,1,1
2026-06-23T02:00:00+08:00,1782151200000,10044.497406357645,10041.789184484913,0,2,2
2026-06-23T04:00:00+08:00,1782158400000,10044.278693570348,10041.789184484913,0,2,2
2026-06-23T06:00:00+08:00,1782165600000,10048.15390309218,10044.561281573884,0,1,1
2026-06-23T08:00:00+08:00,1782172800000,10048.181216035926,10048.181216035926,0,0,0
2026-06-23T10:00:00+08:00,1782180000000,10048.181216035926,10048.181216035926,0,0,0
2026-06-23T12:00:00+08:00,1782187200000,10048.181216035926,10048.181216035926,0,0,0
2026-06-23T14:00:00+08:00,1782194400000,10048.181216035926,10048.181216035926,0,0,0
2026-06-23T16:00:00+08:00,1782201600000,10051.101816035925,10051.101816035925,0,0,0
2026-06-23T18:00:00+08:00,1782208800000,10051.101816035925,10051.101816035925,0,0,0
2026-06-23T20:00:00+08:00,1782216000000,10051.101816035925,10051.101816035925,0,0,0
2026-06-23T22:00:00+08:00,1782223200000,10051.101816035925,10051.101816035925,0,0,0
2026-06-24T00:00:00+08:00,1782230400000,10051.101816035925,10051.101816035925,0,0,0
2026-06-24T02:00:00+08:00,1782237600000,10051.101816035925,10051.101816035925,0,0,0
2026-06-24T04:00:00+08:00,1782244800000,10051.101816035925,10051.101816035925,0,0,0
2026-06-24T06:00:00+08:00,1782252000000,10051.101816035925,10051.101816035925,0,0,0
2026-06-24T08:00:00+08:00,1782259200000,10051.101816035925,10051.101816035925,0,0,0
2026-06-24T10:00:00+08:00,1782266400000,10051.101816035925,10051.101816035925,0,0,0
2026-06-24T12:00:00+08:00,1782273600000,10051.101816035925,10051.101816035925,0,0,0
2026-06-24T14:00:00+08:00,1782280800000,10051.101816035925,10051.101816035925,0,0,0
2026-06-24T16:00:00+08:00,1782288000000,10051.101816035925,10051.101816035925,0,0,0
2026-06-24T18:00:00+08:00,1782295200000,10051.101816035925,10051.101816035925,0,0,0
2026-06-24T20:00:00+08:00,1782302400000,10051.101816035925,10051.101816035925,0,0,0
2026-06-24T22:00:00+08:00,1782309600000,10051.101816035925,10051.101816035925,0,0,0
2026-06-25T00:00:00+08:00,1782316800000,10051.101816035925,10051.101816035925,0,0,0
2026-06-25T02:00:00+08:00,1782324000000,10051.101816035925,10051.101816035925,0,0,0
2026-06-25T04:00:00+08:00,1782331200000,10051.101816035925,10051.101816035925,0,0,0
2026-06-25T06:00:00+08:00,1782338400000,10051.101816035925,10051.101816035925,0,0,0
2026-06-25T08:00:00+08:00,1782345600000,10051.101816035925,10051.101816035925,0,0,0
2026-06-25T10:00:00+08:00,1782352800000,10051.101816035925,10051.101816035925,0,0,0
2026-06-25T12:00:00+08:00,1782360000000,10051.101816035925,10051.101816035925,0,0,0
2026-06-25T14:00:00+08:00,1782367200000,10052.210156375104,10051.061816035924,1,0,1
2026-06-25T16:00:00+08:00,1782374400000,10048.604564334657,10051.021816035924,2,0,2
2026-06-25T18:00:00+08:00,1782381600000,10044.789989340077,10051.021816035924,2,0,2
2026-06-25T20:00:00+08:00,1782388800000,10033.466777285372,10048.518183625429,1,0,1
2026-06-25T22:00:00+08:00,1782396000000,10026.904720890294,10033.426777285371,0,1,1
2026-06-26T00:00:00+08:00,1782403200000,10021.794075255104,10033.38677728537,0,2,2
2026-06-26T02:00:00+08:00,1782410400000,10024.632500191938,10024.340458544133,0,1,1
2026-06-26T04:00:00+08:00,1782417600000,10018.026989384494,10024.300458544132,0,2,2
2026-06-26T06:00:00+08:00,1782424800000,10016.726850327663,10021.332454922584,0,1,1
2026-06-26T08:00:00+08:00,1782432000000,10015.494428279488,10016.686850327662,1,0,1
2026-06-26T10:00:00+08:00,1782439200000,10020.689445288657,10016.646850327661,2,0,2
2026-06-26T12:00:00+08:00,1782446400000,10021.578493099192,10016.646850327661,2,0,2
2026-06-26T14:00:00+08:00,1782453600000,10029.263023412632,10019.01970593344,1,0,1
2026-06-26T16:00:00+08:00,1782460800000,10029.29274398338,10029.29274398338,0,0,0
2026-06-26T18:00:00+08:00,1782468000000,10029.29274398338,10029.29274398338,0,0,0
2026-06-26T20:00:00+08:00,1782475200000,10029.29274398338,10029.29274398338,0,0,0
2026-06-26T22:00:00+08:00,1782482400000,10029.29274398338,10029.29274398338,0,0,0
2026-06-27T00:00:00+08:00,1782489600000,10032.212143983379,10032.212143983379,0,0,0
2026-06-27T02:00:00+08:00,1782496800000,10032.212143983379,10032.212143983379,0,0,0
2026-06-27T04:00:00+08:00,1782504000000,10032.212143983379,10032.212143983379,0,0,0
2026-06-27T06:00:00+08:00,1782511200000,10032.212143983379,10032.212143983379,0,0,0
2026-06-27T08:00:00+08:00,1782518400000,10032.212143983379,10032.212143983379,0,0,0
2026-06-27T10:00:00+08:00,1782525600000,10032.212143983379,10032.212143983379,0,0,0
2026-06-27T12:00:00+08:00,1782532800000,10032.212143983379,10032.212143983379,0,0,0
2026-06-27T14:00:00+08:00,1782540000000,10032.212143983379,10032.212143983379,0,0,0
2026-06-27T16:00:00+08:00,1782547200000,10032.212143983379,10032.212143983379,0,0,0
2026-06-27T18:00:00+08:00,1782554400000,10032.212143983379,10032.212143983379,0,0,0
2026-06-27T20:00:00+08:00,1782561600000,10032.212143983379,10032.212143983379,0,0,0
2026-06-27T22:00:00+08:00,1782568800000,10032.212143983379,10032.212143983379,0,0,0
2026-06-28T00:00:00+08:00,1782576000000,10032.212143983379,10032.212143983379,0,0,0
2026-06-28T02:00:00+08:00,1782583200000,10032.212143983379,10032.212143983379,0,0,0
2026-06-28T04:00:00+08:00,1782590400000,10032.212143983379,10032.212143983379,0,0,0
2026-06-28T06:00:00+08:00,1782597600000,10033.48567090754,10032.172143983378,0,1,1
2026-06-28T08:00:00+08:00,1782604800000,10031.509704539656,10032.132143983377,0,2,2
2026-06-28T10:00:00+08:00,1782612000000,10031.339925288583,10032.132143983377,0,2,2
2026-06-28T12:00:00+08:00,1782619200000,10033.150903966674,10032.132143983377,0,2,2
2026-06-28T14:00:00+08:00,1782626400000,10030.094877447398,10032.132143983377,0,2,2
2026-06-28T16:00:00+08:00,1782633600000,10028.845318650321,10031.838357685097,0,1,1
2026-06-28T18:00:00+08:00,1782640800000,10027.766323618383,10031.838357685097,0,1,1
2026-06-28T20:00:00+08:00,1782648000000,10028.249031922145,10031.838357685097,0,1,1
2026-06-28T22:00:00+08:00,1782655200000,10027.283615314622,10031.838357685097,0,1,1
2026-06-29T00:00:00+08:00,1782662400000,10028.788529438114,10031.838357685097,0,1,1
2026-06-29T02:00:00+08:00,1782669600000,10033.44346798835,10031.798357685097,0,2,2
2026-06-29T04:00:00+08:00,1782676800000,10034.90904420628,10031.798357685097,0,2,2
2026-06-29T06:00:00+08:00,1782684000000,10033.695265108869,10033.28768574934,0,1,1
2026-06-29T08:00:00+08:00,1782691200000,10033.695265108869,10033.695265108869,0,0,0
2026-06-29T10:00:00+08:00,1782698400000,10033.695265108869,10033.695265108869,0,0,0
2026-06-29T12:00:00+08:00,1782705600000,10033.695265108869,10033.695265108869,0,0,0
2026-06-29T14:00:00+08:00,1782712800000,10034.694185972177,10033.655265108868,1,0,1
2026-06-29T16:00:00+08:00,1782720000000,10035.772982908757,10033.615265108867,2,0,2
2026-06-29T18:00:00+08:00,1782727200000,10036.585453170312,10037.120744212007,1,0,1
2026-06-29T20:00:00+08:00,1782734400000,10036.585453170312,10036.585453170312,0,0,0
2026-06-29T22:00:00+08:00,1782741600000,10036.585453170312,10036.585453170312,0,0,0
2026-06-30T00:00:00+08:00,1782748800000,10036.585453170312,10036.585453170312,0,0,0
2026-06-30T02:00:00+08:00,1782756000000,10036.585453170312,10036.585453170312,0,0,0
2026-06-30T04:00:00+08:00,1782763200000,10036.585453170312,10036.585453170312,0,0,0
2026-06-30T06:00:00+08:00,1782770400000,10036.585453170312,10036.585453170312,0,0,0
2026-06-30T08:00:00+08:00,1782777600000,10036.585453170312,10036.585453170312,0,0,0
2026-06-30T10:00:00+08:00,1782784800000,10036.585453170312,10036.585453170312,0,0,0
2026-06-30T12:00:00+08:00,1782792000000,10036.585453170312,10036.585453170312,0,0,0
2026-06-30T14:00:00+08:00,1782799200000,10036.585453170312,10036.585453170312,0,0,0
2026-06-30T16:00:00+08:00,1782806400000,10036.585453170312,10036.585453170312,0,0,0
2026-06-30T18:00:00+08:00,1782813600000,10037.617389178988,10036.54545317031,0,1,1
2026-06-30T20:00:00+08:00,1782820800000,10041.366079077305,10040.01520791166,0,1,1
2026-06-30T22:00:00+08:00,1782828000000,10040.657007502661,10040.01520791166,0,1,1
2026-07-01T00:00:00+08:00,1782835200000,10040.52064758446,10040.01520791166,0,1,1
2026-07-01T02:00:00+08:00,1782842400000,10038.993416500616,10040.01520791166,0,1,1
2026-07-01T04:00:00+08:00,1782849600000,10039.020688484257,10039.020688484257,0,0,0
2026-07-01T06:00:00+08:00,1782856800000,10039.020688484257,10039.020688484257,0,0,0
2026-07-01T08:00:00+08:00,1782864000000,10039.020688484257,10039.020688484257,0,0,0
2026-07-01T10:00:00+08:00,1782871200000,10039.020688484257,10039.020688484257,0,0,0
2026-07-01T12:00:00+08:00,1782878400000,10039.020688484257,10039.020688484257,0,0,0
2026-07-01T14:00:00+08:00,1782885600000,10037.956973552731,10038.980688484256,1,0,1
2026-07-01T16:00:00+08:00,1782892800000,10041.021981679272,10038.940688484256,2,0,2
2026-07-01T18:00:00+08:00,1782900000000,10037.610447440311,10038.940688484256,2,0,2
2026-07-01T20:00:00+08:00,1782907200000,10040.743439102524,10040.743439102524,0,0,0
2026-07-01T22:00:00+08:00,1782914400000,10040.743439102524,10040.743439102524,0,0,0
2026-07-02T00:00:00+08:00,1782921600000,10040.743439102524,10040.743439102524,0,0,0
2026-07-02T02:00:00+08:00,1782928800000,10040.743439102524,10040.743439102524,0,0,0
2026-07-02T04:00:00+08:00,1782936000000,10040.743439102524,10040.743439102524,0,0,0
2026-07-02T06:00:00+08:00,1782943200000,10040.743439102524,10040.743439102524,0,0,0
2026-07-02T08:00:00+08:00,1782950400000,10040.743439102524,10040.743439102524,0,0,0
2026-07-02T10:00:00+08:00,1782957600000,10040.743439102524,10040.743439102524,0,0,0
2026-07-02T12:00:00+08:00,1782964800000,10040.743439102524,10040.743439102524,0,0,0
2026-07-02T14:00:00+08:00,1782972000000,10040.743439102524,10040.743439102524,0,0,0
2026-07-02T16:00:00+08:00,1782979200000,10040.743439102524,10040.743439102524,0,0,0
2026-07-02T18:00:00+08:00,1782986400000,10040.743439102524,10040.743439102524,0,0,0
2026-07-02T20:00:00+08:00,1782993600000,10040.743439102524,10040.743439102524,0,0,0
2026-07-02T22:00:00+08:00,1783000800000,10040.743439102524,10040.743439102524,0,0,0
2026-07-03T00:00:00+08:00,1783008000000,10040.743439102524,10040.743439102524,0,0,0
2026-07-03T02:00:00+08:00,1783015200000,10040.743439102524,10040.743439102524,0,0,0
2026-07-03T04:00:00+08:00,1783022400000,10040.743439102524,10040.743439102524,0,0,0
2026-07-03T06:00:00+08:00,1783029600000,10040.743439102524,10040.743439102524,0,0,0
2026-07-03T08:00:00+08:00,1783036800000,10040.743439102524,10040.743439102524,0,0,0
2026-07-03T10:00:00+08:00,1783044000000,10040.743439102524,10040.743439102524,0,0,0
2026-07-03T12:00:00+08:00,1783051200000,10040.743439102524,10040.743439102524,0,0,0
2026-07-03T14:00:00+08:00,1783058400000,10040.743439102524,10040.743439102524,0,0,0
2026-07-03T16:00:00+08:00,1783065600000,10041.205486152652,10040.703439102523,0,1,1
2026-07-03T18:00:00+08:00,1783072800000,10038.485780059984,10040.663439102522,0,2,2
2026-07-03T20:00:00+08:00,1783080000000,10038.33775736619,10040.663439102522,0,2,2
2026-07-03T22:00:00+08:00,1783087200000,10040.212711487598,10040.663439102522,0,2,2
2026-07-04T00:00:00+08:00,1783094400000,10037.30159850962,10040.663439102522,0,2,2
2026-07-04T02:00:00+08:00,1783101600000,10035.572494707269,10039.219044472642,0,1,1
2026-07-04T04:00:00+08:00,1783108800000,10035.12785158551,10039.219044472642,0,1,1
2026-07-04T06:00:00+08:00,1783116000000,10035.918328246413,10039.219044472642,0,1,1
2026-07-04T08:00:00+08:00,1783123200000,10037.700654761187,10039.179044472641,0,2,2
2026-07-04T10:00:00+08:00,1783130400000,10033.976001731638,10039.179044472641,0,2,2
2026-07-04T12:00:00+08:00,1783137600000,10032.396098936984,10034.93963721159,0,1,1
2026-07-04T14:00:00+08:00,1783144800000,10034.00030792848,10034.93963721159,0,1,1
2026-07-04T16:00:00+08:00,1783152000000,10038.625157927323,10034.899637211589,0,2,2
2026-07-04T18:00:00+08:00,1783159200000,10038.23712906144,10034.899637211589,0,2,2
2026-07-04T20:00:00+08:00,1783166400000,10039.061690401444,10034.899637211589,0,2,2
2026-07-04T22:00:00+08:00,1783173600000,10036.248481123785,10034.899637211589,0,2,2
2026-07-05T00:00:00+08:00,1783180800000,10035.522558781942,10035.127005376838,0,1,1
2026-07-05T02:00:00+08:00,1783188000000,10037.119587933994,10035.127005376838,0,1,1
2026-07-05T04:00:00+08:00,1783195200000,10036.431384726906,10035.087005376838,0,2,2
2026-07-05T06:00:00+08:00,1783202400000,10037.45295495676,10035.087005376838,0,2,2
2026-07-05T08:00:00+08:00,1783209600000,10041.495131783451,10039.065803990736,0,1,1
2026-07-05T10:00:00+08:00,1783216800000,10042.026403990736,10042.026403990736,0,0,0
2026-07-05T12:00:00+08:00,1783224000000,10042.026403990736,10042.026403990736,0,0,0
2026-07-05T14:00:00+08:00,1783231200000,10042.026403990736,10042.026403990736,0,0,0
2026-07-05T16:00:00+08:00,1783238400000,10042.026403990736,10042.026403990736,0,0,0
2026-07-05T18:00:00+08:00,1783245600000,10042.026403990736,10042.026403990736,0,0,0
2026-07-05T20:00:00+08:00,1783252800000,10042.026403990736,10042.026403990736,0,0,0
2026-07-05T22:00:00+08:00,1783260000000,10042.026403990736,10042.026403990736,0,0,0
2026-07-06T00:00:00+08:00,1783267200000,10042.026403990736,10042.026403990736,0,0,0
2026-07-06T02:00:00+08:00,1783274400000,10042.026403990736,10042.026403990736,0,0,0
2026-07-06T04:00:00+08:00,1783281600000,10042.026403990736,10042.026403990736,0,0,0
2026-07-06T06:00:00+08:00,1783288800000,10042.026403990736,10042.026403990736,0,0,0
2026-07-06T08:00:00+08:00,1783296000000,10042.026403990736,10042.026403990736,0,0,0
2026-07-06T10:00:00+08:00,1783303200000,10042.026403990736,10042.026403990736,0,0,0
2026-07-06T12:00:00+08:00,1783310400000,10042.026403990736,10042.026403990736,0,0,0
2026-07-06T14:00:00+08:00,1783317600000,10042.026403990736,10042.026403990736,0,0,0
2026-07-06T16:00:00+08:00,1783324800000,10042.026403990736,10042.026403990736,0,0,0
2026-07-06T18:00:00+08:00,1783332000000,10042.026403990736,10042.026403990736,0,0,0
2026-07-06T20:00:00+08:00,1783339200000,10042.026403990736,10042.026403990736,0,0,0
2026-07-06T22:00:00+08:00,1783346400000,10038.600334835823,10041.986403990735,0,1,1
2026-07-07T00:00:00+08:00,1783353600000,10038.600334835823,10038.600334835823,0,0,0
2026-07-07T02:00:00+08:00,1783360800000,10038.600334835823,10038.600334835823,0,0,0
2026-07-07T04:00:00+08:00,1783368000000,10041.519734835822,10041.519734835822,0,0,0
2026-07-07T06:00:00+08:00,1783375200000,10041.519734835822,10041.519734835822,0,0,0
2026-07-07T08:00:00+08:00,1783382400000,10041.519734835822,10041.519734835822,0,0,0
2026-07-07T10:00:00+08:00,1783389600000,10041.519734835822,10041.519734835822,0,0,0
2026-07-07T12:00:00+08:00,1783396800000,10041.519734835822,10041.519734835822,0,0,0
2026-07-07T14:00:00+08:00,1783404000000,10041.519734835822,10041.519734835822,0,0,0
2026-07-07T16:00:00+08:00,1783411200000,10041.881812183887,10041.47973483582,0,1,1
2026-07-07T18:00:00+08:00,1783418400000,10041.801812183885,10041.43973483582,0,2,2
2026-07-07T20:00:00+08:00,1783425600000,10044.162169054476,10041.43973483582,0,2,2
2026-07-07T22:00:00+08:00,1783432800000,10037.917058167704,10041.43973483582,0,2,2
2026-07-08T00:00:00+08:00,1783440000000,10036.391029138218,10039.877023970259,0,1,1
2026-07-08T02:00:00+08:00,1783447200000,10033.069872733233,10036.351029138217,1,0,1
2026-07-08T04:00:00+08:00,1783454400000,10033.069872733233,10033.069872733233,0,0,0
2026-07-08T06:00:00+08:00,1783461600000,10033.609038264989,10033.029872733232,0,1,1
2026-07-08T08:00:00+08:00,1783468800000,10039.892724950567,10036.255884414055,0,1,1
2026-07-08T10:00:00+08:00,1783476000000,10041.887965797145,10040.991662191831,0,1,1
2026-07-08T12:00:00+08:00,1783483200000,10042.621825379687,10040.991662191831,0,1,1
2026-07-08T14:00:00+08:00,1783490400000,10043.952262191831,10043.952262191831,0,0,0
2026-07-08T16:00:00+08:00,1783497600000,10043.952262191831,10043.952262191831,0,0,0
2026-07-08T18:00:00+08:00,1783504800000,10043.952262191831,10043.952262191831,0,0,0
2026-07-08T20:00:00+08:00,1783512000000,10043.952262191831,10043.952262191831,0,0,0
2026-07-08T22:00:00+08:00,1783519200000,10043.952262191831,10043.952262191831,0,0,0
2026-07-09T00:00:00+08:00,1783526400000,10043.952262191831,10043.952262191831,0,0,0
2026-07-09T02:00:00+08:00,1783533600000,10043.952262191831,10043.952262191831,0,0,0
2026-07-09T04:00:00+08:00,1783540800000,10043.952262191831,10043.952262191831,0,0,0
2026-07-09T06:00:00+08:00,1783548000000,10043.952262191831,10043.952262191831,0,0,0
2026-07-09T08:00:00+08:00,1783555200000,10043.952262191831,10043.952262191831,0,0,0
2026-07-09T10:00:00+08:00,1783562400000,10043.952262191831,10043.952262191831,0,0,0
2026-07-09T12:00:00+08:00,1783569600000,10043.952262191831,10043.952262191831,0,0,0
2026-07-09T14:00:00+08:00,1783576800000,10043.952262191831,10043.952262191831,0,0,0
2026-07-09T16:00:00+08:00,1783584000000,10043.642040879306,10043.91226219183,1,0,1
2026-07-09T18:00:00+08:00,1783591200000,10040.925923156103,10043.87226219183,2,0,2
2026-07-09T20:00:00+08:00,1783598400000,10042.48791060648,10042.29745344167,1,0,1
2026-07-09T22:00:00+08:00,1783605600000,10039.311114405942,10042.257453441669,2,0,2
2026-07-10T00:00:00+08:00,1783612800000,10040.513407466042,10040.911529507746,1,0,1
2026-07-10T02:00:00+08:00,1783620000000,10040.894263149961,10040.871529507745,2,0,2
2026-07-10T04:00:00+08:00,1783627200000,10040.330995091836,10040.871529507745,2,0,2
2026-07-10T06:00:00+08:00,1783634400000,10040.279788904734,10040.871529507745,2,0,2
2026-07-10T08:00:00+08:00,1783641600000,10046.14599775955,10043.649019674198,1,0,1
2026-07-10T10:00:00+08:00,1783648800000,10046.120371718283,10043.649019674198,1,0,1
2026-07-10T12:00:00+08:00,1783656000000,10046.608419674198,10046.608419674198,0,0,0
2026-07-10T14:00:00+08:00,1783663200000,10046.608419674198,10046.608419674198,0,0,0
2026-07-10T16:00:00+08:00,1783670400000,10046.608419674198,10046.608419674198,0,0,0
2026-07-10T18:00:00+08:00,1783677600000,10046.608419674198,10046.608419674198,0,0,0
2026-07-10T20:00:00+08:00,1783684800000,10046.608419674198,10046.608419674198,0,0,0
2026-07-10T22:00:00+08:00,1783692000000,10046.608419674198,10046.608419674198,0,0,0
2026-07-11T00:00:00+08:00,1783699200000,10046.608419674198,10046.608419674198,0,0,0
2026-07-11T02:00:00+08:00,1783706400000,10046.608419674198,10046.608419674198,0,0,0
2026-07-11T04:00:00+08:00,1783713600000,10046.608419674198,10046.608419674198,0,0,0
2026-07-11T06:00:00+08:00,1783720800000,10046.608419674198,10046.608419674198,0,0,0
2026-07-11T08:00:00+08:00,1783728000000,10046.608419674198,10046.608419674198,0,0,0
2026-07-11T10:00:00+08:00,1783735200000,10045.934752577423,10046.568419674197,0,1,1
2026-07-11T12:00:00+08:00,1783742400000,10045.236190374262,10046.528419674196,0,2,2
2026-07-11T14:00:00+08:00,1783749600000,10045.030232099838,10045.55920160968,0,1,1
2026-07-11T16:00:00+08:00,1783756800000,10045.364790185518,10045.55920160968,0,1,1
2026-07-11T18:00:00+08:00,1783764000000,10044.695674014158,10045.55920160968,0,1,1
2026-07-11T20:00:00+08:00,1783771200000,10044.769252125501,10044.629938776796,1,0,1
2026-07-11T22:00:00+08:00,1783778400000,10045.713440819598,10044.589938776795,2,0,2
2026-07-12T00:00:00+08:00,1783785600000,10044.279576647863,10044.589938776795,2,0,2
2026-07-12T02:00:00+08:00,1783792800000,10044.407542858025,10044.524322584122,1,0,1
2026-07-12T04:00:00+08:00,1783800000000,10044.73711337815,10044.484322584121,2,0,2
2026-07-12T06:00:00+08:00,1783807200000,10037.211255070819,10044.484322584121,2,0,2
2026-07-12T08:00:00+08:00,1783814400000,10036.948713029364,10037.171255070818,0,1,1
2026-07-12T10:00:00+08:00,1783821600000,10035.773960049046,10037.131255070817,0,2,2
2026-07-12T12:00:00+08:00,1783828800000,10038.849694612793,10037.131255070817,0,2,2
2026-07-12T14:00:00+08:00,1783836000000,10038.484776952686,10037.131255070817,0,2,2
2026-07-12T16:00:00+08:00,1783843200000,10037.233630689467,10037.131255070817,0,2,2
2026-07-12T18:00:00+08:00,1783850400000,10036.764641038251,10037.065177636323,0,1,1
2026-07-12T20:00:00+08:00,1783857600000,10036.165406862683,10037.065177636323,0,1,1
2026-07-12T22:00:00+08:00,1783864800000,10035.35774340866,10037.065177636323,0,1,1
2026-07-13T00:00:00+08:00,1783872000000,10035.670387326347,10037.065177636323,0,1,1
2026-07-13T02:00:00+08:00,1783879200000,10036.444032863215,10035.630387326346,1,0,1
2026-07-13T04:00:00+08:00,1783886400000,10033.472969595141,10035.590387326345,2,0,2
2026-07-13T06:00:00+08:00,1783893600000,10032.931939884264,10034.929554208622,1,0,1
2026-07-13T08:00:00+08:00,1783900800000,10031.360696808133,10034.929554208622,1,0,1
2026-07-13T10:00:00+08:00,1783908000000,10032.48670925086,10031.346454891347,0,1,1
2026-07-13T12:00:00+08:00,1783915200000,10029.618304276057,10031.306454891346,0,2,2
2026-07-13T14:00:00+08:00,1783922400000,10029.512925781512,10031.030404019444,0,1,1
2026-07-13T16:00:00+08:00,1783929600000,10028.985254982252,10031.030404019444,0,1,1
2026-07-13T18:00:00+08:00,1783936800000,10029.723994101218,10031.030404019444,0,1,1
2026-07-13T20:00:00+08:00,1783944000000,10032.177663317781,10031.030404019444,0,1,1
2026-07-13T22:00:00+08:00,1783951200000,10029.953993693782,10030.990404019443,0,2,2
2026-07-14T00:00:00+08:00,1783958400000,10036.464153185672,10030.990404019443,0,2,2
2026-07-14T02:00:00+08:00,1783965600000,10033.235537502702,10030.990404019443,0,2,2
2026-07-14T04:00:00+08:00,1783972800000,10035.705084736932,10035.705084736932,0,0,0
2026-07-14T06:00:00+08:00,1783980000000,10035.705084736932,10035.705084736932,0,0,0
2026-07-14T08:00:00+08:00,1783987200000,10035.705084736932,10035.705084736932,0,0,0
2026-07-14T10:00:00+08:00,1783994400000,10035.705084736932,10035.705084736932,0,0,0
2026-07-14T12:00:00+08:00,1784001600000,10035.705084736932,10035.705084736932,0,0,0
2026-07-14T14:00:00+08:00,1784008800000,10035.705084736932,10035.705084736932,0,0,0
2026-07-14T16:00:00+08:00,1784016000000,10035.705084736932,10035.705084736932,0,0,0
2026-07-14T18:00:00+08:00,1784023200000,10035.705084736932,10035.705084736932,0,0,0
2026-07-14T20:00:00+08:00,1784030400000,10038.62448473693,10038.62448473693,0,0,0
2026-07-14T22:00:00+08:00,1784037600000,10038.62448473693,10038.62448473693,0,0,0
2026-07-15T00:00:00+08:00,1784044800000,10038.62448473693,10038.62448473693,0,0,0
2026-07-15T02:00:00+08:00,1784052000000,10038.62448473693,10038.62448473693,0,0,0
2026-07-15T04:00:00+08:00,1784059200000,10038.62448473693,10038.62448473693,0,0,0
2026-07-15T06:00:00+08:00,1784066400000,10038.62448473693,10038.62448473693,0,0,0
2026-07-15T08:00:00+08:00,1784073600000,10037.414186689653,10038.58448473693,1,0,1
2026-07-15T10:00:00+08:00,1784080800000,10037.388498097669,10037.388498097669,0,0,0
2026-07-15T12:00:00+08:00,1784088000000,10037.388498097669,10037.388498097669,0,0,0
2026-07-15T14:00:00+08:00,1784095200000,10037.388498097669,10037.388498097669,0,0,0
2026-07-15T16:00:00+08:00,1784102400000,10037.388498097669,10037.388498097669,0,0,0
2026-07-15T18:00:00+08:00,1784109600000,10037.388498097669,10037.388498097669,0,0,0
2026-07-15T20:00:00+08:00,1784116800000,10037.388498097669,10037.388498097669,0,0,0
2026-07-15T22:00:00+08:00,1784124000000,10037.388498097669,10037.388498097669,0,0,0
2026-07-16T00:00:00+08:00,1784131200000,10037.388498097669,10037.388498097669,0,0,0
2026-07-16T02:00:00+08:00,1784138400000,10037.388498097669,10037.388498097669,0,0,0
2026-07-16T04:00:00+08:00,1784145600000,10037.388498097669,10037.388498097669,0,0,0
2026-07-16T06:00:00+08:00,1784152800000,10037.388498097669,10037.388498097669,0,0,0
2026-07-16T08:00:00+08:00,1784160000000,10037.388498097669,10037.388498097669,0,0,0
2026-07-16T10:00:00+08:00,1784167200000,10037.671971167103,10037.348498097668,0,1,1
2026-07-16T12:00:00+08:00,1784174400000,10034.863239131008,10037.308498097667,0,2,2
2026-07-16T14:00:00+08:00,1784181600000,10037.56859153673,10036.28192833777,0,1,1
2026-07-16T16:00:00+08:00,1784188800000,10039.550525675493,10036.24192833777,0,2,2
2026-07-16T18:00:00+08:00,1784196000000,10038.402057343006,10036.24192833777,0,2,2
2026-07-16T20:00:00+08:00,1784203200000,10037.880026282786,10036.24192833777,0,2,2
2026-07-16T22:00:00+08:00,1784210400000,10036.470542420187,10036.24192833777,0,2,2
2026-07-17T00:00:00+08:00,1784217600000,10039.063539628385,10037.008331458706,0,1,1
2026-07-17T02:00:00+08:00,1784224800000,10038.035706041066,10036.968331458706,0,2,2
2026-07-17T04:00:00+08:00,1784232000000,10037.245844718302,10036.968331458706,0,2,2
2026-07-17T06:00:00+08:00,1784239200000,10038.965943261808,10038.185456360512,0,1,1
2026-07-17T08:00:00+08:00,1784246400000,10039.99985979895,10038.145456360511,0,2,2
2026-07-17T10:00:00+08:00,1784253600000,10039.310292418815,10038.145456360511,0,2,2
2026-07-17T12:00:00+08:00,1784260800000,10041.489551087607,10039.137681816981,0,1,1
2026-07-17T14:00:00+08:00,1784268000000,10040.313091823475,10039.09768181698,0,2,2
2026-07-17T16:00:00+08:00,1784275200000,10040.20581081831,10040.891448257793,0,1,1
2026-07-17T18:00:00+08:00,1784282400000,10039.64087805876,10040.891448257793,0,1,1
2026-07-17T20:00:00+08:00,1784289600000,10041.039759177642,10040.891448257793,0,1,1
2026-07-17T22:00:00+08:00,1784296800000,10039.882992098568,10040.891448257793,0,1,1
2026-07-18T00:00:00+08:00,1784304000000,10038.645520339558,10040.891448257793,0,1,1
2026-07-18T02:00:00+08:00,1784311200000,10038.726225019493,10040.891448257793,0,1,1
2026-07-18T04:00:00+08:00,1784318400000,10039.210453099106,10040.891448257793,0,1,1
2026-07-18T06:00:00+08:00,1784325600000,10039.156649979148,10040.891448257793,0,1,1
2026-07-18T08:00:00+08:00,1784332800000,10039.61025199258,10039.143551539126,1,0,1
2026-07-18T10:00:00+08:00,1784340000000,10040.355909601301,10039.103551539125,2,0,2
2026-07-18T12:00:00+08:00,1784347200000,10038.012208054144,10039.103551539125,2,0,2
2026-07-18T14:00:00+08:00,1784354400000,10038.09200055215,10038.823535534857,1,0,1
2026-07-18T16:00:00+08:00,1784361600000,10037.77283056013,10038.823535534857,1,0,1
2026-07-18T18:00:00+08:00,1784368800000,10038.065403052813,10038.823535534857,1,0,1
2026-07-18T20:00:00+08:00,1784376000000,10036.839622553427,10038.783535534856,2,0,2
2026-07-18T22:00:00+08:00,1784383200000,10037.480249425258,10037.46685556678,1,0,1
2026-07-19T00:00:00+08:00,1784390400000,10039.455773985837,10037.426855566779,2,0,2
2026-07-19T02:00:00+08:00,1784397600000,10039.989676931946,10037.426855566779,2,0,2
2026-07-19T04:00:00+08:00,1784404800000,10040.203238110387,10037.426855566779,2,0,2
2026-07-19T06:00:00+08:00,1784412000000,10040.310018699609,10037.426855566779,2,0,2
2026-07-19T08:00:00+08:00,1784419200000,10041.271044002604,10037.426855566779,2,0,2
2026-07-19T10:00:00+08:00,1784426400000,10043.029139891154,10040.399803353976,1,0,1
2026-07-19T12:00:00+08:00,1784433600000,10043.359203353975,10043.359203353975,0,0,0
2026-07-19T14:00:00+08:00,1784440800000,10043.359203353975,10043.359203353975,0,0,0
2026-07-19T16:00:00+08:00,1784448000000,10043.359203353975,10043.359203353975,0,0,0
2026-07-19T18:00:00+08:00,1784455200000,10043.46349828485,10043.319203353974,1,0,1
2026-07-19T20:00:00+08:00,1784462400000,10043.59513752119,10043.319203353974,1,0,1
2026-07-19T22:00:00+08:00,1784469600000,10043.805760299334,10043.319203353974,1,0,1
2026-07-20T00:00:00+08:00,1784476800000,10043.20021981217,10043.319203353974,1,0,1
2026-07-20T02:00:00+08:00,1784484000000,10042.989597034028,10043.319203353974,1,0,1
2026-07-20T04:00:00+08:00,1784491200000,10042.69999071408,10043.319203353974,1,0,1
2026-07-20T06:00:00+08:00,1784498400000,10044.305989397424,10043.319203353974,1,0,1
2026-07-20T08:00:00+08:00,1784505600000,10046.731265668293,10046.745068891141,1,0,1
2026-07-20T10:00:00+08:00,1784512800000,10047.700546422911,10046.745068891141,1,0,1
2026-07-20T12:00:00+08:00,1784520000000,10045.500017142156,10046.745068891141,1,0,1
2026-07-20T14:00:00+08:00,1784527200000,10045.52621391931,10045.52621391931,0,0,0
2026-07-20T16:00:00+08:00,1784534400000,10045.52621391931,10045.52621391931,0,0,0
2026-07-20T18:00:00+08:00,1784541600000,10045.52621391931,10045.52621391931,0,0,0
2026-07-20T20:00:00+08:00,1784548800000,10045.52621391931,10045.52621391931,0,0,0
2026-07-20T22:00:00+08:00,1784556000000,10045.52621391931,10045.52621391931,0,0,0
2026-07-21T00:00:00+08:00,1784563200000,10045.52621391931,10045.52621391931,0,0,0
2026-07-21T02:00:00+08:00,1784570400000,10045.52621391931,10045.52621391931,0,0,0
2026-07-21T04:00:00+08:00,1784577600000,10045.52621391931,10045.52621391931,0,0,0
2026-07-21T06:00:00+08:00,1784584800000,10045.52621391931,10045.52621391931,0,0,0
2026-07-21T08:00:00+08:00,1784592000000,10045.52621391931,10045.52621391931,0,0,0
2026-07-21T10:00:00+08:00,1784599200000,10045.52621391931,10045.52621391931,0,0,0
2026-07-21T12:00:00+08:00,1784606400000,10045.52621391931,10045.52621391931,0,0,0
2026-07-21T14:00:00+08:00,1784613600000,10045.52621391931,10045.52621391931,0,0,0
2026-07-21T16:00:00+08:00,1784620800000,10045.52621391931,10045.52621391931,0,0,0
2026-07-21T18:00:00+08:00,1784628000000,10045.52621391931,10045.52621391931,0,0,0
2026-07-21T20:00:00+08:00,1784635200000,10045.52621391931,10045.52621391931,0,0,0
2026-07-21T22:00:00+08:00,1784642400000,10045.52621391931,10045.52621391931,0,0,0
2026-07-22T00:00:00+08:00,1784649600000,10045.52621391931,10045.52621391931,0,0,0
2026-07-22T02:00:00+08:00,1784656800000,10045.52621391931,10045.52621391931,0,0,0
2026-07-22T04:00:00+08:00,1784664000000,10045.009277005522,10045.486213919308,0,1,1
2026-07-22T06:00:00+08:00,1784671200000,10044.467142078312,10045.446213919307,0,2,2
2026-07-22T08:00:00+08:00,1784678400000,10043.38882724816,10045.446213919307,0,2,2
2026-07-22T10:00:00+08:00,1784685600000,10044.56849430753,10044.172509692145,0,1,1
2026-07-22T12:00:00+08:00,1784692800000,10046.773612094137,10044.132509692145,0,2,2
2026-07-22T14:00:00+08:00,1784700000000,10048.416864190693,10044.132509692145,0,2,2
2026-07-22T16:00:00+08:00,1784707200000,10046.15739255793,10044.132509692145,0,2,2
2026-07-22T18:00:00+08:00,1784714400000,10046.054689301895,10044.132509692145,0,2,2
2026-07-22T20:00:00+08:00,1784721600000,10045.232114128417,10045.32352507676,0,1,1
2026-07-22T22:00:00+08:00,1784728800000,10043.76690210066,10045.32352507676,0,1,1
2026-07-23T00:00:00+08:00,1784736000000,10044.358128006597,10045.32352507676,0,1,1
2026-07-23T02:00:00+08:00,1784743200000,10045.797634560182,10045.32352507676,0,1,1
2026-07-23T04:00:00+08:00,1784750400000,10043.83856141735,10045.283525076758,0,2,2
2026-07-23T06:00:00+08:00,1784757600000,10043.941731088134,10044.80653201585,0,1,1
2026-07-23T08:00:00+08:00,1784764800000,10044.122156291072,10044.80653201585,0,1,1
2026-07-23T10:00:00+08:00,1784772000000,10045.509108047034,10044.766532015848,0,2,2
2026-07-23T12:00:00+08:00,1784779200000,10045.97234342356,10044.766532015848,0,2,2
2026-07-23T14:00:00+08:00,1784786400000,10047.87675552706,10044.766532015848,0,2,2
2026-07-23T16:00:00+08:00,1784793600000,10046.126755215737,10044.766532015848,0,2,2
2026-07-23T18:00:00+08:00,1784800800000,10045.715626121324,10045.138932479706,0,1,1
2026-07-23T20:00:00+08:00,1784808000000,10048.099532479706,10048.099532479706,0,0,0
2026-07-23T22:00:00+08:00,1784815200000,10048.099532479706,10048.099532479706,0,0,0
2026-07-24T00:00:00+08:00,1784822400000,10049.880491599202,10048.059532479705,0,1,1
2026-07-24T02:00:00+08:00,1784829600000,10049.697016756434,10048.059532479705,0,1,1
2026-07-24T04:00:00+08:00,1784836800000,10048.884485309894,10048.059532479705,0,1,1
2026-07-24T06:00:00+08:00,1784844000000,10048.85827461807,10048.85827461807,0,0,0
2026-07-24T08:00:00+08:00,1784851200000,10048.85827461807,10048.85827461807,0,0,0
2026-07-24T10:00:00+08:00,1784858400000,10048.85827461807,10048.85827461807,0,0,0
2026-07-24T12:00:00+08:00,1784865600000,10048.85827461807,10048.85827461807,0,0,0
2026-07-24T14:00:00+08:00,1784872800000,10048.85827461807,10048.85827461807,0,0,0
2026-07-24T16:00:00+08:00,1784880000000,10048.85827461807,10048.85827461807,0,0,0
2026-07-24T18:00:00+08:00,1784887200000,10048.85827461807,10048.85827461807,0,0,0
2026-07-24T20:00:00+08:00,1784894400000,10048.85827461807,10048.85827461807,0,0,0
2026-07-24T22:00:00+08:00,1784901600000,10048.85827461807,10048.85827461807,0,0,0
2026-07-25T00:00:00+08:00,1784908800000,10048.85827461807,10048.85827461807,0,0,0
2026-07-25T02:00:00+08:00,1784916000000,10048.85827461807,10048.85827461807,0,0,0
2026-07-25T04:00:00+08:00,1784923200000,10048.85827461807,10048.85827461807,0,0,0
2026-07-25T06:00:00+08:00,1784930400000,10048.85827461807,10048.85827461807,0,0,0
2026-07-25T08:00:00+08:00,1784937600000,10048.85827461807,10048.85827461807,0,0,0
2026-07-25T10:00:00+08:00,1784944800000,10048.85827461807,10048.85827461807,0,0,0
2026-07-25T12:00:00+08:00,1784952000000,10048.85827461807,10048.85827461807,0,0,0
2026-07-25T14:00:00+08:00,1784959200000,10048.85827461807,10048.85827461807,0,0,0
2026-07-25T16:00:00+08:00,1784966400000,10048.85827461807,10048.85827461807,0,0,0
2026-07-25T18:00:00+08:00,1784973600000,10048.85827461807,10048.85827461807,0,0,0
2026-07-25T20:00:00+08:00,1784980800000,10048.85827461807,10048.85827461807,0,0,0
2026-07-25T22:00:00+08:00,1784988000000,10048.85827461807,10048.85827461807,0,0,0
2026-07-26T00:00:00+08:00,1784995200000,10049.587610829618,10048.818274618068,1,0,1
2026-07-26T02:00:00+08:00,1785002400000,10049.965335782828,10048.778274618067,2,0,2
2026-07-26T04:00:00+08:00,1785009600000,10049.42690193346,10048.778274618067,2,0,2
2026-07-26T06:00:00+08:00,1785016800000,10049.803805628018,10048.778274618067,2,0,2
2026-07-26T08:00:00+08:00,1785024000000,10051.419107176125,10048.778274618067,2,0,2
2026-07-26T10:00:00+08:00,1785031200000,10052.5498182598,10048.778274618067,2,0,2
2026-07-26T12:00:00+08:00,1785038400000,10052.442131489926,10048.778274618067,2,0,2
2026-07-26T14:00:00+08:00,1785045600000,10051.688324100809,10048.778274618067,2,0,2
2026-07-26T16:00:00+08:00,1785052800000,10052.225634325181,10050.653703652066,1,0,1
2026-07-26T18:00:00+08:00,1785060000000,10051.530051709618,10050.613703652065,2,0,2
2026-07-26T20:00:00+08:00,1785067200000,10051.47674325854,10051.863248190557,1,0,1
2026-07-26T22:00:00+08:00,1785074400000,10052.942725663232,10051.863248190557,1,0,1
2026-07-27T00:00:00+08:00,1785081600000,10052.304657894245,10051.823248190556,2,0,2
2026-07-27T02:00:00+08:00,1785088800000,10052.038875169463,10051.823248190556,2,0,2
2026-07-27T04:00:00+08:00,1785096000000,10052.860447071384,10052.502912280132,1,0,1
2026-07-27T06:00:00+08:00,1785103200000,10058.559261753373,10055.63728317911,1,0,1
2026-07-27T08:00:00+08:00,1785110400000,10057.193131678381,10055.59728317911,2,0,2
2026-07-27T10:00:00+08:00,1785117600000,10056.563095048497,10055.59728317911,2,0,2
2026-07-27T12:00:00+08:00,1785124800000,10057.00645032929,10057.593643448916,1,0,1
2026-07-27T14:00:00+08:00,1785132000000,10056.745882177089,10057.593643448916,1,0,1
2026-07-27T16:00:00+08:00,1785139200000,10056.79799580753,10057.593643448916,1,0,1
2026-07-27T18:00:00+08:00,1785146400000,10056.85010943797,10057.593643448916,1,0,1
2026-07-27T20:00:00+08:00,1785153600000,10057.892382046779,10057.593643448916,1,0,1
2026-07-27T22:00:00+08:00,1785160800000,10053.593007535443,10057.593643448916,1,0,1
2026-07-28T00:00:00+08:00,1785168000000,10055.260643709536,10057.593643448916,1,0,1
2026-07-28T02:00:00+08:00,1785175200000,10055.469098231299,10057.593643448916,1,0,1
2026-07-28T04:00:00+08:00,1785182400000,10054.50499606815,10057.593643448916,1,0,1
2026-07-28T06:00:00+08:00,1785189600000,10057.399539252929,10057.399539252929,0,0,0
2026-07-28T08:00:00+08:00,1785196800000,10057.399539252929,10057.399539252929,0,0,0
2026-07-28T10:00:00+08:00,1785204000000,10057.10076686742,10057.359539252928,0,1,1
2026-07-28T12:00:00+08:00,1785211200000,10057.182806511984,10057.359539252928,0,1,1
2026-07-28T14:00:00+08:00,1785218400000,10057.07342031923,10057.359539252928,0,1,1
2026-07-28T16:00:00+08:00,1785225600000,10057.155459963797,10057.359539252928,0,1,1
2026-07-28T18:00:00+08:00,1785232800000,10057.182806511984,10057.182806511984,0,0,0
2026-07-28T20:00:00+08:00,1785240000000,10057.182806511984,10057.182806511984,0,0,0
2026-07-28T22:00:00+08:00,1785247200000,10057.182806511984,10057.182806511984,0,0,0
2026-07-29T00:00:00+08:00,1785254400000,10057.182806511984,10057.182806511984,0,0,0
2026-07-29T02:00:00+08:00,1785261600000,10057.182806511984,10057.182806511984,0,0,0
2026-07-29T04:00:00+08:00,1785268800000,10057.182806511984,10057.182806511984,0,0,0
2026-07-29T06:00:00+08:00,1785276000000,10057.182806511984,10057.182806511984,0,0,0
2026-07-29T08:00:00+08:00,1785283200000,10057.182806511984,10057.182806511984,0,0,0
2026-07-29T10:00:00+08:00,1785290400000,10057.182806511984,10057.182806511984,0,0,0
2026-07-29T12:00:00+08:00,1785297600000,10057.182806511984,10057.182806511984,0,0,0
2026-07-29T14:00:00+08:00,1785304800000,10057.182806511984,10057.182806511984,0,0,0
2026-07-29T16:00:00+08:00,1785312000000,10056.752519488671,10057.142806511984,1,0,1
2026-07-29T18:00:00+08:00,1785319200000,10055.728653489447,10057.102806511983,2,0,2
2026-07-29T20:00:00+08:00,1785326400000,10054.488172569343,10057.102806511983,2,0,2
2026-07-29T22:00:00+08:00,1785333600000,10052.89583352224,10055.634713263094,1,0,1
2026-07-30T00:00:00+08:00,1785340800000,10055.081926112332,10055.634713263094,1,0,1
2026-07-30T02:00:00+08:00,1785348000000,10048.516288014644,10055.594713263094,2,0,2
2026-07-30T04:00:00+08:00,1785355200000,10047.30731753214,10048.53033499879,0,1,1
2026-07-30T06:00:00+08:00,1785362400000,10044.566593547788,10048.490334998789,0,2,2
2026-07-30T08:00:00+08:00,1785369600000,10045.409945442396,10044.526593547787,1,0,1
2026-07-30T10:00:00+08:00,1785376800000,10043.6231401182,10044.486593547786,2,0,2
2026-07-30T12:00:00+08:00,1785384000000,10043.568953782797,10044.486593547786,2,0,2
2026-07-30T14:00:00+08:00,1785391200000,10042.105922726945,10044.486593547786,2,0,2
2026-07-30T16:00:00+08:00,1785398400000,10043.754687257899,10043.767658331162,1,0,1
2026-07-30T18:00:00+08:00,1785405600000,10044.67462605509,10043.727658331161,2,0,2
2026-07-30T20:00:00+08:00,1785412800000,10047.160951279584,10043.727658331161,2,0,2
2026-07-30T22:00:00+08:00,1785420000000,10047.052850182867,10043.727658331161,2,0,2
2026-07-31T00:00:00+08:00,1785427200000,10047.539305118093,10043.727658331161,2,0,2
2026-07-31T02:00:00+08:00,1785434400000,10047.647406214812,10043.727658331161,2,0,2
2026-07-31T04:00:00+08:00,1785441600000,10046.18804140913,10043.727658331161,2,0,2
2026-07-31T06:00:00+08:00,1785448800000,10046.133990860772,10044.958017887799,1,0,1
2026-07-31T08:00:00+08:00,1785456000000,10047.917417887798,10047.917417887798,0,0,0
2026-07-31T10:00:00+08:00,1785463200000,10047.917417887798,10047.917417887798,0,0,0
2026-07-31T12:00:00+08:00,1785470400000,10047.917417887798,10047.917417887798,0,0,0
2026-07-31T14:00:00+08:00,1785477600000,10047.917417887798,10047.917417887798,0,0,0
2026-07-31T16:00:00+08:00,1785484800000,10047.917417887798,10047.917417887798,0,0,0
2026-07-31T18:00:00+08:00,1785492000000,10047.619509391065,10047.877417887797,0,1,1
2026-07-31T20:00:00+08:00,1785499200000,10049.091140578015,10047.837417887797,0,2,2
2026-07-31T22:00:00+08:00,1785506400000,10050.01668491366,10047.837417887797,0,2,2
2026-08-01T00:00:00+08:00,1785513600000,10048.655590302418,10047.837417887797,0,2,2
2026-08-01T02:00:00+08:00,1785520800000,10049.39013130609,10048.124280632896,0,1,1
2026-08-01T04:00:00+08:00,1785528000000,10051.32993192554,10048.084280632895,0,2,2
2026-08-01T06:00:00+08:00,1785535200000,10050.565683042505,10048.084280632895,0,2,2
2026-08-01T08:00:00+08:00,1785542400000,10050.127360544124,10050.003056642687,0,1,1
2026-08-01T10:00:00+08:00,1785549600000,10050.072592576978,10050.003056642687,0,1,1
2026-08-01T12:00:00+08:00,1785556800000,10050.346432412707,10050.003056642687,0,1,1
2026-08-01T14:00:00+08:00,1785564000000,10050.291664445562,10050.003056642687,0,1,1
2026-08-01T16:00:00+08:00,1785571200000,10050.64765623201,10050.003056642687,0,1,1
2026-08-01T18:00:00+08:00,1785578400000,10050.510736314145,10050.003056642687,0,1,1
2026-08-01T20:00:00+08:00,1785585600000,10050.264280461988,10050.003056642687,0,1,1
2026-08-01T22:00:00+08:00,1785592800000,10050.784576149874,10050.003056642687,0,1,1
2026-08-02T00:00:00+08:00,1785600000000,10052.963656642687,10052.963656642687,0,0,0
2026-08-02T02:00:00+08:00,1785607200000,10052.963656642687,10052.963656642687,0,0,0
2026-08-02T04:00:00+08:00,1785614400000,10052.963656642687,10052.963656642687,0,0,0
2026-08-02T06:00:00+08:00,1785621600000,10052.963656642687,10052.963656642687,0,0,0
2026-08-02T08:00:00+08:00,1785628800000,10052.963656642687,10052.963656642687,0,0,0
2026-08-02T10:00:00+08:00,1785636000000,10052.963656642687,10052.963656642687,0,0,0
2026-08-02T12:00:00+08:00,1785643200000,10053.949599781014,10052.923656642686,1,0,1
2026-08-02T14:00:00+08:00,1785650400000,10053.188235003938,10052.883656642685,2,0,2
2026-08-02T16:00:00+08:00,1785657600000,10052.697598859957,10052.883656642685,2,0,2
2026-08-02T18:00:00+08:00,1785664800000,10050.571508902707,10052.883656642685,2,0,2
2026-08-02T20:00:00+08:00,1785672000000,10050.517291022747,10052.29701913585,1,0,1
2026-08-02T22:00:00+08:00,1785679200000,10050.680390533349,10052.29701913585,1,0,1
2026-08-03T00:00:00+08:00,1785686400000,10051.4687048346,10052.29701913585,1,0,1
2026-08-03T02:00:00+08:00,1785693600000,10053.649173242886,10052.25701913585,2,0,2
2026-08-03T04:00:00+08:00,1785700800000,10055.119873224008,10052.25701913585,2,0,2
2026-08-03T06:00:00+08:00,1785708000000,10053.049999176501,10052.25701913585,2,0,2
2026-08-03T08:00:00+08:00,1785715200000,10051.412668236131,10052.298568891152,1,0,1
2026-08-03T10:00:00+08:00,1785722400000,10051.13979705709,10052.298568891152,1,0,1
2026-08-03T12:00:00+08:00,1785729600000,10051.167084174995,10052.298568891152,1,0,1
2026-08-03T14:00:00+08:00,1785736800000,10050.048312340934,10052.298568891152,1,0,1
2026-08-03T16:00:00+08:00,1785744000000,10049.361043126086,10050.008312340933,0,1,1
2026-08-03T18:00:00+08:00,1785751200000,10050.879602873949,10049.968312340932,0,2,2
2026-08-03T20:00:00+08:00,1785758400000,10046.30441463006,10049.968312340932,0,2,2
2026-08-03T22:00:00+08:00,1785765600000,10045.368748100964,10047.830473235095,0,1,1
2026-08-04T00:00:00+08:00,1785772800000,10045.533364112924,10045.328748100963,1,0,1
2026-08-04T02:00:00+08:00,1785780000000,10047.191793071976,10045.288748100962,2,0,2
2026-08-04T04:00:00+08:00,1785787200000,10045.562015922864,10045.288748100962,2,0,2
2026-08-04T06:00:00+08:00,1785794400000,10044.692801443338,10045.288748100962,2,0,2
2026-08-04T08:00:00+08:00,1785801600000,10045.290054310024,10045.140029873424,1,0,1
2026-08-04T10:00:00+08:00,1785808800000,10044.748831450479,10045.100029873423,2,0,2
2026-08-04T12:00:00+08:00,1785816000000,10044.911532833718,10045.032883525337,1,0,1
2026-08-04T14:00:00+08:00,1785823200000,10044.721714553272,10045.032883525337,1,0,1
2026-08-04T16:00:00+08:00,1785830400000,10043.69127245943,10045.032883525337,1,0,1
2026-08-04T18:00:00+08:00,1785837600000,10045.42675388064,10045.032883525337,1,0,1
2026-08-04T20:00:00+08:00,1785844800000,10043.72150136228,10044.992883525336,2,0,2
2026-08-04T22:00:00+08:00,1785852000000,10044.66853789814,10044.573246964446,1,0,1
2026-08-05T00:00:00+08:00,1785859200000,10043.452478248428,10044.533246964445,2,0,2
2026-08-05T02:00:00+08:00,1785866400000,10044.561113812999,10044.060315976623,1,0,1
2026-08-05T04:00:00+08:00,1785873600000,10044.130131204263,10044.020315976622,2,0,2
2026-08-05T06:00:00+08:00,1785880800000,10042.078009058408,10044.020315976622,2,0,2
2026-08-05T08:00:00+08:00,1785888000000,10043.021725347513,10043.331358572972,1,0,1
2026-08-05T10:00:00+08:00,1785895200000,10041.241987635483,10043.291358572971,2,0,2
2026-08-05T12:00:00+08:00,1785902400000,10042.186883365184,10042.118899026045,1,0,1
2026-08-05T14:00:00+08:00,1785909600000,10041.189264186427,10042.078899026044,2,0,2
2026-08-05T16:00:00+08:00,1785916800000,10041.297190242289,10041.687949923844,1,0,1
2026-08-05T18:00:00+08:00,1785924000000,10040.676615421078,10041.687949923844,1,0,1
2026-08-05T20:00:00+08:00,1785931200000,10040.108382200739,10040.636615421077,0,1,1
2026-08-05T22:00:00+08:00,1785938400000,10040.19092848772,10040.596615421076,0,2,2
2026-08-06T00:00:00+08:00,1785945600000,10036.885820652411,10040.596615421076,0,2,2
2026-08-06T02:00:00+08:00,1785952800000,10036.510140972208,10036.79163855675,1,0,1
2026-08-06T04:00:00+08:00,1785960000000,10034.52395521968,10036.751638556749,2,0,2
2026-08-06T06:00:00+08:00,1785967200000,10034.309031164801,10035.557816763941,1,0,1
2026-08-06T08:00:00+08:00,1785974400000,10033.556897903114,10035.557816763941,1,0,1
2026-08-06T10:00:00+08:00,1785981600000,10034.128597737681,10033.49003600091,0,1,1
2026-08-06T12:00:00+08:00,1785988800000,10030.024675827335,10033.45003600091,0,2,2
2026-08-06T14:00:00+08:00,1785996000000,10030.977895704804,10032.080054996839,0,1,1
2026-08-06T16:00:00+08:00,1786003200000,10033.99446979468,10032.040054996838,0,2,2
2026-08-06T18:00:00+08:00,1786010400000,10033.233907737516,10032.040054996838,0,2,2
2026-08-06T20:00:00+08:00,1786017600000,10034.374750823261,10032.040054996838,0,2,2
2026-08-06T22:00:00+08:00,1786024800000,10034.048795655905,10032.040054996838,0,2,2
2026-08-07T00:00:00+08:00,1786032000000,10034.700705990615,10032.040054996838,0,2,2
2026-08-07T02:00:00+08:00,1786039200000,10037.364755484043,10034.478926664975,0,1,1
2026-08-07T04:00:00+08:00,1786046400000,10037.20220943854,10034.478926664975,0,1,1
2026-08-07T06:00:00+08:00,1786053600000,10037.439526664975,10037.439526664975,0,0,0
2026-08-07T08:00:00+08:00,1786060800000,10037.439526664975,10037.439526664975,0,0,0
2026-08-07T10:00:00+08:00,1786068000000,10037.439526664975,10037.439526664975,0,0,0
2026-08-07T12:00:00+08:00,1786075200000,10037.439526664975,10037.439526664975,0,0,0
2026-08-07T14:00:00+08:00,1786082400000,10037.439526664975,10037.439526664975,0,0,0
2026-08-07T16:00:00+08:00,1786089600000,10037.439526664975,10037.439526664975,0,0,0
2026-08-07T18:00:00+08:00,1786096800000,10037.439526664975,10037.439526664975,0,0,0
2026-08-07T20:00:00+08:00,1786104000000,10038.745495678293,10037.399526664974,1,0,1
2026-08-07T22:00:00+08:00,1786111200000,10037.446617135845,10037.359526664974,2,0,2
2026-08-08T00:00:00+08:00,1786118400000,10034.900706866127,10037.359526664974,2,0,2
2026-08-08T02:00:00+08:00,1786125600000,10036.520436724813,10036.83036113086,1,0,1
2026-08-08T04:00:00+08:00,1786132800000,10034.49566750051,10036.79036113086,2,0,2
2026-08-08T06:00:00+08:00,1786140000000,10034.522696427248,10035.50870886304,1,0,1
2026-08-08T08:00:00+08:00,1786147200000,10035.11733281546,10035.50870886304,1,0,1
2026-08-08T10:00:00+08:00,1786154400000,10040.258886596941,10035.46870886304,2,0,2
2026-08-08T12:00:00+08:00,1786161600000,10040.308139978537,10038.23588645741,1,0,1
2026-08-08T14:00:00+08:00,1786168800000,10040.714342578754,10038.23588645741,1,0,1
2026-08-08T16:00:00+08:00,1786176000000,10041.19528645741,10041.19528645741,0,0,0
2026-08-08T18:00:00+08:00,1786183200000,10041.19528645741,10041.19528645741,0,0,0
2026-08-08T20:00:00+08:00,1786190400000,10041.19528645741,10041.19528645741,0,0,0
2026-08-08T22:00:00+08:00,1786197600000,10041.19528645741,10041.19528645741,0,0,0
2026-08-09T00:00:00+08:00,1786204800000,10041.19528645741,10041.19528645741,0,0,0
2026-08-09T02:00:00+08:00,1786212000000,10041.19528645741,10041.19528645741,0,0,0
2026-08-09T04:00:00+08:00,1786219200000,10041.19528645741,10041.19528645741,0,0,0
2026-08-09T06:00:00+08:00,1786226400000,10041.19528645741,10041.19528645741,0,0,0
2026-08-09T08:00:00+08:00,1786233600000,10041.19528645741,10041.19528645741,0,0,0
2026-08-09T10:00:00+08:00,1786240800000,10041.19528645741,10041.19528645741,0,0,0
2026-08-09T12:00:00+08:00,1786248000000,10041.19528645741,10041.19528645741,0,0,0
2026-08-09T14:00:00+08:00,1786255200000,10041.19528645741,10041.19528645741,0,0,0
2026-08-09T16:00:00+08:00,1786262400000,10041.19528645741,10041.19528645741,0,0,0
2026-08-09T18:00:00+08:00,1786269600000,10041.19528645741,10041.19528645741,0,0,0
2026-08-09T20:00:00+08:00,1786276800000,10041.19528645741,10041.19528645741,0,0,0
2026-08-09T22:00:00+08:00,1786284000000,10041.19528645741,10041.19528645741,0,0,0
2026-08-10T00:00:00+08:00,1786291200000,10041.19528645741,10041.19528645741,0,0,0
2026-08-10T02:00:00+08:00,1786298400000,10041.19528645741,10041.19528645741,0,0,0
2026-08-10T04:00:00+08:00,1786305600000,10041.19528645741,10041.19528645741,0,0,0
2026-08-10T06:00:00+08:00,1786312800000,10041.19528645741,10041.19528645741,0,0,0
2026-08-10T08:00:00+08:00,1786320000000,10041.19528645741,10041.19528645741,0,0,0
2026-08-10T10:00:00+08:00,1786327200000,10041.869859818491,10041.15528645741,0,1,1
2026-08-10T12:00:00+08:00,1786334400000,10040.512608361538,10041.115286457409,0,2,2
2026-08-10T14:00:00+08:00,1786341600000,10039.939127172178,10041.115286457409,0,2,2
2026-08-10T16:00:00+08:00,1786348800000,10042.180917276046,10041.115286457409,0,2,2
2026-08-10T18:00:00+08:00,1786356000000,10039.626319250709,10041.115286457409,0,2,2
2026-08-10T20:00:00+08:00,1786363200000,10041.532705673684,10040.737029433476,0,1,1
2026-08-10T22:00:00+08:00,1786370400000,10043.310817056872,10040.697029433475,0,2,2
2026-08-11T00:00:00+08:00,1786377600000,10043.206131542547,10040.697029433475,0,2,2
2026-08-11T02:00:00+08:00,1786384800000,10042.106933642139,10040.697029433475,0,2,2
2026-08-11T04:00:00+08:00,1786392000000,10041.478820556189,10040.697029433475,0,2,2
2026-08-11T06:00:00+08:00,1786399200000,10042.317999553026,10041.544935438696,0,1,1
2026-08-11T08:00:00+08:00,1786406400000,10041.63343236565,10041.504935438696,0,2,2
2026-08-11T10:00:00+08:00,1786413600000,10041.738785887705,10041.989492931812,0,1,1
2026-08-11T12:00:00+08:00,1786420800000,10042.423583781056,10041.989492931812,0,1,1
2026-08-11T14:00:00+08:00,1786428000000,10042.923716419387,10041.949492931812,0,2,2
2026-08-11T16:00:00+08:00,1786435200000,10041.921669134992,10041.949492931812,0,2,2
2026-08-11T18:00:00+08:00,1786442400000,10041.07683872718,10042.172876736946,0,1,1
2026-08-11T20:00:00+08:00,1786449600000,10041.604857732063,10042.172876736946,0,1,1
2026-08-11T22:00:00+08:00,1786456800000,10045.133476736946,10045.133476736946,0,0,0
2026-08-12T00:00:00+08:00,1786464000000,10045.133476736946,10045.133476736946,0,0,0
2026-08-12T02:00:00+08:00,1786471200000,10043.748636481354,10045.093476736945,0,1,1
2026-08-12T04:00:00+08:00,1786478400000,10043.748636481354,10043.748636481354,0,0,0
2026-08-12T06:00:00+08:00,1786485600000,10043.748636481354,10043.748636481354,0,0,0
2026-08-12T08:00:00+08:00,1786492800000,10044.009507186835,10043.708636481353,1,0,1
2026-08-12T10:00:00+08:00,1786500000000,10043.983286363336,10043.708636481353,1,0,1
2026-08-12T12:00:00+08:00,1786507200000,10043.72107812835,10043.708636481353,1,0,1
2026-08-12T14:00:00+08:00,1786514400000,10043.326469495694,10043.668636481352,2,0,2
2026-08-12T16:00:00+08:00,1786521600000,10045.790903784817,10043.668636481352,2,0,2
2026-08-12T18:00:00+08:00,1786528800000,10046.315251505905,10043.668636481352,2,0,2
2026-08-12T20:00:00+08:00,1786536000000,10043.16916517937,10043.668636481352,2,0,2
2026-08-12T22:00:00+08:00,1786543200000,10041.93710959468,10043.445090716863,1,0,1
2026-08-13T00:00:00+08:00,1786550400000,10041.381723806155,10041.87089564607,0,1,1
2026-08-13T02:00:00+08:00,1786557600000,10042.067178037008,10041.83089564607,0,2,2
2026-08-13T04:00:00+08:00,1786564800000,10043.703606829547,10041.83089564607,0,2,2
2026-08-13T06:00:00+08:00,1786572000000,10042.858998420495,10041.83089564607,0,2,2
2026-08-13T08:00:00+08:00,1786579200000,10042.806210394929,10041.83089564607,0,2,2
2026-08-13T10:00:00+08:00,1786586400000,10039.533352809856,10041.83089564607,0,2,2
2026-08-13T12:00:00+08:00,1786593600000,10038.82146668886,10040.46980199926,0,1,1
2026-08-13T14:00:00+08:00,1786600800000,10039.006029757267,10040.46980199926,0,1,1
2026-08-13T16:00:00+08:00,1786608000000,10038.16711861998,10038.966029757266,1,0,1
2026-08-13T18:00:00+08:00,1786615200000,10038.16711861998,10038.16711861998,0,0,0
2026-08-13T20:00:00+08:00,1786622400000,10036.605340842201,10038.12711861998,0,1,1
2026-08-13T22:00:00+08:00,1786629600000,10036.631801159661,10036.631801159661,0,0,0
2026-08-14T00:00:00+08:00,1786636800000,10036.234277350137,10036.59180115966,0,1,1
2026-08-14T02:00:00+08:00,1786644000000,10035.070023381882,10036.59180115966,0,1,1
2026-08-14T04:00:00+08:00,1786651200000,10035.096483699343,10035.096483699343,0,0,0
2026-08-14T06:00:00+08:00,1786658400000,10035.173994530378,10035.056483699342,1,0,1
2026-08-14T08:00:00+08:00,1786665600000,10034.70146203727,10035.056483699342,1,0,1
2026-08-14T10:00:00+08:00,1786672800000,10034.727713842443,10034.727713842443,0,0,0
2026-08-14T12:00:00+08:00,1786680000000,10034.225019706151,10034.687713842442,0,1,1
2026-08-14T14:00:00+08:00,1786687200000,10035.992356856224,10034.647713842442,0,2,2
2026-08-14T16:00:00+08:00,1786694400000,10036.41460534767,10034.647713842442,0,2,2
2026-08-14T18:00:00+08:00,1786701600000,10036.150700040516,10034.647713842442,0,2,2
2026-08-14T20:00:00+08:00,1786708800000,10037.10075914627,10034.647713842442,0,2,2
2026-08-14T22:00:00+08:00,1786716000000,10035.57010836478,10034.647713842442,0,2,2
2026-08-15T00:00:00+08:00,1786723200000,10036.545583153147,10034.92473444466,0,1,1
2026-08-15T02:00:00+08:00,1786730400000,10038.001019085033,10034.884734444659,0,2,2
2026-08-15T04:00:00+08:00,1786737600000,10037.04798988593,10034.884734444659,0,2,2
2026-08-15T06:00:00+08:00,1786744800000,10036.463376045227,10036.76920993227,0,1,1
2026-08-15T08:00:00+08:00,1786752000000,10036.410209267819,10036.76920993227,0,1,1
2026-08-15T10:00:00+08:00,1786759200000,10036.436792656523,10036.76920993227,0,1,1
2026-08-15T12:00:00+08:00,1786766400000,10036.596292988748,10036.76920993227,0,1,1
2026-08-15T14:00:00+08:00,1786773600000,10036.862126875792,10036.76920993227,0,1,1
2026-08-15T16:00:00+08:00,1786780800000,10036.888710264497,10036.76920993227,0,1,1
2026-08-15T18:00:00+08:00,1786788000000,10036.835543487088,10036.76920993227,0,1,1
2026-08-15T20:00:00+08:00,1786795200000,10036.011458437253,10036.76920993227,0,1,1
2026-08-15T22:00:00+08:00,1786802400000,10035.852116782917,10035.998041825957,1,0,1
2026-08-16T00:00:00+08:00,1786809600000,10036.487247650302,10035.958041825956,2,0,2
2026-08-16T02:00:00+08:00,1786816800000,10035.957517183666,10035.958041825956,2,0,2
2026-08-16T04:00:00+08:00,1786824000000,10036.328328510312,10035.958041825956,2,0,2
2026-08-16T06:00:00+08:00,1786831200000,10034.845083203729,10035.958041825956,2,0,2
2026-08-16T08:00:00+08:00,1786838400000,10035.057017490957,10035.361935349993,1,0,1
2026-08-16T10:00:00+08:00,1786845600000,10035.427902493606,10035.361935349993,1,0,1
2026-08-16T12:00:00+08:00,1786852800000,10034.262107554032,10035.321935349992,2,0,2
2026-08-16T14:00:00+08:00,1786860000000,10034.526832503203,10034.831574989632,1,0,1
2026-08-16T16:00:00+08:00,1786867200000,10033.705062172407,10034.791574989631,2,0,2
2026-08-16T18:00:00+08:00,1786874400000,10033.546006093922,10034.1161930222,1,0,1
2026-08-16T20:00:00+08:00,1786881600000,10033.652043479578,10034.1161930222,1,0,1
2026-08-16T22:00:00+08:00,1786888800000,10034.314777139925,10034.1161930222,1,0,1
2026-08-17T00:00:00+08:00,1786896000000,10032.671778634634,10034.0761930222,2,0,2
2026-08-17T02:00:00+08:00,1786903200000,10032.53940739142,10033.506006093921,1,0,1
2026-08-17T04:00:00+08:00,1786910400000,10030.1831992622,10033.506006093921,1,0,1
2026-08-17T06:00:00+08:00,1786917600000,10029.322670086252,10030.116725013555,0,1,1
2026-08-17T08:00:00+08:00,1786924800000,10026.581424064078,10030.076725013554,0,2,2
2026-08-17T10:00:00+08:00,1786932000000,10025.481271146573,10027.963073963474,0,1,1
2026-08-17T12:00:00+08:00,1786939200000,10025.749601126452,10027.963073963474,0,1,1
2026-08-17T14:00:00+08:00,1786946400000,10026.73139630095,10025.73643412444,1,0,1
2026-08-17T16:00:00+08:00,1786953600000,10024.348800329233,10025.696434124438,2,0,2
2026-08-17T18:00:00+08:00,1786960800000,10025.272848051962,10025.576821649322,1,0,1
2026-08-17T20:00:00+08:00,1786968000000,10024.875870370743,10025.53682164932,2,0,2
2026-08-17T22:00:00+08:00,1786975200000,10027.306032593417,10025.53682164932,2,0,2
2026-08-18T00:00:00+08:00,1786982400000,10026.35509954976,10025.53682164932,2,0,2
2026-08-18T02:00:00+08:00,1786989600000,10025.826803414398,10025.53682164932,2,0,2
2026-08-18T04:00:00+08:00,1786996800000,10026.196889861669,10025.523219009057,1,0,1
2026-08-18T06:00:00+08:00,1787004000000,10026.380742384621,10025.483219009056,2,0,2
2026-08-18T08:00:00+08:00,1787011200000,10025.3799828576,10026.31548338447,1,0,1
2026-08-18T10:00:00+08:00,1787018400000,10025.063923848114,10026.31548338447,1,0,1
2026-08-18T12:00:00+08:00,1787025600000,10025.643365365502,10026.31548338447,1,0,1
2026-08-18T14:00:00+08:00,1787032800000,10026.617880644742,10026.31548338447,1,0,1
2026-08-18T16:00:00+08:00,1787040000000,10025.77479856518,10026.275483384468,2,0,2
2026-08-18T18:00:00+08:00,1787047200000,10026.721230329576,10026.209145133678,1,0,1
2026-08-18T20:00:00+08:00,1787054400000,10026.142482902373,10026.169145133677,2,0,2
2026-08-18T22:00:00+08:00,1787061600000,10031.287847447047,10026.169145133677,2,0,2
2026-08-19T00:00:00+08:00,1787068800000,10029.660232131895,10026.169145133677,2,0,2
2026-08-19T02:00:00+08:00,1787076000000,10031.609832170314,10029.42164653843,1,0,1
2026-08-19T04:00:00+08:00,1787083200000,10031.164195043937,10029.42164653843,1,0,1
2026-08-19T06:00:00+08:00,1787090400000,10031.137981095326,10031.137981095326,0,0,0
2026-08-19T08:00:00+08:00,1787097600000,10031.137981095326,10031.137981095326,0,0,0
2026-08-19T10:00:00+08:00,1787104800000,10031.137981095326,10031.137981095326,0,0,0
2026-08-19T12:00:00+08:00,1787112000000,10031.137981095326,10031.137981095326,0,0,0
2026-08-19T14:00:00+08:00,1787119200000,10031.137981095326,10031.137981095326,0,0,0
2026-08-19T16:00:00+08:00,1787126400000,10031.137981095326,10031.137981095326,0,0,0
2026-08-19T18:00:00+08:00,1787133600000,10031.137981095326,10031.137981095326,0,0,0
2026-08-19T20:00:00+08:00,1787140800000,10031.137981095326,10031.137981095326,0,0,0
2026-08-19T22:00:00+08:00,1787148000000,10031.137981095326,10031.137981095326,0,0,0
2026-08-20T00:00:00+08:00,1787155200000,10031.137981095326,10031.137981095326,0,0,0
2026-08-20T02:00:00+08:00,1787162400000,10031.137981095326,10031.137981095326,0,0,0
2026-08-20T04:00:00+08:00,1787169600000,10031.137981095326,10031.137981095326,0,0,0
2026-08-20T06:00:00+08:00,1787176800000,10031.137981095326,10031.137981095326,0,0,0
2026-08-20T08:00:00+08:00,1787184000000,10031.137981095326,10031.137981095326,0,0,0
2026-08-20T10:00:00+08:00,1787191200000,10031.137981095326,10031.137981095326,0,0,0
2026-08-20T12:00:00+08:00,1787198400000,10031.137981095326,10031.137981095326,0,0,0
2026-08-20T14:00:00+08:00,1787205600000,10031.137981095326,10031.137981095326,0,0,0
2026-08-20T16:00:00+08:00,1787212800000,10031.137981095326,10031.137981095326,0,0,0
2026-08-20T18:00:00+08:00,1787220000000,10031.137981095326,10031.137981095326,0,0,0
2026-08-20T20:00:00+08:00,1787227200000,10031.137981095326,10031.137981095326,0,0,0
2026-08-20T22:00:00+08:00,1787234400000,10031.137981095326,10031.137981095326,0,0,0
2026-08-21T00:00:00+08:00,1787241600000,10031.137981095326,10031.137981095326,0,0,0
2026-08-21T02:00:00+08:00,1787248800000,10031.137981095326,10031.137981095326,0,0,0
2026-08-21T04:00:00+08:00,1787256000000,10031.137981095326,10031.137981095326,0,0,0
2026-08-21T06:00:00+08:00,1787263200000,10031.137981095326,10031.137981095326,0,0,0
2026-08-21T08:00:00+08:00,1787270400000,10031.137981095326,10031.137981095326,0,0,0
2026-08-21T10:00:00+08:00,1787277600000,10031.137981095326,10031.137981095326,0,0,0
2026-08-21T12:00:00+08:00,1787284800000,10031.137981095326,10031.137981095326,0,0,0
2026-08-21T14:00:00+08:00,1787292000000,10031.137981095326,10031.137981095326,0,0,0
2026-08-21T16:00:00+08:00,1787299200000,10031.137981095326,10031.137981095326,0,0,0
2026-08-21T18:00:00+08:00,1787306400000,10031.137981095326,10031.137981095326,0,0,0
2026-08-21T20:00:00+08:00,1787313600000,10031.137981095326,10031.137981095326,0,0,0
2026-08-21T22:00:00+08:00,1787320800000,10031.137981095326,10031.137981095326,0,0,0
2026-08-22T00:00:00+08:00,1787328000000,10031.137981095326,10031.137981095326,0,0,0
2026-08-22T02:00:00+08:00,1787335200000,10031.137981095326,10031.137981095326,0,0,0
2026-08-22T04:00:00+08:00,1787342400000,10031.137981095326,10031.137981095326,0,0,0
2026-08-22T06:00:00+08:00,1787349600000,10031.137981095326,10031.137981095326,0,0,0
2026-08-22T08:00:00+08:00,1787356800000,10031.137981095326,10031.137981095326,0,0,0
2026-08-22T10:00:00+08:00,1787364000000,10031.137981095326,10031.137981095326,0,0,0
2026-08-22T12:00:00+08:00,1787371200000,10031.137981095326,10031.137981095326,0,0,0
2026-08-22T14:00:00+08:00,1787378400000,10031.137981095326,10031.137981095326,0,0,0
2026-08-22T16:00:00+08:00,1787385600000,10031.137981095326,10031.137981095326,0,0,0
2026-08-22T18:00:00+08:00,1787392800000,10031.137981095326,10031.137981095326,0,0,0
2026-08-22T20:00:00+08:00,1787400000000,10029.321485542865,10031.097981095325,0,1,1
2026-08-22T22:00:00+08:00,1787407200000,10033.745153135105,10031.057981095324,0,2,2
2026-08-23T00:00:00+08:00,1787414400000,10028.622391841967,10031.057981095324,0,2,2
2026-08-23T02:00:00+08:00,1787421600000,10027.725908615668,10031.057981095324,0,2,2
2026-08-23T04:00:00+08:00,1787428800000,10034.812395071176,10031.057981095324,0,2,2
2026-08-23T06:00:00+08:00,1787436000000,10030.543427326895,10031.057981095324,0,2,2
2026-08-23T08:00:00+08:00,1787443200000,10021.279767321805,10031.057981095324,0,2,2
2026-08-23T10:00:00+08:00,1787450400000,10026.061159233654,10025.251100803822,0,1,1
2026-08-23T12:00:00+08:00,1787457600000,10031.592666610195,10028.601757519285,0,1,1
2026-08-23T14:00:00+08:00,1787464800000,10031.592666610195,10031.592666610195,0,0,0
2026-08-23T16:00:00+08:00,1787472000000,10031.592666610195,10031.592666610195,0,0,0
2026-08-23T18:00:00+08:00,1787479200000,10031.592666610195,10031.592666610195,0,0,0
2026-08-23T20:00:00+08:00,1787486400000,10031.592666610195,10031.592666610195,0,0,0
2026-08-23T22:00:00+08:00,1787493600000,10031.592666610195,10031.592666610195,0,0,0
2026-08-24T00:00:00+08:00,1787500800000,10031.592666610195,10031.592666610195,0,0,0
2026-08-24T02:00:00+08:00,1787508000000,10031.592666610195,10031.592666610195,0,0,0
2026-08-24T04:00:00+08:00,1787515200000,10031.592666610195,10031.592666610195,0,0,0
2026-08-24T06:00:00+08:00,1787522400000,10031.592666610195,10031.592666610195,0,0,0
2026-08-24T08:00:00+08:00,1787529600000,10031.592666610195,10031.592666610195,0,0,0
2026-08-24T10:00:00+08:00,1787536800000,10031.592666610195,10031.592666610195,0,0,0
2026-08-24T12:00:00+08:00,1787544000000,10031.592666610195,10031.592666610195,0,0,0
2026-08-24T14:00:00+08:00,1787551200000,10031.592666610195,10031.592666610195,0,0,0
2026-08-24T16:00:00+08:00,1787558400000,10031.592666610195,10031.592666610195,0,0,0
2026-08-24T18:00:00+08:00,1787565600000,10031.592666610195,10031.592666610195,0,0,0
2026-08-24T20:00:00+08:00,1787572800000,10031.592666610195,10031.592666610195,0,0,0
2026-08-24T22:00:00+08:00,1787580000000,10031.592666610195,10031.592666610195,0,0,0
2026-08-25T00:00:00+08:00,1787587200000,10031.592666610195,10031.592666610195,0,0,0
2026-08-25T02:00:00+08:00,1787594400000,10031.592666610195,10031.592666610195,0,0,0
2026-08-25T04:00:00+08:00,1787601600000,10031.592666610195,10031.592666610195,0,0,0
2026-08-25T06:00:00+08:00,1787608800000,10034.512066610194,10034.512066610194,0,0,0
2026-08-25T08:00:00+08:00,1787616000000,10034.512066610194,10034.512066610194,0,0,0
2026-08-25T10:00:00+08:00,1787623200000,10034.512066610194,10034.512066610194,0,0,0
2026-08-25T12:00:00+08:00,1787630400000,10034.512066610194,10034.512066610194,0,0,0
2026-08-25T14:00:00+08:00,1787637600000,10034.512066610194,10034.512066610194,0,0,0
2026-08-25T16:00:00+08:00,1787644800000,10034.512066610194,10034.512066610194,0,0,0
2026-08-25T18:00:00+08:00,1787652000000,10034.512066610194,10034.512066610194,0,0,0
2026-08-25T20:00:00+08:00,1787659200000,10034.512066610194,10034.512066610194,0,0,0
2026-08-25T22:00:00+08:00,1787666400000,10031.918949526473,10034.472066610193,0,1,1
2026-08-26T00:00:00+08:00,1787673600000,10032.575924621307,10034.432066610192,0,2,2
2026-08-26T02:00:00+08:00,1787680800000,10033.68138726356,10034.432066610192,0,2,2
2026-08-26T04:00:00+08:00,1787688000000,10038.563931491464,10036.162682635571,0,1,1
2026-08-26T06:00:00+08:00,1787695200000,10039.123282635572,10039.123282635572,0,0,0
2026-08-26T08:00:00+08:00,1787702400000,10039.123282635572,10039.123282635572,0,0,0
2026-08-26T10:00:00+08:00,1787709600000,10039.123282635572,10039.123282635572,0,0,0
2026-08-26T12:00:00+08:00,1787716800000,10039.123282635572,10039.123282635572,0,0,0
2026-08-26T14:00:00+08:00,1787724000000,10039.123282635572,10039.123282635572,0,0,0
2026-08-26T16:00:00+08:00,1787731200000,10039.123282635572,10039.123282635572,0,0,0
2026-08-26T18:00:00+08:00,1787738400000,10039.123282635572,10039.123282635572,0,0,0
2026-08-26T20:00:00+08:00,1787745600000,10039.123282635572,10039.123282635572,0,0,0
2026-08-26T22:00:00+08:00,1787752800000,10039.123282635572,10039.123282635572,0,0,0
2026-08-27T00:00:00+08:00,1787760000000,10039.123282635572,10039.123282635572,0,0,0
2026-08-27T02:00:00+08:00,1787767200000,10039.123282635572,10039.123282635572,0,0,0
2026-08-27T04:00:00+08:00,1787774400000,10039.123282635572,10039.123282635572,0,0,0
2026-08-27T06:00:00+08:00,1787781600000,10039.123282635572,10039.123282635572,0,0,0
2026-08-27T08:00:00+08:00,1787788800000,10037.808598719075,10039.08328263557,1,0,1
2026-08-27T10:00:00+08:00,1787796000000,10036.352465971251,10039.04328263557,2,0,2
2026-08-27T12:00:00+08:00,1787803200000,10040.00904727261,10039.04328263557,2,0,2
2026-08-27T14:00:00+08:00,1787810400000,10039.104731466898,10039.04328263557,2,0,2
2026-08-27T16:00:00+08:00,1787817600000,10047.171236678176,10041.374140031234,1,0,1
2026-08-27T18:00:00+08:00,1787824800000,10047.151516757072,10047.151516757072,0,0,0
2026-08-27T20:00:00+08:00,1787832000000,10047.151516757072,10047.151516757072,0,0,0
2026-08-27T22:00:00+08:00,1787839200000,10047.151516757072,10047.151516757072,0,0,0
2026-08-28T00:00:00+08:00,1787846400000,10047.151516757072,10047.151516757072,0,0,0
2026-08-28T02:00:00+08:00,1787853600000,10047.151516757072,10047.151516757072,0,0,0
2026-08-28T04:00:00+08:00,1787860800000,10047.151516757072,10047.151516757072,0,0,0
2026-08-28T06:00:00+08:00,1787868000000,10047.151516757072,10047.151516757072,0,0,0
2026-08-28T08:00:00+08:00,1787875200000,10047.151516757072,10047.151516757072,0,0,0
2026-08-28T10:00:00+08:00,1787882400000,10047.151516757072,10047.151516757072,0,0,0
2026-08-28T12:00:00+08:00,1787889600000,10047.151516757072,10047.151516757072,0,0,0
2026-08-28T14:00:00+08:00,1787896800000,10047.151516757072,10047.151516757072,0,0,0
2026-08-28T16:00:00+08:00,1787904000000,10047.151516757072,10047.151516757072,0,0,0
2026-08-28T18:00:00+08:00,1787911200000,10047.317103686904,10047.111516757072,0,1,1
2026-08-28T20:00:00+08:00,1787918400000,10049.751297536402,10047.07151675707,0,2,2
2026-08-28T22:00:00+08:00,1787925600000,10051.23852086186,10050.162458450512,0,1,1
2026-08-29T00:00:00+08:00,1787932800000,10053.123058450512,10053.123058450512,0,0,0
2026-08-29T02:00:00+08:00,1787940000000,10053.123058450512,10053.123058450512,0,0,0
2026-08-29T04:00:00+08:00,1787947200000,10053.123058450512,10053.123058450512,0,0,0
2026-08-29T06:00:00+08:00,1787954400000,10053.123058450512,10053.123058450512,0,0,0
2026-08-29T08:00:00+08:00,1787961600000,10053.123058450512,10053.123058450512,0,0,0
2026-08-29T10:00:00+08:00,1787968800000,10053.123058450512,10053.123058450512,0,0,0
2026-08-29T12:00:00+08:00,1787976000000,10053.123058450512,10053.123058450512,0,0,0
2026-08-29T14:00:00+08:00,1787983200000,10053.123058450512,10053.123058450512,0,0,0
2026-08-29T16:00:00+08:00,1787990400000,10053.123058450512,10053.123058450512,0,0,0
2026-08-29T18:00:00+08:00,1787997600000,10053.123058450512,10053.123058450512,0,0,0
2026-08-29T20:00:00+08:00,1788004800000,10053.123058450512,10053.123058450512,0,0,0
2026-08-29T22:00:00+08:00,1788012000000,10053.123058450512,10053.123058450512,0,0,0
2026-08-30T00:00:00+08:00,1788019200000,10053.123058450512,10053.123058450512,0,0,0
2026-08-30T02:00:00+08:00,1788026400000,10053.123058450512,10053.123058450512,0,0,0
2026-08-30T04:00:00+08:00,1788033600000,10053.123058450512,10053.123058450512,0,0,0
2026-08-30T06:00:00+08:00,1788040800000,10053.123058450512,10053.123058450512,0,0,0
2026-08-30T08:00:00+08:00,1788048000000,10053.123058450512,10053.123058450512,0,0,0
2026-08-30T10:00:00+08:00,1788055200000,10053.123058450512,10053.123058450512,0,0,0
2026-08-30T12:00:00+08:00,1788062400000,10053.123058450512,10053.123058450512,0,0,0
2026-08-30T14:00:00+08:00,1788069600000,10053.123058450512,10053.123058450512,0,0,0
2026-08-30T16:00:00+08:00,1788076800000,10053.123058450512,10053.123058450512,0,0,0
2026-08-30T18:00:00+08:00,1788084000000,10053.123058450512,10053.123058450512,0,0,0
2026-08-30T20:00:00+08:00,1788091200000,10053.123058450512,10053.123058450512,0,0,0
2026-08-30T22:00:00+08:00,1788098400000,10051.529908226295,10053.083058450511,1,0,1
2026-08-31T00:00:00+08:00,1788105600000,10051.824949975118,10053.04305845051,2,0,2
2026-08-31T02:00:00+08:00,1788112800000,10049.649707831939,10053.04305845051,2,0,2
2026-08-31T04:00:00+08:00,1788120000000,10047.07091464734,10050.593226611945,1,0,1
2026-08-31T06:00:00+08:00,1788127200000,10050.010337955257,10050.010337955257,0,0,0
2026-08-31T08:00:00+08:00,1788134400000,10050.010337955257,10050.010337955257,0,0,0
2026-08-31T10:00:00+08:00,1788141600000,10050.010337955257,10050.010337955257,0,0,0
2026-08-31T12:00:00+08:00,1788148800000,10048.575665269025,10049.970337955256,0,1,1
2026-08-31T14:00:00+08:00,1788156000000,10048.575665269025,10048.575665269025,0,0,0
2026-08-31T16:00:00+08:00,1788163200000,10048.575665269025,10048.575665269025,0,0,0
2026-08-31T18:00:00+08:00,1788170400000,10048.575665269025,10048.575665269025,0,0,0
2026-08-31T20:00:00+08:00,1788177600000,10048.575665269025,10048.575665269025,0,0,0
2026-08-31T22:00:00+08:00,1788184800000,10048.575665269025,10048.575665269025,0,0,0
2026-09-01T00:00:00+08:00,1788192000000,10048.575665269025,10048.575665269025,0,0,0
2026-09-01T02:00:00+08:00,1788199200000,10048.575665269025,10048.575665269025,0,0,0
2026-09-01T04:00:00+08:00,1788206400000,10048.575665269025,10048.575665269025,0,0,0
2026-09-01T06:00:00+08:00,1788213600000,10048.575665269025,10048.575665269025,0,0,0
2026-09-01T08:00:00+08:00,1788220800000,10048.575665269025,10048.575665269025,0,0,0
2026-09-01T10:00:00+08:00,1788228000000,10048.575665269025,10048.575665269025,0,0,0
2026-09-01T12:00:00+08:00,1788235200000,10048.575665269025,10048.575665269025,0,0,0
2026-09-01T14:00:00+08:00,1788242400000,10046.251725119399,10048.535665269024,1,0,1
2026-09-01T16:00:00+08:00,1788249600000,10046.270904095036,10046.270904095036,0,0,0
2026-09-01T18:00:00+08:00,1788256800000,10045.562711749599,10046.230904095035,0,1,1
2026-09-01T20:00:00+08:00,1788264000000,10046.81553101586,10046.190904095034,0,2,2
2026-09-01T22:00:00+08:00,1788271200000,10046.423525349313,10046.190904095034,0,2,2
2026-09-02T00:00:00+08:00,1788278400000,10052.129428885164,10048.84260438898,0,1,1
2026-09-02T02:00:00+08:00,1788285600000,10052.109859329305,10052.109859329305,0,0,0
2026-09-02T04:00:00+08:00,1788292800000,10052.109859329305,10052.109859329305,0,0,0
2026-09-02T06:00:00+08:00,1788300000000,10052.109859329305,10052.109859329305,0,0,0
2026-09-02T08:00:00+08:00,1788307200000,10052.109859329305,10052.109859329305,0,0,0
2026-09-02T10:00:00+08:00,1788314400000,10052.109859329305,10052.109859329305,0,0,0
2026-09-02T12:00:00+08:00,1788321600000,10052.109859329305,10052.109859329305,0,0,0
2026-09-02T14:00:00+08:00,1788328800000,10052.109859329305,10052.109859329305,0,0,0
2026-09-02T16:00:00+08:00,1788336000000,10052.109859329305,10052.109859329305,0,0,0
2026-09-02T18:00:00+08:00,1788343200000,10052.109859329305,10052.109859329305,0,0,0
2026-09-02T20:00:00+08:00,1788350400000,10052.109859329305,10052.109859329305,0,0,0
2026-09-02T22:00:00+08:00,1788357600000,10052.109859329305,10052.109859329305,0,0,0
2026-09-03T00:00:00+08:00,1788364800000,10052.109859329305,10052.109859329305,0,0,0
2026-09-03T02:00:00+08:00,1788372000000,10052.109859329305,10052.109859329305,0,0,0
2026-09-03T04:00:00+08:00,1788379200000,10052.109859329305,10052.109859329305,0,0,0
2026-09-03T06:00:00+08:00,1788386400000,10052.109859329305,10052.109859329305,0,0,0
2026-09-03T08:00:00+08:00,1788393600000,10051.492011152375,10052.069859329304,1,0,1
2026-09-03T10:00:00+08:00,1788400800000,10052.868254942057,10052.029859329303,2,0,2
2026-09-03T12:00:00+08:00,1788408000000,10054.224730054115,10052.029859329303,2,0,2
2026-09-03T14:00:00+08:00,1788415200000,10052.389499020155,10052.029859329303,2,0,2
2026-09-03T16:00:00+08:00,1788422400000,10051.471883503176,10052.029859329303,2,0,2
2026-09-03T18:00:00+08:00,1788429600000,10052.710396989689,10051.471931455224,1,0,1
2026-09-03T20:00:00+08:00,1788436800000,10056.357736351132,10055.028011343686,1,0,1
2026-09-03T22:00:00+08:00,1788444000000,10057.987411343685,10057.987411343685,0,0,0
2026-09-04T00:00:00+08:00,1788451200000,10057.987411343685,10057.987411343685,0,0,0
2026-09-04T02:00:00+08:00,1788458400000,10058.307179051224,10057.947411343685,1,0,1
2026-09-04T04:00:00+08:00,1788465600000,10058.116813476205,10057.947411343685,1,0,1
2026-09-04T06:00:00+08:00,1788472800000,10055.680134115963,10057.947411343685,1,0,1
2026-09-04T08:00:00+08:00,1788480000000,10055.680134115963,10055.680134115963,0,0,0
2026-09-04T10:00:00+08:00,1788487200000,10055.680134115963,10055.680134115963,0,0,0
2026-09-04T12:00:00+08:00,1788494400000,10055.680134115963,10055.680134115963,0,0,0
2026-09-04T14:00:00+08:00,1788501600000,10055.680134115963,10055.680134115963,0,0,0
2026-09-04T16:00:00+08:00,1788508800000,10055.680134115963,10055.680134115963,0,0,0
2026-09-04T18:00:00+08:00,1788516000000,10055.680134115963,10055.680134115963,0,0,0
2026-09-04T20:00:00+08:00,1788523200000,10055.680134115963,10055.680134115963,0,0,0
2026-09-04T22:00:00+08:00,1788530400000,10055.680134115963,10055.680134115963,0,0,0
2026-09-05T00:00:00+08:00,1788537600000,10055.955339798116,10055.640134115962,0,1,1
2026-09-05T02:00:00+08:00,1788544800000,10054.216238961932,10055.60013411596,0,2,2
2026-09-05T04:00:00+08:00,1788552000000,10054.650765371407,10055.60013411596,0,2,2
2026-09-05T06:00:00+08:00,1788559200000,10053.228678940393,10055.60013411596,0,2,2
2026-09-05T08:00:00+08:00,1788566400000,10053.347291451511,10054.593185314541,0,1,1
2026-09-05T10:00:00+08:00,1788573600000,10053.327522699657,10054.593185314541,0,1,1
2026-09-05T12:00:00+08:00,1788580800000,10053.307753947805,10054.593185314541,0,1,1
2026-09-05T14:00:00+08:00,1788588000000,10052.655385136659,10054.593185314541,0,1,1
2026-09-05T16:00:00+08:00,1788595200000,10052.00301632551,10054.593185314541,0,1,1
2026-09-05T18:00:00+08:00,1788602400000,10052.378622610717,10054.593185314541,0,1,1
2026-09-05T20:00:00+08:00,1788609600000,10051.765791303274,10054.593185314541,0,1,1
2026-09-05T22:00:00+08:00,1788616800000,10051.212266251392,10054.593185314541,0,1,1
2026-09-06T00:00:00+08:00,1788624000000,10053.697849455124,10051.172266251391,1,0,1
2026-09-06T02:00:00+08:00,1788631200000,10050.334617730334,10051.13226625139,2,0,2
2026-09-06T04:00:00+08:00,1788638400000,10051.609284164662,10051.13226625139,2,0,2
2026-09-06T06:00:00+08:00,1788645600000,10049.407587596274,10051.13226625139,2,0,2
2026-09-06T08:00:00+08:00,1788652800000,10051.115499304527,10051.539299688404,1,0,1
2026-09-06T10:00:00+08:00,1788660000000,10057.934530040136,10054.26373388629,1,0,1
2026-09-06T12:00:00+08:00,1788667200000,10057.934530040136,10057.934530040136,0,0,0
2026-09-06T14:00:00+08:00,1788674400000,10057.934530040136,10057.934530040136,0,0,0
2026-09-06T16:00:00+08:00,1788681600000,10057.934530040136,10057.934530040136,0,0,0
2026-09-06T18:00:00+08:00,1788688800000,10057.934530040136,10057.934530040136,0,0,0
2026-09-06T20:00:00+08:00,1788696000000,10057.934530040136,10057.934530040136,0,0,0
2026-09-06T22:00:00+08:00,1788703200000,10057.934530040136,10057.934530040136,0,0,0
2026-09-07T00:00:00+08:00,1788710400000,10057.934530040136,10057.934530040136,0,0,0
2026-09-07T02:00:00+08:00,1788717600000,10057.934530040136,10057.934530040136,0,0,0
2026-09-07T04:00:00+08:00,1788724800000,10057.934530040136,10057.934530040136,0,0,0
2026-09-07T06:00:00+08:00,1788732000000,10057.934530040136,10057.934530040136,0,0,0
2026-09-07T08:00:00+08:00,1788739200000,10057.934530040136,10057.934530040136,0,0,0
2026-09-07T10:00:00+08:00,1788746400000,10057.934530040136,10057.934530040136,0,0,0
2026-09-07T12:00:00+08:00,1788753600000,10057.530285188877,10057.894530040136,0,1,1
2026-09-07T14:00:00+08:00,1788760800000,10059.946721099313,10057.854530040135,0,2,2
2026-09-07T16:00:00+08:00,1788768000000,10059.146331828455,10057.854530040135,0,2,2
2026-09-07T18:00:00+08:00,1788775200000,10058.11725990878,10057.854530040135,0,2,2
2026-09-07T20:00:00+08:00,1788782400000,10057.621780836345,10057.854530040135,0,2,2
2026-09-07T22:00:00+08:00,1788789600000,10060.50810486851,10060.50810486851,0,0,0
2026-09-08T00:00:00+08:00,1788796800000,10060.50810486851,10060.50810486851,0,0,0
2026-09-08T02:00:00+08:00,1788804000000,10060.50810486851,10060.50810486851,0,0,0
2026-09-08T04:00:00+08:00,1788811200000,10060.50810486851,10060.50810486851,0,0,0
2026-09-08T06:00:00+08:00,1788818400000,10060.50810486851,10060.50810486851,0,0,0
2026-09-08T08:00:00+08:00,1788825600000,10060.50810486851,10060.50810486851,0,0,0
2026-09-08T10:00:00+08:00,1788832800000,10060.50810486851,10060.50810486851,0,0,0
2026-09-08T12:00:00+08:00,1788840000000,10060.50810486851,10060.50810486851,0,0,0
2026-09-08T14:00:00+08:00,1788847200000,10060.466981556878,10060.468104868509,0,1,1
2026-09-08T16:00:00+08:00,1788854400000,10059.047982431428,10060.468104868509,0,1,1
2026-09-08T18:00:00+08:00,1788861600000,10059.047982431428,10059.047982431428,0,0,0
2026-09-08T20:00:00+08:00,1788868800000,10059.047982431428,10059.047982431428,0,0,0
2026-09-08T22:00:00+08:00,1788876000000,10059.047982431428,10059.047982431428,0,0,0
2026-09-09T00:00:00+08:00,1788883200000,10059.047982431428,10059.047982431428,0,0,0
2026-09-09T02:00:00+08:00,1788890400000,10059.047982431428,10059.047982431428,0,0,0
2026-09-09T04:00:00+08:00,1788897600000,10059.047982431428,10059.047982431428,0,0,0
2026-09-09T06:00:00+08:00,1788904800000,10059.047982431428,10059.047982431428,0,0,0
2026-09-09T08:00:00+08:00,1788912000000,10059.047982431428,10059.047982431428,0,0,0
2026-09-09T10:00:00+08:00,1788919200000,10059.047982431428,10059.047982431428,0,0,0
2026-09-09T12:00:00+08:00,1788926400000,10059.047982431428,10059.047982431428,0,0,0
2026-09-09T14:00:00+08:00,1788933600000,10059.929143746558,10059.007982431427,1,0,1
2026-09-09T16:00:00+08:00,1788940800000,10055.687926724604,10058.967982431426,2,0,2
2026-09-09T18:00:00+08:00,1788948000000,10057.103505027484,10057.813035305873,1,0,1
2026-09-09T20:00:00+08:00,1788955200000,10055.356401353438,10057.773035305872,2,0,2
2026-09-09T22:00:00+08:00,1788962400000,10053.93593096849,10056.221809820367,1,0,1
2026-09-10T00:00:00+08:00,1788969600000,10054.83812161839,10056.221809820367,1,0,1
2026-09-10T02:00:00+08:00,1788976800000,10052.553851675028,10056.221809820367,1,0,1
2026-09-10T04:00:00+08:00,1788984000000,10052.92368742004,10052.513851675027,0,1,1
2026-09-10T06:00:00+08:00,1788991200000,10056.694363725488,10055.656245156159,0,1,1
2026-09-10T08:00:00+08:00,1788998400000,10058.616845156159,10058.616845156159,0,0,0
2026-09-10T10:00:00+08:00,1789005600000,10058.616845156159,10058.616845156159,0,0,0
2026-09-10T12:00:00+08:00,1789012800000,10058.616845156159,10058.616845156159,0,0,0
2026-09-10T14:00:00+08:00,1789020000000,10058.616845156159,10058.616845156159,0,0,0
2026-09-10T16:00:00+08:00,1789027200000,10058.616845156159,10058.616845156159,0,0,0
2026-09-10T18:00:00+08:00,1789034400000,10058.616845156159,10058.616845156159,0,0,0
2026-09-10T20:00:00+08:00,1789041600000,10058.616845156159,10058.616845156159,0,0,0
2026-09-10T22:00:00+08:00,1789048800000,10058.616845156159,10058.616845156159,0,0,0
2026-09-11T00:00:00+08:00,1789056000000,10058.616845156159,10058.616845156159,0,0,0
2026-09-11T02:00:00+08:00,1789063200000,10058.616845156159,10058.616845156159,0,0,0
2026-09-11T04:00:00+08:00,1789070400000,10058.616845156159,10058.616845156159,0,0,0
2026-09-11T06:00:00+08:00,1789077600000,10058.616845156159,10058.616845156159,0,0,0
2026-09-11T08:00:00+08:00,1789084800000,10058.616845156159,10058.616845156159,0,0,0
2026-09-11T10:00:00+08:00,1789092000000,10058.616845156159,10058.616845156159,0,0,0
2026-09-11T12:00:00+08:00,1789099200000,10058.616845156159,10058.616845156159,0,0,0
2026-09-11T14:00:00+08:00,1789106400000,10058.616845156159,10058.616845156159,0,0,0
2026-09-11T16:00:00+08:00,1789113600000,10058.616845156159,10058.616845156159,0,0,0
2026-09-11T18:00:00+08:00,1789120800000,10058.616845156159,10058.616845156159,0,0,0
2026-09-11T20:00:00+08:00,1789128000000,10058.616845156159,10058.616845156159,0,0,0
2026-09-11T22:00:00+08:00,1789135200000,10052.279749182107,10058.576845156158,1,0,1
2026-09-12T00:00:00+08:00,1789142400000,10053.537664097448,10058.536845156157,2,0,2
2026-09-12T02:00:00+08:00,1789149600000,10053.809062382941,10058.536845156157,2,0,2
2026-09-12T04:00:00+08:00,1789156800000,10054.196774219356,10058.536845156157,2,0,2
2026-09-12T06:00:00+08:00,1789164000000,10055.631308014099,10058.536845156157,2,0,2
2026-09-12T08:00:00+08:00,1789171200000,10053.770291199298,10058.536845156157,2,0,2
2026-09-12T10:00:00+08:00,1789178400000,10053.080977695901,10053.002809666747,1,0,1
2026-09-12T12:00:00+08:00,1789185600000,10053.080977695901,10053.002809666747,1,0,1
2026-09-12T14:00:00+08:00,1789192800000,10053.140061710477,10053.002809666747,1,0,1
2026-09-12T16:00:00+08:00,1789200000000,10053.80968054235,10053.002809666747,1,0,1
2026-09-12T18:00:00+08:00,1789207200000,10054.026321929132,10053.002809666747,1,0,1
2026-09-12T20:00:00+08:00,1789214400000,10053.770291199298,10053.002809666747,1,0,1
2026-09-12T22:00:00+08:00,1789221600000,10053.965462120499,10052.962809666746,2,0,2
2026-09-13T00:00:00+08:00,1789228800000,10053.650981067696,10052.962809666746,2,0,2
2026-09-13T02:00:00+08:00,1789236000000,10050.899271855682,10052.962809666746,2,0,2
2026-09-13T04:00:00+08:00,1789243200000,10051.606854224487,10052.962809666746,2,0,2
2026-09-13T06:00:00+08:00,1789250400000,10052.786158172494,10052.962809666746,2,0,2
2026-09-13T08:00:00+08:00,1789257600000,10054.830285015705,10052.962809666746,2,0,2
2026-09-13T10:00:00+08:00,1789264800000,10052.314436593291,10052.962809666746,2,0,2
2026-09-13T12:00:00+08:00,1789272000000,10052.647899414558,10053.0409776959,1,0,1
2026-09-13T14:00:00+08:00,1789279200000,10050.470583346283,10053.0409776959,1,0,1
2026-09-13T16:00:00+08:00,1789286400000,10052.099817325417,10050.430583346282,0,1,1
2026-09-13T18:00:00+08:00,1789293600000,10052.159618119256,10050.390583346281,0,2,2
2026-09-13T20:00:00+08:00,1789300800000,10051.041888866414,10050.390583346281,0,2,2
2026-09-13T22:00:00+08:00,1789308000000,10050.483024239991,10050.390583346281,0,2,2
2026-09-14T00:00:00+08:00,1789315200000,10048.919585362237,10051.284699590693,0,1,1
2026-09-14T02:00:00+08:00,1789322400000,10048.999761714942,10051.284699590693,0,1,1
2026-09-14T04:00:00+08:00,1789329600000,10048.278174540592,10051.284699590693,0,1,1
2026-09-14T06:00:00+08:00,1789336800000,10052.427300793097,10051.284699590693,0,1,1
2026-09-14T08:00:00+08:00,1789344000000,10048.708775566065,10051.244699590692,0,2,2
2026-09-14T10:00:00+08:00,1789351200000,10047.07571368338,10050.563288769048,0,1,1
2026-09-14T12:00:00+08:00,1789358400000,10046.793456074027,10050.563288769048,0,1,1
2026-09-14T14:00:00+08:00,1789365600000,10045.825715699102,10050.563288769048,0,1,1
2026-09-14T16:00:00+08:00,1789372800000,10046.434893444055,10045.785715699101,1,0,1
2026-09-14T18:00:00+08:00,1789380000000,10044.055174635772,10045.7457156991,2,0,2
2026-09-14T20:00:00+08:00,1789387200000,10044.015862608638,10045.7457156991,2,0,2
2026-09-14T22:00:00+08:00,1789394400000,10045.193136673988,10045.233136673989,1,0,1
2026-09-15T00:00:00+08:00,1789401600000,10049.46905071579,10045.193136673988,2,0,2
2026-09-15T02:00:00+08:00,1789408800000,10050.663297148916,10048.152536673988,1,0,1
2026-09-15T04:00:00+08:00,1789416000000,10051.111936673988,10051.111936673988,0,0,0
2026-09-15T06:00:00+08:00,1789423200000,10051.111936673988,10051.111936673988,0,0,0
2026-09-15T08:00:00+08:00,1789430400000,10051.111936673988,10051.111936673988,0,0,0
2026-09-15T10:00:00+08:00,1789437600000,10051.111936673988,10051.111936673988,0,0,0
2026-09-15T12:00:00+08:00,1789444800000,10051.111936673988,10051.111936673988,0,0,0
2026-09-15T14:00:00+08:00,1789452000000,10051.111936673988,10051.111936673988,0,0,0
2026-09-15T16:00:00+08:00,1789459200000,10050.254656610223,10051.071936673987,0,1,1
2026-09-15T18:00:00+08:00,1789466400000,10050.154726352175,10051.031936673986,0,2,2
2026-09-15T20:00:00+08:00,1789473600000,10051.14926145767,10051.031936673986,0,2,2
2026-09-15T22:00:00+08:00,1789480800000,10056.439107587388,10053.600691392092,0,1,1
2026-09-16T00:00:00+08:00,1789488000000,10056.561291392092,10056.561291392092,0,0,0
2026-09-16T02:00:00+08:00,1789495200000,10056.561291392092,10056.561291392092,0,0,0
2026-09-16T04:00:00+08:00,1789502400000,10056.561291392092,10056.561291392092,0,0,0
2026-09-16T06:00:00+08:00,1789509600000,10056.561291392092,10056.561291392092,0,0,0
2026-09-16T08:00:00+08:00,1789516800000,10056.561291392092,10056.561291392092,0,0,0
2026-09-16T10:00:00+08:00,1789524000000,10056.561291392092,10056.561291392092,0,0,0
2026-09-16T12:00:00+08:00,1789531200000,10056.561291392092,10056.561291392092,0,0,0
2026-09-16T14:00:00+08:00,1789538400000,10056.561291392092,10056.561291392092,0,0,0
2026-09-16T16:00:00+08:00,1789545600000,10056.561291392092,10056.561291392092,0,0,0
2026-09-16T18:00:00+08:00,1789552800000,10056.561291392092,10056.561291392092,0,0,0
2026-09-16T20:00:00+08:00,1789560000000,10056.561291392092,10056.561291392092,0,0,0
2026-09-16T22:00:00+08:00,1789567200000,10056.561291392092,10056.561291392092,0,0,0
2026-09-17T00:00:00+08:00,1789574400000,10056.561291392092,10056.561291392092,0,0,0
2026-09-17T02:00:00+08:00,1789581600000,10056.561291392092,10056.561291392092,0,0,0
2026-09-17T04:00:00+08:00,1789588800000,10056.561291392092,10056.561291392092,0,0,0
2026-09-17T06:00:00+08:00,1789596000000,10057.009963346534,10056.521291392091,1,0,1
2026-09-17T08:00:00+08:00,1789603200000,10059.285543769796,10056.48129139209,2,0,2
2026-09-17T10:00:00+08:00,1789610400000,10062.325307569421,10059.708638198224,1,0,1
2026-09-17T12:00:00+08:00,1789617600000,10061.493830895994,10059.708638198224,1,0,1
2026-09-17T14:00:00+08:00,1789624800000,10062.668038198224,10062.668038198224,0,0,0
2026-09-17T16:00:00+08:00,1789632000000,10062.668038198224,10062.668038198224,0,0,0
2026-09-17T18:00:00+08:00,1789639200000,10062.668038198224,10062.668038198224,0,0,0
2026-09-17T20:00:00+08:00,1789646400000,10062.668038198224,10062.668038198224,0,0,0
2026-09-17T22:00:00+08:00,1789653600000,10062.668038198224,10062.668038198224,0,0,0
2026-09-18T00:00:00+08:00,1789660800000,10063.101667915671,10062.628038198223,1,0,1
2026-09-18T02:00:00+08:00,1789668000000,10061.975633535114,10062.628038198223,1,0,1
2026-09-18T04:00:00+08:00,1789675200000,10061.995388524247,10061.995388524247,0,0,0
2026-09-18T06:00:00+08:00,1789682400000,10061.995388524247,10061.995388524247,0,0,0
2026-09-18T08:00:00+08:00,1789689600000,10061.995388524247,10061.995388524247,0,0,0
2026-09-18T10:00:00+08:00,1789696800000,10061.995388524247,10061.995388524247,0,0,0
2026-09-18T12:00:00+08:00,1789704000000,10061.995388524247,10061.995388524247,0,0,0
2026-09-18T14:00:00+08:00,1789711200000,10061.995388524247,10061.995388524247,0,0,0
2026-09-18T16:00:00+08:00,1789718400000,10061.995388524247,10061.995388524247,0,0,0
2026-09-18T18:00:00+08:00,1789725600000,10061.995388524247,10061.995388524247,0,0,0
2026-09-18T20:00:00+08:00,1789732800000,10061.995388524247,10061.995388524247,0,0,0
2026-09-18T22:00:00+08:00,1789740000000,10061.995388524247,10061.995388524247,0,0,0
2026-09-19T00:00:00+08:00,1789747200000,10061.995388524247,10061.995388524247,0,0,0
2026-09-19T02:00:00+08:00,1789754400000,10061.995388524247,10061.995388524247,0,0,0
2026-09-19T04:00:00+08:00,1789761600000,10061.995388524247,10061.995388524247,0,0,0
2026-09-19T06:00:00+08:00,1789768800000,10061.995388524247,10061.995388524247,0,0,0
2026-09-19T08:00:00+08:00,1789776000000,10061.995388524247,10061.995388524247,0,0,0
2026-09-19T10:00:00+08:00,1789783200000,10061.995388524247,10061.995388524247,0,0,0
2026-09-19T10:00:00+08:00,1789783200000,10061.995388524247,10061.995388524247,0,0,0
