time_beijing,timestamp_ms,event_type,side,reason,units,quantity_sol,execution_price,fee_usdt,realized_net_pnl_usdt,long_units_after,short_units_after,total_units_after
2026-08-23T15:15:00+08:00,1787469300000,entry,long,golden_cross_open,1,2.1593608291945583,92.62,0.04,,1,0,1
2026-08-23T15:45:00+08:00,1787471100000,exit,long,red_histogram_shrinking,1,2.1593608291945583,92.49,0.03994385661844094,-0.3606607644137544,0,0,0
2026-08-23T17:45:00+08:00,1787478300000,entry,long,zero_axis_up_open,1,2.1450021450021453,93.24,0.04,,1,0,1
2026-08-23T18:30:00+08:00,1787481000000,exit,long,red_histogram_shrinking,1,2.1450021450021453,93.69,0.0401930501930502,0.8850579150579212,0,0,0
2026-08-23T22:45:00+08:00,1787496300000,entry,short,dead_cross_open,1,2.1193175797393238,94.37,0.04,,0,1,1
2026-08-23T23:00:00+08:00,1787497200000,exit,short,green_histogram_shrinking,1,2.1193175797393238,95.03,0.04027974992052559,-1.4790293525484721,0,0,0
2026-08-23T23:45:00+08:00,1787499900000,entry,long,golden_cross_open,1,2.0905194940942824,95.67,0.04,,1,0,1
2026-08-24T00:00:00+08:00,1787500800000,exit,long,dead_cross_flip_close_opposite,1,2.0905194940942824,95.32,0.0398536636354134,-0.8115354865684301,0,0,0
2026-08-24T00:00:00+08:00,1787500800000,entry,short,dead_cross_flip_open_one_unit,1,2.0981955518254303,95.32,0.04,,0,1,1
2026-08-24T00:30:00+08:00,1787502600000,entry,short,green_histogram_expansion_add,1,2.096216329525207,95.41,0.04,,0,2,2
2026-08-24T00:45:00+08:00,1787503500000,exit,short,green_histogram_shrinking,1,2.0981955518254303,95.54,0.04009232060428033,-0.5416953420059024,0,1,1
2026-08-24T01:15:00+08:00,1787505300000,entry,short,green_histogram_expansion_add,1,2.097315436241611,95.36,0.04,,0,2,2
2026-08-24T02:15:00+08:00,1787508900000,exit,short,green_histogram_shrinking,1,2.096216329525207,95.2,0.039911958914159947,0.36029347028612047,0,1,1
2026-08-24T03:30:00+08:00,1787513400000,entry,short,green_histogram_expansion_add,1,2.104820037886761,95.02,0.04,,0,2,2
2026-08-24T03:45:00+08:00,1787514300000,exit,short,green_histogram_shrinking,1,2.097315436241611,95.28,0.03996644295302014,0.08781879194630514,0,1,1
2026-08-24T04:15:00+08:00,1787516100000,entry,short,green_histogram_expansion_add,1,2.104820037886761,95.02,0.04,,0,2,2
2026-08-24T04:30:00+08:00,1787517000000,exit,short,green_histogram_shrinking,1,2.104820037886761,95.25,0.0400968217217428,-0.5642054304357061,0,1,1
2026-08-24T05:15:00+08:00,1787519700000,exit,short,golden_cross_flip_close_opposite,1,2.104820037886761,95.63,0.04025678804462219,-1.3641970111555453,0,0,0
2026-08-24T05:15:00+08:00,1787519700000,entry,long,golden_cross_flip_open_one_unit,1,2.09139391404371,95.63,0.04,,1,0,1
2026-08-24T05:45:00+08:00,1787521500000,exit,long,red_histogram_shrinking,1,2.09139391404371,95.26,0.03984523685036077,-0.8536609850465133,0,0,0
2026-08-24T06:15:00+08:00,1787523300000,entry,short,dead_cross_open,1,2.1003990758244067,95.22,0.04,,0,1,1
2026-08-24T06:30:00+08:00,1787524200000,exit,short,golden_cross_flip_close_opposite,1,2.1003990758244067,95.53,0.040130224742701115,-0.731253938248272,0,0,0
2026-08-24T06:30:00+08:00,1787524200000,entry,long,golden_cross_flip_open_one_unit,1,2.0935831675913326,95.53,0.04,,1,0,1
2026-08-24T07:00:00+08:00,1787526000000,entry,long,red_histogram_expansion_add,1,2.092706916396359,95.57,0.04,,2,0,2
2026-08-24T07:15:00+08:00,1787526900000,exit,long,dead_cross_flip_close_opposite,2,4.186290083987691,95.15,0.07966510029828577,-1.8341636088694273,0,0,0
2026-08-24T07:15:00+08:00,1787526900000,entry,short,dead_cross_flip_open_one_unit,1,2.10194429847609,95.15,0.04,,0,1,1
2026-08-24T07:30:00+08:00,1787527800000,exit,short,green_histogram_shrinking,1,2.10194429847609,95.45,0.040126116657908564,-0.7107094062007296,0,0,0
2026-08-24T08:30:00+08:00,1787531400000,entry,short,zero_axis_down_open,1,2.1164021164021163,94.5,0.04,,0,1,1
2026-08-24T09:00:00+08:00,1787533200000,exit,short,green_histogram_shrinking,1,2.1164021164021163,95.54,0.040440211640211644,-2.281498412698426,0,0,0
2026-08-24T10:45:00+08:00,1787539500000,entry,long,golden_cross_open,1,2.1114864864864864,94.72,0.04,,1,0,1
2026-08-24T11:15:00+08:00,1787541300000,exit,long,dead_cross_flip_close_opposite,1,2.1114864864864864,93.85,0.03963260135135135,-1.916625844594604,0,0,0
2026-08-24T11:15:00+08:00,1787541300000,entry,short,dead_cross_flip_open_one_unit,1,2.1310602024507195,93.85,0.04,,0,1,1
2026-08-24T11:45:00+08:00,1787543100000,entry,short,green_histogram_expansion_add,1,2.1337885415555315,93.73,0.04,,0,2,2
2026-08-24T12:15:00+08:00,1787544900000,exit,short,green_histogram_shrinking,1,2.1310602024507195,93.95,0.04004262120404902,-0.2931486414491391,0,1,1
2026-08-24T12:30:00+08:00,1787545800000,exit,short,golden_cross_flip_close_opposite,1,2.1337885415555315,94.28,0.0402347167395711,-1.2538184145951075,0,0,0
2026-08-24T12:30:00+08:00,1787545800000,entry,long,golden_cross_flip_open_one_unit,1,2.1213406873143827,94.28,0.04,,1,0,1
2026-08-24T13:00:00+08:00,1787547600000,entry,long,red_histogram_expansion_add,1,2.1233676611105214,94.19,0.04,,2,0,2
2026-08-24T13:30:00+08:00,1787549400000,exit,long,red_histogram_shrinking,1,2.1213406873143827,94.02,0.03988969028425965,-0.6314382689860101,1,0,1
2026-08-24T14:15:00+08:00,1787552100000,entry,long,red_histogram_expansion_add,1,2.1204410517387617,94.32,0.04,,2,0,2
2026-08-24T14:30:00+08:00,1787553000000,exit,long,red_histogram_shrinking,1,2.1233676611105214,94.23,0.04001698694128889,0.004917719503145249,1,0,1
2026-08-24T15:15:00+08:00,1787555700000,entry,long,zero_axis_up_add,1,2.09885612341274,95.29,0.04,,2,0,2
2026-08-24T15:30:00+08:00,1787556600000,exit,long,red_histogram_shrinking,1,2.1204410517387617,94.29,0.03998727735368957,-0.1436005089058247,1,0,1
2026-08-24T16:00:00+08:00,1787558400000,exit,long,dead_cross_flip_close_opposite,1,2.09885612341274,94.1,0.03950047224262777,-2.577139259103814,0,0,0
2026-08-24T16:00:00+08:00,1787558400000,entry,short,dead_cross_flip_open_one_unit,1,2.1253985122210417,94.1,0.04,,0,1,1
2026-08-24T16:30:00+08:00,1787560200000,entry,short,green_histogram_expansion_add,1,2.1422450728363325,93.36,0.04,,0,2,2
2026-08-24T16:45:00+08:00,1787561100000,exit,short,green_histogram_shrinking,1,2.1253985122210417,93.93,0.03992773645058449,0.281390010626966,0,1,1
2026-08-24T17:15:00+08:00,1787562900000,exit,short,bullish_divergence_confirmed_golden_cross_close_opposite,1,2.1422450728363325,94.55,0.040509854327335046,-2.629781491002566,0,0,0
2026-08-24T17:15:00+08:00,1787562900000,entry,long,bullish_divergence_confirmed_golden_cross_open_one_unit,1,2.1152829190904283,94.55,0.04,,1,0,1
2026-08-24T17:45:00+08:00,1787564700000,entry,long,zero_axis_up_add,1,2.112378538234051,94.68,0.04,,2,0,2
2026-08-24T18:00:00+08:00,1787565600000,exit,long,red_histogram_shrinking,1,2.1152829190904283,94.65,0.040042305658381815,0.13148598625067903,1,0,1
2026-08-24T18:30:00+08:00,1787567400000,exit,long,red_histogram_shrinking,1,2.112378538234051,94.81,0.040054921841994086,0.19455428812842296,0,0,0
2026-08-24T21:45:00+08:00,1787579100000,entry,short,dead_cross_open,1,2.110372480742851,94.77,0.04,,0,1,1
2026-08-24T22:15:00+08:00,1787580900000,exit,short,green_histogram_shrinking,1,2.110372480742851,95.63,0.04036298406668778,-1.8952833175055386,0,0,0
2026-08-24T22:45:00+08:00,1787582700000,entry,long,golden_cross_open,1,2.0736132711249353,96.45,0.04,,1,0,1
2026-08-24T23:15:00+08:00,1787584500000,entry,long,red_histogram_expansion_add,1,2.0781379883624274,96.24,0.04,,2,0,2
2026-08-24T23:45:00+08:00,1787586300000,exit,long,red_histogram_shrinking,1,2.0736132711249353,96.45,0.04000000000000001,-0.08000000000000002,1,0,1
2026-08-25T00:30:00+08:00,1787589000000,entry,long,red_histogram_expansion_add,1,2.061005770816158,97.04,0.04,,2,0,2
2026-08-25T00:45:00+08:00,1787589900000,exit,long,red_histogram_shrinking,1,2.0781379883624274,96.69,0.04018703241895262,0.8549750623441456,1,0,1
2026-08-25T01:00:00+08:00,1787590800000,exit,long,bearish_divergence_confirmed_dead_cross_close_opposite,1,2.061005770816158,96.02,0.0395795548227535,-2.1818054410552556,0,0,0
2026-08-25T01:00:00+08:00,1787590800000,entry,short,bearish_divergence_confirmed_dead_cross_open_one_unit,1,2.082899395959175,96.02,0.04,,0,1,1
2026-08-25T01:30:00+08:00,1787592600000,entry,short,green_histogram_expansion_add,1,2.1077036568658447,94.89,0.04,,0,2,2
2026-08-25T02:00:00+08:00,1787594400000,exit,short,green_histogram_shrinking,1,2.082899395959175,95.35,0.03972089148094147,1.3158217038117093,0,1,1
2026-08-25T02:45:00+08:00,1787597100000,exit,short,golden_cross_flip_close_opposite,1,2.1077036568658447,96.18,0.0405437875434714,-2.7994815049004242,0,0,0
2026-08-25T02:45:00+08:00,1787597100000,entry,long,golden_cross_flip_open_one_unit,1,2.079434393844874,96.18,0.04,,1,0,1
2026-08-25T03:00:00+08:00,1787598000000,exit,long,bearish_divergence_confirmed_dead_cross_close_opposite,1,2.079434393844874,95.87,0.03987107506758161,-0.7244957371594973,0,0,0
2026-08-25T03:00:00+08:00,1787598000000,entry,short,bearish_divergence_confirmed_dead_cross_open_one_unit,1,2.086158339417962,95.87,0.04,,0,1,1
2026-08-25T03:30:00+08:00,1787599800000,exit,short,green_histogram_shrinking,1,2.086158339417962,95.89,0.04000834463335767,-0.12173151142170861,0,0,0
2026-08-25T03:45:00+08:00,1787600700000,entry,long,golden_cross_open,1,2.0781379883624274,96.24,0.04,,1,0,1
2026-08-25T04:15:00+08:00,1787602500000,exit,long,red_histogram_shrinking,1,2.0781379883624274,96.16,0.03996674979218621,-0.24621778886117685,0,0,0
2026-08-25T10:00:00+08:00,1787623200000,entry,short,dead_cross_open,1,1.991040318566451,100.45,0.04,,0,1,1
2026-08-25T10:30:00+08:00,1787625000000,exit,short,green_histogram_shrinking,1,1.991040318566451,102.21,0.04070084619213539,-3.5849318068690708,0,0,0
2026-08-25T16:15:00+08:00,1787645700000,entry,short,zero_axis_down_open,1,1.994614540740002,100.27,0.04,,0,1,1
2026-08-25T16:30:00+08:00,1787646600000,exit,short,green_histogram_shrinking,1,1.994614540740002,101.0,0.04029121372294804,-1.5363598284631574,0,0,0
2026-08-25T22:30:00+08:00,1787668200000,entry,long,golden_cross_open,1,2.0416496529195594,97.96,0.04,,1,0,1
2026-08-25T23:00:00+08:00,1787670000000,entry,long,red_histogram_expansion_add,1,2.037282265457879,98.17,0.04,,2,0,2
2026-08-25T23:15:00+08:00,1787670900000,exit,long,red_histogram_shrinking,1,2.0416496529195594,97.72,0.03990200081665987,-0.5698979175173436,1,0,1
2026-08-25T23:45:00+08:00,1787672700000,entry,long,red_histogram_expansion_add,1,2.0401917780271344,98.03,0.04,,2,0,2
2026-08-26T00:15:00+08:00,1787674500000,exit,long,red_histogram_shrinking,1,2.037282265457879,98.0,0.03993073240297443,-0.4262687175308173,1,0,1
2026-08-26T01:00:00+08:00,1787677200000,exit,long,red_histogram_shrinking,1,2.0401917780271344,98.14,0.040044884219116596,0.14437621136386702,0,0,0
2026-08-26T02:45:00+08:00,1787683500000,entry,long,zero_axis_up_open,1,2.0286033066233897,98.59,0.04,,1,0,1
2026-08-26T03:00:00+08:00,1787684400000,exit,long,red_histogram_shrinking,1,2.0286033066233897,98.43,0.03993508469418806,-0.40451161375392347,0,0,0
2026-08-26T03:30:00+08:00,1787686200000,entry,short,zero_axis_down_open,1,2.0445716622367613,97.82,0.04,,0,1,1
2026-08-26T04:00:00+08:00,1787688000000,exit,short,green_histogram_shrinking,1,2.0445716622367613,97.89,0.04002862400327131,-0.22314864035985973,0,0,0
2026-08-26T06:15:00+08:00,1787696100000,entry,long,bullish_divergence_confirmed_golden_cross,1,2.0496003279360524,97.58,0.04,,1,0,1
2026-08-26T06:45:00+08:00,1787697900000,exit,long,red_histogram_shrinking,1,2.0496003279360524,97.21,0.03984832957573273,-0.8382004509120814,0,0,0
2026-08-26T07:45:00+08:00,1787701500000,entry,short,dead_cross_open,1,2.0682523267838677,96.7,0.04,,0,1,1
2026-08-26T08:15:00+08:00,1787703300000,entry,short,green_histogram_expansion_add,1,2.079002079002079,96.2,0.04,,0,2,2
2026-08-26T08:30:00+08:00,1787704200000,exit,short,green_histogram_shrinking,1,2.0682523267838677,96.49,0.03991313340227508,0.3544198552223536,0,1,1
2026-08-26T09:15:00+08:00,1787706900000,exit,short,bullish_divergence_confirmed_golden_cross_close_opposite,1,2.079002079002079,96.88,0.04028274428274429,-1.4940041580041428,0,0,0
2026-08-26T09:15:00+08:00,1787706900000,entry,long,bullish_divergence_confirmed_golden_cross_open_one_unit,1,2.064409578860446,96.88,0.04,,1,0,1
2026-08-26T09:45:00+08:00,1787708700000,entry,long,red_histogram_expansion_add,1,2.061218179944347,97.03,0.04,,2,0,2
2026-08-26T10:15:00+08:00,1787710500000,exit,long,red_histogram_shrinking,1,2.064409578860446,96.86,0.03999174236168456,-0.12127993393888528,1,0,1
2026-08-26T10:45:00+08:00,1787712300000,exit,long,red_histogram_shrinking,1,2.061218179944347,97.33,0.04012367309079666,0.5382417808925016,0,0,0
2026-08-26T12:15:00+08:00,1787717700000,entry,short,dead_cross_open,1,2.063557573256294,96.92,0.04,,0,1,1
2026-08-26T12:30:00+08:00,1787718600000,exit,short,golden_cross_flip_close_opposite,1,2.063557573256294,97.06,0.04005777961205118,-0.3689558398679335,0,0,0
2026-08-26T12:30:00+08:00,1787718600000,entry,long,golden_cross_flip_open_one_unit,1,2.06058108386565,97.06,0.04,,1,0,1
2026-08-26T13:00:00+08:00,1787720400000,exit,long,dead_cross_flip_close_opposite,1,2.06058108386565,96.57,0.03979806305378117,-1.0894827941479683,0,0,0
2026-08-26T13:00:00+08:00,1787720400000,entry,short,dead_cross_flip_open_one_unit,1,2.0710365537951745,96.57,0.04,,0,1,1
2026-08-26T13:30:00+08:00,1787722200000,exit,short,green_histogram_shrinking,1,2.0710365537951745,96.77,0.040082841462151804,-0.49429015222119255,0,0,0
2026-08-26T13:45:00+08:00,1787723100000,entry,long,golden_cross_open,1,2.0595201318092884,97.11,0.04,,1,0,1
2026-08-26T14:15:00+08:00,1787724900000,entry,long,red_histogram_expansion_add,1,2.062706270627063,96.96,0.04,,2,0,2
2026-08-26T14:30:00+08:00,1787725800000,exit,long,bearish_divergence_confirmed_dead_cross_close_opposite,2,4.122226402436351,96.67,0.07969912526470442,-1.6640728017426185,0,0,0
2026-08-26T14:30:00+08:00,1787725800000,entry,short,bearish_divergence_confirmed_dead_cross_open_one_unit,1,2.0688941760628943,96.67,0.04,,0,1,1
2026-08-26T15:00:00+08:00,1787727600000,exit,short,green_histogram_shrinking,1,2.0688941760628943,96.74,0.040028964518464875,-0.22485155684285338,0,0,0
2026-08-26T15:15:00+08:00,1787728500000,entry,long,golden_cross_open,1,2.0639834881320946,96.9,0.04,,1,0,1
2026-08-26T15:45:00+08:00,1787730300000,entry,long,red_histogram_expansion_add,1,2.0620682544592226,96.99,0.04,,2,0,2
2026-08-26T16:00:00+08:00,1787731200000,exit,long,red_histogram_shrinking,1,2.0639834881320946,96.89,0.03999587203302373,-0.10063570691435525,1,0,1
2026-08-26T16:15:00+08:00,1787732100000,entry,long,zero_axis_up_add,1,2.0582484305855715,97.17,0.04,,2,0,2
2026-08-26T17:00:00+08:00,1787734800000,exit,long,red_histogram_shrinking,1,2.0620682544592226,96.77,0.0399092689968038,-0.5335642849778304,1,0,1
2026-08-26T17:15:00+08:00,1787735700000,exit,long,bearish_divergence_confirmed_dead_cross_close_opposite,1,2.0582484305855715,96.77,0.03983534012555315,-0.9031347123597935,0,0,0
2026-08-26T17:15:00+08:00,1787735700000,entry,short,bearish_divergence_confirmed_dead_cross_open_one_unit,1,2.066756226103131,96.77,0.04,,0,1,1
2026-08-26T17:45:00+08:00,1787737500000,entry,short,green_histogram_expansion_add,1,2.085070892410342,95.92,0.04,,0,2,2
2026-08-26T18:00:00+08:00,1787738400000,exit,short,green_histogram_shrinking,1,2.066756226103131,96.12,0.0397313216906066,1.263660225276411,0,1,1
2026-08-26T18:45:00+08:00,1787741100000,exit,short,golden_cross_flip_close_opposite,1,2.085070892410342,97.34,0.04059216013344454,-3.041392827356134,0,0,0
2026-08-26T18:45:00+08:00,1787741100000,entry,long,golden_cross_flip_open_one_unit,1,2.054653790836244,97.34,0.04,,1,0,1
2026-08-26T19:00:00+08:00,1787742000000,entry,long,zero_axis_up_add,1,2.053177291859152,97.41,0.04,,2,0,2
2026-08-26T19:30:00+08:00,1787743800000,exit,long,red_histogram_shrinking,1,2.054653790836244,97.22,0.03995068830901993,-0.32650914320937857,1,0,1
2026-08-26T20:15:00+08:00,1787746500000,exit,long,dead_cross_flip_close_opposite,1,2.053177291859152,96.73,0.03972076788830716,-1.4758813263525155,0,0,0
2026-08-26T20:15:00+08:00,1787746500000,entry,short,dead_cross_flip_open_one_unit,1,2.0676108756332057,96.73,0.04,,0,1,1
2026-08-26T20:30:00+08:00,1787747400000,exit,short,golden_cross_flip_close_opposite,1,2.0676108756332057,97.45,0.04029773596609118,-1.568977566421997,0,0,0
2026-08-26T20:30:00+08:00,1787747400000,entry,long,golden_cross_flip_open_one_unit,1,2.052334530528476,97.45,0.04,,1,0,1
2026-08-26T20:45:00+08:00,1787748300000,exit,long,dead_cross_flip_close_opposite,1,2.052334530528476,96.77,0.03972088250384812,-1.4753083632632258,0,0,0
2026-08-26T20:45:00+08:00,1787748300000,entry,short,dead_cross_flip_open_one_unit,1,2.066756226103131,96.77,0.04,,0,1,1
2026-08-26T21:15:00+08:00,1787750100000,entry,short,zero_axis_down_add,1,2.073183373069348,96.47,0.04,,0,2,2
2026-08-26T21:45:00+08:00,1787751900000,exit,short,green_histogram_shrinking,1,2.066756226103131,96.62,0.039937997313216914,0.23007543660223517,0,1,1
2026-08-26T22:45:00+08:00,1787755500000,entry,short,green_histogram_expansion_add,1,2.0889910173386257,95.74,0.04,,0,2,2
2026-08-26T23:15:00+08:00,1787757300000,exit,short,green_histogram_shrinking,1,2.073183373069348,95.53,0.03961024152586297,1.8691821291593194,0,1,1
2026-08-27T01:00:00+08:00,1787763600000,exit,short,golden_cross_flip_close_opposite,1,2.0889910173386257,95.89,0.04006266973052016,-0.39341132233132586,0,0,0
2026-08-27T01:00:00+08:00,1787763600000,entry,long,golden_cross_flip_open_one_unit,1,2.085723224528105,95.89,0.04,,1,0,1
2026-08-27T01:30:00+08:00,1787765400000,entry,long,red_histogram_expansion_add,1,2.06058108386565,97.06,0.04,,2,0,2
2026-08-27T02:00:00+08:00,1787767200000,exit,long,red_histogram_shrinking,1,2.085723224528105,96.93,0.04043383043070185,2.088718323078541,1,0,1
2026-08-27T03:45:00+08:00,1787773500000,exit,long,dead_cross_flip_close_opposite,1,2.06058108386565,96.49,0.039765093756439315,-1.254296311559875,0,0,0
2026-08-27T03:45:00+08:00,1787773500000,entry,short,dead_cross_flip_open_one_unit,1,2.0727536532283137,96.49,0.04,,0,1,1
2026-08-27T04:00:00+08:00,1787774400000,exit,short,green_histogram_shrinking,1,2.0727536532283137,96.75,0.04010778318996787,-0.6190237330293401,0,0,0
2026-08-27T04:15:00+08:00,1787775300000,entry,long,golden_cross_open,1,2.0663291662361813,96.79,0.04,,1,0,1
2026-08-27T04:30:00+08:00,1787776200000,exit,long,dead_cross_flip_close_opposite,1,2.0663291662361813,96.68,0.03995454075834281,-0.3072507490443216,0,0,0
2026-08-27T04:30:00+08:00,1787776200000,entry,short,dead_cross_flip_open_one_unit,1,2.068680182043856,96.68,0.04,,0,1,1
2026-08-27T05:00:00+08:00,1787778000000,exit,short,golden_cross_flip_close_opposite,1,2.068680182043856,96.88,0.040082747207281756,-0.49381878361602943,0,0,0
2026-08-27T05:00:00+08:00,1787778000000,entry,long,golden_cross_flip_open_one_unit,1,2.064409578860446,96.88,0.04,,1,0,1
2026-08-27T05:30:00+08:00,1787779800000,entry,long,red_histogram_expansion_add,1,2.048340843916428,97.64,0.04,,2,0,2
2026-08-27T05:45:00+08:00,1787780700000,exit,long,red_histogram_shrinking,1,2.064409578860446,97.55,0.0402766308835673,1.302877786952935,1,0,1
2026-08-27T06:15:00+08:00,1787782500000,entry,long,red_histogram_expansion_add,1,2.0214271275520517,98.94,0.04,,2,0,2
2026-08-27T06:15:00+08:00,1787782500000,exit,long,fixed_take_profit,1,2.048340843916428,100.74284403296366,0.04127113643300437,6.274411028588831,1,0,1
2026-08-27T07:00:00+08:00,1787785200000,exit,long,red_histogram_shrinking,1,2.0214271275520517,99.64,0.04028299979785729,1.3347159894885845,0,0,0
2026-08-27T09:00:00+08:00,1787792400000,entry,short,dead_cross_open,1,1.989258006763477,100.54,0.04,,0,1,1
2026-08-27T09:30:00+08:00,1787794200000,exit,short,green_histogram_shrinking,1,1.989258006763477,101.58,0.0404137656654068,-2.149242092699407,0,0,0
2026-08-27T16:00:00+08:00,1787817600000,entry,long,golden_cross_open,1,1.9654088050314464,101.76,0.04,,1,0,1
2026-08-27T16:30:00+08:00,1787819400000,entry,long,red_histogram_expansion_add,1,1.9212295869356388,104.1,0.04,,2,0,2
2026-08-27T17:15:00+08:00,1787822100000,exit,long,red_histogram_shrinking,1,1.9654088050314464,104.93,0.04124606918238994,6.149099842767299,1,0,1
2026-08-27T18:30:00+08:00,1787826600000,exit,long,dead_cross_flip_close_opposite,1,1.9212295869356388,103.92,0.03993083573487032,-0.4257521613832711,0,0,0
2026-08-27T18:30:00+08:00,1787826600000,entry,short,dead_cross_flip_open_one_unit,1,1.924557351809084,103.92,0.04,,0,1,1
2026-08-27T19:00:00+08:00,1787828400000,entry,short,green_histogram_expansion_add,1,1.9221528111484865,104.05,0.04,,0,2,2
2026-08-27T19:15:00+08:00,1787829300000,exit,short,green_histogram_shrinking,1,1.924557351809084,104.33,0.04015781370284835,-0.8692263279445662,0,1,1
2026-08-27T19:45:00+08:00,1787831100000,entry,short,green_histogram_expansion_add,1,1.9252984212552946,103.88,0.04,,0,2,2
2026-08-27T20:15:00+08:00,1787832900000,exit,short,green_histogram_shrinking,1,1.9221528111484865,104.2,0.04005766458433446,-0.36838058625661835,0,1,1
2026-08-27T22:00:00+08:00,1787839200000,exit,short,golden_cross_flip_close_opposite,1,1.9252984212552946,105.98,0.04080862533692722,-4.123935309973063,0,0,0
2026-08-27T22:00:00+08:00,1787839200000,entry,long,golden_cross_flip_open_one_unit,1,1.887148518588413,105.98,0.04,,1,0,1
2026-08-27T22:15:00+08:00,1787840100000,exit,long,red_histogram_shrinking,1,1.887148518588413,105.39,0.03977731647480657,-1.1931949424419765,0,0,0
2026-08-28T01:45:00+08:00,1787852700000,entry,short,dead_cross_open,1,1.855804027094739,107.77,0.04,,0,1,1
2026-08-28T02:15:00+08:00,1787854500000,entry,short,green_histogram_expansion_add,1,1.8621973929236497,107.4,0.04,,0,2,2
2026-08-28T02:45:00+08:00,1787856300000,exit,short,green_histogram_shrinking,1,1.855804027094739,107.46,0.039884940150320125,0.49541430824905314,0,1,1
2026-08-28T03:30:00+08:00,1787859000000,exit,short,golden_cross_flip_close_opposite,1,1.8621973929236497,109.04,0.04061080074487896,-3.1346145251396655,0,0,0
2026-08-28T03:30:00+08:00,1787859000000,entry,long,golden_cross_flip_open_one_unit,1,1.834189288334556,109.04,0.04,,1,0,1
2026-08-28T04:00:00+08:00,1787860800000,entry,long,red_histogram_expansion_add,1,1.8294914013904136,109.32,0.04,,2,0,2
2026-08-28T04:15:00+08:00,1787861700000,exit,long,dead_cross_flip_close_opposite,2,3.66368068972497,108.8,0.07972169180841535,-1.5512626497317332,0,0,0
2026-08-28T04:15:00+08:00,1787861700000,entry,short,dead_cross_flip_open_one_unit,1,1.8382352941176472,108.8,0.04,,0,1,1
2026-08-28T04:45:00+08:00,1787863500000,entry,short,green_histogram_expansion_add,1,1.834189288334556,109.04,0.04,,0,2,2
2026-08-28T06:00:00+08:00,1787868000000,exit,short,green_histogram_shrinking,1,1.8382352941176472,108.67,0.039952205882352945,0.1590183823529328,0,1,1
2026-08-28T07:15:00+08:00,1787872500000,entry,short,green_histogram_expansion_add,1,1.8372221201543266,108.86,0.04,,0,2,2
2026-08-28T07:30:00+08:00,1787873400000,exit,short,golden_cross_flip_close_opposite,2,3.6714114084888827,109.84,0.08065356582168379,-3.4284826742405707,0,0,0
2026-08-28T07:30:00+08:00,1787873400000,entry,long,golden_cross_flip_open_one_unit,1,1.8208302986161689,109.84,0.04,,1,0,1
2026-08-28T07:45:00+08:00,1787874300000,exit,long,bearish_divergence_confirmed_dead_cross_close_opposite,1,1.8208302986161689,109.12,0.039737800436999274,-1.3907356154406387,0,0,0
2026-08-28T07:45:00+08:00,1787874300000,entry,short,bearish_divergence_confirmed_dead_cross_open_one_unit,1,1.8328445747800586,109.12,0.04,,0,1,1
2026-08-28T08:15:00+08:00,1787876100000,entry,short,green_histogram_expansion_add,1,1.83452577508714,109.02,0.04,,0,2,2
2026-08-28T08:30:00+08:00,1787877000000,exit,short,green_histogram_shrinking,1,1.8328445747800586,109.71,0.040216275659824045,-1.161594574780039,0,1,1
2026-08-28T09:00:00+08:00,1787878800000,entry,short,green_histogram_expansion_add,1,1.8340210912425494,109.05,0.04,,0,2,2
2026-08-28T09:30:00+08:00,1787880600000,exit,short,green_histogram_shrinking,1,1.83452577508714,109.36,0.04012474775270593,-0.7038635112823398,0,1,1
2026-08-28T10:00:00+08:00,1787882400000,entry,short,zero_axis_down_add,1,1.855976243504083,107.76,0.04,,0,2,2
2026-08-28T10:45:00+08:00,1787885100000,exit,short,green_histogram_shrinking,1,1.8340210912425494,106.95,0.039229711141678135,3.772214580467665,0,1,1
2026-08-28T11:15:00+08:00,1787886900000,entry,short,green_histogram_expansion_add,1,1.885014137606032,106.1,0.04,,0,2,2
2026-08-28T11:30:00+08:00,1787887800000,exit,short,green_histogram_shrinking,1,1.855976243504083,106.95,0.03969933184855234,1.4236414253897591,0,1,1
2026-08-28T12:15:00+08:00,1787890500000,exit,short,golden_cross_flip_close_opposite,1,1.885014137606032,107.18,0.040407163053722904,-2.116222431668261,0,0,0
2026-08-28T12:15:00+08:00,1787890500000,entry,long,golden_cross_flip_open_one_unit,1,1.8660197798096658,107.18,0.04,,1,0,1
2026-08-28T12:45:00+08:00,1787892300000,entry,long,red_histogram_expansion_add,1,1.8724838498267953,106.81,0.04,,2,0,2
2026-08-28T13:00:00+08:00,1787893200000,exit,long,red_histogram_shrinking,1,1.8660197798096658,106.71,0.03982459414069788,-0.9568538906512652,1,0,1
2026-08-28T13:30:00+08:00,1787895000000,entry,long,red_histogram_expansion_add,1,1.8717828731867105,106.85,0.04,,2,0,2
2026-08-28T14:30:00+08:00,1787898600000,exit,long,red_histogram_shrinking,1,1.8724838498267953,107.2,0.04014605374028649,0.6501226476921648,1,0,1
2026-08-28T15:00:00+08:00,1787900400000,exit,long,red_histogram_shrinking,1,1.8717828731867105,107.49,0.0402395882077679,1.1177014506317278,0,0,0
2026-08-28T15:45:00+08:00,1787903100000,entry,short,dead_cross_open,1,1.8754688672168043,106.64,0.04,,0,1,1
2026-08-28T16:15:00+08:00,1787904900000,exit,short,green_histogram_shrinking,1,1.8754688672168043,106.47,0.03993623405851463,0.2388934733683453,0,0,0
2026-08-28T19:00:00+08:00,1787914800000,entry,long,bullish_divergence_confirmed_golden_cross,1,1.884303749764462,106.14,0.04,,1,0,1
2026-08-28T19:30:00+08:00,1787916600000,entry,long,red_histogram_expansion_add,1,1.8844812965231321,106.13,0.04,,2,0,2
2026-08-28T19:45:00+08:00,1787917500000,exit,long,red_histogram_shrinking,1,1.884303749764462,105.89,0.03990578481251177,-0.5509817222536272,1,0,1
2026-08-28T20:30:00+08:00,1787920200000,exit,long,dead_cross_flip_close_opposite,1,1.8844812965231321,104.88,0.03952887967586922,-2.4351305003297843,0,0,0
2026-08-28T20:30:00+08:00,1787920200000,entry,short,dead_cross_flip_open_one_unit,1,1.9069412662090008,104.88,0.04,,0,1,1
2026-08-28T21:00:00+08:00,1787922000000,entry,short,green_histogram_expansion_add,1,1.9082148649937982,104.81,0.04,,0,2,2
2026-08-28T21:15:00+08:00,1787922900000,exit,short,green_histogram_shrinking,1,1.9069412662090008,104.83,0.03998093058733791,0.015366132723106711,0,1,1
2026-08-28T22:00:00+08:00,1787925600000,exit,short,golden_cross_flip_close_opposite,1,1.9082148649937982,105.09,0.040106860032439656,-0.6144070222307054,0,0,0
2026-08-28T22:00:00+08:00,1787925600000,entry,long,golden_cross_flip_open_one_unit,1,1.903130649919117,105.09,0.04,,1,0,1
2026-08-28T22:15:00+08:00,1787926500000,exit,long,dead_cross_flip_close_opposite,1,1.903130649919117,103.95,0.039566086211818445,-2.2491350271196127,0,0,0
2026-08-28T22:15:00+08:00,1787926500000,entry,short,dead_cross_flip_open_one_unit,1,1.924001924001924,103.95,0.04,,0,1,1
2026-08-28T22:30:00+08:00,1787927400000,exit,short,green_histogram_shrinking,1,1.924001924001924,104.48,0.04020394420394421,-1.099924963924966,0,0,0
2026-08-28T22:45:00+08:00,1787928300000,entry,long,golden_cross_open,1,1.8839487565938207,106.16,0.04,,1,0,1
2026-08-28T23:15:00+08:00,1787930100000,exit,long,red_histogram_shrinking,1,1.8839487565938207,105.22,0.039645817633760363,-1.8505576488319475,0,0,0
2026-08-28T23:30:00+08:00,1787931000000,entry,long,zero_axis_up_open,1,1.8744142455482662,106.7,0.04,,1,0,1
2026-08-28T23:45:00+08:00,1787931900000,exit,long,red_histogram_shrinking,1,1.8744142455482662,105.59,0.039583880037488285,-2.1601836925960627,0,0,0
2026-08-29T00:00:00+08:00,1787932800000,entry,short,zero_axis_down_open,1,1.9016829894456593,105.17,0.04,,0,1,1
2026-08-29T00:45:00+08:00,1787935500000,exit,short,green_histogram_shrinking,1,1.9016829894456593,105.04,0.039950556242274414,0.16726823238565264,0,0,0
2026-08-29T04:15:00+08:00,1787948100000,entry,long,golden_cross_open,1,1.9336749492410326,103.43,0.04,,1,0,1
2026-08-29T04:45:00+08:00,1787949900000,entry,long,red_histogram_expansion_add,1,1.9264110961279137,103.82,0.04,,2,0,2
2026-08-29T05:30:00+08:00,1787952600000,exit,long,red_histogram_shrinking,1,1.9336749492410326,103.77,0.04013148989654839,0.5773179928453818,1,0,1
2026-08-29T06:30:00+08:00,1787956200000,entry,long,red_histogram_expansion_add,1,1.9258545979778527,103.85,0.04,,2,0,2
2026-08-29T07:30:00+08:00,1787959800000,exit,long,red_histogram_shrinking,1,1.9264110961279137,104.02,0.04007705644384512,0.3052051627817431,1,0,1
2026-08-29T08:30:00+08:00,1787963400000,entry,long,red_histogram_expansion_add,1,1.9164430816404754,104.36,0.04,,2,0,2
2026-08-29T08:45:00+08:00,1787964300000,exit,long,red_histogram_shrinking,1,1.9258545979778527,104.03,0.04006933076552721,0.26658449687049945,1,0,1
2026-08-29T09:15:00+08:00,1787966100000,exit,long,dead_cross_flip_close_opposite,1,1.9164430816404754,103.83,0.039796857033346116,-1.0955116903028002,0,0,0
2026-08-29T09:15:00+08:00,1787966100000,entry,short,dead_cross_flip_open_one_unit,1,1.9262255610131946,103.83,0.04,,0,1,1
2026-08-29T09:30:00+08:00,1787967000000,exit,short,green_histogram_shrinking,1,1.9262255610131946,104.08,0.04009631127805066,-0.5616527015313494,0,0,0
2026-08-29T09:45:00+08:00,1787967900000,entry,long,golden_cross_open,1,1.9204916458613406,104.14,0.04,,1,0,1
2026-08-29T10:15:00+08:00,1787969700000,entry,long,red_histogram_expansion_add,1,1.9197542714532538,104.18,0.04,,2,0,2
2026-08-29T10:30:00+08:00,1787970600000,exit,long,dead_cross_flip_close_opposite,2,3.8402459173145944,103.82,0.07973886622712024,-1.465407730625961,0,0,0
2026-08-29T10:30:00+08:00,1787970600000,entry,short,dead_cross_flip_open_one_unit,1,1.9264110961279137,103.82,0.04,,0,1,1
2026-08-29T10:45:00+08:00,1787971500000,entry,short,zero_axis_down_add,1,1.926596666987766,103.81,0.04,,0,2,2
2026-08-29T11:00:00+08:00,1787972400000,exit,short,green_histogram_shrinking,1,1.9264110961279137,103.89,0.04002696975534579,-0.21487574648431398,0,1,1
2026-08-29T11:45:00+08:00,1787975100000,exit,short,bullish_divergence_confirmed_golden_cross_close_opposite,1,1.926596666987766,104.05,0.04009247664001541,-0.5424756767170694,0,0,0
2026-08-29T11:45:00+08:00,1787975100000,entry,long,bullish_divergence_confirmed_golden_cross_open_one_unit,1,1.9221528111484865,104.05,0.04,,1,0,1
2026-08-29T12:00:00+08:00,1787976000000,exit,long,dead_cross_flip_close_opposite,1,1.9221528111484865,103.83,0.03991542527630947,-0.5027890437289743,0,0,0
2026-08-29T12:00:00+08:00,1787976000000,entry,short,dead_cross_flip_open_one_unit,1,1.9262255610131946,103.83,0.04,,0,1,1
2026-08-29T12:30:00+08:00,1787977800000,entry,short,green_histogram_expansion_add,1,1.9310611180843875,103.57,0.04,,0,2,2
2026-08-29T12:45:00+08:00,1787978700000,exit,short,green_histogram_shrinking,1,1.9262255610131946,103.72,0.03995762303765771,0.1319271886737926,0,1,1
2026-08-29T13:15:00+08:00,1787980500000,exit,short,bullish_divergence_confirmed_golden_cross_close_opposite,1,1.9310611180843875,104.04,0.04018151974509994,-0.9877802452447874,0,0,0
2026-08-29T13:15:00+08:00,1787980500000,entry,long,bullish_divergence_confirmed_golden_cross_open_one_unit,1,1.9223375624759707,104.04,0.04,,1,0,1
2026-08-29T13:45:00+08:00,1787982300000,entry,long,red_histogram_expansion_add,1,1.922522349322311,104.03,0.04,,2,0,2
2026-08-29T14:00:00+08:00,1787983200000,exit,long,red_histogram_shrinking,1,1.9223375624759707,103.97,0.03997308727412534,-0.2145367166474575,1,0,1
2026-08-29T14:15:00+08:00,1787984100000,exit,long,dead_cross_flip_close_opposite,1,1.922522349322311,103.4,0.03975776218398539,-1.2909468422570325,0,0,0
2026-08-29T14:15:00+08:00,1787984100000,entry,short,dead_cross_flip_open_one_unit,1,1.9342359767891681,103.4,0.04,,0,1,1
2026-08-29T14:45:00+08:00,1787985900000,exit,short,green_histogram_shrinking,1,1.9342359767891681,103.54,0.0400541586073501,-0.35084719535783476,0,0,0
2026-08-29T15:45:00+08:00,1787989500000,entry,long,bullish_divergence_confirmed_golden_cross,1,1.9280825219319386,103.73,0.04,,1,0,1
2026-08-29T16:15:00+08:00,1787991300000,exit,long,dead_cross_flip_close_opposite,1,1.9280825219319386,103.33,0.03984575339824545,-0.851078762171032,0,0,0
2026-08-29T16:15:00+08:00,1787991300000,entry,short,dead_cross_flip_open_one_unit,1,1.9355463079454176,103.33,0.04,,0,1,1
2026-08-29T16:45:00+08:00,1787993100000,entry,short,green_histogram_expansion_add,1,1.937046004842615,103.25,0.04,,0,2,2
2026-08-29T17:00:00+08:00,1787994000000,exit,short,green_histogram_shrinking,1,1.9355463079454176,103.41,0.040030968740927125,-0.23487467337655724,0,1,1
2026-08-29T17:45:00+08:00,1787996700000,exit,short,bullish_divergence_confirmed_golden_cross_close_opposite,1,1.937046004842615,103.43,0.04006973365617434,-0.42873801452785826,0,0,0
2026-08-29T17:45:00+08:00,1787996700000,entry,long,bullish_divergence_confirmed_golden_cross_open_one_unit,1,1.9336749492410326,103.43,0.04,,1,0,1
2026-08-29T18:00:00+08:00,1787997600000,exit,long,dead_cross_flip_close_opposite,1,1.9336749492410326,103.26,0.039934255051725806,-0.40865899642270465,0,0,0
2026-08-29T18:00:00+08:00,1787997600000,entry,short,dead_cross_flip_open_one_unit,1,1.9368584156498159,103.26,0.04,,0,1,1
2026-08-29T18:30:00+08:00,1787999400000,exit,short,golden_cross_flip_close_opposite,1,1.9368584156498159,103.4,0.040054232035638196,-0.3512144102266135,0,0,0
2026-08-29T18:30:00+08:00,1787999400000,entry,long,golden_cross_flip_open_one_unit,1,1.9342359767891681,103.4,0.04,,1,0,1
2026-08-29T19:00:00+08:00,1788001200000,entry,long,red_histogram_expansion_add,1,1.9344230583228552,103.39,0.04,,2,0,2
2026-08-29T19:30:00+08:00,1788003000000,exit,long,red_histogram_shrinking,1,1.9342359767891681,103.49,0.0400348162475822,0.09404642166342203,1,0,1
2026-08-29T20:30:00+08:00,1788006600000,exit,long,red_histogram_shrinking,1,1.9344230583228552,103.44,0.04001934423058323,0.016701808685554036,0,0,0
2026-08-29T21:00:00+08:00,1788008400000,entry,long,zero_axis_up_open,1,1.9314340898116853,103.55,0.04,,1,0,1
2026-08-29T21:45:00+08:00,1788011100000,exit,long,red_histogram_shrinking,1,1.9314340898116853,103.62,0.04002704007725737,0.055173346209574856,0,0,0
2026-08-30T00:45:00+08:00,1788021900000,entry,short,dead_cross_open,1,1.9054878048780488,104.96,0.04,,0,1,1
2026-08-30T01:15:00+08:00,1788023700000,entry,short,green_histogram_expansion_add,1,1.9054878048780488,104.96,0.04,,0,2,2
2026-08-30T02:00:00+08:00,1788026400000,exit,short,green_histogram_shrinking,1,1.9054878048780488,104.8,0.0399390243902439,0.2249390243902374,0,1,1
2026-08-30T03:15:00+08:00,1788030900000,exit,short,golden_cross_flip_close_opposite,1,1.9054878048780488,105.46,0.040190548780487806,-1.0329344512195122,0,0,0
2026-08-30T03:15:00+08:00,1788030900000,entry,long,golden_cross_flip_open_one_unit,1,1.8964536317087048,105.46,0.04,,1,0,1
2026-08-30T03:45:00+08:00,1788032700000,exit,long,red_histogram_shrinking,1,1.8964536317087048,105.53,0.040026550350843924,0.052725203868779415,0,0,0
2026-08-30T04:15:00+08:00,1788034500000,entry,short,bearish_divergence_confirmed_dead_cross,1,1.901321418385778,105.19,0.04,,0,1,1
2026-08-30T04:45:00+08:00,1788036300000,entry,short,green_histogram_expansion_add,1,1.901321418385778,105.19,0.04,,0,2,2
2026-08-30T05:15:00+08:00,1788038100000,exit,short,green_histogram_shrinking,1,1.901321418385778,105.2,0.04000380264283677,-0.09901701682670427,0,1,1
2026-08-30T05:45:00+08:00,1788039900000,entry,short,green_histogram_expansion_add,1,1.906395958440568,104.91,0.04,,0,2,2
2026-08-30T06:00:00+08:00,1788040800000,exit,short,green_histogram_shrinking,1,1.901321418385778,104.98,0.0399201445004278,0.31935735336057375,0,1,1
2026-08-30T07:00:00+08:00,1788044400000,exit,short,golden_cross_flip_close_opposite,1,1.906395958440568,105.43,0.040198265179677825,-1.0715241635687927,0,0,0
2026-08-30T07:00:00+08:00,1788044400000,entry,long,golden_cross_flip_open_one_unit,1,1.8969932656739068,105.43,0.04,,1,0,1
2026-08-30T07:30:00+08:00,1788046200000,entry,long,red_histogram_expansion_add,1,1.893939393939394,105.6,0.04,,2,0,2
2026-08-30T07:45:00+08:00,1788047100000,exit,long,red_histogram_shrinking,1,1.8969932656739068,105.5,0.040026557905719434,0.05276297069144109,1,0,1
2026-08-30T08:15:00+08:00,1788048900000,exit,long,bearish_divergence_confirmed_dead_cross_close_opposite,1,1.893939393939394,105.27,0.039875,-0.7048749999999968,0,0,0
2026-08-30T08:15:00+08:00,1788048900000,entry,short,bearish_divergence_confirmed_dead_cross_open_one_unit,1,1.8998765080269784,105.27,0.04,,0,1,1
2026-08-30T08:45:00+08:00,1788050700000,entry,short,green_histogram_expansion_add,1,1.9007793195210037,105.22,0.04,,0,2,2
2026-08-30T09:45:00+08:00,1788054300000,exit,short,green_histogram_shrinking,1,1.8998765080269784,105.1,0.039935404198727084,0.24304360216586246,0,1,1
2026-08-30T11:15:00+08:00,1788059700000,entry,short,zero_axis_down_add,1,1.9043991620643688,105.02,0.04,,0,2,2
2026-08-30T11:30:00+08:00,1788060600000,exit,short,green_histogram_shrinking,1,1.9007793195210037,105.23,0.04000380155863904,-0.0990115947538588,0,1,1
2026-08-30T12:15:00+08:00,1788063300000,entry,short,green_histogram_expansion_add,1,1.9056693663649356,104.95,0.04,,0,2,2
2026-08-30T13:00:00+08:00,1788066000000,exit,short,green_histogram_shrinking,1,1.9043991620643688,105.05,0.04001142639497239,-0.1371434012569056,0,1,1
2026-08-30T14:00:00+08:00,1788069600000,exit,short,golden_cross_flip_close_opposite,1,1.9056693663649356,105.02,0.0400266793711291,-0.21342353501666161,0,0,0
2026-08-30T14:00:00+08:00,1788069600000,entry,long,golden_cross_flip_open_one_unit,1,1.9043991620643688,105.02,0.04,,1,0,1
2026-08-30T14:15:00+08:00,1788070500000,exit,long,red_histogram_shrinking,1,1.9043991620643688,104.93,0.03996572081508285,-0.2513616454008555,0,0,0
2026-08-30T14:45:00+08:00,1788072300000,entry,short,dead_cross_open,1,1.9065776930409912,104.9,0.04,,0,1,1
2026-08-30T15:00:00+08:00,1788073200000,exit,short,golden_cross_flip_close_opposite,1,1.9065776930409912,105.34,0.040167778836987605,-0.9190619637750195,0,0,0
2026-08-30T15:00:00+08:00,1788073200000,entry,long,golden_cross_flip_open_one_unit,1,1.8986140117714068,105.34,0.04,,1,0,1
2026-08-30T15:15:00+08:00,1788074100000,entry,long,zero_axis_up_add,1,1.9002375296912113,105.25,0.04,,2,0,2
2026-08-30T15:30:00+08:00,1788075000000,exit,long,red_histogram_shrinking,1,1.8986140117714068,105.06,0.0398936776153408,-0.6115056009113369,1,0,1
2026-08-30T15:45:00+08:00,1788075900000,exit,long,dead_cross_flip_close_opposite,1,1.9002375296912113,104.83,0.03984038004750594,-0.8779401425178179,0,0,0
2026-08-30T15:45:00+08:00,1788075900000,entry,short,dead_cross_flip_open_one_unit,1,1.9078508060669657,104.83,0.04,,0,1,1
2026-08-30T16:15:00+08:00,1788077700000,entry,short,green_histogram_expansion_add,1,1.90857906288768,104.79,0.04,,0,2,2
2026-08-30T16:30:00+08:00,1788078600000,exit,short,green_histogram_shrinking,1,1.9078508060669657,104.96,0.040049604120957746,-0.3280702089096546,0,1,1
2026-08-30T17:00:00+08:00,1788080400000,entry,short,green_histogram_expansion_add,1,1.9102196752626552,104.7,0.04,,0,2,2
2026-08-30T17:15:00+08:00,1788081300000,exit,short,green_histogram_shrinking,1,1.90857906288768,104.82,0.040011451474377326,-0.13726882336098276,0,1,1
2026-08-30T17:45:00+08:00,1788083100000,exit,short,green_histogram_shrinking,1,1.9102196752626552,104.64,0.03997707736389685,0.034636103151866805,0,0,0
2026-08-30T18:30:00+08:00,1788085800000,entry,long,bullish_divergence_confirmed_golden_cross,1,1.9089433998281953,104.77,0.04,,1,0,1
2026-08-30T19:00:00+08:00,1788087600000,entry,long,red_histogram_expansion_add,1,1.9040365575019038,105.04,0.04,,2,0,2
2026-08-30T19:45:00+08:00,1788090300000,exit,long,red_histogram_shrinking,1,1.9089433998281953,105.0,0.0400878113963921,0.35896917056410044,1,0,1
2026-08-30T20:30:00+08:00,1788093000000,exit,long,red_histogram_shrinking,1,1.9040365575019038,105.39,0.04013328255902513,0.5862795125666304,0,0,0
2026-08-30T23:15:00+08:00,1788102900000,entry,short,dead_cross_open,1,1.885369532428356,106.08,0.04,,0,1,1
2026-08-30T23:45:00+08:00,1788104700000,entry,short,green_histogram_expansion_add,1,1.8793459875963165,106.42,0.04,,0,2,2
2026-08-31T00:15:00+08:00,1788106500000,exit,short,green_histogram_shrinking,1,1.885369532428356,106.94,0.04032428355957768,-1.7017420814479627,0,1,1
2026-08-31T00:45:00+08:00,1788108300000,exit,short,green_histogram_shrinking,1,1.8793459875963165,106.63,0.040078932531479046,-0.47474158992669374,0,0,0
2026-08-31T03:00:00+08:00,1788116400000,entry,long,golden_cross_open,1,1.8758206715438004,106.62,0.04,,1,0,1
2026-08-31T03:30:00+08:00,1788118200000,exit,long,dead_cross_flip_close_opposite,1,1.8758206715438004,106.21,0.039846182704933404,-0.848932658037912,0,0,0
2026-08-31T03:30:00+08:00,1788118200000,entry,short,dead_cross_flip_open_one_unit,1,1.8830618585820544,106.21,0.04,,0,1,1
2026-08-31T03:45:00+08:00,1788119100000,entry,short,zero_axis_down_add,1,1.8946570670708602,105.56,0.04,,0,2,2
2026-08-31T04:15:00+08:00,1788120900000,exit,short,green_histogram_shrinking,1,1.8830618585820544,105.77,0.03983429055644478,0.7487129272196548,0,1,1
2026-08-31T04:45:00+08:00,1788122700000,entry,short,green_histogram_expansion_add,1,1.9125944343501962,104.57,0.04,,0,2,2
2026-08-31T05:30:00+08:00,1788125400000,exit,short,green_histogram_shrinking,1,1.8946570670708602,104.18,0.03947707464948845,2.53514967790829,0,1,1
2026-08-31T06:45:00+08:00,1788129900000,exit,short,green_histogram_shrinking,1,1.9125944343501962,103.64,0.03964425743521086,1.6990685665104572,0,0,0
2026-08-31T08:45:00+08:00,1788137100000,entry,long,golden_cross_open,1,1.9554165037152913,102.28,0.04,,1,0,1
2026-08-31T09:15:00+08:00,1788138900000,exit,long,red_histogram_shrinking,1,1.9554165037152913,101.65,0.03975361752053187,-1.3116660148611565,0,0,0
2026-08-31T14:15:00+08:00,1788156900000,entry,long,zero_axis_up_open,1,1.9500780031201248,102.56,0.04,,1,0,1
2026-08-31T17:00:00+08:00,1788166800000,entry,long,red_histogram_expansion_add,1,1.9389238972370333,103.15,0.04,,2,0,2
2026-08-31T17:15:00+08:00,1788167700000,exit,long,red_histogram_shrinking,1,1.9500780031201248,102.96,0.04015600624024961,0.6998751950077836,1,0,1
2026-08-31T18:00:00+08:00,1788170400000,exit,long,bearish_divergence_confirmed_dead_cross_close_opposite,1,1.9389238972370333,103.02,0.03994958797867183,-0.33200969461950486,0,0,0
2026-08-31T18:00:00+08:00,1788170400000,entry,short,bearish_divergence_confirmed_dead_cross_open_one_unit,1,1.9413706076490003,103.02,0.04,,0,1,1
2026-08-31T18:30:00+08:00,1788172200000,entry,short,green_histogram_expansion_add,1,1.9447685725398678,102.84,0.04,,0,2,2
2026-08-31T18:45:00+08:00,1788173100000,exit,short,green_histogram_shrinking,1,1.9413706076490003,103.16,0.040054358377014175,-0.3518462434478753,0,1,1
2026-08-31T19:00:00+08:00,1788174000000,exit,short,golden_cross_flip_close_opposite,1,1.9447685725398678,103.59,0.040291715285880984,-1.538868144690782,0,0,0
2026-08-31T19:00:00+08:00,1788174000000,entry,long,golden_cross_flip_open_one_unit,1,1.9306882903755187,103.59,0.04,,1,0,1
2026-08-31T19:30:00+08:00,1788175800000,entry,long,red_histogram_expansion_add,1,1.9258545979778527,103.85,0.04,,2,0,2
2026-08-31T19:45:00+08:00,1788176700000,exit,long,red_histogram_shrinking,1,1.9306882903755187,103.59,0.04,-0.08,1,0,1
2026-08-31T20:15:00+08:00,1788178500000,exit,long,bearish_divergence_confirmed_dead_cross_close_opposite,1,1.9258545979778527,103.48,0.03985748675974964,-0.7924236880115366,0,0,0
2026-08-31T20:15:00+08:00,1788178500000,entry,short,bearish_divergence_confirmed_dead_cross_open_one_unit,1,1.9327406262079627,103.48,0.04,,0,1,1
2026-08-31T20:45:00+08:00,1788180300000,entry,short,green_histogram_expansion_add,1,1.9468509685583568,102.73,0.04,,0,2,2
2026-08-31T21:15:00+08:00,1788182100000,exit,short,green_histogram_shrinking,1,1.9327406262079627,102.8,0.03973714727483572,1.234526478546592,0,1,1
2026-08-31T22:00:00+08:00,1788184800000,entry,short,green_histogram_expansion_add,1,1.9548431238393118,102.31,0.04,,0,2,2
2026-08-31T22:15:00+08:00,1788185700000,exit,short,green_histogram_shrinking,1,1.9468509685583568,102.37,0.0398598267302638,0.6210065219507436,0,1,1
2026-08-31T22:45:00+08:00,1788187500000,exit,short,golden_cross_flip_close_opposite,1,1.9548431238393118,103.41,0.04043006548724465,-2.230757501710477,0,0,0
2026-08-31T22:45:00+08:00,1788187500000,entry,long,golden_cross_flip_open_one_unit,1,1.9340489314379654,103.41,0.04,,1,0,1
2026-08-31T23:00:00+08:00,1788188400000,entry,long,zero_axis_up_add,1,1.9327406262079627,103.48,0.04,,2,0,2
2026-08-31T23:15:00+08:00,1788189300000,exit,long,red_histogram_shrinking,1,1.9340489314379654,102.87,0.039791122715404706,-1.1241775456918905,1,0,1
2026-08-31T23:45:00+08:00,1788191100000,entry,long,red_histogram_expansion_add,1,1.9353590090961872,103.34,0.04,,2,0,2
2026-09-01T00:00:00+08:00,1788192000000,exit,long,red_histogram_shrinking,1,1.9327406262079627,102.8,0.03973714727483572,-1.3940007730962636,1,0,1
2026-09-01T00:15:00+08:00,1788192900000,exit,long,dead_cross_flip_close_opposite,1,1.9353590090961872,102.56,0.039698083994580996,-1.5892781110896093,0,0,0
2026-09-01T00:15:00+08:00,1788192900000,entry,short,dead_cross_flip_open_one_unit,1,1.9500780031201248,102.56,0.04,,0,1,1
2026-09-01T00:45:00+08:00,1788194700000,exit,short,green_histogram_shrinking,1,1.9500780031201248,102.94,0.040148205928237125,-0.8211778471138756,0,0,0
2026-09-01T01:15:00+08:00,1788196500000,entry,long,golden_cross_open,1,1.9419361103019712,102.99,0.04,,1,0,1
2026-09-01T01:30:00+08:00,1788197400000,exit,long,dead_cross_flip_close_opposite,1,1.9419361103019712,102.7,0.03988736770560249,-0.6430488396931587,0,0,0
2026-09-01T01:30:00+08:00,1788197400000,entry,short,dead_cross_flip_open_one_unit,1,1.9474196689386563,102.7,0.04,,0,1,1
2026-09-01T01:45:00+08:00,1788198300000,exit,short,golden_cross_flip_close_opposite,1,1.9474196689386563,103.47,0.04029990262901656,-1.579813047711774,0,0,0
2026-09-01T01:45:00+08:00,1788198300000,entry,long,golden_cross_flip_open_one_unit,1,1.9329274185754326,103.47,0.04,,1,0,1
2026-09-01T02:15:00+08:00,1788200100000,entry,long,red_histogram_expansion_add,1,1.929943066679533,103.63,0.04,,2,0,2
2026-09-01T03:00:00+08:00,1788202800000,exit,long,red_histogram_shrinking,1,1.9329274185754326,104.4,0.04035952449985504,1.7172629747753103,1,0,1
2026-09-01T04:00:00+08:00,1788206400000,exit,long,dead_cross_flip_close_opposite,1,1.929943066679533,103.56,0.03997298079706649,-0.21506899546462063,0,0,0
2026-09-01T04:00:00+08:00,1788206400000,entry,short,dead_cross_flip_open_one_unit,1,1.9312475859405176,103.56,0.04,,0,1,1
2026-09-01T04:30:00+08:00,1788208200000,exit,short,green_histogram_shrinking,1,1.9312475859405176,103.94,0.04014677481653148,-0.8140208574739194,0,0,0
2026-09-01T06:30:00+08:00,1788215400000,entry,short,zero_axis_down_open,1,1.9364833462432223,103.28,0.04,,0,1,1
2026-09-01T07:30:00+08:00,1788219000000,exit,short,green_histogram_shrinking,1,1.9364833462432223,103.14,0.03994577846630519,0.19116189000774703,0,0,0
2026-09-01T08:30:00+08:00,1788222600000,entry,long,golden_cross_open,1,1.934984520123839,103.36,0.04,,1,0,1
2026-09-01T09:00:00+08:00,1788224400000,exit,long,red_histogram_shrinking,1,1.934984520123839,103.13,0.0399109907120743,-0.524957430340565,0,0,0
2026-09-01T09:15:00+08:00,1788225300000,entry,short,dead_cross_open,1,1.9425019425019425,102.96,0.04,,0,1,1
2026-09-01T09:45:00+08:00,1788227100000,exit,short,golden_cross_flip_close_opposite,1,1.9425019425019425,103.34,0.040147630147630155,-0.8182983682983871,0,0,0
2026-09-01T09:45:00+08:00,1788227100000,entry,long,golden_cross_flip_open_one_unit,1,1.9353590090961872,103.34,0.04,,1,0,1
2026-09-01T10:15:00+08:00,1788228900000,exit,long,red_histogram_shrinking,1,1.9353590090961872,103.03,0.03988000774143603,-0.6798413005612586,0,0,0
2026-09-01T11:30:00+08:00,1788233400000,entry,long,zero_axis_up_open,1,1.9333011116481391,103.45,0.04,,1,0,1
2026-09-01T12:00:00+08:00,1788235200000,exit,long,red_histogram_shrinking,1,1.9333011116481391,103.59,0.04005413243112615,0.19060802319961442,0,0,0
2026-09-01T14:45:00+08:00,1788245100000,entry,short,dead_cross_open,1,1.9275250578257517,103.76,0.04,,0,1,1
2026-09-01T15:15:00+08:00,1788246900000,entry,short,green_histogram_expansion_add,1,1.936295866008326,103.29,0.04,,0,2,2
2026-09-01T16:00:00+08:00,1788249600000,exit,short,green_histogram_shrinking,1,1.9275250578257517,103.1,0.039745566692367,1.19242097147265,0,1,1
2026-09-01T16:30:00+08:00,1788251400000,entry,short,green_histogram_expansion_add,1,1.9596315892612188,102.06,0.04,,0,2,2
2026-09-01T16:45:00+08:00,1788252300000,exit,short,green_histogram_shrinking,1,1.936295866008326,102.1,0.03953916158389002,2.2246529189660413,0,1,1
2026-09-01T18:30:00+08:00,1788258600000,exit,short,golden_cross_flip_close_opposite,1,1.9596315892612188,102.28,0.040086223789927496,-0.5112051734273935,0,0,0
2026-09-01T18:30:00+08:00,1788258600000,entry,long,golden_cross_flip_open_one_unit,1,1.9554165037152913,102.28,0.04,,1,0,1
2026-09-01T19:00:00+08:00,1788260400000,entry,long,red_histogram_expansion_add,1,1.9550342130987293,102.3,0.04,,2,0,2
2026-09-01T19:15:00+08:00,1788261300000,exit,long,red_histogram_shrinking,1,1.9554165037152913,102.21,0.039972624168947986,-0.21685177942903283,1,0,1
2026-09-01T20:00:00+08:00,1788264000000,exit,long,red_histogram_shrinking,1,1.9550342130987293,102.22,0.03996871945259042,-0.23637145650048544,0,0,0
2026-09-01T21:15:00+08:00,1788268500000,entry,short,dead_cross_open,1,1.9650225977598743,101.78,0.04,,0,1,1
2026-09-01T21:45:00+08:00,1788270300000,exit,short,green_histogram_shrinking,1,1.9650225977598743,101.79,0.04000393004519553,-0.09965415602280434,0,0,0
2026-09-01T22:00:00+08:00,1788271200000,entry,long,golden_cross_open,1,1.962901167926195,101.89,0.04,,1,0,1
2026-09-01T22:30:00+08:00,1788273000000,entry,long,red_histogram_expansion_add,1,1.9588638589618024,102.1,0.04,,2,0,2
2026-09-01T23:00:00+08:00,1788274800000,exit,long,red_histogram_shrinking,1,1.962901167926195,101.95,0.040023554814015115,0.03775051526156104,1,0,1
2026-09-01T23:15:00+08:00,1788275700000,exit,long,dead_cross_flip_close_opposite,1,1.9588638589618024,101.36,0.039710088148873654,-1.5292693437805975,0,0,0
2026-09-01T23:15:00+08:00,1788275700000,entry,short,dead_cross_flip_open_one_unit,1,1.973164956590371,101.36,0.04,,0,1,1
2026-09-01T23:30:00+08:00,1788276600000,exit,short,green_histogram_shrinking,1,1.973164956590371,101.77,0.04016179952644041,-0.8891594317284859,0,0,0
2026-09-01T23:45:00+08:00,1788277500000,entry,long,golden_cross_open,1,1.957905041605482,102.15,0.04,,1,0,1
2026-09-02T00:15:00+08:00,1788279300000,exit,long,dead_cross_flip_close_opposite,1,1.957905041605482,101.39,0.03970239843367596,-1.5677102300538523,0,0,0
2026-09-02T00:15:00+08:00,1788279300000,entry,short,dead_cross_flip_open_one_unit,1,1.9725811223986587,101.39,0.04,,0,1,1
2026-09-02T00:45:00+08:00,1788281100000,entry,short,green_histogram_expansion_add,1,1.984914648670107,100.76,0.04,,0,2,2
2026-09-02T01:30:00+08:00,1788283800000,exit,short,green_histogram_shrinking,1,1.9725811223986587,100.96,0.03983035802347371,0.768379524607963,0,1,1
2026-09-02T02:15:00+08:00,1788286500000,entry,short,green_histogram_expansion_add,1,2.0002000200020005,99.99,0.04,,0,2,2
2026-09-02T03:00:00+08:00,1788289200000,exit,short,green_histogram_shrinking,1,1.984914648670107,99.55,0.03951965065502183,2.3222270742358235,0,1,1
2026-09-02T03:30:00+08:00,1788291000000,exit,short,golden_cross_flip_close_opposite,1,2.0002000200020005,100.09,0.040040004000400045,-0.28006000600061715,0,0,0
2026-09-02T03:30:00+08:00,1788291000000,entry,long,golden_cross_flip_open_one_unit,1,1.998201618543311,100.09,0.04,,1,0,1
2026-09-02T04:00:00+08:00,1788292800000,entry,long,red_histogram_expansion_add,1,1.9996000799840032,100.02,0.04,,2,0,2
2026-09-02T04:45:00+08:00,1788295500000,exit,long,red_histogram_shrinking,1,1.998201618543311,99.79,0.0398801079028874,-0.679340593465875,1,0,1
2026-09-02T05:15:00+08:00,1788297300000,exit,long,red_histogram_shrinking,1,1.9996000799840032,99.2,0.03967206558688263,-1.7193441311737518,0,0,0
2026-09-02T09:30:00+08:00,1788312600000,entry,short,dead_cross_open,1,2.010454362685967,99.48,0.04,,0,1,1
2026-09-02T10:00:00+08:00,1788314400000,entry,short,green_histogram_expansion_add,1,2.0195900232252852,99.03,0.04,,0,2,2
2026-09-02T10:15:00+08:00,1788315300000,exit,short,green_histogram_shrinking,1,2.010454362685967,99.01,0.03981101728990752,0.8651025331724945,0,1,1
2026-09-02T10:45:00+08:00,1788317100000,exit,short,bullish_divergence_confirmed_golden_cross_close_opposite,1,2.0195900232252852,99.79,0.04030697768353025,-1.6151953953347575,0,0,0
2026-09-02T10:45:00+08:00,1788317100000,entry,long,bullish_divergence_confirmed_golden_cross_open_one_unit,1,2.0042088385609778,99.79,0.04,,1,0,1
2026-09-02T11:15:00+08:00,1788318900000,entry,long,zero_axis_up_add,1,1.9902477858493384,100.49,0.04,,2,0,2
2026-09-02T11:45:00+08:00,1788320700000,exit,long,red_histogram_shrinking,1,2.0042088385609778,100.21,0.04016835354243912,0.7615993586531464,1,0,1
2026-09-02T13:15:00+08:00,1788326100000,exit,long,dead_cross_flip_close_opposite,1,1.9902477858493384,100.02,0.03981291670813017,-1.015229376057317,0,0,0
2026-09-02T13:15:00+08:00,1788326100000,entry,short,dead_cross_flip_open_one_unit,1,1.9996000799840032,100.02,0.04,,0,1,1
2026-09-02T13:30:00+08:00,1788327000000,exit,short,bullish_divergence_confirmed_golden_cross_close_opposite,1,1.9996000799840032,100.25,0.04009198160367927,-0.540000000000008,0,0,0
2026-09-02T13:30:00+08:00,1788327000000,entry,long,bullish_divergence_confirmed_golden_cross_open_one_unit,1,1.9950124688279303,100.25,0.04,,1,0,1
2026-09-02T13:45:00+08:00,1788327900000,exit,long,red_histogram_shrinking,1,1.9950124688279303,100.17,0.039968079800498754,-0.23956907730672977,0,0,0
2026-09-02T14:15:00+08:00,1788329700000,entry,short,dead_cross_open,1,2.0020020020020017,99.9,0.04,,0,1,1
2026-09-02T14:45:00+08:00,1788331500000,exit,short,green_histogram_shrinking,1,2.0020020020020017,100.04,0.040056056056056055,-0.36033633633633744,0,0,0
2026-09-02T16:00:00+08:00,1788336000000,entry,short,zero_axis_down_open,1,2.004610604390097,99.77,0.04,,0,1,1
2026-09-02T17:15:00+08:00,1788340500000,exit,short,green_histogram_shrinking,1,2.004610604390097,99.06,0.039715345294176606,1.34355818382278,0,0,0
2026-09-02T20:15:00+08:00,1788351300000,entry,long,golden_cross_open,1,2.038320423970648,98.12,0.04,,1,0,1
2026-09-02T20:45:00+08:00,1788353100000,exit,long,red_histogram_shrinking,1,2.038320423970648,97.87,0.03989808397880147,-0.5894781899714635,0,0,0
2026-09-02T22:15:00+08:00,1788358500000,entry,long,zero_axis_up_open,1,2.011263073209976,99.44,0.04,,1,0,1
2026-09-02T22:30:00+08:00,1788359400000,exit,long,red_histogram_shrinking,1,2.011263073209976,99.37,0.039971842316975065,-0.22076025744165967,0,0,0
2026-09-03T00:45:00+08:00,1788367500000,entry,short,dead_cross_open,1,2.0228582987761707,98.87,0.04,,0,1,1
2026-09-03T01:15:00+08:00,1788369300000,entry,short,green_histogram_expansion_add,1,2.0329335230737957,98.38,0.04,,0,2,2
2026-09-03T01:45:00+08:00,1788371100000,exit,short,green_histogram_shrinking,1,2.0228582987761707,99.0,0.04005259431576818,-0.34302417315666117,0,1,1
2026-09-03T02:15:00+08:00,1788372900000,exit,short,golden_cross_flip_close_opposite,1,2.0329335230737957,99.45,0.040435047773937804,-2.2556739174629143,0,0,0
2026-09-03T02:15:00+08:00,1788372900000,entry,long,golden_cross_flip_open_one_unit,1,2.0110608345902463,99.45,0.04,,1,0,1
2026-09-03T02:45:00+08:00,1788374700000,exit,long,red_histogram_shrinking,1,2.0110608345902463,99.23,0.03991151332327803,-0.5223448969331299,0,0,0
2026-09-03T03:45:00+08:00,1788378300000,entry,short,dead_cross_open,1,2.015519500151164,99.23,0.04,,0,1,1
2026-09-03T04:00:00+08:00,1788379200000,exit,short,golden_cross_flip_close_opposite,1,2.015519500151164,99.38,0.040060465585004534,-0.3823883906076619,0,0,0
2026-09-03T04:00:00+08:00,1788379200000,entry,long,golden_cross_flip_open_one_unit,1,2.0124773596297043,99.38,0.04,,1,0,1
2026-09-03T04:30:00+08:00,1788381000000,entry,long,red_histogram_expansion_add,1,2.008233758409479,99.59,0.04,,2,0,2
2026-09-03T04:45:00+08:00,1788381900000,exit,long,red_histogram_shrinking,1,2.0124773596297043,99.51,0.04005232441135038,0.18156973234053062,1,0,1
2026-09-03T05:15:00+08:00,1788383700000,exit,long,red_histogram_shrinking,1,2.008233758409479,99.56,0.03998795059744954,-0.14023496334973617,0,0,0
2026-09-03T05:30:00+08:00,1788384600000,entry,short,bearish_divergence_confirmed_dead_cross,1,2.0100502512562812,99.5,0.04,,0,1,1
2026-09-03T05:45:00+08:00,1788385500000,exit,short,golden_cross_flip_close_opposite,1,2.0100502512562812,99.74,0.0400964824120603,-0.5625085427135575,0,0,0
2026-09-03T05:45:00+08:00,1788385500000,entry,long,golden_cross_flip_open_one_unit,1,2.0052135552436336,99.74,0.04,,1,0,1
2026-09-03T06:00:00+08:00,1788386400000,exit,long,bearish_divergence_confirmed_dead_cross_close_opposite,1,2.0052135552436336,99.6,0.03994385402045318,-0.360673751754563,0,0,0
2026-09-03T06:00:00+08:00,1788386400000,entry,short,bearish_divergence_confirmed_dead_cross_open_one_unit,1,2.0080321285140563,99.6,0.04,,0,1,1
2026-09-03T06:30:00+08:00,1788388200000,entry,short,green_histogram_expansion_add,1,2.0167389331451044,99.17,0.04,,0,2,2
2026-09-03T06:45:00+08:00,1788389100000,exit,short,green_histogram_shrinking,1,2.0080321285140563,99.67,0.0400281124497992,-0.220590361445798,0,1,1
2026-09-03T07:15:00+08:00,1788390900000,exit,short,golden_cross_flip_close_opposite,1,2.0167389331451044,99.88,0.040286376928506604,-1.5121710194615183,0,0,0
2026-09-03T07:15:00+08:00,1788390900000,entry,long,golden_cross_flip_open_one_unit,1,2.002402883460152,99.88,0.04,,1,0,1
2026-09-03T07:45:00+08:00,1788392700000,exit,long,red_histogram_shrinking,1,2.002402883460152,99.86,0.03999199038846616,-0.12004004805766122,0,0,0
2026-09-03T08:45:00+08:00,1788396300000,entry,short,dead_cross_open,1,2.0062192797672784,99.69,0.04,,0,1,1
2026-09-03T09:15:00+08:00,1788398100000,exit,short,golden_cross_flip_close_opposite,1,2.0062192797672784,100.32,0.04025278362925067,-1.3441709298826272,0,0,0
2026-09-03T09:15:00+08:00,1788398100000,entry,long,golden_cross_flip_open_one_unit,1,1.9936204146730463,100.32,0.04,,1,0,1
2026-09-03T09:45:00+08:00,1788399900000,exit,long,red_histogram_shrinking,1,1.9936204146730463,100.11,0.03991626794258373,-0.49857655502391096,0,0,0
2026-09-03T11:45:00+08:00,1788407100000,entry,short,dead_cross_open,1,1.9938191606021334,100.31,0.04,,0,1,1
2026-09-03T12:15:00+08:00,1788408900000,entry,short,green_histogram_expansion_add,1,1.9928258270227182,100.36,0.04,,0,2,2
2026-09-03T13:00:00+08:00,1788411600000,exit,short,green_histogram_shrinking,1,1.9938191606021334,100.94,0.04025122121423587,-1.336357292393571,0,1,1
2026-09-03T13:30:00+08:00,1788413400000,entry,short,green_histogram_expansion_add,1,2.002803925495694,99.86,0.04,,0,2,2
2026-09-03T13:45:00+08:00,1788414300000,exit,short,green_histogram_shrinking,1,1.9928258270227182,100.36,0.04,-0.08,0,1,1
2026-09-03T14:15:00+08:00,1788416100000,exit,short,golden_cross_flip_close_opposite,1,2.002803925495694,100.57,0.04028439815742039,-1.5022751852593506,0,0,0
2026-09-03T14:15:00+08:00,1788416100000,entry,long,golden_cross_flip_open_one_unit,1,1.9886646117132347,100.57,0.04,,1,0,1
2026-09-03T14:45:00+08:00,1788417900000,entry,long,red_histogram_expansion_add,1,1.9819641264493113,100.91,0.04,,2,0,2
2026-09-03T15:00:00+08:00,1788418800000,exit,long,red_histogram_shrinking,1,1.9886646117132347,100.83,0.040103410559809094,0.43694938848564213,1,0,1
2026-09-03T15:30:00+08:00,1788420600000,exit,long,red_histogram_shrinking,1,1.9819641264493113,100.81,0.039960360717471013,-0.27815677336239086,0,0,0
2026-09-03T15:45:00+08:00,1788421500000,entry,short,dead_cross_open,1,1.9857029388403495,100.72,0.04,,0,1,1
2026-09-03T16:15:00+08:00,1788423300000,exit,short,green_histogram_shrinking,1,1.9857029388403495,100.82,0.04003971405877681,-0.2786100079428005,0,0,0
2026-09-03T17:45:00+08:00,1788428700000,entry,short,zero_axis_down_open,1,1.9940179461615155,100.3,0.04,,0,1,1
2026-09-03T18:30:00+08:00,1788431400000,exit,short,green_histogram_shrinking,1,1.9940179461615155,100.09,0.03991625124626122,0.3388275174476446,0,0,0
2026-09-03T19:30:00+08:00,1788435000000,entry,long,golden_cross_open,1,1.984914648670107,100.76,0.04,,1,0,1
2026-09-03T19:45:00+08:00,1788435900000,entry,long,zero_axis_up_add,1,1.9835366458395318,100.83,0.04,,2,0,2
2026-09-03T20:30:00+08:00,1788438600000,exit,long,red_histogram_shrinking,1,1.984914648670107,100.69,0.039972211194918617,-0.21891623660184079,1,0,1
2026-09-03T21:00:00+08:00,1788440400000,entry,long,red_histogram_expansion_add,1,1.9683102056884165,101.61,0.04,,2,0,2
2026-09-03T21:30:00+08:00,1788442200000,exit,long,red_histogram_shrinking,1,1.9835366458395318,101.35,0.04020628781116731,0.9512327680253814,1,0,1
2026-09-03T22:00:00+08:00,1788444000000,exit,long,red_histogram_shrinking,1,1.9683102056884165,101.41,0.03992126759177247,-0.4735833087294613,0,0,0
2026-09-04T00:45:00+08:00,1788453900000,entry,short,dead_cross_open,1,1.9184652278177459,104.25,0.04,,0,1,1
2026-09-04T01:15:00+08:00,1788455700000,exit,short,green_histogram_shrinking,1,1.9184652278177459,104.75,0.04019184652278178,-1.0394244604316547,0,0,0
2026-09-04T06:45:00+08:00,1788475500000,entry,short,zero_axis_down_open,1,1.9232618521011637,103.99,0.04,,0,1,1
2026-09-04T07:00:00+08:00,1788476400000,exit,short,green_histogram_shrinking,1,1.9232618521011637,104.1,0.04004231176074623,-0.2916011154918732,0,0,0
2026-09-04T10:00:00+08:00,1788487200000,entry,long,golden_cross_open,1,1.92789666473877,103.74,0.04,,1,0,1
2026-09-04T10:30:00+08:00,1788489000000,exit,long,red_histogram_shrinking,1,1.92789666473877,103.39,0.039865047233468294,-0.7546288798920269,0,0,0
2026-09-04T14:00:00+08:00,1788501600000,entry,short,dead_cross_open,1,1.929943066679533,103.63,0.04,,0,1,1
2026-09-04T14:15:00+08:00,1788502500000,exit,short,golden_cross_flip_close_opposite,1,1.929943066679533,103.83,0.040077197722667185,-0.46606581105857925,0,0,0
2026-09-04T14:15:00+08:00,1788502500000,entry,long,golden_cross_flip_open_one_unit,1,1.9262255610131946,103.83,0.04,,1,0,1
2026-09-04T14:30:00+08:00,1788503400000,exit,long,dead_cross_flip_close_opposite,1,1.9262255610131946,103.37,0.03982278724838679,-0.9658865453144444,0,0,0
2026-09-04T14:30:00+08:00,1788503400000,entry,short,dead_cross_flip_open_one_unit,1,1.9347973299796846,103.37,0.04,,0,1,1
2026-09-04T14:45:00+08:00,1788504300000,exit,short,green_histogram_shrinking,1,1.9347973299796846,103.63,0.04010060946115894,-0.5831479152558593,0,0,0
2026-09-04T15:15:00+08:00,1788506100000,entry,long,bullish_divergence_confirmed_golden_cross,1,1.9251131003946482,103.89,0.04,,1,0,1
2026-09-04T15:45:00+08:00,1788507900000,exit,long,red_histogram_shrinking,1,1.9251131003946482,103.68,0.03991914524978343,-0.4841928963326475,0,0,0
2026-09-04T16:00:00+08:00,1788508800000,entry,short,bearish_divergence_confirmed_dead_cross,1,1.9314340898116853,103.55,0.04,,0,1,1
2026-09-04T16:15:00+08:00,1788509700000,exit,short,bullish_divergence_confirmed_golden_cross_close_opposite,1,1.9314340898116853,103.68,0.04005021728633511,-0.33113664896187284,0,0,0
2026-09-04T16:15:00+08:00,1788509700000,entry,long,bullish_divergence_confirmed_golden_cross_open_one_unit,1,1.9290123456790123,103.68,0.04,,1,0,1
2026-09-04T16:45:00+08:00,1788511500000,exit,long,red_histogram_shrinking,1,1.9290123456790123,103.75,0.040027006172839504,0.055003858024678186,0,0,0
2026-09-04T17:00:00+08:00,1788512400000,entry,long,zero_axis_up_open,1,1.9173617102866456,104.31,0.04,,1,0,1
2026-09-04T17:15:00+08:00,1788513300000,entry,long,red_histogram_expansion_add,1,1.9203072491598654,104.15,0.04,,2,0,2
2026-09-04T17:30:00+08:00,1788514200000,exit,long,red_histogram_shrinking,1,1.9173617102866456,104.05,0.039900297191065096,-0.5784143418656028,1,0,1
2026-09-04T18:00:00+08:00,1788516000000,exit,long,red_histogram_shrinking,1,1.9203072491598654,104.0,0.0399423907825252,-0.3679884781565159,0,0,0
2026-09-04T18:15:00+08:00,1788516900000,entry,short,bearish_divergence_confirmed_dead_cross,1,1.927153594141453,103.78,0.04,,0,1,1
2026-09-04T18:45:00+08:00,1788518700000,exit,short,green_histogram_shrinking,1,1.927153594141453,103.93,0.040057814607824246,-0.36913085372905313,0,0,0
2026-09-04T19:30:00+08:00,1788521400000,entry,long,golden_cross_open,1,1.9197542714532538,104.18,0.04,,1,0,1
2026-09-04T20:00:00+08:00,1788523200000,exit,long,red_histogram_shrinking,1,1.9197542714532538,104.03,0.0399424073718564,-0.36790554808985537,0,0,0
2026-09-04T20:15:00+08:00,1788524100000,entry,short,dead_cross_open,1,1.9223375624759707,104.04,0.04,,0,1,1
2026-09-04T20:30:00+08:00,1788525000000,exit,short,golden_cross_flip_close_opposite,1,1.9223375624759707,104.31,0.0401038062283737,-0.5991349480968782,0,0,0
2026-09-04T20:30:00+08:00,1788525000000,entry,long,golden_cross_flip_open_one_unit,1,1.9173617102866456,104.31,0.04,,1,0,1
2026-09-04T20:45:00+08:00,1788525900000,exit,long,dead_cross_flip_close_opposite,1,1.9173617102866456,101.37,0.03887259131435146,-5.715916019557086,0,0,0
2026-09-04T20:45:00+08:00,1788525900000,entry,short,dead_cross_flip_open_one_unit,1,1.9729703067968827,101.37,0.04,,0,1,1
2026-09-04T21:15:00+08:00,1788527700000,entry,short,green_histogram_expansion_add,1,1.979610016826685,101.03,0.04,,0,2,2
2026-09-04T21:30:00+08:00,1788528600000,exit,short,green_histogram_shrinking,1,1.9729703067968827,101.32,0.039980270296932026,0.01866824504293453,0,1,1
2026-09-04T23:00:00+08:00,1788534000000,exit,short,green_histogram_shrinking,1,1.979610016826685,100.74,0.03988518261902405,0.4942017222607269,0,0,0
2026-09-04T23:30:00+08:00,1788535800000,entry,long,golden_cross_open,1,1.971608832807571,101.44,0.04,,1,0,1
2026-09-05T00:00:00+08:00,1788537600000,entry,long,red_histogram_expansion_add,1,1.9729703067968827,101.37,0.04,,2,0,2
2026-09-05T01:00:00+08:00,1788541200000,exit,long,red_histogram_shrinking,1,1.971608832807571,101.77,0.0401301261829653,0.5705007886435297,1,0,1
2026-09-05T02:45:00+08:00,1788547500000,entry,long,red_histogram_expansion_add,1,1.9692792437967703,101.56,0.04,,2,0,2
2026-09-05T03:45:00+08:00,1788551100000,exit,long,red_histogram_shrinking,1,1.9729703067968827,101.64,0.04010654039656703,0.45259544243858346,1,0,1
2026-09-05T05:00:00+08:00,1788555600000,exit,long,red_histogram_shrinking,1,1.9692792437967703,101.69,0.04005120126033871,0.17595510043323248,0,0,0
2026-09-05T05:45:00+08:00,1788558300000,entry,long,zero_axis_up_open,1,1.9648295510364475,101.79,0.04,,1,0,1
2026-09-05T06:00:00+08:00,1788559200000,exit,long,red_histogram_shrinking,1,1.9648295510364475,101.5,0.039886039886039885,-0.649686609686622,0,0,0
2026-09-05T07:15:00+08:00,1788563700000,entry,long,zero_axis_up_open,1,1.9657951641438962,101.74,0.04,,1,0,1
2026-09-05T08:15:00+08:00,1788567300000,exit,long,red_histogram_shrinking,1,1.9657951641438962,101.74,0.04,-0.08,0,0,0
2026-09-05T10:15:00+08:00,1788574500000,entry,short,dead_cross_open,1,1.9648295510364475,101.79,0.04,,0,1,1
2026-09-05T10:45:00+08:00,1788576300000,exit,short,green_histogram_shrinking,1,1.9648295510364475,101.88,0.040035366931918656,-0.2568700265251777,0,0,0
2026-09-05T13:00:00+08:00,1788584400000,entry,short,zero_axis_down_open,1,1.966568338249754,101.7,0.04,,0,1,1
2026-09-05T13:15:00+08:00,1788585300000,exit,short,green_histogram_shrinking,1,1.966568338249754,101.76,0.040023598820059,-0.19801769911504874,0,0,0
2026-09-05T14:15:00+08:00,1788588900000,entry,long,golden_cross_open,1,1.964057743297653,101.83,0.04,,1,0,1
2026-09-05T14:30:00+08:00,1788589800000,entry,long,zero_axis_up_add,1,1.9621308741293042,101.93,0.04,,2,0,2
2026-09-05T15:45:00+08:00,1788594300000,exit,long,red_histogram_shrinking,1,1.964057743297653,102.3,0.04018462142786998,0.8429225179220247,1,0,1
2026-09-05T17:00:00+08:00,1788598800000,entry,long,red_histogram_expansion_add,1,1.9508388607101055,102.52,0.04,,2,0,2
2026-09-05T17:30:00+08:00,1788600600000,exit,long,red_histogram_shrinking,1,1.9621308741293042,102.49,0.04021975865790248,1.0185735308544843,1,0,1
2026-09-05T18:15:00+08:00,1788603300000,exit,long,dead_cross_flip_close_opposite,1,1.9508388607101055,102.34,0.039929769801014446,-0.43108076472881895,0,0,0
2026-09-05T18:15:00+08:00,1788603300000,entry,short,dead_cross_flip_open_one_unit,1,1.9542700801250732,102.34,0.04,,0,1,1
2026-09-05T18:45:00+08:00,1788605100000,exit,short,green_histogram_shrinking,1,1.9542700801250732,102.57,0.040089896423685746,-0.5295720148524325,0,0,0
2026-09-05T20:45:00+08:00,1788612300000,entry,long,golden_cross_open,1,1.9453360568038127,102.81,0.04,,1,0,1
2026-09-05T21:15:00+08:00,1788614100000,entry,long,red_histogram_expansion_add,1,1.937608990505716,103.22,0.04,,2,0,2
2026-09-05T21:30:00+08:00,1788615000000,exit,long,red_histogram_shrinking,1,1.9453360568038127,103.04,0.040089485458612975,0.3673378076062717,1,0,1
2026-09-05T22:00:00+08:00,1788616800000,exit,long,dead_cross_flip_close_opposite,1,1.937608990505716,102.6,0.039759736485177284,-1.28107731059873,0,0,0
2026-09-05T22:00:00+08:00,1788616800000,entry,short,dead_cross_flip_open_one_unit,1,1.9493177387914231,102.6,0.04,,0,1,1
2026-09-05T22:30:00+08:00,1788618600000,exit,short,green_histogram_shrinking,1,1.9493177387914231,102.85,0.040097465886939576,-0.5674269005847954,0,0,0
2026-09-06T00:30:00+08:00,1788625800000,entry,long,golden_cross_open,1,1.9402405898331394,103.08,0.04,,1,0,1
2026-09-06T01:00:00+08:00,1788627600000,entry,long,red_histogram_expansion_add,1,1.934984520123839,103.36,0.04,,2,0,2
2026-09-06T01:45:00+08:00,1788630300000,exit,long,red_histogram_shrinking,1,1.9402405898331394,103.71,0.04024447031431898,1.14210710128055,1,0,1
2026-09-06T02:15:00+08:00,1788632100000,exit,long,red_histogram_shrinking,1,1.934984520123839,103.91,0.04021284829721362,0.9840286377708923,0,0,0
2026-09-06T03:00:00+08:00,1788634800000,entry,short,dead_cross_open,1,1.9256691700365878,103.86,0.04,,0,1,1
2026-09-06T03:30:00+08:00,1788636600000,entry,short,green_histogram_expansion_add,1,1.9264110961279137,103.82,0.04,,0,2,2
2026-09-06T04:45:00+08:00,1788641100000,exit,short,green_histogram_shrinking,1,1.9256691700365878,103.33,0.039795879067976124,0.9408087810514175,0,1,1
2026-09-06T05:45:00+08:00,1788644700000,exit,short,golden_cross_flip_close_opposite,1,1.9264110961279137,103.87,0.04001926411096128,-0.17633981891737888,0,0,0
2026-09-06T05:45:00+08:00,1788644700000,entry,long,golden_cross_flip_open_one_unit,1,1.925483777799172,103.87,0.04,,1,0,1
2026-09-06T06:15:00+08:00,1788646500000,exit,long,red_histogram_shrinking,1,1.925483777799172,103.68,0.039926831616443635,-0.44576874939828187,0,0,0
2026-09-06T06:30:00+08:00,1788647400000,entry,short,dead_cross_open,1,1.9351717464925013,103.35,0.04,,0,1,1
2026-09-06T07:00:00+08:00,1788649200000,entry,short,zero_axis_down_add,1,1.936108422071636,103.3,0.04,,0,2,2
2026-09-06T07:30:00+08:00,1788651000000,exit,short,green_histogram_shrinking,1,1.9351717464925013,103.19,0.03993807450411224,0.22968940493468137,0,1,1
2026-09-06T08:00:00+08:00,1788652800000,exit,short,green_histogram_shrinking,1,1.936108422071636,103.11,0.03992642787996128,0.2879341723136452,0,0,0
2026-09-06T08:30:00+08:00,1788654600000,entry,long,golden_cross_open,1,1.9342359767891681,103.4,0.04,,1,0,1
2026-09-06T09:00:00+08:00,1788656400000,exit,long,red_histogram_shrinking,1,1.9342359767891681,103.26,0.0399458413926499,-0.35073887814313454,0,0,0
2026-09-06T09:30:00+08:00,1788658200000,entry,long,zero_axis_up_open,1,1.932367149758454,103.5,0.04,,1,0,1
2026-09-06T10:30:00+08:00,1788661800000,exit,long,red_histogram_shrinking,1,1.932367149758454,104.03,0.0402048309178744,0.9439497584541083,0,0,0
2026-09-06T13:15:00+08:00,1788671700000,entry,short,dead_cross_open,1,1.8953752843062928,105.52,0.04,,0,1,1
2026-09-06T13:30:00+08:00,1788672600000,exit,short,green_histogram_shrinking,1,1.8953752843062928,106.08,0.04021228203184231,-1.1416224412433704,0,0,0
2026-09-06T13:45:00+08:00,1788673500000,entry,long,golden_cross_open,1,1.8796992481203008,106.4,0.04,,1,0,1
2026-09-06T14:00:00+08:00,1788674400000,exit,long,red_histogram_shrinking,1,1.8796992481203008,106.4,0.04,-0.08,0,0,0
2026-09-06T14:15:00+08:00,1788675300000,entry,short,dead_cross_open,1,1.8839487565938207,106.16,0.04,,0,1,1
2026-09-06T14:45:00+08:00,1788677100000,entry,short,green_histogram_expansion_add,1,1.8955549237039142,105.51,0.04,,0,2,2
2026-09-06T15:30:00+08:00,1788679800000,exit,short,green_histogram_shrinking,1,1.8839487565938207,105.06,0.039585531273549364,1.9927581009796427,0,1,1
2026-09-06T16:45:00+08:00,1788684300000,entry,short,zero_axis_down_add,1,1.903130649919117,105.09,0.04,,0,2,2
2026-09-06T17:15:00+08:00,1788686100000,exit,short,golden_cross_flip_close_opposite,2,3.798685573623031,105.73,0.08032700513983262,-1.7953527043029276,0,0,0
2026-09-06T17:15:00+08:00,1788686100000,entry,long,golden_cross_flip_open_one_unit,1,1.8916107065165988,105.73,0.04,,1,0,1
2026-09-06T17:45:00+08:00,1788687900000,exit,long,red_histogram_shrinking,1,1.8916107065165988,106.27,0.040204293956303795,0.9412654875626446,0,0,0
2026-09-06T19:45:00+08:00,1788695100000,entry,short,dead_cross_open,1,1.8789928598271326,106.44,0.04,,0,1,1
2026-09-06T20:15:00+08:00,1788696900000,entry,short,green_histogram_expansion_add,1,1.8777579569993428,106.51,0.04,,0,2,2
2026-09-06T20:30:00+08:00,1788697800000,exit,short,green_histogram_shrinking,1,1.8789928598271326,106.56,0.04004509582863585,-0.3055242390079003,0,1,1
2026-09-06T20:45:00+08:00,1788698700000,exit,short,golden_cross_flip_close_opposite,1,1.8777579569993428,106.95,0.040165242700215945,-0.9063787437799226,0,0,0
2026-09-06T20:45:00+08:00,1788698700000,entry,long,golden_cross_flip_open_one_unit,1,1.8700327255726974,106.95,0.04,,1,0,1
2026-09-06T21:00:00+08:00,1788699600000,exit,long,dead_cross_flip_close_opposite,1,1.8700327255726974,106.76,0.03992893875642824,-0.43523515661523643,0,0,0
2026-09-06T21:00:00+08:00,1788699600000,entry,short,dead_cross_flip_open_one_unit,1,1.8733608092918694,106.76,0.04,,0,1,1
2026-09-06T21:30:00+08:00,1788701400000,entry,short,green_histogram_expansion_add,1,1.885369532428356,106.08,0.04,,0,2,2
2026-09-06T21:45:00+08:00,1788702300000,exit,short,green_histogram_shrinking,1,1.8733608092918694,106.43,0.03987635818658674,0.538332708879727,0,1,1
2026-09-06T22:30:00+08:00,1788705000000,entry,short,green_histogram_expansion_add,1,1.8880392712168412,105.93,0.04,,0,2,2
2026-09-06T22:45:00+08:00,1788705900000,exit,short,green_histogram_shrinking,1,1.885369532428356,106.2,0.040045248868778284,-0.3062895927601896,0,1,1
2026-09-06T23:00:00+08:00,1788706800000,entry,short,zero_axis_down_add,1,1.8926847733509984,105.67,0.04,,0,2,2
2026-09-06T23:30:00+08:00,1788708600000,exit,short,green_histogram_shrinking,1,1.8880392712168412,105.76,0.03993580666477863,0.24103086944208763,0,1,1
2026-09-07T00:45:00+08:00,1788713100000,exit,short,golden_cross_flip_close_opposite,1,1.8926847733509984,106.24,0.040215766064162016,-1.1590460868742183,0,0,0
2026-09-07T00:45:00+08:00,1788713100000,entry,long,golden_cross_flip_open_one_unit,1,1.8825301204819278,106.24,0.04,,1,0,1
2026-09-07T01:15:00+08:00,1788714900000,exit,long,red_histogram_shrinking,1,1.8825301204819278,105.98,0.03990210843373494,-0.5693599397590191,0,0,0
2026-09-07T02:15:00+08:00,1788718500000,entry,long,zero_axis_up_open,1,1.8814675446848543,106.3,0.04,,1,0,1
2026-09-07T02:45:00+08:00,1788720300000,exit,long,red_histogram_shrinking,1,1.8814675446848543,106.14,0.03993979303857009,-0.38097460018814033,0,0,0
2026-09-07T03:15:00+08:00,1788722100000,entry,short,dead_cross_open,1,1.8914318138831097,105.74,0.04,,0,1,1
2026-09-07T03:45:00+08:00,1788723900000,entry,short,green_histogram_expansion_add,1,1.8962738219398882,105.47,0.04,,0,2,2
2026-09-07T04:15:00+08:00,1788725700000,exit,short,green_histogram_shrinking,1,1.8914318138831097,105.39,0.03986759977302819,0.5821335350860494,0,1,1
2026-09-07T05:15:00+08:00,1788729300000,exit,short,golden_cross_flip_close_opposite,1,1.8962738219398882,105.97,0.040189627382194,-1.028326538352138,0,0,0
2026-09-07T05:15:00+08:00,1788729300000,entry,long,golden_cross_flip_open_one_unit,1,1.8873266018684534,105.97,0.04,,1,0,1
2026-09-07T05:45:00+08:00,1788731100000,entry,long,red_histogram_expansion_add,1,1.885369532428356,106.08,0.04,,2,0,2
2026-09-07T06:00:00+08:00,1788732000000,exit,long,red_histogram_shrinking,1,1.8873266018684534,105.87,0.03996225346796263,-0.26869491365479725,1,0,1
2026-09-07T06:15:00+08:00,1788732900000,exit,long,dead_cross_flip_close_opposite,1,1.885369532428356,105.22,0.03967571644042232,-1.7010935143288073,0,0,0
2026-09-07T06:15:00+08:00,1788732900000,entry,short,dead_cross_flip_open_one_unit,1,1.9007793195210037,105.22,0.04,,0,1,1
2026-09-07T06:45:00+08:00,1788734700000,exit,short,golden_cross_flip_close_opposite,1,1.9007793195210037,105.83,0.040231895076981564,-1.2397072799847928,0,0,0
2026-09-07T06:45:00+08:00,1788734700000,entry,long,golden_cross_flip_open_one_unit,1,1.8898233015213077,105.83,0.04,,1,0,1
2026-09-07T07:15:00+08:00,1788736500000,entry,long,red_histogram_expansion_add,1,1.8864365214110546,106.02,0.04,,2,0,2
2026-09-07T08:00:00+08:00,1788739200000,exit,long,red_histogram_shrinking,1,1.8898233015213077,106.5,0.04025323632240386,1.1859283756968755,1,0,1
2026-09-07T09:00:00+08:00,1788742800000,exit,long,dead_cross_flip_close_opposite,1,1.8864365214110546,106.09,0.04002641011129976,0.05202414638748798,0,0,0
2026-09-07T09:00:00+08:00,1788742800000,entry,short,dead_cross_flip_open_one_unit,1,1.8851918182675087,106.09,0.04,,0,1,1
2026-09-07T09:30:00+08:00,1788744600000,entry,short,zero_axis_down_add,1,1.8968133535660092,105.44,0.04,,0,2,2
2026-09-07T10:00:00+08:00,1788746400000,exit,short,green_histogram_shrinking,1,1.8851918182675087,105.24,0.03967951739089452,1.5227335281365038,0,1,1
2026-09-07T10:45:00+08:00,1788749100000,exit,short,golden_cross_flip_close_opposite,1,1.8968133535660092,106.73,0.04048937784522004,-2.5273786039453836,0,0,0
2026-09-07T10:45:00+08:00,1788749100000,entry,long,golden_cross_flip_open_one_unit,1,1.8738873793684998,106.73,0.04,,1,0,1
2026-09-07T11:00:00+08:00,1788750000000,exit,long,red_histogram_shrinking,1,1.8738873793684998,105.74,0.039628970298885034,-1.9347774758737168,0,0,0
2026-09-07T11:15:00+08:00,1788750900000,entry,short,dead_cross_open,1,1.8987942656413177,105.33,0.04,,0,1,1
2026-09-07T11:45:00+08:00,1788752700000,entry,short,green_histogram_expansion_add,1,1.9062142584826534,104.92,0.04,,0,2,2
2026-09-07T12:15:00+08:00,1788754500000,exit,short,green_histogram_shrinking,1,1.8987942656413177,104.92,0.03984429887021741,0.6986613500427163,0,1,1
2026-09-07T13:15:00+08:00,1788758100000,exit,short,golden_cross_flip_close_opposite,1,1.9062142584826534,105.25,0.040125810141059856,-0.7091765154403322,0,0,0
2026-09-07T13:15:00+08:00,1788758100000,entry,long,golden_cross_flip_open_one_unit,1,1.9002375296912113,105.25,0.04,,1,0,1
2026-09-07T13:45:00+08:00,1788759900000,entry,long,red_histogram_expansion_add,1,1.8969932656739068,105.43,0.04,,2,0,2
2026-09-07T14:00:00+08:00,1788760800000,exit,long,red_histogram_shrinking,1,1.9002375296912113,105.06,0.03992779097387173,-0.4409729216151975,1,0,1
2026-09-07T14:30:00+08:00,1788762600000,exit,long,red_histogram_shrinking,1,1.8969932656739068,105.08,0.03986721047140283,-0.7438148534572865,0,0,0
2026-09-07T15:00:00+08:00,1788764400000,entry,short,dead_cross_open,1,1.9042178425211844,105.03,0.04,,0,1,1
2026-09-07T15:15:00+08:00,1788765300000,exit,short,golden_cross_flip_close_opposite,1,1.9042178425211844,105.38,0.040133295248976485,-0.7466095401313803,0,0,0
2026-09-07T15:15:00+08:00,1788765300000,entry,long,golden_cross_flip_open_one_unit,1,1.8978933383943823,105.38,0.04,,1,0,1
2026-09-07T15:30:00+08:00,1788766200000,exit,long,dead_cross_flip_close_opposite,1,1.8978933383943823,104.73,0.039753273866008736,-1.3133839438223411,0,0,0
2026-09-07T15:30:00+08:00,1788766200000,entry,short,dead_cross_flip_open_one_unit,1,1.9096724911677647,104.73,0.04,,0,1,1
2026-09-07T16:00:00+08:00,1788768000000,entry,short,green_histogram_expansion_add,1,1.9157088122605364,104.4,0.04,,0,2,2
2026-09-07T16:15:00+08:00,1788768900000,exit,short,green_histogram_shrinking,1,1.9096724911677647,104.48,0.039904516375441616,0.3975136064164996,0,1,1
2026-09-07T17:00:00+08:00,1788771600000,exit,short,golden_cross_flip_close_opposite,1,1.9157088122605364,104.65,0.04009578544061303,-0.559022988505747,0,0,0
2026-09-07T17:00:00+08:00,1788771600000,entry,long,golden_cross_flip_open_one_unit,1,1.9111323459149545,104.65,0.04,,1,0,1
2026-09-07T17:30:00+08:00,1788773400000,entry,long,red_histogram_expansion_add,1,1.9036740909956216,105.06,0.04,,2,0,2
2026-09-07T17:45:00+08:00,1788774300000,exit,long,red_histogram_shrinking,1,1.9111323459149545,104.88,0.040087912087912084,0.3594725274725079,1,0,1
2026-09-07T18:30:00+08:00,1788777000000,entry,long,red_histogram_expansion_add,1,1.906395958440568,104.91,0.04,,2,0,2
2026-09-07T19:00:00+08:00,1788778800000,exit,long,red_histogram_shrinking,1,1.9036740909956216,104.96,0.03996192651818009,-0.2703293356177585,1,0,1
2026-09-07T20:15:00+08:00,1788783300000,entry,long,red_histogram_expansion_add,1,1.9054878048780488,104.96,0.04,,2,0,2
2026-09-07T20:45:00+08:00,1788785100000,exit,long,red_histogram_shrinking,1,1.906395958440568,105.13,0.04008388142217139,0.33932322943475146,1,0,1
2026-09-07T21:15:00+08:00,1788786900000,entry,long,red_histogram_expansion_add,1,1.891968593321351,105.71,0.04,,2,0,2
2026-09-07T21:30:00+08:00,1788787800000,exit,long,red_histogram_shrinking,1,1.9054878048780488,105.66,0.04026676829268293,1.2535746951219566,1,0,1
2026-09-07T22:00:00+08:00,1788789600000,exit,long,dead_cross_flip_close_opposite,1,1.891968593321351,105.02,0.03973890833412166,-1.3851972377258497,0,0,0
2026-09-07T22:00:00+08:00,1788789600000,entry,short,dead_cross_flip_open_one_unit,1,1.9043991620643688,105.02,0.04,,0,1,1
2026-09-07T22:30:00+08:00,1788791400000,entry,short,zero_axis_down_add,1,1.9190174630589139,104.22,0.04,,0,2,2
2026-09-07T23:00:00+08:00,1788793200000,exit,short,green_histogram_shrinking,1,1.9043991620643688,104.58,0.039832412873738336,0.7581032184345796,0,1,1
2026-09-08T00:00:00+08:00,1788796800000,entry,short,green_histogram_expansion_add,1,1.9377967251235346,103.21,0.04,,0,2,2
2026-09-08T00:15:00+08:00,1788797700000,exit,short,green_histogram_shrinking,1,1.9190174630589139,103.52,0.039731337555171754,1.2635808865860734,0,1,1
2026-09-08T01:15:00+08:00,1788801300000,exit,short,golden_cross_flip_close_opposite,1,1.9377967251235346,104.04,0.04032167425637051,-1.6886929561089286,0,0,0
2026-09-08T01:15:00+08:00,1788801300000,entry,long,golden_cross_flip_open_one_unit,1,1.9223375624759707,104.04,0.04,,1,0,1
2026-09-08T01:45:00+08:00,1788803100000,entry,long,red_histogram_expansion_add,1,1.922522349322311,104.03,0.04,,2,0,2
2026-09-08T02:00:00+08:00,1788804000000,exit,long,red_histogram_shrinking,1,1.9223375624759707,103.95,0.039965397923875434,-0.2529757785467194,1,0,1
2026-09-08T03:00:00+08:00,1788807600000,entry,long,red_histogram_expansion_add,1,1.9258545979778527,103.85,0.04,,2,0,2
2026-09-08T04:15:00+08:00,1788812100000,exit,long,red_histogram_shrinking,1,1.922522349322311,103.92,0.039957704508314915,-0.29143516293376803,1,0,1
2026-09-08T06:00:00+08:00,1788818400000,exit,long,dead_cross_flip_close_opposite,1,1.9258545979778527,103.85,0.04,-0.08,0,0,0
2026-09-08T06:00:00+08:00,1788818400000,entry,short,dead_cross_flip_open_one_unit,1,1.9258545979778527,103.85,0.04,,0,1,1
2026-09-08T06:30:00+08:00,1788820200000,entry,short,green_histogram_expansion_add,1,1.929384526336099,103.66,0.04,,0,2,2
2026-09-08T07:00:00+08:00,1788822000000,exit,short,green_histogram_shrinking,1,1.9258545979778527,103.48,0.03985748675974964,0.6327087144920372,0,1,1
2026-09-08T07:45:00+08:00,1788824700000,exit,short,bullish_divergence_confirmed_golden_cross_close_opposite,1,1.929384526336099,103.84,0.04006945784294811,-0.42735867258345905,0,0,0
2026-09-08T07:45:00+08:00,1788824700000,entry,long,bullish_divergence_confirmed_golden_cross_open_one_unit,1,1.926040061633282,103.84,0.04,,1,0,1
2026-09-08T08:15:00+08:00,1788826500000,exit,long,red_histogram_shrinking,1,1.926040061633282,103.65,0.03992681047765794,-0.4458744221879771,0,0,0
2026-09-08T08:30:00+08:00,1788827400000,entry,short,dead_cross_open,1,1.9338619222587508,103.42,0.04,,0,1,1
2026-09-08T08:45:00+08:00,1788828300000,exit,short,bullish_divergence_confirmed_golden_cross_close_opposite,1,1.9338619222587508,103.8,0.04014697350609167,-0.8150145039644082,0,0,0
2026-09-08T08:45:00+08:00,1788828300000,entry,long,bullish_divergence_confirmed_golden_cross_open_one_unit,1,1.9267822736030829,103.8,0.04,,1,0,1
2026-09-08T09:15:00+08:00,1788830100000,entry,long,zero_axis_up_add,1,1.9214141608223652,104.09,0.04,,2,0,2
2026-09-08T09:45:00+08:00,1788831900000,exit,long,red_histogram_shrinking,1,1.9267822736030829,104.08,0.040107899807321774,0.4593911368015436,1,0,1
2026-09-08T10:15:00+08:00,1788833700000,exit,long,red_histogram_shrinking,1,1.9214141608223652,104.12,0.04001152848496494,-0.0223691036602918,0,0,0
2026-09-08T10:45:00+08:00,1788835500000,entry,short,dead_cross_open,1,1.929384526336099,103.66,0.04,,0,1,1
2026-09-08T11:00:00+08:00,1788836400000,entry,short,zero_axis_down_add,1,1.937608990505716,103.22,0.04,,0,2,2
2026-09-08T11:45:00+08:00,1788839100000,exit,short,green_histogram_shrinking,1,1.929384526336099,103.26,0.03984564923789312,0.69190816129653,0,1,1
2026-09-08T13:15:00+08:00,1788844500000,exit,short,green_histogram_shrinking,1,1.937608990505716,102.98,0.039906994768455724,0.3851191629529062,0,0,0
2026-09-08T13:30:00+08:00,1788845400000,entry,long,golden_cross_open,1,1.9364833462432223,103.28,0.04,,1,0,1
2026-09-08T13:45:00+08:00,1788846300000,exit,long,red_histogram_shrinking,1,1.9364833462432223,103.03,0.03990317583268784,-0.5640240123934934,0,0,0
2026-09-08T14:00:00+08:00,1788847200000,entry,short,dead_cross_open,1,1.94344572927801,102.91,0.04,,0,1,1
2026-09-08T14:15:00+08:00,1788848100000,exit,short,golden_cross_flip_close_opposite,1,1.94344572927801,103.0,0.04003498202312701,-0.25494509765815454,0,0,0
2026-09-08T14:15:00+08:00,1788848100000,entry,long,golden_cross_flip_open_one_unit,1,1.941747572815534,103.0,0.04,,1,0,1
2026-09-08T14:30:00+08:00,1788849000000,exit,long,dead_cross_flip_close_opposite,1,1.941747572815534,102.55,0.039825242718446605,-0.9536116504854424,0,0,0
2026-09-08T14:30:00+08:00,1788849000000,entry,short,dead_cross_flip_open_one_unit,1,1.9502681618722575,102.55,0.04,,0,1,1
2026-09-08T15:00:00+08:00,1788850800000,exit,short,green_histogram_shrinking,1,1.9502681618722575,102.63,0.040031204290589956,-0.23605265724036723,0,0,0
2026-09-08T15:30:00+08:00,1788852600000,entry,long,golden_cross_open,1,1.9438235008261249,102.89,0.04,,1,0,1
2026-09-08T16:00:00+08:00,1788854400000,entry,long,red_histogram_expansion_add,1,1.9438235008261249,102.89,0.04,,2,0,2
2026-09-08T16:15:00+08:00,1788855300000,exit,long,red_histogram_shrinking,1,1.9438235008261249,102.63,0.03989892117795704,-0.5852930313927595,1,0,1
2026-09-08T16:45:00+08:00,1788857100000,entry,long,red_histogram_expansion_add,1,1.9413706076490003,103.02,0.04,,2,0,2
2026-09-08T18:15:00+08:00,1788862500000,exit,long,red_histogram_shrinking,1,1.9438235008261249,103.62,0.04028379823112062,1.3387073573719583,1,0,1
2026-09-08T19:15:00+08:00,1788866100000,exit,long,dead_cross_flip_close_opposite,1,1.9413706076490003,102.77,0.039902931469617556,-0.5652455833818676,0,0,0
2026-09-08T19:15:00+08:00,1788866100000,entry,short,dead_cross_flip_open_one_unit,1,1.9460932178651358,102.77,0.04,,0,1,1
2026-09-08T19:45:00+08:00,1788867900000,entry,short,zero_axis_down_add,1,1.9438235008261249,102.89,0.04,,0,2,2
2026-09-08T20:30:00+08:00,1788870600000,exit,short,green_histogram_shrinking,1,1.9460932178651358,102.83,0.04002335311861438,-0.19678894619052695,0,1,1
2026-09-08T21:15:00+08:00,1788873300000,exit,short,golden_cross_flip_close_opposite,1,1.9438235008261249,102.98,0.04003498882301487,-0.25497910389737277,0,0,0
2026-09-08T21:15:00+08:00,1788873300000,entry,long,golden_cross_flip_open_one_unit,1,1.9421246844047386,102.98,0.04,,1,0,1
2026-09-08T21:30:00+08:00,1788874200000,exit,long,dead_cross_flip_close_opposite,1,1.9421246844047386,102.83,0.039941736259467855,-0.3712604389201897,0,0,0
2026-09-08T21:30:00+08:00,1788874200000,entry,short,dead_cross_flip_open_one_unit,1,1.9449576971700866,102.83,0.04,,0,1,1
2026-09-08T22:00:00+08:00,1788876000000,exit,short,green_histogram_shrinking,1,1.9449576971700866,102.63,0.0399222016921132,0.3090693377419097,0,0,0
2026-09-08T22:30:00+08:00,1788877800000,entry,long,golden_cross_open,1,1.944201419267036,102.87,0.04,,1,0,1
2026-09-08T23:00:00+08:00,1788879600000,entry,long,red_histogram_expansion_add,1,1.9366708627868694,103.27,0.04,,2,0,2
2026-09-08T23:30:00+08:00,1788881400000,exit,long,red_histogram_shrinking,1,1.944201419267036,103.35,0.04018664333624963,0.8530300379119077,1,0,1
2026-09-09T00:00:00+08:00,1788883200000,entry,long,red_histogram_expansion_add,1,1.9182812200268557,104.26,0.04,,2,0,2
2026-09-09T00:15:00+08:00,1788884100000,exit,long,red_histogram_shrinking,1,1.9366708627868694,103.69,0.0401626803524741,0.7332390820180144,1,0,1
2026-09-09T01:00:00+08:00,1788886800000,exit,long,red_histogram_shrinking,1,1.9182812200268557,104.13,0.0399501246882793,-0.3293266832917891,0,0,0
2026-09-09T01:45:00+08:00,1788889500000,entry,short,dead_cross_open,1,1.9301293186643504,103.62,0.04,,0,1,1
2026-09-09T02:15:00+08:00,1788891300000,exit,short,green_histogram_shrinking,1,1.9301293186643504,104.05,0.040165991121405134,-0.9101215981470616,0,0,0
2026-09-09T02:30:00+08:00,1788892200000,entry,long,golden_cross_open,1,1.9195700163163452,104.19,0.04,,1,0,1
2026-09-09T02:45:00+08:00,1788893100000,exit,long,red_histogram_shrinking,1,1.9195700163163452,104.06,0.03995009117957578,-0.3294941933006919,0,0,0
2026-09-09T03:00:00+08:00,1788894000000,entry,short,dead_cross_open,1,1.9359210144226116,103.31,0.04,,0,1,1
2026-09-09T03:30:00+08:00,1788895800000,entry,short,green_histogram_expansion_add,1,1.9368584156498159,103.26,0.04,,0,2,2
2026-09-09T04:00:00+08:00,1788897600000,exit,short,green_histogram_shrinking,1,1.9359210144226116,103.16,0.039941922369567326,0.21044622979383543,0,1,1
2026-09-09T05:00:00+08:00,1788901200000,entry,short,green_histogram_expansion_add,1,1.9413706076490003,103.02,0.04,,0,2,2
2026-09-09T05:15:00+08:00,1788902100000,exit,short,green_histogram_shrinking,1,1.9368584156498159,103.22,0.0399845051326748,-0.00251016850667006,0,1,1
2026-09-09T05:45:00+08:00,1788903900000,exit,short,green_histogram_shrinking,1,1.9413706076490003,102.98,0.03998446903513882,-0.0023296447291942593,0,0,0
2026-09-09T06:30:00+08:00,1788906600000,entry,long,golden_cross_open,1,1.9374212922600018,103.23,0.04,,1,0,1
2026-09-09T07:00:00+08:00,1788908400000,entry,long,red_histogram_expansion_add,1,1.9351717464925013,103.35,0.04,,2,0,2
2026-09-09T07:45:00+08:00,1788911100000,exit,long,red_histogram_shrinking,1,1.9374212922600018,103.31,0.040030998740676164,0.07496270464012067,1,0,1
2026-09-09T08:15:00+08:00,1788912900000,entry,long,zero_axis_up_add,1,1.9282684149633629,103.72,0.04,,2,0,2
2026-09-09T08:30:00+08:00,1788913800000,exit,long,red_histogram_shrinking,1,1.9351717464925013,103.58,0.040089017900338655,0.36500048379294436,1,0,1
2026-09-09T09:15:00+08:00,1788916500000,exit,long,red_histogram_shrinking,1,1.9282684149633629,103.63,0.039965291168530655,-0.25350944851523993,0,0,0
2026-09-09T10:30:00+08:00,1788921000000,entry,short,dead_cross_open,1,1.931807205640877,103.53,0.04,,0,1,1
2026-09-09T10:45:00+08:00,1788921900000,exit,short,green_histogram_shrinking,1,1.931807205640877,103.65,0.040046363372935385,-0.3118632280498494,0,0,0
2026-09-09T11:15:00+08:00,1788923700000,entry,short,zero_axis_down_open,1,1.941747572815534,103.0,0.04,,0,1,1
2026-09-09T11:45:00+08:00,1788925500000,exit,short,green_histogram_shrinking,1,1.941747572815534,103.24,0.040093203883495146,-0.5461126213592133,0,0,0
2026-09-09T12:30:00+08:00,1788928200000,entry,long,golden_cross_open,1,1.9252984212552946,103.88,0.04,,1,0,1
2026-09-09T13:00:00+08:00,1788930000000,entry,long,red_histogram_expansion_add,1,1.9164430816404754,104.36,0.04,,2,0,2
2026-09-09T13:30:00+08:00,1788931800000,exit,long,red_histogram_shrinking,1,1.9252984212552946,104.29,0.04015787447054294,0.7092144782441485,1,0,1
2026-09-09T14:30:00+08:00,1788935400000,entry,long,red_histogram_expansion_add,1,1.9131432944327529,104.54,0.04,,2,0,2
2026-09-09T15:00:00+08:00,1788937200000,exit,long,red_histogram_shrinking,1,1.9164430816404754,104.47,0.040042161747796096,0.1307665772326551,1,0,1
2026-09-09T15:30:00+08:00,1788939000000,exit,long,red_histogram_shrinking,1,1.9131432944327529,104.73,0.040072699445188445,0.28342452649703026,0,0,0
2026-09-09T16:00:00+08:00,1788940800000,entry,short,dead_cross_open,1,1.9133263178035014,104.53,0.04,,0,1,1
2026-09-09T16:30:00+08:00,1788942600000,exit,short,golden_cross_flip_close_opposite,1,1.9133263178035014,104.92,0.04014923945278868,-0.8263465033961553,0,0,0
2026-09-09T16:30:00+08:00,1788942600000,entry,long,golden_cross_flip_open_one_unit,1,1.9062142584826534,104.92,0.04,,1,0,1
2026-09-09T16:45:00+08:00,1788943500000,exit,long,dead_cross_flip_close_opposite,1,1.9062142584826534,104.71,0.039919939001143726,-0.4802249332825161,0,0,0
2026-09-09T16:45:00+08:00,1788943500000,entry,short,dead_cross_flip_open_one_unit,1,1.9100372457262917,104.71,0.04,,0,1,1
2026-09-09T17:15:00+08:00,1788945300000,entry,short,green_histogram_expansion_add,1,1.9138755980861244,104.5,0.04,,0,2,2
2026-09-09T18:15:00+08:00,1788948900000,exit,short,green_histogram_shrinking,1,1.9100372457262917,103.7,0.03961417247636329,1.849523445707174,0,1,1
2026-09-09T20:00:00+08:00,1788955200000,exit,short,golden_cross_flip_close_opposite,1,1.9138755980861244,104.17,0.03987368421052632,0.5517052631578915,0,0,0
2026-09-09T20:00:00+08:00,1788955200000,entry,long,golden_cross_flip_open_one_unit,1,1.919938561966017,104.17,0.04,,1,0,1
2026-09-09T20:30:00+08:00,1788957000000,entry,long,zero_axis_up_add,1,1.9160758766047137,104.38,0.04,,2,0,2
2026-09-09T21:15:00+08:00,1788959700000,exit,long,red_histogram_shrinking,1,1.919938561966017,104.48,0.040119036190841895,0.5150619180186277,1,0,1
2026-09-09T21:45:00+08:00,1788961500000,exit,long,dead_cross_flip_close_opposite,1,1.9160758766047137,103.72,0.039747077984288184,-1.3443571565433927,0,0,0
2026-09-09T21:45:00+08:00,1788961500000,entry,short,dead_cross_flip_open_one_unit,1,1.9282684149633629,103.72,0.04,,0,1,1
2026-09-09T22:00:00+08:00,1788962400000,entry,short,zero_axis_down_add,1,1.92789666473877,103.74,0.04,,0,2,2
2026-09-09T22:30:00+08:00,1788964200000,exit,short,green_histogram_shrinking,1,1.9282684149633629,104.08,0.040138835325877364,-0.774315464712687,0,1,1
2026-09-09T23:00:00+08:00,1788966000000,entry,short,green_histogram_expansion_add,1,1.9338619222587508,103.42,0.04,,0,2,2
2026-09-09T23:45:00+08:00,1788968700000,exit,short,green_histogram_shrinking,1,1.92789666473877,103.03,0.039726238673607105,1.2890803932909076,0,1,1
2026-09-10T00:45:00+08:00,1788972300000,exit,short,golden_cross_flip_close_opposite,1,1.9338619222587508,103.33,0.03996519048539934,0.0940823825178948,0,0,0
2026-09-10T00:45:00+08:00,1788972300000,entry,long,golden_cross_flip_open_one_unit,1,1.9355463079454176,103.33,0.04,,1,0,1
2026-09-10T01:15:00+08:00,1788974100000,entry,long,red_histogram_expansion_add,1,1.9342359767891681,103.4,0.04,,2,0,2
2026-09-10T01:45:00+08:00,1788975900000,exit,long,red_histogram_shrinking,1,1.9355463079454176,103.33,0.04,-0.08,1,0,1
2026-09-10T02:45:00+08:00,1788979500000,entry,long,red_histogram_expansion_add,1,1.929570670525808,103.65,0.04,,2,0,2
2026-09-10T03:00:00+08:00,1788980400000,exit,long,red_histogram_shrinking,1,1.9342359767891681,103.21,0.039926499032882014,-0.44743133462284707,1,0,1
2026-09-10T03:15:00+08:00,1788981300000,exit,long,dead_cross_flip_close_opposite,1,1.929570670525808,103.12,0.039795465508924266,-1.1024679208876047,0,0,0
2026-09-10T03:15:00+08:00,1788981300000,entry,short,dead_cross_flip_open_one_unit,1,1.9394879751745537,103.12,0.04,,0,1,1
2026-09-10T03:45:00+08:00,1788983100000,entry,short,green_histogram_expansion_add,1,1.9460932178651358,102.77,0.04,,0,2,2
2026-09-10T04:45:00+08:00,1788986700000,exit,short,green_histogram_shrinking,1,1.9394879751745537,102.39,0.039716834755624514,1.3361093871218075,0,1,1
2026-09-10T06:00:00+08:00,1788991200000,exit,short,green_histogram_shrinking,1,1.9460932178651358,102.05,0.039719762576627425,1.321467354286268,0,0,0
2026-09-10T07:45:00+08:00,1788997500000,entry,long,golden_cross_open,1,1.968503937007874,101.6,0.04,,1,0,1
2026-09-10T08:15:00+08:00,1788999300000,exit,long,red_histogram_shrinking,1,1.968503937007874,101.37,0.039909448818897644,-0.5326653543306885,0,0,0
2026-09-10T11:30:00+08:00,1789011000000,entry,long,zero_axis_up_open,1,1.9630938358853554,101.88,0.04,,1,0,1
2026-09-10T13:30:00+08:00,1789018200000,exit,long,red_histogram_shrinking,1,1.9630938358853554,102.04,0.040062819002748336,0.23403219473892972,0,0,0
2026-09-10T14:15:00+08:00,1789020900000,entry,short,dead_cross_open,1,1.9683102056884165,101.61,0.04,,0,1,1
2026-09-10T14:45:00+08:00,1789022700000,entry,short,green_histogram_expansion_add,1,1.9671486180780957,101.67,0.04,,0,2,2
2026-09-10T15:00:00+08:00,1789023600000,exit,short,green_histogram_shrinking,1,1.9683102056884165,101.88,0.04010628875110717,-0.6115500442869719,0,1,1
2026-09-10T15:30:00+08:00,1789025400000,entry,short,zero_axis_down_add,1,1.9792182088075212,101.05,0.04,,0,2,2
2026-09-10T16:00:00+08:00,1789027200000,exit,short,green_histogram_shrinking,1,1.9671486180780957,101.26,0.0398386938133176,0.7266922395986949,0,1,1
2026-09-10T17:30:00+08:00,1789032600000,exit,short,golden_cross_flip_close_opposite,1,1.9792182088075212,101.33,0.040110836219693226,-0.6342919346858015,0,0,0
2026-09-10T17:30:00+08:00,1789032600000,entry,long,golden_cross_flip_open_one_unit,1,1.9737491364847528,101.33,0.04,,1,0,1
2026-09-10T17:45:00+08:00,1789033500000,exit,long,dead_cross_flip_close_opposite,1,1.9737491364847528,100.96,0.039853942563900124,-0.8101411230632676,0,0,0
2026-09-10T17:45:00+08:00,1789033500000,entry,short,dead_cross_flip_open_one_unit,1,1.9809825673534074,100.96,0.04,,0,1,1
2026-09-10T18:00:00+08:00,1789034400000,exit,short,green_histogram_shrinking,1,1.9809825673534074,101.07,0.04004358161648178,-0.29795166402535544,0,0,0
2026-09-10T18:15:00+08:00,1789035300000,entry,long,golden_cross_open,1,1.9776525264511027,101.13,0.04,,1,0,1
2026-09-10T18:45:00+08:00,1789037100000,entry,long,red_histogram_expansion_add,1,1.9739439399921044,101.32,0.04,,2,0,2
2026-09-10T19:00:00+08:00,1789038000000,exit,long,red_histogram_shrinking,1,1.9776525264511027,101.0,0.03994858103431228,-0.3370434094729466,1,0,1
2026-09-10T19:45:00+08:00,1789040700000,entry,long,red_histogram_expansion_add,1,1.9737491364847528,101.33,0.04,,2,0,2
2026-09-10T20:00:00+08:00,1789041600000,exit,long,red_histogram_shrinking,1,1.9739439399921044,100.93,0.039846032372680626,-0.8496841689695744,1,0,1
2026-09-10T20:45:00+08:00,1789044300000,exit,long,dead_cross_flip_close_opposite,1,1.9737491364847528,100.03,0.039486825224513966,-2.6453607026546875,0,0,0
2026-09-10T20:45:00+08:00,1789044300000,entry,short,dead_cross_flip_open_one_unit,1,1.9994001799460162,100.03,0.04,,0,1,1
2026-09-10T21:15:00+08:00,1789046100000,entry,short,green_histogram_expansion_add,1,2.0197939810139367,99.02,0.04,,0,2,2
2026-09-10T21:30:00+08:00,1789047000000,exit,short,green_histogram_shrinking,1,1.9994001799460162,99.44,0.03976407077876637,1.0998820353893901,0,1,1
2026-09-10T22:30:00+08:00,1789050600000,exit,short,golden_cross_flip_close_opposite,1,2.0197939810139367,100.03,0.04040799838416482,-2.120399919208251,0,0,0
2026-09-10T22:30:00+08:00,1789050600000,entry,long,golden_cross_flip_open_one_unit,1,1.9994001799460162,100.03,0.04,,1,0,1
2026-09-10T23:00:00+08:00,1789052400000,entry,long,red_histogram_expansion_add,1,1.997403375611705,100.13,0.04,,2,0,2
2026-09-10T23:15:00+08:00,1789053300000,exit,long,red_histogram_shrinking,1,1.9994001799460162,100.0,0.039988003598920324,-0.13997000899730308,1,0,1
2026-09-11T00:30:00+08:00,1789057800000,exit,long,dead_cross_flip_close_opposite,1,1.997403375611705,99.1,0.03958853490462399,-2.136914011784682,0,0,0
2026-09-11T00:30:00+08:00,1789057800000,entry,short,dead_cross_flip_open_one_unit,1,2.0181634712411705,99.1,0.04,,0,1,1
2026-09-11T00:45:00+08:00,1789058700000,exit,short,green_histogram_shrinking,1,2.0181634712411705,99.39,0.04011705348133199,-0.665384460141284,0,0,0
2026-09-11T01:00:00+08:00,1789059600000,entry,long,golden_cross_open,1,2.007427481682224,99.63,0.04,,1,0,1
2026-09-11T01:30:00+08:00,1789061400000,entry,long,red_histogram_expansion_add,1,2.000600180054016,99.97,0.04,,2,0,2
2026-09-11T02:00:00+08:00,1789063200000,exit,long,red_histogram_shrinking,1,2.007427481682224,99.91,0.0401124159389742,0.4819672789320508,1,0,1
2026-09-11T03:15:00+08:00,1789067700000,entry,long,red_histogram_expansion_add,1,2.0044097013429543,99.78,0.04,,2,0,2
2026-09-11T04:00:00+08:00,1789070400000,exit,long,red_histogram_shrinking,1,2.000600180054016,99.63,0.03986395918775633,-0.7600680204061286,1,0,1
2026-09-11T04:15:00+08:00,1789071300000,entry,long,zero_axis_up_add,1,1.9994001799460162,100.03,0.04,,2,0,2
2026-09-11T04:45:00+08:00,1789073100000,exit,long,red_histogram_shrinking,1,2.0044097013429543,100.03,0.040100220485067145,0.4210022048506714,1,0,1
2026-09-11T06:00:00+08:00,1789077600000,exit,long,dead_cross_flip_close_opposite,1,1.9994001799460162,99.76,0.03989203239028292,-0.6197300809756994,0,0,0
2026-09-11T06:00:00+08:00,1789077600000,entry,short,dead_cross_flip_open_one_unit,1,2.0048115477145148,99.76,0.04,,0,1,1
2026-09-11T06:15:00+08:00,1789078500000,exit,short,green_histogram_shrinking,1,2.0048115477145148,99.91,0.04006014434643144,-0.3807818765035916,0,0,0
2026-09-11T06:45:00+08:00,1789080300000,entry,short,zero_axis_down_open,1,2.014098690835851,99.3,0.04,,0,1,1
2026-09-11T07:30:00+08:00,1789083000000,exit,short,green_histogram_shrinking,1,2.014098690835851,98.95,0.03985901309164149,0.6250755287008948,0,0,0
2026-09-11T09:00:00+08:00,1789088400000,entry,long,golden_cross_open,1,2.017959842599132,99.11,0.04,,1,0,1
2026-09-11T09:30:00+08:00,1789090200000,exit,long,red_histogram_shrinking,1,2.017959842599132,98.94,0.03993138936535162,-0.4229845626072075,0,0,0
2026-09-11T12:15:00+08:00,1789100100000,entry,long,zero_axis_up_open,1,2.0108586366378445,99.46,0.04,,1,0,1
2026-09-11T12:30:00+08:00,1789101000000,entry,long,red_histogram_expansion_add,1,2.0026033843997197,99.87,0.04,,2,0,2
2026-09-11T12:45:00+08:00,1789101900000,exit,long,red_histogram_shrinking,1,2.0108586366378445,99.7,0.04009652121455862,0.4025095515785424,1,0,1
2026-09-11T14:00:00+08:00,1789106400000,entry,long,red_histogram_expansion_add,1,2.003205128205128,99.84,0.04,,2,0,2
2026-09-11T14:30:00+08:00,1789108200000,exit,long,red_histogram_shrinking,1,2.0026033843997197,99.69,0.03992790627816161,-0.4403965154701248,1,0,1
2026-09-11T14:45:00+08:00,1789109100000,exit,long,dead_cross_flip_close_opposite,1,2.003205128205128,99.66,0.039927884615384615,-0.4405048076923213,0,0,0
2026-09-11T14:45:00+08:00,1789109100000,entry,short,dead_cross_flip_open_one_unit,1,2.006823198876179,99.66,0.04,,0,1,1
2026-09-11T15:15:00+08:00,1789110900000,exit,short,green_histogram_shrinking,1,2.006823198876179,99.82,0.04006421834236404,-0.4011559301625458,0,0,0
2026-09-11T17:00:00+08:00,1789117200000,entry,long,golden_cross_open,1,2.0026033843997197,99.87,0.04,,1,0,1
2026-09-11T17:15:00+08:00,1789118100000,exit,long,dead_cross_flip_close_opposite,1,2.0026033843997197,99.68,0.03992390107139282,-0.460418544107335,0,0,0
2026-09-11T17:15:00+08:00,1789118100000,entry,short,dead_cross_flip_open_one_unit,1,2.0064205457463884,99.68,0.04,,0,1,1
2026-09-11T17:45:00+08:00,1789119900000,entry,short,zero_axis_down_add,1,2.0177562550443904,99.12,0.04,,0,2,2
2026-09-11T18:00:00+08:00,1789120800000,exit,short,green_histogram_shrinking,1,2.0064205457463884,99.34,0.03986356340288925,0.6023194221508896,0,1,1
2026-09-11T19:00:00+08:00,1789124400000,entry,short,green_histogram_expansion_add,1,2.017959842599132,99.11,0.04,,0,2,2
2026-09-11T19:30:00+08:00,1789126200000,exit,short,green_histogram_shrinking,1,2.0177562550443904,98.87,0.03989911218724778,0.4245399515738498,0,1,1
2026-09-11T20:00:00+08:00,1789128000000,exit,short,golden_cross_flip_close_opposite,1,2.017959842599132,99.42,0.040125113510241145,-0.7056926647159767,0,0,0
2026-09-11T20:00:00+08:00,1789128000000,entry,long,golden_cross_flip_open_one_unit,1,2.011667672500503,99.42,0.04,,1,0,1
2026-09-11T20:30:00+08:00,1789129800000,entry,long,red_histogram_expansion_add,1,2.008233758409479,99.59,0.04,,2,0,2
2026-09-11T21:30:00+08:00,1789133400000,exit,long,red_histogram_shrinking,1,2.011667672500503,101.05,0.04065580366123517,3.1983625025145757,1,0,1
2026-09-11T21:45:00+08:00,1789134300000,exit,long,fixed_take_profit,1,2.008233758409479,102.07974999999999,0.041,4.918999999999973,0,0,0
2026-09-11T23:30:00+08:00,1789140600000,entry,short,dead_cross_open,1,1.936108422071636,103.3,0.04,,0,1,1
2026-09-12T00:00:00+08:00,1789142400000,entry,short,green_histogram_expansion_add,1,1.9698611247907023,101.53,0.04,,0,2,2
2026-09-12T00:45:00+08:00,1789145100000,exit,short,green_histogram_shrinking,1,1.936108422071636,101.91,0.03946176185866409,2.611728944820911,0,1,1
2026-09-12T02:15:00+08:00,1789150500000,entry,short,zero_axis_down_add,1,1.9813750743015652,100.94,0.04,,0,2,2
2026-09-12T02:30:00+08:00,1789151400000,exit,short,green_histogram_shrinking,1,1.9698611247907023,101.37,0.039936964444006705,0.23524081552249895,0,1,1
2026-09-12T03:15:00+08:00,1789154100000,exit,short,green_histogram_shrinking,1,1.9813750743015652,101.16,0.040087180503269274,-0.5159896968496114,0,0,0
2026-09-12T04:00:00+08:00,1789156800000,entry,long,golden_cross_open,1,1.9615535504119264,101.96,0.04,,1,0,1
2026-09-12T04:15:00+08:00,1789157700000,entry,long,zero_axis_up_add,1,1.945714563673509,102.79,0.04,,2,0,2
2026-09-12T04:45:00+08:00,1789159500000,exit,long,red_histogram_shrinking,1,1.9615535504119264,102.54,0.04022754021184779,1.057473519027094,1,0,1
2026-09-12T05:30:00+08:00,1789162200000,exit,long,red_histogram_shrinking,1,1.945714563673509,102.82,0.04001167428738203,-0.021640237377202207,0,0,0
2026-09-12T06:00:00+08:00,1789164000000,entry,short,bearish_divergence_confirmed_dead_cross,1,1.960015680125441,102.04,0.04,,0,1,1
2026-09-12T06:30:00+08:00,1789165800000,entry,short,green_histogram_expansion_add,1,1.9613611846621555,101.97,0.04,,0,2,2
2026-09-12T07:15:00+08:00,1789168500000,exit,short,green_histogram_shrinking,1,1.960015680125441,102.1,0.0400235201881615,-0.19762446099566455,0,1,1
2026-09-12T08:00:00+08:00,1789171200000,exit,short,golden_cross_flip_close_opposite,1,1.9613611846621555,102.42,0.04017652250661959,-0.9627890556045952,0,0,0
2026-09-12T08:00:00+08:00,1789171200000,entry,long,golden_cross_flip_open_one_unit,1,1.9527436047646944,102.42,0.04,,1,0,1
2026-09-12T08:30:00+08:00,1789173000000,exit,long,dead_cross_flip_close_opposite,1,1.9527436047646944,102.12,0.03988283538371412,-0.665705916813117,0,0,0
2026-09-12T08:30:00+08:00,1789173000000,entry,short,dead_cross_flip_open_one_unit,1,1.9584802193497846,102.12,0.04,,0,1,1
2026-09-12T09:00:00+08:00,1789174800000,entry,short,zero_axis_down_add,1,1.9632865416707568,101.87,0.04,,0,2,2
2026-09-12T09:15:00+08:00,1789175700000,exit,short,green_histogram_shrinking,1,1.9584802193497846,102.19,0.0400274187230709,-0.21712103407754246,0,1,1
2026-09-12T09:30:00+08:00,1789176600000,entry,short,zero_axis_down_add,1,1.960015680125441,102.04,0.04,,0,2,2
2026-09-12T11:00:00+08:00,1789182000000,exit,short,green_histogram_shrinking,1,1.9632865416707568,101.81,0.03997644056149995,0.037820751938749904,0,1,1
2026-09-12T12:00:00+08:00,1789185600000,exit,short,green_histogram_shrinking,1,1.960015680125441,101.58,0.039819678557428455,0.82178753430029,0,0,0
2026-09-12T12:30:00+08:00,1789187400000,entry,long,golden_cross_open,1,1.9661816751867873,101.72,0.04,,1,0,1
2026-09-12T13:00:00+08:00,1789189200000,exit,long,red_histogram_shrinking,1,1.9661816751867873,101.55,0.03993314982304365,-0.4141840346048008,0,0,0
2026-09-12T13:15:00+08:00,1789190100000,entry,short,dead_cross_open,1,1.9714144898965007,101.45,0.04,,0,1,1
2026-09-12T13:45:00+08:00,1789191900000,exit,short,green_histogram_shrinking,1,1.9714144898965007,101.58,0.04005125677673731,-0.33633514046327345,0,0,0
2026-09-12T14:00:00+08:00,1789192800000,entry,long,golden_cross_open,1,1.968503937007874,101.6,0.04,,1,0,1
2026-09-12T14:15:00+08:00,1789193700000,exit,long,red_histogram_shrinking,1,1.968503937007874,101.49,0.03995669291338583,-0.29649212598425084,0,0,0
2026-09-12T17:15:00+08:00,1789204500000,entry,long,zero_axis_up_open,1,1.9630938358853554,101.88,0.04,,1,0,1
2026-09-12T17:45:00+08:00,1789206300000,exit,long,red_histogram_shrinking,1,1.9630938358853554,101.97,0.04003533568904594,0.09664310954064273,0,0,0
2026-09-12T19:45:00+08:00,1789213500000,entry,short,dead_cross_open,1,1.9602077820248947,102.03,0.04,,0,1,1
2026-09-12T20:00:00+08:00,1789214400000,exit,short,green_histogram_shrinking,1,1.9602077820248947,102.07,0.0400156816622562,-0.1584239929432364,0,0,0
2026-09-12T20:15:00+08:00,1789215300000,entry,long,golden_cross_open,1,1.9573302016050107,102.18,0.04,,1,0,1
2026-09-12T20:45:00+08:00,1789217100000,exit,long,red_histogram_shrinking,1,1.9573302016050107,102.18,0.04,-0.08,0,0,0
2026-09-12T21:00:00+08:00,1789218000000,entry,short,dead_cross_open,1,1.9607843137254901,102.0,0.04,,0,1,1
2026-09-12T21:30:00+08:00,1789219800000,entry,short,green_histogram_expansion_add,1,1.9632865416707568,101.87,0.04,,0,2,2
2026-09-12T22:00:00+08:00,1789221600000,exit,short,green_histogram_shrinking,1,1.9607843137254901,101.94,0.039976470588235294,0.03767058823529858,0,1,1
2026-09-12T22:15:00+08:00,1789222500000,entry,short,zero_axis_down_add,1,1.96347928529354,101.86,0.04,,0,2,2
2026-09-12T23:45:00+08:00,1789227900000,exit,short,golden_cross_flip_close_opposite,2,3.9267658269642967,102.01,0.0801138764017256,-0.7294958850296748,0,0,0
2026-09-12T23:45:00+08:00,1789227900000,entry,long,golden_cross_flip_open_one_unit,1,1.9605920988138417,102.01,0.04,,1,0,1
2026-09-13T00:15:00+08:00,1789229700000,exit,long,red_histogram_shrinking,1,1.9605920988138417,101.95,0.039976472894814236,-0.1976119988236492,0,0,0
2026-09-13T00:45:00+08:00,1789231500000,entry,short,dead_cross_open,1,1.96174595389897,101.95,0.04,,0,1,1
2026-09-13T01:00:00+08:00,1789232400000,exit,short,golden_cross_flip_close_opposite,1,1.96174595389897,102.03,0.04003138793526239,-0.23697106424717668,0,0,0
2026-09-13T01:00:00+08:00,1789232400000,entry,long,golden_cross_flip_open_one_unit,1,1.9602077820248947,102.03,0.04,,1,0,1
2026-09-13T01:30:00+08:00,1789234200000,exit,long,red_histogram_shrinking,1,1.9602077820248947,102.0,0.03998823875330785,-0.1387944722140569,0,0,0
2026-09-13T02:00:00+08:00,1789236000000,entry,short,dead_cross_open,1,1.9621308741293042,101.93,0.04,,0,1,1
2026-09-13T02:15:00+08:00,1789236900000,entry,short,zero_axis_down_add,1,1.9654088050314464,101.76,0.04,,0,2,2
2026-09-13T03:15:00+08:00,1789240500000,exit,short,green_histogram_shrinking,1,1.9621308741293042,101.65,0.03989012067104876,0.46950652408515864,0,1,1
2026-09-13T04:00:00+08:00,1789243200000,entry,short,green_histogram_expansion_add,1,1.9756989034871084,101.23,0.04,,0,2,2
2026-09-13T04:15:00+08:00,1789244100000,exit,short,green_histogram_shrinking,1,1.9654088050314464,101.34,0.03983490566037736,0.7456367924528334,0,1,1
2026-09-13T05:15:00+08:00,1789247700000,exit,short,golden_cross_flip_close_opposite,1,1.9756989034871084,101.43,0.04007902795613949,-0.47521880865356675,0,0,0
2026-09-13T05:15:00+08:00,1789247700000,entry,long,golden_cross_flip_open_one_unit,1,1.9718032140392387,101.43,0.04,,1,0,1
2026-09-13T05:45:00+08:00,1789249500000,entry,long,red_histogram_expansion_add,1,1.9706375012316486,101.49,0.04,,2,0,2
2026-09-13T06:00:00+08:00,1789250400000,exit,long,red_histogram_shrinking,1,1.9718032140392387,101.42,0.03999605639357193,-0.0997140885339744,1,0,1
2026-09-13T06:30:00+08:00,1789252200000,exit,long,red_histogram_shrinking,1,1.9706375012316486,101.43,0.03997635234998523,-0.19821460242386063,0,0,0
2026-09-13T07:30:00+08:00,1789255800000,entry,long,zero_axis_up_open,1,1.9661816751867873,101.72,0.04,,1,0,1
2026-09-13T07:45:00+08:00,1789256700000,exit,long,red_histogram_shrinking,1,1.9661816751867873,101.74,0.040007864726700745,-0.04068423122297282,0,0,0
2026-09-13T11:00:00+08:00,1789268400000,entry,short,dead_cross_open,1,1.96347928529354,101.86,0.04,,0,1,1
2026-09-13T11:30:00+08:00,1789270200000,entry,short,green_histogram_expansion_add,1,1.9638648860958365,101.84,0.04,,0,2,2
2026-09-13T11:45:00+08:00,1789271100000,exit,short,green_histogram_shrinking,1,1.96347928529354,101.89,0.040011780875711764,-0.13891615943452018,0,1,1
2026-09-13T12:15:00+08:00,1789272900000,entry,short,zero_axis_down_add,1,1.9681165124975397,101.62,0.04,,0,2,2
2026-09-13T12:30:00+08:00,1789273800000,exit,short,green_histogram_shrinking,1,1.9638648860958365,101.67,0.039933228593872744,0.2539238020424228,0,1,1
2026-09-13T13:45:00+08:00,1789278300000,exit,short,golden_cross_flip_close_opposite,1,1.9681165124975397,101.84,0.04008659712654989,-0.5130722298760064,0,0,0
2026-09-13T13:45:00+08:00,1789278300000,entry,long,golden_cross_flip_open_one_unit,1,1.9638648860958365,101.84,0.04,,1,0,1
2026-09-13T14:00:00+08:00,1789279200000,exit,long,red_histogram_shrinking,1,1.9638648860958365,101.76,0.03996857816182247,-0.23707776904948605,0,0,0
2026-09-13T14:15:00+08:00,1789280100000,entry,short,dead_cross_open,1,1.9661816751867873,101.72,0.04,,0,1,1
2026-09-13T14:45:00+08:00,1789281900000,entry,short,green_histogram_expansion_add,1,1.972192091509713,101.41,0.04,,0,2,2
2026-09-13T15:15:00+08:00,1789283700000,exit,short,green_histogram_shrinking,1,1.9661816751867873,101.3,0.03983484073928431,0.7459614628391696,0,1,1
2026-09-13T16:00:00+08:00,1789286400000,entry,short,green_histogram_expansion_add,1,1.9870839542970689,100.65,0.04,,0,2,2
2026-09-13T17:00:00+08:00,1789290000000,exit,short,green_histogram_shrinking,1,1.972192091509713,99.98,0.039435953061828226,2.740798737797047,0,1,1
2026-09-13T17:45:00+08:00,1789292700000,exit,short,green_histogram_shrinking,1,1.9870839542970689,99.7,0.03962245404868356,1.8081073025335375,0,0,0
2026-09-13T18:30:00+08:00,1789295400000,entry,long,golden_cross_open,1,2.004610604390097,99.77,0.04,,1,0,1
2026-09-13T18:45:00+08:00,1789296300000,exit,long,dead_cross_flip_close_opposite,1,2.004610604390097,99.5,0.039891751027362934,-0.6211366142126813,0,0,0
2026-09-13T18:45:00+08:00,1789296300000,entry,short,dead_cross_flip_open_one_unit,1,2.0100502512562812,99.5,0.04,,0,1,1
2026-09-13T19:00:00+08:00,1789297200000,exit,short,golden_cross_flip_close_opposite,1,2.0100502512562812,99.52,0.04000804020100502,-0.12020904522612263,0,0,0
2026-09-13T19:00:00+08:00,1789297200000,entry,long,golden_cross_flip_open_one_unit,1,2.009646302250804,99.52,0.04,,1,0,1
2026-09-13T19:30:00+08:00,1789299000000,entry,long,red_histogram_expansion_add,1,2.0066218521119694,99.67,0.04,,2,0,2
2026-09-13T20:30:00+08:00,1789302600000,exit,long,red_histogram_shrinking,1,2.009646302250804,99.67,0.04006028938906753,0.2213866559485645,1,0,1
2026-09-13T21:30:00+08:00,1789306200000,exit,long,red_histogram_shrinking,1,2.0066218521119694,99.5,0.039931774857028195,-0.4210574897160664,0,0,0
2026-09-13T22:30:00+08:00,1789309800000,entry,long,zero_axis_up_open,1,1.990842126219391,100.46,0.04,,1,0,1
2026-09-13T23:00:00+08:00,1789311600000,exit,long,red_histogram_shrinking,1,1.990842126219391,100.6,0.04005574357953415,0.1986621540911817,0,0,0
2026-09-14T03:15:00+08:00,1789326900000,entry,short,dead_cross_open,1,1.9803940984255868,100.99,0.04,,0,1,1
2026-09-14T03:45:00+08:00,1789328700000,entry,short,green_histogram_expansion_add,1,1.98294665873488,100.86,0.04,,0,2,2
2026-09-14T04:15:00+08:00,1789330500000,exit,short,green_histogram_shrinking,1,1.9803940984255868,101.07,0.040031686305574805,-0.23846321417961838,0,1,1
2026-09-14T04:45:00+08:00,1789332300000,exit,short,golden_cross_flip_close_opposite,1,1.98294665873488,101.33,0.04018639698592108,-1.0121713265913126,0,0,0
2026-09-14T04:45:00+08:00,1789332300000,entry,long,golden_cross_flip_open_one_unit,1,1.9737491364847528,101.33,0.04,,1,0,1
2026-09-14T05:15:00+08:00,1789334100000,exit,long,red_histogram_shrinking,1,1.9737491364847528,101.37,0.04001578999309188,-0.001065824533689426,0,0,0
2026-09-14T05:45:00+08:00,1789335900000,entry,short,bearish_divergence_confirmed_dead_cross,1,1.9741387819563714,101.31,0.04,,0,1,1
2026-09-14T06:15:00+08:00,1789337700000,entry,short,green_histogram_expansion_add,1,1.9984012789768186,100.08,0.04,,0,2,2
2026-09-14T07:00:00+08:00,1789340400000,exit,short,green_histogram_shrinking,1,1.9741387819563714,99.66,0.039348534201954395,3.177980456026069,0,1,1
2026-09-14T08:45:00+08:00,1789346700000,exit,short,green_histogram_shrinking,1,1.9984012789768186,99.66,0.03983213429256595,0.7594964028777013,0,0,0
2026-09-14T09:00:00+08:00,1789347600000,entry,long,golden_cross_open,1,2.0080321285140563,99.6,0.04,,1,0,1
2026-09-14T09:30:00+08:00,1789349400000,entry,long,red_histogram_expansion_add,1,2.0080321285140563,99.6,0.04,,2,0,2
2026-09-14T09:45:00+08:00,1789350300000,exit,long,red_histogram_shrinking,1,2.0080321285140563,99.36,0.03990361445783133,-0.5618313253011945,1,0,1
2026-09-14T10:15:00+08:00,1789352100000,entry,long,red_histogram_expansion_add,1,1.9876764062810575,100.62,0.04,,2,0,2
2026-09-14T10:45:00+08:00,1789353900000,exit,long,red_histogram_shrinking,1,2.0080321285140563,100.67,0.040429718875502015,2.068164658634553,1,0,1
2026-09-14T11:15:00+08:00,1789355700000,entry,long,red_histogram_expansion_add,1,1.9768706138183256,101.17,0.04,,2,0,2
2026-09-14T11:30:00+08:00,1789356600000,exit,long,red_histogram_shrinking,1,1.9876764062810575,101.09,0.04018684158219042,0.8540210693699043,1,0,1
2026-09-14T13:00:00+08:00,1789362000000,exit,long,red_histogram_shrinking,1,1.9768706138183256,101.13,0.03998418503508945,-0.1590590095878348,0,0,0
2026-09-14T13:30:00+08:00,1789363800000,entry,short,dead_cross_open,1,1.9805902158843334,100.98,0.04,,0,1,1
2026-09-14T14:00:00+08:00,1789365600000,entry,short,green_histogram_expansion_add,1,1.9786307874950535,101.08,0.04,,0,2,2
2026-09-14T14:15:00+08:00,1789366500000,exit,short,golden_cross_flip_close_opposite,2,3.959221003379387,101.69,0.08052263676672997,-2.7737064704165757,0,0,0
2026-09-14T14:15:00+08:00,1789366500000,entry,long,golden_cross_flip_open_one_unit,1,1.9667617268167963,101.69,0.04,,1,0,1
2026-09-14T14:30:00+08:00,1789367400000,exit,long,red_histogram_shrinking,1,1.9667617268167963,101.33,0.0398583931556692,-0.7878926148097147,0,0,0
2026-09-14T15:30:00+08:00,1789371000000,entry,short,dead_cross_open,1,1.9712201852946976,101.46,0.04,,0,1,1
2026-09-14T15:45:00+08:00,1789371900000,exit,short,green_histogram_shrinking,1,1.9712201852946976,101.62,0.040063079045929435,-0.39545830869310233,0,0,0
2026-09-14T18:00:00+08:00,1789380000000,entry,long,golden_cross_open,1,1.9625159454420569,101.91,0.04,,1,0,1
2026-09-14T18:30:00+08:00,1789381800000,exit,long,red_histogram_shrinking,1,1.9625159454420569,101.74,0.039933274457854974,-0.413560985183008,0,0,0
2026-09-14T19:15:00+08:00,1789384500000,entry,short,bearish_divergence_confirmed_dead_cross,1,1.9692792437967703,101.56,0.04,,0,1,1
2026-09-14T19:30:00+08:00,1789385400000,exit,short,green_histogram_shrinking,1,1.9692792437967703,101.79,0.04009058684521465,-0.5330248129184796,0,0,0
2026-09-14T21:15:00+08:00,1789391700000,entry,short,zero_axis_down_open,1,1.9780437147660963,101.11,0.04,,0,1,1
2026-09-14T21:45:00+08:00,1789393500000,exit,short,green_histogram_shrinking,1,1.9780437147660963,101.42,0.0401226387103155,-0.6933161902878099,0,0,0
2026-09-14T22:15:00+08:00,1789395300000,entry,long,golden_cross_open,1,1.9646365422396856,101.8,0.04,,1,0,1
2026-09-14T22:30:00+08:00,1789396200000,exit,long,red_histogram_shrinking,1,1.9646365422396856,101.49,0.03987819253438114,-0.6889155206286882,0,0,0
2026-09-15T03:45:00+08:00,1789415100000,entry,short,dead_cross_open,1,1.937046004842615,103.25,0.04,,0,1,1
2026-09-15T04:15:00+08:00,1789416900000,exit,short,green_histogram_shrinking,1,1.937046004842615,103.84,0.04022857142857143,-1.223085714285721,0,0,0
2026-09-15T04:30:00+08:00,1789417800000,entry,long,golden_cross_open,1,1.9135093761959434,104.52,0.04,,1,0,1
2026-09-15T05:00:00+08:00,1789419600000,exit,long,red_histogram_shrinking,1,1.9135093761959434,103.95,0.03978185993111367,-1.1704822043627885,0,0,0
2026-09-15T05:15:00+08:00,1789420500000,entry,short,dead_cross_open,1,1.9314340898116853,103.55,0.04,,0,1,1
2026-09-15T05:45:00+08:00,1789422300000,entry,short,green_histogram_expansion_add,1,1.9368584156498159,103.26,0.04,,0,2,2
2026-09-15T06:15:00+08:00,1789424100000,exit,short,green_histogram_shrinking,1,1.9314340898116853,103.47,0.039969097054563016,0.07454563013036851,0,1,1
2026-09-15T06:45:00+08:00,1789425900000,entry,short,green_histogram_expansion_add,1,1.940805434255216,103.05,0.04,,0,2,2
2026-09-15T07:30:00+08:00,1789428600000,exit,short,green_histogram_shrinking,1,1.9368584156498159,102.83,0.03983343017625412,0.7530156885531799,0,1,1
2026-09-15T09:45:00+08:00,1789436700000,exit,short,green_histogram_shrinking,1,1.940805434255216,102.37,0.039736050460941294,1.2400116448325913,0,0,0
2026-09-15T14:00:00+08:00,1789452000000,entry,long,golden_cross_open,1,1.975113569030219,101.26,0.04,,1,0,1
2026-09-15T14:30:00+08:00,1789453800000,exit,long,red_histogram_shrinking,1,1.975113569030219,100.99,0.03989334386727236,-0.6131740075054518,0,0,0
2026-09-15T15:45:00+08:00,1789458300000,entry,short,dead_cross_open,1,1.9880715705765408,100.6,0.04,,0,1,1
2026-09-15T16:15:00+08:00,1789460100000,entry,short,green_histogram_expansion_add,1,1.9944156362185879,100.28,0.04,,0,2,2
2026-09-15T16:45:00+08:00,1789461900000,exit,short,green_histogram_shrinking,1,1.9880715705765408,100.38,0.03991252485089463,0.3574632206759421,0,1,1
2026-09-15T17:00:00+08:00,1789462800000,exit,short,golden_cross_flip_close_opposite,1,1.9944156362185879,100.59,0.04012365376944556,-0.6983925009972124,0,0,0
2026-09-15T17:00:00+08:00,1789462800000,entry,long,golden_cross_flip_open_one_unit,1,1.9882692116512575,100.59,0.04,,1,0,1
2026-09-15T17:30:00+08:00,1789464600000,entry,long,red_histogram_expansion_add,1,1.9886646117132347,100.57,0.04,,2,0,2
2026-09-15T18:30:00+08:00,1789468200000,exit,long,red_histogram_shrinking,1,1.9882692116512575,100.65,0.04002385923053981,0.03927229346854016,1,0,1
2026-09-15T19:00:00+08:00,1789470000000,exit,long,red_histogram_shrinking,1,1.9886646117132347,100.89,0.04012727453514965,0.5562454012131002,0,0,0
2026-09-15T20:45:00+08:00,1789476300000,entry,long,zero_axis_up_open,1,1.9821605550049552,100.9,0.04,,1,0,1
2026-09-15T21:30:00+08:00,1789479000000,exit,long,red_histogram_shrinking,1,1.9821605550049552,100.89,0.039996035678889985,-0.09981764122894968,0,0,0
2026-09-15T21:45:00+08:00,1789479900000,entry,short,dead_cross_open,1,1.9958088015168147,100.21,0.04,,0,1,1
2026-09-15T22:15:00+08:00,1789481700000,entry,short,green_histogram_expansion_add,1,1.994813484939158,100.26,0.04,,0,2,2
2026-09-15T23:15:00+08:00,1789485300000,exit,short,green_histogram_shrinking,1,1.9958088015168147,99.08,0.0395489472108572,2.175714998503134,0,1,1
2026-09-16T00:30:00+08:00,1789489800000,exit,short,green_histogram_shrinking,1,1.994813484939158,99.22,0.03958507879513266,1.9950209455416041,0,0,0
2026-09-16T01:00:00+08:00,1789491600000,entry,long,golden_cross_open,1,2.0195900232252852,99.03,0.04,,1,0,1
2026-09-16T01:15:00+08:00,1789492500000,exit,long,red_histogram_shrinking,1,2.0195900232252852,98.9,0.03994749065939615,-0.34249419367867406,0,0,0
2026-09-16T02:45:00+08:00,1789497900000,entry,short,dead_cross_open,1,2.0412329046744233,97.98,0.04,,0,1,1
2026-09-16T03:15:00+08:00,1789499700000,entry,short,green_histogram_expansion_add,1,2.0412329046744233,97.98,0.04,,0,2,2
2026-09-16T03:45:00+08:00,1789501500000,exit,short,green_histogram_shrinking,1,2.0412329046744233,97.57,0.0398326189018167,0.757072872014719,0,1,1
2026-09-16T04:45:00+08:00,1789505100000,exit,short,green_histogram_shrinking,1,2.0412329046744233,97.12,0.039648907940396,1.6758113900796068,0,0,0
2026-09-16T06:30:00+08:00,1789511400000,entry,long,golden_cross_open,1,2.0673971469919374,96.74,0.04,,1,0,1
2026-09-16T07:00:00+08:00,1789513200000,entry,long,red_histogram_expansion_add,1,2.059732234809475,97.1,0.04,,2,0,2
2026-09-16T07:45:00+08:00,1789515900000,exit,long,red_histogram_shrinking,1,2.0673971469919374,97.09,0.04014471780028944,0.6434442836469063,1,0,1
2026-09-16T08:45:00+08:00,1789519500000,entry,long,red_histogram_expansion_add,1,2.0590960568310512,97.13,0.04,,2,0,2
2026-09-16T09:00:00+08:00,1789520400000,exit,long,red_histogram_shrinking,1,2.059732234809475,97.02,0.03996704428424305,-0.24474562306899753,1,0,1
2026-09-16T10:00:00+08:00,1789524000000,exit,long,dead_cross_flip_close_opposite,1,2.0590960568310512,96.42,0.039707608359929994,-1.5416658087099635,0,0,0
2026-09-16T10:00:00+08:00,1789524000000,entry,short,dead_cross_flip_open_one_unit,1,2.0742584526031944,96.42,0.04,,0,1,1
2026-09-16T10:15:00+08:00,1789524900000,exit,short,green_histogram_shrinking,1,2.0742584526031944,96.68,0.040107861439535375,-0.6194150591163766,0,0,0
2026-09-16T10:30:00+08:00,1789525800000,entry,long,golden_cross_open,1,2.0578248791027884,97.19,0.04,,1,0,1
2026-09-16T11:00:00+08:00,1789527600000,entry,long,red_histogram_expansion_add,1,2.0582484305855715,97.17,0.04,,2,0,2
2026-09-16T11:30:00+08:00,1789529400000,exit,long,red_histogram_shrinking,1,2.0578248791027884,97.15,0.03998353740096718,-0.16229653256506235,1,0,1
2026-09-16T12:15:00+08:00,1789532100000,entry,long,zero_axis_up_add,1,2.0542317173377156,97.36,0.04,,2,0,2
2026-09-16T12:45:00+08:00,1789533900000,exit,long,red_histogram_shrinking,1,2.0582484305855715,97.37,0.040082329937223424,0.33156735617989674,1,0,1
2026-09-16T13:15:00+08:00,1789535700000,exit,long,dead_cross_flip_close_opposite,1,2.0542317173377156,96.96,0.03983566146261298,-0.9015283483977109,0,0,0
2026-09-16T13:15:00+08:00,1789535700000,entry,short,dead_cross_flip_open_one_unit,1,2.062706270627063,96.96,0.04,,0,1,1
2026-09-16T13:45:00+08:00,1789537500000,exit,short,green_histogram_shrinking,1,2.062706270627063,97.21,0.04010313531353136,-0.5957797029702971,0,0,0
2026-09-16T14:00:00+08:00,1789538400000,entry,long,bullish_divergence_confirmed_golden_cross,1,2.0578248791027884,97.19,0.04,,1,0,1
2026-09-16T14:15:00+08:00,1789539300000,exit,long,red_histogram_shrinking,1,2.0578248791027884,97.17,0.03999176870048359,-0.12114826628253117,0,0,0
2026-09-16T14:30:00+08:00,1789540200000,entry,short,dead_cross_open,1,2.0599443815016993,97.09,0.04,,0,1,1
2026-09-16T15:00:00+08:00,1789542000000,exit,short,bullish_divergence_confirmed_golden_cross_close_opposite,1,2.0599443815016993,97.33,0.04009887733031208,-0.5744855288907094,0,0,0
2026-09-16T15:00:00+08:00,1789542000000,entry,long,bullish_divergence_confirmed_golden_cross_open_one_unit,1,2.0548648926333093,97.33,0.04,,1,0,1
2026-09-16T15:15:00+08:00,1789542900000,exit,long,red_histogram_shrinking,1,2.0548648926333093,97.19,0.03994246378300627,-0.3676235487516707,0,0,0
2026-09-16T15:30:00+08:00,1789543800000,entry,short,dead_cross_open,1,2.060793405461103,97.05,0.04,,0,1,1
2026-09-16T16:00:00+08:00,1789545600000,entry,short,green_histogram_expansion_add,1,2.0639834881320946,96.9,0.04,,0,2,2
2026-09-16T16:45:00+08:00,1789548300000,exit,short,green_histogram_shrinking,1,2.060793405461103,96.7,0.03985574446161773,0.6414219474497564,0,1,1
2026-09-16T17:15:00+08:00,1789550100000,exit,short,golden_cross_flip_close_opposite,1,2.0639834881320946,97.06,0.04006604747162022,-0.4103034055727483,0,0,0
2026-09-16T17:15:00+08:00,1789550100000,entry,long,golden_cross_flip_open_one_unit,1,2.06058108386565,97.06,0.04,,1,0,1
2026-09-16T17:45:00+08:00,1789551900000,entry,long,red_histogram_expansion_add,1,2.057189878625797,97.22,0.04,,2,0,2
2026-09-16T18:15:00+08:00,1789553700000,exit,long,red_histogram_shrinking,1,2.06058108386565,97.09,0.040012363486503194,-0.018194930970531355,1,0,1
2026-09-16T18:45:00+08:00,1789555500000,entry,long,red_histogram_expansion_add,1,2.0557097337855894,97.29,0.04,,2,0,2
2026-09-16T19:00:00+08:00,1789556400000,exit,long,red_histogram_shrinking,1,2.057189878625797,97.24,0.04000822875951451,-0.03886443118700675,1,0,1
2026-09-16T19:45:00+08:00,1789559100000,entry,long,red_histogram_expansion_add,1,2.0385281826521253,98.11,0.04,,2,0,2
2026-09-16T20:15:00+08:00,1789560900000,exit,long,red_histogram_shrinking,1,2.0557097337855894,97.66,0.040152122520300135,0.6804604789803481,1,0,1
2026-09-16T20:45:00+08:00,1789562700000,exit,long,dead_cross_flip_close_opposite,1,2.0385281826521253,97.38,0.03970237488533279,-1.5678279482213924,0,0,0
2026-09-16T20:45:00+08:00,1789562700000,entry,short,dead_cross_flip_open_one_unit,1,2.0538098172109263,97.38,0.04,,0,1,1
2026-09-16T21:15:00+08:00,1789564500000,entry,short,green_histogram_expansion_add,1,2.0574015019030965,97.21,0.04,,0,2,2
2026-09-16T22:30:00+08:00,1789569000000,exit,short,green_histogram_shrinking,1,2.0538098172109263,97.23,0.03993838570548367,0.2281330868761378,0,1,1
2026-09-16T23:45:00+08:00,1789573500000,exit,short,green_histogram_shrinking,1,2.0574015019030965,97.05,0.0399341631519391,0.24925007715254932,0,0,0
2026-09-17T00:15:00+08:00,1789575300000,entry,long,golden_cross_open,1,2.0563438206868185,97.26,0.04,,1,0,1
2026-09-17T00:45:00+08:00,1789577100000,exit,long,red_histogram_shrinking,1,2.0563438206868185,97.01,0.039897182808965655,-0.5939831379806704,0,0,0
2026-09-17T01:30:00+08:00,1789579800000,entry,short,bearish_divergence_confirmed_dead_cross,1,2.0624935547076415,96.97,0.04,,0,1,1
2026-09-17T02:00:00+08:00,1789581600000,exit,short,green_histogram_shrinking,1,2.0624935547076415,97.0,0.04001237496132824,-0.14188718160255984,0,0,0
2026-09-17T02:15:00+08:00,1789582500000,entry,long,golden_cross_open,1,2.045198895592596,97.79,0.04,,1,0,1
2026-09-17T02:30:00+08:00,1789583400000,entry,long,zero_axis_up_add,1,2.033760423022168,98.34,0.04,,2,0,2
2026-09-17T03:00:00+08:00,1789585200000,exit,long,red_histogram_shrinking,1,2.045198895592596,97.79,0.04,-0.08,1,0,1
2026-09-17T04:00:00+08:00,1789588800000,exit,long,red_histogram_shrinking,1,2.033760423022168,98.03,0.03987390685377263,-0.7103396379906494,0,0,0
2026-09-17T05:45:00+08:00,1789595100000,entry,short,dead_cross_open,1,2.0374898125509375,98.16,0.04,,0,1,1
2026-09-17T06:15:00+08:00,1789596900000,entry,short,green_histogram_expansion_add,1,2.0406081012141617,98.01,0.04,,0,2,2
2026-09-17T07:15:00+08:00,1789600500000,exit,short,green_histogram_shrinking,1,2.0374898125509375,97.74,0.03982885085574573,0.7759168704156515,0,1,1
2026-09-17T07:45:00+08:00,1789602300000,exit,short,golden_cross_flip_close_opposite,1,2.0406081012141617,98.67,0.04026936026936027,-1.4270707070707,0,0,0
2026-09-17T07:45:00+08:00,1789602300000,entry,long,golden_cross_flip_open_one_unit,1,2.026958548697679,98.67,0.04,,1,0,1
2026-09-17T08:15:00+08:00,1789604100000,entry,long,red_histogram_expansion_add,1,2.0234722784297854,98.84,0.04,,2,0,2
2026-09-17T08:30:00+08:00,1789605000000,exit,long,red_histogram_shrinking,1,2.026958548697679,98.78,0.040044593088071345,0.14292084726867219,1,0,1
2026-09-17T09:45:00+08:00,1789609500000,entry,long,red_histogram_expansion_add,1,2.0124773596297043,99.38,0.04,,2,0,2
2026-09-17T10:00:00+08:00,1789610400000,exit,long,red_histogram_shrinking,1,2.0234722784297854,99.19,0.040141643059490084,0.6280736543909232,1,0,1
2026-09-17T10:30:00+08:00,1789612200000,exit,long,bearish_divergence_confirmed_dead_cross_close_opposite,1,2.0124773596297043,99.05,0.039867176494264446,-0.7439847051720634,0,0,0
2026-09-17T10:30:00+08:00,1789612200000,entry,short,bearish_divergence_confirmed_dead_cross_open_one_unit,1,2.0191822311963654,99.05,0.04,,0,1,1
2026-09-17T10:45:00+08:00,1789613100000,exit,short,golden_cross_flip_close_opposite,1,2.0191822311963654,99.61,0.04022614840989399,-1.2109681978798632,0,0,0
2026-09-17T10:45:00+08:00,1789613100000,entry,long,golden_cross_flip_open_one_unit,1,2.0078305391024998,99.61,0.04,,1,0,1
2026-09-17T11:00:00+08:00,1789614000000,exit,long,red_histogram_shrinking,1,2.0078305391024998,99.32,0.039883545828732055,-0.6621544021684697,0,0,0
2026-09-17T12:30:00+08:00,1789619400000,entry,short,bearish_divergence_confirmed_dead_cross,1,2.016535591853196,99.18,0.04,,0,1,1
2026-09-17T13:00:00+08:00,1789621200000,exit,short,green_histogram_shrinking,1,2.016535591853196,99.86,0.040274248840492036,-1.4515184513006505,0,0,0
2026-09-17T15:15:00+08:00,1789629300000,entry,long,golden_cross_open,1,1.9998000199980002,100.01,0.04,,1,0,1
2026-09-17T15:45:00+08:00,1789631100000,exit,long,red_histogram_shrinking,1,1.9998000199980002,100.01,0.04,-0.08,0,0,0
2026-09-17T16:15:00+08:00,1789632900000,entry,short,bearish_divergence_confirmed_dead_cross,1,2.002402883460152,99.88,0.04,,0,1,1
2026-09-17T16:45:00+08:00,1789634700000,exit,short,green_histogram_shrinking,1,2.002402883460152,100.15,0.04010812975570686,-0.6207569082899684,0,0,0
2026-09-17T17:00:00+08:00,1789635600000,entry,long,golden_cross_open,1,1.9944156362185879,100.28,0.04,,1,0,1
2026-09-17T17:30:00+08:00,1789637400000,entry,long,red_histogram_expansion_add,1,1.9886646117132347,100.57,0.04,,2,0,2
2026-09-17T17:45:00+08:00,1789638300000,exit,long,red_histogram_shrinking,1,1.9944156362185879,100.43,0.04005983246908656,0.21910251296371297,1,0,1
2026-09-17T18:00:00+08:00,1789639200000,exit,long,bearish_divergence_confirmed_dead_cross_close_opposite,1,1.9886646117132347,100.18,0.03984488416028638,-0.8554240827284209,0,0,0
2026-09-17T18:00:00+08:00,1789639200000,entry,short,bearish_divergence_confirmed_dead_cross_open_one_unit,1,1.9964064683569573,100.18,0.04,,0,1,1
2026-09-17T18:30:00+08:00,1789641000000,entry,short,green_histogram_expansion_add,1,2.007024586051179,99.65,0.04,,0,2,2
2026-09-17T19:00:00+08:00,1789642800000,exit,short,green_histogram_shrinking,1,1.9964064683569573,99.8,0.03984827310840487,0.6787861848672582,0,1,1
2026-09-17T19:45:00+08:00,1789645500000,entry,short,zero_axis_down_add,1,2.009646302250804,99.52,0.04,,0,2,2
2026-09-17T20:00:00+08:00,1789646400000,exit,short,green_histogram_shrinking,1,2.007024586051179,100.07,0.0401685900652283,-0.9231189162066985,0,1,1
2026-09-17T20:15:00+08:00,1789647300000,exit,short,golden_cross_flip_close_opposite,1,2.009646302250804,100.79,0.04051045016077171,-2.632761254019313,0,0,0
2026-09-17T20:15:00+08:00,1789647300000,entry,long,golden_cross_flip_open_one_unit,1,1.9843238416509572,100.79,0.04,,1,0,1
2026-09-17T20:45:00+08:00,1789649100000,exit,long,red_histogram_shrinking,1,1.9843238416509572,100.82,0.040011905943049896,-0.02048219069354712,0,0,0
2026-09-17T21:30:00+08:00,1789651800000,entry,short,bearish_divergence_confirmed_dead_cross,1,1.9936204146730463,100.32,0.04,,0,1,1
2026-09-17T22:00:00+08:00,1789653600000,exit,short,green_histogram_shrinking,1,1.9936204146730463,100.7,0.04015151515151516,-0.8377272727272921,0,0,0
2026-09-17T22:15:00+08:00,1789654500000,entry,long,golden_cross_open,1,1.9725811223986587,101.39,0.04,,1,0,1
2026-09-17T22:45:00+08:00,1789656300000,exit,long,red_histogram_shrinking,1,1.9725811223986587,101.19,0.03992109675510406,-0.4744373212348414,0,0,0
2026-09-17T23:15:00+08:00,1789658100000,entry,short,dead_cross_open,1,1.9906439733253707,100.47,0.04,,0,1,1
2026-09-17T23:45:00+08:00,1789659900000,exit,short,green_histogram_shrinking,1,1.9906439733253707,101.1,0.04025082114063899,-1.3343565243356135,0,0,0
2026-09-18T00:00:00+08:00,1789660800000,entry,long,golden_cross_open,1,1.9758940920766648,101.22,0.04,,1,0,1
2026-09-18T00:30:00+08:00,1789662600000,exit,long,red_histogram_shrinking,1,1.9758940920766648,101.15,0.03997233748271093,-0.21828492392806398,0,0,0
2026-09-18T02:30:00+08:00,1789669800000,entry,short,bearish_divergence_confirmed_dead_cross,1,1.9749185346104474,101.27,0.04,,0,1,1
2026-09-18T03:00:00+08:00,1789671600000,entry,short,green_histogram_expansion_add,1,1.9839301656581687,100.81,0.04,,0,2,2
2026-09-18T03:30:00+08:00,1789673400000,exit,short,green_histogram_shrinking,1,1.9749185346104474,100.95,0.03987360521378494,0.5521003258615448,0,1,1
2026-09-18T04:00:00+08:00,1789675200000,entry,short,zero_axis_down_add,1,1.9817677368212445,100.92,0.04,,0,2,2
2026-09-18T05:00:00+08:00,1789678800000,exit,short,golden_cross_flip_close_opposite,2,3.9656979024794135,101.24,0.08029745112940316,-1.6475530981451858,0,0,0
2026-09-18T05:00:00+08:00,1789678800000,entry,long,golden_cross_flip_open_one_unit,1,1.9755037534571316,101.24,0.04,,1,0,1
2026-09-18T05:15:00+08:00,1789679700000,exit,long,bearish_divergence_confirmed_dead_cross_close_opposite,1,1.9755037534571316,101.11,0.039948636902410115,-0.3367641248518282,0,0,0
2026-09-18T05:15:00+08:00,1789679700000,entry,short,bearish_divergence_confirmed_dead_cross_open_one_unit,1,1.9780437147660963,101.11,0.04,,0,1,1
2026-09-18T05:30:00+08:00,1789680600000,exit,short,golden_cross_flip_close_opposite,1,1.9780437147660963,101.22,0.040043516961724854,-0.29762832558599434,0,0,0
2026-09-18T05:30:00+08:00,1789680600000,entry,long,golden_cross_flip_open_one_unit,1,1.9758940920766648,101.22,0.04,,1,0,1
2026-09-18T06:00:00+08:00,1789682400000,exit,long,red_histogram_shrinking,1,1.9758940920766648,101.1,0.039952578541790164,-0.3170598695909989,0,0,0
2026-09-18T06:15:00+08:00,1789683300000,entry,short,dead_cross_open,1,1.9788265558523797,101.07,0.04,,0,1,1
2026-09-18T06:30:00+08:00,1789684200000,entry,short,zero_axis_down_add,1,1.9827500743531277,100.87,0.04,,0,2,2
2026-09-18T06:45:00+08:00,1789685100000,exit,short,golden_cross_flip_close_opposite,2,3.9615766302055073,101.39,0.08033285090730728,-1.8245873874437017,0,0,0
2026-09-18T06:45:00+08:00,1789685100000,entry,long,golden_cross_flip_open_one_unit,1,1.9725811223986587,101.39,0.04,,1,0,1
2026-09-18T07:15:00+08:00,1789686900000,entry,long,red_histogram_expansion_add,1,1.9700551615445234,101.52,0.04,,2,0,2
2026-09-18T07:30:00+08:00,1789687800000,exit,long,red_histogram_shrinking,1,1.9725811223986587,101.46,0.04002761613571358,0.05805306243217907,1,0,1
2026-09-18T08:15:00+08:00,1789690500000,exit,long,red_histogram_shrinking,1,1.9700551615445234,101.42,0.03996059889676912,-0.27696611505121027,0,0,0
2026-09-18T08:30:00+08:00,1789691400000,entry,short,dead_cross_open,1,1.981178801386825,100.95,0.04,,0,1,1
2026-09-18T09:00:00+08:00,1789693200000,exit,short,green_histogram_shrinking,1,1.981178801386825,101.37,0.040166419019316495,-0.9122615156017864,0,0,0
2026-09-18T09:30:00+08:00,1789695000000,entry,long,golden_cross_open,1,1.9652156824211457,101.77,0.04,,1,0,1
2026-09-18T10:00:00+08:00,1789696800000,entry,long,red_histogram_expansion_add,1,1.9525529629991212,102.43,0.04,,2,0,2
2026-09-18T10:30:00+08:00,1789698600000,exit,long,red_histogram_shrinking,1,1.9652156824211457,102.52,0.040294782352363175,1.393616979463496,1,0,1
2026-09-18T11:30:00+08:00,1789702200000,entry,long,red_histogram_expansion_add,1,1.923631816870251,103.97,0.04,,2,0,2
2026-09-18T11:45:00+08:00,1789703100000,exit,long,red_histogram_shrinking,1,1.9525529629991212,104.01,0.04061700673630772,3.0044166748023007,1,0,1
2026-09-18T12:15:00+08:00,1789704900000,exit,long,red_histogram_shrinking,1,1.923631816870251,104.68,0.040273155717995585,1.285505434259898,0,0,0
2026-09-18T14:00:00+08:00,1789711200000,entry,short,dead_cross_open,1,1.8991548760801442,105.31,0.04,,0,1,1
2026-09-18T14:30:00+08:00,1789713000000,entry,short,green_histogram_expansion_add,1,1.8948365703458077,105.55,0.04,,0,2,2
2026-09-18T15:15:00+08:00,1789715700000,exit,short,green_histogram_shrinking,1,1.8991548760801442,105.8,0.040186117177855855,-1.0107720064571168,0,1,1
2026-09-18T16:15:00+08:00,1789719300000,entry,short,green_histogram_expansion_add,1,1.8944775978024062,105.57,0.04,,0,2,2
2026-09-18T16:30:00+08:00,1789720200000,exit,short,green_histogram_shrinking,1,1.8948365703458077,105.88,0.04012505921364282,-0.7054211274277562,0,1,1
2026-09-18T17:00:00+08:00,1789722000000,exit,short,green_histogram_shrinking,1,1.8944775978024062,106.28,0.04026901581888795,-1.4253481102586114,0,0,0
2026-09-18T21:45:00+08:00,1789739100000,entry,long,golden_cross_open,1,1.8570102135561746,107.7,0.04,,1,0,1
2026-09-18T22:15:00+08:00,1789740900000,entry,long,red_histogram_expansion_add,1,1.8351991191044228,108.98,0.04,,2,0,2
2026-09-18T23:15:00+08:00,1789744500000,exit,long,red_histogram_shrinking,1,1.8570102135561746,110.03,0.04086536675951718,4.245968430826366,1,0,1
2026-09-19T00:15:00+08:00,1789748100000,exit,long,fixed_take_profit,1,1.8351991191044228,111.7045,0.041,4.9189999999999845,0,0,0
2026-09-19T02:00:00+08:00,1789754400000,entry,short,dead_cross_open,1,1.7763566924238388,112.59,0.04,,0,1,1
2026-09-19T02:30:00+08:00,1789756200000,entry,short,green_histogram_expansion_add,1,1.7739932588256166,112.74,0.04,,0,2,2
2026-09-19T03:15:00+08:00,1789758900000,exit,short,green_histogram_shrinking,1,1.7763566924238388,112.88,0.04010302868816058,-0.5952464694910597,0,1,1
2026-09-19T03:45:00+08:00,1789760700000,exit,short,golden_cross_flip_close_opposite,1,1.7739932588256166,114.05,0.04046478623381232,-2.4043959552953744,0,0,0
2026-09-19T03:45:00+08:00,1789760700000,entry,long,golden_cross_flip_open_one_unit,1,1.7536168347216134,114.05,0.04,,1,0,1
2026-09-19T04:15:00+08:00,1789762500000,exit,long,dead_cross_flip_close_opposite,1,1.7536168347216134,113.84,0.039926348092941696,-0.4481858833844696,0,0,0
2026-09-19T04:15:00+08:00,1789762500000,entry,short,dead_cross_flip_open_one_unit,1,1.7568517217146873,113.84,0.04,,0,1,1
2026-09-19T04:45:00+08:00,1789764300000,entry,short,green_histogram_expansion_add,1,1.7590149516270888,113.7,0.04,,0,2,2
2026-09-19T06:15:00+08:00,1789769700000,exit,short,green_histogram_shrinking,1,1.7568517217146873,113.39,0.03984188334504568,0.7107413914265686,0,1,1
2026-09-19T07:00:00+08:00,1789772400000,exit,short,green_histogram_shrinking,1,1.7590149516270888,113.17,0.03981354441512753,0.8524643799472315,0,0,0
2026-09-19T09:00:00+08:00,1789779600000,entry,long,golden_cross_open,1,1.759788825340959,113.65,0.04,,1,0,1
2026-09-19T09:15:00+08:00,1789780500000,exit,long,red_histogram_shrinking,1,1.759788825340959,113.37,0.039901451825780906,-0.5726423229212514,0,0,0
2026-09-19T10:00:00+08:00,1789783200000,entry,short,bearish_divergence_confirmed_dead_cross,1,1.7633574325515782,113.42,0.04,,0,1,1
2026-09-19T10:15:00+08:00,1789784100000,exit,short,golden_cross_flip_close_opposite,1,1.7633574325515782,113.62,0.04007053429730207,-0.4327420208076227,0,0,0
2026-09-19T10:15:00+08:00,1789784100000,entry,long,golden_cross_flip_open_one_unit,1,1.760253476500616,113.62,0.04,,1,0,1
2026-09-19T10:30:00+08:00,1789785000000,exit,long,bearish_divergence_confirmed_dead_cross_close_opposite,1,1.760253476500616,113.35,0.03990494631226896,-0.5551733849674533,0,0,0
2026-09-19T10:30:00+08:00,1789785000000,entry,short,bearish_divergence_confirmed_dead_cross_open_one_unit,1,1.76444640494045,113.35,0.04,,0,1,1
2026-09-19T10:45:00+08:00,1789785900000,exit,short,green_histogram_shrinking,1,1.76444640494045,113.49,0.04004940449933834,-0.3270719011910024,0,0,0
2026-09-19T11:15:00+08:00,1789787700000,entry,long,golden_cross_open,1,1.7593244194229414,113.68,0.04,,1,0,1
2026-09-19T11:30:00+08:00,1789788600000,exit,long,bearish_divergence_confirmed_dead_cross_close_opposite,1,1.7593244194229414,113.29,0.03986277269528501,-0.7659992962702332,0,0,0
2026-09-19T11:30:00+08:00,1789788600000,entry,short,bearish_divergence_confirmed_dead_cross_open_one_unit,1,1.7653808809250595,113.29,0.04,,0,1,1
2026-09-19T12:00:00+08:00,1789790400000,entry,short,green_histogram_expansion_add,1,1.7663163472577939,113.23,0.04,,0,2,2
2026-09-19T12:00:00+08:00,1789790400000,exit,short,end_of_test,2,3.5316972281828534,113.35,0.08006357616290528,-0.47794439068930594,0,0,0
