time_beijing,timestamp_ms,event_type,side,reason,units,quantity_sol,execution_price,fee_usdt,realized_net_pnl_usdt,long_units_after,short_units_after,total_units_after
2026-02-16T00:00:00+08:00,1771171200000,entry,short,dead_cross_open,1,2.2896393817973673,87.35,0.04,,0,1,1
2026-02-16T00:00:00+08:00,1771171200000,exit,short,fixed_take_profit,1,2.2896393817973673,86.03975,0.039400000000000004,2.920599999999992,0,0,0
2026-02-17T00:00:00+08:00,1771257600000,entry,short,zero_axis_down_open,1,2.405580947798893,83.14,0.04,,0,1,1
2026-02-17T02:00:00+08:00,1771264800000,exit,short,green_histogram_shrinking,1,2.405580947798893,84.45,0.04063026220832331,-3.231941303824879,0,0,0
2026-02-17T10:00:00+08:00,1771293600000,entry,long,zero_axis_up_open,1,2.322340919647004,86.12,0.04,,1,0,1
2026-02-17T10:00:00+08:00,1771293600000,exit,long,fixed_take_profit,1,2.322340919647004,87.4118,0.0406,2.919399999999988,0,0,0
2026-02-17T16:00:00+08:00,1771315200000,entry,long,golden_cross_open,1,2.314546927438954,86.41,0.04,,1,0,1
2026-02-17T18:00:00+08:00,1771322400000,exit,long,red_histogram_shrinking,1,2.314546927438954,85.87,0.0397500289318366,-1.3296053697488535,0,0,0
2026-02-17T20:00:00+08:00,1771329600000,entry,short,bearish_divergence_confirmed_dead_cross,1,2.3515579071134627,85.05,0.04,,0,1,1
2026-02-17T22:00:00+08:00,1771336800000,entry,short,green_histogram_expansion_add,1,2.354880489815142,84.93,0.04,,0,2,2
2026-02-17T22:00:00+08:00,1771336800000,exit,short,fixed_take_profit,1,2.3515579071134627,83.71510827744441,0.03937218496293682,3.0597030003529535,0,1,1
2026-02-18T00:00:00+08:00,1771344000000,entry,short,zero_axis_down_add,1,2.388059701492537,83.75,0.04,,0,2,2
2026-02-18T00:00:00+08:00,1771344000000,exit,short,fixed_take_profit,1,2.354880489815142,83.07083456841356,0.039124377519563665,4.298988024662109,0,1,1
2026-02-18T04:00:00+08:00,1771358400000,exit,short,green_histogram_shrinking,1,2.388059701492537,84.79,0.04049671641791045,-2.564078805970164,0,0,0
2026-02-18T18:00:00+08:00,1771408800000,entry,long,golden_cross_open,1,2.345765892563922,85.26,0.04,,1,0,1
2026-02-18T20:00:00+08:00,1771416000000,exit,long,dead_cross_flip_close_opposite,1,2.345765892563922,82.78,0.0388365001172883,-5.8963359136758235,0,0,0
2026-02-18T20:00:00+08:00,1771416000000,entry,short,dead_cross_flip_open_one_unit,1,2.4160425223483935,82.78,0.04,,0,1,1
2026-02-18T22:00:00+08:00,1771423200000,entry,short,green_histogram_expansion_add,1,2.42306760358614,82.54,0.04,,0,2,2
2026-02-19T02:00:00+08:00,1771437600000,exit,short,fixed_take_profit,1,2.4160425223483935,81.41992840551657,0.03934280183885798,3.2066480038712877,0,1,1
2026-02-19T04:00:00+08:00,1771444800000,exit,short,fixed_take_profit,1,2.42306760358614,80.86,0.03918584928519506,3.9915677247395367,0,0,0
2026-02-20T06:00:00+08:00,1771538400000,entry,long,golden_cross_open,1,2.43842965130456,82.02,0.04,,1,0,1
2026-02-20T08:00:00+08:00,1771545600000,entry,long,red_histogram_expansion_add,1,2.425712553062462,82.45,0.04,,2,0,2
2026-02-20T08:00:00+08:00,1771545600000,exit,long,fixed_take_profit,1,2.43842965130456,83.46795445977989,0.04070614701769319,3.4500289414482745,1,0,1
2026-02-20T12:00:00+08:00,1771560000000,exit,long,fixed_take_profit,1,2.425712553062462,83.68674999999999,0.0406,2.919399999999967,0,0,0
2026-02-21T04:00:00+08:00,1771617600000,entry,long,zero_axis_up_open,1,2.3607176581680833,84.72,0.04,,1,0,1
2026-02-21T06:00:00+08:00,1771624800000,exit,long,red_histogram_shrinking,1,2.3607176581680833,84.51,0.03990084985835695,-0.5756515580736397,0,0,0
2026-02-22T14:00:00+08:00,1771740000000,entry,short,dead_cross_open,1,2.354880489815142,84.93,0.04,,0,1,1
2026-02-22T16:00:00+08:00,1771747200000,entry,short,green_histogram_expansion_add,1,2.34796900680911,85.18,0.04,,0,2,2
2026-02-22T20:00:00+08:00,1771761600000,exit,short,fixed_take_profit,1,2.354880489815142,83.77899405090825,0.039457903709364535,2.6310235494679675,0,1,1
2026-02-22T22:00:00+08:00,1771768800000,exit,short,fixed_take_profit,1,2.34796900680911,83.90230000000001,0.039400000000000004,2.92059999999999,0,0,0
2026-02-23T06:00:00+08:00,1771797600000,entry,short,zero_axis_down_open,1,2.396644697423607,83.45,0.04,,0,1,1
2026-02-23T08:00:00+08:00,1771804800000,entry,short,green_histogram_expansion_add,1,2.4175027196905594,82.73,0.04,,0,2,2
2026-02-23T08:00:00+08:00,1771804800000,exit,short,fixed_take_profit,1,2.396644697423607,81.84211364183415,0.03922929353712841,3.7743030208208266,0,1,1
2026-02-23T10:00:00+08:00,1771812000000,exit,short,fixed_take_profit,1,2.4175027196905594,77.89,0.03765985736733953,11.623053305934977,0,0,0
2026-02-25T02:00:00+08:00,1771956000000,entry,long,golden_cross_open,1,2.567394094993581,77.9,0.04,,1,0,1
2026-02-25T04:00:00+08:00,1771963200000,entry,long,red_histogram_expansion_add,1,2.553300140431508,78.33,0.04,,2,0,2
2026-02-25T06:00:00+08:00,1771970400000,exit,long,fixed_take_profit,1,2.567394094993581,79.28612436791909,0.040711745503424435,3.4780157716187334,1,0,1
2026-02-25T08:00:00+08:00,1771977600000,exit,long,fixed_take_profit,1,2.553300140431508,79.50495,0.040600000000000004,2.919399999999989,0,0,0
2026-02-25T20:00:00+08:00,1772020800000,entry,long,zero_axis_up_open,1,2.400384061449832,83.32,0.04,,1,0,1
2026-02-25T22:00:00+08:00,1772028000000,exit,long,fixed_take_profit,1,2.400384061449832,84.56979999999999,0.0406,2.9193999999999845,0,0,0
2026-02-27T02:00:00+08:00,1772128800000,entry,short,dead_cross_open,1,2.3573785950023574,84.84,0.04,,0,1,1
2026-02-27T04:00:00+08:00,1772136000000,entry,short,green_histogram_expansion_add,1,2.314546927438954,86.41,0.04,,0,2,2
2026-02-27T12:00:00+08:00,1772164800000,exit,short,green_histogram_shrinking,1,2.3573785950023574,87.56,0.04128241395568129,-6.4933521923620905,0,1,1
2026-02-27T18:00:00+08:00,1772186400000,entry,short,green_histogram_expansion_add,1,2.318303002202388,86.27,0.04,,0,2,2
2026-02-27T18:00:00+08:00,1772186400000,exit,short,fixed_take_profit,1,2.314546927438954,85.04484409891127,0.03936805652073199,3.080349339819337,0,1,1
2026-02-27T20:00:00+08:00,1772193600000,exit,short,fixed_take_profit,1,2.318303002202388,83.54,0.0387342065607975,6.250232989451697,0,0,0
2026-02-28T04:00:00+08:00,1772222400000,entry,short,zero_axis_down_open,1,2.4533856722276743,81.52,0.04,,0,1,1
2026-02-28T06:00:00+08:00,1772229600000,exit,short,fixed_take_profit,1,2.4533856722276743,80.29719999999999,0.039400000000000004,2.9206000000000163,0,0,0
2026-03-01T06:00:00+08:00,1772316000000,entry,long,golden_cross_open,1,2.3685457129322596,84.44,0.04,,1,0,1
2026-03-01T08:00:00+08:00,1772323200000,entry,long,red_histogram_expansion_add,1,2.3727607070826906,84.29,0.04,,2,0,2
2026-03-01T08:00:00+08:00,1772323200000,exit,long,fixed_take_profit,1,2.3685457129322596,85.63040732531262,0.040563906833402476,2.738970260178961,1,0,1
2026-03-01T10:00:00+08:00,1772330400000,exit,long,fixed_take_profit,1,2.3727607070826906,86.69,0.041138925139399686,5.613486771859037,0,0,0
2026-03-01T12:00:00+08:00,1772337600000,entry,long,zero_axis_up_open,1,2.272727272727273,88.0,0.04,,1,0,1
2026-03-01T16:00:00+08:00,1772352000000,exit,long,red_histogram_shrinking,1,2.272727272727273,86.59,0.03935909090909091,-3.283904545454538,0,0,0
2026-03-02T06:00:00+08:00,1772402400000,entry,short,bearish_divergence_confirmed_dead_cross,1,2.4131274131274134,82.88,0.04,,0,1,1
2026-03-02T08:00:00+08:00,1772409600000,entry,short,green_histogram_expansion_add,1,2.3934897079942554,83.56,0.04,,0,2,2
2026-03-02T10:00:00+08:00,1772416800000,exit,short,green_histogram_shrinking,1,2.4131274131274134,84.58,0.040820463320463324,-4.183137065637073,0,1,1
2026-03-02T14:00:00+08:00,1772431200000,entry,short,green_histogram_expansion_add,1,2.3761435190685516,84.17,0.04,,0,2,2
2026-03-02T14:00:00+08:00,1772431200000,exit,short,fixed_take_profit,1,2.3934897079942554,82.60593241519109,0.039543289811005786,2.2040076551600585,0,1,1
2026-03-02T16:00:00+08:00,1772438400000,exit,short,fixed_take_profit,1,2.3761435190685516,82.90745,0.0394,2.9206000000000105,0,0,0
2026-03-03T00:00:00+08:00,1772467200000,entry,long,golden_cross_open,1,2.2535211267605635,88.75,0.04,,1,0,1
2026-03-03T00:00:00+08:00,1772467200000,exit,long,fixed_take_profit,1,2.2535211267605635,90.08125,0.040600000000000004,2.9193999999999938,0,0,0
2026-03-03T18:00:00+08:00,1772532000000,entry,short,dead_cross_open,1,2.3744509082274723,84.23,0.04,,0,1,1
2026-03-03T20:00:00+08:00,1772539200000,entry,short,green_histogram_expansion_add,1,2.376990729736154,84.14,0.04,,0,2,2
2026-03-03T22:00:00+08:00,1772546400000,exit,short,fixed_take_profit,1,2.3744509082274723,82.92220130664607,0.039378939240957415,3.0259248559719847,0,1,1
2026-03-04T00:00:00+08:00,1772553600000,exit,short,green_histogram_shrinking,1,2.376990729736154,84.97,0.040394580461136205,-2.0532968861421397,0,0,0
2026-03-04T10:00:00+08:00,1772589600000,entry,long,golden_cross_open,1,2.293052052281587,87.22,0.04,,1,0,1
2026-03-04T12:00:00+08:00,1772596800000,exit,long,red_histogram_shrinking,1,2.293052052281587,85.72,0.03931208438431553,-3.518890162806696,0,0,0
2026-03-05T22:00:00+08:00,1772719200000,entry,short,dead_cross_open,1,2.203856749311295,90.75,0.04,,0,1,1
2026-03-05T22:00:00+08:00,1772719200000,exit,short,fixed_take_profit,1,2.203856749311295,89.38875,0.039400000000000004,2.9205999999999963,0,0,0
2026-03-06T22:00:00+08:00,1772805600000,entry,short,zero_axis_down_open,1,2.33836080907284,85.53,0.04,,0,1,1
2026-03-06T22:00:00+08:00,1772805600000,exit,short,fixed_take_profit,1,2.33836080907284,84.24705,0.039400000000000004,2.920599999999999,0,0,0
2026-03-08T20:00:00+08:00,1772971200000,entry,long,golden_cross_open,1,2.41721053903795,82.74,0.04,,1,0,1
2026-03-08T22:00:00+08:00,1772978400000,exit,long,dead_cross_flip_close_opposite,1,2.41721053903795,82.02,0.039651921682378535,-1.8200435097896999,0,0,0
2026-03-08T22:00:00+08:00,1772978400000,entry,short,dead_cross_flip_open_one_unit,1,2.43842965130456,82.02,0.04,,0,1,1
2026-03-09T00:00:00+08:00,1772985600000,entry,short,green_histogram_expansion_add,1,2.4390243902439024,82.0,0.04,,0,2,2
2026-03-09T04:00:00+08:00,1773000000000,exit,short,golden_cross_flip_close_opposite,2,4.877454041548463,82.42,0.08039995242088485,-2.160162056845166,0,0,0
2026-03-09T04:00:00+08:00,1773000000000,entry,long,golden_cross_flip_open_one_unit,1,2.426595486532395,82.42,0.04,,1,0,1
2026-03-09T06:00:00+08:00,1773007200000,entry,long,red_histogram_expansion_add,1,2.4333860566978953,82.19,0.04,,2,0,2
2026-03-09T08:00:00+08:00,1773014400000,exit,long,red_histogram_shrinking,1,2.426595486532395,81.55,0.03957777238534336,-2.190715845668538,1,0,1
2026-03-09T10:00:00+08:00,1773021600000,entry,long,red_histogram_expansion_add,1,2.4378352023403216,82.04,0.04,,2,0,2
2026-03-09T10:00:00+08:00,1773021600000,exit,long,fixed_take_profit,1,2.4333860566978953,83.3466554709858,0.04056291785910004,2.734026377641075,1,0,1
2026-03-09T12:00:00+08:00,1773028800000,exit,long,fixed_take_profit,1,2.4378352023403216,83.2706,0.040600000000000004,2.919399999999989,0,0,0
2026-03-10T06:00:00+08:00,1773093600000,entry,long,zero_axis_up_open,1,2.3266635644485807,85.96,0.04,,1,0,1
2026-03-10T08:00:00+08:00,1773100800000,exit,long,red_histogram_shrinking,1,2.3266635644485807,84.91,0.03951140065146579,-2.522508143322469,0,0,0
2026-03-11T12:00:00+08:00,1773201600000,entry,short,dead_cross_open,1,2.337267734018932,85.57,0.04,,0,1,1
2026-03-11T14:00:00+08:00,1773208800000,entry,short,green_histogram_expansion_add,1,2.3345395120812418,85.67,0.04,,0,2,2
2026-03-11T18:00:00+08:00,1773223200000,exit,short,fixed_take_profit,1,2.337267734018932,84.33567123919644,0.039423008642840464,2.805533777154868,0,1,1
2026-03-11T20:00:00+08:00,1773230400000,exit,short,fixed_take_profit,1,2.3345395120812418,84.38495,0.039400000000000004,2.9205999999999954,0,0,0
2026-03-12T04:00:00+08:00,1773259200000,entry,long,bullish_divergence_confirmed_golden_cross,1,2.2920009168003666,87.26,0.04,,1,0,1
2026-03-12T06:00:00+08:00,1773266400000,entry,long,red_histogram_expansion_add,1,2.2854530910753055,87.51,0.04,,2,0,2
2026-03-12T08:00:00+08:00,1773273600000,exit,long,red_histogram_shrinking,1,2.2920009168003666,86.53,0.03966536786614715,-1.7528260371304238,1,0,1
2026-03-12T12:00:00+08:00,1773288000000,exit,long,bearish_divergence_confirmed_dead_cross_close_opposite,1,2.2854530910753055,84.94,0.038825277111187294,-5.9524397211747395,0,0,0
2026-03-12T12:00:00+08:00,1773288000000,entry,short,bearish_divergence_confirmed_dead_cross_open_one_unit,1,2.354603249352484,84.94,0.04,,0,1,1
2026-03-12T14:00:00+08:00,1773295200000,entry,short,green_histogram_expansion_add,1,2.3507287259050305,85.08,0.04,,0,2,2
2026-03-12T16:00:00+08:00,1773302400000,exit,short,green_histogram_shrinking,1,2.354603249352484,85.74,0.04037673651989639,-1.964059336001877,0,1,1
2026-03-13T00:00:00+08:00,1773331200000,exit,short,bullish_divergence_confirmed_golden_cross_close_opposite,1,2.3507287259050305,86.53,0.04068171133051246,-3.4892383638928135,0,0,0
2026-03-13T00:00:00+08:00,1773331200000,entry,long,bullish_divergence_confirmed_golden_cross_open_one_unit,1,2.3113371085172774,86.53,0.04,,1,0,1
2026-03-13T02:00:00+08:00,1773338400000,entry,long,red_histogram_expansion_add,1,2.3102691463555507,86.57,0.04,,2,0,2
2026-03-13T06:00:00+08:00,1773352800000,exit,long,red_histogram_shrinking,1,2.3113371085172774,86.5,0.0399861319773489,-0.14932624523286986,1,0,1
2026-03-13T08:00:00+08:00,1773360000000,entry,long,red_histogram_expansion_add,1,2.3046784973496197,86.78,0.04,,2,0,2
2026-03-13T08:00:00+08:00,1773360000000,exit,long,fixed_take_profit,1,2.3102691463555507,87.97499589270262,0.040649183732333435,3.1652694779348254,1,0,1
2026-03-13T10:00:00+08:00,1773367200000,exit,long,fixed_take_profit,1,2.3046784973496197,90.43,0.041682415303065226,8.330394100023062,0,0,0
2026-03-14T08:00:00+08:00,1773446400000,entry,short,dead_cross_open,1,2.2696323195642303,88.12,0.04,,0,1,1
2026-03-14T10:00:00+08:00,1773453600000,entry,short,green_histogram_expansion_add,1,2.26808800181447,88.18,0.04,,0,2,2
2026-03-14T16:00:00+08:00,1773475200000,exit,short,fixed_take_profit,1,2.2696323195642303,86.8277399432785,0.03941340896199659,2.8535417810550316,0,1,1
2026-03-14T18:00:00+08:00,1773482400000,exit,short,fixed_take_profit,1,2.26808800181447,86.77,0.03936039918348831,3.118643683374939,0,0,0
2026-03-15T18:00:00+08:00,1773568800000,entry,long,golden_cross_open,1,2.2601423889705052,88.49,0.04,,1,0,1
2026-03-15T20:00:00+08:00,1773576000000,entry,long,red_histogram_expansion_add,1,2.259631680036154,88.51,0.04,,2,0,2
2026-03-15T22:00:00+08:00,1773583200000,exit,long,red_histogram_shrinking,1,2.2601423889705052,87.79,0.039683580065544136,-1.6617832523448721,1,0,1
2026-03-16T02:00:00+08:00,1773597600000,entry,long,red_histogram_expansion_add,1,2.2629554197782307,88.38,0.04,,2,0,2
2026-03-16T04:00:00+08:00,1773604800000,exit,long,red_histogram_shrinking,1,2.259631680036154,88.13,0.03982826799231725,-0.9384883064060775,1,0,1
2026-03-16T04:00:00+08:00,1773604800000,exit,long,fixed_take_profit,1,2.2629554197782307,89.7057,0.040600000000000004,2.919399999999995,0,0,0
2026-03-17T18:00:00+08:00,1773741600000,entry,short,dead_cross_open,1,2.1310602024507195,93.85,0.04,,0,1,1
2026-03-17T20:00:00+08:00,1773748800000,entry,short,green_histogram_expansion_add,1,2.1367521367521367,93.6,0.04,,0,2,2
2026-03-18T02:00:00+08:00,1773770400000,exit,short,green_histogram_shrinking,1,2.1310602024507195,94.51,0.040281299946723505,-1.4867810335642213,0,1,1
2026-03-18T08:00:00+08:00,1773792000000,entry,short,green_histogram_expansion_add,1,2.1152829190904283,94.55,0.04,,0,2,2
2026-03-18T12:00:00+08:00,1773806400000,exit,short,green_histogram_shrinking,1,2.1367521367521367,94.99,0.04059401709401709,-3.050679487179488,0,1,1
2026-03-18T14:00:00+08:00,1773813600000,entry,short,green_histogram_expansion_add,1,2.130606157451795,93.87,0.04,,0,2,2
2026-03-18T18:00:00+08:00,1773828000000,exit,short,fixed_take_profit,1,2.1152829190904283,92.79564135972826,0.0392578070268549,3.63170705869865,0,1,1
2026-03-18T20:00:00+08:00,1773835200000,exit,short,fixed_take_profit,1,2.130606157451795,91.94,0.039177586023223604,4.032892297858756,0,0,0
2026-03-19T02:00:00+08:00,1773856800000,entry,short,zero_axis_down_open,1,2.226179875333927,89.84,0.04,,0,1,1
2026-03-19T06:00:00+08:00,1773871200000,exit,short,green_histogram_shrinking,1,2.226179875333927,90.4,0.040249332146037396,-1.3269100623330414,0,0,0
2026-03-20T14:00:00+08:00,1773986400000,entry,long,golden_cross_open,1,2.2396416573348263,89.3,0.04,,1,0,1
2026-03-20T16:00:00+08:00,1773993600000,entry,long,red_histogram_expansion_add,1,2.239390885679095,89.31,0.04,,2,0,2
2026-03-20T22:00:00+08:00,1774015200000,exit,long,red_histogram_shrinking,1,2.2396416573348263,88.76,0.039758118701007844,-1.2891646136617962,1,0,1
2026-03-21T00:00:00+08:00,1774022400000,entry,long,red_histogram_expansion_add,1,2.249465751883928,88.91,0.04,,2,0,2
2026-03-21T10:00:00+08:00,1774058400000,exit,long,fixed_take_profit,1,2.239390885679095,90.44619438334641,0.04050887666928515,2.463874469756438,1,0,1
2026-03-21T12:00:00+08:00,1774065600000,exit,long,fixed_take_profit,1,2.249465751883928,90.41,0.04067483972556518,3.2935237881003263,0,0,0
2026-03-22T08:00:00+08:00,1774137600000,entry,short,dead_cross_open,1,2.2864982279638735,87.47,0.04,,0,1,1
2026-03-22T10:00:00+08:00,1774144800000,entry,short,green_histogram_expansion_add,1,2.2885913720105275,87.39,0.04,,0,2,2
2026-03-22T12:00:00+08:00,1774152000000,exit,short,green_histogram_shrinking,1,2.2864982279638735,88.6,0.04051674859951984,-2.6642597461986868,0,1,1
2026-03-22T16:00:00+08:00,1774166400000,entry,short,green_histogram_expansion_add,1,2.2820629849383844,87.64,0.04,,0,2,2
2026-03-22T22:00:00+08:00,1774188000000,exit,short,green_histogram_shrinking,1,2.2885913720105275,87.25,0.03993591944158371,0.24046687263989147,0,1,1
2026-03-23T04:00:00+08:00,1774209600000,entry,short,green_histogram_expansion_add,1,2.3038820412394885,86.81,0.04,,0,2,2
2026-03-23T04:00:00+08:00,1774209600000,exit,short,fixed_take_profit,1,2.2820629849383844,85.91468012611062,0.039212542275723704,3.858076079105782,0,1,1
2026-03-23T06:00:00+08:00,1774216800000,exit,short,fixed_take_profit,1,2.3038820412394885,85.50785,0.039400000000000004,2.920599999999994,0,0,0
2026-03-23T20:00:00+08:00,1774267200000,entry,long,golden_cross_open,1,2.2535211267605635,88.75,0.04,,1,0,1
2026-03-23T20:00:00+08:00,1774267200000,exit,long,fixed_take_profit,1,2.2535211267605635,90.08125,0.040600000000000004,2.9193999999999938,0,0,0
2026-03-24T04:00:00+08:00,1774296000000,entry,long,zero_axis_up_open,1,2.1896211955331726,91.34,0.04,,1,0,1
2026-03-24T08:00:00+08:00,1774310400000,exit,long,red_histogram_shrinking,1,2.1896211955331726,91.39,0.04002189621195533,0.029459163564697063,0,0,0
2026-03-25T02:00:00+08:00,1774375200000,entry,short,dead_cross_open,1,2.2439133849433412,89.13,0.04,,0,1,1
2026-03-25T04:00:00+08:00,1774382400000,entry,short,green_histogram_expansion_add,1,2.2609088853719195,88.46,0.04,,0,2,2
2026-03-25T06:00:00+08:00,1774389600000,exit,short,green_histogram_shrinking,1,2.2439133849433412,90.31,0.04052956355884663,-2.7283473577920043,0,1,1
2026-03-25T12:00:00+08:00,1774411200000,exit,short,golden_cross_flip_close_opposite,1,2.2609088853719195,91.66,0.041446981686638025,-7.316355414876787,0,0,0
2026-03-25T12:00:00+08:00,1774411200000,entry,long,golden_cross_flip_open_one_unit,1,2.181976871045167,91.66,0.04,,1,0,1
2026-03-25T14:00:00+08:00,1774418400000,entry,long,red_histogram_expansion_add,1,2.164970772894566,92.38,0.04,,2,0,2
2026-03-25T18:00:00+08:00,1774432800000,exit,long,fixed_take_profit,1,2.181976871045167,93.39887048467723,0.040758835035861765,3.7134163442729653,1,0,1
2026-03-25T22:00:00+08:00,1774447200000,exit,long,red_histogram_shrinking,1,2.164970772894566,92.68,0.040129898246373676,0.5693613336220207,0,0,0
2026-03-26T06:00:00+08:00,1774476000000,entry,short,dead_cross_open,1,2.1929824561403506,91.2,0.04,,0,1,1
2026-03-26T08:00:00+08:00,1774483200000,entry,short,green_histogram_expansion_add,1,2.182214948172395,91.65,0.04,,0,2,2
2026-03-26T12:00:00+08:00,1774497600000,exit,short,fixed_take_profit,1,2.1929824561403506,90.05307957342086,0.03949696472518458,2.435679409351884,0,1,1
2026-03-26T14:00:00+08:00,1774504800000,exit,short,fixed_take_profit,1,2.182214948172395,89.17,0.038917621385706494,5.332975450081842,0,0,0
2026-03-26T20:00:00+08:00,1774526400000,entry,short,zero_axis_down_open,1,2.2854530910753055,87.51,0.04,,0,1,1
2026-03-27T02:00:00+08:00,1774548000000,exit,short,fixed_take_profit,1,2.2854530910753055,86.19735,0.0394,2.920600000000011,0,0,0
2026-03-28T18:00:00+08:00,1774692000000,entry,long,golden_cross_open,1,2.410509822827528,82.97,0.04,,1,0,1
2026-03-28T20:00:00+08:00,1774699200000,entry,long,red_histogram_expansion_add,1,2.4134186074574635,82.87,0.04,,2,0,2
2026-03-28T22:00:00+08:00,1774706400000,exit,long,fixed_take_profit,1,2.410509822827528,84.16376939821512,0.04057551857211769,2.797017342016347,1,0,1
2026-03-29T06:00:00+08:00,1774735200000,exit,long,red_histogram_shrinking,1,2.4134186074574635,82.62,0.03987932906962713,-0.683233980933993,0,0,0
2026-03-31T18:00:00+08:00,1774951200000,entry,short,dead_cross_open,1,2.4847807181016277,80.49,0.04,,0,1,1
2026-03-31T20:00:00+08:00,1774958400000,entry,short,green_histogram_expansion_add,1,2.4752475247524752,80.8,0.04,,0,2,2
2026-03-31T22:00:00+08:00,1774965600000,exit,short,green_histogram_shrinking,1,2.4847807181016277,81.79,0.04064604298670643,-3.3108609765188506,0,1,1
2026-04-01T00:00:00+08:00,1774972800000,entry,short,green_histogram_expansion_add,1,2.4746349913387777,80.82,0.04,,0,2,2
2026-04-01T02:00:00+08:00,1774980000000,exit,short,green_histogram_shrinking,1,2.4752475247524752,82.34,0.04076237623762377,-3.892643564356451,0,1,1
2026-04-01T06:00:00+08:00,1774994400000,exit,short,golden_cross_flip_close_opposite,1,2.4746349913387777,82.81,0.04098490472655284,-5.005508537490743,0,0,0
2026-04-01T06:00:00+08:00,1774994400000,entry,long,golden_cross_flip_open_one_unit,1,2.4151672503320856,82.81,0.04,,1,0,1
2026-04-01T08:00:00+08:00,1775001600000,entry,long,red_histogram_expansion_add,1,2.4052916416115453,83.15,0.04,,2,0,2
2026-04-01T12:00:00+08:00,1775016000000,exit,long,fixed_take_profit,1,2.4151672503320856,84.22434649915643,0.040683176669076886,3.3352001687153527,1,0,1
2026-04-01T14:00:00+08:00,1775023200000,exit,long,fixed_take_profit,1,2.4052916416115453,84.39725,0.040600000000000004,2.9193999999999853,0,0,0
2026-04-02T00:00:00+08:00,1775059200000,entry,long,zero_axis_up_open,1,2.3934897079942554,83.56,0.04,,1,0,1
2026-04-02T00:00:00+08:00,1775059200000,exit,long,fixed_take_profit,1,2.3934897079942554,84.81339999999999,0.04059999999999999,2.9193999999999636,0,0,0
2026-04-02T08:00:00+08:00,1775088000000,entry,short,dead_cross_open,1,2.465179341797116,81.13,0.04,,0,1,1
2026-04-02T08:00:00+08:00,1775088000000,exit,short,fixed_take_profit,1,2.465179341797116,79.91305,0.039400000000000004,2.9205999999999928,0,0,0
2026-04-03T14:00:00+08:00,1775196000000,entry,long,golden_cross_open,1,2.522704339051463,79.28,0.04,,1,0,1
2026-04-03T16:00:00+08:00,1775203200000,entry,long,red_histogram_expansion_add,1,2.5031289111389237,79.9,0.04,,2,0,2
2026-04-03T20:00:00+08:00,1775217600000,exit,long,fixed_take_profit,1,2.522704339051463,80.78262445030784,0.04075813544415128,3.7099190853122423,1,0,1
2026-04-03T22:00:00+08:00,1775224800000,exit,long,red_histogram_shrinking,1,2.5031289111389237,79.56,0.039829787234042555,-0.9308936170212851,0,0,0
2026-04-05T08:00:00+08:00,1775347200000,entry,long,zero_axis_up_open,1,2.4752475247524752,80.8,0.04,,1,0,1
2026-04-05T18:00:00+08:00,1775383200000,exit,long,dead_cross_flip_close_opposite,1,2.4752475247524752,79.78,0.0394950495049505,-2.6042475247524655,0,0,0
2026-04-05T18:00:00+08:00,1775383200000,entry,short,dead_cross_flip_open_one_unit,1,2.50689395838556,79.78,0.04,,0,1,1
2026-04-05T20:00:00+08:00,1775390400000,entry,short,green_histogram_expansion_add,1,2.504382669671926,79.86,0.04,,0,2,2
2026-04-05T20:00:00+08:00,1775390400000,exit,short,fixed_take_profit,1,2.50689395838556,78.62268025557505,0.03941974442495615,2.821858130794279,0,1,1
2026-04-06T02:00:00+08:00,1775412000000,exit,short,green_histogram_shrinking,1,2.504382669671926,79.84,0.03998998246932132,-0.029902329075892763,0,0,0
2026-04-06T08:00:00+08:00,1775433600000,entry,long,bullish_divergence_confirmed_golden_cross,1,2.443195699975568,81.86,0.04,,1,0,1
2026-04-06T10:00:00+08:00,1775440800000,entry,long,zero_axis_up_add,1,2.4488796375658137,81.67,0.04,,2,0,2
2026-04-06T16:00:00+08:00,1775462400000,exit,long,red_histogram_shrinking,1,2.443195699975568,81.77,0.03995602247740044,-0.29984363547520987,1,0,1
2026-04-06T16:00:00+08:00,1775462400000,exit,long,fixed_take_profit,1,2.4488796375658137,82.89505,0.040600000000000004,2.9193999999999902,0,0,0
2026-04-07T08:00:00+08:00,1775520000000,entry,short,dead_cross_open,1,2.5015634771732334,79.95,0.04,,0,1,1
2026-04-07T10:00:00+08:00,1775527200000,entry,short,green_histogram_expansion_add,1,2.5173064820641913,79.45,0.04,,0,2,2
2026-04-07T16:00:00+08:00,1775548800000,exit,short,green_histogram_shrinking,1,2.5015634771732334,79.81,0.03992995622263915,0.27028893058161496,0,1,1
2026-04-07T20:00:00+08:00,1775563200000,entry,short,green_histogram_expansion_add,1,2.5265285497726127,79.16,0.04,,0,2,2
2026-04-08T02:00:00+08:00,1775584800000,exit,short,green_histogram_shrinking,1,2.5173064820641913,80.01,0.04028193832599119,-1.489973568281944,0,1,1
2026-04-08T06:00:00+08:00,1775599200000,exit,short,golden_cross_flip_close_opposite,1,2.5265285497726127,82.89,0.04188479029813037,-9.505836280949985,0,0,0
2026-04-08T06:00:00+08:00,1775599200000,entry,long,golden_cross_flip_open_one_unit,1,2.4128362890577875,82.89,0.04,,1,0,1
2026-04-08T06:00:00+08:00,1775599200000,exit,long,fixed_take_profit,1,2.4128362890577875,84.13335,0.040600000000000004,2.919399999999982,0,0,0
2026-04-08T08:00:00+08:00,1775606400000,entry,long,zero_axis_up_open,1,2.338907730090048,85.51,0.04,,1,0,1
2026-04-08T14:00:00+08:00,1775628000000,exit,long,red_histogram_shrinking,1,2.338907730090048,84.18,0.03937785054379605,-3.1901251315635553,0,0,0
2026-04-09T08:00:00+08:00,1775692800000,entry,short,dead_cross_open,1,2.423654871546292,82.52,0.04,,0,1,1
2026-04-09T10:00:00+08:00,1775700000000,entry,short,green_histogram_expansion_add,1,2.433682161109759,82.18,0.04,,0,2,2
2026-04-09T18:00:00+08:00,1775728800000,exit,short,green_histogram_shrinking,1,2.423654871546292,82.55,0.04001454192922928,-0.15272418807562077,0,1,1
2026-04-09T20:00:00+08:00,1775736000000,entry,short,green_histogram_expansion_add,1,2.4354603019970775,82.12,0.04,,0,2,2
2026-04-10T00:00:00+08:00,1775750400000,exit,short,green_histogram_shrinking,1,2.433682161109759,83.71,0.04074470674129958,-3.804278413239199,0,1,1
2026-04-10T04:00:00+08:00,1775764800000,exit,short,golden_cross_flip_close_opposite,1,2.4354603019970775,84.12,0.04097418412079883,-4.951894788114954,0,0,0
2026-04-10T04:00:00+08:00,1775764800000,entry,long,golden_cross_flip_open_one_unit,1,2.377555872563005,84.12,0.04,,1,0,1
2026-04-10T06:00:00+08:00,1775772000000,entry,long,red_histogram_expansion_add,1,2.3741690408357075,84.24,0.04,,2,0,2
2026-04-10T06:00:00+08:00,1775772000000,exit,long,fixed_take_profit,1,2.377555872563005,85.44265659301496,0.04062893799002138,3.0640610121168605,1,0,1
2026-04-10T08:00:00+08:00,1775779200000,exit,long,red_histogram_shrinking,1,2.3741690408357075,83.29,0.03954890788224122,-2.3350094966761366,0,0,0
2026-04-10T10:00:00+08:00,1775786400000,entry,short,bearish_divergence_confirmed_dead_cross,1,2.406449284081338,83.11,0.04,,0,1,1
2026-04-10T12:00:00+08:00,1775793600000,entry,short,green_histogram_expansion_add,1,2.4140012070006036,82.85,0.04,,0,2,2
2026-04-10T18:00:00+08:00,1775815200000,exit,short,green_histogram_shrinking,1,2.406449284081338,83.5,0.04018770304415834,-1.0187029238358816,0,1,1
2026-04-10T22:00:00+08:00,1775829600000,exit,short,golden_cross_flip_close_opposite,1,2.4140012070006036,84.22,0.04066143633071817,-3.387843089921556,0,0,0
2026-04-10T22:00:00+08:00,1775829600000,entry,long,golden_cross_flip_open_one_unit,1,2.3747328425552126,84.22,0.04,,1,0,1
2026-04-10T22:00:00+08:00,1775829600000,exit,long,fixed_take_profit,1,2.3747328425552126,85.48329999999999,0.0406,2.9193999999999685,0,0,0
2026-04-11T16:00:00+08:00,1775894400000,entry,short,dead_cross_open,1,2.3744509082274723,84.23,0.04,,0,1,1
2026-04-11T18:00:00+08:00,1775901600000,entry,short,green_histogram_expansion_add,1,2.3677045104770924,84.47,0.04,,0,2,2
2026-04-12T00:00:00+08:00,1775923200000,exit,short,green_histogram_shrinking,1,2.3744509082274723,84.62,0.040185207170841744,-1.0062210613795575,0,1,1
2026-04-12T04:00:00+08:00,1775937600000,exit,short,golden_cross_flip_close_opposite,1,2.3677045104770924,85.99,0.040719782171185034,-3.679630638096356,0,0,0
2026-04-12T04:00:00+08:00,1775937600000,entry,long,golden_cross_flip_open_one_unit,1,2.325851843237586,85.99,0.04,,1,0,1
2026-04-12T06:00:00+08:00,1775944800000,entry,long,red_histogram_expansion_add,1,2.3446658851113718,85.3,0.04,,2,0,2
2026-04-12T08:00:00+08:00,1775952000000,exit,long,red_histogram_shrinking,1,2.325851843237586,84.88,0.03948366089080126,-2.661179206884521,1,0,1
2026-04-12T10:00:00+08:00,1775959200000,exit,long,bearish_divergence_confirmed_dead_cross_close_opposite,1,2.3446658851113718,82.23,0.03856037514654163,-7.276684642438437,0,0,0
2026-04-12T10:00:00+08:00,1775959200000,entry,short,bearish_divergence_confirmed_dead_cross_open_one_unit,1,2.4322023592362885,82.23,0.04,,0,1,1
2026-04-12T12:00:00+08:00,1775966400000,entry,short,green_histogram_expansion_add,1,2.4313153415998054,82.26,0.04,,0,2,2
2026-04-12T20:00:00+08:00,1775995200000,exit,short,green_histogram_shrinking,1,2.4322023592362885,82.15,0.03996108476225222,0.1146151039766467,0,1,1
2026-04-13T00:00:00+08:00,1776009600000,entry,short,green_histogram_expansion_add,1,2.452783909737552,81.54,0.04,,0,2,2
2026-04-13T02:00:00+08:00,1776016800000,exit,short,green_histogram_shrinking,1,2.4313153415998054,82.14,0.039941648431801605,0.21181619256018613,0,1,1
2026-04-13T08:00:00+08:00,1776038400000,entry,short,green_histogram_expansion_add,1,2.4542888697999756,81.49,0.04,,0,2,2
2026-04-13T10:00:00+08:00,1776045600000,exit,short,green_histogram_shrinking,1,2.452783909737552,82.28,0.04036301201864116,-1.8954231052244173,0,1,1
2026-04-13T22:00:00+08:00,1776088800000,exit,short,golden_cross_flip_close_opposite,1,2.4542888697999756,83.56,0.0410160755920972,-5.161394036078065,0,0,0
2026-04-13T22:00:00+08:00,1776088800000,entry,long,golden_cross_flip_open_one_unit,1,2.3934897079942554,83.56,0.04,,1,0,1
2026-04-14T00:00:00+08:00,1776096000000,entry,long,red_histogram_expansion_add,1,2.420721374969741,82.62,0.04,,2,0,2
2026-04-14T04:00:00+08:00,1776110400000,exit,long,fixed_take_profit,1,2.3934897079942554,84.33365155855095,0.040370345408593085,1.7713566975568262,1,0,1
2026-04-14T06:00:00+08:00,1776117600000,exit,long,fixed_take_profit,1,2.420721374969741,83.92,0.04062938755749214,3.066308399903164,0,0,0
2026-04-14T08:00:00+08:00,1776124800000,entry,long,zero_axis_up_open,1,2.311871459946827,86.51,0.04,,1,0,1
2026-04-14T14:00:00+08:00,1776146400000,exit,long,red_histogram_shrinking,1,2.311871459946827,85.47,0.03951913073633106,-2.4838654490810455,0,0,0
2026-04-15T06:00:00+08:00,1776204000000,entry,short,dead_cross_open,1,2.388059701492537,83.75,0.04,,0,1,1
2026-04-15T08:00:00+08:00,1776211200000,entry,short,green_histogram_expansion_add,1,2.390628735357399,83.66,0.04,,0,2,2
2026-04-15T18:00:00+08:00,1776247200000,exit,short,green_histogram_shrinking,1,2.388059701492537,83.11,0.039694328358208956,1.448663880597016,0,1,1
2026-04-16T04:00:00+08:00,1776283200000,exit,short,golden_cross_flip_close_opposite,1,2.390628735357399,85.48,0.040870188859670094,-4.431814487210154,0,0,0
2026-04-16T04:00:00+08:00,1776283200000,entry,long,golden_cross_flip_open_one_unit,1,2.3397285914833876,85.48,0.04,,1,0,1
2026-04-16T06:00:00+08:00,1776290400000,entry,long,red_histogram_expansion_add,1,2.360439041661749,84.73,0.04,,2,0,2
2026-04-16T16:00:00+08:00,1776326400000,exit,long,red_histogram_shrinking,1,2.3397285914833876,85.16,0.03985025737014506,-0.8285634066448464,1,0,1
2026-04-16T20:00:00+08:00,1776340800000,exit,long,fixed_take_profit,1,2.360439041661749,86.00094999999999,0.0406,2.9193999999999645,0,0,0
2026-04-18T10:00:00+08:00,1776477600000,entry,short,dead_cross_open,1,2.251998648800811,88.81,0.04,,0,1,1
2026-04-18T12:00:00+08:00,1776484800000,entry,short,green_histogram_expansion_add,1,2.2655188038060716,88.28,0.04,,0,2,2
2026-04-18T16:00:00+08:00,1776499200000,exit,short,fixed_take_profit,1,2.251998648800811,87.2160437969394,0.03928208255689198,3.5103051329832495,0,1,1
2026-04-18T18:00:00+08:00,1776506400000,exit,short,fixed_take_profit,1,2.2655188038060716,86.9558,0.039400000000000004,2.9206000000000105,0,0,0
2026-04-19T10:00:00+08:00,1776564000000,entry,short,zero_axis_down_open,1,2.333994631812347,85.69,0.04,,0,1,1
2026-04-19T12:00:00+08:00,1776571200000,exit,short,green_histogram_shrinking,1,2.333994631812347,85.55,0.039934648150309254,0.24682460030342065,0,0,0
2026-04-20T22:00:00+08:00,1776693600000,entry,long,golden_cross_open,1,2.345490793948634,85.27,0.04,,1,0,1
2026-04-21T00:00:00+08:00,1776700800000,entry,long,red_histogram_expansion_add,1,2.3304591004427873,85.82,0.04,,2,0,2
2026-04-21T08:00:00+08:00,1776729600000,exit,long,red_histogram_shrinking,1,2.345490793948634,85.25,0.03999061803682421,-0.12690043391578756,1,0,1
2026-04-21T14:00:00+08:00,1776751200000,entry,long,red_histogram_expansion_add,1,2.3356300362022657,85.63,0.04,,2,0,2
2026-04-21T20:00:00+08:00,1776772800000,exit,long,red_histogram_shrinking,1,2.3304591004427873,85.8,0.03999067816359823,-0.1265998601724447,1,0,1
2026-04-22T00:00:00+08:00,1776787200000,entry,long,red_histogram_expansion_add,1,2.3255813953488373,86.0,0.04,,2,0,2
2026-04-22T02:00:00+08:00,1776794400000,exit,long,red_histogram_shrinking,1,2.3356300362022657,85.26,0.03982716337732104,-0.9440102767721369,1,0,1
2026-04-22T08:00:00+08:00,1776816000000,entry,long,red_histogram_expansion_add,1,2.325851843237586,85.99,0.04,,2,0,2
2026-04-22T10:00:00+08:00,1776823200000,exit,long,fixed_take_profit,1,2.3255813953488373,87.28492470492468,0.04059763939763939,2.9075993487992844,1,0,1
2026-04-22T12:00:00+08:00,1776830400000,entry,long,zero_axis_up_add,1,2.293052052281587,87.22,0.04,,2,0,2
2026-04-22T12:00:00+08:00,1776830400000,exit,long,fixed_take_profit,1,2.325851843237586,87.89964224929275,0.04088830898908839,4.360656636452845,1,0,1
2026-04-22T16:00:00+08:00,1776844800000,exit,long,fixed_take_profit,1,2.293052052281587,88.52829999999999,0.0406,2.919399999999974,0,0,0
2026-04-23T10:00:00+08:00,1776909600000,entry,short,dead_cross_open,1,2.3150827642088205,86.39,0.04,,0,1,1
2026-04-23T12:00:00+08:00,1776916800000,entry,short,green_histogram_expansion_add,1,2.333450005833625,85.71,0.04,,0,2,2
2026-04-23T20:00:00+08:00,1776945600000,exit,short,green_histogram_shrinking,1,2.3150827642088205,85.77,0.03971292973723811,1.3556383840722412,0,1,1
2026-04-23T22:00:00+08:00,1776952800000,entry,short,zero_axis_down_add,1,2.3331777881474567,85.72,0.04,,0,2,2
2026-04-24T00:00:00+08:00,1776960000000,exit,short,fixed_take_profit,1,2.333450005833625,84.42927471271074,0.039402298314180725,2.9091061307822086,0,1,1
2026-04-24T02:00:00+08:00,1776967200000,entry,short,green_histogram_expansion_add,1,2.345215759849906,85.28,0.04,,0,2,2
2026-04-24T06:00:00+08:00,1776981600000,exit,short,green_histogram_shrinking,1,2.3331777881474567,85.74,0.04000933271115259,-0.12667288847409244,0,1,1
2026-04-24T16:00:00+08:00,1777017600000,entry,short,green_histogram_expansion_add,1,2.3405500292568755,85.45,0.04,,0,2,2
2026-04-24T18:00:00+08:00,1777024800000,exit,short,green_histogram_shrinking,1,2.345215759849906,85.42,0.040065666041275795,-0.408395872420264,0,1,1
2026-04-25T00:00:00+08:00,1777046400000,exit,short,golden_cross_flip_close_opposite,1,2.3405500292568755,86.45,0.040468110005851377,-2.421018139262727,0,0,0
2026-04-25T00:00:00+08:00,1777046400000,entry,long,golden_cross_flip_open_one_unit,1,2.313475997686524,86.45,0.04,,1,0,1
2026-04-25T02:00:00+08:00,1777053600000,entry,long,red_histogram_expansion_add,1,2.3140113386555594,86.43,0.04,,2,0,2
2026-04-25T08:00:00+08:00,1777075200000,exit,long,red_histogram_shrinking,1,2.313475997686524,86.13,0.03985193753614807,-0.8201642567958528,1,0,1
2026-04-25T12:00:00+08:00,1777089600000,entry,long,zero_axis_up_add,1,2.314546927438954,86.41,0.04,,2,0,2
2026-04-25T14:00:00+08:00,1777096800000,exit,long,red_histogram_shrinking,1,2.3140113386555594,86.15,0.03987041536503529,-0.7277935901885946,1,0,1
2026-04-25T18:00:00+08:00,1777111200000,entry,long,red_histogram_expansion_add,1,2.3113371085172774,86.53,0.04,,2,0,2
2026-04-25T20:00:00+08:00,1777118400000,exit,long,red_histogram_shrinking,1,2.314546927438954,86.31,0.03995370906145122,-0.31140840180533347,1,0,1
2026-04-25T22:00:00+08:00,1777125600000,entry,long,red_histogram_expansion_add,1,2.310803004043905,86.55,0.04,,2,0,2
2026-04-26T00:00:00+08:00,1777132800000,exit,long,red_histogram_shrinking,1,2.3113371085172774,86.16,0.03982896105396972,-0.9350236912053729,1,0,1
2026-04-26T02:00:00+08:00,1777140000000,exit,long,dead_cross_flip_close_opposite,1,2.310803004043905,85.5,0.039514731369150784,-2.5058578856152445,0,0,0
2026-04-26T02:00:00+08:00,1777140000000,entry,short,dead_cross_flip_open_one_unit,1,2.3391812865497075,85.5,0.04,,0,1,1
2026-04-26T04:00:00+08:00,1777147200000,entry,short,green_histogram_expansion_add,1,2.3359028264424198,85.62,0.04,,0,2,2
2026-04-26T08:00:00+08:00,1777161600000,exit,short,green_histogram_shrinking,1,2.3391812865497075,86.13,0.040294736842105265,-1.5539789473684102,0,1,1
2026-04-26T14:00:00+08:00,1777183200000,exit,short,bullish_divergence_confirmed_golden_cross_close_opposite,1,2.3359028264424198,86.42,0.040373744452230784,-1.94909600560616,0,0,0
2026-04-26T14:00:00+08:00,1777183200000,entry,long,bullish_divergence_confirmed_golden_cross_open_one_unit,1,2.314279102059708,86.42,0.04,,1,0,1
2026-04-26T16:00:00+08:00,1777190400000,entry,long,zero_axis_up_add,1,2.3097355352812103,86.59,0.04,,2,0,2
2026-04-26T22:00:00+08:00,1777212000000,exit,long,red_histogram_shrinking,1,2.314279102059708,86.06,0.0398333719046517,-0.9129738486461454,1,0,1
2026-04-27T00:00:00+08:00,1777219200000,entry,long,red_histogram_expansion_add,1,2.311871459946827,86.51,0.04,,2,0,2
2026-04-27T10:00:00+08:00,1777255200000,exit,long,fixed_take_profit,1,2.3097355352812103,87.8482312362796,0.040581236279607164,2.825600161756191,1,0,1
2026-04-27T12:00:00+08:00,1777262400000,exit,long,fixed_take_profit,1,2.311871459946827,87.80765,0.0406,2.9193999999999773,0,0,0
2026-04-27T16:00:00+08:00,1777276800000,entry,short,bearish_divergence_confirmed_dead_cross,1,2.3476933912431037,85.19,0.04,,0,1,1
2026-04-27T18:00:00+08:00,1777284000000,entry,short,green_histogram_expansion_add,1,2.3416461772626156,85.41,0.04,,0,2,2
2026-04-27T22:00:00+08:00,1777298400000,exit,short,fixed_take_profit,1,2.3476933912431037,84.02036027549823,0.039450808909730364,2.6665046424384644,0,1,1
2026-04-28T00:00:00+08:00,1777305600000,exit,short,fixed_take_profit,1,2.3416461772626156,84.09,0.03938180540920268,3.011591148577434,0,0,0
2026-04-29T10:00:00+08:00,1777428000000,entry,long,golden_cross_open,1,2.379819133745835,84.04,0.04,,1,0,1
2026-04-29T12:00:00+08:00,1777435200000,entry,long,red_histogram_expansion_add,1,2.365744026496333,84.54,0.04,,2,0,2
2026-04-29T16:00:00+08:00,1777449600000,exit,long,fixed_take_profit,1,2.379819133745835,85.55359738996322,0.04072041760588445,3.521367611816317,1,0,1
2026-04-29T22:00:00+08:00,1777471200000,exit,long,red_histogram_shrinking,1,2.365744026496333,83.93,0.03971137922876745,-1.5228152353915294,0,0,0
2026-04-30T04:00:00+08:00,1777492800000,entry,short,dead_cross_open,1,2.4348672997321645,82.14,0.04,,0,1,1
2026-04-30T06:00:00+08:00,1777500000000,entry,short,green_histogram_expansion_add,1,2.413709872073377,82.86,0.04,,0,2,2
2026-04-30T08:00:00+08:00,1777507200000,exit,short,green_histogram_shrinking,1,2.4348672997321645,83.02,0.04042853664475286,-2.2231117604090467,0,1,1
2026-04-30T12:00:00+08:00,1777521600000,entry,short,green_histogram_expansion_add,1,2.409058058299205,83.02,0.04,,0,2,2
2026-04-30T16:00:00+08:00,1777536000000,exit,short,green_histogram_shrinking,1,2.413709872073377,83.32,0.04022206130823076,-1.190528602461969,0,1,1
2026-04-30T22:00:00+08:00,1777557600000,exit,short,bullish_divergence_confirmed_golden_cross_close_opposite,1,2.409058058299205,83.15,0.04006263550951578,-0.39324018308843567,0,0,0
2026-04-30T22:00:00+08:00,1777557600000,entry,long,bullish_divergence_confirmed_golden_cross_open_one_unit,1,2.4052916416115453,83.15,0.04,,1,0,1
2026-05-01T00:00:00+08:00,1777564800000,entry,long,red_histogram_expansion_add,1,2.4009603841536618,83.3,0.04,,2,0,2
2026-05-01T02:00:00+08:00,1777572000000,exit,long,red_histogram_shrinking,1,2.4052916416115453,82.99,0.039923030667468426,-0.4647696933253416,1,0,1
2026-05-01T04:00:00+08:00,1777579200000,entry,long,red_histogram_expansion_add,1,2.4099289070972407,82.99,0.04,,2,0,2
2026-05-01T06:00:00+08:00,1777586400000,exit,long,red_histogram_shrinking,1,2.4009603841536618,82.84,0.039779111644657875,-1.1842208883553274,1,0,1
2026-05-01T08:00:00+08:00,1777593600000,entry,long,red_histogram_expansion_add,1,2.4084778420038533,83.04,0.04,,2,0,2
2026-05-01T10:00:00+08:00,1777600800000,exit,long,fixed_take_profit,1,2.4099289070972407,84.26021735830874,0.04061222670601699,2.9805213033789126,1,0,1
2026-05-01T20:00:00+08:00,1777636800000,exit,long,fixed_take_profit,1,2.4084778420038533,84.2856,0.0406,2.9193999999999902,0,0,0
2026-05-02T02:00:00+08:00,1777658400000,entry,long,zero_axis_up_open,1,2.375861249703017,84.18,0.04,,1,0,1
2026-05-02T10:00:00+08:00,1777687200000,entry,long,zero_axis_up_add,1,2.380952380952381,84.0,0.04,,2,0,2
2026-05-02T20:00:00+08:00,1777723200000,exit,long,red_histogram_shrinking,1,2.375861249703017,83.63,0.03973865526253266,-1.386462342599219,1,0,1
2026-05-02T22:00:00+08:00,1777730400000,entry,long,red_histogram_expansion_add,1,2.3840743831207534,83.89,0.04,,2,0,2
2026-05-03T08:00:00+08:00,1777766400000,exit,long,red_histogram_shrinking,1,2.380952380952381,84.24,0.04011428571428571,0.49131428571427355,1,0,1
2026-05-03T14:00:00+08:00,1777788000000,exit,long,dead_cross_flip_close_opposite,1,2.3840743831207534,83.69,0.03990463702467517,-0.5567195136488327,0,0,0
2026-05-03T14:00:00+08:00,1777788000000,entry,short,dead_cross_flip_open_one_unit,1,2.389771776795316,83.69,0.04,,0,1,1
2026-05-03T16:00:00+08:00,1777795200000,entry,short,green_histogram_expansion_add,1,2.3860653781913626,83.82,0.04,,0,2,2
2026-05-03T18:00:00+08:00,1777802400000,exit,short,green_histogram_shrinking,1,2.389771776795316,84.0,0.040148165850161316,-0.8209774166567149,0,1,1
2026-05-03T22:00:00+08:00,1777816800000,exit,short,bullish_divergence_confirmed_golden_cross_close_opposite,1,2.3860653781913626,84.04,0.04010498687664043,-0.6050393700787714,0,0,0
2026-05-03T22:00:00+08:00,1777816800000,entry,long,bullish_divergence_confirmed_golden_cross_open_one_unit,1,2.379819133745835,84.04,0.04,,1,0,1
2026-05-04T00:00:00+08:00,1777824000000,entry,long,red_histogram_expansion_add,1,2.3778385447628105,84.11,0.04,,2,0,2
2026-05-04T06:00:00+08:00,1777845600000,exit,long,red_histogram_shrinking,1,2.379819133745835,84.1,0.04002855782960495,0.06276059019511675,1,0,1
2026-05-04T10:00:00+08:00,1777860000000,entry,long,red_histogram_expansion_add,1,2.360439041661749,84.73,0.04,,2,0,2
2026-05-04T12:00:00+08:00,1777867200000,exit,long,fixed_take_profit,1,2.3778385447628105,85.68514456882254,0.04074908789386401,3.664690381426163,1,0,1
2026-05-04T16:00:00+08:00,1777881600000,exit,long,red_histogram_shrinking,1,2.360439041661749,84.81,0.04003776702466659,0.1087973563082693,0,0,0
2026-05-04T22:00:00+08:00,1777903200000,entry,short,dead_cross_open,1,2.382654276864427,83.94,0.04,,0,1,1
2026-05-05T00:00:00+08:00,1777910400000,entry,short,green_histogram_expansion_add,1,2.3685457129322596,84.44,0.04,,0,2,2
2026-05-05T02:00:00+08:00,1777917600000,exit,short,golden_cross_flip_close_opposite,2,4.751199989796687,84.91,0.08068487822672732,-3.5850760118633787,0,0,0
2026-05-05T02:00:00+08:00,1777917600000,entry,long,golden_cross_flip_open_one_unit,1,2.3554351666470383,84.91,0.04,,1,0,1
2026-05-05T04:00:00+08:00,1777924800000,exit,long,dead_cross_flip_close_opposite,1,2.3554351666470383,84.42,0.0397691673536686,-1.2339323990107054,0,0,0
2026-05-05T04:00:00+08:00,1777924800000,entry,short,dead_cross_flip_open_one_unit,1,2.369106846718787,84.42,0.04,,0,1,1
2026-05-05T06:00:00+08:00,1777932000000,entry,short,green_histogram_expansion_add,1,2.370510845087116,84.37,0.04,,0,2,2
2026-05-05T10:00:00+08:00,1777946400000,exit,short,green_histogram_shrinking,1,2.369106846718787,84.36,0.039971570717839376,0.06217484008529323,0,1,1
2026-05-05T14:00:00+08:00,1777960800000,exit,short,golden_cross_flip_close_opposite,1,2.370510845087116,84.9,0.040251274149579234,-1.3366220220457536,0,0,0
2026-05-05T14:00:00+08:00,1777960800000,entry,long,golden_cross_flip_open_one_unit,1,2.3557126030624262,84.9,0.04,,1,0,1
2026-05-05T16:00:00+08:00,1777968000000,entry,long,red_histogram_expansion_add,1,2.3573785950023574,84.84,0.04,,2,0,2
2026-05-05T18:00:00+08:00,1777975200000,exit,long,red_histogram_shrinking,1,2.3557126030624262,84.5,0.03981154299175501,-1.0220965842167389,1,0,1
2026-05-05T20:00:00+08:00,1777982400000,entry,long,red_histogram_expansion_add,1,2.354880489815142,84.93,0.04,,2,0,2
2026-05-06T02:00:00+08:00,1778004000000,exit,long,fixed_take_profit,1,2.3573785950023574,86.15825078635801,0.04062152323732108,3.02699466336807,1,0,1
2026-05-06T04:00:00+08:00,1778011200000,exit,long,fixed_take_profit,1,2.354880489815142,86.47,0.040725303190863066,3.5457906511244364,0,0,0
2026-05-07T12:00:00+08:00,1778126400000,entry,short,dead_cross_open,1,2.2802417056207958,87.71,0.04,,0,1,1
2026-05-07T14:00:00+08:00,1778133600000,entry,short,green_histogram_expansion_add,1,2.256826901376664,88.62,0.04,,0,2,2
2026-05-07T16:00:00+08:00,1778140800000,exit,short,golden_cross_flip_close_opposite,2,4.53706860699746,90.12,0.08177612457252223,-9.042398987183661,0,0,0
2026-05-07T16:00:00+08:00,1778140800000,entry,long,golden_cross_flip_open_one_unit,1,2.2192632046160674,90.12,0.04,,1,0,1
2026-05-07T18:00:00+08:00,1778148000000,exit,long,red_histogram_shrinking,1,2.2192632046160674,89.42,0.03968930315135375,-1.6331735463826071,0,0,0
2026-05-07T22:00:00+08:00,1778162400000,entry,short,bearish_divergence_confirmed_dead_cross,1,2.2573363431151243,88.6,0.04,,0,1,1
2026-05-08T00:00:00+08:00,1778169600000,entry,short,green_histogram_expansion_add,1,2.2660321776569226,88.26,0.04,,0,2,2
2026-05-08T16:00:00+08:00,1778227200000,exit,short,green_histogram_shrinking,1,2.2573363431151243,88.18,0.03981038374717834,0.8682708803611455,0,1,1
2026-05-09T02:00:00+08:00,1778263200000,exit,short,golden_cross_flip_close_opposite,1,2.2660321776569226,91.63,0.04152730568774076,-7.718055744391547,0,0,0
2026-05-09T02:00:00+08:00,1778263200000,entry,long,golden_cross_flip_open_one_unit,1,2.1826912583215106,91.63,0.04,,1,0,1
2026-05-09T04:00:00+08:00,1778270400000,entry,long,red_histogram_expansion_add,1,2.1609940572663424,92.55,0.04,,2,0,2
2026-05-09T08:00:00+08:00,1778284800000,exit,long,fixed_take_profit,1,2.1826912583215106,93.46901778151805,0.040802801607123455,3.933205234010147,1,0,1
2026-05-09T12:00:00+08:00,1778299200000,exit,long,fixed_take_profit,1,2.1609940572663424,93.93824999999998,0.04059999999999999,2.9193999999999676,0,0,0
2026-05-10T08:00:00+08:00,1778371200000,entry,short,dead_cross_open,1,2.149151085321298,93.06,0.04,,0,1,1
2026-05-10T10:00:00+08:00,1778378400000,entry,short,green_histogram_expansion_add,1,2.1528525296017222,92.9,0.04,,0,2,2
2026-05-10T18:00:00+08:00,1778407200000,exit,short,green_histogram_shrinking,1,2.149151085321298,94.26,0.04051579626047711,-2.6594970986460407,0,1,1
2026-05-10T20:00:00+08:00,1778414400000,entry,short,green_histogram_expansion_add,1,2.1390374331550803,93.5,0.04,,0,2,2
2026-05-11T00:00:00+08:00,1778428800000,exit,short,green_histogram_shrinking,1,2.1528525296017222,94.48,0.04068030139935415,-3.4821872981700714,0,1,1
2026-05-11T02:00:00+08:00,1778436000000,exit,short,golden_cross_flip_close_opposite,1,2.1390374331550803,96.44,0.04125775401069519,-6.370027807486627,0,0,0
2026-05-11T02:00:00+08:00,1778436000000,entry,long,golden_cross_flip_open_one_unit,1,2.073828287017835,96.44,0.04,,1,0,1
2026-05-11T04:00:00+08:00,1778443200000,entry,long,red_histogram_expansion_add,1,2.0740433475059628,96.43,0.04,,2,0,2
2026-05-11T06:00:00+08:00,1778450400000,exit,long,red_histogram_shrinking,1,2.073828287017835,95.0,0.03940273745333887,-3.0657154707590166,1,0,1
2026-05-11T08:00:00+08:00,1778457600000,entry,long,red_histogram_expansion_add,1,2.0742584526031944,96.42,0.04,,2,0,2
2026-05-11T10:00:00+08:00,1778464800000,exit,long,red_histogram_shrinking,1,2.0740433475059628,96.02,0.03982992844550451,-0.9301877009229716,1,0,1
2026-05-11T14:00:00+08:00,1778479200000,exit,long,bearish_divergence_confirmed_dead_cross_close_opposite,1,2.0742584526031944,95.66,0.039684712715204316,-1.6561211366936426,0,0,0
2026-05-11T14:00:00+08:00,1778479200000,entry,short,bearish_divergence_confirmed_dead_cross_open_one_unit,1,2.090738030524775,95.66,0.04,,0,1,1
2026-05-11T16:00:00+08:00,1778486400000,entry,short,green_histogram_expansion_add,1,2.09885612341274,95.29,0.04,,0,2,2
2026-05-12T00:00:00+08:00,1778515200000,exit,short,green_histogram_shrinking,1,2.090738030524775,96.74,0.04045159941459335,-2.338448672381347,0,1,1
2026-05-12T02:00:00+08:00,1778522400000,exit,short,golden_cross_flip_close_opposite,1,2.09885612341274,97.71,0.04101584636373177,-5.160247665022537,0,0,0
2026-05-12T02:00:00+08:00,1778522400000,entry,long,golden_cross_flip_open_one_unit,1,2.046873400880156,97.71,0.04,,1,0,1
2026-05-12T04:00:00+08:00,1778529600000,entry,long,red_histogram_expansion_add,1,2.038320423970648,98.12,0.04,,2,0,2
2026-05-12T06:00:00+08:00,1778536800000,exit,long,red_histogram_shrinking,1,2.046873400880156,97.33,0.03984443762153312,-0.8576563299559831,1,0,1
2026-05-12T10:00:00+08:00,1778551200000,exit,long,dead_cross_flip_close_opposite,1,2.038320423970648,96.21,0.03922136159804321,-3.972413371382003,0,0,0
2026-05-12T10:00:00+08:00,1778551200000,entry,short,dead_cross_flip_open_one_unit,1,2.0787859889824345,96.21,0.04,,0,1,1
2026-05-12T12:00:00+08:00,1778558400000,entry,short,green_histogram_expansion_add,1,2.081382037673015,96.09,0.04,,0,2,2
2026-05-12T18:00:00+08:00,1778580000000,exit,short,fixed_take_profit,1,2.0787859889824345,94.7077131201248,0.039375413416536664,3.0435575039001668,0,1,1
2026-05-12T20:00:00+08:00,1778587200000,exit,short,fixed_take_profit,1,2.081382037673015,94.64865,0.039400000000000004,2.9206,0,0,0
2026-05-13T22:00:00+08:00,1778680800000,entry,short,zero_axis_down_open,1,2.168021680216802,92.25,0.04,,0,1,1
2026-05-13T22:00:00+08:00,1778680800000,exit,short,fixed_take_profit,1,2.168021680216802,90.86625,0.0394,2.920600000000013,0,0,0
2026-05-15T00:00:00+08:00,1778774400000,entry,long,golden_cross_open,1,2.148458481039854,93.09,0.04,,1,0,1
2026-05-15T02:00:00+08:00,1778781600000,entry,long,red_histogram_expansion_add,1,2.1512315800795956,92.97,0.04,,2,0,2
2026-05-15T08:00:00+08:00,1778803200000,exit,long,red_histogram_shrinking,1,2.148458481039854,92.1,0.03957460522075411,-2.206548501450229,1,0,1
2026-05-15T22:00:00+08:00,1778853600000,exit,long,dead_cross_flip_close_opposite,1,2.1512315800795956,88.85,0.03822738517801441,-8.941301495105957,0,0,0
2026-05-15T22:00:00+08:00,1778853600000,entry,short,dead_cross_flip_open_one_unit,1,2.2509848058525606,88.85,0.04,,0,1,1
2026-05-16T00:00:00+08:00,1778860800000,entry,short,green_histogram_expansion_add,1,2.247191011235955,89.0,0.04,,0,2,2
2026-05-16T02:00:00+08:00,1778868000000,exit,short,green_histogram_shrinking,1,2.2509848058525606,89.78,0.04041868317388858,-2.173834552616785,0,1,1
2026-05-16T04:00:00+08:00,1778875200000,entry,short,green_histogram_expansion_add,1,2.2376370552696354,89.38,0.04,,0,2,2
2026-05-16T08:00:00+08:00,1778889600000,exit,short,green_histogram_shrinking,1,2.247191011235955,89.19,0.04008539325842697,-0.5070516853932534,0,1,1
2026-05-16T14:00:00+08:00,1778911200000,entry,short,green_histogram_expansion_add,1,2.2593764121102575,88.52,0.04,,0,2,2
2026-05-16T14:00:00+08:00,1778911200000,exit,short,fixed_take_profit,1,2.2376370552696354,87.61370248454188,0.03920953344575605,3.873123237774026,0,1,1
2026-05-16T16:00:00+08:00,1778918400000,exit,short,fixed_take_profit,1,2.2593764121102575,87.1922,0.039400000000000004,2.9205999999999914,0,0,0
2026-05-17T14:00:00+08:00,1778997600000,entry,long,golden_cross_open,1,2.302820955670697,86.85,0.04,,1,0,1
2026-05-17T16:00:00+08:00,1779004800000,entry,long,red_histogram_expansion_add,1,2.3007017140227766,86.93,0.04,,2,0,2
2026-05-17T22:00:00+08:00,1779026400000,exit,long,red_histogram_shrinking,1,2.302820955670697,86.35,0.039769717904432934,-1.2311801957397814,1,0,1
2026-05-18T00:00:00+08:00,1779033600000,entry,long,red_histogram_expansion_add,1,2.3150827642088205,86.39,0.04,,2,0,2
2026-05-18T02:00:00+08:00,1779040800000,exit,long,red_histogram_shrinking,1,2.3007017140227766,86.19,0.03965949614632462,-1.7821787645232001,1,0,1
2026-05-18T04:00:00+08:00,1779048000000,entry,long,red_histogram_expansion_add,1,2.3060071486221605,86.73,0.04,,2,0,2
2026-05-18T08:00:00+08:00,1779062400000,exit,long,red_histogram_shrinking,1,2.3150827642088205,85.17,0.03943511980553305,-2.9038360921402915,1,0,1
2026-05-18T14:00:00+08:00,1779084000000,exit,long,dead_cross_flip_close_opposite,1,2.3060071486221605,84.83,0.039123717283523575,-4.460537299665641,0,0,0
2026-05-18T14:00:00+08:00,1779084000000,entry,short,dead_cross_flip_open_one_unit,1,2.357656489449487,84.83,0.04,,0,1,1
2026-05-18T16:00:00+08:00,1779091200000,entry,short,green_histogram_expansion_add,1,2.3612750885478158,84.7,0.04,,0,2,2
2026-05-18T20:00:00+08:00,1779105600000,exit,short,green_histogram_shrinking,1,2.357656489449487,84.93,0.040047153129788994,-0.3158128020747578,0,1,1
2026-05-19T00:00:00+08:00,1779120000000,entry,short,green_histogram_expansion_add,1,2.376425855513308,84.16,0.04,,0,2,2
2026-05-19T02:00:00+08:00,1779127200000,exit,short,green_histogram_shrinking,1,2.3612750885478158,84.36,0.03983943329397875,0.7229940968122867,0,1,1
2026-05-19T04:00:00+08:00,1779134400000,exit,short,golden_cross_flip_close_opposite,1,2.376425855513308,84.96,0.04038022813688213,-1.9815209125475217,0,0,0
2026-05-19T04:00:00+08:00,1779134400000,entry,long,golden_cross_flip_open_one_unit,1,2.354048964218456,84.96,0.04,,1,0,1
2026-05-19T06:00:00+08:00,1779141600000,entry,long,red_histogram_expansion_add,1,2.33836080907284,85.53,0.04,,2,0,2
2026-05-19T10:00:00+08:00,1779156000000,exit,long,red_histogram_shrinking,1,2.354048964218456,84.83,0.03993879472693032,-0.3859651600753189,1,0,1
2026-05-19T12:00:00+08:00,1779163200000,entry,long,red_histogram_expansion_add,1,2.352387673488591,85.02,0.04,,2,0,2
2026-05-19T18:00:00+08:00,1779184800000,exit,long,red_histogram_shrinking,1,2.33836080907284,84.7,0.03961183210569391,-2.0204513036361473,1,0,1
2026-05-20T02:00:00+08:00,1779213600000,entry,long,red_histogram_expansion_add,1,2.3632281696797826,84.63,0.04,,2,0,2
2026-05-20T04:00:00+08:00,1779220800000,exit,long,red_histogram_shrinking,1,2.352387673488591,84.3,0.039661256175017645,-1.7733803810868003,1,0,1
2026-05-20T14:00:00+08:00,1779256800000,entry,long,red_histogram_expansion_add,1,2.3607176581680833,84.72,0.04,,2,0,2
2026-05-20T22:00:00+08:00,1779285600000,exit,long,red_histogram_shrinking,1,2.3632281696797826,84.63,0.04,-0.08,1,0,1
2026-05-20T22:00:00+08:00,1779285600000,exit,long,fixed_take_profit,1,2.3607176581680833,85.9908,0.040600000000000004,2.9193999999999867,0,0,0
2026-05-21T10:00:00+08:00,1779328800000,entry,long,zero_axis_up_open,1,2.3124060585038735,86.49,0.04,,1,0,1
2026-05-21T14:00:00+08:00,1779343200000,exit,long,red_histogram_shrinking,1,2.3124060585038735,86.46,0.03998612556364898,-0.1493583073187678,0,0,0
2026-05-23T00:00:00+08:00,1779465600000,entry,short,dead_cross_open,1,2.3065390381732214,86.71,0.04,,0,1,1
2026-05-23T02:00:00+08:00,1779472800000,entry,short,green_histogram_expansion_add,1,2.3097355352812103,86.59,0.04,,0,2,2
2026-05-23T02:00:00+08:00,1779472800000,exit,short,fixed_take_profit,1,2.3065390381732214,85.35020907674553,0.039372717830352,3.057038130409679,0,1,1
2026-05-23T04:00:00+08:00,1779480000000,exit,short,fixed_take_profit,1,2.3097355352812103,84.51,0.03903915001732303,4.725210763367591,0,0,0
2026-05-23T08:00:00+08:00,1779494400000,entry,short,zero_axis_down_open,1,2.3710729104919976,84.35,0.04,,0,1,1
2026-05-23T12:00:00+08:00,1779508800000,exit,short,green_histogram_shrinking,1,2.3710729104919976,84.63,0.040132780082987554,-0.7440331950207497,0,0,0
2026-05-24T06:00:00+08:00,1779573600000,entry,long,golden_cross_open,1,2.318840579710145,86.25,0.04,,1,0,1
2026-05-24T08:00:00+08:00,1779580800000,entry,long,red_histogram_expansion_add,1,2.3331777881474567,85.72,0.04,,2,0,2
2026-05-24T22:00:00+08:00,1779631200000,exit,long,red_histogram_shrinking,1,2.318840579710145,85.86,0.03981913043478261,-0.9841669565217405,1,0,1
2026-05-25T06:00:00+08:00,1779660000000,exit,long,dead_cross_flip_close_opposite,1,2.3331777881474567,83.9,0.039150723285114326,-4.32553429771347,0,0,0
2026-05-25T06:00:00+08:00,1779660000000,entry,short,dead_cross_flip_open_one_unit,1,2.3837902264600714,83.9,0.04,,0,1,1
2026-05-25T08:00:00+08:00,1779667200000,exit,short,green_histogram_shrinking,1,2.3837902264600714,85.22,0.040629320619785456,-3.2272324195470636,0,0,0
2026-05-25T14:00:00+08:00,1779688800000,entry,long,golden_cross_open,1,2.3274758524380306,85.93,0.04,,1,0,1
2026-05-25T16:00:00+08:00,1779696000000,entry,long,red_histogram_expansion_add,1,2.3277467411545625,85.92,0.04,,2,0,2
2026-05-26T04:00:00+08:00,1779739200000,exit,long,red_histogram_shrinking,1,2.3274758524380306,85.58,0.039837076690329334,-0.8944536250436599,1,0,1
2026-05-26T08:00:00+08:00,1779753600000,exit,long,dead_cross_flip_close_opposite,1,2.3277467411545625,85.0,0.03957169459962757,-2.221098696461829,0,0,0
2026-05-26T08:00:00+08:00,1779753600000,entry,short,dead_cross_flip_open_one_unit,1,2.3529411764705883,85.0,0.04,,0,1,1
2026-05-26T10:00:00+08:00,1779760800000,entry,short,zero_axis_down_add,1,2.3795359904818563,84.05,0.04,,0,2,2
2026-05-26T14:00:00+08:00,1779775200000,exit,short,green_histogram_shrinking,1,2.3529411764705883,84.59,0.03980705882352942,0.8848988235294037,0,1,1
2026-05-26T16:00:00+08:00,1779782400000,entry,short,green_histogram_expansion_add,1,2.372479240806643,84.3,0.04,,0,2,2
2026-05-26T18:00:00+08:00,1779789600000,exit,short,green_histogram_shrinking,1,2.3795359904818563,84.43,0.04018084473527663,-0.984404521118405,0,1,1
2026-05-27T00:00:00+08:00,1779811200000,entry,short,green_histogram_expansion_add,1,2.369106846718787,84.42,0.04,,0,2,2
2026-05-27T00:00:00+08:00,1779811200000,exit,short,fixed_take_profit,1,2.372479240806643,83.09455796586059,0.03942802275960171,2.780458179231879,0,1,1
2026-05-27T08:00:00+08:00,1779840000000,exit,short,green_histogram_shrinking,1,2.369106846718787,83.66,0.03963989575929874,1.7208813077469916,0,0,0
2026-05-28T00:00:00+08:00,1779897600000,entry,long,golden_cross_open,1,2.369949046095509,84.39,0.04,,1,0,1
2026-05-28T02:00:00+08:00,1779904800000,exit,long,dead_cross_flip_close_opposite,1,2.369949046095509,83.36,0.03951179049650433,-2.520559307974881,0,0,0
2026-05-28T02:00:00+08:00,1779904800000,entry,short,dead_cross_flip_open_one_unit,1,2.399232245681382,83.36,0.04,,0,1,1
2026-05-28T04:00:00+08:00,1779912000000,exit,short,golden_cross_flip_close_opposite,1,2.399232245681382,83.87,0.04024472168905951,-1.3038531669865767,0,0,0
2026-05-28T04:00:00+08:00,1779912000000,entry,long,golden_cross_flip_open_one_unit,1,2.384642899725766,83.87,0.04,,1,0,1
2026-05-28T06:00:00+08:00,1779919200000,exit,long,dead_cross_flip_close_opposite,1,2.384642899725766,82.42,0.039308453559079526,-3.5370406581614464,0,0,0
2026-05-28T06:00:00+08:00,1779919200000,entry,short,dead_cross_flip_open_one_unit,1,2.426595486532395,82.42,0.04,,0,1,1
2026-05-28T08:00:00+08:00,1779926400000,entry,short,green_histogram_expansion_add,1,2.428068471530897,82.37,0.04,,0,2,2
2026-05-28T10:00:00+08:00,1779933600000,exit,short,fixed_take_profit,1,2.426595486532395,81.15906752836943,0.039388045391103826,2.9803849990897695,0,1,1
2026-05-28T12:00:00+08:00,1779940800000,exit,short,fixed_take_profit,1,2.428068471530897,80.65,0.039164744445793376,4.097113026587347,0,0,0
2026-05-29T04:00:00+08:00,1779998400000,entry,long,golden_cross_open,1,2.4351637647631805,82.13,0.04,,1,0,1
2026-05-29T06:00:00+08:00,1780005600000,entry,long,red_histogram_expansion_add,1,2.427479062993082,82.39,0.04,,2,0,2
2026-05-29T12:00:00+08:00,1780027200000,exit,long,red_histogram_shrinking,1,2.4351637647631805,81.59,0.03973700231340559,-1.3947254352855036,1,0,1
2026-05-29T14:00:00+08:00,1780034400000,entry,long,red_histogram_expansion_add,1,2.438132390588809,82.03,0.04,,2,0,2
2026-05-29T20:00:00+08:00,1780056000000,exit,long,red_histogram_shrinking,1,2.427479062993082,81.72,0.03967471780555893,-1.706085690010928,1,0,1
2026-05-30T00:00:00+08:00,1780070400000,entry,long,red_histogram_expansion_add,1,2.423654871546292,82.52,0.04,,2,0,2
2026-05-30T04:00:00+08:00,1780084800000,exit,long,red_histogram_shrinking,1,2.438132390588809,82.01,0.03999024747043765,-0.12875289528220413,1,0,1
2026-05-30T10:00:00+08:00,1780106400000,entry,long,red_histogram_expansion_add,1,2.4160425223483935,82.78,0.04,,2,0,2
2026-05-30T16:00:00+08:00,1780128000000,exit,long,red_histogram_shrinking,1,2.423654871546292,82.34,0.03991274842462434,-0.516170625302939,1,0,1
2026-05-31T00:00:00+08:00,1780156800000,entry,long,red_histogram_expansion_add,1,2.420428415829602,82.63,0.04,,2,0,2
2026-05-31T08:00:00+08:00,1780185600000,exit,long,red_histogram_shrinking,1,2.4160425223483935,82.69,0.03995651123459773,-0.29740033824596135,1,0,1
2026-05-31T12:00:00+08:00,1780200000000,entry,long,red_histogram_expansion_add,1,2.4041351123933166,83.19,0.04,,2,0,2
2026-05-31T14:00:00+08:00,1780207200000,exit,long,red_histogram_shrinking,1,2.420428415829602,82.99,0.04017427084593973,0.7911799588527156,1,0,1
2026-06-01T00:00:00+08:00,1780243200000,exit,long,dead_cross_flip_close_opposite,1,2.4041351123933166,81.83,0.03934607524942902,-3.3489698281043383,0,0,0
2026-06-01T00:00:00+08:00,1780243200000,entry,short,dead_cross_flip_open_one_unit,1,2.4440914090186974,81.83,0.04,,0,1,1
2026-06-01T02:00:00+08:00,1780250400000,entry,short,zero_axis_down_add,1,2.444688913335778,81.81,0.04,,0,2,2
2026-06-01T06:00:00+08:00,1780264800000,exit,short,green_histogram_shrinking,1,2.4440914090186974,82.27,0.04021508004399365,-1.155615300012215,0,1,1
2026-06-01T10:00:00+08:00,1780279200000,entry,short,green_histogram_expansion_add,1,2.4476808224207565,81.71,0.04,,0,2,2
2026-06-01T12:00:00+08:00,1780286400000,exit,short,green_histogram_shrinking,1,2.444688913335778,82.59,0.04038137147048038,-1.9872387238723899,0,1,1
2026-06-01T14:00:00+08:00,1780293600000,entry,short,green_histogram_expansion_add,1,2.4458847988259755,81.77,0.04,,0,2,2
2026-06-01T16:00:00+08:00,1780300800000,exit,short,fixed_take_profit,1,2.4476808224207565,80.51388915463664,0.039414460484462926,2.848283117200888,0,1,1
2026-06-01T20:00:00+08:00,1780315200000,exit,short,fixed_take_profit,1,2.4458847988259755,80.54344999999999,0.039400000000000004,2.920600000000008,0,0,0
2026-06-05T10:00:00+08:00,1780624800000,entry,long,golden_cross_open,1,2.92141396435875,68.46,0.04,,1,0,1
2026-06-05T12:00:00+08:00,1780632000000,exit,long,dead_cross_flip_close_opposite,1,2.92141396435875,67.06,0.03918200408997956,-4.169161554192204,0,0,0
2026-06-05T12:00:00+08:00,1780632000000,entry,short,dead_cross_flip_open_one_unit,1,2.9824038174768863,67.06,0.04,,0,1,1
2026-06-05T12:00:00+08:00,1780632000000,exit,short,fixed_take_profit,1,2.9824038174768863,66.0541,0.039400000000000004,2.9205999999999905,0,0,0
2026-06-06T18:00:00+08:00,1780740000000,entry,long,golden_cross_open,1,3.192338387869114,62.65,0.04,,1,0,1
2026-06-06T20:00:00+08:00,1780747200000,entry,long,red_histogram_expansion_add,1,3.2061558191728117,62.38,0.04,,2,0,2
2026-06-07T02:00:00+08:00,1780768800000,exit,long,red_histogram_shrinking,1,3.192338387869114,61.57,0.03931045490822027,-3.5270359138068583,1,0,1
2026-06-07T04:00:00+08:00,1780776000000,entry,long,red_histogram_expansion_add,1,3.247807729782397,61.58,0.04,,2,0,2
2026-06-07T08:00:00+08:00,1780790400000,exit,long,fixed_take_profit,1,3.2061558191728117,62.90707979993546,0.040337979993546304,1.6095619877379606,1,0,1
2026-06-07T10:00:00+08:00,1780797600000,exit,long,fixed_take_profit,1,3.247807729782397,63.62,0.04132510555375122,6.544202663202336,0,0,0
2026-06-08T22:00:00+08:00,1780927200000,entry,long,zero_axis_up_open,1,2.9967036260113877,66.74,0.04,,1,0,1
2026-06-08T22:00:00+08:00,1780927200000,exit,long,fixed_take_profit,1,2.9967036260113877,67.74109999999999,0.0406,2.919399999999982,0,0,0
2026-06-09T22:00:00+08:00,1781013600000,entry,short,dead_cross_open,1,3.0395136778115504,65.8,0.04,,0,1,1
2026-06-09T22:00:00+08:00,1781013600000,exit,short,fixed_take_profit,1,3.0395136778115504,64.813,0.039400000000000004,2.9205999999999843,0,0,0
2026-06-10T02:00:00+08:00,1781028000000,entry,short,zero_axis_down_open,1,3.088326127239036,64.76,0.04,,0,1,1
2026-06-10T04:00:00+08:00,1781035200000,exit,short,green_histogram_shrinking,1,3.088326127239036,65.38,0.04038295243977763,-1.9951451513279501,0,0,0
2026-06-11T12:00:00+08:00,1781150400000,entry,long,golden_cross_open,1,3.0665440049064703,65.22,0.04,,1,0,1
2026-06-11T14:00:00+08:00,1781157600000,entry,long,red_histogram_expansion_add,1,3.0802402587401816,64.93,0.04,,2,0,2
2026-06-11T18:00:00+08:00,1781172000000,exit,long,fixed_take_profit,1,3.0665440049064703,66.05079706492508,0.040509535151747975,2.467166223588145,1,0,1
2026-06-12T00:00:00+08:00,1781193600000,exit,long,red_histogram_shrinking,1,3.0802402587401816,65.51,0.04035730787001387,1.7061820421992862,0,0,0
2026-06-12T02:00:00+08:00,1781200800000,entry,long,zero_axis_up_open,1,2.9797377830750893,67.12,0.04,,1,0,1
2026-06-12T08:00:00+08:00,1781222400000,exit,long,red_histogram_shrinking,1,2.9797377830750893,66.87,0.039851013110846246,-0.8247854588796186,0,0,0
2026-06-13T14:00:00+08:00,1781330400000,entry,short,dead_cross_open,1,2.9962546816479403,66.75,0.04,,0,1,1
2026-06-13T16:00:00+08:00,1781337600000,exit,short,green_histogram_shrinking,1,2.9962546816479403,67.33,0.040347565543071166,-1.8181752808988714,0,0,0
2026-06-13T18:00:00+08:00,1781344800000,entry,long,golden_cross_open,1,2.970444081390168,67.33,0.04,,1,0,1
2026-06-13T20:00:00+08:00,1781352000000,entry,long,red_histogram_expansion_add,1,2.9468100780904667,67.87,0.04,,2,0,2
2026-06-13T22:00:00+08:00,1781359200000,exit,long,fixed_take_profit,1,2.970444081390168,68.61290542159763,0.04076215976331361,3.730036656804733,1,0,1
2026-06-14T02:00:00+08:00,1781373600000,exit,long,red_histogram_shrinking,1,2.9468100780904667,67.95,0.040047148961249446,0.15569765728598287,0,0,0
2026-06-14T18:00:00+08:00,1781431200000,entry,short,dead_cross_open,1,2.922267679719462,68.44,0.04,,0,1,1
2026-06-14T20:00:00+08:00,1781438400000,entry,short,green_histogram_expansion_add,1,2.938583602703497,68.06,0.04,,0,2,2
2026-06-14T22:00:00+08:00,1781445600000,exit,short,fixed_take_profit,1,2.922267679719462,67.225728996337,0.039290315018315015,3.4691345934065847,0,1,1
2026-06-15T06:00:00+08:00,1781474400000,exit,short,green_histogram_shrinking,1,2.938583602703497,70.11,0.04120481927710843,-6.105301204819269,0,0,0
2026-06-15T08:00:00+08:00,1781481600000,entry,long,golden_cross_open,1,2.8074115665356545,71.24,0.04,,1,0,1
2026-06-15T10:00:00+08:00,1781488800000,entry,long,red_histogram_expansion_add,1,2.817695125387433,70.98,0.04,,2,0,2
2026-06-15T16:00:00+08:00,1781510400000,exit,long,red_histogram_shrinking,1,2.8074115665356545,71.23,0.03999438517686694,-0.10806850084219796,1,0,1
2026-06-15T18:00:00+08:00,1781517600000,exit,long,fixed_take_profit,1,2.817695125387433,72.04469999999999,0.0406,2.9193999999999654,0,0,0
2026-06-16T22:00:00+08:00,1781618400000,entry,short,dead_cross_open,1,2.704530087897228,73.95,0.04,,0,1,1
2026-06-16T22:00:00+08:00,1781618400000,exit,short,fixed_take_profit,1,2.704530087897228,72.84075,0.039400000000000004,2.920600000000008,0,0,0
2026-06-18T16:00:00+08:00,1781769600000,entry,short,zero_axis_down_open,1,2.788622420524261,71.72,0.04,,0,1,1
2026-06-18T20:00:00+08:00,1781784000000,entry,short,green_histogram_expansion_add,1,2.8216704288939054,70.88,0.04,,0,2,2
2026-06-18T22:00:00+08:00,1781791200000,exit,short,green_histogram_shrinking,1,2.788622420524261,71.01,0.03960401561628556,1.9003179029559223,0,1,1
2026-06-18T22:00:00+08:00,1781791200000,exit,short,fixed_take_profit,1,2.8216704288939054,69.8168,0.039400000000000004,2.9205999999999857,0,0,0
2026-06-20T06:00:00+08:00,1781906400000,entry,long,golden_cross_open,1,2.8993911278631486,68.98,0.04,,1,0,1
2026-06-20T08:00:00+08:00,1781913600000,entry,long,red_histogram_expansion_add,1,2.870264064293915,69.68,0.04,,2,0,2
2026-06-20T12:00:00+08:00,1781928000000,exit,long,fixed_take_profit,1,2.8993911278631486,70.36815658445117,0.04080496177700851,3.9440039232655164,1,0,1
2026-06-20T14:00:00+08:00,1781935200000,exit,long,fixed_take_profit,1,2.870264064293915,71.75,0.04118828932261768,5.860258323765766,0,0,0
2026-06-21T00:00:00+08:00,1781971200000,entry,long,zero_axis_up_open,1,2.7777777777777777,72.0,0.04,,1,0,1
2026-06-21T02:00:00+08:00,1781978400000,exit,long,red_histogram_shrinking,1,2.7777777777777777,71.53,0.039738888888888886,-1.3852944444444413,0,0,0
2026-06-22T14:00:00+08:00,1782108000000,entry,short,dead_cross_open,1,2.706359945872801,73.9,0.04,,0,1,1
2026-06-22T16:00:00+08:00,1782115200000,exit,short,green_histogram_shrinking,1,2.706359945872801,74.07,0.040092016238159674,-0.5401732070365021,0,0,0
2026-06-22T22:00:00+08:00,1782136800000,entry,long,bullish_divergence_confirmed_golden_cross,1,2.6688017080330932,74.94,0.04,,1,0,1
2026-06-23T00:00:00+08:00,1782144000000,exit,long,dead_cross_flip_close_opposite,1,2.6688017080330932,73.1,0.039017880971443826,-4.989613023752344,0,0,0
2026-06-23T00:00:00+08:00,1782144000000,entry,short,dead_cross_flip_open_one_unit,1,2.735978112175103,73.1,0.04,,0,1,1
2026-06-23T02:00:00+08:00,1782151200000,entry,short,green_histogram_expansion_add,1,2.730748225013654,73.24,0.04,,0,2,2
2026-06-23T06:00:00+08:00,1782165600000,exit,short,fixed_take_profit,1,2.735978112175103,72.0723840371737,0.03943769304359711,2.7320970889708733,0,1,1
2026-06-23T08:00:00+08:00,1782172800000,exit,short,fixed_take_profit,1,2.730748225013654,71.9,0.03926815947569635,3.5799344620425706,0,0,0
2026-06-23T16:00:00+08:00,1782201600000,entry,short,zero_axis_down_open,1,2.858776443682104,69.96,0.04,,0,1,1
2026-06-23T16:00:00+08:00,1782201600000,exit,short,fixed_take_profit,1,2.858776443682104,68.91059999999999,0.0394,2.9206000000000163,0,0,0
2026-06-25T14:00:00+08:00,1782367200000,entry,long,golden_cross_open,1,2.8989708653428035,68.99,0.04,,1,0,1
2026-06-25T16:00:00+08:00,1782374400000,entry,long,red_histogram_expansion_add,1,2.881844380403458,69.4,0.04,,2,0,2
2026-06-25T20:00:00+08:00,1782388800000,exit,long,red_histogram_shrinking,1,2.8989708653428035,68.14,0.03950717495289173,-2.5436324104942583,1,0,1
2026-06-25T22:00:00+08:00,1782396000000,exit,long,dead_cross_flip_close_opposite,1,2.881844380403458,64.19,0.036997118155619596,-15.09140634005766,0,0,0
2026-06-25T22:00:00+08:00,1782396000000,entry,short,dead_cross_flip_open_one_unit,1,3.1157501168406294,64.19,0.04,,0,1,1
2026-06-26T00:00:00+08:00,1782403200000,entry,short,green_histogram_expansion_add,1,3.017956843217142,66.27,0.04,,0,2,2
2026-06-26T02:00:00+08:00,1782410400000,exit,short,green_histogram_shrinking,1,3.1157501168406294,67.08,0.04180090356753389,-9.086318741236953,0,1,1
2026-06-26T04:00:00+08:00,1782417600000,entry,short,green_histogram_expansion_add,1,3.0229746070133015,66.16,0.04,,0,2,2
2026-06-26T06:00:00+08:00,1782424800000,exit,short,green_histogram_shrinking,1,3.017956843217142,67.24,0.04058548362758413,-3.008003621548209,0,1,1
2026-06-26T08:00:00+08:00,1782432000000,exit,short,bullish_divergence_confirmed_golden_cross_close_opposite,1,3.0229746070133015,67.67,0.040912938331318024,-4.645604594921418,0,0,0
2026-06-26T08:00:00+08:00,1782432000000,entry,long,bullish_divergence_confirmed_golden_cross_open_one_unit,1,2.9555194325402687,67.67,0.04,,1,0,1
2026-06-26T10:00:00+08:00,1782439200000,entry,long,red_histogram_expansion_add,1,2.972651605231867,67.28,0.04,,2,0,2
2026-06-26T14:00:00+08:00,1782453600000,exit,long,fixed_take_profit,1,2.9555194325402687,68.4865530048166,0.04048266765468692,2.332855605779915,1,0,1
2026-06-26T16:00:00+08:00,1782460800000,exit,long,fixed_take_profit,1,2.972651605231867,70.75,0.04206302021403092,10.233038049940545,0,0,0
2026-06-27T00:00:00+08:00,1782489600000,entry,long,zero_axis_up_open,1,2.777392028884877,72.01,0.04,,1,0,1
2026-06-27T00:00:00+08:00,1782489600000,exit,long,fixed_take_profit,1,2.777392028884877,73.09015,0.0406,2.9193999999999694,0,0,0
2026-06-28T06:00:00+08:00,1782597600000,entry,short,dead_cross_open,1,2.8192839018889204,70.94,0.04,,0,1,1
2026-06-28T08:00:00+08:00,1782604800000,entry,short,green_histogram_expansion_add,1,2.8388928317955995,70.45,0.04,,0,2,2
2026-06-28T16:00:00+08:00,1782633600000,exit,short,green_histogram_shrinking,1,2.8192839018889204,71.03,0.04005074711023401,-0.3337862982802464,0,1,1
2026-06-29T02:00:00+08:00,1782669600000,entry,short,green_histogram_expansion_add,1,2.7968116347364003,71.51,0.04,,0,2,2
2026-06-29T06:00:00+08:00,1782684000000,exit,short,fixed_take_profit,1,2.8388928317955995,69.91140190898845,0.039694195548041704,1.4493280642434434,0,1,1
2026-06-29T08:00:00+08:00,1782691200000,exit,short,green_histogram_shrinking,1,2.7968116347364003,71.35,0.03991050202768843,0.36757935953016585,0,0,0
2026-06-29T14:00:00+08:00,1782712800000,entry,long,golden_cross_open,1,2.7670171555063643,72.28,0.04,,1,0,1
2026-06-29T16:00:00+08:00,1782720000000,entry,long,red_histogram_expansion_add,1,2.7521673317737716,72.67,0.04,,2,0,2
2026-06-29T18:00:00+08:00,1782727200000,exit,long,fixed_take_profit,1,2.7670171555063643,73.56159246636771,0.04070923766816144,3.4654791031390118,1,0,1
2026-06-29T20:00:00+08:00,1782734400000,exit,long,red_histogram_shrinking,1,2.7521673317737716,72.49,0.039900921976056145,-0.5752910416953537,0,0,0
2026-06-30T18:00:00+08:00,1782813600000,entry,short,dead_cross_open,1,2.7114967462039044,73.76,0.04,,0,1,1
2026-06-30T20:00:00+08:00,1782820800000,entry,short,green_histogram_expansion_add,1,2.7266530334015,73.35,0.04,,0,2,2
2026-06-30T20:00:00+08:00,1782820800000,exit,short,fixed_take_profit,1,2.7114967462039044,72.45111222894433,0.03929019101352729,3.46975474135003,0,1,1
2026-07-01T04:00:00+08:00,1782849600000,exit,short,green_histogram_shrinking,1,2.7266530334015,73.7,0.04019086571233811,-1.0345194274028864,0,0,0
2026-07-01T14:00:00+08:00,1782885600000,entry,long,golden_cross_open,1,2.659220848291451,75.21,0.04,,1,0,1
2026-07-01T16:00:00+08:00,1782892800000,entry,long,red_histogram_expansion_add,1,2.672367717797969,74.84,0.04,,2,0,2
2026-07-01T20:00:00+08:00,1782907200000,exit,long,red_histogram_shrinking,1,2.659220848291451,74.79,0.039776625448743524,-1.1966493817311197,1,0,1
2026-07-01T20:00:00+08:00,1782907200000,exit,long,fixed_take_profit,1,2.672367717797969,75.9626,0.040600000000000004,2.919399999999977,0,0,0
2026-07-03T16:00:00+08:00,1783065600000,entry,short,dead_cross_open,1,2.463357556349304,81.19,0.04,,0,1,1
2026-07-03T18:00:00+08:00,1783072800000,entry,short,green_histogram_expansion_add,1,2.469745616201531,80.98,0.04,,0,2,2
2026-07-04T02:00:00+08:00,1783101600000,exit,short,green_histogram_shrinking,1,2.463357556349304,81.76,0.04028082276142383,-1.4843946298805455,0,1,1
2026-07-04T08:00:00+08:00,1783123200000,entry,short,green_histogram_expansion_add,1,2.4301336573511545,82.3,0.04,,0,2,2
2026-07-04T12:00:00+08:00,1783137600000,exit,short,green_histogram_shrinking,1,2.469745616201531,82.68,0.040839713509508525,-4.2794072610521185,0,1,1
2026-07-04T16:00:00+08:00,1783152000000,entry,short,green_histogram_expansion_add,1,2.41925728801258,82.67,0.04,,0,2,2
2026-07-05T00:00:00+08:00,1783180800000,exit,short,green_histogram_shrinking,1,2.4301336573511545,82.19,0.039946537059538274,0.18736816524908737,0,1,1
2026-07-05T04:00:00+08:00,1783195200000,entry,short,green_histogram_expansion_add,1,2.4443901246638964,81.82,0.04,,0,2,2
2026-07-05T08:00:00+08:00,1783209600000,exit,short,fixed_take_profit,1,2.41925728801258,81.00916176059336,0.0391964009970211,3.938798613897484,0,1,1
2026-07-05T10:00:00+08:00,1783216800000,exit,short,fixed_take_profit,1,2.4443901246638964,80.5927,0.039400000000000004,2.920599999999999,0,0,0
2026-07-06T22:00:00+08:00,1783346400000,entry,short,zero_axis_down_open,1,2.4965672200724005,80.11,0.04,,0,1,1
2026-07-07T00:00:00+08:00,1783353600000,exit,short,green_histogram_shrinking,1,2.4965672200724005,81.45,0.0406690800149794,-3.4260691549120046,0,0,0
2026-07-07T04:00:00+08:00,1783368000000,entry,long,golden_cross_open,1,2.43842965130456,82.02,0.04,,1,0,1
2026-07-07T04:00:00+08:00,1783368000000,exit,long,fixed_take_profit,1,2.43842965130456,83.25029999999998,0.04059999999999999,2.9193999999999645,0,0,0
2026-07-07T16:00:00+08:00,1783411200000,entry,short,bearish_divergence_confirmed_dead_cross,1,2.4554941682013505,81.45,0.04,,0,1,1
2026-07-07T18:00:00+08:00,1783418400000,entry,short,green_histogram_expansion_add,1,2.4609326934908333,81.27,0.04,,0,2,2
2026-07-08T00:00:00+08:00,1783440000000,exit,short,green_histogram_shrinking,1,2.4554941682013505,82.07,0.040304481276856964,-1.6027108655616704,0,1,1
2026-07-08T02:00:00+08:00,1783447200000,exit,short,golden_cross_flip_close_opposite,1,2.4609326934908333,82.67,0.04068906115417744,-3.525994832041358,0,0,0
2026-07-08T02:00:00+08:00,1783447200000,entry,long,golden_cross_flip_open_one_unit,1,2.41925728801258,82.67,0.04,,1,0,1
2026-07-08T04:00:00+08:00,1783454400000,exit,long,red_histogram_shrinking,1,2.41925728801258,81.33,0.039351639046812624,-3.3211564049836784,0,0,0
2026-07-08T06:00:00+08:00,1783461600000,entry,short,bearish_divergence_confirmed_dead_cross,1,2.476166893648632,80.77,0.04,,0,1,1
2026-07-08T08:00:00+08:00,1783468800000,entry,short,green_histogram_expansion_add,1,2.4838549428713366,80.52,0.04,,0,2,2
2026-07-08T08:00:00+08:00,1783468800000,exit,short,fixed_take_profit,1,2.476166893648632,79.4351341558683,0.03933892987785975,3.226011680823387,0,1,1
2026-07-08T10:00:00+08:00,1783476000000,entry,short,zero_axis_down_add,1,2.5300442757748263,79.05,0.04,,0,2,2
2026-07-08T10:00:00+08:00,1783476000000,exit,short,fixed_take_profit,1,2.4838549428713366,78.58155555555554,0.03903703703703704,4.735777777777809,0,1,1
2026-07-08T14:00:00+08:00,1783490400000,exit,short,fixed_take_profit,1,2.5300442757748263,77.86425,0.039400000000000004,2.9205999999999968,0,0,0
2026-07-09T16:00:00+08:00,1783584000000,entry,long,golden_cross_open,1,2.558526288857618,78.17,0.04,,1,0,1
2026-07-09T18:00:00+08:00,1783591200000,entry,long,red_histogram_expansion_add,1,2.5611473940325267,78.09,0.04,,2,0,2
2026-07-09T20:00:00+08:00,1783598400000,exit,long,red_histogram_shrinking,1,2.558526288857618,77.57,0.03969297684533708,-1.6148087501599298,1,0,1
2026-07-09T22:00:00+08:00,1783605600000,entry,long,red_histogram_expansion_add,1,2.558526288857618,78.17,0.04,,2,0,2
2026-07-10T00:00:00+08:00,1783612800000,exit,long,red_histogram_shrinking,1,2.5611473940325267,77.58,0.03973876296580869,-1.3859239339224103,1,0,1
2026-07-10T02:00:00+08:00,1783620000000,entry,long,red_histogram_expansion_add,1,2.563116749967961,78.03,0.04,,2,0,2
2026-07-10T08:00:00+08:00,1783641600000,exit,long,fixed_take_profit,1,2.558526288857618,79.27143631882203,0.040563610755441744,2.7374901664532683,1,0,1
2026-07-10T12:00:00+08:00,1783656000000,exit,long,fixed_take_profit,1,2.563116749967961,79.20044999999999,0.0406,2.91939999999997,0,0,0
2026-07-11T10:00:00+08:00,1783735200000,entry,short,dead_cross_open,1,2.5806451612903225,77.5,0.04,,0,1,1
2026-07-11T12:00:00+08:00,1783742400000,entry,short,green_histogram_expansion_add,1,2.5730091341824264,77.73,0.04,,0,2,2
2026-07-11T14:00:00+08:00,1783749600000,exit,short,green_histogram_shrinking,1,2.5806451612903225,77.86,0.040185806451612904,-1.0092180645161275,0,1,1
2026-07-11T20:00:00+08:00,1783771200000,exit,short,bullish_divergence_confirmed_golden_cross_close_opposite,1,2.5730091341824264,78.06,0.040169818602856046,-0.9292628328830524,0,0,0
2026-07-11T20:00:00+08:00,1783771200000,entry,long,bullish_divergence_confirmed_golden_cross_open_one_unit,1,2.5621316935690492,78.06,0.04,,1,0,1
2026-07-11T22:00:00+08:00,1783778400000,entry,long,red_histogram_expansion_add,1,2.559836170485089,78.13,0.04,,2,0,2
2026-07-12T02:00:00+08:00,1783792800000,exit,long,red_histogram_shrinking,1,2.5621316935690492,78.05,0.03999487573661286,-0.10561619267231645,1,0,1
2026-07-12T04:00:00+08:00,1783800000000,entry,long,red_histogram_expansion_add,1,2.5608194622279132,78.1,0.04,,2,0,2
2026-07-12T08:00:00+08:00,1783814400000,exit,long,dead_cross_flip_close_opposite,2,5.120655632713002,76.71,0.07856109871708288,-7.3530675133027135,0,0,0
2026-07-12T08:00:00+08:00,1783814400000,entry,short,dead_cross_flip_open_one_unit,1,2.607222004953722,76.71,0.04,,0,1,1
2026-07-12T10:00:00+08:00,1783821600000,entry,short,green_histogram_expansion_add,1,2.6048450117218027,76.78,0.04,,0,2,2
2026-07-12T18:00:00+08:00,1783850400000,exit,short,green_histogram_shrinking,1,2.607222004953722,76.72,0.04000521444400991,-0.10607743449356047,0,1,1
2026-07-13T02:00:00+08:00,1783879200000,exit,short,golden_cross_flip_close_opposite,1,2.6048450117218027,77.3,0.04027090388121907,-1.434790309976546,0,0,0
2026-07-13T02:00:00+08:00,1783879200000,entry,long,golden_cross_flip_open_one_unit,1,2.58732212160414,77.3,0.04,,1,0,1
2026-07-13T04:00:00+08:00,1783886400000,entry,long,red_histogram_expansion_add,1,2.5763235862424323,77.63,0.04,,2,0,2
2026-07-13T06:00:00+08:00,1783893600000,exit,long,red_histogram_shrinking,1,2.58732212160414,77.06,0.039875808538163006,-0.7008331177231434,1,0,1
2026-07-13T10:00:00+08:00,1783908000000,exit,long,dead_cross_flip_close_opposite,1,2.5763235862424323,76.27,0.039299239984542066,-3.583099317274249,0,0,0
2026-07-13T10:00:00+08:00,1783908000000,entry,short,dead_cross_flip_open_one_unit,1,2.622263012980202,76.27,0.04,,0,1,1
2026-07-13T12:00:00+08:00,1783915200000,entry,short,green_histogram_expansion_add,1,2.637826431020839,75.82,0.04,,0,2,2
2026-07-13T14:00:00+08:00,1783922400000,exit,short,green_histogram_shrinking,1,2.622263012980202,76.36,0.040047200734233644,-0.31605087190246073,0,1,1
2026-07-13T22:00:00+08:00,1783951200000,entry,short,green_histogram_expansion_add,1,2.653927813163482,75.36,0.04,,0,2,2
2026-07-14T04:00:00+08:00,1783972800000,exit,short,green_histogram_shrinking,1,2.637826431020839,75.14,0.03964125560538117,1.7140807174887698,0,1,1
2026-07-14T04:00:00+08:00,1783972800000,exit,short,fixed_take_profit,1,2.653927813163482,74.2296,0.039400000000000004,2.920599999999985,0,0,0
2026-07-14T20:00:00+08:00,1784030400000,entry,long,golden_cross_open,1,2.6542800265428004,75.35,0.04,,1,0,1
2026-07-14T20:00:00+08:00,1784030400000,exit,long,fixed_take_profit,1,2.6542800265428004,76.48024999999998,0.0406,2.9193999999999725,0,0,0
2026-07-15T08:00:00+08:00,1784073600000,entry,long,zero_axis_up_open,1,2.5693730729701953,77.84,0.04,,1,0,1
2026-07-15T10:00:00+08:00,1784080800000,exit,long,red_histogram_shrinking,1,2.5693730729701953,77.39,0.03976875642343269,-1.2359866392600278,0,0,0
2026-07-16T10:00:00+08:00,1784167200000,entry,short,dead_cross_open,1,2.5957170668397147,77.05,0.04,,0,1,1
2026-07-16T12:00:00+08:00,1784174400000,entry,short,green_histogram_expansion_add,1,2.600780234070221,76.9,0.04,,0,2,2
2026-07-16T14:00:00+08:00,1784181600000,exit,short,green_histogram_shrinking,1,2.5957170668397147,77.43,0.04019727449707983,-1.0665697598961965,0,1,1
2026-07-16T16:00:00+08:00,1784188800000,entry,short,green_histogram_expansion_add,1,2.618486514794449,76.38,0.04,,0,2,2
2026-07-17T00:00:00+08:00,1784217600000,exit,short,green_histogram_shrinking,1,2.600780234070221,76.59,0.039838751625487646,0.7264031209362867,0,1,1
2026-07-17T02:00:00+08:00,1784224800000,entry,short,green_histogram_expansion_add,1,2.646202699126753,75.58,0.04,,0,2,2
2026-07-17T06:00:00+08:00,1784239200000,exit,short,green_histogram_shrinking,1,2.618486514794449,75.9,0.03974862529457974,1.177124901806729,0,1,1
2026-07-17T08:00:00+08:00,1784246400000,entry,short,green_histogram_expansion_add,1,2.6571011026969575,75.27,0.04,,0,2,2
2026-07-17T12:00:00+08:00,1784260800000,exit,short,green_histogram_shrinking,1,2.646202699126753,75.19,0.039793596189468115,0.9522254564699671,0,1,1
2026-07-17T14:00:00+08:00,1784268000000,entry,short,green_histogram_expansion_add,1,2.6896180742334588,74.36,0.04,,0,2,2
2026-07-17T16:00:00+08:00,1784275200000,exit,short,green_histogram_shrinking,1,2.6571011026969575,74.58,0.03963332004782782,1.7537664408130669,0,1,1
2026-07-18T08:00:00+08:00,1784332800000,exit,short,golden_cross_flip_close_opposite,1,2.6896180742334588,74.98,0.04033351264120495,-1.7478967186659617,0,0,0
2026-07-18T08:00:00+08:00,1784332800000,entry,long,golden_cross_flip_open_one_unit,1,2.6673779674579885,74.98,0.04,,1,0,1
2026-07-18T10:00:00+08:00,1784340000000,entry,long,red_histogram_expansion_add,1,2.6602819898909282,75.18,0.04,,2,0,2
2026-07-18T14:00:00+08:00,1784354400000,exit,long,red_histogram_shrinking,1,2.6673779674579885,74.89,0.039951987196585756,-0.32001600426781385,1,0,1
2026-07-18T20:00:00+08:00,1784376000000,entry,long,red_histogram_expansion_add,1,2.6702269692923895,74.9,0.04,,2,0,2
2026-07-18T22:00:00+08:00,1784383200000,exit,long,red_histogram_shrinking,1,2.6602819898909282,74.7,0.03974461292897047,-1.3566799680766266,1,0,1
2026-07-19T00:00:00+08:00,1784390400000,entry,long,red_histogram_expansion_add,1,2.669870511280203,74.91,0.04,,2,0,2
2026-07-19T10:00:00+08:00,1784426400000,exit,long,fixed_take_profit,1,2.6702269692923895,76.02857466123756,0.0406027100994593,2.93294778719707,1,0,1
2026-07-19T12:00:00+08:00,1784433600000,exit,long,fixed_take_profit,1,2.669870511280203,76.03365,0.040600000000000004,2.919399999999994,0,0,0
2026-07-19T18:00:00+08:00,1784455200000,entry,long,zero_axis_up_open,1,2.6333113890717574,75.95,0.04,,1,0,1
2026-07-20T08:00:00+08:00,1784505600000,entry,long,red_histogram_expansion_add,1,2.6202017555351764,76.33,0.04,,2,0,2
2026-07-20T08:00:00+08:00,1784505600000,exit,long,fixed_take_profit,1,2.6333113890717574,77.28161876149198,0.04070131337010769,3.4258655371683546,1,0,1
2026-07-20T14:00:00+08:00,1784527200000,exit,long,red_histogram_shrinking,1,2.6202017555351764,75.88,0.03976418184200184,-1.2588549718328388,0,0,0
2026-07-22T04:00:00+08:00,1784664000000,entry,short,dead_cross_open,1,2.5697031992804833,77.83,0.04,,0,1,1
2026-07-22T06:00:00+08:00,1784671200000,entry,short,green_histogram_expansion_add,1,2.5641025641025643,78.0,0.04,,0,2,2
2026-07-22T10:00:00+08:00,1784685600000,exit,short,green_histogram_shrinking,1,2.5697031992804833,78.31,0.040246691507130936,-1.3137042271617732,0,1,1
2026-07-22T12:00:00+08:00,1784692800000,entry,short,green_histogram_expansion_add,1,2.570033410434336,77.82,0.04,,0,2,2
2026-07-22T20:00:00+08:00,1784721600000,exit,short,green_histogram_shrinking,1,2.5641025641025643,77.52,0.039753846153846153,1.1510153846153948,0,1,1
2026-07-23T04:00:00+08:00,1784750400000,entry,short,green_histogram_expansion_add,1,2.5769875016106174,77.61,0.04,,0,2,2
2026-07-23T06:00:00+08:00,1784757600000,exit,short,green_histogram_shrinking,1,2.570033410434336,77.99,0.040087381135954774,-0.5169930609097962,0,1,1
2026-07-23T10:00:00+08:00,1784772000000,entry,short,green_histogram_expansion_add,1,2.5690430314707773,77.85,0.04,,0,2,2
2026-07-23T18:00:00+08:00,1784800800000,exit,short,green_histogram_shrinking,1,2.5769875016106174,77.45,0.03991753639994847,0.3324004638577416,0,1,1
2026-07-23T20:00:00+08:00,1784808000000,exit,short,fixed_take_profit,1,2.5690430314707773,76.68225,0.039400000000000004,2.920599999999995,0,0,0
2026-07-24T00:00:00+08:00,1784822400000,entry,short,zero_axis_down_open,1,2.620545073375262,76.32,0.04,,0,1,1
2026-07-24T06:00:00+08:00,1784844000000,exit,short,green_histogram_shrinking,1,2.620545073375262,76.0,0.039832285115303984,0.758742138364762,0,0,0
2026-07-26T00:00:00+08:00,1784995200000,entry,long,golden_cross_open,1,2.698327037236913,74.12,0.04,,1,0,1
2026-07-26T02:00:00+08:00,1785002400000,entry,long,red_histogram_expansion_add,1,2.6870885395673785,74.43,0.04,,2,0,2
2026-07-26T16:00:00+08:00,1785052800000,exit,long,red_histogram_shrinking,1,2.698327037236913,74.83,0.04038316243928764,1.8354290339989037,1,0,1
2026-07-26T18:00:00+08:00,1785060000000,entry,long,red_histogram_expansion_add,1,2.6659557451346307,75.02,0.04,,2,0,2
2026-07-26T20:00:00+08:00,1785067200000,exit,long,red_histogram_shrinking,1,2.6870885395673785,74.91,0.04025796049979846,1.2095445384925156,1,0,1
2026-07-27T00:00:00+08:00,1785081600000,entry,long,red_histogram_expansion_add,1,2.6507620941020544,75.45,0.04,,2,0,2
2026-07-27T04:00:00+08:00,1785096000000,exit,long,red_histogram_shrinking,1,2.6659557451346307,75.29,0.040143961610237276,0.6396640895761403,1,0,1
2026-07-27T06:00:00+08:00,1785103200000,entry,long,red_histogram_expansion_add,1,2.6451527575717497,75.61,0.04,,2,0,2
2026-07-27T06:00:00+08:00,1785103200000,exit,long,fixed_take_profit,1,2.6507620941020544,76.66286399443929,0.04064300278035218,3.1343708989805195,1,0,1
2026-07-27T08:00:00+08:00,1785110400000,entry,long,zero_axis_up_add,1,2.6062027625749287,76.74,0.04,,2,0,2
2026-07-27T12:00:00+08:00,1785124800000,exit,long,red_histogram_shrinking,1,2.6451527575717497,76.38,0.04040735352466605,1.9563602698055709,1,0,1
2026-07-28T06:00:00+08:00,1785189600000,exit,long,dead_cross_flip_close_opposite,1,2.6062027625749287,75.56,0.039384936148032325,-3.154704195986429,0,0,0
2026-07-28T06:00:00+08:00,1785189600000,entry,short,dead_cross_flip_open_one_unit,1,2.6469031233456857,75.56,0.04,,0,1,1
2026-07-28T06:00:00+08:00,1785189600000,exit,short,fixed_take_profit,1,2.6469031233456857,74.42660000000001,0.039400000000000004,2.9205999999999857,0,0,0
2026-07-28T10:00:00+08:00,1785204000000,entry,short,zero_axis_down_open,1,2.734107997265892,73.15,0.04,,0,1,1
2026-07-28T18:00:00+08:00,1785232800000,exit,short,green_histogram_shrinking,1,2.734107997265892,73.2,0.04002734107997266,-0.2167327409432595,0,0,0
2026-07-29T16:00:00+08:00,1785312000000,entry,long,golden_cross_open,1,2.695054574855141,74.21,0.04,,1,0,1
2026-07-29T18:00:00+08:00,1785319200000,entry,long,red_histogram_expansion_add,1,2.699419624780672,74.09,0.04,,2,0,2
2026-07-29T22:00:00+08:00,1785333600000,exit,long,red_histogram_shrinking,1,2.695054574855141,73.68,0.039714324215065364,-1.5080932488882548,1,0,1
2026-07-30T02:00:00+08:00,1785348000000,entry,long,red_histogram_expansion_add,1,2.706359945872801,73.9,0.04,,2,0,2
2026-07-30T04:00:00+08:00,1785355200000,exit,long,bearish_divergence_confirmed_dead_cross_close_opposite,2,5.405779570653473,72.71,0.07861084651644279,-7.104378264302461,0,0,0
2026-07-30T04:00:00+08:00,1785355200000,entry,short,bearish_divergence_confirmed_dead_cross_open_one_unit,1,2.7506532801540367,72.71,0.04,,0,1,1
2026-07-30T06:00:00+08:00,1785362400000,entry,short,green_histogram_expansion_add,1,2.734107997265892,73.15,0.04,,0,2,2
2026-07-30T08:00:00+08:00,1785369600000,exit,short,golden_cross_flip_close_opposite,2,5.484761277419929,73.63,0.08076859457128586,-4.003741451000604,0,0,0
2026-07-30T08:00:00+08:00,1785369600000,entry,long,golden_cross_flip_open_one_unit,1,2.7162841233192996,73.63,0.04,,1,0,1
2026-07-30T10:00:00+08:00,1785376800000,entry,long,red_histogram_expansion_add,1,2.703433360367667,73.98,0.04,,2,0,2
2026-07-30T16:00:00+08:00,1785398400000,exit,long,red_histogram_shrinking,1,2.7162841233192996,73.38,0.03986418579383404,-0.7589352166236589,1,0,1
2026-07-30T18:00:00+08:00,1785405600000,entry,long,red_histogram_expansion_add,1,2.7027027027027026,74.0,0.04,,2,0,2
2026-07-31T06:00:00+08:00,1785448800000,exit,long,red_histogram_shrinking,1,2.703433360367667,74.45,0.04025412273587456,1.1903595566369256,1,0,1
2026-07-31T08:00:00+08:00,1785456000000,exit,long,fixed_take_profit,1,2.7027027027027026,75.11,0.040600000000000004,2.919399999999998,0,0,0
2026-07-31T18:00:00+08:00,1785492000000,entry,short,dead_cross_open,1,2.7233115468409586,73.44,0.04,,0,1,1
2026-07-31T20:00:00+08:00,1785499200000,entry,short,green_histogram_expansion_add,1,2.7199782401740786,73.53,0.04,,0,2,2
2026-08-01T02:00:00+08:00,1785520800000,exit,short,green_histogram_shrinking,1,2.7233115468409586,73.32,0.03993464052287581,0.24686274509805162,0,1,1
2026-08-01T04:00:00+08:00,1785528000000,entry,short,green_histogram_expansion_add,1,2.7378507871321016,73.05,0.04,,0,2,2
2026-08-01T08:00:00+08:00,1785542400000,exit,short,green_histogram_shrinking,1,2.7199782401740786,72.81,0.03960832313341493,1.8787760097919184,0,1,1
2026-08-02T00:00:00+08:00,1785600000000,exit,short,fixed_take_profit,1,2.7378507871321016,71.95425,0.039400000000000004,2.9205999999999874,0,0,0
2026-08-02T12:00:00+08:00,1785643200000,entry,long,bullish_divergence_confirmed_golden_cross,1,2.733734281027884,73.16,0.04,,1,0,1
2026-08-02T14:00:00+08:00,1785650400000,entry,long,red_histogram_expansion_add,1,2.718868950516585,73.56,0.04,,2,0,2
2026-08-02T20:00:00+08:00,1785672000000,exit,long,red_histogram_shrinking,1,2.733734281027884,72.96,0.039890650628758885,-0.6266375068343435,1,0,1
2026-08-03T02:00:00+08:00,1785693600000,entry,long,red_histogram_expansion_add,1,2.7292576419213974,73.28,0.04,,2,0,2
2026-08-03T08:00:00+08:00,1785715200000,exit,long,red_histogram_shrinking,1,2.718868950516585,73.59,0.0400163132137031,0.0015497553017975452,1,0,1
2026-08-03T16:00:00+08:00,1785744000000,exit,long,dead_cross_flip_close_opposite,1,2.7292576419213974,72.47,0.039557860262008734,-2.2902565502183467,0,0,0
2026-08-03T16:00:00+08:00,1785744000000,entry,short,dead_cross_flip_open_one_unit,1,2.7597626604112047,72.47,0.04,,0,1,1
2026-08-03T18:00:00+08:00,1785751200000,entry,short,green_histogram_expansion_add,1,2.7514100976750586,72.69,0.04,,0,2,2
2026-08-03T22:00:00+08:00,1785765600000,exit,short,green_histogram_shrinking,1,2.7597626604112047,73.23,0.04041948392438251,-2.177839105836912,0,1,1
2026-08-04T00:00:00+08:00,1785772800000,exit,short,golden_cross_flip_close_opposite,1,2.7514100976750586,73.57,0.04048424817719081,-2.50172513413123,0,0,0
2026-08-04T00:00:00+08:00,1785772800000,entry,long,golden_cross_flip_open_one_unit,1,2.718499388337638,73.57,0.04,,1,0,1
2026-08-04T02:00:00+08:00,1785780000000,entry,long,red_histogram_expansion_add,1,2.715177844148792,73.66,0.04,,2,0,2
2026-08-04T08:00:00+08:00,1785801600000,exit,long,red_histogram_shrinking,1,2.718499388337638,73.53,0.03997825200489331,-0.1887182275383772,1,0,1
2026-08-04T10:00:00+08:00,1785808800000,entry,long,red_histogram_expansion_add,1,2.712232167073502,73.74,0.04,,2,0,2
2026-08-04T12:00:00+08:00,1785816000000,exit,long,red_histogram_shrinking,1,2.715177844148792,73.65,0.03999456964431171,-0.10714634808577493,1,0,1
2026-08-04T20:00:00+08:00,1785844800000,entry,long,red_histogram_expansion_add,1,2.706359945872801,73.9,0.04,,2,0,2
2026-08-04T22:00:00+08:00,1785852000000,exit,long,red_histogram_shrinking,1,2.712232167073502,73.6,0.03992405749932195,-0.45963656088961374,1,0,1
2026-08-05T00:00:00+08:00,1785859200000,entry,long,red_histogram_expansion_add,1,2.704530087897228,73.95,0.04,,2,0,2
2026-08-05T02:00:00+08:00,1785866400000,exit,long,red_histogram_shrinking,1,2.706359945872801,73.74,0.03991339648173207,-0.5129309878214094,1,0,1
2026-08-05T04:00:00+08:00,1785873600000,entry,long,red_histogram_expansion_add,1,2.696871628910464,74.16,0.04,,2,0,2
2026-08-05T08:00:00+08:00,1785888000000,exit,long,red_histogram_shrinking,1,2.704530087897228,73.71,0.03987018255578093,-0.7289574036511403,1,0,1
2026-08-05T10:00:00+08:00,1785895200000,entry,long,red_histogram_expansion_add,1,2.7001485081679495,74.07,0.04,,2,0,2
2026-08-05T12:00:00+08:00,1785902400000,exit,long,red_histogram_shrinking,1,2.696871628910464,73.74,0.03977346278317152,-1.212459546925571,1,0,1
2026-08-05T14:00:00+08:00,1785909600000,entry,long,red_histogram_expansion_add,1,2.6986911347996223,74.11,0.04,,2,0,2
2026-08-05T16:00:00+08:00,1785916800000,exit,long,red_histogram_shrinking,1,2.7001485081679495,73.94,0.03992979613878764,-0.4309491022006088,1,0,1
2026-08-05T20:00:00+08:00,1785931200000,exit,long,dead_cross_flip_close_opposite,1,2.6986911347996223,73.75,0.03980569423829443,-1.051334502766157,0,0,0
2026-08-05T20:00:00+08:00,1785931200000,entry,short,dead_cross_flip_open_one_unit,1,2.711864406779661,73.75,0.04,,0,1,1
2026-08-05T22:00:00+08:00,1785938400000,entry,short,green_histogram_expansion_add,1,2.705261734072771,73.93,0.04,,0,2,2
2026-08-06T02:00:00+08:00,1785952800000,exit,short,golden_cross_flip_close_opposite,2,5.417126140852432,74.52,0.08073684800326464,-3.844976864326499,0,0,0
2026-08-06T02:00:00+08:00,1785952800000,entry,long,golden_cross_flip_open_one_unit,1,2.6838432635534084,74.52,0.04,,1,0,1
2026-08-06T04:00:00+08:00,1785960000000,entry,long,red_histogram_expansion_add,1,2.6867275658248255,74.44,0.04,,2,0,2
2026-08-06T06:00:00+08:00,1785967200000,exit,long,red_histogram_shrinking,1,2.6838432635534084,74.09,0.03976918947933441,-1.23382179280728,1,0,1
2026-08-06T10:00:00+08:00,1785981600000,exit,long,dead_cross_flip_close_opposite,1,2.6867275658248255,73.7,0.03960236432025793,-2.067780763030615,0,0,0
2026-08-06T10:00:00+08:00,1785981600000,entry,short,dead_cross_flip_open_one_unit,1,2.7137042062415198,73.7,0.04,,0,1,1
2026-08-06T12:00:00+08:00,1785988800000,entry,short,green_histogram_expansion_add,1,2.7229407760381212,73.45,0.04,,0,2,2
2026-08-06T14:00:00+08:00,1785996000000,exit,short,green_histogram_shrinking,1,2.7137042062415198,74.19,0.040265943012211675,-1.4099810040705425,0,1,1
2026-08-06T16:00:00+08:00,1786003200000,entry,short,green_histogram_expansion_add,1,2.7085590465872156,73.84,0.04,,0,2,2
2026-08-07T02:00:00+08:00,1786039200000,exit,short,fixed_take_profit,1,2.7229407760381212,72.5398164165931,0.03950432480141217,2.398871668137744,0,1,1
2026-08-07T06:00:00+08:00,1786053600000,exit,short,fixed_take_profit,1,2.7085590465872156,72.7324,0.039400000000000004,2.9206000000000136,0,0,0
2026-08-07T20:00:00+08:00,1786104000000,entry,long,golden_cross_open,1,2.718129926610492,73.58,0.04,,1,0,1
2026-08-07T22:00:00+08:00,1786111200000,entry,long,red_histogram_expansion_add,1,2.699784017278618,74.08,0.04,,2,0,2
2026-08-08T02:00:00+08:00,1786125600000,exit,long,red_histogram_shrinking,1,2.718129926610492,73.4,0.03990214732264203,-0.5691655341125106,1,0,1
2026-08-08T04:00:00+08:00,1786132800000,entry,long,red_histogram_expansion_add,1,2.703433360367667,73.98,0.04,,2,0,2
2026-08-08T06:00:00+08:00,1786140000000,exit,long,red_histogram_shrinking,1,2.699784017278618,73.62,0.03975161987041037,-1.3216522678185578,1,0,1
2026-08-08T10:00:00+08:00,1786154400000,entry,long,red_histogram_expansion_add,1,2.7085590465872156,73.84,0.04,,2,0,2
2026-08-08T12:00:00+08:00,1786161600000,exit,long,fixed_take_profit,1,2.703433360367667,75.01858270869977,0.040561547828439994,2.7271775943715157,1,0,1
2026-08-08T16:00:00+08:00,1786176000000,exit,long,fixed_take_profit,1,2.7085590465872156,74.9476,0.0406,2.919399999999975,0,0,0
2026-08-10T10:00:00+08:00,1786327200000,entry,short,dead_cross_open,1,2.6014568158168574,76.88,0.04,,0,1,1
2026-08-10T12:00:00+08:00,1786334400000,entry,short,green_histogram_expansion_add,1,2.6109660574412534,76.6,0.04,,0,2,2
2026-08-10T20:00:00+08:00,1786363200000,exit,short,green_histogram_shrinking,1,2.6014568158168574,77.01,0.040067637877211244,-0.41825702393342784,0,1,1
2026-08-10T22:00:00+08:00,1786370400000,entry,short,green_histogram_expansion_add,1,2.622263012980202,76.27,0.04,,0,2,2
2026-08-11T06:00:00+08:00,1786399200000,exit,short,green_histogram_shrinking,1,2.6109660574412534,76.26,0.039822454308094,0.807906005221904,0,1,1
2026-08-11T08:00:00+08:00,1786406400000,entry,short,green_histogram_expansion_add,1,2.6333113890717574,75.95,0.04,,0,2,2
2026-08-11T10:00:00+08:00,1786413600000,exit,short,green_histogram_shrinking,1,2.622263012980202,76.07,0.03989510947948079,0.4445574931165671,0,1,1
2026-08-11T14:00:00+08:00,1786428000000,entry,short,green_histogram_expansion_add,1,2.6395671109937973,75.77,0.04,,0,2,2
2026-08-11T18:00:00+08:00,1786442400000,exit,short,green_histogram_shrinking,1,2.6333113890717574,75.85,0.03994733377221856,0.1833838051349796,0,1,1
2026-08-11T22:00:00+08:00,1786456800000,exit,short,fixed_take_profit,1,2.6395671109937973,74.63345,0.039400000000000004,2.9205999999999994,0,0,0
2026-08-12T02:00:00+08:00,1786471200000,entry,short,zero_axis_down_open,1,2.662406815761448,75.12,0.04,,0,1,1
2026-08-12T04:00:00+08:00,1786478400000,exit,short,green_histogram_shrinking,1,2.662406815761448,75.61,0.04026091586794462,-1.3848402555910404,0,0,0
2026-08-12T08:00:00+08:00,1786492800000,entry,long,zero_axis_up_open,1,2.6226068712300026,76.26,0.04,,1,0,1
2026-08-12T14:00:00+08:00,1786514400000,entry,long,red_histogram_expansion_add,1,2.6219192448872572,76.28,0.04,,2,0,2
2026-08-12T22:00:00+08:00,1786543200000,exit,long,red_histogram_shrinking,1,2.6226068712300026,76.19,0.03996328350380278,-0.26354576448992234,1,0,1
2026-08-13T00:00:00+08:00,1786550400000,exit,long,dead_cross_flip_close_opposite,1,2.6219192448872572,75.71,0.03970110120608285,-1.5741950707918388,0,0,0
2026-08-13T00:00:00+08:00,1786550400000,entry,short,dead_cross_flip_open_one_unit,1,2.6416589618280284,75.71,0.04,,0,1,1
2026-08-13T02:00:00+08:00,1786557600000,entry,short,green_histogram_expansion_add,1,2.6360880453407143,75.87,0.04,,0,2,2
2026-08-13T12:00:00+08:00,1786593600000,exit,short,green_histogram_shrinking,1,2.6416589618280284,76.21,0.040264165896182806,-1.401093646810197,0,1,1
2026-08-13T16:00:00+08:00,1786608000000,exit,short,golden_cross_flip_close_opposite,1,2.6360880453407143,76.41,0.040284697508896794,-1.5037722419928616,0,0,0
2026-08-13T16:00:00+08:00,1786608000000,entry,long,golden_cross_flip_open_one_unit,1,2.6174584478471403,76.41,0.04,,1,0,1
2026-08-13T18:00:00+08:00,1786615200000,exit,long,red_histogram_shrinking,1,2.6174584478471403,76.12,0.03984818741002487,-0.8389111372856747,0,0,0
2026-08-13T20:00:00+08:00,1786622400000,entry,short,dead_cross_open,1,2.6455026455026456,75.6,0.04,,0,1,1
2026-08-13T22:00:00+08:00,1786629600000,exit,short,green_histogram_shrinking,1,2.6455026455026456,76.15,0.0402910052910053,-1.5353174603174904,0,0,0
2026-08-14T00:00:00+08:00,1786636800000,entry,short,zero_axis_down_open,1,2.6455026455026456,75.6,0.04,,0,1,1
2026-08-14T04:00:00+08:00,1786651200000,exit,short,green_histogram_shrinking,1,2.6455026455026456,76.15,0.0402910052910053,-1.5353174603174904,0,0,0
2026-08-14T06:00:00+08:00,1786658400000,entry,long,zero_axis_up_open,1,2.625705658395694,76.17,0.04,,1,0,1
2026-08-14T10:00:00+08:00,1786672800000,exit,long,red_histogram_shrinking,1,2.625705658395694,76.06,0.039942234475515294,-0.3687698568990401,0,0,0
2026-08-14T12:00:00+08:00,1786680000000,entry,short,dead_cross_open,1,2.641310089804543,75.72,0.04,,0,1,1
2026-08-14T14:00:00+08:00,1786687200000,entry,short,green_histogram_expansion_add,1,2.635740643120717,75.88,0.04,,0,2,2
2026-08-15T00:00:00+08:00,1786723200000,exit,short,green_histogram_shrinking,1,2.641310089804543,75.6,0.039936608557844686,0.23702060221871252,0,1,1
2026-08-15T02:00:00+08:00,1786730400000,entry,short,green_histogram_expansion_add,1,2.6578073089700998,75.25,0.04,,0,2,2
2026-08-15T06:00:00+08:00,1786744800000,exit,short,green_histogram_shrinking,1,2.635740643120717,75.15,0.039615181866104375,1.844475487611992,0,1,1
2026-08-15T22:00:00+08:00,1786802400000,exit,short,golden_cross_flip_close_opposite,1,2.6578073089700998,75.51,0.04013820598006645,-0.771168106312306,0,0,0
2026-08-15T22:00:00+08:00,1786802400000,entry,long,golden_cross_flip_open_one_unit,1,2.648655807177857,75.51,0.04,,1,0,1
2026-08-16T00:00:00+08:00,1786809600000,entry,long,red_histogram_expansion_add,1,2.649708532061473,75.48,0.04,,2,0,2
2026-08-16T08:00:00+08:00,1786838400000,exit,long,red_histogram_shrinking,1,2.648655807177857,75.3,0.039888756456098524,-0.6361064759634697,1,0,1
2026-08-16T12:00:00+08:00,1786852800000,entry,long,red_histogram_expansion_add,1,2.647954455183371,75.53,0.04,,2,0,2
2026-08-16T14:00:00+08:00,1786860000000,exit,long,red_histogram_shrinking,1,2.649708532061473,75.31,0.03990990990990991,-0.5303603603603648,1,0,1
2026-08-16T16:00:00+08:00,1786867200000,entry,long,red_histogram_expansion_add,1,2.6514649343762424,75.43,0.04,,2,0,2
2026-08-16T18:00:00+08:00,1786874400000,exit,long,red_histogram_shrinking,1,2.647954455183371,75.29,0.0398728981861512,-0.7153819674301468,1,0,1
2026-08-17T00:00:00+08:00,1786896000000,entry,long,red_histogram_expansion_add,1,2.647954455183371,75.53,0.04,,2,0,2
2026-08-17T02:00:00+08:00,1786903200000,exit,long,red_histogram_shrinking,1,2.6514649343762424,75.23,0.03989394140262494,-0.610186928277881,1,0,1
2026-08-17T06:00:00+08:00,1786917600000,exit,long,dead_cross_flip_close_opposite,1,2.647954455183371,74.28,0.03933801138620416,-3.389281080365418,0,0,0
2026-08-17T06:00:00+08:00,1786917600000,entry,short,dead_cross_flip_open_one_unit,1,2.6925148088314486,74.28,0.04,,0,1,1
2026-08-17T08:00:00+08:00,1786924800000,entry,short,green_histogram_expansion_add,1,2.682763246143528,74.55,0.04,,0,2,2
2026-08-17T10:00:00+08:00,1786932000000,exit,short,green_histogram_shrinking,1,2.6925148088314486,75.05,0.040414647280560045,-2.153651050080765,0,1,1
2026-08-17T14:00:00+08:00,1786946400000,exit,short,golden_cross_flip_close_opposite,1,2.682763246143528,75.35,0.040429242119382966,-2.2266398390341973,0,0,0
2026-08-17T14:00:00+08:00,1786946400000,entry,long,golden_cross_flip_open_one_unit,1,2.6542800265428004,75.35,0.04,,1,0,1
2026-08-17T16:00:00+08:00,1786953600000,entry,long,red_histogram_expansion_add,1,2.6402640264026402,75.75,0.04,,2,0,2
2026-08-17T18:00:00+08:00,1786960800000,exit,long,red_histogram_shrinking,1,2.6542800265428004,75.32,0.039984074319840746,-0.15961247511612778,1,0,1
2026-08-17T20:00:00+08:00,1786968000000,entry,long,red_histogram_expansion_add,1,2.643754130865829,75.65,0.04,,2,0,2
2026-08-18T04:00:00+08:00,1786996800000,exit,long,red_histogram_shrinking,1,2.6402640264026402,75.76,0.04000528052805281,-0.0536026402640129,1,0,1
2026-08-18T06:00:00+08:00,1787004000000,entry,long,red_histogram_expansion_add,1,2.6343519494204424,75.92,0.04,,2,0,2
2026-08-18T08:00:00+08:00,1787011200000,exit,long,red_histogram_shrinking,1,2.643754130865829,75.98,0.040174487772637144,0.792264375413082,1,0,1
2026-08-18T16:00:00+08:00,1787040000000,entry,long,red_histogram_expansion_add,1,2.6295030239284776,76.06,0.04,,2,0,2
2026-08-18T18:00:00+08:00,1787047200000,exit,long,red_histogram_shrinking,1,2.6343519494204424,75.91,0.039994731296101156,-0.10633825079031906,1,0,1
2026-08-18T20:00:00+08:00,1787054400000,entry,long,red_histogram_expansion_add,1,2.6219192448872572,76.28,0.04,,2,0,2
2026-08-19T02:00:00+08:00,1787076000000,exit,long,fixed_take_profit,1,2.6295030239284776,77.31238876197978,0.04065863200735197,3.2125014047525045,1,0,1
2026-08-19T06:00:00+08:00,1787090400000,exit,long,red_histogram_shrinking,1,2.6219192448872572,76.95,0.040351337178814894,1.6763345568956518,0,0,0
2026-08-22T20:00:00+08:00,1787400000000,entry,short,dead_cross_open,1,2.143392991104919,93.31,0.04,,0,1,1
2026-08-22T22:00:00+08:00,1787407200000,entry,short,green_histogram_expansion_add,1,2.1247211303516416,94.13,0.04,,0,2,2
2026-08-23T10:00:00+08:00,1787450400000,exit,short,green_histogram_shrinking,1,2.143392991104919,96.0,0.041153145429214444,-5.846880291501442,0,1,1
2026-08-23T12:00:00+08:00,1787457600000,entry,short,green_histogram_expansion_add,1,2.1340162185232607,93.72,0.04,,0,2,2
2026-08-23T12:00:00+08:00,1787457600000,exit,short,fixed_take_profit,1,2.1247211303516416,92.51568428001065,0.03931400585573597,3.3506567154644586,0,1,1
2026-08-23T14:00:00+08:00,1787464800000,exit,short,fixed_take_profit,1,2.1340162185232607,92.3,0.0393939393939394,2.9509090909090943,0,0,0
2026-08-25T06:00:00+08:00,1787608800000,entry,long,golden_cross_open,1,2.052545155993432,97.44,0.04,,1,0,1
2026-08-25T06:00:00+08:00,1787608800000,exit,long,fixed_take_profit,1,2.052545155993432,98.90159999999999,0.0406,2.9193999999999796,0,0,0
2026-08-25T22:00:00+08:00,1787666400000,entry,short,dead_cross_open,1,2.0595201318092884,97.11,0.04,,0,1,1
2026-08-26T00:00:00+08:00,1787673600000,entry,short,green_histogram_expansion_add,1,2.0339672531272246,98.33,0.04,,0,2,2
2026-08-26T04:00:00+08:00,1787688000000,exit,short,fixed_take_profit,1,2.0595201318092884,96.2504492990176,0.039645947605403194,1.6906160253786275,0,1,1
2026-08-26T06:00:00+08:00,1787695200000,exit,short,fixed_take_profit,1,2.0339672531272246,96.85504999999999,0.0394,2.9206000000000136,0,0,0
2026-08-27T08:00:00+08:00,1787788800000,entry,long,golden_cross_open,1,1.9602077820248947,102.03,0.04,,1,0,1
2026-08-27T10:00:00+08:00,1787796000000,entry,long,red_histogram_expansion_add,1,1.972386587771203,101.4,0.04,,2,0,2
2026-08-27T16:00:00+08:00,1787817600000,exit,long,fixed_take_profit,1,1.9602077820248947,103.23973484736763,0.040474266332399346,2.2908573956643226,1,0,1
2026-08-27T18:00:00+08:00,1787824800000,exit,long,fixed_take_profit,1,1.972386587771203,104.35,0.041163708086785,5.737376725838241,0,0,0
2026-08-28T18:00:00+08:00,1787911200000,entry,short,dead_cross_open,1,1.8887524789876287,105.89,0.04,,0,1,1
2026-08-28T20:00:00+08:00,1787918400000,entry,short,green_histogram_expansion_add,1,1.8912529550827424,105.75,0.04,,0,2,2
2026-08-28T22:00:00+08:00,1787925600000,exit,short,fixed_take_profit,1,1.8887524789876287,104.23265438952939,0.03937393687393687,3.0509416934417,0,1,1
2026-08-29T00:00:00+08:00,1787932800000,exit,short,fixed_take_profit,1,1.8912529550827424,104.16375,0.039400000000000004,2.9206000000000127,0,0,0
2026-08-30T22:00:00+08:00,1788098400000,entry,long,golden_cross_open,1,1.8684603886397608,107.04,0.04,,1,0,1
2026-08-31T00:00:00+08:00,1788105600000,entry,long,red_histogram_expansion_add,1,1.8827073331450626,106.23,0.04,,2,0,2
2026-08-31T04:00:00+08:00,1788120000000,exit,long,red_histogram_shrinking,1,1.8684603886397608,105.75,0.039517937219730945,-2.489831838565034,1,0,1
2026-08-31T06:00:00+08:00,1788127200000,exit,long,bearish_divergence_confirmed_dead_cross_close_opposite,1,1.8827073331450626,104.39,0.03930716370140262,-3.543488656688324,0,0,0
2026-08-31T06:00:00+08:00,1788127200000,entry,short,bearish_divergence_confirmed_dead_cross_open_one_unit,1,1.915892326851231,104.39,0.04,,0,1,1
2026-08-31T06:00:00+08:00,1788127200000,exit,short,fixed_take_profit,1,1.915892326851231,102.82415,0.039400000000000004,2.920599999999995,0,0,0
2026-08-31T12:00:00+08:00,1788148800000,entry,short,zero_axis_down_open,1,1.962901167926195,101.89,0.04,,0,1,1
2026-08-31T14:00:00+08:00,1788156000000,exit,short,green_histogram_shrinking,1,1.962901167926195,102.58,0.04027088036117382,-1.434672686230244,0,0,0
2026-09-01T14:00:00+08:00,1788242400000,entry,long,golden_cross_open,1,1.9182812200268557,104.26,0.04,,1,0,1
2026-09-01T16:00:00+08:00,1788249600000,exit,long,red_histogram_shrinking,1,1.9182812200268557,103.1,0.039554958756953765,-2.304761173988127,0,0,0
2026-09-01T18:00:00+08:00,1788256800000,entry,short,dead_cross_open,1,1.9627085377821392,101.9,0.04,,0,1,1
2026-09-01T20:00:00+08:00,1788264000000,entry,short,green_histogram_expansion_add,1,1.9565642731363726,102.22,0.04,,0,2,2
2026-09-02T00:00:00+08:00,1788278400000,exit,short,fixed_take_profit,1,1.9627085377821392,100.52885292964923,0.039461767587693514,2.6117002939447356,0,1,1
2026-09-02T02:00:00+08:00,1788285600000,exit,short,fixed_take_profit,1,1.9565642731363726,100.53,0.03933868127567991,3.2272549403247854,0,0,0
2026-09-03T08:00:00+08:00,1788393600000,entry,long,golden_cross_open,1,1.9924287706714485,100.38,0.04,,1,0,1
2026-09-03T10:00:00+08:00,1788400800000,entry,long,red_histogram_expansion_add,1,1.998001998001998,100.1,0.04,,2,0,2
2026-09-03T18:00:00+08:00,1788429600000,exit,long,red_histogram_shrinking,1,1.9924287706714485,100.12,0.03989639370392509,-0.5979278740784836,1,0,1
2026-09-03T20:00:00+08:00,1788436800000,entry,long,red_histogram_expansion_add,1,1.9855058076044871,100.73,0.04,,2,0,2
2026-09-03T20:00:00+08:00,1788436800000,exit,long,fixed_take_profit,1,1.998001998001998,101.92022202858138,0.040727361449982576,3.5560798884628717,1,0,1
2026-09-03T22:00:00+08:00,1788444000000,exit,long,fixed_take_profit,1,1.9855058076044871,102.24095,0.0406,2.919399999999988,0,0,0
2026-09-04T02:00:00+08:00,1788458400000,entry,long,zero_axis_up_open,1,1.9040365575019038,105.04,0.04,,1,0,1
2026-09-04T08:00:00+08:00,1788480000000,exit,long,red_histogram_shrinking,1,1.9040365575019038,103.87,0.039554455445544555,-2.3072772277227753,0,0,0
2026-09-05T00:00:00+08:00,1788537600000,entry,short,dead_cross_open,1,1.9729703067968827,101.37,0.04,,0,1,1
2026-09-05T02:00:00+08:00,1788544800000,entry,short,green_histogram_expansion_add,1,1.9764798893171263,101.19,0.04,,0,2,2
2026-09-05T08:00:00+08:00,1788566400000,exit,short,green_histogram_shrinking,1,1.9729703067968827,101.86,0.040193351090066096,-1.0469488014205284,0,1,1
2026-09-06T00:00:00+08:00,1788624000000,exit,short,golden_cross_flip_close_opposite,1,1.9764798893171263,102.88,0.04066805020258919,-3.4209190631485282,0,0,0
2026-09-06T00:00:00+08:00,1788624000000,entry,long,golden_cross_flip_open_one_unit,1,1.944012441679627,102.88,0.04,,1,0,1
2026-09-06T02:00:00+08:00,1788631200000,entry,long,red_histogram_expansion_add,1,1.9193857965451055,104.2,0.04,,2,0,2
2026-09-06T08:00:00+08:00,1788652800000,exit,long,red_histogram_shrinking,1,1.944012441679627,103.11,0.04008942457231727,0.36703343701400465,1,0,1
2026-09-06T10:00:00+08:00,1788660000000,entry,long,red_histogram_expansion_add,1,1.9230769230769231,104.0,0.04,,2,0,2
2026-09-06T10:00:00+08:00,1788660000000,exit,long,fixed_take_profit,1,1.9193857965451055,105.66140249759844,0.040560999039385204,2.724434197886607,1,0,1
2026-09-06T12:00:00+08:00,1788667200000,exit,long,fixed_take_profit,1,1.9230769230769231,105.93,0.040742307692307696,3.6307961538461666,0,0,0
2026-09-07T12:00:00+08:00,1788753600000,entry,short,dead_cross_open,1,1.9069412662090008,104.88,0.04,,0,1,1
2026-09-07T14:00:00+08:00,1788760800000,entry,short,green_histogram_expansion_add,1,1.9036740909956216,105.06,0.04,,0,2,2
2026-09-07T22:00:00+08:00,1788789600000,exit,short,green_histogram_shrinking,1,1.9069412662090008,105.02,0.04005339435545385,-0.347025171624715,0,1,1
2026-09-07T22:00:00+08:00,1788789600000,exit,short,fixed_take_profit,1,1.9036740909956216,103.4841,0.039400000000000004,2.920600000000008,0,0,0
2026-09-08T14:00:00+08:00,1788847200000,entry,short,zero_axis_down_open,1,1.94344572927801,102.91,0.04,,0,1,1
2026-09-08T18:00:00+08:00,1788861600000,exit,short,green_histogram_shrinking,1,1.94344572927801,103.62,0.040275969293557486,-1.4601224370809602,0,0,0
2026-09-09T14:00:00+08:00,1788933600000,entry,long,golden_cross_open,1,1.9227071716977504,104.02,0.04,,1,0,1
2026-09-09T16:00:00+08:00,1788940800000,entry,long,red_histogram_expansion_add,1,1.9133263178035014,104.53,0.04,,2,0,2
2026-09-09T18:00:00+08:00,1788948000000,exit,long,red_histogram_shrinking,1,1.9227071716977504,103.44,0.03977696596808306,-1.194947125552775,1,0,1
2026-09-09T20:00:00+08:00,1788955200000,entry,long,red_histogram_expansion_add,1,1.919938561966017,104.17,0.04,,2,0,2
2026-09-09T22:00:00+08:00,1788962400000,exit,long,red_histogram_shrinking,1,1.9133263178035014,103.74,0.03969769444178705,-1.591225485506565,1,0,1
2026-09-10T04:00:00+08:00,1788984000000,exit,long,dead_cross_flip_close_opposite,1,1.919938561966017,102.28,0.03927426322357685,-3.70795814533935,0,0,0
2026-09-10T04:00:00+08:00,1788984000000,entry,short,dead_cross_flip_open_one_unit,1,1.9554165037152913,102.28,0.04,,0,1,1
2026-09-10T06:00:00+08:00,1788991200000,entry,short,green_histogram_expansion_add,1,1.9598236158745714,102.05,0.04,,0,2,2
2026-09-10T06:00:00+08:00,1788991200000,exit,short,fixed_take_profit,1,1.9554165037152913,100.6323974942495,0.03935565017373856,3.142393481133454,0,1,1
2026-09-10T08:00:00+08:00,1788998400000,exit,short,fixed_take_profit,1,1.9598236158745714,100.51925,0.039400000000000004,2.9205999999999954,0,0,0
2026-09-11T22:00:00+08:00,1789135200000,entry,long,golden_cross_open,1,1.9080328181644726,104.82,0.04,,1,0,1
2026-09-12T00:00:00+08:00,1789142400000,entry,long,red_histogram_expansion_add,1,1.9698611247907023,101.53,0.04,,2,0,2
2026-09-12T10:00:00+08:00,1789178400000,exit,long,red_histogram_shrinking,1,1.9080328181644726,101.94,0.03890097309673727,-5.574035489410409,1,0,1
2026-09-12T22:00:00+08:00,1789221600000,entry,long,zero_axis_up_add,1,1.9619383951343927,101.94,0.04,,2,0,2
2026-09-13T12:00:00+08:00,1789272000000,exit,long,red_histogram_shrinking,1,1.9698611247907023,101.59,0.040023638333497494,0.03816802915394911,1,0,1
2026-09-13T16:00:00+08:00,1789286400000,exit,long,dead_cross_flip_close_opposite,1,1.9619383951343927,100.65,0.03949381989405533,-2.6103943496174065,0,0,0
2026-09-13T16:00:00+08:00,1789286400000,entry,short,dead_cross_flip_open_one_unit,1,1.9870839542970689,100.65,0.04,,0,1,1
2026-09-13T18:00:00+08:00,1789293600000,entry,short,green_histogram_expansion_add,1,2.0040080160320644,99.8,0.04,,0,2,2
2026-09-14T00:00:00+08:00,1789315200000,exit,short,green_histogram_shrinking,1,1.9870839542970689,100.18,0.03981321410829607,0.8541162444113239,0,1,1
2026-09-14T08:00:00+08:00,1789344000000,entry,short,green_histogram_expansion_add,1,2.015722636565209,99.22,0.04,,0,2,2
2026-09-14T10:00:00+08:00,1789351200000,exit,short,green_histogram_shrinking,1,2.0040080160320644,100.12,0.04012825651302606,-0.7214108216433015,0,1,1
2026-09-14T16:00:00+08:00,1789372800000,exit,short,golden_cross_flip_close_opposite,1,2.015722636565209,101.55,0.04093932674863939,-4.777573069945572,0,0,0
2026-09-14T16:00:00+08:00,1789372800000,entry,long,golden_cross_flip_open_one_unit,1,1.9694731659281144,101.55,0.04,,1,0,1
2026-09-14T18:00:00+08:00,1789380000000,entry,long,red_histogram_expansion_add,1,1.9625159454420569,101.91,0.04,,2,0,2
2026-09-14T22:00:00+08:00,1789394400000,exit,long,red_histogram_shrinking,1,1.9694731659281144,101.31,0.03990546528803546,-0.552579025110773,1,0,1
2026-09-15T00:00:00+08:00,1789401600000,entry,long,red_histogram_expansion_add,1,1.9625159454420569,101.91,0.04,,2,0,2
2026-09-15T02:00:00+08:00,1789408800000,exit,long,fixed_take_profit,1,1.9625159454420569,103.43864999999998,0.0406,2.9193999999999702,1,0,1
2026-09-15T04:00:00+08:00,1789416000000,exit,long,fixed_take_profit,1,1.9625159454420569,103.43864999999998,0.0406,2.9193999999999702,0,0,0
2026-09-15T16:00:00+08:00,1789459200000,entry,short,dead_cross_open,1,1.9926272790674504,100.37,0.04,,0,1,1
2026-09-15T18:00:00+08:00,1789466400000,entry,short,green_histogram_expansion_add,1,1.9847176739108863,100.77,0.04,,0,2,2
2026-09-15T22:00:00+08:00,1789480800000,exit,short,fixed_take_profit,1,1.9926272790674504,99.06105823307149,0.039478353385701506,2.5287547181068013,0,1,1
2026-09-16T00:00:00+08:00,1789488000000,exit,short,fixed_take_profit,1,1.9847176739108863,99.25845,0.039400000000000004,2.9205999999999994,0,0,0
2026-09-17T06:00:00+08:00,1789596000000,entry,long,golden_cross_open,1,2.033760423022168,98.34,0.04,,1,0,1
2026-09-17T08:00:00+08:00,1789603200000,entry,long,red_histogram_expansion_add,1,2.028397565922921,98.6,0.04,,2,0,2
2026-09-17T10:00:00+08:00,1789610400000,exit,long,fixed_take_profit,1,2.033760423022168,99.94687579973596,0.04065360008124302,3.1873468061338466,1,0,1
2026-09-17T14:00:00+08:00,1789624800000,exit,long,fixed_take_profit,1,2.028397565922921,100.07899999999998,0.0406,2.91939999999997,0,0,0
2026-09-18T00:00:00+08:00,1789660800000,entry,long,zero_axis_up_open,1,1.9758940920766648,101.22,0.04,,1,0,1
2026-09-18T04:00:00+08:00,1789675200000,exit,long,red_histogram_shrinking,1,1.9758940920766648,100.92,0.0398814463544754,-0.6726496739774693,0,0,0
