time_beijing,timestamp_ms,equity_usdt,cash_usdt,long_units,short_units,total_units
2026-07-27T12:00:00+08:00,1785124800000,10000.0,10000.0,0,0,0
2026-07-27T12:30:00+08:00,1785126600000,10000.15577265584,9999.96,0,1,1
2026-07-27T13:00:00+08:00,1785128400000,9999.789015191198,9999.96,0,1,1
2026-07-27T13:30:00+08:00,1785130200000,9999.080493817333,9999.919999999998,0,2,2
2026-07-27T14:00:00+08:00,1785132000000,9998.766335984588,9999.434651650077,0,1,1
2026-07-27T14:30:00+08:00,1785133800000,9998.635436887611,9999.434651650077,0,1,1
2026-07-27T15:00:00+08:00,1785135600000,9999.080493817333,9999.434651650077,0,1,1
2026-07-27T15:30:00+08:00,1785137400000,9999.342292011286,9999.434651650077,0,1,1
2026-07-27T16:00:00+08:00,1785139200000,9999.654907104981,9999.394651650076,0,2,2
2026-07-27T16:30:00+08:00,1785141000000,10000.178400746345,9999.394651650076,0,2,2
2026-07-27T17:00:00+08:00,1785142800000,9999.81195519739,9999.394651650076,0,2,2
2026-07-27T17:30:00+08:00,1785144600000,9999.183762827754,9999.394651650076,0,2,2
2026-07-27T18:00:00+08:00,1785146400000,9998.94824719974,9999.27611219189,0,1,1
2026-07-27T18:30:00+08:00,1785148200000,9998.895908110258,9999.27611219189,0,1,1
2026-07-27T19:00:00+08:00,1785150000000,9999.157603557667,9999.27611219189,0,1,1
2026-07-27T19:30:00+08:00,1785151800000,9999.157603557667,9999.27611219189,0,1,1
2026-07-27T20:00:00+08:00,1785153600000,9999.757878255226,9999.23611219189,0,2,2
2026-07-27T20:30:00+08:00,1785155400000,9997.298423579432,9999.23611219189,0,2,2
2026-07-27T21:00:00+08:00,1785157200000,9998.187828769882,9998.201669491733,0,1,1
2026-07-27T21:30:00+08:00,1785159000000,9997.115298365801,9998.201669491733,0,1,1
2026-07-27T22:00:00+08:00,1785160800000,9997.14145764395,9997.14145764395,0,0,0
2026-07-27T22:30:00+08:00,1785162600000,9997.14145764395,9997.14145764395,0,0,0
2026-07-27T23:00:00+08:00,1785164400000,9997.14145764395,9997.14145764395,0,0,0
2026-07-27T23:30:00+08:00,1785166200000,9997.300517529753,9997.101457643948,0,1,1
2026-07-28T00:00:00+08:00,1785168000000,9996.184904729329,9997.101457643948,0,1,1
2026-07-28T00:30:00+08:00,1785169800000,9996.158342519795,9996.158342519795,0,0,0
2026-07-28T01:00:00+08:00,1785171600000,9996.158342519795,9996.158342519795,0,0,0
2026-07-28T01:30:00+08:00,1785173400000,9996.158342519795,9996.158342519795,0,0,0
2026-07-28T02:00:00+08:00,1785175200000,9996.158342519795,9996.158342519795,0,0,0
2026-07-28T02:30:00+08:00,1785177000000,9996.158342519795,9996.158342519795,0,0,0
2026-07-28T03:00:00+08:00,1785178800000,9996.158342519795,9996.158342519795,0,0,0
2026-07-28T03:30:00+08:00,1785180600000,9996.158342519795,9996.158342519795,0,0,0
2026-07-28T04:00:00+08:00,1785182400000,9996.158342519795,9996.158342519795,0,0,0
2026-07-28T04:30:00+08:00,1785184200000,9996.158342519795,9996.158342519795,0,0,0
2026-07-28T05:00:00+08:00,1785186000000,9996.158342519795,9996.158342519795,0,0,0
2026-07-28T05:30:00+08:00,1785187800000,9996.158342519795,9996.158342519795,0,0,0
2026-07-28T06:00:00+08:00,1785189600000,9996.158342519795,9996.158342519795,0,0,0
2026-07-28T06:30:00+08:00,1785191400000,9996.158342519795,9996.158342519795,0,0,0
2026-07-28T07:00:00+08:00,1785193200000,9996.158342519795,9996.158342519795,0,0,0
2026-07-28T07:30:00+08:00,1785195000000,9996.158342519795,9996.158342519795,0,0,0
2026-07-28T08:00:00+08:00,1785196800000,9996.158342519795,9996.158342519795,0,0,0
2026-07-28T08:30:00+08:00,1785198600000,9996.158342519795,9996.158342519795,0,0,0
2026-07-28T09:00:00+08:00,1785200400000,9996.158342519795,9996.158342519795,0,0,0
2026-07-28T09:30:00+08:00,1785202200000,9996.158342519795,9996.158342519795,0,0,0
2026-07-28T10:00:00+08:00,1785204000000,9996.158342519795,9996.158342519795,0,0,0
2026-07-28T10:30:00+08:00,1785205800000,9996.158342519795,9996.158342519795,0,0,0
2026-07-28T11:00:00+08:00,1785207600000,9996.158342519795,9996.158342519795,0,0,0
2026-07-28T11:30:00+08:00,1785209400000,9996.158342519795,9996.158342519795,0,0,0
2026-07-28T12:00:00+08:00,1785211200000,9996.158342519795,9996.158342519795,0,0,0
2026-07-28T12:30:00+08:00,1785213000000,9996.158342519795,9996.158342519795,0,0,0
2026-07-28T13:00:00+08:00,1785214800000,9996.158342519795,9996.158342519795,0,0,0
2026-07-28T13:30:00+08:00,1785216600000,9996.158342519795,9996.158342519795,0,0,0
2026-07-28T14:00:00+08:00,1785218400000,9996.158342519795,9996.158342519795,0,0,0
2026-07-28T14:30:00+08:00,1785220200000,9996.158342519795,9996.158342519795,0,0,0
2026-07-28T15:00:00+08:00,1785222000000,9996.078342519793,9996.118342519794,1,0,1
2026-07-28T15:30:00+08:00,1785223800000,9995.66964923733,9996.118342519794,1,0,1
2026-07-28T16:00:00+08:00,1785225600000,9995.67150695418,9996.078342519793,2,0,2
2026-07-28T16:30:00+08:00,1785227400000,9995.998818761225,9996.078342519793,2,0,2
2026-07-28T17:00:00+08:00,1785229200000,9996.380682536112,9996.078342519793,2,0,2
2026-07-28T17:30:00+08:00,1785231000000,9995.453299082817,9996.078342519793,2,0,2
2026-07-28T18:00:00+08:00,1785232800000,9995.316829867947,9995.520664362006,1,0,1
2026-07-28T18:30:00+08:00,1785234600000,9995.152995373886,9995.520664362006,1,0,1
2026-07-28T19:00:00+08:00,1785236400000,9994.934549381807,9995.520664362006,1,0,1
2026-07-28T19:30:00+08:00,1785238200000,9995.234912620916,9995.520664362006,1,0,1
2026-07-28T20:00:00+08:00,1785240000000,9995.344135616957,9995.520664362006,1,0,1
2026-07-28T20:30:00+08:00,1785241800000,9996.110837684459,9995.480664362005,2,0,2
2026-07-28T21:00:00+08:00,1785243600000,9993.980407256375,9995.480664362005,2,0,2
2026-07-28T21:30:00+08:00,1785245400000,9993.188107761907,9994.676103389726,1,0,1
2026-07-28T22:00:00+08:00,1785247200000,9993.843803895259,9994.676103389726,1,0,1
2026-07-28T22:30:00+08:00,1785249000000,9995.100554817516,9994.676103389726,1,0,1
2026-07-28T23:00:00+08:00,1785250800000,9997.450132628692,9994.676103389726,1,0,1
2026-07-28T23:30:00+08:00,1785252600000,9997.776938579369,9994.636103389725,2,0,2
2026-07-29T00:00:00+08:00,1785254400000,9997.12574864502,9994.636103389725,2,0,2
2026-07-29T00:30:00+08:00,1785256200000,9998.211065202267,9994.636103389725,2,0,2
2026-07-29T01:00:00+08:00,1785258000000,9995.11791301411,9994.636103389725,2,0,2
2026-07-29T01:30:00+08:00,1785259800000,9995.03670203061,9996.235343723103,1,0,1
2026-07-29T02:00:00+08:00,1785261600000,9995.063647186249,9996.235343723103,1,0,1
2026-07-29T02:30:00+08:00,1785263400000,9995.198372964445,9996.235343723103,1,0,1
2026-07-29T03:00:00+08:00,1785265200000,9995.602550299036,9996.235343723103,1,0,1
2026-07-29T03:30:00+08:00,1785267000000,9996.38395981258,9996.235343723103,1,0,1
2026-07-29T04:00:00+08:00,1785268800000,9995.818111544151,9996.235343723103,1,0,1
2026-07-29T04:30:00+08:00,1785270600000,9995.818111544151,9995.818111544151,0,0,0
2026-07-29T05:00:00+08:00,1785272400000,9995.818111544151,9995.818111544151,0,0,0
2026-07-29T05:30:00+08:00,1785274200000,9995.818111544151,9995.818111544151,0,0,0
2026-07-29T06:00:00+08:00,1785276000000,9995.818111544151,9995.818111544151,0,0,0
2026-07-29T06:30:00+08:00,1785277800000,9995.818111544151,9995.818111544151,0,0,0
2026-07-29T07:00:00+08:00,1785279600000,9995.818111544151,9995.818111544151,0,0,0
2026-07-29T07:30:00+08:00,1785281400000,9994.345721752967,9995.77811154415,0,1,1
2026-07-29T08:00:00+08:00,1785283200000,9994.373023513579,9994.373023513579,0,0,0
2026-07-29T08:30:00+08:00,1785285000000,9994.373023513579,9994.373023513579,0,0,0
2026-07-29T09:00:00+08:00,1785286800000,9994.373023513579,9994.373023513579,0,0,0
2026-07-29T09:30:00+08:00,1785288600000,9994.373023513579,9994.373023513579,0,0,0
2026-07-29T10:00:00+08:00,1785290400000,9994.373023513579,9994.373023513579,0,0,0
2026-07-29T10:30:00+08:00,1785292200000,9994.373023513579,9994.373023513579,0,0,0
2026-07-29T11:00:00+08:00,1785294000000,9994.373023513579,9994.373023513579,0,0,0
2026-07-29T11:30:00+08:00,1785295800000,9994.373023513579,9994.373023513579,0,0,0
2026-07-29T12:00:00+08:00,1785297600000,9994.373023513579,9994.373023513579,0,0,0
2026-07-29T12:30:00+08:00,1785299400000,9994.373023513579,9994.373023513579,0,0,0
2026-07-29T13:00:00+08:00,1785301200000,9994.373023513579,9994.373023513579,0,0,0
2026-07-29T13:30:00+08:00,1785303000000,9994.373023513579,9994.373023513579,0,0,0
2026-07-29T14:00:00+08:00,1785304800000,9994.373023513579,9994.373023513579,0,0,0
2026-07-29T14:30:00+08:00,1785306600000,9994.482302756309,9994.333023513578,1,0,1
2026-07-29T15:00:00+08:00,1785308400000,9994.725661782679,9994.333023513578,1,0,1
2026-07-29T15:30:00+08:00,1785310200000,9995.212897408019,9994.293023513577,2,0,2
2026-07-29T16:00:00+08:00,1785312000000,9992.511645057295,9994.293023513577,2,0,2
2026-07-29T16:30:00+08:00,1785313800000,9993.051402897832,9993.631106001745,1,0,1
2026-07-29T17:00:00+08:00,1785315600000,9993.402209915375,9993.631106001745,1,0,1
2026-07-29T17:30:00+08:00,1785317400000,9993.537135691353,9993.631106001745,1,0,1
2026-07-29T18:00:00+08:00,1785319200000,9992.782459462695,9993.591106001744,2,0,2
2026-07-29T18:30:00+08:00,1785321000000,9992.512571488609,9993.173313829006,1,0,1
2026-07-29T19:00:00+08:00,1785322800000,9992.593537880834,9993.173313829006,1,0,1
2026-07-29T19:30:00+08:00,1785324600000,9992.647515475652,9993.173313829006,1,0,1
2026-07-29T20:00:00+08:00,1785326400000,9991.513985984491,9993.173313829006,1,0,1
2026-07-29T20:30:00+08:00,1785328200000,9991.43398598449,9991.47398598449,0,1,1
2026-07-29T21:00:00+08:00,1785330000000,9991.325105864746,9991.47398598449,0,1,1
2026-07-29T21:30:00+08:00,1785331800000,9990.401462651831,9991.43398598449,0,2,2
2026-07-29T22:00:00+08:00,1785333600000,9991.517028484257,9990.876805415704,0,1,1
2026-07-29T22:30:00+08:00,1785335400000,9991.625864175227,9990.876805415704,0,1,1
2026-07-29T23:00:00+08:00,1785337200000,9991.327761790279,9990.836805415704,0,2,2
2026-07-29T23:30:00+08:00,1785339000000,9992.309222522537,9990.836805415704,0,2,2
2026-07-30T00:00:00+08:00,1785340800000,9991.763966560171,9990.836805415704,0,2,2
2026-07-30T00:30:00+08:00,1785342600000,9991.654592115441,9991.721908788935,0,1,1
2026-07-30T01:00:00+08:00,1785344400000,9991.654592115441,9991.721908788935,0,1,1
2026-07-30T01:30:00+08:00,1785346200000,9989.851691664806,9991.721908788935,0,1,1
2026-07-30T02:00:00+08:00,1785348000000,9989.906325011794,9991.721908788935,0,1,1
2026-07-30T02:30:00+08:00,1785349800000,9990.71948689593,9989.866325011793,1,0,1
2026-07-30T03:00:00+08:00,1785351600000,9986.912750853617,9989.826325011793,2,0,2
2026-07-30T03:30:00+08:00,1785353400000,9984.730313602826,9988.839032104375,1,0,1
2026-07-30T04:00:00+08:00,1785355200000,9984.704770792572,9984.717258758465,0,1,1
2026-07-30T04:30:00+08:00,1785357000000,9984.952379099546,9984.717258758465,0,1,1
2026-07-30T05:00:00+08:00,1785358800000,9983.192852787046,9984.677258758464,0,2,2
2026-07-30T05:30:00+08:00,1785360600000,9982.586629283964,9984.11453011041,0,1,1
2026-07-30T06:00:00+08:00,1785362400000,9981.181389614541,9984.11453011041,0,1,1
2026-07-30T06:30:00+08:00,1785364200000,9981.346711928592,9984.11453011041,0,1,1
2026-07-30T07:00:00+08:00,1785366000000,9981.1576527748,9981.279158209583,1,0,1
2026-07-30T07:30:00+08:00,1785367800000,9981.320663644367,9981.279158209583,1,0,1
2026-07-30T08:00:00+08:00,1785369600000,9982.001226061326,9981.239158209582,2,0,2
2026-07-30T08:30:00+08:00,1785371400000,9979.176279941183,9981.239158209582,2,0,2
2026-07-30T09:00:00+08:00,1785373200000,9980.153957722718,9980.275429948713,1,0,1
2026-07-30T09:30:00+08:00,1785375000000,9981.158781843322,9980.275429948713,1,0,1
2026-07-30T10:00:00+08:00,1785376800000,9981.051752916585,9980.235429948712,2,0,2
2026-07-30T10:30:00+08:00,1785378600000,9980.076398879348,9980.235429948712,2,0,2
2026-07-30T11:00:00+08:00,1785380400000,9980.265729848436,9980.657105896016,1,0,1
2026-07-30T11:30:00+08:00,1785382200000,9979.752180240434,9980.657105896016,1,0,1
2026-07-30T12:00:00+08:00,1785384000000,9979.373775266116,9980.657105896016,1,0,1
2026-07-30T12:30:00+08:00,1785385800000,9979.265659559169,9980.657105896016,1,0,1
2026-07-30T13:00:00+08:00,1785387600000,9979.400804192854,9980.657105896016,1,0,1
2026-07-30T13:30:00+08:00,1785389400000,9979.725151313696,9980.657105896016,1,0,1
2026-07-30T14:00:00+08:00,1785391200000,9979.698122386959,9980.657105896016,1,0,1
2026-07-30T14:30:00+08:00,1785393000000,9979.725151313696,9979.725151313696,0,0,0
2026-07-30T15:00:00+08:00,1785394800000,9979.291242767153,9979.685151313695,0,1,1
2026-07-30T15:30:00+08:00,1785396600000,9979.264019032802,9979.264019032802,0,0,0
2026-07-30T16:00:00+08:00,1785398400000,9979.264019032802,9979.264019032802,0,0,0
2026-07-30T16:30:00+08:00,1785400200000,9979.264019032802,9979.264019032802,0,0,0
2026-07-30T17:00:00+08:00,1785402000000,9979.807538555579,9979.224019032801,1,0,1
2026-07-30T17:30:00+08:00,1785403800000,9979.807538555579,9979.224019032801,1,0,1
2026-07-30T18:00:00+08:00,1785405600000,9979.862910432226,9979.1840190328,2,0,2
2026-07-30T18:30:00+08:00,1785407400000,9978.996811774783,9979.1840190328,2,0,2
2026-07-30T19:00:00+08:00,1785409200000,9979.429069797881,9979.388004933016,1,0,1
2026-07-30T19:30:00+08:00,1785411000000,9979.834394122207,9979.388004933016,1,0,1
2026-07-30T20:00:00+08:00,1785412800000,9979.484505749875,9979.348004933016,2,0,2
2026-07-30T20:30:00+08:00,1785414600000,9980.672014588126,9979.348004933016,2,0,2
2026-07-30T21:00:00+08:00,1785416400000,9979.862349471137,9979.348004933016,2,0,2
2026-07-30T21:30:00+08:00,1785418200000,9981.048415796293,9979.848437365448,1,0,1
2026-07-30T22:00:00+08:00,1785420000000,9980.91363553207,9979.848437365448,1,0,1
2026-07-30T22:30:00+08:00,1785421800000,9980.91421454013,9979.808437365447,2,0,2
2026-07-30T23:00:00+08:00,1785423600000,9980.592476808835,9980.900591584914,1,0,1
2026-07-30T23:30:00+08:00,1785425400000,9980.967837495346,9980.900591584914,1,0,1
2026-07-31T00:00:00+08:00,1785427200000,9981.128706360993,9980.900591584914,1,0,1
2026-07-31T00:30:00+08:00,1785429000000,9980.753345674482,9980.900591584914,1,0,1
2026-07-31T01:00:00+08:00,1785430800000,9980.726534196874,9980.900591584914,1,0,1
2026-07-31T01:30:00+08:00,1785432600000,9981.209140793817,9980.900591584914,1,0,1
2026-07-31T02:00:00+08:00,1785434400000,9981.1555178386,9980.900591584914,1,0,1
2026-07-31T02:30:00+08:00,1785436200000,9980.619288286442,9980.900591584914,1,0,1
2026-07-31T03:00:00+08:00,1785438000000,9981.04827192817,9980.900591584914,1,0,1
2026-07-31T03:30:00+08:00,1785439800000,9981.262763749033,9980.900591584914,1,0,1
2026-07-31T04:00:00+08:00,1785441600000,9980.753345674482,9980.900591584914,1,0,1
2026-07-31T04:30:00+08:00,1785443400000,9980.91487505468,9980.713345674481,0,1,1
2026-07-31T05:00:00+08:00,1785445200000,9981.022221445879,9980.713345674481,0,1,1
2026-07-31T05:30:00+08:00,1785447000000,9980.673621039865,9980.67334567448,0,2,2
2026-07-31T06:00:00+08:00,1785448800000,9978.847138278976,9980.67334567448,0,2,2
2026-07-31T06:30:00+08:00,1785450600000,9979.089136515206,9979.908757533885,0,1,1
2026-07-31T07:00:00+08:00,1785452400000,9979.22355393222,9979.908757533885,0,1,1
2026-07-31T07:30:00+08:00,1785454200000,9979.761223600275,9979.908757533885,0,1,1
2026-07-31T08:00:00+08:00,1785456000000,9979.278097715323,9979.868757533884,0,2,2
2026-07-31T08:30:00+08:00,1785457800000,9979.65434011687,9979.868757533884,0,2,2
2026-07-31T09:00:00+08:00,1785459600000,9976.37565633196,9979.868757533884,0,2,2
2026-07-31T09:30:00+08:00,1785461400000,9978.256236509236,9978.054447629302,0,1,1
2026-07-31T10:00:00+08:00,1785463200000,9978.793545131317,9978.054447629302,0,1,1
2026-07-31T10:30:00+08:00,1785465000000,9979.036560557362,9978.0144476293,0,2,2
2026-07-31T11:00:00+08:00,1785466800000,9978.713545131315,9978.0144476293,0,2,2
2026-07-31T11:30:00+08:00,1785468600000,9979.090396461705,9978.0144476293,0,2,2
2026-07-31T12:00:00+08:00,1785470400000,9980.705473591937,9978.0144476293,0,2,2
2026-07-31T12:30:00+08:00,1785472200000,9980.759309496278,9978.0144476293,0,2,2
2026-07-31T13:00:00+08:00,1785474000000,9978.87505284434,9978.0144476293,0,2,2
2026-07-31T13:30:00+08:00,1785475800000,9978.713230004916,9978.834141424628,0,1,1
2026-07-31T14:00:00+08:00,1785477600000,9978.1198795937,9978.834141424628,0,1,1
2026-07-31T14:30:00+08:00,1785479400000,9979.090816630236,9978.834141424628,0,1,1
2026-07-31T15:00:00+08:00,1785481200000,9980.628133604754,9978.834141424628,0,1,1
2026-07-31T15:30:00+08:00,1785483000000,9979.843657063502,9978.794141424627,0,2,2
2026-07-31T16:00:00+08:00,1785484800000,9979.464323541291,9978.794141424627,0,2,2
2026-07-31T16:30:00+08:00,1785486600000,9979.65511330754,9980.021753666773,0,1,1
2026-07-31T17:00:00+08:00,1785488400000,9980.14507384639,9980.021753666773,0,1,1
2026-07-31T17:30:00+08:00,1785490200000,9980.090633786518,9980.021753666773,0,1,1
2026-07-31T18:00:00+08:00,1785492000000,9980.117853816453,9980.117853816453,0,0,0
2026-07-31T18:30:00+08:00,1785493800000,9980.117853816453,9980.117853816453,0,0,0
2026-07-31T19:00:00+08:00,1785495600000,9980.117853816453,9980.117853816453,0,0,0
2026-07-31T19:30:00+08:00,1785497400000,9980.117853816453,9980.117853816453,0,0,0
2026-07-31T20:00:00+08:00,1785499200000,9980.117853816453,9980.117853816453,0,0,0
2026-07-31T20:30:00+08:00,1785501000000,9980.117853816453,9980.117853816453,0,0,0
2026-07-31T21:00:00+08:00,1785502800000,9980.117853816453,9980.117853816453,0,0,0
2026-07-31T21:30:00+08:00,1785504600000,9980.117853816453,9980.117853816453,0,0,0
2026-07-31T22:00:00+08:00,1785506400000,9980.117853816453,9980.117853816453,0,0,0
2026-07-31T22:30:00+08:00,1785508200000,9980.117853816453,9980.117853816453,0,0,0
2026-07-31T23:00:00+08:00,1785510000000,9980.117853816453,9980.117853816453,0,0,0
2026-07-31T23:30:00+08:00,1785511800000,9980.117853816453,9980.117853816453,0,0,0
2026-08-01T00:00:00+08:00,1785513600000,9980.117853816453,9980.117853816453,0,0,0
2026-08-01T00:30:00+08:00,1785515400000,9980.117853816453,9980.117853816453,0,0,0
2026-08-01T01:00:00+08:00,1785517200000,9980.117853816453,9980.117853816453,0,0,0
2026-08-01T01:30:00+08:00,1785519000000,9980.117853816453,9980.117853816453,0,0,0
2026-08-01T02:00:00+08:00,1785520800000,9979.62877034673,9980.077853816452,1,0,1
2026-08-01T02:30:00+08:00,1785522600000,9979.383320264897,9980.077853816452,1,0,1
2026-08-01T03:00:00+08:00,1785524400000,9979.356048033582,9979.356048033582,0,0,0
2026-08-01T03:30:00+08:00,1785526200000,9979.056735987535,9979.316048033581,0,1,1
2026-08-01T04:00:00+08:00,1785528000000,9979.056735987535,9979.056735987535,0,0,0
2026-08-01T04:30:00+08:00,1785529800000,9978.538947262849,9979.016735987534,1,0,1
2026-08-01T05:00:00+08:00,1785531600000,9978.294350444416,9978.498947262848,0,1,1
2026-08-01T05:30:00+08:00,1785533400000,9977.337656098665,9978.226917641343,1,0,1
2026-08-01T06:00:00+08:00,1785535200000,9976.84480524561,9977.297656098664,0,1,1
2026-08-01T06:30:00+08:00,1785537000000,9976.872328635814,9976.872328635814,0,0,0
2026-08-01T07:00:00+08:00,1785538800000,9976.872328635814,9976.872328635814,0,0,0
2026-08-01T07:30:00+08:00,1785540600000,9976.872328635814,9976.872328635814,0,0,0
2026-08-01T08:00:00+08:00,1785542400000,9976.872328635814,9976.872328635814,0,0,0
2026-08-01T08:30:00+08:00,1785544200000,9976.847149746163,9976.832328635814,1,0,1
2026-08-01T09:00:00+08:00,1785546000000,9977.039023632387,9976.832328635814,1,0,1
2026-08-01T09:30:00+08:00,1785547800000,9976.685086957277,9976.792328635813,2,0,2
2026-08-01T10:00:00+08:00,1785549600000,9977.287747642515,9976.792328635813,2,0,2
2026-08-01T10:30:00+08:00,1785551400000,9976.959023632386,9976.792328635813,2,0,2
2026-08-01T11:00:00+08:00,1785553200000,9976.082426272043,9976.792328635813,2,0,2
2026-08-01T11:30:00+08:00,1785555000000,9976.43832441005,9976.56045474959,1,0,1
2026-08-01T12:00:00+08:00,1785556800000,9976.575208309283,9976.56045474959,1,0,1
2026-08-01T12:30:00+08:00,1785558600000,9976.851039007568,9976.520454749589,2,0,2
2026-08-01T13:00:00+08:00,1785560400000,9976.24887349043,9976.520454749589,2,0,2
2026-08-01T13:30:00+08:00,1785562200000,9975.920475771756,9976.39832441005,1,0,1
2026-08-01T14:00:00+08:00,1785564000000,9976.057303471223,9976.39832441005,1,0,1
2026-08-01T14:30:00+08:00,1785565800000,9976.02993793133,9976.39832441005,1,0,1
2026-08-01T15:00:00+08:00,1785567600000,9976.057303471223,9976.39832441005,1,0,1
2026-08-01T15:30:00+08:00,1785569400000,9975.975206851544,9976.39832441005,1,0,1
2026-08-01T16:00:00+08:00,1785571200000,9976.194131170689,9976.39832441005,1,0,1
2026-08-01T16:30:00+08:00,1785573000000,9976.166765630796,9976.39832441005,1,0,1
2026-08-01T17:00:00+08:00,1785574800000,9975.593949744358,9976.358324410048,2,0,2
2026-08-01T17:30:00+08:00,1785576600000,9975.292640155318,9975.880475771755,1,0,1
2026-08-01T18:00:00+08:00,1785578400000,9975.265248374495,9975.880475771755,1,0,1
2026-08-01T18:30:00+08:00,1785580200000,9975.292640155318,9975.880475771755,1,0,1
2026-08-01T19:00:00+08:00,1785582000000,9975.102728067404,9975.252640155317,0,1,1
2026-08-01T19:30:00+08:00,1785583800000,9975.105117526977,9975.090206089382,1,0,1
2026-08-01T20:00:00+08:00,1785585600000,9975.242396120962,9975.090206089382,1,0,1
2026-08-01T20:30:00+08:00,1785587400000,9975.16239612096,9975.050206089381,2,0,2
2026-08-01T21:00:00+08:00,1785589200000,9975.052625972805,9975.050206089381,2,0,2
2026-08-01T21:30:00+08:00,1785591000000,9975.381936417276,9975.050206089381,2,0,2
2026-08-01T22:00:00+08:00,1785592800000,9975.381936417276,9975.050206089381,2,0,2
2026-08-01T22:30:00+08:00,1785594600000,9975.656361787667,9975.050206089381,2,0,2
2026-08-01T23:00:00+08:00,1785596400000,9974.613545380178,9975.050206089381,2,0,2
2026-08-01T23:30:00+08:00,1785598200000,9974.476398603772,9974.92783893299,1,0,1
2026-08-02T00:00:00+08:00,1785600000000,9974.723262801303,9974.92783893299,1,0,1
2026-08-02T00:30:00+08:00,1785601800000,9974.22953440624,9974.92783893299,1,0,1
2026-08-02T01:00:00+08:00,1785603600000,9975.55391234621,9974.162105050958,0,1,1
2026-08-02T01:30:00+08:00,1785605400000,9976.242281238157,9974.162105050958,0,1,1
2026-08-02T02:00:00+08:00,1785607200000,9978.349170511237,9974.122105050958,0,2,2
2026-08-02T02:30:00+08:00,1785609000000,9981.438887765706,9979.113690937218,0,1,1
2026-08-02T03:00:00+08:00,1785610800000,9980.99367424505,9979.113690937218,0,1,1
2026-08-02T03:30:00+08:00,1785612600000,9980.938022554967,9979.113690937218,0,1,1
2026-08-02T04:00:00+08:00,1785614400000,9980.965848400008,9980.965848400008,0,0,0
2026-08-02T04:30:00+08:00,1785616200000,9980.965848400008,9980.965848400008,0,0,0
2026-08-02T05:00:00+08:00,1785618000000,9980.965848400008,9980.965848400008,0,0,0
2026-08-02T05:30:00+08:00,1785619800000,9980.965848400008,9980.965848400008,0,0,0
2026-08-02T06:00:00+08:00,1785621600000,9980.965848400008,9980.965848400008,0,0,0
2026-08-02T06:30:00+08:00,1785623400000,9980.965848400008,9980.965848400008,0,0,0
2026-08-02T07:00:00+08:00,1785625200000,9980.635446285078,9980.925848400007,1,0,1
2026-08-02T07:30:00+08:00,1785627000000,9980.96931577165,9980.925848400007,1,0,1
2026-08-02T08:00:00+08:00,1785628800000,9981.529139404152,9980.885848400007,2,0,2
2026-08-02T08:30:00+08:00,1785630600000,9981.862962449011,9980.885848400007,2,0,2
2026-08-02T09:00:00+08:00,1785632400000,9984.144086588874,9980.885848400007,2,0,2
2026-08-02T09:30:00+08:00,1785634200000,9984.811732678592,9980.885848400007,2,0,2
2026-08-02T10:00:00+08:00,1785636000000,9988.059930521993,9984.87342335827,1,0,1
2026-08-02T10:30:00+08:00,1785637800000,9988.171189389708,9984.87342335827,1,0,1
2026-08-02T11:00:00+08:00,1785639600000,9987.898328002258,9984.83342335827,2,0,2
2026-08-02T11:30:00+08:00,1785641400000,9988.394849237107,9984.83342335827,2,0,2
2026-08-02T12:00:00+08:00,1785643200000,9989.332722680709,9984.83342335827,2,0,2
2026-08-02T12:30:00+08:00,1785645000000,9990.270596124308,9984.83342335827,2,0,2
2026-08-02T13:00:00+08:00,1785646800000,9990.325765150403,9984.83342335827,2,0,2
2026-08-02T13:30:00+08:00,1785648600000,9990.46253669623,9989.271592783782,1,0,1
2026-08-02T14:00:00+08:00,1785650400000,9990.4078280779,9989.271592783782,1,0,1
2026-08-02T14:30:00+08:00,1785652200000,9990.079576367913,9989.271592783782,1,0,1
2026-08-02T15:00:00+08:00,1785654000000,9990.188993604575,9989.271592783782,1,0,1
2026-08-02T15:30:00+08:00,1785655800000,9990.134284986245,9989.271592783782,1,0,1
2026-08-02T16:00:00+08:00,1785657600000,9989.778678967092,9989.271592783782,1,0,1
2026-08-02T16:30:00+08:00,1785659400000,9989.36836432961,9989.271592783782,1,0,1
2026-08-02T17:00:00+08:00,1785661200000,9989.66926173043,9989.271592783782,1,0,1
2026-08-02T17:30:00+08:00,1785663000000,9989.888096203755,9989.271592783782,1,0,1
2026-08-02T18:00:00+08:00,1785664800000,9989.395718638774,9989.271592783782,1,0,1
2026-08-02T18:30:00+08:00,1785666600000,9989.179038507595,9989.38307294794,0,1,1
2026-08-02T19:00:00+08:00,1785668400000,9989.37041202133,9989.38307294794,0,1,1
2026-08-02T19:30:00+08:00,1785670200000,9990.438731578392,9989.343072947939,0,2,2
2026-08-02T20:00:00+08:00,1785672000000,9989.618503323347,9989.343072947939,0,2,2
2026-08-02T20:30:00+08:00,1785673800000,9990.985550415086,9989.343072947939,0,2,2
2026-08-02T21:00:00+08:00,1785675600000,9990.876186647747,9989.343072947939,0,2,2
2026-08-02T21:30:00+08:00,1785677400000,9990.602777229398,9989.343072947939,0,2,2
2026-08-02T22:00:00+08:00,1785679200000,9989.509139556008,9989.343072947939,0,2,2
2026-08-02T22:30:00+08:00,1785681000000,9989.67320015457,9989.412429241502,0,1,1
2026-08-02T23:00:00+08:00,1785682800000,9989.618514534011,9989.412429241502,0,1,1
2026-08-02T23:30:00+08:00,1785684600000,9989.86459982652,9989.412429241502,0,1,1
2026-08-03T00:00:00+08:00,1785686400000,9989.809914205964,9989.412429241502,0,1,1
2026-08-03T00:30:00+08:00,1785688200000,9989.536486103174,9989.412429241502,0,1,1
2026-08-03T01:00:00+08:00,1785690000000,9989.235715190107,9989.412429241502,0,1,1
2026-08-03T01:30:00+08:00,1785691800000,9989.071658328434,9989.412429241502,0,1,1
2026-08-03T02:00:00+08:00,1785693600000,9988.880258656483,9989.412429241502,0,1,1
2026-08-03T02:30:00+08:00,1785695400000,9989.291024950457,9988.840258656483,1,0,1
2026-08-03T03:00:00+08:00,1785697200000,9989.454613715114,9988.840258656483,1,0,1
2026-08-03T03:30:00+08:00,1785699000000,9990.000681132933,9988.800258656482,2,0,2
2026-08-03T04:00:00+08:00,1785700800000,9989.238460219014,9988.800258656482,2,0,2
2026-08-03T04:30:00+08:00,1785702600000,9989.51025578786,9989.332819332783,1,0,1
2026-08-03T05:00:00+08:00,1785704400000,9989.782051356706,9989.332819332783,1,0,1
2026-08-03T05:30:00+08:00,1785706200000,9990.869393789824,9989.292819332783,2,0,2
2026-08-03T06:00:00+08:00,1785708000000,9990.597911519368,9989.292819332783,2,0,2
2026-08-03T06:30:00+08:00,1785709800000,9988.969017896638,9989.292819332783,2,0,2
2026-08-03T07:00:00+08:00,1785711600000,9988.752082718986,9989.36153756032,1,0,1
2026-08-03T07:30:00+08:00,1785713400000,9988.887667205017,9989.36153756032,1,0,1
2026-08-03T08:00:00+08:00,1785715200000,9987.938575802795,9989.36153756032,1,0,1
2026-08-03T08:30:00+08:00,1785717000000,9988.022257418732,9987.925692699999,0,1,1
2026-08-03T09:00:00+08:00,1785718800000,9988.51389040617,9987.925692699999,0,1,1
2026-08-03T09:30:00+08:00,1785720600000,9988.625350400334,9987.885692699998,0,2,2
2026-08-03T10:00:00+08:00,1785722400000,9988.73478176728,9987.885692699998,0,2,2
2026-08-03T10:30:00+08:00,1785724200000,9988.515919033389,9987.885692699998,0,2,2
2026-08-03T11:00:00+08:00,1785726000000,9988.515919033389,9987.885692699998,0,2,2
2026-08-03T11:30:00+08:00,1785727800000,9988.844751910101,9988.528516293663,0,1,1
2026-08-03T12:00:00+08:00,1785729600000,9988.78994643065,9988.528516293663,0,1,1
2026-08-03T12:30:00+08:00,1785731400000,9988.78994643065,9988.78994643065,0,0,0
2026-08-03T13:00:00+08:00,1785733200000,9988.78994643065,9988.78994643065,0,0,0
2026-08-03T13:30:00+08:00,1785735000000,9988.78994643065,9988.78994643065,0,0,0
2026-08-03T14:00:00+08:00,1785736800000,9988.78994643065,9988.78994643065,0,0,0
2026-08-03T14:30:00+08:00,1785738600000,9988.78994643065,9988.78994643065,0,0,0
2026-08-03T15:00:00+08:00,1785740400000,9988.78994643065,9988.78994643065,0,0,0
2026-08-03T15:30:00+08:00,1785742200000,9988.78994643065,9988.78994643065,0,0,0
2026-08-03T16:00:00+08:00,1785744000000,9988.78994643065,9988.78994643065,0,0,0
2026-08-03T16:30:00+08:00,1785745800000,9988.78994643065,9988.78994643065,0,0,0
2026-08-03T17:00:00+08:00,1785747600000,9988.78994643065,9988.78994643065,0,0,0
2026-08-03T17:30:00+08:00,1785749400000,9988.78994643065,9988.78994643065,0,0,0
2026-08-03T18:00:00+08:00,1785751200000,9988.78994643065,9988.78994643065,0,0,0
2026-08-03T18:30:00+08:00,1785753000000,9988.78994643065,9988.78994643065,0,0,0
2026-08-03T19:00:00+08:00,1785754800000,9988.78994643065,9988.78994643065,0,0,0
2026-08-03T19:30:00+08:00,1785756600000,9988.78994643065,9988.78994643065,0,0,0
2026-08-03T20:00:00+08:00,1785758400000,9988.78994643065,9988.78994643065,0,0,0
2026-08-03T20:30:00+08:00,1785760200000,9988.78994643065,9988.78994643065,0,0,0
2026-08-03T21:00:00+08:00,1785762000000,9988.78994643065,9988.78994643065,0,0,0
2026-08-03T21:30:00+08:00,1785763800000,9988.78994643065,9988.78994643065,0,0,0
2026-08-03T22:00:00+08:00,1785765600000,9989.720259144018,9988.74994643065,1,0,1
2026-08-03T22:30:00+08:00,1785767400000,9990.129845379168,9988.74994643065,1,0,1
2026-08-03T23:00:00+08:00,1785769200000,9989.043260552085,9988.709946430648,2,0,2
2026-08-03T23:30:00+08:00,1785771000000,9989.043260552085,9988.709946430648,2,0,2
2026-08-04T00:00:00+08:00,1785772800000,9988.82559937817,9988.709946430648,2,0,2
2026-08-04T00:30:00+08:00,1785774600000,9988.47337150462,9989.516424649957,1,0,1
2026-08-04T01:00:00+08:00,1785776400000,9989.015562393992,9989.516424649957,1,0,1
2026-08-04T01:30:00+08:00,1785778200000,9989.205329205271,9989.516424649957,1,0,1
2026-08-04T02:00:00+08:00,1785780000000,9989.99150599486,9989.516424649957,1,0,1
2026-08-04T02:30:00+08:00,1785781800000,9989.937286905923,9989.516424649957,1,0,1
2026-08-04T03:00:00+08:00,1785783600000,9989.96439645039,9989.96439645039,0,0,0
2026-08-04T03:30:00+08:00,1785785400000,9989.96439645039,9989.96439645039,0,0,0
2026-08-04T04:00:00+08:00,1785787200000,9989.96439645039,9989.96439645039,0,0,0
2026-08-04T04:30:00+08:00,1785789000000,9989.96439645039,9989.96439645039,0,0,0
2026-08-04T05:00:00+08:00,1785790800000,9989.96439645039,9989.96439645039,0,0,0
2026-08-04T05:30:00+08:00,1785792600000,9989.96439645039,9989.96439645039,0,0,0
2026-08-04T06:00:00+08:00,1785794400000,9989.96439645039,9989.96439645039,0,0,0
2026-08-04T06:30:00+08:00,1785796200000,9989.911605373132,9989.92439645039,0,1,1
2026-08-04T07:00:00+08:00,1785798000000,9990.0204410641,9989.92439645039,0,1,1
2026-08-04T07:30:00+08:00,1785799800000,9989.668259251532,9989.884396450389,0,2,2
2026-08-04T08:00:00+08:00,1785801600000,9990.158186514152,9989.884396450389,0,2,2
2026-08-04T08:30:00+08:00,1785803400000,9992.281204652178,9989.884396450389,0,2,2
2026-08-04T09:00:00+08:00,1785805200000,9991.627968302015,9989.884396450389,0,2,2
2026-08-04T09:30:00+08:00,1785807000000,9988.525095638748,9989.884396450389,0,2,2
2026-08-04T10:00:00+08:00,1785808800000,9988.497886716006,9989.245800150062,0,1,1
2026-08-04T10:30:00+08:00,1785810600000,9988.225612318294,9989.245800150062,0,1,1
2026-08-04T11:00:00+08:00,1785812400000,9989.069662951206,9989.245800150062,0,1,1
2026-08-04T11:30:00+08:00,1785814200000,9988.715706234178,9989.245800150062,0,1,1
2026-08-04T12:00:00+08:00,1785816000000,9988.715706234178,9988.715706234178,0,0,0
2026-08-04T12:30:00+08:00,1785817800000,9988.715706234178,9988.715706234178,0,0,0
2026-08-04T13:00:00+08:00,1785819600000,9988.715706234178,9988.715706234178,0,0,0
2026-08-04T13:30:00+08:00,1785821400000,9988.715706234178,9988.715706234178,0,0,0
2026-08-04T14:00:00+08:00,1785823200000,9988.715706234178,9988.715706234178,0,0,0
2026-08-04T14:30:00+08:00,1785825000000,9988.715706234178,9988.715706234178,0,0,0
2026-08-04T15:00:00+08:00,1785826800000,9988.715706234178,9988.715706234178,0,0,0
2026-08-04T15:30:00+08:00,1785828600000,9988.715706234178,9988.715706234178,0,0,0
2026-08-04T16:00:00+08:00,1785830400000,9988.715706234178,9988.715706234178,0,0,0
2026-08-04T16:30:00+08:00,1785832200000,9988.715706234178,9988.715706234178,0,0,0
2026-08-04T17:00:00+08:00,1785834000000,9988.715706234178,9988.715706234178,0,0,0
2026-08-04T17:30:00+08:00,1785835800000,9988.526424617132,9988.675706234177,0,1,1
2026-08-04T18:00:00+08:00,1785837600000,9989.018191893832,9988.675706234177,0,1,1
2026-08-04T18:30:00+08:00,1785839400000,9987.679492085037,9988.675706234177,0,1,1
2026-08-04T19:00:00+08:00,1785841200000,9987.679492085037,9987.679492085037,0,0,0
2026-08-04T19:30:00+08:00,1785843000000,9987.679492085037,9987.679492085037,0,0,0
2026-08-04T20:00:00+08:00,1785844800000,9987.51831752482,9987.639492085036,1,0,1
2026-08-04T20:30:00+08:00,1785846600000,9987.27479384417,9987.639492085036,1,0,1
2026-08-04T21:00:00+08:00,1785848400000,9987.411435373993,9987.599492085035,2,0,2
2026-08-04T21:30:00+08:00,1785850200000,9986.219906959965,9987.599492085035,2,0,2
2026-08-04T22:00:00+08:00,1785852000000,9985.948885002794,9986.74774648287,1,0,1
2026-08-04T22:30:00+08:00,1785853800000,9986.707746482869,9986.74774648287,1,0,1
2026-08-04T23:00:00+08:00,1785855600000,9986.165702568529,9986.74774648287,1,0,1
2026-08-04T23:30:00+08:00,1785857400000,9986.192804764247,9986.192804764247,0,0,0
2026-08-05T00:00:00+08:00,1785859200000,9986.192804764247,9986.192804764247,0,0,0
2026-08-05T00:30:00+08:00,1785861000000,9986.192804764247,9986.192804764247,0,0,0
2026-08-05T01:00:00+08:00,1785862800000,9986.192804764247,9986.192804764247,0,0,0
2026-08-05T01:30:00+08:00,1785864600000,9986.192804764247,9986.192804764247,0,0,0
2026-08-05T02:00:00+08:00,1785866400000,9986.192804764247,9986.192804764247,0,0,0
2026-08-05T02:30:00+08:00,1785868200000,9986.192804764247,9986.192804764247,0,0,0
2026-08-05T03:00:00+08:00,1785870000000,9986.192804764247,9986.192804764247,0,0,0
2026-08-05T03:30:00+08:00,1785871800000,9986.192804764247,9986.192804764247,0,0,0
2026-08-05T04:00:00+08:00,1785873600000,9986.192804764247,9986.192804764247,0,0,0
2026-08-05T04:30:00+08:00,1785875400000,9986.192804764247,9986.192804764247,0,0,0
2026-08-05T05:00:00+08:00,1785877200000,9986.192804764247,9986.192804764247,0,0,0
2026-08-05T05:30:00+08:00,1785879000000,9986.192804764247,9986.192804764247,0,0,0
2026-08-05T06:00:00+08:00,1785880800000,9986.192804764247,9986.192804764247,0,0,0
2026-08-05T06:30:00+08:00,1785882600000,9986.192804764247,9986.192804764247,0,0,0
2026-08-05T07:00:00+08:00,1785884400000,9986.192804764247,9986.192804764247,0,0,0
2026-08-05T07:30:00+08:00,1785886200000,9986.51905984142,9986.152804764246,0,1,1
2026-08-05T08:00:00+08:00,1785888000000,9986.762812887722,9986.152804764246,0,1,1
2026-08-05T08:30:00+08:00,1785889800000,9987.496647426999,9986.112804764245,0,2,2
2026-08-05T09:00:00+08:00,1785891600000,9986.303023436061,9986.112804764245,0,2,2
2026-08-05T09:30:00+08:00,1785893400000,9985.324744434683,9986.560310856852,0,1,1
2026-08-05T10:00:00+08:00,1785895200000,9985.053024793282,9986.560310856852,0,1,1
2026-08-05T10:30:00+08:00,1785897000000,9985.025852829142,9986.560310856852,0,1,1
2026-08-05T11:00:00+08:00,1785898800000,9986.27576317959,9986.560310856852,0,1,1
2026-08-05T11:30:00+08:00,1785900600000,9986.16707532303,9986.560310856852,0,1,1
2026-08-05T12:00:00+08:00,1785902400000,9986.602944679646,9986.520310856851,0,2,2
2026-08-05T12:30:00+08:00,1785904200000,9986.00564786662,9986.520310856851,0,2,2
2026-08-05T13:00:00+08:00,1785906000000,9985.029049005756,9986.099903358889,0,1,1
2026-08-05T13:30:00+08:00,1785907800000,9985.05617675189,9986.099903358889,0,1,1
2026-08-05T14:00:00+08:00,1785909600000,9984.922213723958,9985.01617675189,1,0,1
2026-08-05T14:30:00+08:00,1785911400000,9984.571454042403,9985.01617675189,1,0,1
2026-08-05T15:00:00+08:00,1785913200000,9984.598435556369,9984.598435556369,0,0,0
2026-08-05T15:30:00+08:00,1785915000000,9983.839781736311,9984.558435556368,0,1,1
2026-08-05T16:00:00+08:00,1785916800000,9983.839781736311,9983.839781736311,0,0,0
2026-08-05T16:30:00+08:00,1785918600000,9983.543929624584,9983.79978173631,1,0,1
2026-08-05T17:00:00+08:00,1785920400000,9983.75978173631,9983.79978173631,1,0,1
2026-08-05T17:30:00+08:00,1785922200000,9982.978262373199,9983.75978173631,2,0,2
2026-08-05T18:00:00+08:00,1785924000000,9983.086188429063,9983.369022054754,1,0,1
2026-08-05T18:30:00+08:00,1785925800000,9982.546558149748,9983.369022054754,1,0,1
2026-08-05T19:00:00+08:00,1785927600000,9982.602049886404,9982.506558149747,0,1,1
2026-08-05T19:30:00+08:00,1785929400000,9982.656246581068,9982.506558149747,0,1,1
2026-08-05T20:00:00+08:00,1785931200000,9979.865125824668,9982.466558149747,0,2,2
2026-08-05T20:30:00+08:00,1785933000000,9980.516077731323,9981.28842756183,0,1,1
2026-08-05T21:00:00+08:00,1785934800000,9979.62564419439,9980.448953663525,1,0,1
2026-08-05T21:30:00+08:00,1785936600000,9978.976005013614,9979.55863352304,0,1,1
2026-08-05T22:00:00+08:00,1785938400000,9978.976005013614,9978.976005013614,0,0,0
2026-08-05T22:30:00+08:00,1785940200000,9978.976005013614,9978.976005013614,0,0,0
2026-08-05T23:00:00+08:00,1785942000000,9978.976005013614,9978.976005013614,0,0,0
2026-08-05T23:30:00+08:00,1785943800000,9978.976005013614,9978.976005013614,0,0,0
2026-08-06T00:00:00+08:00,1785945600000,9978.976005013614,9978.976005013614,0,0,0
2026-08-06T00:30:00+08:00,1785947400000,9978.573315395539,9978.936005013613,1,0,1
2026-08-06T01:00:00+08:00,1785949200000,9978.35818898349,9978.936005013613,1,0,1
2026-08-06T01:30:00+08:00,1785951000000,9980.16308332531,9978.896005013612,2,0,2
2026-08-06T02:00:00+08:00,1785952800000,9980.055375077205,9978.896005013612,2,0,2
2026-08-06T02:30:00+08:00,1785954600000,9980.055375077205,9978.896005013612,2,0,2
2026-08-06T03:00:00+08:00,1785956400000,9979.732250332892,9978.896005013612,2,0,2
2026-08-06T03:30:00+08:00,1785958200000,9979.732250332892,9979.044240624155,1,0,1
2026-08-06T04:00:00+08:00,1785960000000,9979.62439704271,9979.044240624155,1,0,1
2026-08-06T04:30:00+08:00,1785961800000,9979.48958042998,9979.044240624155,1,0,1
2026-08-06T05:00:00+08:00,1785963600000,9978.815497366333,9979.044240624155,1,0,1
2026-08-06T05:30:00+08:00,1785965400000,9978.788534043788,9979.044240624155,1,0,1
2026-08-06T06:00:00+08:00,1785967200000,9978.924494531942,9978.775497366332,0,1,1
2026-08-06T06:30:00+08:00,1785969000000,9979.059492507376,9978.775497366332,0,1,1
2026-08-06T07:00:00+08:00,1785970800000,9978.871406525259,9978.735497366331,0,2,2
2026-08-06T07:30:00+08:00,1785972600000,9978.871406525259,9978.735497366331,0,2,2
2026-08-06T08:00:00+08:00,1785974400000,9978.006718668325,9978.735497366331,0,2,2
2026-08-06T08:30:00+08:00,1785976200000,9978.358282815952,9978.533499795809,0,1,1
2026-08-06T09:00:00+08:00,1785978000000,9979.115497903149,9978.533499795809,0,1,1
2026-08-06T09:30:00+08:00,1785979800000,9979.170890942005,9978.493499795808,0,2,2
2026-08-06T10:00:00+08:00,1785981600000,9980.904485228171,9978.493499795808,0,2,2
2026-08-06T10:30:00+08:00,1785983400000,9980.308562192302,9978.493499795808,0,2,2
2026-08-06T11:00:00+08:00,1785985200000,9980.308562192302,9978.493499795808,0,2,2
2026-08-06T11:30:00+08:00,1785987000000,9980.417175923685,9979.697496010489,0,1,1
2026-08-06T12:00:00+08:00,1785988800000,9979.603233159547,9979.697496010489,0,1,1
2026-08-06T12:30:00+08:00,1785990600000,9979.440444606718,9979.697496010489,0,1,1
2026-08-06T13:00:00+08:00,1785992400000,9978.65363326805,9979.697496010489,0,1,1
2026-08-06T13:30:00+08:00,1785994200000,9978.409450438809,9979.697496010489,0,1,1
2026-08-06T14:00:00+08:00,1785996000000,9977.871259307927,9978.369450438808,1,0,1
2026-08-06T14:30:00+08:00,1785997800000,9977.844306888464,9978.369450438808,1,0,1
2026-08-06T15:00:00+08:00,1785999600000,9977.899276592256,9978.329450438807,2,0,2
2026-08-06T15:30:00+08:00,1786001400000,9976.873769811637,9978.329450438807,2,0,2
2026-08-06T16:00:00+08:00,1786003200000,9976.684618460285,9977.346115757582,1,0,1
2026-08-06T16:30:00+08:00,1786005000000,9977.171007649475,9977.346115757582,1,0,1
2026-08-06T17:00:00+08:00,1786006800000,9975.92801305488,9977.346115757582,1,0,1
2026-08-06T17:30:00+08:00,1786008600000,9976.446853713473,9975.888013054879,0,1,1
2026-08-06T18:00:00+08:00,1786010400000,9976.229093473983,9975.888013054879,0,1,1
2026-08-06T18:30:00+08:00,1786012200000,9976.557779812216,9975.848013054878,0,2,2
2026-08-06T19:00:00+08:00,1786014000000,9976.176361740067,9975.848013054878,0,2,2
2026-08-06T19:30:00+08:00,1786015800000,9976.012752143557,9976.189093473982,0,1,1
2026-08-06T20:00:00+08:00,1786017600000,9976.176361740067,9976.189093473982,0,1,1
2026-08-06T20:30:00+08:00,1786019400000,9976.858068392194,9976.189093473982,0,1,1
2026-08-06T21:00:00+08:00,1786021200000,9977.348897181724,9976.189093473982,0,1,1
2026-08-06T21:30:00+08:00,1786023000000,9975.73726724533,9976.149093473981,0,2,2
2026-08-06T22:00:00+08:00,1786024800000,9975.95656513292,9976.572653997428,0,1,1
2026-08-06T22:30:00+08:00,1786026600000,9975.133581040764,9976.572653997428,0,1,1
2026-08-06T23:00:00+08:00,1786028400000,9974.968984222332,9976.572653997428,0,1,1
2026-08-06T23:30:00+08:00,1786030200000,9975.599938692983,9976.572653997428,0,1,1
2026-08-07T00:00:00+08:00,1786032000000,9975.492505889912,9975.532505889912,1,0,1
2026-08-07T00:30:00+08:00,1786033800000,9975.874577679186,9975.532505889912,1,0,1
2026-08-07T01:00:00+08:00,1786035600000,9975.167419999161,9975.492505889912,2,0,2
2026-08-07T01:30:00+08:00,1786037400000,9974.349419765618,9975.492505889912,2,0,2
2026-08-07T02:00:00+08:00,1786039200000,9974.158722217935,9975.09772494273,1,0,1
2026-08-07T02:30:00+08:00,1786041000000,9973.368689520386,9975.09772494273,1,0,1
2026-08-07T03:00:00+08:00,1786042800000,9973.865886552538,9973.328689520386,0,1,1
2026-08-07T03:30:00+08:00,1786044600000,9973.343660666305,9973.328689520386,0,1,1
2026-08-07T04:00:00+08:00,1786046400000,9972.741321437501,9973.288689520385,0,2,2
2026-08-07T04:30:00+08:00,1786048200000,9972.851309066367,9973.056290509667,0,1,1
2026-08-07T05:00:00+08:00,1786050000000,9972.576339994202,9973.056290509667,0,1,1
2026-08-07T05:30:00+08:00,1786051800000,9972.823812159151,9973.056290509667,0,1,1
2026-08-07T06:00:00+08:00,1786053600000,9973.263762674615,9973.056290509667,0,1,1
2026-08-07T06:30:00+08:00,1786055400000,9973.318756489049,9973.056290509667,0,1,1
2026-08-07T07:00:00+08:00,1786057200000,9974.834784639736,9973.016290509666,0,2,2
2026-08-07T07:30:00+08:00,1786059000000,9973.238756489047,9973.016290509666,0,2,2
2026-08-07T08:00:00+08:00,1786060800000,9973.348910674069,9973.278756489048,0,1,1
2026-08-07T08:30:00+08:00,1786062600000,9973.293833581558,9973.278756489048,0,1,1
2026-08-07T09:00:00+08:00,1786064400000,9973.04598666526,9973.278756489048,0,1,1
2026-08-07T09:30:00+08:00,1786066200000,9972.938485633764,9973.00598666526,1,0,1
2026-08-07T10:00:00+08:00,1786068000000,9972.58097222433,9973.00598666526,1,0,1
2026-08-07T10:30:00+08:00,1786069800000,9972.58097222433,9972.58097222433,0,0,0
2026-08-07T11:00:00+08:00,1786071600000,9972.58097222433,9972.58097222433,0,0,0
2026-08-07T11:30:00+08:00,1786073400000,9972.58097222433,9972.58097222433,0,0,0
2026-08-07T12:00:00+08:00,1786075200000,9972.58097222433,9972.58097222433,0,0,0
2026-08-07T12:30:00+08:00,1786077000000,9972.58097222433,9972.58097222433,0,0,0
2026-08-07T13:00:00+08:00,1786078800000,9972.58097222433,9972.58097222433,0,0,0
2026-08-07T13:30:00+08:00,1786080600000,9972.58097222433,9972.58097222433,0,0,0
2026-08-07T14:00:00+08:00,1786082400000,9972.58097222433,9972.58097222433,0,0,0
2026-08-07T14:30:00+08:00,1786084200000,9972.58097222433,9972.58097222433,0,0,0
2026-08-07T15:00:00+08:00,1786086000000,9972.58097222433,9972.58097222433,0,0,0
2026-08-07T15:30:00+08:00,1786087800000,9972.58097222433,9972.58097222433,0,0,0
2026-08-07T16:00:00+08:00,1786089600000,9972.58097222433,9972.58097222433,0,0,0
2026-08-07T16:30:00+08:00,1786091400000,9972.58097222433,9972.58097222433,0,0,0
2026-08-07T17:00:00+08:00,1786093200000,9972.58097222433,9972.58097222433,0,0,0
2026-08-07T17:30:00+08:00,1786095000000,9972.773100694661,9972.54097222433,1,0,1
2026-08-07T18:00:00+08:00,1786096800000,9972.773100694661,9972.54097222433,1,0,1
2026-08-07T18:30:00+08:00,1786098600000,9972.555397918395,9972.54097222433,1,0,1
2026-08-07T19:00:00+08:00,1786100400000,9972.555397918395,9972.555397918395,0,0,0
2026-08-07T19:30:00+08:00,1786102200000,9972.555397918395,9972.555397918395,0,0,0
2026-08-07T20:00:00+08:00,1786104000000,9972.555397918395,9972.555397918395,0,0,0
2026-08-07T20:30:00+08:00,1786105800000,9972.555397918395,9972.555397918395,0,0,0
2026-08-07T21:00:00+08:00,1786107600000,9972.555397918395,9972.555397918395,0,0,0
2026-08-07T21:30:00+08:00,1786109400000,9972.555397918395,9972.555397918395,0,0,0
2026-08-07T22:00:00+08:00,1786111200000,9972.555397918395,9972.555397918395,0,0,0
2026-08-07T22:30:00+08:00,1786113000000,9972.555397918395,9972.555397918395,0,0,0
2026-08-07T23:00:00+08:00,1786114800000,9972.555397918395,9972.555397918395,0,0,0
2026-08-07T23:30:00+08:00,1786116600000,9972.555397918395,9972.555397918395,0,0,0
2026-08-08T00:00:00+08:00,1786118400000,9972.555397918395,9972.555397918395,0,0,0
2026-08-08T00:30:00+08:00,1786120200000,9972.555397918395,9972.555397918395,0,0,0
2026-08-08T01:00:00+08:00,1786122000000,9972.555397918395,9972.555397918395,0,0,0
2026-08-08T01:30:00+08:00,1786123800000,9972.065703762195,9972.515397918394,0,1,1
2026-08-08T02:00:00+08:00,1786125600000,9971.87451315597,9972.515397918394,0,1,1
2026-08-08T02:30:00+08:00,1786127400000,9972.203660681434,9972.475397918393,0,2,2
2026-08-08T03:00:00+08:00,1786129200000,9969.967200988505,9972.475397918393,0,2,2
2026-08-08T03:30:00+08:00,1786131000000,9969.449738769308,9970.933186012331,0,1,1
2026-08-08T04:00:00+08:00,1786132800000,9969.531443330234,9970.933186012331,0,1,1
2026-08-08T04:30:00+08:00,1786134600000,9969.939966134863,9970.933186012331,0,1,1
2026-08-08T05:00:00+08:00,1786136400000,9970.239549524924,9970.933186012331,0,1,1
2026-08-08T05:30:00+08:00,1786138200000,9970.540216570034,9970.89318601233,0,2,2
2026-08-08T06:00:00+08:00,1786140000000,9970.3770735507,9970.89318601233,0,2,2
2026-08-08T06:30:00+08:00,1786141800000,9970.594597576477,9970.89318601233,0,2,2
2026-08-08T07:00:00+08:00,1786143600000,9970.648978582922,9970.89318601233,0,2,2
2026-08-08T07:30:00+08:00,1786145400000,9970.48583556359,9970.89318601233,0,2,2
2026-08-08T08:00:00+08:00,1786147200000,9970.48583556359,9970.89318601233,0,2,2
2026-08-08T08:30:00+08:00,1786149000000,9970.322958646775,9970.362958646776,0,1,1
2026-08-08T09:00:00+08:00,1786150800000,9970.051497118753,9970.362958646776,0,1,1
2026-08-08T09:30:00+08:00,1786152600000,9969.88862020194,9970.362958646776,0,1,1
2026-08-08T10:00:00+08:00,1786154400000,9969.698597132323,9970.362958646776,0,1,1
2026-08-08T10:30:00+08:00,1786156200000,9969.402252553153,9969.685743285125,1,0,1
2026-08-08T11:00:00+08:00,1786158000000,9970.240942852166,9969.685743285125,1,0,1
2026-08-08T11:30:00+08:00,1786159800000,9973.862123891398,9969.645743285124,2,0,2
2026-08-08T12:00:00+08:00,1786161600000,9972.56534630357,9969.645743285124,2,0,2
2026-08-08T12:30:00+08:00,1786163400000,9972.781475901542,9969.645743285124,2,0,2
2026-08-08T13:00:00+08:00,1786165200000,9972.943573100021,9969.645743285124,2,0,2
2026-08-08T13:30:00+08:00,1786167000000,9972.835508301036,9969.645743285124,2,0,2
2026-08-08T14:00:00+08:00,1786168800000,9973.051254638725,9971.499560089345,1,0,1
2026-08-08T14:30:00+08:00,1786170600000,9972.943343143852,9971.499560089345,1,0,1
2026-08-08T15:00:00+08:00,1786172400000,9972.943343143852,9971.499560089345,1,0,1
2026-08-08T15:30:00+08:00,1786174200000,9973.213121881034,9971.499560089345,1,0,1
2026-08-08T16:00:00+08:00,1786176000000,9973.26707762847,9971.499560089345,1,0,1
2026-08-08T16:30:00+08:00,1786177800000,9973.213121881034,9971.499560089345,1,0,1
2026-08-08T17:00:00+08:00,1786179600000,9973.563834239372,9971.499560089345,1,0,1
2026-08-08T17:30:00+08:00,1786181400000,9973.374989123344,9971.499560089345,1,0,1
2026-08-08T18:00:00+08:00,1786183200000,9973.671745734246,9971.499560089345,1,0,1
2026-08-08T18:30:00+08:00,1786185000000,9973.94152447143,9971.499560089345,1,0,1
2026-08-08T19:00:00+08:00,1786186800000,9975.458760089345,9975.458760089345,0,0,0
2026-08-08T19:30:00+08:00,1786188600000,9975.458760089345,9975.458760089345,0,0,0
2026-08-08T20:00:00+08:00,1786190400000,9975.458760089345,9975.458760089345,0,0,0
2026-08-08T20:30:00+08:00,1786192200000,9975.458760089345,9975.458760089345,0,0,0
2026-08-08T21:00:00+08:00,1786194000000,9975.458760089345,9975.458760089345,0,0,0
2026-08-08T21:30:00+08:00,1786195800000,9975.458760089345,9975.458760089345,0,0,0
2026-08-08T22:00:00+08:00,1786197600000,9975.458760089345,9975.458760089345,0,0,0
2026-08-08T22:30:00+08:00,1786199400000,9975.458760089345,9975.458760089345,0,0,0
2026-08-08T23:00:00+08:00,1786201200000,9975.458760089345,9975.458760089345,0,0,0
2026-08-08T23:30:00+08:00,1786203000000,9975.458760089345,9975.458760089345,0,0,0
2026-08-09T00:00:00+08:00,1786204800000,9975.458760089345,9975.458760089345,0,0,0
2026-08-09T00:30:00+08:00,1786206600000,9975.458760089345,9975.458760089345,0,0,0
2026-08-09T01:00:00+08:00,1786208400000,9975.458760089345,9975.458760089345,0,0,0
2026-08-09T01:30:00+08:00,1786210200000,9975.458760089345,9975.458760089345,0,0,0
2026-08-09T02:00:00+08:00,1786212000000,9975.458760089345,9975.458760089345,0,0,0
2026-08-09T02:30:00+08:00,1786213800000,9975.458760089345,9975.458760089345,0,0,0
2026-08-09T03:00:00+08:00,1786215600000,9975.773057067005,9975.418760089344,0,1,1
2026-08-09T03:30:00+08:00,1786217400000,9975.32618715899,9975.418760089344,0,1,1
2026-08-09T04:00:00+08:00,1786219200000,9975.14105511145,9975.378760089343,0,2,2
2026-08-09T04:30:00+08:00,1786221000000,9974.667960897528,9975.378760089343,0,2,2
2026-08-09T05:00:00+08:00,1786222800000,9974.352564754914,9975.378760089343,0,2,2
2026-08-09T05:30:00+08:00,1786224600000,9974.667926364598,9974.865603716149,0,1,1
2026-08-09T06:00:00+08:00,1786226400000,9974.615367247416,9974.865603716149,0,1,1
2026-08-09T06:30:00+08:00,1786228200000,9976.26890764157,9974.825603716148,0,2,2
2026-08-09T07:00:00+08:00,1786230000000,9976.373970695762,9974.825603716148,0,2,2
2026-08-09T07:30:00+08:00,1786231800000,9975.691060843517,9974.825603716148,0,2,2
2026-08-09T08:00:00+08:00,1786233600000,9976.16384458738,9974.825603716148,0,2,2
2026-08-09T08:30:00+08:00,1786235400000,9975.691060843517,9974.825603716148,0,2,2
2026-08-09T09:00:00+08:00,1786237200000,9976.347360056117,9975.153517536432,0,1,1
2026-08-09T09:30:00+08:00,1786239000000,9976.084840371077,9975.153517536432,0,1,1
2026-08-09T10:00:00+08:00,1786240800000,9976.084840371077,9976.084840371077,0,0,0
2026-08-09T10:30:00+08:00,1786242600000,9976.084840371077,9976.084840371077,0,0,0
2026-08-09T11:00:00+08:00,1786244400000,9976.084840371077,9976.084840371077,0,0,0
2026-08-09T11:30:00+08:00,1786246200000,9976.084840371077,9976.084840371077,0,0,0
2026-08-09T12:00:00+08:00,1786248000000,9976.084840371077,9976.084840371077,0,0,0
2026-08-09T12:30:00+08:00,1786249800000,9976.084840371077,9976.084840371077,0,0,0
2026-08-09T13:00:00+08:00,1786251600000,9976.084840371077,9976.084840371077,0,0,0
2026-08-09T13:30:00+08:00,1786253400000,9976.084840371077,9976.084840371077,0,0,0
2026-08-09T14:00:00+08:00,1786255200000,9976.084840371077,9976.084840371077,0,0,0
2026-08-09T14:30:00+08:00,1786257000000,9976.084840371077,9976.084840371077,0,0,0
2026-08-09T15:00:00+08:00,1786258800000,9976.084840371077,9976.084840371077,0,0,0
2026-08-09T15:30:00+08:00,1786260600000,9975.978643593924,9976.044840371076,1,0,1
2026-08-09T16:00:00+08:00,1786262400000,9976.031037148228,9976.044840371076,1,0,1
2026-08-09T16:30:00+08:00,1786264200000,9975.558140389237,9976.004840371075,2,0,2
2026-08-09T17:00:00+08:00,1786266000000,9975.479577506927,9975.833856485317,1,0,1
2026-08-09T17:30:00+08:00,1786267800000,9975.977185889376,9975.833856485317,1,0,1
2026-08-09T18:00:00+08:00,1786269600000,9976.13432537857,9975.833856485317,1,0,1
2026-08-09T18:30:00+08:00,1786271400000,9975.295536880294,9975.793856485316,2,0,2
2026-08-09T19:00:00+08:00,1786273200000,9975.557004609253,9975.753856485315,1,0,1
2026-08-09T19:30:00+08:00,1786275000000,9975.635430547283,9975.753856485315,1,0,1
2026-08-09T20:00:00+08:00,1786276800000,9975.452436691878,9975.753856485315,1,0,1
2026-08-09T20:30:00+08:00,1786278600000,9975.269442836472,9975.753856485315,1,0,1
2026-08-09T21:00:00+08:00,1786280400000,9974.298330787255,9975.255584815815,0,1,1
2026-08-09T21:30:00+08:00,1786282200000,9973.774942671294,9974.232123529295,1,0,1
2026-08-09T22:00:00+08:00,1786284000000,9973.80101647492,9973.80101647492,0,0,0
2026-08-09T22:30:00+08:00,1786285800000,9973.80101647492,9973.80101647492,0,0,0
2026-08-09T23:00:00+08:00,1786287600000,9973.80101647492,9973.80101647492,0,0,0
2026-08-09T23:30:00+08:00,1786289400000,9973.80101647492,9973.80101647492,0,0,0
2026-08-10T00:00:00+08:00,1786291200000,9973.80101647492,9973.80101647492,0,0,0
2026-08-10T00:30:00+08:00,1786293000000,9973.80101647492,9973.80101647492,0,0,0
2026-08-10T01:00:00+08:00,1786294800000,9973.80101647492,9973.80101647492,0,0,0
2026-08-10T01:30:00+08:00,1786296600000,9973.80101647492,9973.80101647492,0,0,0
2026-08-10T02:00:00+08:00,1786298400000,9973.80101647492,9973.80101647492,0,0,0
2026-08-10T02:30:00+08:00,1786300200000,9973.80101647492,9973.80101647492,0,0,0
2026-08-10T03:00:00+08:00,1786302000000,9973.80101647492,9973.80101647492,0,0,0
2026-08-10T03:30:00+08:00,1786303800000,9973.80101647492,9973.80101647492,0,0,0
2026-08-10T04:00:00+08:00,1786305600000,9973.80101647492,9973.80101647492,0,0,0
2026-08-10T04:30:00+08:00,1786307400000,9973.80101647492,9973.80101647492,0,0,0
2026-08-10T05:00:00+08:00,1786309200000,9973.461997958799,9973.761016474919,0,1,1
2026-08-10T05:30:00+08:00,1786311000000,9973.436096107185,9973.436096107185,0,0,0
2026-08-10T06:00:00+08:00,1786312800000,9973.436096107185,9973.436096107185,0,0,0
2026-08-10T06:30:00+08:00,1786314600000,9973.436096107185,9973.436096107185,0,0,0
2026-08-10T07:00:00+08:00,1786316400000,9973.436096107185,9973.436096107185,0,0,0
2026-08-10T07:30:00+08:00,1786318200000,9973.436096107185,9973.436096107185,0,0,0
2026-08-10T08:00:00+08:00,1786320000000,9973.436096107185,9973.436096107185,0,0,0
2026-08-10T08:30:00+08:00,1786321800000,9973.436096107185,9973.436096107185,0,0,0
2026-08-10T09:00:00+08:00,1786323600000,9973.436096107185,9973.436096107185,0,0,0
2026-08-10T09:30:00+08:00,1786325400000,9973.436096107185,9973.436096107185,0,0,0
2026-08-10T10:00:00+08:00,1786327200000,9973.436096107185,9973.436096107185,0,0,0
2026-08-10T10:30:00+08:00,1786329000000,9972.571522960368,9973.396096107184,0,1,1
2026-08-10T11:00:00+08:00,1786330800000,9972.597675398594,9972.597675398594,0,0,0
2026-08-10T11:30:00+08:00,1786332600000,9972.752464130988,9972.557675398593,0,1,1
2026-08-10T12:00:00+08:00,1786334400000,9972.752464130988,9972.557675398593,0,1,1
2026-08-10T12:30:00+08:00,1786336200000,9972.96116522645,9972.557675398593,0,1,1
2026-08-10T13:00:00+08:00,1786338000000,9972.38723721393,9972.557675398593,0,1,1
2026-08-10T13:30:00+08:00,1786339800000,9972.10027320767,9972.557675398593,0,1,1
2026-08-10T14:00:00+08:00,1786341600000,9972.022010296872,9972.557675398593,0,1,1
2026-08-10T14:30:00+08:00,1786343400000,9971.787221564478,9972.557675398593,0,1,1
2026-08-10T15:00:00+08:00,1786345200000,9971.759294906413,9971.77330920141,1,0,1
2026-08-10T15:30:00+08:00,1786347000000,9971.733309201409,9971.77330920141,1,0,1
2026-08-10T16:00:00+08:00,1786348800000,9971.601337791402,9971.733309201409,2,0,2
2026-08-10T16:30:00+08:00,1786350600000,9971.49739497139,9971.733309201409,2,0,2
2026-08-10T17:00:00+08:00,1786352400000,9971.18556651135,9971.615352086399,1,0,1
2026-08-10T17:30:00+08:00,1786354200000,9970.457966771259,9971.615352086399,1,0,1
2026-08-10T18:00:00+08:00,1786356000000,9970.16870355427,9970.443952476262,0,1,1
2026-08-10T18:30:00+08:00,1786357800000,9969.750483248508,9970.443952476262,0,1,1
2026-08-10T19:00:00+08:00,1786359600000,9969.724344479398,9969.724344479398,0,0,0
2026-08-10T19:30:00+08:00,1786361400000,9969.724344479398,9969.724344479398,0,0,0
2026-08-10T20:00:00+08:00,1786363200000,9969.176966216834,9969.684344479398,1,0,1
2026-08-10T20:30:00+08:00,1786365000000,9969.202931675865,9969.202931675865,0,0,0
2026-08-10T21:00:00+08:00,1786366800000,9968.966242380826,9969.162931675864,0,1,1
2026-08-10T21:30:00+08:00,1786368600000,9969.958607916073,9969.162931675864,0,1,1
2026-08-10T22:00:00+08:00,1786370400000,9968.177411812221,9969.122931675864,0,2,2
2026-08-10T22:30:00+08:00,1786372200000,9969.147843174485,9969.082931675863,0,1,1
2026-08-10T23:00:00+08:00,1786374000000,9969.803540040883,9969.082931675863,0,1,1
2026-08-10T23:30:00+08:00,1786375800000,9970.038875175102,9969.042931675862,0,2,2
2026-08-11T00:00:00+08:00,1786377600000,9971.142548144875,9969.042931675862,0,2,2
2026-08-11T00:30:00+08:00,1786379400000,9971.300215711986,9969.042931675862,0,2,2
2026-08-11T01:00:00+08:00,1786381200000,9970.091431030805,9969.042931675862,0,2,2
2026-08-11T01:30:00+08:00,1786383000000,9970.012447087662,9969.947135163471,0,1,1
2026-08-11T02:00:00+08:00,1786384800000,9970.03877506871,9969.947135163471,0,1,1
2026-08-11T02:30:00+08:00,1786386600000,9970.407366803376,9969.947135163471,0,1,1
2026-08-11T03:00:00+08:00,1786388400000,9969.670183334043,9969.947135163471,0,1,1
2026-08-11T03:30:00+08:00,1786390200000,9969.459559485662,9969.947135163471,0,1,1
2026-08-11T04:00:00+08:00,1786392000000,9969.064639769946,9969.947135163471,0,1,1
2026-08-11T04:30:00+08:00,1786393800000,9969.246710543208,9969.024639769945,1,0,1
2026-08-11T05:00:00+08:00,1786395600000,9969.246710543208,9969.024639769945,1,0,1
2026-08-11T05:30:00+08:00,1786397400000,9968.485772464666,9968.984639769944,2,0,2
2026-08-11T06:00:00+08:00,1786399200000,9967.909594090515,9968.984639769944,2,0,2
2026-08-11T06:30:00+08:00,1786401000000,9967.988112415123,9968.577740687375,1,0,1
2026-08-11T07:00:00+08:00,1786402800000,9967.700211891563,9968.577740687375,1,0,1
2026-08-11T07:30:00+08:00,1786404600000,9967.386138593134,9968.577740687375,1,0,1
2026-08-11T08:00:00+08:00,1786406400000,9967.49082969261,9968.577740687375,1,0,1
2026-08-11T08:30:00+08:00,1786408200000,9967.150583619312,9968.577740687375,1,0,1
2026-08-11T09:00:00+08:00,1786410000000,9966.886193074866,9967.084410844442,0,1,1
2026-08-11T09:30:00+08:00,1786411800000,9966.490648650928,9967.084410844442,0,1,1
2026-08-11T10:00:00+08:00,1786413600000,9966.174071813804,9966.450648650927,1,0,1
2026-08-11T10:30:00+08:00,1786415400000,9966.226644444276,9966.450648650927,1,0,1
2026-08-11T11:00:00+08:00,1786417200000,9966.988193909101,9966.410648650926,2,0,2
2026-08-11T11:30:00+08:00,1786419000000,9966.30443496893,9966.410648650926,2,0,2
2026-08-11T12:00:00+08:00,1786420800000,9966.488584442062,9966.29178970522,1,0,1
2026-08-11T12:30:00+08:00,1786422600000,9966.357031810483,9966.29178970522,1,0,1
2026-08-11T13:00:00+08:00,1786424400000,9966.357031810483,9966.357031810483,0,0,0
2026-08-11T13:30:00+08:00,1786426200000,9966.357031810483,9966.357031810483,0,0,0
2026-08-11T14:00:00+08:00,1786428000000,9965.801814706087,9966.317031810482,0,1,1
2026-08-11T14:30:00+08:00,1786429800000,9965.828215656331,9965.828215656331,0,0,0
2026-08-11T15:00:00+08:00,1786431600000,9965.828215656331,9965.828215656331,0,0,0
2026-08-11T15:30:00+08:00,1786433400000,9965.828215656331,9965.828215656331,0,0,0
2026-08-11T16:00:00+08:00,1786435200000,9965.828215656331,9965.828215656331,0,0,0
2026-08-11T16:30:00+08:00,1786437000000,9965.828215656331,9965.828215656331,0,0,0
2026-08-11T17:00:00+08:00,1786438800000,9965.828215656331,9965.828215656331,0,0,0
2026-08-11T17:30:00+08:00,1786440600000,9965.828215656331,9965.828215656331,0,0,0
2026-08-11T18:00:00+08:00,1786442400000,9965.959116117767,9965.78821565633,1,0,1
2026-08-11T18:30:00+08:00,1786444200000,9965.880028444728,9965.78821565633,1,0,1
2026-08-11T19:00:00+08:00,1786446000000,9966.82777228703,9965.74821565633,2,0,2
2026-08-11T19:30:00+08:00,1786447800000,9967.196702233996,9965.74821565633,2,0,2
2026-08-11T20:00:00+08:00,1786449600000,9965.404756777303,9965.74821565633,2,0,2
2026-08-11T20:30:00+08:00,1786451400000,9965.352073336386,9965.65549054097,1,0,1
2026-08-11T21:00:00+08:00,1786453200000,9965.457440218219,9965.65549054097,1,0,1
2026-08-11T21:30:00+08:00,1786455000000,9965.773540863722,9965.65549054097,1,0,1
2026-08-11T22:00:00+08:00,1786456800000,9964.772555486301,9965.65549054097,1,0,1
2026-08-11T22:30:00+08:00,1786458600000,9964.772555486301,9964.772555486301,0,0,0
2026-08-11T23:00:00+08:00,1786460400000,9964.266711952505,9964.7325554863,0,1,1
2026-08-11T23:30:00+08:00,1786462200000,9965.43778167044,9964.7325554863,0,1,1
2026-08-12T00:00:00+08:00,1786464000000,9965.091131848181,9964.6925554863,0,2,2
2026-08-12T00:30:00+08:00,1786465800000,9965.357781670438,9964.6925554863,0,2,2
2026-08-12T01:00:00+08:00,1786467600000,9964.50450223921,9964.6925554863,0,2,2
2026-08-12T01:30:00+08:00,1786469400000,9964.290684767764,9964.998553357507,0,1,1
2026-08-12T02:00:00+08:00,1786471200000,9964.183825793405,9964.998553357507,0,1,1
2026-08-12T02:30:00+08:00,1786473000000,9964.050252075456,9964.998553357507,0,1,1
2026-08-12T03:00:00+08:00,1786474800000,9963.996822588277,9964.998553357507,0,1,1
2026-08-12T03:30:00+08:00,1786476600000,9963.008377075455,9964.998553357507,0,1,1
2026-08-12T04:00:00+08:00,1786478400000,9964.039119040803,9962.968377075455,1,0,1
2026-08-12T04:30:00+08:00,1786480200000,9963.959780328993,9962.968377075455,1,0,1
2026-08-12T05:00:00+08:00,1786482000000,9963.906226566261,9962.928377075454,2,0,2
2026-08-12T05:30:00+08:00,1786483800000,9965.910852047204,9962.928377075454,2,0,2
2026-08-12T06:00:00+08:00,1786485600000,9965.858098745075,9962.928377075454,2,0,2
2026-08-12T06:30:00+08:00,1786487400000,9965.805345442945,9962.928377075454,2,0,2
2026-08-12T07:00:00+08:00,1786489200000,9965.119552515254,9962.928377075454,2,0,2
2026-08-12T07:30:00+08:00,1786491000000,9965.145720407703,9964.528043786206,1,0,1
2026-08-12T08:00:00+08:00,1786492800000,9965.040492148264,9964.528043786206,1,0,1
2026-08-12T08:30:00+08:00,1786494600000,9965.329869861722,9964.528043786206,1,0,1
2026-08-12T09:00:00+08:00,1786496400000,9965.277255732002,9964.528043786206,1,0,1
2026-08-12T09:30:00+08:00,1786498200000,9965.48771225088,9964.528043786206,1,0,1
2026-08-12T10:00:00+08:00,1786500000000,9965.82970409406,9964.528043786206,1,0,1
2026-08-12T10:30:00+08:00,1786501800000,9965.48771225088,9964.528043786206,1,0,1
2026-08-12T11:00:00+08:00,1786503600000,9965.145720407703,9964.528043786206,1,0,1
2026-08-12T11:30:00+08:00,1786505400000,9965.46140518602,9964.528043786206,1,0,1
2026-08-12T12:00:00+08:00,1786507200000,9965.329869861722,9964.528043786206,1,0,1
2026-08-12T12:30:00+08:00,1786509000000,9965.172027472563,9964.528043786206,1,0,1
2026-08-12T13:00:00+08:00,1786510800000,9965.119413342843,9964.528043786206,1,0,1
2026-08-12T13:30:00+08:00,1786512600000,9965.198334537423,9964.528043786206,1,0,1
2026-08-12T14:00:00+08:00,1786514400000,9965.511701081732,9965.158334537422,0,1,1
2026-08-12T14:30:00+08:00,1786516200000,9965.800169880893,9965.158334537422,0,1,1
2026-08-12T15:00:00+08:00,1786518000000,9965.798936343259,9965.118334537421,0,2,2
2026-08-12T15:30:00+08:00,1786519800000,9964.643011769538,9965.118334537421,0,2,2
2026-08-12T16:00:00+08:00,1786521600000,9964.195705896598,9965.209456718858,0,1,1
2026-08-12T16:30:00+08:00,1786523400000,9964.853645641368,9965.209456718858,0,1,1
2026-08-12T17:00:00+08:00,1786525200000,9963.30090784371,9965.209456718858,0,1,1
2026-08-12T17:30:00+08:00,1786527000000,9963.090349409398,9963.234590253918,1,0,1
2026-08-12T18:00:00+08:00,1786528800000,9963.090349409398,9963.234590253918,1,0,1
2026-08-12T18:30:00+08:00,1786530600000,9963.114617438907,9963.194590253917,2,0,2
2026-08-12T19:00:00+08:00,1786532400000,9963.427421527438,9963.194590253917,2,0,2
2026-08-12T19:30:00+08:00,1786534200000,9963.531689556947,9963.194590253917,2,0,2
2026-08-12T20:00:00+08:00,1786536000000,9965.304246058615,9963.194590253917,2,0,2
2026-08-12T20:30:00+08:00,1786537800000,9962.541143276603,9963.194590253917,2,0,2
2026-08-12T21:00:00+08:00,1786539600000,9962.071801218857,9962.841867720357,1,0,1
2026-08-12T21:30:00+08:00,1786541400000,9961.498177539108,9962.841867720357,1,0,1
2026-08-12T22:00:00+08:00,1786543200000,9962.599671173442,9961.458177539107,0,1,1
2026-08-12T22:30:00+08:00,1786545000000,9963.439844424525,9961.458177539107,0,1,1
2026-08-12T23:00:00+08:00,1786546800000,9961.93481459237,9961.418177539106,0,2,2
2026-08-12T23:30:00+08:00,1786548600000,9961.776477944355,9961.418177539106,0,2,2
2026-08-13T00:00:00+08:00,1786550400000,9961.723699061682,9961.418177539106,0,2,2
2026-08-13T00:30:00+08:00,1786552200000,9961.93588681029,9962.585926587537,0,1,1
2026-08-13T01:00:00+08:00,1786554000000,9961.591081718801,9962.585926587537,0,1,1
2026-08-13T01:30:00+08:00,1786555800000,9961.325847033042,9962.585926587537,0,1,1
2026-08-13T02:00:00+08:00,1786557600000,9961.193229690161,9962.585926587537,0,1,1
2026-08-13T02:30:00+08:00,1786559400000,9961.40541743877,9962.585926587537,0,1,1
2026-08-13T03:00:00+08:00,1786561200000,9961.511511313074,9962.585926587537,0,1,1
2026-08-13T03:30:00+08:00,1786563000000,9961.723699061682,9962.585926587537,0,1,1
2026-08-13T04:00:00+08:00,1786564800000,9961.458464375923,9962.585926587537,0,1,1
2026-08-13T04:30:00+08:00,1786566600000,9961.299323564466,9962.585926587537,0,1,1
2026-08-13T05:00:00+08:00,1786568400000,9962.360262307506,9962.585926587537,0,1,1
2026-08-13T05:30:00+08:00,1786570200000,9962.545926587536,9962.585926587537,0,1,1
2026-08-13T06:00:00+08:00,1786572000000,9961.776316404561,9962.545926587536,0,2,2
2026-08-13T06:30:00+08:00,1786573800000,9961.988504153169,9962.187644964624,0,1,1
2026-08-13T07:00:00+08:00,1786575600000,9962.068074558896,9962.187644964624,0,1,1
2026-08-13T07:30:00+08:00,1786577400000,9961.72326946741,9962.187644964624,0,1,1
2026-08-13T08:00:00+08:00,1786579200000,9961.219323564465,9962.187644964624,0,1,1
2026-08-13T08:30:00+08:00,1786581000000,9961.749792935985,9962.187644964624,0,1,1
2026-08-13T09:00:00+08:00,1786582800000,9961.935457216017,9962.187644964624,0,1,1
2026-08-13T09:30:00+08:00,1786584600000,9961.696745998832,9962.187644964624,0,1,1
2026-08-13T10:00:00+08:00,1786586400000,9961.72255893705,9961.656745998831,1,0,1
2026-08-13T10:30:00+08:00,1786588200000,9962.54260920825,9961.656745998831,1,0,1
2026-08-13T11:00:00+08:00,1786590000000,9963.755856388469,9961.61674599883,2,0,2
2026-08-13T11:30:00+08:00,1786591800000,9963.91422043824,9961.61674599883,2,0,2
2026-08-13T12:00:00+08:00,1786593600000,9963.016824156193,9961.61674599883,2,0,2
2026-08-13T12:30:00+08:00,1786595400000,9963.095710049785,9962.740688319243,1,0,1
2026-08-13T13:00:00+08:00,1786597200000,9963.780414382723,9962.740688319243,1,0,1
2026-08-13T13:30:00+08:00,1786599000000,9964.149101331228,9962.740688319243,1,0,1
2026-08-13T14:00:00+08:00,1786600800000,9963.649259895023,9962.700688319243,2,0,2
2026-08-13T14:30:00+08:00,1786602600000,9963.88456847243,9963.89842307494,1,0,1
2026-08-13T15:00:00+08:00,1786604400000,9963.779986882471,9963.89842307494,1,0,1
2026-08-13T15:30:00+08:00,1786606200000,9963.779986882471,9963.779986882471,0,0,0
2026-08-13T16:00:00+08:00,1786608000000,9963.779986882471,9963.779986882471,0,0,0
2026-08-13T16:30:00+08:00,1786609800000,9963.779986882471,9963.779986882471,0,0,0
2026-08-13T17:00:00+08:00,1786611600000,9963.779986882471,9963.779986882471,0,0,0
2026-08-13T17:30:00+08:00,1786613400000,9963.779986882471,9963.779986882471,0,0,0
2026-08-13T18:00:00+08:00,1786615200000,9963.779986882471,9963.779986882471,0,0,0
2026-08-13T18:30:00+08:00,1786617000000,9963.937501394345,9963.73998688247,0,1,1
2026-08-13T19:00:00+08:00,1786618800000,9964.333358914133,9963.73998688247,0,1,1
2026-08-13T19:30:00+08:00,1786620600000,9964.015523120515,9963.69998688247,0,2,2
2026-08-13T20:00:00+08:00,1786622400000,9962.905435335964,9963.69998688247,0,2,2
2026-08-13T20:30:00+08:00,1786624200000,9962.190803469022,9963.580815378511,0,1,1
2026-08-13T21:00:00+08:00,1786626000000,9962.323157577797,9963.580815378511,0,1,1
2026-08-13T21:30:00+08:00,1786627800000,9961.979036894985,9963.580815378511,0,1,1
2026-08-13T22:00:00+08:00,1786629600000,9961.767270320948,9963.580815378511,0,1,1
2026-08-13T22:30:00+08:00,1786631400000,9962.159368956834,9961.727270320947,1,0,1
2026-08-13T23:00:00+08:00,1786633200000,9961.136488579079,9961.727270320947,1,0,1
2026-08-13T23:30:00+08:00,1786635000000,9961.136488579079,9961.136488579079,0,0,0
2026-08-14T00:00:00+08:00,1786636800000,9961.003567944157,9961.096488579078,0,1,1
2026-08-14T00:30:00+08:00,1786638600000,9961.18879016638,9961.096488579078,0,1,1
2026-08-14T01:00:00+08:00,1786640400000,9959.944150938703,9961.056488579077,0,2,2
2026-08-14T01:30:00+08:00,1786642200000,9960.050079767505,9960.540202864791,0,1,1
2026-08-14T02:00:00+08:00,1786644000000,9960.076557596756,9960.540202864791,0,1,1
2026-08-14T02:30:00+08:00,1786645800000,9959.3881340362,9960.540202864791,0,1,1
2026-08-14T03:00:00+08:00,1786647600000,9959.070400085175,9960.540202864791,0,1,1
2026-08-14T03:30:00+08:00,1786649400000,9959.17435592694,9959.030400085174,1,0,1
2026-08-14T04:00:00+08:00,1786651200000,9959.33203236274,9959.030400085174,1,0,1
2026-08-14T04:30:00+08:00,1786653000000,9959.06826957446,9958.990400085173,2,0,2
2026-08-14T05:00:00+08:00,1786654800000,9958.805716831654,9958.990400085173,2,0,2
2026-08-14T05:30:00+08:00,1786656600000,9958.884410259438,9959.081797115006,1,0,1
2026-08-14T06:00:00+08:00,1786658400000,9959.435264253929,9959.081797115006,1,0,1
2026-08-14T06:30:00+08:00,1786660200000,9958.963103687222,9959.081797115006,1,0,1
2026-08-14T07:00:00+08:00,1786662000000,9958.963103687222,9958.963103687222,0,0,0
2026-08-14T07:30:00+08:00,1786663800000,9958.963103687222,9958.963103687222,0,0,0
2026-08-14T08:00:00+08:00,1786665600000,9958.963103687222,9958.963103687222,0,0,0
2026-08-14T08:30:00+08:00,1786667400000,9958.963103687222,9958.963103687222,0,0,0
2026-08-14T09:00:00+08:00,1786669200000,9958.963103687222,9958.963103687222,0,0,0
2026-08-14T09:30:00+08:00,1786671000000,9958.646089469212,9958.92310368722,0,1,1
2026-08-14T10:00:00+08:00,1786672800000,9958.777764034772,9958.92310368722,0,1,1
2026-08-14T10:30:00+08:00,1786674600000,9958.724081624563,9958.88310368722,0,2,2
2026-08-14T11:00:00+08:00,1786676400000,9959.03999664198,9958.88310368722,0,2,2
2026-08-14T11:30:00+08:00,1786678200000,9960.145699202942,9958.88310368722,0,2,2
2026-08-14T12:00:00+08:00,1786680000000,9959.19795415069,9958.88310368722,0,2,2
2026-08-14T12:30:00+08:00,1786681800000,9959.5137825515,9959.001113165892,0,1,1
2026-08-14T13:00:00+08:00,1786683600000,9959.382194602545,9959.001113165892,0,1,1
2026-08-14T13:30:00+08:00,1786685400000,9959.408512192336,9959.408512192336,0,0,0
2026-08-14T14:00:00+08:00,1786687200000,9959.408512192336,9959.408512192336,0,0,0
2026-08-14T14:30:00+08:00,1786689000000,9959.408512192336,9959.408512192336,0,0,0
2026-08-14T15:00:00+08:00,1786690800000,9959.408512192336,9959.408512192336,0,0,0
2026-08-14T15:30:00+08:00,1786692600000,9959.408512192336,9959.408512192336,0,0,0
2026-08-14T16:00:00+08:00,1786694400000,9959.408512192336,9959.408512192336,0,0,0
2026-08-14T16:30:00+08:00,1786696200000,9959.408512192336,9959.408512192336,0,0,0
2026-08-14T17:00:00+08:00,1786698000000,9959.408512192336,9959.408512192336,0,0,0
2026-08-14T17:30:00+08:00,1786699800000,9959.408512192336,9959.408512192336,0,0,0
2026-08-14T18:00:00+08:00,1786701600000,9959.408512192336,9959.408512192336,0,0,0
2026-08-14T18:30:00+08:00,1786703400000,9959.408512192336,9959.408512192336,0,0,0
2026-08-14T19:00:00+08:00,1786705200000,9959.408512192336,9959.408512192336,0,0,0
2026-08-14T19:30:00+08:00,1786707000000,9959.408512192336,9959.408512192336,0,0,0
2026-08-14T20:00:00+08:00,1786708800000,9959.408512192336,9959.408512192336,0,0,0
2026-08-14T20:30:00+08:00,1786710600000,9959.408512192336,9959.408512192336,0,0,0
2026-08-14T21:00:00+08:00,1786712400000,9959.408512192336,9959.408512192336,0,0,0
2026-08-14T21:30:00+08:00,1786714200000,9959.408512192336,9959.408512192336,0,0,0
2026-08-14T22:00:00+08:00,1786716000000,9959.408512192336,9959.408512192336,0,0,0
2026-08-14T22:30:00+08:00,1786717800000,9959.408512192336,9959.408512192336,0,0,0
2026-08-14T23:00:00+08:00,1786719600000,9959.408512192336,9959.408512192336,0,0,0
2026-08-14T23:30:00+08:00,1786721400000,9959.408512192336,9959.408512192336,0,0,0
2026-08-15T00:00:00+08:00,1786723200000,9959.116914308737,9959.368512192335,1,0,1
2026-08-15T00:30:00+08:00,1786725000000,9958.87886668969,9959.368512192335,1,0,1
2026-08-15T01:00:00+08:00,1786726800000,9959.487334753916,9959.328512192335,2,0,2
2026-08-15T01:30:00+08:00,1786728600000,9957.845603216143,9959.328512192335,2,0,2
2026-08-15T02:00:00+08:00,1786730400000,9957.527491059176,9958.362771451593,1,0,1
2026-08-15T02:30:00+08:00,1786732200000,9957.953569572186,9957.460981712762,0,1,1
2026-08-15T03:00:00+08:00,1786734000000,9958.299751680814,9957.460981712762,0,1,1
2026-08-15T03:30:00+08:00,1786735800000,9957.312354848276,9957.420981712761,0,2,2
2026-08-15T04:00:00+08:00,1786737600000,9956.298205447205,9957.420981712761,0,2,2
2026-08-15T04:30:00+08:00,1786739400000,9956.40531051071,9957.274464140875,0,1,1
2026-08-15T05:00:00+08:00,1786741200000,9956.218082271642,9957.274464140875,0,1,1
2026-08-15T05:30:00+08:00,1786743000000,9956.298322945528,9957.274464140875,0,1,1
2026-08-15T06:00:00+08:00,1786744800000,9956.83326077144,9957.274464140875,0,1,1
2026-08-15T06:30:00+08:00,1786746600000,9956.271576054232,9957.274464140875,0,1,1
2026-08-15T07:00:00+08:00,1786748400000,9956.56408969362,9956.231576054231,1,0,1
2026-08-15T07:30:00+08:00,1786750200000,9956.723738396215,9956.231576054231,1,0,1
2026-08-15T08:00:00+08:00,1786752000000,9956.510920251187,9956.19157605423,2,0,2
2026-08-15T08:30:00+08:00,1786753800000,9956.404636076437,9956.19157605423,2,0,2
2026-08-15T09:00:00+08:00,1786755600000,9956.776630688062,9956.19157605423,2,0,2
2026-08-15T09:30:00+08:00,1786757400000,9956.723488600686,9956.19157605423,2,0,2
2026-08-15T10:00:00+08:00,1786759200000,9957.46747782394,9956.19157605423,2,0,2
2026-08-15T10:30:00+08:00,1786761000000,9957.998898697691,9956.19157605423,2,0,2
2026-08-15T11:00:00+08:00,1786762800000,9957.839472435566,9956.19157605423,2,0,2
2026-08-15T11:30:00+08:00,1786764600000,9956.670346513312,9956.19157605423,2,0,2
2026-08-15T12:00:00+08:00,1786766400000,9957.14795797828,9956.710346513313,1,0,1
2026-08-15T12:30:00+08:00,1786768200000,9956.96222018635,9956.710346513313,1,0,1
2026-08-15T13:00:00+08:00,1786770000000,9956.776482394418,9956.710346513313,1,0,1
2026-08-15T13:30:00+08:00,1786771800000,9956.511142691657,9956.710346513313,1,0,1
2026-08-15T14:00:00+08:00,1786773600000,9956.405006810553,9956.710346513313,1,0,1
2026-08-15T14:30:00+08:00,1786775400000,9956.696880483589,9956.710346513313,1,0,1
2026-08-15T15:00:00+08:00,1786777200000,9956.458074751105,9956.710346513313,1,0,1
2026-08-15T15:30:00+08:00,1786779000000,9956.245802988897,9956.710346513313,1,0,1
2026-08-15T16:00:00+08:00,1786780800000,9956.112600861235,9956.205802988896,0,1,1
2026-08-15T16:30:00+08:00,1786782600000,9956.618021074002,9956.205802988896,0,1,1
2026-08-15T17:00:00+08:00,1786784400000,9955.978831546714,9956.165802988895,0,2,2
2026-08-15T17:30:00+08:00,1786786200000,9955.712537314987,9956.165802988895,0,2,2
2026-08-15T18:00:00+08:00,1786788000000,9955.499331773543,9956.125802988894,0,1,1
2026-08-15T18:30:00+08:00,1786789800000,9955.525989556058,9956.125802988894,0,1,1
2026-08-15T19:00:00+08:00,1786791600000,9955.605962903606,9956.125802988894,0,1,1
2026-08-15T19:30:00+08:00,1786793400000,9955.632620686123,9956.125802988894,0,1,1
2026-08-15T20:00:00+08:00,1786795200000,9955.765909598702,9956.125802988894,0,1,1
2026-08-15T20:30:00+08:00,1786797000000,9955.179438383351,9956.125802988894,0,1,1
2026-08-15T21:00:00+08:00,1786798800000,9955.258748414772,9955.166096165865,1,0,1
2026-08-15T21:30:00+08:00,1786800600000,9955.524052912582,9955.166096165865,1,0,1
2026-08-15T22:00:00+08:00,1786802400000,9955.046440489012,9955.126096165865,2,0,2
2026-08-15T22:30:00+08:00,1786804200000,9954.887405357387,9955.126096165865,2,0,2
2026-08-15T23:00:00+08:00,1786806000000,9954.860874907607,9955.165687515208,1,0,1
2026-08-15T23:30:00+08:00,1786807800000,9955.019762472168,9955.165687515208,1,0,1
2026-08-16T00:00:00+08:00,1786809600000,9954.966799950647,9955.165687515208,1,0,1
2026-08-16T00:30:00+08:00,1786811400000,9954.966799950647,9954.966799950647,0,0,0
2026-08-16T01:00:00+08:00,1786813200000,9954.966799950647,9954.966799950647,0,0,0
2026-08-16T01:30:00+08:00,1786815000000,9954.966799950647,9954.966799950647,0,0,0
2026-08-16T02:00:00+08:00,1786816800000,9954.966799950647,9954.966799950647,0,0,0
2026-08-16T02:30:00+08:00,1786818600000,9954.966799950647,9954.966799950647,0,0,0
2026-08-16T03:00:00+08:00,1786820400000,9954.966799950647,9954.966799950647,0,0,0
2026-08-16T03:30:00+08:00,1786822200000,9954.966799950647,9954.966799950647,0,0,0
2026-08-16T04:00:00+08:00,1786824000000,9954.966799950647,9954.966799950647,0,0,0
2026-08-16T04:30:00+08:00,1786825800000,9954.966799950647,9954.966799950647,0,0,0
2026-08-16T05:00:00+08:00,1786827600000,9954.966799950647,9954.966799950647,0,0,0
2026-08-16T05:30:00+08:00,1786829400000,9954.966799950647,9954.966799950647,0,0,0
2026-08-16T06:00:00+08:00,1786831200000,9954.966799950647,9954.966799950647,0,0,0
2026-08-16T06:30:00+08:00,1786833000000,9954.966799950647,9954.966799950647,0,0,0
2026-08-16T07:00:00+08:00,1786834800000,9954.966799950647,9954.966799950647,0,0,0
2026-08-16T07:30:00+08:00,1786836600000,9954.993006481041,9954.926799950646,0,1,1
2026-08-16T08:00:00+08:00,1786838400000,9954.83369668545,9954.926799950646,0,1,1
2026-08-16T08:30:00+08:00,1786840200000,9954.408588872751,9954.886799950646,0,2,2
2026-08-16T09:00:00+08:00,1786842000000,9954.70055114619,9954.634386889855,0,1,1
2026-08-16T09:30:00+08:00,1786843800000,9954.328493728055,9954.594386889854,0,2,2
2026-08-16T10:00:00+08:00,1786845600000,9953.876996117859,9954.52784582577,0,1,1
2026-08-16T10:30:00+08:00,1786847400000,9953.956672166716,9954.52784582577,0,1,1
2026-08-16T11:00:00+08:00,1786849200000,9953.876996117859,9954.52784582577,0,1,1
2026-08-16T11:30:00+08:00,1786851000000,9953.717594397143,9953.836996117858,1,0,1
2026-08-16T12:00:00+08:00,1786852800000,9953.77052887762,9953.836996117858,1,0,1
2026-08-16T12:30:00+08:00,1786854600000,9953.002335082825,9953.796996117857,2,0,2
2026-08-16T13:00:00+08:00,1786856400000,9953.108023983501,9952.962335082824,0,1,1
2026-08-16T13:30:00+08:00,1786858200000,9953.161077955123,9952.962335082824,0,1,1
2026-08-16T14:00:00+08:00,1786860000000,9953.001426550243,9952.922335082823,0,2,2
2026-08-16T14:30:00+08:00,1786861800000,9952.895248159553,9952.922335082823,0,2,2
2026-08-16T15:00:00+08:00,1786863600000,9952.576712987484,9952.922335082823,0,2,2
2026-08-16T15:30:00+08:00,1786865400000,9952.523588568416,9952.882335082822,0,1,1
2026-08-16T16:00:00+08:00,1786867200000,9952.603275197018,9952.882335082822,0,1,1
2026-08-16T16:30:00+08:00,1786869000000,9952.523588568416,9952.882335082822,0,1,1
2026-08-16T17:00:00+08:00,1786870800000,9952.603275197018,9952.882335082822,0,1,1
2026-08-16T17:30:00+08:00,1786872600000,9952.89545950189,9952.882335082822,0,1,1
2026-08-16T18:00:00+08:00,1786874400000,9953.161081597229,9952.882335082822,0,1,1
2026-08-16T18:30:00+08:00,1786876200000,9952.841792056777,9952.842335082822,0,2,2
2026-08-16T19:00:00+08:00,1786878000000,9952.682281006788,9952.842335082822,0,2,2
2026-08-16T19:30:00+08:00,1786879800000,9952.762105428175,9952.93514613049,0,1,1
2026-08-16T20:00:00+08:00,1786881600000,9952.70888914725,9952.93514613049,0,1,1
2026-08-16T20:30:00+08:00,1786883400000,9952.89514613049,9952.93514613049,0,1,1
2026-08-16T21:00:00+08:00,1786885200000,9952.416199602158,9952.93514613049,0,1,1
2026-08-16T21:30:00+08:00,1786887000000,9952.389591461695,9952.389591461695,0,0,0
2026-08-16T22:00:00+08:00,1786888800000,9952.389591461695,9952.389591461695,0,0,0
2026-08-16T22:30:00+08:00,1786890600000,9952.389591461695,9952.389591461695,0,0,0
2026-08-16T23:00:00+08:00,1786892400000,9952.813803804096,9952.349591461694,1,0,1
2026-08-16T23:30:00+08:00,1786894200000,9952.760728820685,9952.349591461694,1,0,1
2026-08-17T00:00:00+08:00,1786896000000,9952.866301533435,9952.309591461693,2,0,2
2026-08-17T00:30:00+08:00,1786897800000,9952.601242831694,9952.309591461693,2,0,2
2026-08-17T01:00:00+08:00,1786899600000,9952.07112542821,9952.309591461693,2,0,2
2026-08-17T01:30:00+08:00,1786901400000,9951.59458895264,9952.428816411926,1,0,1
2026-08-17T02:00:00+08:00,1786903200000,9951.356320714853,9952.428816411926,1,0,1
2026-08-17T02:30:00+08:00,1786905000000,9951.276320714851,9951.316320714852,0,1,1
2026-08-17T03:00:00+08:00,1786906800000,9950.876986139392,9951.316320714852,0,1,1
2026-08-17T03:30:00+08:00,1786908600000,9950.850363834363,9950.850363834363,0,0,0
2026-08-17T04:00:00+08:00,1786910400000,9950.850363834363,9950.850363834363,0,0,0
2026-08-17T04:30:00+08:00,1786912200000,9950.850363834363,9950.850363834363,0,0,0
2026-08-17T05:00:00+08:00,1786914000000,9950.850363834363,9950.850363834363,0,0,0
2026-08-17T05:30:00+08:00,1786915800000,9950.850363834363,9950.850363834363,0,0,0
2026-08-17T06:00:00+08:00,1786917600000,9950.850363834363,9950.850363834363,0,0,0
2026-08-17T06:30:00+08:00,1786919400000,9950.850363834363,9950.850363834363,0,0,0
2026-08-17T07:00:00+08:00,1786921200000,9950.850363834363,9950.850363834363,0,0,0
2026-08-17T07:30:00+08:00,1786923000000,9950.850363834363,9950.850363834363,0,0,0
2026-08-17T08:00:00+08:00,1786924800000,9950.850363834363,9950.850363834363,0,0,0
2026-08-17T08:30:00+08:00,1786926600000,9950.850363834363,9950.850363834363,0,0,0
2026-08-17T09:00:00+08:00,1786928400000,9950.850363834363,9950.850363834363,0,0,0
2026-08-17T09:30:00+08:00,1786930200000,9950.850363834363,9950.850363834363,0,0,0
2026-08-17T10:00:00+08:00,1786932000000,9951.063443114841,9950.810363834362,1,0,1
2026-08-17T10:30:00+08:00,1786933800000,9951.809463101517,9950.810363834362,1,0,1
2026-08-17T11:00:00+08:00,1786935600000,9951.596669001361,9950.770363834361,2,0,2
2026-08-17T11:30:00+08:00,1786937400000,9951.809252562838,9950.770363834361,2,0,2
2026-08-17T12:00:00+08:00,1786939200000,9951.915544343577,9950.770363834361,2,0,2
2026-08-17T12:30:00+08:00,1786941000000,9952.021836124317,9950.770363834361,2,0,2
2026-08-17T13:00:00+08:00,1786942800000,9951.7029607821,9950.770363834361,2,0,2
2026-08-17T13:30:00+08:00,1786944600000,9951.517585797717,9951.79610667247,1,0,1
2026-08-17T14:00:00+08:00,1786946400000,9951.729604353053,9951.79610667247,1,0,1
2026-08-17T14:30:00+08:00,1786948200000,9952.710190171476,9951.79610667247,1,0,1
2026-08-17T15:00:00+08:00,1786950000000,9952.736692490893,9951.79610667247,1,0,1
2026-08-17T15:30:00+08:00,1786951800000,9952.207348338827,9951.756106672468,2,0,2
2026-08-17T16:00:00+08:00,1786953600000,9951.284548271326,9952.511176254973,1,0,1
2026-08-17T16:30:00+08:00,1786955400000,9950.836266588614,9952.511176254973,1,0,1
2026-08-17T17:00:00+08:00,1786957200000,9951.23180924983,9952.511176254973,1,0,1
2026-08-17T17:30:00+08:00,1786959000000,9951.09996169609,9952.511176254973,1,0,1
2026-08-17T18:00:00+08:00,1786960800000,9951.57461288955,9952.511176254973,1,0,1
2026-08-17T18:30:00+08:00,1786962600000,9952.181111636748,9952.511176254973,1,0,1
2026-08-17T19:00:00+08:00,1786964400000,9952.153888965773,9952.471176254972,2,0,2
2026-08-17T19:30:00+08:00,1786966200000,9951.731670333567,9952.471176254972,2,0,2
2026-08-17T20:00:00+08:00,1786968000000,9950.992251421787,9951.956525061512,1,0,1
2026-08-17T20:30:00+08:00,1786969800000,9951.07147487662,9951.956525061512,1,0,1
2026-08-17T21:00:00+08:00,1786971600000,9951.309840924365,9951.03147487662,0,1,1
2026-08-17T21:30:00+08:00,1786973400000,9950.487395301023,9951.03147487662,0,1,1
2026-08-17T22:00:00+08:00,1786975200000,9950.487395301023,9950.487395301023,0,0,0
2026-08-17T22:30:00+08:00,1786977000000,9950.487395301023,9950.487395301023,0,0,0
2026-08-17T23:00:00+08:00,1786978800000,9950.302070044241,9950.447395301022,1,0,1
2026-08-17T23:30:00+08:00,1786980600000,9950.697039757171,9950.447395301022,1,0,1
2026-08-18T00:00:00+08:00,1786982400000,9949.959296960793,9950.407395301021,2,0,2
2026-08-18T00:30:00+08:00,1786984200000,9950.169781302508,9950.407395301021,2,0,2
2026-08-18T01:00:00+08:00,1786986000000,9949.827972733514,9950.420057929412,1,0,1
2026-08-18T01:30:00+08:00,1786987800000,9949.880552275981,9950.420057929412,1,0,1
2026-08-18T02:00:00+08:00,1786989600000,9950.143449988313,9950.420057929412,1,0,1
2026-08-18T02:30:00+08:00,1786991400000,9949.854262504747,9950.420057929412,1,0,1
2026-08-18T03:00:00+08:00,1786993200000,9949.749103419814,9950.420057929412,1,0,1
2026-08-18T03:30:00+08:00,1786995000000,9949.617654563648,9950.420057929412,1,0,1
2026-08-18T04:00:00+08:00,1786996800000,9949.537769227472,9949.551364792414,0,1,1
2026-08-18T04:30:00+08:00,1786998600000,9949.03608496137,9949.551364792414,0,1,1
2026-08-18T05:00:00+08:00,1787000400000,9949.009680526311,9949.009680526311,0,0,0
2026-08-18T05:30:00+08:00,1787002200000,9949.009680526311,9949.009680526311,0,0,0
2026-08-18T06:00:00+08:00,1787004000000,9949.009680526311,9949.009680526311,0,0,0
2026-08-18T06:30:00+08:00,1787005800000,9949.009680526311,9949.009680526311,0,0,0
2026-08-18T07:00:00+08:00,1787007600000,9949.009680526311,9949.009680526311,0,0,0
2026-08-18T07:30:00+08:00,1787009400000,9949.009680526311,9949.009680526311,0,0,0
2026-08-18T08:00:00+08:00,1787011200000,9949.009680526311,9949.009680526311,0,0,0
2026-08-18T08:30:00+08:00,1787013000000,9949.009680526311,9949.009680526311,0,0,0
2026-08-18T09:00:00+08:00,1787014800000,9949.009680526311,9949.009680526311,0,0,0
2026-08-18T09:30:00+08:00,1787016600000,9949.009680526311,9949.009680526311,0,0,0
2026-08-18T10:00:00+08:00,1787018400000,9949.009680526311,9949.009680526311,0,0,0
2026-08-18T10:30:00+08:00,1787020200000,9949.009680526311,9949.009680526311,0,0,0
2026-08-18T11:00:00+08:00,1787022000000,9948.610679861858,9948.96968052631,0,1,1
2026-08-18T11:30:00+08:00,1787023800000,9948.37142936352,9948.96968052631,0,1,1
2026-08-18T12:00:00+08:00,1787025600000,9948.37142936352,9948.37142936352,0,0,0
2026-08-18T12:30:00+08:00,1787027400000,9948.37142936352,9948.37142936352,0,0,0
2026-08-18T13:00:00+08:00,1787029200000,9948.37142936352,9948.37142936352,0,0,0
2026-08-18T13:30:00+08:00,1787031000000,9948.37142936352,9948.37142936352,0,0,0
2026-08-18T14:00:00+08:00,1787032800000,9948.37142936352,9948.37142936352,0,0,0
2026-08-18T14:30:00+08:00,1787034600000,9948.396796245353,9948.33142936352,1,0,1
2026-08-18T15:00:00+08:00,1787036400000,9948.475821406728,9948.33142936352,1,0,1
2026-08-18T15:30:00+08:00,1787038200000,9948.764435613664,9948.291429363519,2,0,2
2026-08-18T16:00:00+08:00,1787040000000,9947.816570510113,9948.291429363519,2,0,2
2026-08-18T16:30:00+08:00,1787041800000,9948.5008242611,9948.146062481685,1,0,1
2026-08-18T17:00:00+08:00,1787043600000,9947.790253058152,9948.146062481685,1,0,1
2026-08-18T17:30:00+08:00,1787045400000,9947.790253058152,9947.790253058152,0,0,0
2026-08-18T18:00:00+08:00,1787047200000,9947.790253058152,9947.790253058152,0,0,0
2026-08-18T18:30:00+08:00,1787049000000,9947.790253058152,9947.790253058152,0,0,0
2026-08-18T19:00:00+08:00,1787050800000,9947.790253058152,9947.790253058152,0,0,0
2026-08-18T19:30:00+08:00,1787052600000,9947.790253058152,9947.790253058152,0,0,0
2026-08-18T20:00:00+08:00,1787054400000,9947.790253058152,9947.790253058152,0,0,0
2026-08-18T20:30:00+08:00,1787056200000,9947.790253058152,9947.790253058152,0,0,0
2026-08-18T21:00:00+08:00,1787058000000,9947.790253058152,9947.790253058152,0,0,0
2026-08-18T21:30:00+08:00,1787059800000,9947.790253058152,9947.790253058152,0,0,0
2026-08-18T22:00:00+08:00,1787061600000,9947.790253058152,9947.790253058152,0,0,0
2026-08-18T22:30:00+08:00,1787063400000,9947.790253058152,9947.790253058152,0,0,0
2026-08-18T23:00:00+08:00,1787065200000,9947.790253058152,9947.790253058152,0,0,0
2026-08-18T23:30:00+08:00,1787067000000,9947.790253058152,9947.790253058152,0,0,0
2026-08-19T00:00:00+08:00,1787068800000,9947.790253058152,9947.790253058152,0,0,0
2026-08-19T00:30:00+08:00,1787070600000,9947.790253058152,9947.790253058152,0,0,0
2026-08-19T01:00:00+08:00,1787072400000,9947.790253058152,9947.790253058152,0,0,0
2026-08-19T01:30:00+08:00,1787074200000,9947.790253058152,9947.790253058152,0,0,0
2026-08-19T02:00:00+08:00,1787076000000,9947.790253058152,9947.790253058152,0,0,0
2026-08-19T02:30:00+08:00,1787077800000,9947.790253058152,9947.790253058152,0,0,0
2026-08-19T03:00:00+08:00,1787079600000,9947.790253058152,9947.790253058152,0,0,0
2026-08-19T03:30:00+08:00,1787081400000,9947.790253058152,9947.790253058152,0,0,0
2026-08-19T04:00:00+08:00,1787083200000,9947.790253058152,9947.790253058152,0,0,0
2026-08-19T04:30:00+08:00,1787085000000,9947.790253058152,9947.790253058152,0,0,0
2026-08-19T05:00:00+08:00,1787086800000,9947.55407348756,9947.750253058151,0,1,1
2026-08-19T05:30:00+08:00,1787088600000,9947.4239238454,9947.750253058151,0,1,1
2026-08-19T06:00:00+08:00,1787090400000,9947.005771565257,9947.71025305815,0,2,2
2026-08-19T06:30:00+08:00,1787092200000,9947.578057893017,9947.71025305815,0,2,2
2026-08-19T07:00:00+08:00,1787094000000,9946.797667446068,9947.71025305815,0,2,2
2026-08-19T07:30:00+08:00,1787095800000,9946.90161802446,9947.097594632647,0,1,1
2026-08-19T08:00:00+08:00,1787097600000,9947.161579038106,9947.097594632647,0,1,1
2026-08-19T08:30:00+08:00,1787099400000,9947.341607653107,9947.057594632646,0,2,2
2026-08-19T09:00:00+08:00,1787101200000,9947.757653437107,9947.057594632646,0,2,2
2026-08-19T09:30:00+08:00,1787103000000,9947.913670606107,9947.057594632646,0,2,2
2026-08-19T10:00:00+08:00,1787104800000,9947.497624822105,9947.057594632646,0,2,2
2026-08-19T10:30:00+08:00,1787106600000,9947.65368255192,9947.32954784902,0,1,1
2026-08-19T11:00:00+08:00,1787108400000,9947.159499740841,9947.32954784902,0,1,1
2026-08-19T11:30:00+08:00,1787110200000,9947.159499740841,9947.159499740841,0,0,0
2026-08-19T12:00:00+08:00,1787112000000,9947.159499740841,9947.159499740841,0,0,0
2026-08-19T12:30:00+08:00,1787113800000,9947.159499740841,9947.159499740841,0,0,0
2026-08-19T13:00:00+08:00,1787115600000,9947.159499740841,9947.159499740841,0,0,0
2026-08-19T13:30:00+08:00,1787117400000,9947.159499740841,9947.159499740841,0,0,0
2026-08-19T14:00:00+08:00,1787119200000,9947.159499740841,9947.159499740841,0,0,0
2026-08-19T14:30:00+08:00,1787121000000,9947.159499740841,9947.159499740841,0,0,0
2026-08-19T15:00:00+08:00,1787122800000,9947.159499740841,9947.159499740841,0,0,0
2026-08-19T15:30:00+08:00,1787124600000,9947.159499740841,9947.159499740841,0,0,0
2026-08-19T16:00:00+08:00,1787126400000,9947.159499740841,9947.159499740841,0,0,0
2026-08-19T16:30:00+08:00,1787128200000,9947.159499740841,9947.159499740841,0,0,0
2026-08-19T17:00:00+08:00,1787130000000,9946.924351674113,9947.11949974084,1,0,1
2026-08-19T17:30:00+08:00,1787131800000,9946.950209685234,9947.11949974084,1,0,1
2026-08-19T18:00:00+08:00,1787133600000,9946.533935068495,9947.07949974084,2,0,2
2026-08-19T18:30:00+08:00,1787135400000,9946.896208247212,9946.755061618507,1,0,1
2026-08-19T19:00:00+08:00,1787137200000,9947.413770043511,9946.755061618507,1,0,1
2026-08-19T19:30:00+08:00,1787139000000,9947.12710576266,9946.715061618506,2,0,2
2026-08-19T20:00:00+08:00,1787140800000,9946.920441481812,9946.715061618506,2,0,2
2026-08-19T20:30:00+08:00,1787142600000,9949.267237807377,9947.192623414805,1,0,1
2026-08-19T21:00:00+08:00,1787144400000,9949.576693572144,9947.192623414805,1,0,1
2026-08-19T21:30:00+08:00,1787146200000,9948.881488571902,9947.152623414804,2,0,2
2026-08-19T22:00:00+08:00,1787148000000,9949.547960655495,9947.152623414804,2,0,2
2026-08-19T22:30:00+08:00,1787149800000,9958.288239990608,9952.34065079591,1,0,1
2026-08-19T23:00:00+08:00,1787151600000,9958.313719093565,9958.313719093565,0,0,0
2026-08-19T23:30:00+08:00,1787153400000,9958.313719093565,9958.313719093565,0,0,0
2026-08-20T00:00:00+08:00,1787155200000,9958.313719093565,9958.313719093565,0,0,0
2026-08-20T00:30:00+08:00,1787157000000,9958.313719093565,9958.313719093565,0,0,0
2026-08-20T01:00:00+08:00,1787158800000,9958.313719093565,9958.313719093565,0,0,0
2026-08-20T01:30:00+08:00,1787160600000,9958.313719093565,9958.313719093565,0,0,0
2026-08-20T02:00:00+08:00,1787162400000,9958.313719093565,9958.313719093565,0,0,0
2026-08-20T02:30:00+08:00,1787164200000,9958.313719093565,9958.313719093565,0,0,0
2026-08-20T03:00:00+08:00,1787166000000,9958.313719093565,9958.313719093565,0,0,0
2026-08-20T03:30:00+08:00,1787167800000,9958.313719093565,9958.313719093565,0,0,0
2026-08-20T04:00:00+08:00,1787169600000,9958.313719093565,9958.313719093565,0,0,0
2026-08-20T04:30:00+08:00,1787171400000,9958.313719093565,9958.313719093565,0,0,0
2026-08-20T05:00:00+08:00,1787173200000,9958.313719093565,9958.313719093565,0,0,0
2026-08-20T05:30:00+08:00,1787175000000,9958.313719093565,9958.313719093565,0,0,0
2026-08-20T06:00:00+08:00,1787176800000,9958.313719093565,9958.313719093565,0,0,0
2026-08-20T06:30:00+08:00,1787178600000,9958.313719093565,9958.313719093565,0,0,0
2026-08-20T07:00:00+08:00,1787180400000,9958.313719093565,9958.313719093565,0,0,0
2026-08-20T07:30:00+08:00,1787182200000,9958.313719093565,9958.313719093565,0,0,0
2026-08-20T08:00:00+08:00,1787184000000,9958.313719093565,9958.313719093565,0,0,0
2026-08-20T08:30:00+08:00,1787185800000,9958.313719093565,9958.313719093565,0,0,0
2026-08-20T09:00:00+08:00,1787187600000,9958.313719093565,9958.313719093565,0,0,0
2026-08-20T09:30:00+08:00,1787189400000,9958.313719093565,9958.313719093565,0,0,0
2026-08-20T10:00:00+08:00,1787191200000,9958.936847388819,9958.273719093564,0,1,1
2026-08-20T10:30:00+08:00,1787193000000,9959.616538074231,9958.273719093564,0,1,1
2026-08-20T11:00:00+08:00,1787194800000,9961.817950867984,9958.233719093563,0,2,2
2026-08-20T11:30:00+08:00,1787196600000,9960.830086725022,9958.233719093563,0,2,2
2026-08-20T12:00:00+08:00,1787198400000,9960.5948809767,9958.233719093563,0,2,2
2026-08-20T12:30:00+08:00,1787200200000,9959.230687636418,9958.233719093563,0,2,2
2026-08-20T13:00:00+08:00,1787202000000,9959.065462857658,9959.43591241518,0,1,1
2026-08-20T13:30:00+08:00,1787203800000,9958.971048698366,9959.43591241518,0,1,1
2026-08-20T14:00:00+08:00,1787205600000,9957.790871707215,9959.43591241518,0,1,1
2026-08-20T14:30:00+08:00,1787207400000,9956.728712415179,9959.43591241518,0,1,1
2026-08-20T15:00:00+08:00,1787209200000,9956.445469937304,9959.43591241518,0,1,1
2026-08-20T15:30:00+08:00,1787211000000,9956.11502037978,9959.43591241518,0,1,1
2026-08-20T16:00:00+08:00,1787212800000,9952.857731884205,9959.43591241518,0,1,1
2026-08-20T16:30:00+08:00,1787214600000,9952.928542503676,9959.43591241518,0,1,1
2026-08-20T17:00:00+08:00,1787216400000,9952.847791535281,9952.864938963852,1,0,1
2026-08-20T17:30:00+08:00,1787218200000,9952.413592678138,9952.864938963852,1,0,1
2026-08-20T18:00:00+08:00,1787220000000,9952.39074010671,9952.39074010671,0,0,0
2026-08-20T18:30:00+08:00,1787221800000,9952.39074010671,9952.39074010671,0,0,0
2026-08-20T19:00:00+08:00,1787223600000,9952.39074010671,9952.39074010671,0,0,0
2026-08-20T19:30:00+08:00,1787225400000,9952.241871619217,9952.350740106709,0,1,1
2026-08-20T20:00:00+08:00,1787227200000,9952.838731844144,9952.350740106709,0,1,1
2026-08-20T20:30:00+08:00,1787229000000,9952.13816011129,9952.310740106708,0,2,2
2026-08-20T21:00:00+08:00,1787230800000,9952.322041825246,9952.310740106708,0,2,2
2026-08-20T21:30:00+08:00,1787232600000,9954.482651964221,9952.310740106708,0,2,2
2026-08-20T22:00:00+08:00,1787234400000,9955.67788310493,9952.310740106708,0,2,2
2026-08-20T22:30:00+08:00,1787236200000,9954.252799821777,9952.310740106708,0,2,2
2026-08-20T23:00:00+08:00,1787238000000,9952.322041825246,9952.310740106708,0,2,2
2026-08-20T23:30:00+08:00,1787239800000,9951.562629151014,9952.546214056674,0,1,1
2026-08-21T00:00:00+08:00,1787241600000,9952.137985800808,9952.546214056674,0,1,1
2026-08-21T00:30:00+08:00,1787243400000,9950.642058511345,9952.546214056674,0,1,1
2026-08-21T01:00:00+08:00,1787245200000,9950.987272501221,9952.546214056674,0,1,1
2026-08-21T01:30:00+08:00,1787247000000,9951.286457959113,9952.546214056674,0,1,1
2026-08-21T02:00:00+08:00,1787248800000,9951.930857406882,9952.546214056674,0,1,1
2026-08-21T02:30:00+08:00,1787250600000,9952.759370982583,9952.546214056674,0,1,1
2026-08-21T03:00:00+08:00,1787252400000,9950.698890133352,9952.506214056673,0,2,2
2026-08-21T03:30:00+08:00,1787254200000,9950.606745582829,9951.706743278946,0,1,1
2026-08-21T04:00:00+08:00,1787256000000,9950.353267872888,9951.706743278946,0,1,1
2026-08-21T04:30:00+08:00,1787257800000,9949.961529593887,9951.706743278946,0,1,1
2026-08-21T05:00:00+08:00,1787259600000,9950.238050732005,9951.706743278946,0,1,1
2026-08-21T05:30:00+08:00,1787261400000,9950.168920447475,9951.706743278946,0,1,1
2026-08-21T06:00:00+08:00,1787263200000,9950.215007303828,9951.706743278946,0,1,1
2026-08-21T06:30:00+08:00,1787265000000,9950.768049580063,9951.706743278946,0,1,1
2026-08-21T07:00:00+08:00,1787266800000,9949.385443889476,9951.706743278946,0,1,1
2026-08-21T07:30:00+08:00,1787268600000,9949.3624004613,9949.3624004613,0,0,0
2026-08-21T08:00:00+08:00,1787270400000,9949.3624004613,9949.3624004613,0,0,0
2026-08-21T08:30:00+08:00,1787272200000,9949.3624004613,9949.3624004613,0,0,0
2026-08-21T09:00:00+08:00,1787274000000,9949.3624004613,9949.3624004613,0,0,0
2026-08-21T09:30:00+08:00,1787275800000,9950.708261242284,9949.322400461298,1,0,1
2026-08-21T10:00:00+08:00,1787277600000,9951.613569674655,9949.322400461298,1,0,1
2026-08-21T10:30:00+08:00,1787279400000,9950.791166628363,9949.282400461298,2,0,2
2026-08-21T11:00:00+08:00,1787281200000,9951.331191868669,9949.282400461298,2,0,2
2026-08-21T11:30:00+08:00,1787283000000,9950.116135077982,9949.282400461298,2,0,2
2026-08-21T12:00:00+08:00,1787284800000,9949.803226900549,9950.894588350375,1,0,1
2026-08-21T12:30:00+08:00,1787286600000,9950.966435313123,9950.894588350375,1,0,1
2026-08-21T13:00:00+08:00,1787288400000,9951.324345593914,9950.894588350375,1,0,1
2026-08-21T13:30:00+08:00,1787290200000,9954.819254140732,9950.854588350374,2,0,2
2026-08-21T14:00:00+08:00,1787292000000,9955.97271292612,9955.053083461833,1,0,1
2026-08-21T14:30:00+08:00,1787293800000,9955.97271292612,9955.97271292612,0,0,0
2026-08-21T15:00:00+08:00,1787295600000,9955.97271292612,9955.97271292612,0,0,0
2026-08-21T15:30:00+08:00,1787297400000,9955.97271292612,9955.97271292612,0,0,0
2026-08-21T16:00:00+08:00,1787299200000,9955.97271292612,9955.97271292612,0,0,0
2026-08-21T16:30:00+08:00,1787301000000,9955.97271292612,9955.97271292612,0,0,0
2026-08-21T17:00:00+08:00,1787302800000,9955.97271292612,9955.97271292612,0,0,0
2026-08-21T17:30:00+08:00,1787304600000,9955.97271292612,9955.97271292612,0,0,0
2026-08-21T18:00:00+08:00,1787306400000,9955.97271292612,9955.97271292612,0,0,0
2026-08-21T18:30:00+08:00,1787308200000,9955.97271292612,9955.97271292612,0,0,0
2026-08-21T19:00:00+08:00,1787310000000,9955.97271292612,9955.97271292612,0,0,0
2026-08-21T19:30:00+08:00,1787311800000,9955.97271292612,9955.97271292612,0,0,0
2026-08-21T20:00:00+08:00,1787313600000,9955.892712926117,9955.932712926118,0,1,1
2026-08-21T20:30:00+08:00,1787315400000,9954.652154786583,9955.932712926118,0,1,1
2026-08-21T21:00:00+08:00,1787317200000,9955.146353251894,9955.892712926117,0,2,2
2026-08-21T21:30:00+08:00,1787319000000,9953.732941644974,9955.892712926117,0,2,2
2026-08-21T22:00:00+08:00,1787320800000,9953.226703537792,9954.213403956017,0,1,1
2026-08-21T22:30:00+08:00,1787322600000,9951.971775076421,9954.213403956017,0,1,1
2026-08-21T23:00:00+08:00,1787324400000,9952.654280029097,9954.213403956017,0,1,1
2026-08-21T23:30:00+08:00,1787326200000,9953.116622093812,9954.213403956017,0,1,1
2026-08-22T00:00:00+08:00,1787328000000,9952.808394050668,9954.213403956017,0,1,1
2026-08-22T00:30:00+08:00,1787329800000,9952.26756802726,9954.173403956016,0,2,2
2026-08-22T01:00:00+08:00,1787331600000,9952.31114579246,9952.504198585115,0,1,1
2026-08-22T01:30:00+08:00,1787333400000,9951.808258045165,9952.504198585115,0,1,1
2026-08-22T02:00:00+08:00,1787335200000,9951.808258045165,9951.808258045165,0,0,0
2026-08-22T02:30:00+08:00,1787337000000,9951.808258045165,9951.808258045165,0,0,0
2026-08-22T03:00:00+08:00,1787338800000,9951.808258045165,9951.808258045165,0,0,0
2026-08-22T03:30:00+08:00,1787340600000,9951.808258045165,9951.808258045165,0,0,0
2026-08-22T04:00:00+08:00,1787342400000,9951.808258045165,9951.808258045165,0,0,0
2026-08-22T04:30:00+08:00,1787344200000,9951.808258045165,9951.808258045165,0,0,0
2026-08-22T05:00:00+08:00,1787346000000,9951.808258045165,9951.808258045165,0,0,0
2026-08-22T05:30:00+08:00,1787347800000,9951.808258045165,9951.808258045165,0,0,0
2026-08-22T06:00:00+08:00,1787349600000,9952.688373282039,9951.768258045164,1,0,1
2026-08-22T06:30:00+08:00,1787351400000,9952.944404011872,9951.768258045164,1,0,1
2026-08-22T07:00:00+08:00,1787353200000,9953.311145507148,9951.728258045163,2,0,2
2026-08-22T07:30:00+08:00,1787355000000,9950.333306299275,9951.728258045163,2,0,2
2026-08-22T08:00:00+08:00,1787356800000,9950.248618863629,9951.66692215101,1,0,1
2026-08-22T08:30:00+08:00,1787358600000,9950.736326180702,9951.66692215101,1,0,1
2026-08-22T09:00:00+08:00,1787360400000,9951.011986838177,9951.66692215101,1,0,1
2026-08-22T09:30:00+08:00,1787362200000,9950.248618863629,9951.66692215101,1,0,1
2026-08-22T10:00:00+08:00,1787364000000,9952.708360114953,9951.66692215101,1,0,1
2026-08-22T10:30:00+08:00,1787365800000,9954.42593805769,9951.66692215101,1,0,1
2026-08-22T11:00:00+08:00,1787367600000,9959.494043846706,9957.003698730621,1,0,1
2026-08-22T11:30:00+08:00,1787369400000,9960.96289873062,9960.96289873062,0,0,0
2026-08-22T12:00:00+08:00,1787371200000,9960.96289873062,9960.96289873062,0,0,0
2026-08-22T12:30:00+08:00,1787373000000,9960.96289873062,9960.96289873062,0,0,0
2026-08-22T13:00:00+08:00,1787374800000,9960.96289873062,9960.96289873062,0,0,0
2026-08-22T13:30:00+08:00,1787376600000,9960.96289873062,9960.96289873062,0,0,0
2026-08-22T14:00:00+08:00,1787378400000,9960.96289873062,9960.96289873062,0,0,0
2026-08-22T14:30:00+08:00,1787380200000,9960.030576617284,9960.92289873062,0,1,1
2026-08-22T15:00:00+08:00,1787382000000,9958.496396813278,9960.92289873062,0,1,1
2026-08-22T15:30:00+08:00,1787383800000,9960.725528896923,9960.882898730619,0,2,2
2026-08-22T16:00:00+08:00,1787385600000,9963.648859602961,9960.882898730619,0,2,2
2026-08-22T16:30:00+08:00,1787387400000,9962.293112029147,9960.882898730619,0,2,2
2026-08-22T17:00:00+08:00,1787389200000,9961.445769795513,9960.882898730619,0,2,2
2026-08-22T17:30:00+08:00,1787391000000,9962.246014031747,9959.990576617283,0,1,1
2026-08-22T18:00:00+08:00,1787392800000,9963.951376617284,9963.951376617284,0,0,0
2026-08-22T18:30:00+08:00,1787394600000,9963.951376617284,9963.951376617284,0,0,0
2026-08-22T19:00:00+08:00,1787396400000,9963.951376617284,9963.951376617284,0,0,0
2026-08-22T19:30:00+08:00,1787398200000,9963.951376617284,9963.951376617284,0,0,0
2026-08-22T20:00:00+08:00,1787400000000,9963.951376617284,9963.951376617284,0,0,0
2026-08-22T20:30:00+08:00,1787401800000,9963.951376617284,9963.951376617284,0,0,0
2026-08-22T21:00:00+08:00,1787403600000,9963.951376617284,9963.951376617284,0,0,0
2026-08-22T21:30:00+08:00,1787405400000,9963.951376617284,9963.951376617284,0,0,0
2026-08-22T22:00:00+08:00,1787407200000,9963.951376617284,9963.951376617284,0,0,0
2026-08-22T22:30:00+08:00,1787409000000,9963.951376617284,9963.951376617284,0,0,0
2026-08-22T23:00:00+08:00,1787410800000,9963.951376617284,9963.951376617284,0,0,0
2026-08-22T23:30:00+08:00,1787412600000,9964.278921116533,9963.911376617283,0,1,1
2026-08-23T00:00:00+08:00,1787414400000,9962.520044856614,9963.911376617283,0,1,1
2026-08-23T00:30:00+08:00,1787416200000,9962.520044856614,9962.520044856614,0,0,0
2026-08-23T01:00:00+08:00,1787418000000,9961.401346669398,9962.480044856613,1,0,1
2026-08-23T01:30:00+08:00,1787419800000,9962.312857323484,9962.480044856613,1,0,1
2026-08-23T02:00:00+08:00,1787421600000,9962.567232389742,9962.480044856613,1,0,1
2026-08-23T02:30:00+08:00,1787423400000,9962.715617845059,9962.480044856613,1,0,1
2026-08-23T03:00:00+08:00,1787425200000,9962.609628234117,9962.480044856613,1,0,1
2026-08-23T03:30:00+08:00,1787427000000,9962.826273407683,9962.440044856612,2,0,2
2026-08-23T04:00:00+08:00,1787428800000,9962.826273407683,9962.440044856612,2,0,2
2026-08-23T04:30:00+08:00,1787430600000,9962.402494588303,9962.440044856612,2,0,2
2026-08-23T05:00:00+08:00,1787432400000,9961.216434804739,9962.52723238974,1,0,1
2026-08-23T05:30:00+08:00,1787434200000,9959.119618789486,9962.52723238974,1,0,1
2026-08-23T06:00:00+08:00,1787436000000,9956.669084234325,9959.058438829736,0,1,1
2026-08-23T06:30:00+08:00,1787437800000,9956.69063794621,9956.69063794621,0,0,0
2026-08-23T07:00:00+08:00,1787439600000,9956.69063794621,9956.69063794621,0,0,0
2026-08-23T07:30:00+08:00,1787441400000,9956.140458459031,9956.65063794621,0,1,1
2026-08-23T08:00:00+08:00,1787443200000,9956.140458459031,9956.140458459031,0,0,0
2026-08-23T08:30:00+08:00,1787445000000,9960.05965845903,9960.05965845903,0,0,0
2026-08-23T09:00:00+08:00,1787446800000,9959.419313881966,9960.019658459029,1,0,1
2026-08-23T09:30:00+08:00,1787448600000,9959.232532356278,9960.019658459029,1,0,1
2026-08-23T10:00:00+08:00,1787450400000,9952.894302761484,9959.979658459028,2,0,2
2026-08-23T10:30:00+08:00,1787452200000,9953.769052097672,9956.100260431005,1,0,1
2026-08-23T11:00:00+08:00,1787454000000,9952.352668764339,9956.100260431005,1,0,1
2026-08-23T11:30:00+08:00,1787455800000,9951.332039597672,9956.100260431005,1,0,1
2026-08-23T12:00:00+08:00,1787457600000,9951.487343593617,9951.271210431005,0,1,1
2026-08-23T12:30:00+08:00,1787459400000,9953.707164336254,9951.271210431005,0,1,1
2026-08-23T13:00:00+08:00,1787461200000,9951.629450205884,9951.231210431004,0,2,2
2026-08-23T13:30:00+08:00,1787463000000,9954.722476085934,9951.231210431004,0,2,2
2026-08-23T14:00:00+08:00,1787464800000,9954.679517393153,9951.231210431004,0,2,2
2026-08-23T14:30:00+08:00,1787466600000,9954.937269549824,9951.231210431004,0,2,2
2026-08-23T15:00:00+08:00,1787468400000,9952.875252296459,9951.231210431004,0,2,2
2026-08-23T15:30:00+08:00,1787470200000,9953.458567553258,9953.325653452772,0,1,1
2026-08-23T16:00:00+08:00,1787472000000,9952.550768525705,9953.325653452772,0,1,1
2026-08-23T16:30:00+08:00,1787473800000,9951.902340648881,9953.325653452772,0,1,1
2026-08-23T17:00:00+08:00,1787475600000,9951.772655073517,9953.325653452772,0,1,1
2026-08-23T17:30:00+08:00,1787477400000,9951.621355235591,9953.325653452772,0,1,1
2026-08-23T18:00:00+08:00,1787479200000,9950.800013258282,9953.325653452772,0,1,1
2026-08-23T18:30:00+08:00,1787481000000,9950.592228438763,9950.781627520842,1,0,1
2026-08-23T19:00:00+08:00,1787482800000,9952.064876533545,9950.781627520842,1,0,1
2026-08-23T19:30:00+08:00,1787484600000,9953.218685697086,9950.741627520842,2,0,2
2026-08-23T20:00:00+08:00,1787486400000,9952.708143974241,9950.741627520842,2,0,2
2026-08-23T20:30:00+08:00,1787488200000,9953.048505122804,9950.741627520842,2,0,2
2026-08-23T21:00:00+08:00,1787490000000,9955.005581727042,9950.741627520842,2,0,2
2026-08-23T21:30:00+08:00,1787491800000,9956.494661752007,9950.741627520842,2,0,2
2026-08-23T22:00:00+08:00,1787493600000,9956.452116608438,9950.741627520842,2,0,2
2026-08-23T22:30:00+08:00,1787495400000,9955.005581727042,9950.741627520842,2,0,2
2026-08-23T23:00:00+08:00,1787497200000,9955.896223572978,9953.561552806357,1,0,1
2026-08-23T23:30:00+08:00,1787499000000,9955.662996979827,9953.561552806357,1,0,1
2026-08-24T00:00:00+08:00,1787500800000,9955.8326163203,9953.561552806357,1,0,1
2026-08-24T00:30:00+08:00,1787502600000,9955.790211485182,9953.561552806357,1,0,1
2026-08-24T01:00:00+08:00,1787504400000,9955.302555881322,9953.561552806357,1,0,1
2026-08-24T01:30:00+08:00,1787506200000,9955.154138958409,9953.561552806357,1,0,1
2026-08-24T02:00:00+08:00,1787508000000,9955.705401814947,9953.561552806357,1,0,1
2026-08-24T02:30:00+08:00,1787509800000,9955.556984892031,9953.561552806357,1,0,1
2026-08-24T03:00:00+08:00,1787511600000,9955.048126870613,9953.561552806357,1,0,1
2026-08-24T03:30:00+08:00,1787513400000,9955.069329288173,9953.561552806357,1,0,1
2026-08-24T04:00:00+08:00,1787515200000,9954.610662163384,9955.05053170573,0,1,1
2026-08-24T04:30:00+08:00,1787517000000,9955.031577471116,9955.05053170573,0,1,1
2026-08-24T05:00:00+08:00,1787518800000,9950.531734226732,9955.01053170573,0,2,2
2026-08-24T05:30:00+08:00,1787520600000,9948.87020024817,9950.49173422673,1,0,1
2026-08-24T06:00:00+08:00,1787522400000,9948.87020024817,9948.87020024817,0,0,0
2026-08-24T06:30:00+08:00,1787524200000,9948.87020024817,9948.87020024817,0,0,0
2026-08-24T07:00:00+08:00,1787526000000,9948.87020024817,9948.87020024817,0,0,0
2026-08-24T07:30:00+08:00,1787527800000,9948.853072956394,9948.830200248169,0,1,1
2026-08-24T08:00:00+08:00,1787529600000,9950.802126911343,9948.830200248169,0,1,1
2026-08-24T08:30:00+08:00,1787531400000,9946.320083710796,9948.790200248168,0,2,2
2026-08-24T09:00:00+08:00,1787533200000,9948.5850868854,9948.561582123495,0,1,1
2026-08-24T09:30:00+08:00,1787535000000,9949.9186868854,9948.561582123495,0,1,1
2026-08-24T10:00:00+08:00,1787536800000,9945.97251643925,9948.521582123494,0,2,2
2026-08-24T10:30:00+08:00,1787538600000,9946.35637376073,9947.93120752032,0,1,1
2026-08-24T11:00:00+08:00,1787540400000,9948.104378875818,9947.93120752032,0,1,1
2026-08-24T11:30:00+08:00,1787542200000,9948.493606005653,9947.891207520319,0,2,2
2026-08-24T12:00:00+08:00,1787544000000,9945.76355725024,9947.891207520319,0,2,2
2026-08-24T12:30:00+08:00,1787545800000,9945.891619248465,9946.913253556124,0,1,1
2026-08-24T13:00:00+08:00,1787547600000,9946.275737021027,9946.913253556124,0,1,1
2026-08-24T13:30:00+08:00,1787549400000,9945.784919867197,9946.913253556124,0,1,1
2026-08-24T14:00:00+08:00,1787551200000,9945.827599619704,9946.913253556124,0,1,1
2026-08-24T14:30:00+08:00,1787553000000,9945.1874033321,9946.913253556124,0,1,1
2026-08-24T15:00:00+08:00,1787554800000,9945.699560362184,9946.913253556124,0,1,1
2026-08-24T15:30:00+08:00,1787556600000,9946.126357887253,9946.913253556124,0,1,1
2026-08-24T16:00:00+08:00,1787558400000,9947.684168853755,9946.913253556124,0,1,1
2026-08-24T16:30:00+08:00,1787560200000,9946.510475659816,9946.913253556124,0,1,1
2026-08-24T17:00:00+08:00,1787562000000,9946.53181553607,9946.53181553607,0,0,0
2026-08-24T17:30:00+08:00,1787563800000,9946.53181553607,9946.53181553607,0,0,0
2026-08-24T18:00:00+08:00,1787565600000,9946.768709355403,9946.491815536068,1,0,1
2026-08-24T18:30:00+08:00,1787567400000,9946.55744680918,9946.491815536068,1,0,1
2026-08-24T19:00:00+08:00,1787569200000,9947.237791198082,9946.451815536067,2,0,2
2026-08-24T19:30:00+08:00,1787571000000,9951.208478562357,9946.451815536067,2,0,2
2026-08-24T20:00:00+08:00,1787572800000,9949.476583009853,9946.451815536067,2,0,2
2026-08-24T20:30:00+08:00,1787574600000,9953.676598708646,9950.46487325986,1,0,1
2026-08-24T21:00:00+08:00,1787576400000,9953.25429670231,9950.46487325986,1,0,1
2026-08-24T21:30:00+08:00,1787578200000,9951.037211169047,9950.46487325986,1,0,1
2026-08-24T22:00:00+08:00,1787580000000,9951.037211169047,9951.037211169047,0,0,0
2026-08-24T22:30:00+08:00,1787581800000,9951.037211169047,9951.037211169047,0,0,0
2026-08-24T23:00:00+08:00,1787583600000,9951.037211169047,9951.037211169047,0,0,0
2026-08-24T23:30:00+08:00,1787585400000,9951.037211169047,9951.037211169047,0,0,0
2026-08-25T00:00:00+08:00,1787587200000,9951.037211169047,9951.037211169047,0,0,0
2026-08-25T00:30:00+08:00,1787589000000,9951.037211169047,9951.037211169047,0,0,0
2026-08-25T01:00:00+08:00,1787590800000,9951.037211169047,9951.037211169047,0,0,0
2026-08-25T01:30:00+08:00,1787592600000,9951.037211169047,9951.037211169047,0,0,0
2026-08-25T02:00:00+08:00,1787594400000,9949.090031305386,9950.997211169046,0,1,1
2026-08-25T02:30:00+08:00,1787596200000,9948.241274031903,9949.050031305385,1,0,1
2026-08-25T03:00:00+08:00,1787598000000,9948.11954252048,9948.201274031902,0,1,1
2026-08-25T03:30:00+08:00,1787599800000,9946.867597177828,9948.201274031902,0,1,1
2026-08-25T04:00:00+08:00,1787601600000,9945.544193716329,9946.827597177828,1,0,1
2026-08-25T04:30:00+08:00,1787603400000,9944.212509494824,9945.504193716328,0,1,1
2026-08-25T05:00:00+08:00,1787605200000,9944.588424097372,9944.172509494823,1,0,1
2026-08-25T05:30:00+08:00,1787607000000,9946.101231642197,9944.172509494823,1,0,1
2026-08-25T06:00:00+08:00,1787608800000,9946.186210592174,9944.132509494822,2,0,2
2026-08-25T06:30:00+08:00,1787610600000,9945.856252692218,9944.132509494822,2,0,2
2026-08-25T07:00:00+08:00,1787612400000,9949.032097479301,9944.132509494822,2,0,2
2026-08-25T07:30:00+08:00,1787614200000,9952.129041254364,9949.090839283921,1,0,1
2026-08-25T08:00:00+08:00,1787616000000,9953.05003928392,9953.05003928392,0,0,0
2026-08-25T08:30:00+08:00,1787617800000,9953.05003928392,9953.05003928392,0,0,0
2026-08-25T09:00:00+08:00,1787619600000,9953.05003928392,9953.05003928392,0,0,0
2026-08-25T09:30:00+08:00,1787621400000,9953.05003928392,9953.05003928392,0,0,0
2026-08-25T10:00:00+08:00,1787623200000,9953.05003928392,9953.05003928392,0,0,0
2026-08-25T10:30:00+08:00,1787625000000,9953.05003928392,9953.05003928392,0,0,0
2026-08-25T11:00:00+08:00,1787626800000,9953.05003928392,9953.05003928392,0,0,0
2026-08-25T11:30:00+08:00,1787628600000,9953.05003928392,9953.05003928392,0,0,0
2026-08-25T12:00:00+08:00,1787630400000,9953.05003928392,9953.05003928392,0,0,0
2026-08-25T12:30:00+08:00,1787632200000,9953.05003928392,9953.05003928392,0,0,0
2026-08-25T13:00:00+08:00,1787634000000,9953.05003928392,9953.05003928392,0,0,0
2026-08-25T13:30:00+08:00,1787635800000,9953.05003928392,9953.05003928392,0,0,0
2026-08-25T14:00:00+08:00,1787637600000,9953.05003928392,9953.05003928392,0,0,0
2026-08-25T14:30:00+08:00,1787639400000,9953.05003928392,9953.05003928392,0,0,0
2026-08-25T15:00:00+08:00,1787641200000,9951.22279164124,9953.01003928392,0,1,1
2026-08-25T15:30:00+08:00,1787643000000,9954.042213973746,9953.01003928392,0,1,1
2026-08-25T16:00:00+08:00,1787644800000,9950.816657821713,9952.970039283919,0,2,2
2026-08-25T16:30:00+08:00,1787646600000,9953.325139310042,9952.970039283919,0,2,2
2026-08-25T17:00:00+08:00,1787648400000,9954.320568472078,9952.970039283919,0,2,2
2026-08-25T17:30:00+08:00,1787650200000,9955.674352132444,9952.970039283919,0,2,2
2026-08-25T18:00:00+08:00,1787652000000,9956.629964127998,9952.970039283919,0,2,2
2026-08-25T18:30:00+08:00,1787653800000,9956.351243962628,9952.970039283919,0,2,2
2026-08-25T19:00:00+08:00,1787655600000,9960.132459422892,9957.457616592836,0,1,1
2026-08-25T19:30:00+08:00,1787657400000,9960.671435572976,9957.457616592836,0,1,1
2026-08-25T20:00:00+08:00,1787659200000,9961.418416592836,9961.418416592836,0,0,0
2026-08-25T20:30:00+08:00,1787661000000,9961.418416592836,9961.418416592836,0,0,0
2026-08-25T21:00:00+08:00,1787662800000,9961.418416592836,9961.418416592836,0,0,0
2026-08-25T21:30:00+08:00,1787664600000,9960.966978589948,9961.378416592835,0,1,1
2026-08-25T22:00:00+08:00,1787666400000,9957.36142424771,9961.338416592835,0,2,2
2026-08-25T22:30:00+08:00,1787668200000,9956.990672605507,9959.193601243134,0,1,1
2026-08-25T23:00:00+08:00,1787670000000,9957.505655614466,9959.193601243134,0,1,1
2026-08-25T23:30:00+08:00,1787671800000,9956.640484159414,9959.193601243134,0,1,1
2026-08-26T00:00:00+08:00,1787673600000,9957.299662410882,9959.193601243134,0,1,1
2026-08-26T00:30:00+08:00,1787675400000,9957.031871246223,9959.193601243134,0,1,1
2026-08-26T01:00:00+08:00,1787677200000,9958.20603250665,9959.193601243134,0,1,1
2026-08-26T01:30:00+08:00,1787679000000,9957.011271925865,9959.193601243134,0,1,1
2026-08-26T02:00:00+08:00,1787680800000,9955.96070658759,9959.193601243134,0,1,1
2026-08-26T02:30:00+08:00,1787682600000,9956.413891635473,9959.193601243134,0,1,1
2026-08-26T03:00:00+08:00,1787684400000,9957.691049497691,9959.193601243134,0,1,1
2026-08-26T03:30:00+08:00,1787686200000,9957.56745357554,9959.193601243134,0,1,1
2026-08-26T04:00:00+08:00,1787688000000,9957.546854255183,9957.546854255183,0,0,0
2026-08-26T04:30:00+08:00,1787689800000,9957.546854255183,9957.546854255183,0,0,0
2026-08-26T05:00:00+08:00,1787691600000,9957.546854255183,9957.546854255183,0,0,0
2026-08-26T05:30:00+08:00,1787693400000,9957.546854255183,9957.546854255183,0,0,0
2026-08-26T06:00:00+08:00,1787695200000,9957.546854255183,9957.546854255183,0,0,0
2026-08-26T06:30:00+08:00,1787697000000,9957.546854255183,9957.546854255183,0,0,0
2026-08-26T07:00:00+08:00,1787698800000,9957.546854255183,9957.546854255183,0,0,0
2026-08-26T07:30:00+08:00,1787700600000,9957.546854255183,9957.546854255183,0,0,0
2026-08-26T08:00:00+08:00,1787702400000,9957.546854255183,9957.546854255183,0,0,0
2026-08-26T08:30:00+08:00,1787704200000,9957.546854255183,9957.546854255183,0,0,0
2026-08-26T09:00:00+08:00,1787706000000,9957.546854255183,9957.546854255183,0,0,0
2026-08-26T09:30:00+08:00,1787707800000,9957.546854255183,9957.546854255183,0,0,0
2026-08-26T10:00:00+08:00,1787709600000,9957.546854255183,9957.546854255183,0,0,0
2026-08-26T10:30:00+08:00,1787711400000,9956.953978498539,9957.506854255182,1,0,1
2026-08-26T11:00:00+08:00,1787713200000,9956.56419292349,9957.506854255182,1,0,1
2026-08-26T11:30:00+08:00,1787715000000,9956.401946744232,9957.46685425518,2,0,2
2026-08-26T12:00:00+08:00,1787716800000,9956.566439102746,9957.46685425518,2,0,2
2026-08-26T12:30:00+08:00,1787718600000,9954.592530800563,9957.46685425518,2,0,2
2026-08-26T13:00:00+08:00,1787720400000,9954.984083928462,9955.580501531265,1,0,1
2026-08-26T13:30:00+08:00,1787722200000,9955.49928541254,9955.580501531265,1,0,1
2026-08-26T14:00:00+08:00,1787724000000,9954.798611394195,9955.580501531265,1,0,1
2026-08-26T14:30:00+08:00,1787725800000,9954.798611394195,9954.798611394195,0,0,0
2026-08-26T15:00:00+08:00,1787727600000,9954.798611394195,9954.798611394195,0,0,0
2026-08-26T15:30:00+08:00,1787729400000,9954.798611394195,9954.798611394195,0,0,0
2026-08-26T16:00:00+08:00,1787731200000,9954.798611394195,9954.798611394195,0,0,0
2026-08-26T16:30:00+08:00,1787733000000,9954.798611394195,9954.798611394195,0,0,0
2026-08-26T17:00:00+08:00,1787734800000,9954.798611394195,9954.798611394195,0,0,0
2026-08-26T17:30:00+08:00,1787736600000,9954.798611394195,9954.798611394195,0,0,0
2026-08-26T18:00:00+08:00,1787738400000,9953.657225626404,9954.758611394194,0,1,1
2026-08-26T18:30:00+08:00,1787740200000,9955.191308209452,9953.617225626404,1,0,1
2026-08-26T19:00:00+08:00,1787742000000,9954.798134246916,9953.617225626404,1,0,1
2026-08-26T19:30:00+08:00,1787743800000,9953.727866626374,9953.577225626403,2,0,2
2026-08-26T20:00:00+08:00,1787745600000,9955.708401867454,9953.577225626403,2,0,2
2026-08-26T20:30:00+08:00,1787747400000,9953.645344324661,9953.577225626403,2,0,2
2026-08-26T21:00:00+08:00,1787749200000,9951.506294746387,9954.22010671923,1,0,1
2026-08-26T21:30:00+08:00,1787751000000,9952.719794026369,9954.22010671923,1,0,1
2026-08-26T22:00:00+08:00,1787752800000,9952.143896062988,9954.22010671923,1,0,1
2026-08-26T22:30:00+08:00,1787754600000,9953.768487146848,9952.103896062987,0,1,1
2026-08-26T23:00:00+08:00,1787756400000,9952.147046847565,9952.103896062987,0,1,1
2026-08-26T23:30:00+08:00,1787758200000,9952.147046847565,9952.147046847565,0,0,0
2026-08-27T00:00:00+08:00,1787760000000,9952.147046847565,9952.147046847565,0,0,0
2026-08-27T00:30:00+08:00,1787761800000,9952.147046847565,9952.147046847565,0,0,0
2026-08-27T01:00:00+08:00,1787763600000,9952.147046847565,9952.147046847565,0,0,0
2026-08-27T01:30:00+08:00,1787765400000,9951.778623192095,9952.107046847565,1,0,1
2026-08-27T02:00:00+08:00,1787767200000,9951.366589398564,9952.107046847565,1,0,1
2026-08-27T02:30:00+08:00,1787769000000,9951.616795802658,9952.067046847564,2,0,2
2026-08-27T03:00:00+08:00,1787770800000,9951.369140999586,9952.067046847564,2,0,2
2026-08-27T03:30:00+08:00,1787772600000,9951.4104168001,9952.067046847564,2,0,2
2026-08-27T04:00:00+08:00,1787774400000,9951.121486196516,9952.067046847564,2,0,2
2026-08-27T04:30:00+08:00,1787776200000,9951.55564252406,9951.244182639857,1,0,1
2026-08-27T05:00:00+08:00,1787778000000,9953.12687494755,9951.244182639857,1,0,1
2026-08-27T05:30:00+08:00,1787779800000,9955.330792501914,9951.204182639856,2,0,2
2026-08-27T06:00:00+08:00,1787781600000,9960.860499941418,9956.128820301927,1,0,1
2026-08-27T06:30:00+08:00,1787783400000,9960.840020629661,9960.840020629661,0,0,0
2026-08-27T07:00:00+08:00,1787785200000,9960.840020629661,9960.840020629661,0,0,0
2026-08-27T07:30:00+08:00,1787787000000,9960.840020629661,9960.840020629661,0,0,0
2026-08-27T08:00:00+08:00,1787788800000,9960.840020629661,9960.840020629661,0,0,0
2026-08-27T08:30:00+08:00,1787790600000,9960.840020629661,9960.840020629661,0,0,0
2026-08-27T09:00:00+08:00,1787792400000,9960.840020629661,9960.840020629661,0,0,0
2026-08-27T09:30:00+08:00,1787794200000,9960.840020629661,9960.840020629661,0,0,0
2026-08-27T10:00:00+08:00,1787796000000,9960.840020629661,9960.840020629661,0,0,0
2026-08-27T10:30:00+08:00,1787797800000,9960.840020629661,9960.840020629661,0,0,0
2026-08-27T11:00:00+08:00,1787799600000,9960.840020629661,9960.840020629661,0,0,0
2026-08-27T11:30:00+08:00,1787801400000,9960.840020629661,9960.840020629661,0,0,0
2026-08-27T12:00:00+08:00,1787803200000,9960.840020629661,9960.840020629661,0,0,0
2026-08-27T12:30:00+08:00,1787805000000,9960.840020629661,9960.840020629661,0,0,0
2026-08-27T13:00:00+08:00,1787806800000,9960.840020629661,9960.840020629661,0,0,0
2026-08-27T13:30:00+08:00,1787808600000,9960.840020629661,9960.840020629661,0,0,0
2026-08-27T14:00:00+08:00,1787810400000,9960.840020629661,9960.840020629661,0,0,0
2026-08-27T14:30:00+08:00,1787812200000,9960.165548118515,9960.80002062966,0,1,1
2026-08-27T15:00:00+08:00,1787814000000,9960.423152873345,9960.80002062966,0,1,1
2026-08-27T15:30:00+08:00,1787815800000,9957.828559432895,9960.76002062966,0,2,2
2026-08-27T16:00:00+08:00,1787817600000,9953.159411272278,9959.11494484957,0,1,1
2026-08-27T16:30:00+08:00,1787819400000,9954.059042396197,9953.119411272277,1,0,1
2026-08-27T17:00:00+08:00,1787821200000,9955.44205104173,9953.119411272277,1,0,1
2026-08-27T17:30:00+08:00,1787823000000,9951.657368989358,9953.079411272276,2,0,2
2026-08-27T18:00:00+08:00,1787824800000,9950.783874007891,9953.519622607531,1,0,1
2026-08-27T18:30:00+08:00,1787826600000,9951.049652038842,9953.519622607531,1,0,1
2026-08-27T19:00:00+08:00,1787828400000,9950.973715458571,9953.519622607531,1,0,1
2026-08-27T19:30:00+08:00,1787830200000,9950.726921572688,9953.519622607531,1,0,1
2026-08-27T20:00:00+08:00,1787832000000,9951.79003369649,9953.519622607531,1,0,1
2026-08-27T20:30:00+08:00,1787833800000,9951.638160535947,9953.519622607531,1,0,1
2026-08-27T21:00:00+08:00,1787835600000,9952.41651048373,9953.519622607531,1,0,1
2026-08-27T21:30:00+08:00,1787837400000,9954.713592036944,9953.519622607531,1,0,1
2026-08-27T22:00:00+08:00,1787839200000,9954.65663960174,9953.519622607531,1,0,1
2026-08-27T22:30:00+08:00,1787841000000,9959.459951245575,9958.027714130227,1,0,1
2026-08-27T23:00:00+08:00,1787842800000,9960.63019100393,9958.027714130227,1,0,1
2026-08-27T23:30:00+08:00,1787844600000,9960.177194968437,9958.027714130227,1,0,1
2026-08-28T00:00:00+08:00,1787846400000,9960.177194968437,9960.177194968437,0,0,0
2026-08-28T00:30:00+08:00,1787848200000,9960.177194968437,9960.177194968437,0,0,0
2026-08-28T01:00:00+08:00,1787850000000,9960.177194968437,9960.177194968437,0,0,0
2026-08-28T01:30:00+08:00,1787851800000,9960.177194968437,9960.177194968437,0,0,0
2026-08-28T02:00:00+08:00,1787853600000,9960.177194968437,9960.177194968437,0,0,0
2026-08-28T02:30:00+08:00,1787855400000,9960.177194968437,9960.177194968437,0,0,0
2026-08-28T03:00:00+08:00,1787857200000,9960.177194968437,9960.177194968437,0,0,0
2026-08-28T03:30:00+08:00,1787859000000,9960.177194968437,9960.177194968437,0,0,0
2026-08-28T04:00:00+08:00,1787860800000,9960.177194968437,9960.177194968437,0,0,0
2026-08-28T04:30:00+08:00,1787862600000,9960.177194968437,9960.177194968437,0,0,0
2026-08-28T05:00:00+08:00,1787864400000,9960.177194968437,9960.177194968437,0,0,0
2026-08-28T05:30:00+08:00,1787866200000,9959.59894035589,9960.137194968436,0,1,1
2026-08-28T06:00:00+08:00,1787868000000,9958.620885005337,9960.137194968436,0,1,1
2026-08-28T06:30:00+08:00,1787869800000,9958.835065452195,9960.097194968435,0,2,2
2026-08-28T07:00:00+08:00,1787871600000,9956.18744143046,9960.097194968435,0,2,2
2026-08-28T07:30:00+08:00,1787873400000,9957.57966121068,9957.399837034856,0,1,1
2026-08-28T08:00:00+08:00,1787875200000,9956.407265606285,9957.399837034856,0,1,1
2026-08-28T08:30:00+08:00,1787877000000,9956.425584287603,9956.425584287603,0,0,0
2026-08-28T09:00:00+08:00,1787878800000,9956.425584287603,9956.425584287603,0,0,0
2026-08-28T09:30:00+08:00,1787880600000,9956.425584287603,9956.425584287603,0,0,0
2026-08-28T10:00:00+08:00,1787882400000,9956.425584287603,9956.425584287603,0,0,0
2026-08-28T10:30:00+08:00,1787884200000,9956.425584287603,9956.425584287603,0,0,0
2026-08-28T11:00:00+08:00,1787886000000,9956.425584287603,9956.425584287603,0,0,0
2026-08-28T11:30:00+08:00,1787887800000,9956.425584287603,9956.425584287603,0,0,0
2026-08-28T12:00:00+08:00,1787889600000,9956.425584287603,9956.425584287603,0,0,0
2026-08-28T12:30:00+08:00,1787891400000,9956.425584287603,9956.425584287603,0,0,0
2026-08-28T13:00:00+08:00,1787893200000,9956.425584287603,9956.425584287603,0,0,0
2026-08-28T13:30:00+08:00,1787895000000,9956.425584287603,9956.425584287603,0,0,0
2026-08-28T14:00:00+08:00,1787896800000,9956.425584287603,9956.425584287603,0,0,0
2026-08-28T14:30:00+08:00,1787898600000,9956.425584287603,9956.425584287603,0,0,0
2026-08-28T15:00:00+08:00,1787900400000,9956.425584287603,9956.425584287603,0,0,0
2026-08-28T15:30:00+08:00,1787902200000,9956.425584287603,9956.425584287603,0,0,0
2026-08-28T16:00:00+08:00,1787904000000,9956.425584287603,9956.425584287603,0,0,0
2026-08-28T16:30:00+08:00,1787905800000,9956.425584287603,9956.425584287603,0,0,0
2026-08-28T17:00:00+08:00,1787907600000,9955.892706257227,9956.385584287602,0,1,1
2026-08-28T17:30:00+08:00,1787909400000,9955.873836339295,9955.873836339295,0,0,0
2026-08-28T18:00:00+08:00,1787911200000,9955.873836339295,9955.873836339295,0,0,0
2026-08-28T18:30:00+08:00,1787913000000,9955.873836339295,9955.873836339295,0,0,0
2026-08-28T19:00:00+08:00,1787914800000,9955.873836339295,9955.873836339295,0,0,0
2026-08-28T19:30:00+08:00,1787916600000,9955.873836339295,9955.873836339295,0,0,0
2026-08-28T20:00:00+08:00,1787918400000,9955.873836339295,9955.873836339295,0,0,0
2026-08-28T20:30:00+08:00,1787920200000,9955.873836339295,9955.873836339295,0,0,0
2026-08-28T21:00:00+08:00,1787922000000,9955.873836339295,9955.873836339295,0,0,0
2026-08-28T21:30:00+08:00,1787923800000,9955.873836339295,9955.873836339295,0,0,0
2026-08-28T22:00:00+08:00,1787925600000,9955.873836339295,9955.873836339295,0,0,0
2026-08-28T22:30:00+08:00,1787927400000,9955.873836339295,9955.873836339295,0,0,0
2026-08-28T23:00:00+08:00,1787929200000,9955.873836339295,9955.873836339295,0,0,0
2026-08-28T23:30:00+08:00,1787931000000,9955.873836339295,9955.873836339295,0,0,0
2026-08-29T00:00:00+08:00,1787932800000,9955.873836339295,9955.873836339295,0,0,0
2026-08-29T00:30:00+08:00,1787934600000,9955.873836339295,9955.873836339295,0,0,0
2026-08-29T01:00:00+08:00,1787936400000,9955.873836339295,9955.873836339295,0,0,0
2026-08-29T01:30:00+08:00,1787938200000,9955.873836339295,9955.873836339295,0,0,0
2026-08-29T02:00:00+08:00,1787940000000,9955.873836339295,9955.873836339295,0,0,0
2026-08-29T02:30:00+08:00,1787941800000,9955.873836339295,9955.873836339295,0,0,0
2026-08-29T03:00:00+08:00,1787943600000,9955.873836339295,9955.873836339295,0,0,0
2026-08-29T03:30:00+08:00,1787945400000,9955.873836339295,9955.873836339295,0,0,0
2026-08-29T04:00:00+08:00,1787947200000,9955.873836339295,9955.873836339295,0,0,0
2026-08-29T04:30:00+08:00,1787949000000,9955.873836339295,9955.873836339295,0,0,0
2026-08-29T05:00:00+08:00,1787950800000,9955.873836339295,9955.873836339295,0,0,0
2026-08-29T05:30:00+08:00,1787952600000,9955.873836339295,9955.873836339295,0,0,0
2026-08-29T06:00:00+08:00,1787954400000,9955.873836339295,9955.873836339295,0,0,0
2026-08-29T06:30:00+08:00,1787956200000,9955.873836339295,9955.873836339295,0,0,0
2026-08-29T07:00:00+08:00,1787958000000,9955.67856347227,9955.833836339294,1,0,1
2026-08-29T07:30:00+08:00,1787959800000,9955.813048483798,9955.833836339294,1,0,1
2026-08-29T08:00:00+08:00,1787961600000,9956.789716431529,9955.793836339293,2,0,2
2026-08-29T08:30:00+08:00,1787963400000,9954.830077692099,9955.793836339293,2,0,2
2026-08-29T09:00:00+08:00,1787965200000,9955.291169160198,9955.3311691602,1,0,1
2026-08-29T09:30:00+08:00,1787967000000,9955.329593449207,9955.3311691602,1,0,1
2026-08-29T10:00:00+08:00,1787968800000,9954.116243006734,9955.291169160198,2,0,2
2026-08-29T10:30:00+08:00,1787970600000,9954.2891080184,9954.75165340309,1,0,1
2026-08-29T11:00:00+08:00,1787972400000,9954.538793927535,9954.75165340309,1,0,1
2026-08-29T11:30:00+08:00,1787974200000,9954.17386836803,9954.75165340309,1,0,1
2026-08-29T12:00:00+08:00,1787976000000,9954.17386836803,9954.17386836803,0,0,0
2026-08-29T12:30:00+08:00,1787977800000,9954.17386836803,9954.17386836803,0,0,0
2026-08-29T13:00:00+08:00,1787979600000,9954.17386836803,9954.17386836803,0,0,0
2026-08-29T13:30:00+08:00,1787981400000,9954.17386836803,9954.17386836803,0,0,0
2026-08-29T14:00:00+08:00,1787983200000,9954.17386836803,9954.17386836803,0,0,0
2026-08-29T14:30:00+08:00,1787985000000,9954.17386836803,9954.17386836803,0,0,0
2026-08-29T15:00:00+08:00,1787986800000,9954.17386836803,9954.17386836803,0,0,0
2026-08-29T15:30:00+08:00,1787988600000,9954.17386836803,9954.17386836803,0,0,0
2026-08-29T16:00:00+08:00,1787990400000,9954.17386836803,9954.17386836803,0,0,0
2026-08-29T16:30:00+08:00,1787992200000,9954.17386836803,9954.17386836803,0,0,0
2026-08-29T17:00:00+08:00,1787994000000,9954.17386836803,9954.17386836803,0,0,0
2026-08-29T17:30:00+08:00,1787995800000,9954.17386836803,9954.17386836803,0,0,0
2026-08-29T18:00:00+08:00,1787997600000,9954.17386836803,9954.17386836803,0,0,0
2026-08-29T18:30:00+08:00,1787999400000,9954.17386836803,9954.17386836803,0,0,0
2026-08-29T19:00:00+08:00,1788001200000,9954.17386836803,9954.17386836803,0,0,0
2026-08-29T19:30:00+08:00,1788003000000,9954.17386836803,9954.17386836803,0,0,0
2026-08-29T20:00:00+08:00,1788004800000,9954.17386836803,9954.17386836803,0,0,0
2026-08-29T20:30:00+08:00,1788006600000,9954.17386836803,9954.17386836803,0,0,0
2026-08-29T21:00:00+08:00,1788008400000,9954.17386836803,9954.17386836803,0,0,0
2026-08-29T21:30:00+08:00,1788010200000,9954.17386836803,9954.17386836803,0,0,0
2026-08-29T22:00:00+08:00,1788012000000,9954.17386836803,9954.17386836803,0,0,0
2026-08-29T22:30:00+08:00,1788013800000,9954.17386836803,9954.17386836803,0,0,0
2026-08-29T23:00:00+08:00,1788015600000,9953.505359870926,9954.13386836803,1,0,1
2026-08-29T23:30:00+08:00,1788017400000,9953.391455000517,9954.13386836803,1,0,1
2026-08-30T00:00:00+08:00,1788019200000,9953.448407435722,9954.13386836803,1,0,1
2026-08-30T00:30:00+08:00,1788021000000,9953.429423290654,9953.429423290654,0,0,0
2026-08-30T01:00:00+08:00,1788022800000,9953.429423290654,9953.429423290654,0,0,0
2026-08-30T01:30:00+08:00,1788024600000,9953.429423290654,9953.429423290654,0,0,0
2026-08-30T02:00:00+08:00,1788026400000,9953.429423290654,9953.429423290654,0,0,0
2026-08-30T02:30:00+08:00,1788028200000,9953.429423290654,9953.429423290654,0,0,0
2026-08-30T03:00:00+08:00,1788030000000,9953.429423290654,9953.429423290654,0,0,0
2026-08-30T03:30:00+08:00,1788031800000,9953.429423290654,9953.429423290654,0,0,0
2026-08-30T04:00:00+08:00,1788033600000,9953.429423290654,9953.429423290654,0,0,0
2026-08-30T04:30:00+08:00,1788035400000,9953.429423290654,9953.429423290654,0,0,0
2026-08-30T05:00:00+08:00,1788037200000,9953.429423290654,9953.429423290654,0,0,0
2026-08-30T05:30:00+08:00,1788039000000,9953.429423290654,9953.429423290654,0,0,0
2026-08-30T06:00:00+08:00,1788040800000,9953.429423290654,9953.429423290654,0,0,0
2026-08-30T06:30:00+08:00,1788042600000,9953.429423290654,9953.429423290654,0,0,0
2026-08-30T07:00:00+08:00,1788044400000,9953.429423290654,9953.429423290654,0,0,0
2026-08-30T07:30:00+08:00,1788046200000,9953.429423290654,9953.429423290654,0,0,0
2026-08-30T08:00:00+08:00,1788048000000,9953.429423290654,9953.429423290654,0,0,0
2026-08-30T08:30:00+08:00,1788049800000,9953.429423290654,9953.429423290654,0,0,0
2026-08-30T09:00:00+08:00,1788051600000,9953.429423290654,9953.429423290654,0,0,0
2026-08-30T09:30:00+08:00,1788053400000,9953.159017808071,9953.389423290653,0,1,1
2026-08-30T10:00:00+08:00,1788055200000,9952.911490680715,9953.389423290653,0,1,1
2026-08-30T10:30:00+08:00,1788057000000,9953.383015621286,9953.349423290652,0,2,2
2026-08-30T11:00:00+08:00,1788058800000,9953.116751726498,9953.349423290652,0,2,2
2026-08-30T11:30:00+08:00,1788060600000,9953.91554341086,9953.349423290652,0,2,2
2026-08-30T12:00:00+08:00,1788062400000,9954.181807305647,9953.349423290652,0,2,2
2026-08-30T12:30:00+08:00,1788064200000,9953.763392613839,9953.349423290652,0,2,2
2026-08-30T13:00:00+08:00,1788066000000,9953.99161880937,9953.349423290652,0,2,2
2026-08-30T13:30:00+08:00,1788067800000,9953.83946801235,9953.349423290652,0,2,2
2026-08-30T14:00:00+08:00,1788069600000,9953.991488617588,9953.385585483686,0,1,1
2026-08-30T14:30:00+08:00,1788071400000,9953.269596879698,9953.385585483686,0,1,1
2026-08-30T15:00:00+08:00,1788073200000,9953.269596879698,9953.269596879698,0,0,0
2026-08-30T15:30:00+08:00,1788075000000,9953.269596879698,9953.269596879698,0,0,0
2026-08-30T16:00:00+08:00,1788076800000,9953.269596879698,9953.269596879698,0,0,0
2026-08-30T16:30:00+08:00,1788078600000,9953.269596879698,9953.269596879698,0,0,0
2026-08-30T17:00:00+08:00,1788080400000,9953.269596879698,9953.269596879698,0,0,0
2026-08-30T17:30:00+08:00,1788082200000,9953.01723115447,9953.229596879697,0,1,1
2026-08-30T18:00:00+08:00,1788084000000,9952.576740967777,9953.229596879697,0,1,1
2026-08-30T18:30:00+08:00,1788085800000,9952.576740967777,9952.576740967777,0,0,0
2026-08-30T19:00:00+08:00,1788087600000,9952.576740967777,9952.576740967777,0,0,0
2026-08-30T19:30:00+08:00,1788089400000,9952.268584649435,9952.536740967776,1,0,1
2026-08-30T20:00:00+08:00,1788091200000,9952.915027551404,9952.536740967776,1,0,1
2026-08-30T20:30:00+08:00,1788093000000,9954.150874275754,9952.536740967776,1,0,1
2026-08-30T21:00:00+08:00,1788094800000,9954.664225992023,9952.536740967776,1,0,1
2026-08-30T21:30:00+08:00,1788096600000,9957.32630785411,9952.496740967776,2,0,2
2026-08-30T22:00:00+08:00,1788098400000,9956.607720244727,9952.496740967776,2,0,2
2026-08-30T22:30:00+08:00,1788100200000,9955.96477343633,9952.496740967776,2,0,2
2026-08-30T23:00:00+08:00,1788102000000,9955.381950495965,9955.346721000104,1,0,1
2026-08-30T23:30:00+08:00,1788103800000,9955.137454634416,9955.346721000104,1,0,1
2026-08-31T00:00:00+08:00,1788105600000,9955.64525373148,9955.346721000104,1,0,1
2026-08-31T00:30:00+08:00,1788107400000,9956.284704446303,9955.346721000104,1,0,1
2026-08-31T01:00:00+08:00,1788109200000,9954.291122805973,9955.346721000104,1,0,1
2026-08-31T01:30:00+08:00,1788111000000,9954.272315432007,9954.272315432007,0,0,0
2026-08-31T02:00:00+08:00,1788112800000,9954.272315432007,9954.272315432007,0,0,0
2026-08-31T02:30:00+08:00,1788114600000,9954.272315432007,9954.272315432007,0,0,0
2026-08-31T03:00:00+08:00,1788116400000,9954.272315432007,9954.272315432007,0,0,0
2026-08-31T03:30:00+08:00,1788118200000,9954.272315432007,9954.272315432007,0,0,0
2026-08-31T04:00:00+08:00,1788120000000,9954.967884226331,9954.232315432006,0,1,1
2026-08-31T04:30:00+08:00,1788121800000,9956.19744451002,9954.232315432006,0,1,1
2026-08-31T05:00:00+08:00,1788123600000,9958.018652222894,9954.192315432005,0,2,2
2026-08-31T05:30:00+08:00,1788125400000,9957.296193292002,9954.192315432005,0,2,2
2026-08-31T06:00:00+08:00,1788127200000,9960.376149786862,9954.192315432005,0,2,2
2026-08-31T06:30:00+08:00,1788129000000,9959.691715010227,9954.192315432005,0,2,2
2026-08-31T07:00:00+08:00,1788130800000,9964.794714639354,9959.14057766352,0,1,1
2026-08-31T07:30:00+08:00,1788132600000,9964.794714639354,9964.794714639354,0,0,0
2026-08-31T08:00:00+08:00,1788134400000,9964.794714639354,9964.794714639354,0,0,0
2026-08-31T08:30:00+08:00,1788136200000,9964.794714639354,9964.794714639354,0,0,0
2026-08-31T09:00:00+08:00,1788138000000,9964.794714639354,9964.794714639354,0,0,0
2026-08-31T09:30:00+08:00,1788139800000,9964.794714639354,9964.794714639354,0,0,0
2026-08-31T10:00:00+08:00,1788141600000,9964.794714639354,9964.794714639354,0,0,0
2026-08-31T10:30:00+08:00,1788143400000,9964.794714639354,9964.794714639354,0,0,0
2026-08-31T11:00:00+08:00,1788145200000,9964.794714639354,9964.794714639354,0,0,0
2026-08-31T11:30:00+08:00,1788147000000,9964.794714639354,9964.794714639354,0,0,0
2026-08-31T12:00:00+08:00,1788148800000,9964.794714639354,9964.794714639354,0,0,0
2026-08-31T12:30:00+08:00,1788150600000,9964.794714639354,9964.794714639354,0,0,0
2026-08-31T13:00:00+08:00,1788152400000,9964.794714639354,9964.794714639354,0,0,0
2026-08-31T13:30:00+08:00,1788154200000,9964.794714639354,9964.794714639354,0,0,0
2026-08-31T14:00:00+08:00,1788156000000,9964.890152346508,9964.754714639354,1,0,1
2026-08-31T14:30:00+08:00,1788157800000,9964.870659267935,9964.754714639354,1,0,1
2026-08-31T15:00:00+08:00,1788159600000,9965.667542067165,9964.714714639353,2,0,2
2026-08-31T15:30:00+08:00,1788161400000,9965.74548779567,9964.714714639353,2,0,2
2026-08-31T16:00:00+08:00,1788163200000,9964.77116618936,9964.714714639353,2,0,2
2026-08-31T16:30:00+08:00,1788165000000,9965.745155473336,9964.811166189362,1,0,1
2026-08-31T17:00:00+08:00,1788166800000,9965.60879697358,9964.811166189362,1,0,1
2026-08-31T17:30:00+08:00,1788168600000,9965.237265324147,9964.77116618936,2,0,2
2026-08-31T18:00:00+08:00,1788170400000,9964.927002166767,9965.451918259501,1,0,1
2026-08-31T18:30:00+08:00,1788172200000,9966.38175044497,9965.451918259501,1,0,1
2026-08-31T19:00:00+08:00,1788174000000,9966.886063181415,9965.451918259501,1,0,1
2026-08-31T19:30:00+08:00,1788175800000,9964.796193606455,9965.4119182595,2,0,2
2026-08-31T20:00:00+08:00,1788177600000,9964.411099721043,9965.837437708526,1,0,1
2026-08-31T20:30:00+08:00,1788179400000,9963.583147867408,9965.837437708526,1,0,1
2026-08-31T21:00:00+08:00,1788181200000,9963.544638478868,9965.837437708526,1,0,1
2026-08-31T21:30:00+08:00,1788183000000,9962.832214790857,9965.837437708526,1,0,1
2026-08-31T22:00:00+08:00,1788184800000,9963.255818064808,9965.837437708526,1,0,1
2026-08-31T22:30:00+08:00,1788186600000,9965.065759326244,9965.837437708526,1,0,1
2026-08-31T23:00:00+08:00,1788188400000,9964.545882580938,9965.837437708526,1,0,1
2026-08-31T23:30:00+08:00,1788190200000,9962.959286713687,9965.797437708525,2,0,2
2026-09-01T00:00:00+08:00,1788192000000,9962.494384732594,9963.735694810113,1,0,1
2026-09-01T00:30:00+08:00,1788193800000,9962.881904112439,9963.735694810113,1,0,1
2026-09-01T01:00:00+08:00,1788195600000,9962.707520391508,9963.735694810113,1,0,1
2026-09-01T01:30:00+08:00,1788197400000,9964.393229693835,9963.735694810113,1,0,1
2026-09-01T02:00:00+08:00,1788199200000,9964.70324519771,9963.735694810113,1,0,1
2026-09-01T02:30:00+08:00,1788201000000,9967.309835115257,9963.695694810112,2,0,2
2026-09-01T03:00:00+08:00,1788202800000,9965.918195516466,9963.695694810112,2,0,2
2026-09-01T03:30:00+08:00,1788204600000,9963.985362740366,9963.695694810112,2,0,2
2026-09-01T04:00:00+08:00,1788206400000,9964.756685484019,9964.353229693834,1,0,1
2026-09-01T04:30:00+08:00,1788208200000,9964.255387634244,9964.353229693834,1,0,1
2026-09-01T05:00:00+08:00,1788210000000,9964.101142142006,9964.353229693834,1,0,1
2026-09-01T05:30:00+08:00,1788211800000,9964.081861455477,9964.353229693834,1,0,1
2026-09-01T06:00:00+08:00,1788213600000,9963.464879486524,9964.353229693834,1,0,1
2026-09-01T06:30:00+08:00,1788215400000,9963.214230561638,9964.353229693834,1,0,1
2026-09-01T07:00:00+08:00,1788217200000,9963.233511248169,9964.353229693834,1,0,1
2026-09-01T07:30:00+08:00,1788219000000,9963.405760520916,9963.174230561637,0,1,1
2026-09-01T08:00:00+08:00,1788220800000,9962.707540625628,9963.174230561637,0,1,1
2026-09-01T08:30:00+08:00,1788222600000,9962.707540625628,9962.707540625628,0,0,0
2026-09-01T09:00:00+08:00,1788224400000,9962.707540625628,9962.707540625628,0,0,0
2026-09-01T09:30:00+08:00,1788226200000,9962.044333628543,9962.667540625627,0,1,1
2026-09-01T10:00:00+08:00,1788228000000,9962.063773861779,9962.063773861779,0,0,0
2026-09-01T10:30:00+08:00,1788229800000,9962.063773861779,9962.063773861779,0,0,0
2026-09-01T11:00:00+08:00,1788231600000,9962.063773861779,9962.063773861779,0,0,0
2026-09-01T11:30:00+08:00,1788233400000,9962.063773861779,9962.063773861779,0,0,0
2026-09-01T12:00:00+08:00,1788235200000,9962.369834292322,9962.023773861778,1,0,1
2026-09-01T12:30:00+08:00,1788237000000,9961.945167818723,9962.023773861778,1,0,1
2026-09-01T13:00:00+08:00,1788238800000,9963.25511955981,9961.983773861777,2,0,2
2026-09-01T13:30:00+08:00,1788240600000,9964.529241989141,9961.983773861777,2,0,2
2026-09-01T14:00:00+08:00,1788242400000,9963.023460936296,9961.983773861777,2,0,2
2026-09-01T14:30:00+08:00,1788244200000,9961.980896487132,9962.484258464538,1,0,1
2026-09-01T15:00:00+08:00,1788246000000,9961.86505599278,9962.484258464538,1,0,1
2026-09-01T15:30:00+08:00,1788247800000,9961.517534509725,9962.484258464538,1,0,1
2026-09-01T16:00:00+08:00,1788249600000,9963.494106050246,9961.496841258782,0,1,1
2026-09-01T16:30:00+08:00,1788251400000,9963.58971731332,9961.456841258781,0,2,2
2026-09-01T17:00:00+08:00,1788253200000,9963.47270904238,9961.456841258781,0,2,2
2026-09-01T17:30:00+08:00,1788255000000,9964.018747640092,9961.456841258781,0,2,2
2026-09-01T18:00:00+08:00,1788256800000,9962.536642874878,9961.456841258781,0,2,2
2026-09-01T18:30:00+08:00,1788258600000,9962.477842169412,9963.007848048306,0,1,1
2026-09-01T19:00:00+08:00,1788260400000,9962.791445931904,9963.007848048306,0,1,1
2026-09-01T19:30:00+08:00,1788262200000,9962.654244285814,9963.007848048306,0,1,1
2026-09-01T20:00:00+08:00,1788264000000,9962.615043815502,9963.007848048306,0,1,1
2026-09-01T20:30:00+08:00,1788265800000,9963.359852751422,9963.007848048306,0,1,1
2026-09-01T21:00:00+08:00,1788267600000,9963.497054397512,9963.007848048306,0,1,1
2026-09-01T21:30:00+08:00,1788269400000,9963.497054397512,9963.497054397512,0,0,0
2026-09-01T22:00:00+08:00,1788271200000,9963.497054397512,9963.497054397512,0,0,0
2026-09-01T22:30:00+08:00,1788273000000,9963.497054397512,9963.497054397512,0,0,0
2026-09-01T23:00:00+08:00,1788274800000,9963.497054397512,9963.497054397512,0,0,0
2026-09-01T23:30:00+08:00,1788276600000,9963.497054397512,9963.497054397512,0,0,0
2026-09-02T00:00:00+08:00,1788278400000,9963.497054397512,9963.497054397512,0,0,0
2026-09-02T00:30:00+08:00,1788280200000,9963.497054397512,9963.497054397512,0,0,0
2026-09-02T01:00:00+08:00,1788282000000,9963.497054397512,9963.497054397512,0,0,0
2026-09-02T01:30:00+08:00,1788283800000,9963.497054397512,9963.497054397512,0,0,0
2026-09-02T02:00:00+08:00,1788285600000,9963.497054397512,9963.497054397512,0,0,0
2026-09-02T02:30:00+08:00,1788287400000,9963.497054397512,9963.497054397512,0,0,0
2026-09-02T03:00:00+08:00,1788289200000,9963.497054397512,9963.497054397512,0,0,0
2026-09-02T03:30:00+08:00,1788291000000,9963.497054397512,9963.497054397512,0,0,0
2026-09-02T04:00:00+08:00,1788292800000,9963.497054397512,9963.497054397512,0,0,0
2026-09-02T04:30:00+08:00,1788294600000,9963.497054397512,9963.497054397512,0,0,0
2026-09-02T05:00:00+08:00,1788296400000,9963.497054397512,9963.497054397512,0,0,0
2026-09-02T05:30:00+08:00,1788298200000,9963.497054397512,9963.497054397512,0,0,0
2026-09-02T06:00:00+08:00,1788300000000,9963.497054397512,9963.497054397512,0,0,0
2026-09-02T06:30:00+08:00,1788301800000,9963.497054397512,9963.497054397512,0,0,0
2026-09-02T07:00:00+08:00,1788303600000,9963.497054397512,9963.497054397512,0,0,0
2026-09-02T07:30:00+08:00,1788305400000,9963.497054397512,9963.497054397512,0,0,0
2026-09-02T08:00:00+08:00,1788307200000,9962.976790186143,9963.457054397511,1,0,1
2026-09-02T08:30:00+08:00,1788309000000,9962.776670090065,9963.457054397511,1,0,1
2026-09-02T09:00:00+08:00,1788310800000,9962.195574111765,9963.41705439751,2,0,2
2026-09-02T09:30:00+08:00,1788312600000,9960.431599559897,9963.41705439751,2,0,2
2026-09-02T10:00:00+08:00,1788314400000,9961.47567225796,9961.595985542426,1,0,1
2026-09-02T10:30:00+08:00,1788316200000,9962.138256854807,9961.595985542426,1,0,1
2026-09-02T11:00:00+08:00,1788318000000,9964.624550944112,9961.555985542425,2,0,2
2026-09-02T11:30:00+08:00,1788319800000,9963.461698934896,9961.555985542425,2,0,2
2026-09-02T12:00:00+08:00,1788321600000,9962.138453545098,9961.555985542425,2,0,2
2026-09-02T12:30:00+08:00,1788323400000,9962.438812202618,9962.158491818156,1,0,1
2026-09-02T13:00:00+08:00,1788325200000,9962.879252731253,9962.158491818156,1,0,1
2026-09-02T13:30:00+08:00,1788327000000,9962.619368072452,9962.118491818155,2,0,2
2026-09-02T14:00:00+08:00,1788328800000,9960.980755566074,9962.118491818155,2,0,2
2026-09-02T14:30:00+08:00,1788330600000,9961.399624394004,9961.918331625924,1,0,1
2026-09-02T15:00:00+08:00,1788332400000,9961.339785990014,9961.918331625924,1,0,1
2026-09-02T15:30:00+08:00,1788334200000,9960.940863296748,9961.918331625924,1,0,1
2026-09-02T16:00:00+08:00,1788336000000,9960.72145581545,9961.918331625924,1,0,1
2026-09-02T16:30:00+08:00,1788337800000,9959.28533411969,9961.918331625924,1,0,1
2026-09-02T17:00:00+08:00,1788339600000,9959.76404135161,9961.918331625924,1,0,1
2026-09-02T17:30:00+08:00,1788341400000,9960.914250042,9959.724041351608,0,1,1
2026-09-02T18:00:00+08:00,1788343200000,9961.559605420567,9959.724041351608,0,1,1
2026-09-02T18:30:00+08:00,1788345000000,9961.783466402612,9959.684041351607,0,2,2
2026-09-02T19:00:00+08:00,1788346800000,9963.769321787875,9959.684041351607,0,2,2
2026-09-02T19:30:00+08:00,1788348600000,9962.31032599462,9959.684041351607,0,2,2
2026-09-02T20:00:00+08:00,1788350400000,9961.821678666376,9961.94311988775,0,1,1
2026-09-02T20:30:00+08:00,1788352200000,9963.165458819049,9961.94311988775,0,1,1
2026-09-02T21:00:00+08:00,1788354000000,9961.96420080378,9961.94311988775,0,1,1
2026-09-02T21:30:00+08:00,1788355800000,9961.943840498438,9961.943840498438,0,0,0
2026-09-02T22:00:00+08:00,1788357600000,9961.943840498438,9961.943840498438,0,0,0
2026-09-02T22:30:00+08:00,1788359400000,9960.857701824792,9961.903840498437,1,0,1
2026-09-02T23:00:00+08:00,1788361200000,9960.958315692156,9961.903840498437,1,0,1
2026-09-02T23:30:00+08:00,1788363000000,9962.249776686554,9961.863840498436,2,0,2
2026-09-03T00:00:00+08:00,1788364800000,9963.177529712177,9961.863840498436,2,0,2
2026-09-03T00:30:00+08:00,1788366600000,9960.111911018816,9961.863840498436,2,0,2
2026-09-03T01:00:00+08:00,1788368400000,9959.687318871142,9960.556105769645,1,0,1
2026-09-03T01:30:00+08:00,1788370200000,9961.183178151368,9960.556105769645,1,0,1
2026-09-03T02:00:00+08:00,1788372000000,9961.466178555735,9960.556105769645,1,0,1
2026-09-03T02:30:00+08:00,1788373800000,9961.668509827441,9960.516105769644,2,0,2
2026-09-03T03:00:00+08:00,1788375600000,9960.176187391271,9960.516105769644,2,0,2
2026-09-03T03:30:00+08:00,1788377400000,9960.759630393586,9960.819749117803,1,0,1
2026-09-03T04:00:00+08:00,1788379200000,9961.182123602159,9960.819749117803,1,0,1
2026-09-03T04:30:00+08:00,1788381000000,9961.343305874163,9960.779749117803,2,0,2
2026-09-03T05:00:00+08:00,1788382800000,9960.740350194148,9960.779749117803,2,0,2
2026-09-03T05:30:00+08:00,1788384600000,9960.941133405313,9960.961055084197,1,0,1
2026-09-03T06:00:00+08:00,1788386400000,9960.097843918418,9960.961055084197,1,0,1
2026-09-03T06:30:00+08:00,1788388200000,9960.700193551915,9960.961055084197,1,0,1
2026-09-03T07:00:00+08:00,1788390000000,9961.563561359928,9960.961055084197,1,0,1
2026-09-03T07:30:00+08:00,1788391800000,9962.48716413129,9960.961055084197,1,0,1
2026-09-03T08:00:00+08:00,1788393600000,9959.587340150838,9960.921055084196,2,0,2
2026-09-03T08:30:00+08:00,1788395400000,9959.148935469888,9961.021603332012,1,0,1
2026-09-03T09:00:00+08:00,1788397200000,9960.82224090922,9961.021603332012,1,0,1
2026-09-03T09:30:00+08:00,1788399000000,9960.443755155084,9961.021603332012,1,0,1
2026-09-03T10:00:00+08:00,1788400800000,9960.423834852236,9960.423834852236,0,0,0
2026-09-03T10:30:00+08:00,1788402600000,9960.423834852236,9960.423834852236,0,0,0
2026-09-03T11:00:00+08:00,1788404400000,9960.423834852236,9960.423834852236,0,0,0
2026-09-03T11:30:00+08:00,1788406200000,9960.423834852236,9960.423834852236,0,0,0
2026-09-03T12:00:00+08:00,1788408000000,9960.423834852236,9960.423834852236,0,0,0
2026-09-03T12:30:00+08:00,1788409800000,9960.423834852236,9960.423834852236,0,0,0
2026-09-03T13:00:00+08:00,1788411600000,9960.423834852236,9960.423834852236,0,0,0
2026-09-03T13:30:00+08:00,1788413400000,9960.423834852236,9960.423834852236,0,0,0
2026-09-03T14:00:00+08:00,1788415200000,9960.423834852236,9960.423834852236,0,0,0
2026-09-03T14:30:00+08:00,1788417000000,9960.423834852236,9960.423834852236,0,0,0
2026-09-03T15:00:00+08:00,1788418800000,9960.423834852236,9960.423834852236,0,0,0
2026-09-03T15:30:00+08:00,1788420600000,9960.423834852236,9960.423834852236,0,0,0
2026-09-03T16:00:00+08:00,1788422400000,9960.423834852236,9960.423834852236,0,0,0
2026-09-03T16:30:00+08:00,1788424200000,9960.423834852236,9960.423834852236,0,0,0
2026-09-03T17:00:00+08:00,1788426000000,9960.423834852236,9960.423834852236,0,0,0
2026-09-03T17:30:00+08:00,1788427800000,9960.66300517533,9960.383834852235,0,1,1
2026-09-03T18:00:00+08:00,1788429600000,9960.722849610911,9960.383834852235,0,1,1
2026-09-03T18:30:00+08:00,1788431400000,9959.404890719665,9960.343834852234,0,2,2
2026-09-03T19:00:00+08:00,1788433200000,9958.705342411664,9960.084405255106,0,1,1
2026-09-03T19:30:00+08:00,1788435000000,9958.745314436843,9960.084405255106,0,1,1
2026-09-03T20:00:00+08:00,1788436800000,9958.845244499786,9960.084405255106,0,1,1
2026-09-03T20:30:00+08:00,1788438600000,9957.006531341627,9960.084405255106,0,1,1
2026-09-03T21:00:00+08:00,1788440400000,9956.434552205714,9956.966531341626,1,0,1
2026-09-03T21:30:00+08:00,1788442200000,9956.552627198333,9956.966531341626,1,0,1
2026-09-03T22:00:00+08:00,1788444000000,9961.141207927016,9956.926531341625,2,0,2
2026-09-03T22:30:00+08:00,1788445800000,9967.23061027391,9960.684806112584,1,0,1
2026-09-03T23:00:00+08:00,1788447600000,9967.23061027391,9967.23061027391,0,0,0
2026-09-03T23:30:00+08:00,1788449400000,9967.23061027391,9967.23061027391,0,0,0
2026-09-04T00:00:00+08:00,1788451200000,9967.23061027391,9967.23061027391,0,0,0
2026-09-04T00:30:00+08:00,1788453000000,9967.23061027391,9967.23061027391,0,0,0
2026-09-04T01:00:00+08:00,1788454800000,9967.23061027391,9967.23061027391,0,0,0
2026-09-04T01:30:00+08:00,1788456600000,9967.23061027391,9967.23061027391,0,0,0
2026-09-04T02:00:00+08:00,1788458400000,9967.23061027391,9967.23061027391,0,0,0
2026-09-04T02:30:00+08:00,1788460200000,9967.23061027391,9967.23061027391,0,0,0
2026-09-04T03:00:00+08:00,1788462000000,9967.23061027391,9967.23061027391,0,0,0
2026-09-04T03:30:00+08:00,1788463800000,9967.23061027391,9967.23061027391,0,0,0
2026-09-04T04:00:00+08:00,1788465600000,9967.23061027391,9967.23061027391,0,0,0
2026-09-04T04:30:00+08:00,1788467400000,9967.23061027391,9967.23061027391,0,0,0
2026-09-04T05:00:00+08:00,1788469200000,9967.23061027391,9967.23061027391,0,0,0
2026-09-04T05:30:00+08:00,1788471000000,9967.23061027391,9967.23061027391,0,0,0
2026-09-04T06:00:00+08:00,1788472800000,9967.23061027391,9967.23061027391,0,0,0
2026-09-04T06:30:00+08:00,1788474600000,9967.400108498987,9967.190610273909,0,1,1
2026-09-04T07:00:00+08:00,1788476400000,9967.534453697108,9967.190610273909,0,1,1
2026-09-04T07:30:00+08:00,1788478200000,9968.088391180765,9967.150610273908,0,2,2
2026-09-04T08:00:00+08:00,1788480000000,9969.202553533098,9967.150610273908,0,2,2
2026-09-04T08:30:00+08:00,1788481800000,9969.778844404995,9967.150610273908,0,2,2
2026-09-04T09:00:00+08:00,1788483600000,9969.740425013537,9967.150610273908,0,2,2
2026-09-04T09:30:00+08:00,1788485400000,9968.549423878281,9967.150610273908,0,2,2
2026-09-04T10:00:00+08:00,1788487200000,9969.280023200537,9968.051026660745,0,1,1
2026-09-04T10:30:00+08:00,1788489000000,9968.587843269743,9968.051026660745,0,1,1
2026-09-04T11:00:00+08:00,1788490800000,9968.587843269743,9968.587843269743,0,0,0
2026-09-04T11:30:00+08:00,1788492600000,9968.587843269743,9968.587843269743,0,0,0
2026-09-04T12:00:00+08:00,1788494400000,9968.587843269743,9968.587843269743,0,0,0
2026-09-04T12:30:00+08:00,1788496200000,9968.587843269743,9968.587843269743,0,0,0
2026-09-04T13:00:00+08:00,1788498000000,9968.587843269743,9968.587843269743,0,0,0
2026-09-04T13:30:00+08:00,1788499800000,9968.587843269743,9968.587843269743,0,0,0
2026-09-04T14:00:00+08:00,1788501600000,9968.587843269743,9968.587843269743,0,0,0
2026-09-04T14:30:00+08:00,1788503400000,9968.587843269743,9968.587843269743,0,0,0
2026-09-04T15:00:00+08:00,1788505200000,9968.587843269743,9968.587843269743,0,0,0
2026-09-04T15:30:00+08:00,1788507000000,9968.587843269743,9968.587843269743,0,0,0
2026-09-04T16:00:00+08:00,1788508800000,9968.587843269743,9968.587843269743,0,0,0
2026-09-04T16:30:00+08:00,1788510600000,9968.587843269743,9968.587843269743,0,0,0
2026-09-04T17:00:00+08:00,1788512400000,9968.587843269743,9968.587843269743,0,0,0
2026-09-04T17:30:00+08:00,1788514200000,9968.587843269743,9968.587843269743,0,0,0
2026-09-04T18:00:00+08:00,1788516000000,9968.587843269743,9968.587843269743,0,0,0
2026-09-04T18:30:00+08:00,1788517800000,9968.587843269743,9968.587843269743,0,0,0
2026-09-04T19:00:00+08:00,1788519600000,9968.587843269743,9968.587843269743,0,0,0
2026-09-04T19:30:00+08:00,1788521400000,9968.587843269743,9968.587843269743,0,0,0
2026-09-04T20:00:00+08:00,1788523200000,9968.587843269743,9968.587843269743,0,0,0
2026-09-04T20:30:00+08:00,1788525000000,9963.159473985876,9968.547843269742,1,0,1
2026-09-04T21:00:00+08:00,1788526800000,9963.49269478766,9963.138643768256,0,1,1
2026-09-04T21:30:00+08:00,1788528600000,9962.980428462435,9963.138643768256,0,1,1
2026-09-04T22:00:00+08:00,1788530400000,9964.318593217924,9963.098643768255,0,2,2
2026-09-04T22:30:00+08:00,1788532200000,9966.288266489435,9963.098643768255,0,2,2
2026-09-04T23:00:00+08:00,1788534000000,9963.530723909318,9963.098643768255,0,2,2
2026-09-04T23:30:00+08:00,1788535800000,9963.629166845109,9963.235966726987,0,1,1
2026-09-05T00:00:00+08:00,1788537600000,9963.077821240226,9963.235966726987,0,1,1
2026-09-05T00:30:00+08:00,1788539400000,9962.861221181165,9963.235966726987,0,1,1
2026-09-05T01:00:00+08:00,1788541200000,9963.333803128207,9963.235966726987,0,1,1
2026-09-05T01:30:00+08:00,1788543000000,9963.98360330539,9963.235966726987,0,1,1
2026-09-05T02:00:00+08:00,1788544800000,9963.629166845109,9963.235966726987,0,1,1
2026-09-05T02:30:00+08:00,1788546600000,9963.235348555907,9963.235966726987,0,1,1
2026-09-05T03:00:00+08:00,1788548400000,9962.743075694405,9963.235966726987,0,1,1
2026-09-05T03:30:00+08:00,1788550200000,9963.156584898066,9963.235966726987,0,1,1
2026-09-05T04:00:00+08:00,1788552000000,9963.235348555907,9963.235966726987,0,1,1
2026-09-05T04:30:00+08:00,1788553800000,9963.39159154104,9963.195348555906,1,0,1
2026-09-05T05:00:00+08:00,1788555600000,9963.273470048473,9963.195348555906,1,0,1
2026-09-05T05:30:00+08:00,1788557400000,9962.681761342441,9963.155348555905,2,0,2
2026-09-05T06:00:00+08:00,1788559200000,9963.154107840315,9963.155348555905,2,0,2
2026-09-05T06:30:00+08:00,1788561000000,9963.350918881097,9963.155348555905,2,0,2
2026-09-05T07:00:00+08:00,1788562800000,9963.980714211599,9963.155348555905,2,0,2
2026-09-05T07:30:00+08:00,1788564600000,9964.098800836067,9963.155348555905,2,0,2
2026-09-05T08:00:00+08:00,1788566400000,9963.901989795286,9963.155348555905,2,0,2
2026-09-05T08:30:00+08:00,1788568200000,9963.74454096266,9963.155348555905,2,0,2
2026-09-05T09:00:00+08:00,1788570000000,9964.13804681723,9963.50908686446,1,0,1
2026-09-05T09:30:00+08:00,1788571800000,9963.803566840845,9963.50908686446,1,0,1
2026-09-05T10:00:00+08:00,1788573600000,9963.803566840845,9963.803566840845,0,0,0
2026-09-05T10:30:00+08:00,1788575400000,9963.803566840845,9963.803566840845,0,0,0
2026-09-05T11:00:00+08:00,1788577200000,9963.803566840845,9963.803566840845,0,0,0
2026-09-05T11:30:00+08:00,1788579000000,9963.803566840845,9963.803566840845,0,0,0
2026-09-05T12:00:00+08:00,1788580800000,9963.803566840845,9963.803566840845,0,0,0
2026-09-05T12:30:00+08:00,1788582600000,9963.803566840845,9963.803566840845,0,0,0
2026-09-05T13:00:00+08:00,1788584400000,9963.803566840845,9963.803566840845,0,0,0
2026-09-05T13:30:00+08:00,1788586200000,9963.803566840845,9963.803566840845,0,0,0
2026-09-05T14:00:00+08:00,1788588000000,9963.803566840845,9963.803566840845,0,0,0
2026-09-05T14:30:00+08:00,1788589800000,9963.803566840845,9963.803566840845,0,0,0
2026-09-05T15:00:00+08:00,1788591600000,9963.803566840845,9963.803566840845,0,0,0
2026-09-05T15:30:00+08:00,1788593400000,9963.803566840845,9963.803566840845,0,0,0
2026-09-05T16:00:00+08:00,1788595200000,9963.803566840845,9963.803566840845,0,0,0
2026-09-05T16:30:00+08:00,1788597000000,9964.231972864705,9963.763566840844,1,0,1
2026-09-05T17:00:00+08:00,1788598800000,9964.173310631182,9963.763566840844,1,0,1
2026-09-05T17:30:00+08:00,1788600600000,9964.054246357224,9963.723566840843,2,0,2
2026-09-05T18:00:00+08:00,1788602400000,9964.034736161108,9964.11375655334,1,0,1
2026-09-05T18:30:00+08:00,1788604200000,9964.015225964991,9964.11375655334,1,0,1
2026-09-05T19:00:00+08:00,1788606000000,9963.586001650423,9964.11375655334,1,0,1
2026-09-05T19:30:00+08:00,1788607800000,9963.683552631008,9964.11375655334,1,0,1
2026-09-05T20:00:00+08:00,1788609600000,9963.761593415475,9964.11375655334,1,0,1
2026-09-05T20:30:00+08:00,1788611400000,9965.400449889275,9964.11375655334,1,0,1
2026-09-05T21:00:00+08:00,1788613200000,9965.127307143643,9964.11375655334,1,0,1
2026-09-05T21:30:00+08:00,1788615000000,9963.354502250995,9964.07375655334,2,0,2
2026-09-05T22:00:00+08:00,1788616800000,9963.83965364851,9964.248368710623,1,0,1
2026-09-05T22:30:00+08:00,1788618600000,9963.742623369008,9964.248368710623,1,0,1
2026-09-05T23:00:00+08:00,1788620400000,9963.451532530498,9964.248368710623,1,0,1
2026-09-05T23:30:00+08:00,1788622200000,9963.897871816213,9964.248368710623,1,0,1
2026-09-06T00:00:00+08:00,1788624000000,9964.285992934225,9964.248368710623,1,0,1
2026-09-06T00:30:00+08:00,1788625800000,9964.848768555345,9964.248368710623,1,0,1
2026-09-06T01:00:00+08:00,1788627600000,9966.648212024951,9964.208368710622,2,0,2
2026-09-06T01:30:00+08:00,1788629400000,9968.0045331146,9964.208368710622,2,0,2
2026-09-06T02:00:00+08:00,1788631200000,9966.299443744756,9964.208368710622,2,0,2
2026-09-06T02:30:00+08:00,1788633000000,9966.492903497077,9965.565604735468,1,0,1
2026-09-06T03:00:00+08:00,1788634800000,9966.415519596148,9965.565604735468,1,0,1
2026-09-06T03:30:00+08:00,1788636600000,9965.506258760235,9965.565604735468,1,0,1
2026-09-06T04:00:00+08:00,1788638400000,9965.235415106985,9965.565604735468,1,0,1
2026-09-06T04:30:00+08:00,1788640200000,9965.19672315652,9965.565604735468,1,0,1
2026-09-06T05:00:00+08:00,1788642000000,9964.03112959125,9965.156723156519,0,1,1
2026-09-06T05:30:00+08:00,1788643800000,9963.816216820165,9963.99112959125,1,0,1
2026-09-06T06:00:00+08:00,1788645600000,9963.835490073177,9963.835490073177,0,0,0
2026-09-06T06:30:00+08:00,1788647400000,9963.852268012219,9963.795490073177,0,1,1
2026-09-06T07:00:00+08:00,1788649200000,9964.08453506592,9963.795490073177,0,1,1
2026-09-06T07:30:00+08:00,1788651000000,9964.295108975615,9963.755490073176,0,2,2
2026-09-06T08:00:00+08:00,1788652800000,9963.13287335997,9963.755490073176,0,2,2
2026-09-06T08:30:00+08:00,1788654600000,9963.443012938475,9963.618712134134,0,1,1
2026-09-06T09:00:00+08:00,1788656400000,9962.977758553361,9963.618712134134,0,1,1
2026-09-06T09:30:00+08:00,1788658200000,9962.977758553361,9962.977758553361,0,0,0
2026-09-06T10:00:00+08:00,1788660000000,9962.977758553361,9962.977758553361,0,0,0
2026-09-06T10:30:00+08:00,1788661800000,9963.455178528367,9962.93775855336,1,0,1
2026-09-06T11:00:00+08:00,1788663600000,9964.685346749073,9962.93775855336,1,0,1
2026-09-06T11:30:00+08:00,1788665400000,9969.572525131853,9967.764571625756,1,0,1
2026-09-06T12:00:00+08:00,1788667200000,9969.515371930635,9967.764571625756,1,0,1
2026-09-06T12:30:00+08:00,1788669000000,9969.134350589171,9967.764571625756,1,0,1
2026-09-06T13:00:00+08:00,1788670800000,9969.877342205024,9967.764571625756,1,0,1
2026-09-06T13:30:00+08:00,1788672600000,9970.44887421722,9967.764571625756,1,0,1
2026-09-06T14:00:00+08:00,1788674400000,9969.210554857464,9967.764571625756,1,0,1
2026-09-06T14:30:00+08:00,1788676200000,9969.210554857464,9969.210554857464,0,0,0
2026-09-06T15:00:00+08:00,1788678000000,9969.210554857464,9969.210554857464,0,0,0
2026-09-06T15:30:00+08:00,1788679800000,9969.210554857464,9969.210554857464,0,0,0
2026-09-06T16:00:00+08:00,1788681600000,9969.210554857464,9969.210554857464,0,0,0
2026-09-06T16:30:00+08:00,1788683400000,9969.05440716047,9969.170554857463,0,1,1
2026-09-06T17:00:00+08:00,1788685200000,9965.646797720045,9969.170554857463,0,1,1
2026-09-06T17:30:00+08:00,1788687000000,9964.706684036246,9965.62583464429,1,0,1
2026-09-06T18:00:00+08:00,1788688800000,9964.762800032504,9965.62583464429,1,0,1
2026-09-06T18:30:00+08:00,1788690600000,9965.170143687401,9965.58583464429,2,0,2
2026-09-06T19:00:00+08:00,1788692400000,9964.757775979411,9965.58583464429,2,0,2
2026-09-06T19:30:00+08:00,1788694200000,9964.570026875015,9964.74150536459,1,0,1
2026-09-06T20:00:00+08:00,1788696000000,9964.870549136898,9964.74150536459,1,0,1
2026-09-06T20:30:00+08:00,1788697800000,9965.246201964252,9964.74150536459,1,0,1
2026-09-06T21:00:00+08:00,1788699600000,9963.96898235125,9964.74150536459,1,0,1
2026-09-06T21:30:00+08:00,1788701400000,9962.1163057166,9963.947764992618,0,1,1
2026-09-06T22:00:00+08:00,1788703200000,9959.999900970266,9962.076305716599,1,0,1
2026-09-06T22:30:00+08:00,1788705000000,9960.411090915262,9959.941218357913,0,1,1
2026-09-06T23:00:00+08:00,1788706800000,9960.222249227356,9959.941218357913,0,1,1
2026-09-06T23:30:00+08:00,1788708600000,9960.444638765275,9959.901218357913,0,2,2
2026-09-07T00:00:00+08:00,1788710400000,9959.537470151516,9959.901218357913,0,2,2
2026-09-07T00:30:00+08:00,1788712200000,9959.32944074823,9959.861218357912,0,1,1
2026-09-07T01:00:00+08:00,1788714000000,9959.424013365477,9959.861218357912,0,1,1
2026-09-07T01:30:00+08:00,1788715800000,9959.121380990287,9959.861218357912,0,1,1
2026-09-07T02:00:00+08:00,1788717600000,9958.591774333707,9959.861218357912,0,1,1
2026-09-07T02:30:00+08:00,1788719400000,9959.499671459273,9959.861218357912,0,1,1
2026-09-07T03:00:00+08:00,1788721200000,9959.915790975158,9959.861218357912,0,1,1
2026-09-07T03:30:00+08:00,1788723000000,9960.838539872715,9959.82121835791,0,2,2
2026-09-07T04:00:00+08:00,1788724800000,9960.195263551183,9959.82121835791,0,2,2
2026-09-07T04:30:00+08:00,1788726600000,9959.968224849465,9959.82121835791,0,2,2
2026-09-07T05:00:00+08:00,1788728400000,9959.362627260738,9959.932534545505,0,1,1
2026-09-07T05:30:00+08:00,1788730200000,9959.57080512261,9959.932534545505,0,1,1
2026-09-07T06:00:00+08:00,1788732000000,9960.403516570103,9959.932534545505,0,1,1
2026-09-07T06:30:00+08:00,1788733800000,9959.703281943803,9959.932534545505,0,1,1
2026-09-07T07:00:00+08:00,1788735600000,9959.703281943803,9959.703281943803,0,0,0
2026-09-07T07:30:00+08:00,1788737400000,9959.703281943803,9959.703281943803,0,0,0
2026-09-07T08:00:00+08:00,1788739200000,9959.703281943803,9959.703281943803,0,0,0
2026-09-07T08:30:00+08:00,1788741000000,9959.703281943803,9959.703281943803,0,0,0
2026-09-07T09:00:00+08:00,1788742800000,9959.703281943803,9959.703281943803,0,0,0
2026-09-07T09:30:00+08:00,1788744600000,9959.703281943803,9959.703281943803,0,0,0
2026-09-07T10:00:00+08:00,1788746400000,9959.703281943803,9959.703281943803,0,0,0
2026-09-07T10:30:00+08:00,1788748200000,9959.703281943803,9959.703281943803,0,0,0
2026-09-07T11:00:00+08:00,1788750000000,9959.703281943803,9959.703281943803,0,0,0
2026-09-07T11:30:00+08:00,1788751800000,9960.023019311771,9959.663281943802,0,1,1
2026-09-07T12:00:00+08:00,1788753600000,9959.409502561499,9959.623281943801,0,2,2
2026-09-07T12:30:00+08:00,1788755400000,9959.447610900805,9959.623281943801,0,2,2
2026-09-07T13:00:00+08:00,1788757200000,9958.398621554634,9959.716527733124,0,1,1
2026-09-07T13:30:00+08:00,1788759000000,9959.352282881866,9959.716527733124,0,1,1
2026-09-07T14:00:00+08:00,1788760800000,9959.295063202231,9959.716527733124,0,1,1
2026-09-07T14:30:00+08:00,1788762600000,9959.390429334955,9959.716527733124,0,1,1
2026-09-07T15:00:00+08:00,1788764400000,9959.981699357839,9959.716527733124,0,1,1
2026-09-07T15:30:00+08:00,1788766200000,9960.592042607266,9959.716527733124,0,1,1
2026-09-07T16:00:00+08:00,1788768000000,9959.823827977738,9959.676527733123,0,2,2
2026-09-07T16:30:00+08:00,1788769800000,9959.708862460497,9960.208724529462,0,1,1
2026-09-07T17:00:00+08:00,1788771600000,9958.904103839808,9960.208724529462,0,1,1
2026-09-07T17:30:00+08:00,1788773400000,9959.766345219117,9960.208724529462,0,1,1
2026-09-07T18:00:00+08:00,1788775200000,9959.191517632911,9960.208724529462,0,1,1
2026-09-07T18:30:00+08:00,1788777000000,9959.095713035209,9960.208724529462,0,1,1
2026-09-07T19:00:00+08:00,1788778800000,9959.344804989232,9960.208724529462,0,1,1
2026-09-07T19:30:00+08:00,1788780600000,9959.249000391532,9960.208724529462,0,1,1
2026-09-07T20:00:00+08:00,1788782400000,9958.38675901222,9960.208724529462,0,1,1
2026-09-07T20:30:00+08:00,1788784200000,9959.00941404494,9958.36591993176,1,0,1
2026-09-07T21:00:00+08:00,1788786000000,9958.952456202174,9958.36591993176,1,0,1
2026-09-07T21:30:00+08:00,1788787800000,9956.427240091823,9958.32591993176,2,0,2
2026-09-07T22:00:00+08:00,1788789600000,9954.951162628471,9957.71634150411,1,0,1
2026-09-07T22:30:00+08:00,1788791400000,9955.613532494079,9957.71634150411,1,0,1
2026-09-07T23:00:00+08:00,1788793200000,9956.470598483353,9955.59245734738,0,1,1
2026-09-07T23:30:00+08:00,1788795000000,9958.1921131133,9955.59245734738,0,1,1
2026-09-08T00:00:00+08:00,1788796800000,9957.28427972624,9955.55245734738,0,2,2
2026-09-08T00:30:00+08:00,1788798600000,9955.820907965497,9955.55245734738,0,2,2
2026-09-08T01:00:00+08:00,1788800400000,9955.29734430618,9957.023564633668,0,1,1
2026-09-08T01:30:00+08:00,1788802200000,9955.568690106005,9957.023564633668,0,1,1
2026-09-08T02:00:00+08:00,1788804000000,9956.111381705658,9957.023564633668,0,1,1
2026-09-08T02:30:00+08:00,1788805800000,9955.743126691608,9957.023564633668,0,1,1
2026-09-08T03:00:00+08:00,1788807600000,9955.394253520404,9957.023564633668,0,1,1
2026-09-08T03:30:00+08:00,1788809400000,9954.890325606442,9957.023564633668,0,1,1
2026-09-08T04:00:00+08:00,1788811200000,9955.626835634539,9957.023564633668,0,1,1
2026-09-08T04:30:00+08:00,1788813000000,9955.374871677559,9957.023564633668,0,1,1
2026-09-08T05:00:00+08:00,1788814800000,9955.102676368062,9955.334871677558,1,0,1
2026-09-08T05:30:00+08:00,1788816600000,9954.929700589515,9955.334871677558,1,0,1
2026-09-08T06:00:00+08:00,1788818400000,9954.929700589515,9954.929700589515,0,0,0
2026-09-08T06:30:00+08:00,1788820200000,9954.929700589515,9954.929700589515,0,0,0
2026-09-08T07:00:00+08:00,1788822000000,9954.521068969878,9954.889700589514,0,1,1
2026-09-08T07:30:00+08:00,1788823800000,9954.540400241622,9954.540400241622,0,0,0
2026-09-08T08:00:00+08:00,1788825600000,9953.862871805146,9954.50040024162,1,0,1
2026-09-08T08:30:00+08:00,1788827400000,9952.545020016665,9953.80359669429,0,1,1
2026-09-08T09:00:00+08:00,1788829200000,9952.830156008975,9952.505020016664,1,0,1
2026-09-08T09:30:00+08:00,1788831000000,9952.983897479422,9952.505020016664,1,0,1
2026-09-08T10:00:00+08:00,1788832800000,9951.637171735914,9952.465020016663,2,0,2
2026-09-08T10:30:00+08:00,1788834600000,9950.180407932234,9952.309713913828,1,0,1
2026-09-08T11:00:00+08:00,1788836400000,9949.413690140822,9952.309713913828,1,0,1
2026-09-08T11:30:00+08:00,1788838200000,9948.458284130902,9949.373690140821,0,1,1
2026-09-08T12:00:00+08:00,1788840000000,9948.711179200434,9949.373690140821,0,1,1
2026-09-08T12:30:00+08:00,1788841800000,9949.485804041993,9949.33369014082,0,2,2
2026-09-08T13:00:00+08:00,1788843600000,9948.12617361224,9949.33369014082,0,2,2
2026-09-08T13:30:00+08:00,1788845400000,9948.863112051406,9948.418284130901,0,1,1
2026-09-08T14:00:00+08:00,1788847200000,9949.54187114011,9948.418284130901,0,1,1
2026-09-08T14:30:00+08:00,1788849000000,9949.189573247284,9948.3782841309,0,2,2
2026-09-08T15:00:00+08:00,1788850800000,9948.178181073927,9948.3782841309,0,2,2
2026-09-08T15:30:00+08:00,1788852600000,9948.139281374953,9948.842505168224,0,1,1
2026-09-08T16:00:00+08:00,1788854400000,9948.295334032193,9948.842505168224,0,1,1
2026-09-08T16:30:00+08:00,1788856200000,9947.944215553402,9948.842505168224,0,1,1
2026-09-08T17:00:00+08:00,1788858000000,9947.534577328146,9948.842505168224,0,1,1
2026-09-08T17:30:00+08:00,1788859800000,9948.307331317996,9947.5140839103,1,0,1
2026-09-08T18:00:00+08:00,1788861600000,9948.539865478282,9947.5140839103,1,0,1
2026-09-08T18:30:00+08:00,1788863400000,9946.836441261408,9947.4740839103,2,0,2
2026-09-08T19:00:00+08:00,1788865200000,9946.007714230518,9947.705373763967,1,0,1
2026-09-08T19:30:00+08:00,1788867000000,9945.892063565394,9947.705373763967,1,0,1
2026-09-08T20:00:00+08:00,1788868800000,9945.930613787103,9947.705373763967,1,0,1
2026-09-08T20:30:00+08:00,1788870600000,9946.296840893328,9947.705373763967,1,0,1
2026-09-08T21:00:00+08:00,1788872400000,9945.911338676247,9947.705373763967,1,0,1
2026-09-08T21:30:00+08:00,1788874200000,9945.911338676247,9945.911338676247,0,0,0
2026-09-08T22:00:00+08:00,1788876000000,9945.911338676247,9945.911338676247,0,0,0
2026-09-08T22:30:00+08:00,1788877800000,9945.911338676247,9945.911338676247,0,0,0
2026-09-08T23:00:00+08:00,1788879600000,9945.911338676247,9945.911338676247,0,0,0
2026-09-08T23:30:00+08:00,1788881400000,9945.911338676247,9945.911338676247,0,0,0
2026-09-09T00:00:00+08:00,1788883200000,9945.911338676247,9945.911338676247,0,0,0
2026-09-09T00:30:00+08:00,1788885000000,9945.911338676247,9945.911338676247,0,0,0
2026-09-09T01:00:00+08:00,1788886800000,9945.101627737997,9945.871338676247,1,0,1
2026-09-09T01:30:00+08:00,1788888600000,9945.101627737997,9945.101627737997,0,0,0
2026-09-09T02:00:00+08:00,1788890400000,9945.101627737997,9945.101627737997,0,0,0
2026-09-09T02:30:00+08:00,1788892200000,9945.101627737997,9945.101627737997,0,0,0
2026-09-09T03:00:00+08:00,1788894000000,9945.101627737997,9945.101627737997,0,0,0
2026-09-09T03:30:00+08:00,1788895800000,9945.101627737997,9945.101627737997,0,0,0
2026-09-09T04:00:00+08:00,1788897600000,9945.101627737997,9945.101627737997,0,0,0
2026-09-09T04:30:00+08:00,1788899400000,9945.101627737997,9945.101627737997,0,0,0
2026-09-09T05:00:00+08:00,1788901200000,9945.138133270902,9945.061627737996,0,1,1
2026-09-09T05:30:00+08:00,1788903000000,9945.15755085972,9945.061627737996,0,1,1
2026-09-09T06:00:00+08:00,1788904800000,9944.009277953242,9945.021627737995,0,2,2
2026-09-09T06:30:00+08:00,1788906600000,9943.795560004524,9944.573858372823,0,1,1
2026-09-09T07:00:00+08:00,1788908400000,9943.737273291239,9944.573858372823,0,1,1
2026-09-09T07:30:00+08:00,1788910200000,9943.834417813383,9944.573858372823,0,1,1
2026-09-09T08:00:00+08:00,1788912000000,9943.329266298231,9944.573858372823,0,1,1
2026-09-09T08:30:00+08:00,1788913800000,9943.519534689813,9943.28926629823,1,0,1
2026-09-09T09:00:00+08:00,1788915600000,9942.378547658242,9943.24926629823,2,0,2
2026-09-09T09:30:00+08:00,1788917400000,9942.899025822708,9942.958302791762,1,0,1
2026-09-09T10:00:00+08:00,1788919200000,9942.55204037973,9942.958302791762,1,0,1
2026-09-09T10:30:00+08:00,1788921000000,9942.532763410676,9942.532763410676,0,0,0
2026-09-09T11:00:00+08:00,1788922800000,9942.532763410676,9942.532763410676,0,0,0
2026-09-09T11:30:00+08:00,1788924600000,9942.025534986251,9942.492763410675,0,1,1
2026-09-09T12:00:00+08:00,1788926400000,9940.743849712975,9942.492763410675,0,1,1
2026-09-09T12:30:00+08:00,1788928200000,9941.607227600367,9940.723269186812,1,0,1
2026-09-09T13:00:00+08:00,1788930000000,9941.45323453144,9940.723269186812,1,0,1
2026-09-09T13:30:00+08:00,1788931800000,9940.355073674556,9940.683269186811,2,0,2
2026-09-09T14:00:00+08:00,1788933600000,9941.352093523055,9940.912757057431,1,0,1
2026-09-09T14:30:00+08:00,1788935400000,9941.198705854056,9940.912757057431,1,0,1
2026-09-09T15:00:00+08:00,1788937200000,9942.134040237217,9940.87275705743,2,0,2
2026-09-09T15:30:00+08:00,1788939000000,9941.329448721244,9940.87275705743,2,0,2
2026-09-09T16:00:00+08:00,1788940800000,9942.133379526476,9941.29292006443,1,0,1
2026-09-09T16:30:00+08:00,1788942600000,9941.807992333981,9941.29292006443,1,0,1
2026-09-09T17:00:00+08:00,1788944400000,9941.788851910893,9941.788851910893,0,0,0
2026-09-09T17:30:00+08:00,1788946200000,9941.788851910893,9941.788851910893,0,0,0
2026-09-09T18:00:00+08:00,1788948000000,9940.9933182682,9941.748851910892,0,1,1
2026-09-09T18:30:00+08:00,1788949800000,9941.148028245,9941.748851910892,0,1,1
2026-09-09T19:00:00+08:00,1788951600000,9941.299768815903,9941.708851910891,0,2,2
2026-09-09T19:30:00+08:00,1788953400000,9939.329973963211,9941.708851910891,0,2,2
2026-09-09T20:00:00+08:00,1788955200000,9938.963619082624,9940.257123372608,0,1,1
2026-09-09T20:30:00+08:00,1788957000000,9938.5007867294,9940.257123372608,0,1,1
2026-09-09T21:00:00+08:00,1788958800000,9938.712918224628,9940.257123372608,0,1,1
2026-09-09T21:30:00+08:00,1788960600000,9937.15966973166,9938.672918224627,1,0,1
2026-09-09T22:00:00+08:00,1788962400000,9936.443336591115,9937.119669731659,0,1,1
2026-09-09T22:30:00+08:00,1788964200000,9937.696720049762,9937.119669731659,0,1,1
2026-09-09T23:00:00+08:00,1788966000000,9940.783995419506,9937.079669731658,0,2,2
2026-09-09T23:30:00+08:00,1788967800000,9939.23898304402,9937.079669731658,0,2,2
2026-09-10T00:00:00+08:00,1788969600000,9939.316233662796,9937.079669731658,0,2,2
2026-09-10T00:30:00+08:00,1788971400000,9937.964347834246,9937.079669731658,0,2,2
2026-09-10T01:00:00+08:00,1788973200000,9937.403356048295,9937.84954827417,0,1,1
2026-09-10T01:30:00+08:00,1788975000000,9937.712835839437,9937.84954827417,0,1,1
2026-09-10T02:00:00+08:00,1788976800000,9937.48072599608,9937.84954827417,0,1,1
2026-09-10T02:30:00+08:00,1788978600000,9938.196398013099,9937.84954827417,0,1,1
2026-09-10T03:00:00+08:00,1788980400000,9938.447850343402,9937.84954827417,0,1,1
2026-09-10T03:30:00+08:00,1788982200000,9941.506348503493,9937.809548274168,0,2,2
2026-09-10T04:00:00+08:00,1788984000000,9942.397526993394,9937.809548274168,0,2,2
2026-09-10T04:30:00+08:00,1788985800000,9940.653916904455,9937.809548274168,0,2,2
2026-09-10T05:00:00+08:00,1788987600000,9940.886769751482,9939.54905707324,0,1,1
2026-09-10T05:30:00+08:00,1788989400000,9941.527115080806,9939.54905707324,0,1,1
2026-09-10T06:00:00+08:00,1788991200000,9943.50985707324,9943.50985707324,0,0,0
2026-09-10T06:30:00+08:00,1788993000000,9943.50985707324,9943.50985707324,0,0,0
2026-09-10T07:00:00+08:00,1788994800000,9943.50985707324,9943.50985707324,0,0,0
2026-09-10T07:30:00+08:00,1788996600000,9943.50985707324,9943.50985707324,0,0,0
2026-09-10T08:00:00+08:00,1788998400000,9943.50985707324,9943.50985707324,0,0,0
2026-09-10T08:30:00+08:00,1789000200000,9943.50985707324,9943.50985707324,0,0,0
2026-09-10T09:00:00+08:00,1789002000000,9943.50985707324,9943.50985707324,0,0,0
2026-09-10T09:30:00+08:00,1789003800000,9943.50985707324,9943.50985707324,0,0,0
2026-09-10T10:00:00+08:00,1789005600000,9943.50985707324,9943.50985707324,0,0,0
2026-09-10T10:30:00+08:00,1789007400000,9943.50985707324,9943.50985707324,0,0,0
2026-09-10T11:00:00+08:00,1789009200000,9943.50985707324,9943.50985707324,0,0,0
2026-09-10T11:30:00+08:00,1789011000000,9943.213959939358,9943.46985707324,1,0,1
2026-09-10T12:00:00+08:00,1789012800000,9943.704635243635,9943.46985707324,1,0,1
2026-09-10T12:30:00+08:00,1789014600000,9943.291176135663,9943.429857073239,2,0,2
2026-09-10T13:00:00+08:00,1789016400000,9943.761924279366,9943.429857073239,2,0,2
2026-09-10T13:30:00+08:00,1789018200000,9943.761924279366,9943.429857073239,2,0,2
2026-09-10T14:00:00+08:00,1789020000000,9942.114305776411,9943.429857073239,2,0,2
2026-09-10T14:30:00+08:00,1789021800000,9942.584753771705,9942.89918176896,1,0,1
2026-09-10T15:00:00+08:00,1789023600000,9940.957787787978,9942.89918176896,1,0,1
2026-09-10T15:30:00+08:00,1789025400000,9941.389031783665,9942.89918176896,1,0,1
2026-09-10T16:00:00+08:00,1789027200000,9941.408633783469,9942.89918176896,1,0,1
2026-09-10T16:30:00+08:00,1789029000000,9941.095001786605,9942.89918176896,1,0,1
2026-09-10T17:00:00+08:00,1789030800000,9941.545847782096,9942.89918176896,1,0,1
2026-09-10T17:30:00+08:00,1789032600000,9941.036195787194,9942.89918176896,1,0,1
2026-09-10T18:00:00+08:00,1789034400000,9941.01659378739,9941.01659378739,0,0,0
2026-09-10T18:30:00+08:00,1789036200000,9941.01659378739,9941.01659378739,0,0,0
2026-09-10T19:00:00+08:00,1789038000000,9941.01659378739,9941.01659378739,0,0,0
2026-09-10T19:30:00+08:00,1789039800000,9941.01659378739,9941.01659378739,0,0,0
2026-09-10T20:00:00+08:00,1789041600000,9941.01659378739,9941.01659378739,0,0,0
2026-09-10T20:30:00+08:00,1789043400000,9941.01659378739,9941.01659378739,0,0,0
2026-09-10T21:00:00+08:00,1789045200000,9939.803566579945,9940.976593787389,0,1,1
2026-09-10T21:30:00+08:00,1789047000000,9939.297750862335,9940.976593787389,0,1,1
2026-09-10T22:00:00+08:00,1789048800000,9937.807221217232,9940.936593787388,0,2,2
2026-09-10T22:30:00+08:00,1789050600000,9937.586470815948,9938.549608857682,0,1,1
2026-09-10T23:00:00+08:00,1789052400000,9938.710291040668,9938.549608857682,0,1,1
2026-09-10T23:30:00+08:00,1789054200000,9938.52967707598,9938.549608857682,0,1,1
2026-09-11T00:00:00+08:00,1789056000000,9938.52967707598,9938.52967707598,0,0,0
2026-09-11T00:30:00+08:00,1789057800000,9938.52967707598,9938.52967707598,0,0,0
2026-09-11T01:00:00+08:00,1789059600000,9938.52967707598,9938.52967707598,0,0,0
2026-09-11T01:30:00+08:00,1789061400000,9938.52967707598,9938.52967707598,0,0,0
2026-09-11T02:00:00+08:00,1789063200000,9937.328892369744,9938.489677075979,1,0,1
2026-09-11T02:30:00+08:00,1789065000000,9936.161622468264,9937.26887835713,0,1,1
2026-09-11T03:00:00+08:00,1789066800000,9936.04146554067,9936.101485564699,1,0,1
2026-09-11T03:30:00+08:00,1789068600000,9935.560984963979,9936.101485564699,1,0,1
2026-09-11T04:00:00+08:00,1789070400000,9937.164776891586,9936.061485564698,2,0,2
2026-09-11T04:30:00+08:00,1789072200000,9936.924235187642,9936.061485564698,2,0,2
2026-09-11T05:00:00+08:00,1789074000000,9936.844054619662,9936.061485564698,2,0,2
2026-09-11T05:30:00+08:00,1789075800000,9936.002158655856,9936.061485564698,2,0,2
2026-09-11T06:00:00+08:00,1789077600000,9936.062369435742,9935.781245276352,1,0,1
2026-09-11T06:30:00+08:00,1789079400000,9934.898294357954,9935.781245276352,1,0,1
2026-09-11T07:00:00+08:00,1789081200000,9934.356397338983,9935.781245276352,1,0,1
2026-09-11T07:30:00+08:00,1789083000000,9933.694078760242,9935.781245276352,1,0,1
2026-09-11T08:00:00+08:00,1789084800000,9933.04607145875,9933.65407876024,0,1,1
2026-09-11T08:30:00+08:00,1789086600000,9932.579494032525,9933.65407876024,0,1,1
2026-09-11T09:00:00+08:00,1789088400000,9932.599780007578,9932.599780007578,0,0,0
2026-09-11T09:30:00+08:00,1789090200000,9932.599780007578,9932.599780007578,0,0,0
2026-09-11T10:00:00+08:00,1789092000000,9932.097244286104,9932.559780007578,1,0,1
2026-09-11T10:30:00+08:00,1789093800000,9932.27833102388,9932.559780007578,1,0,1
2026-09-11T11:00:00+08:00,1789095600000,9931.997001912949,9932.519780007577,2,0,2
2026-09-11T11:30:00+08:00,1789097400000,9932.158065201691,9932.519780007577,2,0,2
2026-09-11T12:00:00+08:00,1789099200000,9934.654546177211,9932.519780007577,2,0,2
2026-09-11T12:30:00+08:00,1789101000000,9933.728432266938,9932.519780007577,2,0,2
2026-09-11T13:00:00+08:00,1789102800000,9933.52710315601,9932.519780007577,2,0,2
2026-09-11T13:30:00+08:00,1789104600000,9934.57401453284,9932.519780007577,2,0,2
2026-09-11T14:00:00+08:00,1789106400000,9933.970027200054,9932.519780007577,2,0,2
2026-09-11T14:30:00+08:00,1789108200000,9934.090921966223,9933.103523215466,1,0,1
2026-09-11T15:00:00+08:00,1789110000000,9934.231937481032,9933.103523215466,1,0,1
2026-09-11T15:30:00+08:00,1789111800000,9933.929761377869,9933.103523215466,1,0,1
2026-09-11T16:00:00+08:00,1789113600000,9933.949906451413,9933.949906451413,0,0,0
2026-09-11T16:30:00+08:00,1789115400000,9933.949906451413,9933.949906451413,0,0,0
2026-09-11T17:00:00+08:00,1789117200000,9933.949906451413,9933.949906451413,0,0,0
2026-09-11T17:30:00+08:00,1789119000000,9933.949906451413,9933.949906451413,0,0,0
2026-09-11T18:00:00+08:00,1789120800000,9933.949906451413,9933.949906451413,0,0,0
2026-09-11T18:30:00+08:00,1789122600000,9933.949906451413,9933.949906451413,0,0,0
2026-09-11T19:00:00+08:00,1789124400000,9933.949906451413,9933.949906451413,0,0,0
2026-09-11T19:30:00+08:00,1789126200000,9932.757111872672,9933.909906451412,0,1,1
2026-09-11T20:00:00+08:00,1789128000000,9932.757111872672,9932.757111872672,0,0,0
2026-09-11T20:30:00+08:00,1789129800000,9936.67631187267,9936.67631187267,0,0,0
2026-09-11T21:00:00+08:00,1789131600000,9935.49438705472,9936.63631187267,1,0,1
2026-09-11T21:30:00+08:00,1789133400000,9947.402046373978,9939.981886057303,1,0,1
2026-09-11T22:00:00+08:00,1789135200000,9947.402046373978,9947.402046373978,0,0,0
2026-09-11T22:30:00+08:00,1789137000000,9947.402046373978,9947.402046373978,0,0,0
2026-09-11T23:00:00+08:00,1789138800000,9947.402046373978,9947.402046373978,0,0,0
2026-09-11T23:30:00+08:00,1789140600000,9947.402046373978,9947.402046373978,0,0,0
2026-09-12T00:00:00+08:00,1789142400000,9947.402046373978,9947.402046373978,0,0,0
2026-09-12T00:30:00+08:00,1789144200000,9947.402046373978,9947.402046373978,0,0,0
2026-09-12T01:00:00+08:00,1789146000000,9947.402046373978,9947.402046373978,0,0,0
2026-09-12T01:30:00+08:00,1789147800000,9947.402046373978,9947.402046373978,0,0,0
2026-09-12T02:00:00+08:00,1789149600000,9947.402046373978,9947.402046373978,0,0,0
2026-09-12T02:30:00+08:00,1789151400000,9947.402046373978,9947.402046373978,0,0,0
2026-09-12T03:00:00+08:00,1789153200000,9946.49044387967,9947.362046373977,0,1,1
2026-09-12T03:30:00+08:00,1789155000000,9945.500440910253,9947.362046373977,0,1,1
2026-09-12T04:00:00+08:00,1789156800000,9945.480640850865,9945.480640850865,0,0,0
2026-09-12T04:30:00+08:00,1789158600000,9945.480640850865,9945.480640850865,0,0,0
2026-09-12T05:00:00+08:00,1789160400000,9945.480640850865,9945.480640850865,0,0,0
2026-09-12T05:30:00+08:00,1789162200000,9943.903177322367,9945.440640850864,1,0,1
2026-09-12T06:00:00+08:00,1789164000000,9943.92135420507,9943.843729744074,0,1,1
2026-09-12T06:30:00+08:00,1789165800000,9944.21541535756,9943.843729744074,0,1,1
2026-09-12T07:00:00+08:00,1789167600000,9942.643969227078,9943.803729744073,0,2,2
2026-09-12T07:30:00+08:00,1789169400000,9942.251038687391,9943.450064514751,0,1,1
2026-09-12T08:00:00+08:00,1789171200000,9942.840373853845,9943.450064514751,0,1,1
2026-09-12T08:30:00+08:00,1789173000000,9943.331486492558,9943.450064514751,0,1,1
2026-09-12T09:00:00+08:00,1789174800000,9942.622985731945,9943.41006451475,0,2,2
2026-09-12T09:30:00+08:00,1789176600000,9942.976517409788,9943.41006451475,0,2,2
2026-09-12T10:00:00+08:00,1789178400000,9943.722862063014,9943.41006451475,0,2,2
2026-09-12T10:30:00+08:00,1789180200000,9943.447892980248,9943.41006451475,0,2,2
2026-09-12T11:00:00+08:00,1789182000000,9943.801424658091,9943.41006451475,0,2,2
2026-09-12T11:30:00+08:00,1789183800000,9944.351362823627,9943.41006451475,0,2,2
2026-09-12T12:00:00+08:00,1789185600000,9943.84070595563,9943.41006451475,0,2,2
2026-09-12T12:30:00+08:00,1789187400000,9944.174531419456,9943.586154075783,0,1,1
2026-09-12T13:00:00+08:00,1789189200000,9944.469083299304,9943.586154075783,0,1,1
2026-09-12T13:30:00+08:00,1789191000000,9943.641155849129,9943.546154075782,0,2,2
2026-09-12T14:00:00+08:00,1789192800000,9943.542607814537,9944.036347459507,0,1,1
2026-09-12T14:30:00+08:00,1789194600000,9943.522880003886,9944.036347459507,0,1,1
2026-09-12T15:00:00+08:00,1789196400000,9943.38478532933,9944.036347459507,0,1,1
2026-09-12T15:30:00+08:00,1789198200000,9943.562335625187,9944.036347459507,0,1,1
2026-09-12T16:00:00+08:00,1789200000000,9943.542607814537,9944.036347459507,0,1,1
2026-09-12T16:30:00+08:00,1789201800000,9943.246690654772,9944.036347459507,0,1,1
2026-09-12T17:00:00+08:00,1789203600000,9942.832406631105,9944.036347459507,0,1,1
2026-09-12T17:30:00+08:00,1789205400000,9942.891590063056,9944.036347459507,0,1,1
2026-09-12T18:00:00+08:00,1789207200000,9942.7534953885,9944.036347459507,0,1,1
2026-09-12T18:30:00+08:00,1789209000000,9942.850023826479,9942.733223199151,1,0,1
2026-09-12T19:00:00+08:00,1789210800000,9942.634422963903,9942.733223199151,1,0,1
2026-09-12T19:30:00+08:00,1789212600000,9942.868070340912,9942.69322319915,2,0,2
2026-09-12T20:00:00+08:00,1789214400000,9943.612982861308,9942.69322319915,2,0,2
2026-09-12T20:30:00+08:00,1789216200000,9942.632834808155,9942.69322319915,2,0,2
2026-09-12T21:00:00+08:00,1789218000000,9942.319147074088,9942.614023042319,1,0,1
2026-09-12T21:30:00+08:00,1789219800000,9942.475993823768,9942.614023042319,1,0,1
2026-09-12T22:00:00+08:00,1789221600000,9942.337123900283,9942.435993823767,0,1,1
2026-09-12T22:30:00+08:00,1789223400000,9942.376370515938,9942.435993823767,0,1,1
2026-09-12T23:00:00+08:00,1789225200000,9942.178636443361,9942.395993823766,0,2,2
2026-09-12T23:30:00+08:00,1789227000000,9942.060902370784,9942.395993823766,0,2,2
2026-09-13T00:00:00+08:00,1789228800000,9942.080523753815,9942.21863066897,0,1,1
2026-09-13T00:30:00+08:00,1789230600000,9942.041280987753,9942.21863066897,0,1,1
2026-09-13T01:00:00+08:00,1789232400000,9942.021659604721,9942.021659604721,0,0,0
2026-09-13T01:30:00+08:00,1789234200000,9942.021659604721,9942.021659604721,0,0,0
2026-09-13T02:00:00+08:00,1789236000000,9942.021659604721,9942.021659604721,0,0,0
2026-09-13T02:30:00+08:00,1789237800000,9942.021659604721,9942.021659604721,0,0,0
2026-09-13T03:00:00+08:00,1789239600000,9942.021659604721,9942.021659604721,0,0,0
2026-09-13T03:30:00+08:00,1789241400000,9942.611282524875,9941.98165960472,0,1,1
2026-09-13T04:00:00+08:00,1789243200000,9942.315860648336,9941.98165960472,0,1,1
2026-09-13T04:30:00+08:00,1789245000000,9942.45372419072,9941.98165960472,0,1,1
2026-09-13T05:00:00+08:00,1789246800000,9942.177997105951,9941.98165960472,0,1,1
2026-09-13T05:30:00+08:00,1789248600000,9942.177997105951,9942.177997105951,0,0,0
2026-09-13T06:00:00+08:00,1789250400000,9942.177997105951,9942.177997105951,0,0,0
2026-09-13T06:30:00+08:00,1789252200000,9942.177997105951,9942.177997105951,0,0,0
2026-09-13T07:00:00+08:00,1789254000000,9942.177997105951,9942.177997105951,0,0,0
2026-09-13T07:30:00+08:00,1789255800000,9942.177997105951,9942.177997105951,0,0,0
2026-09-13T08:00:00+08:00,1789257600000,9942.177997105951,9942.177997105951,0,0,0
2026-09-13T08:30:00+08:00,1789259400000,9942.177997105951,9942.177997105951,0,0,0
2026-09-13T09:00:00+08:00,1789261200000,9942.628916567057,9942.13799710595,1,0,1
2026-09-13T09:30:00+08:00,1789263000000,9943.159836028166,9942.13799710595,1,0,1
2026-09-13T10:00:00+08:00,1789264800000,9941.354002034956,9942.09799710595,2,0,2
2026-09-13T10:30:00+08:00,1789266600000,9941.491024615307,9942.274297627142,1,0,1
2026-09-13T11:00:00+08:00,1789268400000,9941.471464799204,9942.274297627142,1,0,1
2026-09-13T11:30:00+08:00,1789270200000,9940.982469396682,9942.274297627142,1,0,1
2026-09-13T12:00:00+08:00,1789272000000,9941.119388109388,9942.274297627142,1,0,1
2026-09-13T12:30:00+08:00,1789273800000,9941.15850774159,9942.274297627142,1,0,1
2026-09-13T13:00:00+08:00,1789275600000,9941.451904983103,9942.274297627142,1,0,1
2026-09-13T13:30:00+08:00,1789277400000,9941.097529725173,9942.234297627141,2,0,2
2026-09-13T14:00:00+08:00,1789279200000,9940.626250141555,9941.274986270397,1,0,1
2026-09-13T14:30:00+08:00,1789281000000,9941.157089385053,9940.586250141554,0,1,1
2026-09-13T15:00:00+08:00,1789282800000,9941.097975909875,9940.586250141554,0,1,1
2026-09-13T15:30:00+08:00,1789284600000,9943.365963143917,9940.546250141553,0,2,2
2026-09-13T16:00:00+08:00,1789286400000,9944.431424420514,9940.546250141553,0,2,2
2026-09-13T16:30:00+08:00,1789288200000,9946.049347099788,9940.546250141553,0,2,2
2026-09-13T17:00:00+08:00,1789290000000,9947.351577548961,9940.546250141553,0,2,2
2026-09-13T17:30:00+08:00,1789291800000,9947.612615098895,9944.768087691487,0,1,1
2026-09-13T18:00:00+08:00,1789293600000,9947.632372135931,9944.768087691487,0,1,1
2026-09-13T18:30:00+08:00,1789295400000,9947.65212917297,9947.65212917297,0,0,0
2026-09-13T19:00:00+08:00,1789297200000,9947.65212917297,9947.65212917297,0,0,0
2026-09-13T19:30:00+08:00,1789299000000,9947.65212917297,9947.65212917297,0,0,0
2026-09-13T20:00:00+08:00,1789300800000,9947.65212917297,9947.65212917297,0,0,0
2026-09-13T20:30:00+08:00,1789302600000,9947.65212917297,9947.65212917297,0,0,0
2026-09-13T21:00:00+08:00,1789304400000,9947.65212917297,9947.65212917297,0,0,0
2026-09-13T21:30:00+08:00,1789306200000,9947.65212917297,9947.65212917297,0,0,0
2026-09-13T22:00:00+08:00,1789308000000,9947.65212917297,9947.65212917297,0,0,0
2026-09-13T22:30:00+08:00,1789309800000,9947.870695766638,9947.612129172969,1,0,1
2026-09-13T23:00:00+08:00,1789311600000,9947.253658139722,9947.612129172969,1,0,1
2026-09-13T23:30:00+08:00,1789313400000,9946.695570567677,9947.572129172968,2,0,2
2026-09-14T00:00:00+08:00,1789315200000,9948.528239593845,9947.572129172968,2,0,2
2026-09-14T00:30:00+08:00,1789317000000,9948.966486534886,9947.572129172968,2,0,2
2026-09-14T01:00:00+08:00,1789318800000,9949.763299154958,9947.572129172968,2,0,2
2026-09-14T01:30:00+08:00,1789320600000,9949.803139785961,9947.572129172968,2,0,2
2026-09-14T02:00:00+08:00,1789322400000,9950.360908620012,9947.572129172968,2,0,2
2026-09-14T02:30:00+08:00,1789324200000,9950.560111775032,9947.572129172968,2,0,2
2026-09-14T03:00:00+08:00,1789326000000,9949.723458523955,9947.572129172968,2,0,2
2026-09-14T03:30:00+08:00,1789327800000,9949.683586141104,9948.48754227271,1,0,1
2026-09-14T04:00:00+08:00,1789329600000,9950.421225223856,9948.48754227271,1,0,1
2026-09-14T04:30:00+08:00,1789331400000,9950.700331903816,9948.48754227271,1,0,1
2026-09-14T05:00:00+08:00,1789333200000,9950.441786817324,9948.447542272708,2,0,2
2026-09-14T05:30:00+08:00,1789335000000,9950.244626493917,9950.560650946687,1,0,1
2026-09-14T06:00:00+08:00,1789336800000,9947.090061319395,9950.560650946687,1,0,1
2026-09-14T06:30:00+08:00,1789338600000,9947.070345287053,9950.560650946687,1,0,1
2026-09-14T07:00:00+08:00,1789340400000,9947.231568447969,9947.010629254712,0,1,1
2026-09-14T07:30:00+08:00,1789342200000,9947.873880308294,9947.010629254712,0,1,1
2026-09-14T08:00:00+08:00,1789344000000,9948.45777762124,9946.97062925471,0,2,2
2026-09-14T08:30:00+08:00,1789345800000,9946.285168435152,9946.97062925471,0,2,2
2026-09-14T09:00:00+08:00,1789347600000,9946.265096189518,9947.051062728522,0,1,1
2026-09-14T09:30:00+08:00,1789349400000,9945.196549525539,9947.051062728522,0,1,1
2026-09-14T10:00:00+08:00,1789351200000,9943.845745252207,9947.051062728522,0,1,1
2026-09-14T10:30:00+08:00,1789353000000,9943.543326385043,9947.051062728522,0,1,1
2026-09-14T11:00:00+08:00,1789354800000,9943.740282512075,9943.48316512723,1,0,1
2026-09-14T11:30:00+08:00,1789356600000,9943.403549475917,9943.48316512723,1,0,1
2026-09-14T12:00:00+08:00,1789358400000,9943.402788628666,9943.44316512723,2,0,2
2026-09-14T12:30:00+08:00,1789360200000,9944.155560579784,9943.44316512723,2,0,2
2026-09-14T13:00:00+08:00,1789362000000,9943.521647357791,9943.44316512723,2,0,2
2026-09-14T13:30:00+08:00,1789363800000,9943.699953114256,9943.4625886042,1,0,1
2026-09-14T14:00:00+08:00,1789365600000,9944.215058632932,9943.4625886042,1,0,1
2026-09-14T14:30:00+08:00,1789367400000,9944.551858395143,9943.4625886042,1,0,1
2026-09-14T15:00:00+08:00,1789369200000,9944.313809421825,9943.422588604199,2,0,2
2026-09-14T15:30:00+08:00,1789371000000,9944.491113855323,9944.432611392269,1,0,1
2026-09-14T16:00:00+08:00,1789372800000,9944.235007451382,9944.432611392269,1,0,1
2026-09-14T16:30:00+08:00,1789374600000,9944.274408436604,9944.432611392269,1,0,1
2026-09-14T17:00:00+08:00,1789376400000,9944.136504988328,9944.432611392269,1,0,1
2026-09-14T17:30:00+08:00,1789378200000,9945.180631096702,9944.432611392269,1,0,1
2026-09-14T18:00:00+08:00,1789380000000,9944.86542321493,9944.432611392269,1,0,1
2026-09-14T18:30:00+08:00,1789381800000,9944.86542321493,9944.86542321493,0,0,0
2026-09-14T19:00:00+08:00,1789383600000,9944.86542321493,9944.86542321493,0,0,0
2026-09-14T19:30:00+08:00,1789385400000,9944.86542321493,9944.86542321493,0,0,0
2026-09-14T20:00:00+08:00,1789387200000,9944.86542321493,9944.86542321493,0,0,0
2026-09-14T20:30:00+08:00,1789389000000,9944.86542321493,9944.86542321493,0,0,0
2026-09-14T21:00:00+08:00,1789390800000,9944.86542321493,9944.86542321493,0,0,0
2026-09-14T21:30:00+08:00,1789392600000,9944.488803997847,9944.825423214928,0,1,1
2026-09-14T22:00:00+08:00,1789394400000,9944.132860937349,9944.825423214928,0,1,1
2026-09-14T22:30:00+08:00,1789396200000,9944.132860937349,9944.132860937349,0,0,0
2026-09-14T23:00:00+08:00,1789398000000,9944.132860937349,9944.132860937349,0,0,0
2026-09-14T23:30:00+08:00,1789399800000,9944.132860937349,9944.132860937349,0,0,0
2026-09-15T00:00:00+08:00,1789401600000,9944.99468018963,9944.092860937348,1,0,1
2026-09-15T00:30:00+08:00,1789403400000,9945.30861994039,9944.092860937348,1,0,1
2026-09-15T01:00:00+08:00,1789405200000,9946.695611403828,9944.052860937347,2,0,2
2026-09-15T01:30:00+08:00,1789407000000,9947.047674432506,9944.052860937347,2,0,2
2026-09-15T02:00:00+08:00,1789408800000,9948.495044661522,9944.052860937347,2,0,2
2026-09-15T02:30:00+08:00,1789410600000,9949.19917071888,9944.052860937347,2,0,2
2026-09-15T03:00:00+08:00,1789412400000,9948.299454090034,9944.052860937347,2,0,2
2026-09-15T03:30:00+08:00,1789414200000,9948.026373417235,9946.799076225347,1,0,1
2026-09-15T04:00:00+08:00,1789416000000,9950.758276225346,9950.758276225346,0,0,0
2026-09-15T04:30:00+08:00,1789417800000,9950.758276225346,9950.758276225346,0,0,0
2026-09-15T05:00:00+08:00,1789419600000,9950.758276225346,9950.758276225346,0,0,0
2026-09-15T05:30:00+08:00,1789421400000,9950.758276225346,9950.758276225346,0,0,0
2026-09-15T06:00:00+08:00,1789423200000,9950.758276225346,9950.758276225346,0,0,0
2026-09-15T06:30:00+08:00,1789425000000,9950.758276225346,9950.758276225346,0,0,0
2026-09-15T07:00:00+08:00,1789426800000,9950.658822758458,9950.718276225345,0,1,1
2026-09-15T07:30:00+08:00,1789428600000,9951.32024063262,9950.718276225345,0,1,1
2026-09-15T08:00:00+08:00,1789430400000,9950.908950881716,9950.678276225344,0,2,2
2026-09-15T08:30:00+08:00,1789432200000,9951.610437317295,9950.678276225344,0,2,2
2026-09-15T09:00:00+08:00,1789434000000,9952.623695502023,9950.678276225344,0,2,2
2026-09-15T09:30:00+08:00,1789435800000,9952.35089522152,9950.678276225344,0,2,2
2026-09-15T10:00:00+08:00,1789437600000,9952.195009346946,9950.678276225344,0,2,2
2026-09-15T10:30:00+08:00,1789439400000,9952.800067401391,9951.766577304796,0,1,1
2026-09-15T11:00:00+08:00,1789441200000,9953.697895482179,9951.766577304796,0,1,1
2026-09-15T11:30:00+08:00,1789443000000,9953.53943496152,9951.726577304795,0,2,2
2026-09-15T12:00:00+08:00,1789444800000,9954.12788886646,9951.726577304795,0,2,2
2026-09-15T12:30:00+08:00,1789446600000,9954.637882250743,9951.726577304795,0,2,2
2026-09-15T13:00:00+08:00,1789448400000,9956.128632143258,9951.726577304795,0,2,2
2026-09-15T13:30:00+08:00,1789450200000,9954.480961209425,9951.726577304795,0,2,2
2026-09-15T14:00:00+08:00,1789452000000,9955.0131921909,9954.087291520817,0,1,1
2026-09-15T14:30:00+08:00,1789453800000,9955.308876069495,9954.087291520817,0,1,1
2026-09-15T15:00:00+08:00,1789455600000,9955.446861879507,9954.087291520817,0,1,1
2026-09-15T15:30:00+08:00,1789457400000,9956.215639963859,9954.087291520817,0,1,1
2026-09-15T16:00:00+08:00,1789459200000,9956.511323842456,9954.087291520817,0,1,1
2026-09-15T16:30:00+08:00,1789461000000,9955.023218846673,9954.047291520816,0,2,2
2026-09-15T17:00:00+08:00,1789462800000,9955.063131057366,9955.761682533823,0,1,1
2026-09-15T17:30:00+08:00,1789464600000,9954.68396505577,9955.761682533823,0,1,1
2026-09-15T18:00:00+08:00,1789466400000,9954.90348221459,9955.761682533823,0,1,1
2026-09-15T18:30:00+08:00,1789468200000,9954.424535686258,9955.761682533823,0,1,1
2026-09-15T19:00:00+08:00,1789470000000,9955.003262741324,9955.761682533823,0,1,1
2026-09-15T19:30:00+08:00,1789471800000,9954.664008950424,9955.761682533823,0,1,1
2026-09-15T20:00:00+08:00,1789473600000,9954.244930738132,9955.761682533823,0,1,1
2026-09-15T20:30:00+08:00,1789475400000,9954.006374771412,9954.184974632784,1,0,1
2026-09-15T21:00:00+08:00,1789477200000,9953.927174850627,9954.184974632784,1,0,1
2026-09-15T21:30:00+08:00,1789479000000,9952.401050159664,9954.144974632783,2,0,2
2026-09-15T22:00:00+08:00,1789480800000,9951.132615032277,9953.154575583372,1,0,1
2026-09-15T22:30:00+08:00,1789482600000,9955.053415032276,9955.053415032276,0,0,0
2026-09-15T23:00:00+08:00,1789484400000,9955.053415032276,9955.053415032276,0,0,0
2026-09-15T23:30:00+08:00,1789486200000,9955.053415032276,9955.053415032276,0,0,0
2026-09-16T00:00:00+08:00,1789488000000,9955.053415032276,9955.053415032276,0,0,0
2026-09-16T00:30:00+08:00,1789489800000,9955.053415032276,9955.053415032276,0,0,0
2026-09-16T01:00:00+08:00,1789491600000,9955.053415032276,9955.053415032276,0,0,0
2026-09-16T01:30:00+08:00,1789493400000,9955.053415032276,9955.053415032276,0,0,0
2026-09-16T02:00:00+08:00,1789495200000,9955.053415032276,9955.053415032276,0,0,0
2026-09-16T02:30:00+08:00,1789497000000,9951.410207503994,9955.013415032276,1,0,1
2026-09-16T03:00:00+08:00,1789498800000,9952.410843524785,9951.370207503993,0,1,1
2026-09-16T03:30:00+08:00,1789500600000,9951.921498911597,9951.370207503993,0,1,1
2026-09-16T04:00:00+08:00,1789502400000,9955.94565405778,9951.330207503992,0,2,2
2026-09-16T04:30:00+08:00,1789504200000,9953.74045204517,9951.330207503992,0,2,2
2026-09-16T05:00:00+08:00,1789506000000,9954.967373327196,9952.799020061326,0,1,1
2026-09-16T05:30:00+08:00,1789507800000,9955.499013928238,9952.799020061326,0,1,1
2026-09-16T06:00:00+08:00,1789509600000,9954.4099229869,9952.759020061325,0,2,2
2026-09-16T06:30:00+08:00,1789511400000,9953.643057361027,9954.947821042619,0,1,1
2026-09-16T07:00:00+08:00,1789513200000,9952.896639450579,9954.947821042619,0,1,1
2026-09-16T07:30:00+08:00,1789515000000,9954.223604624709,9954.947821042619,0,1,1
2026-09-16T08:00:00+08:00,1789516800000,9953.497920545105,9954.947821042619,0,1,1
2026-09-16T08:30:00+08:00,1789518600000,9953.788194176946,9954.947821042619,0,1,1
2026-09-16T09:00:00+08:00,1789520400000,9953.788194176946,9954.947821042619,0,1,1
2026-09-16T09:30:00+08:00,1789522200000,9952.492193352373,9953.748194176946,1,0,1
2026-09-16T10:00:00+08:00,1789524000000,9950.814831457643,9952.431583168905,0,1,1
2026-09-16T10:30:00+08:00,1789525800000,9950.672936458315,9950.754084724598,1,0,1
2026-09-16T11:00:00+08:00,1789527600000,9950.631788192033,9950.754084724598,1,0,1
2026-09-16T11:30:00+08:00,1789529400000,9950.716415141478,9950.714084724597,2,0,2
2026-09-16T12:00:00+08:00,1789531200000,9951.498393151349,9950.714084724597,2,0,2
2026-09-16T12:30:00+08:00,1789533000000,9950.798728616202,9950.714084724597,2,0,2
2026-09-16T13:00:00+08:00,1789534800000,9950.428317979948,9950.714084724597,2,0,2
2026-09-16T13:30:00+08:00,1789536600000,9950.55182207635,9950.509491659468,1,0,1
2026-09-16T14:00:00+08:00,1789538400000,9950.366578638366,9950.509491659468,1,0,1
2026-09-16T14:30:00+08:00,1789540200000,9950.345996034146,9950.345996034146,0,0,0
2026-09-16T15:00:00+08:00,1789542000000,9950.345996034146,9950.345996034146,0,0,0
2026-09-16T15:30:00+08:00,1789543800000,9950.345996034146,9950.345996034146,0,0,0
2026-09-16T16:00:00+08:00,1789545600000,9950.345996034146,9950.345996034146,0,0,0
2026-09-16T16:30:00+08:00,1789547400000,9950.345996034146,9950.345996034146,0,0,0
2026-09-16T17:00:00+08:00,1789549200000,9950.345996034146,9950.345996034146,0,0,0
2026-09-16T17:30:00+08:00,1789551000000,9950.345996034146,9950.345996034146,0,0,0
2026-09-16T18:00:00+08:00,1789552800000,9950.345996034146,9950.345996034146,0,0,0
2026-09-16T18:30:00+08:00,1789554600000,9950.345996034146,9950.345996034146,0,0,0
2026-09-16T19:00:00+08:00,1789556400000,9950.345996034146,9950.345996034146,0,0,0
2026-09-16T19:30:00+08:00,1789558200000,9950.345996034146,9950.345996034146,0,0,0
2026-09-16T20:00:00+08:00,1789560000000,9950.345996034146,9950.345996034146,0,0,0
2026-09-16T20:30:00+08:00,1789561800000,9950.345996034146,9950.345996034146,0,0,0
2026-09-16T21:00:00+08:00,1789563600000,9950.345996034146,9950.345996034146,0,0,0
2026-09-16T21:30:00+08:00,1789565400000,9950.345996034146,9950.345996034146,0,0,0
2026-09-16T22:00:00+08:00,1789567200000,9950.345996034146,9950.345996034146,0,0,0
2026-09-16T22:30:00+08:00,1789569000000,9950.345996034146,9950.345996034146,0,0,0
2026-09-16T23:00:00+08:00,1789570800000,9950.345996034146,9950.345996034146,0,0,0
2026-09-16T23:30:00+08:00,1789572600000,9950.345996034146,9950.345996034146,0,0,0
2026-09-17T00:00:00+08:00,1789574400000,9950.345996034146,9950.345996034146,0,0,0
2026-09-17T00:30:00+08:00,1789576200000,9950.345996034146,9950.345996034146,0,0,0
2026-09-17T01:00:00+08:00,1789578000000,9950.345996034146,9950.345996034146,0,0,0
2026-09-17T01:30:00+08:00,1789579800000,9950.345996034146,9950.345996034146,0,0,0
2026-09-17T02:00:00+08:00,1789581600000,9950.345996034146,9950.345996034146,0,0,0
2026-09-17T02:30:00+08:00,1789583400000,9950.345996034146,9950.345996034146,0,0,0
2026-09-17T03:00:00+08:00,1789585200000,9950.345996034146,9950.345996034146,0,0,0
2026-09-17T03:30:00+08:00,1789587000000,9950.345996034146,9950.345996034146,0,0,0
2026-09-17T04:00:00+08:00,1789588800000,9951.285887903981,9950.305996034145,1,0,1
2026-09-17T04:30:00+08:00,1789590600000,9951.755209201423,9950.265996034144,2,0,2
2026-09-17T05:00:00+08:00,1789592400000,9950.412299812157,9950.265996034144,2,0,2
2026-09-17T05:30:00+08:00,1789594200000,9950.432596198676,9950.837931156046,1,0,1
2026-09-17T06:00:00+08:00,1789596000000,9949.235109393967,9950.837931156046,1,0,1
2026-09-17T06:30:00+08:00,1789597800000,9948.60592141183,9950.837931156046,1,0,1
2026-09-17T07:00:00+08:00,1789599600000,9950.51378174476,9950.837931156046,1,0,1
2026-09-17T07:30:00+08:00,1789601400000,9950.96030224821,9950.837931156046,1,0,1
2026-09-17T08:00:00+08:00,1789603200000,9951.570099439748,9950.797931156045,2,0,2
2026-09-17T08:30:00+08:00,1789605000000,9951.083183775132,9950.797931156045,2,0,2
2026-09-17T09:00:00+08:00,1789606800000,9952.502778095619,9951.021784180812,1,0,1
2026-09-17T09:30:00+08:00,1789608600000,9952.15801947493,9951.021784180812,1,0,1
2026-09-17T10:00:00+08:00,1789610400000,9951.53215046618,9950.98178418081,2,0,2
2026-09-17T10:30:00+08:00,1789612200000,9952.056292012709,9951.854380529696,1,0,1
2026-09-17T11:00:00+08:00,1789614000000,9952.721548590993,9951.854380529696,1,0,1
2026-09-17T11:30:00+08:00,1789615800000,9953.26584942777,9951.854380529696,1,0,1
2026-09-17T12:00:00+08:00,1789617600000,9950.313243392557,9951.814380529695,2,0,2
2026-09-17T12:30:00+08:00,1789619400000,9951.614141159363,9951.754221239444,1,0,1
2026-09-17T13:00:00+08:00,1789621200000,9951.213820839042,9951.754221239444,1,0,1
2026-09-17T13:30:00+08:00,1789623000000,9951.213820839042,9951.213820839042,0,0,0
2026-09-17T14:00:00+08:00,1789624800000,9951.213820839042,9951.213820839042,0,0,0
2026-09-17T14:30:00+08:00,1789626600000,9951.213820839042,9951.213820839042,0,0,0
2026-09-17T15:00:00+08:00,1789628400000,9951.213820839042,9951.213820839042,0,0,0
2026-09-17T15:30:00+08:00,1789630200000,9951.213820839042,9951.213820839042,0,0,0
2026-09-17T16:00:00+08:00,1789632000000,9951.213820839042,9951.213820839042,0,0,0
2026-09-17T16:30:00+08:00,1789633800000,9951.213820839042,9951.213820839042,0,0,0
2026-09-17T17:00:00+08:00,1789635600000,9951.213820839042,9951.213820839042,0,0,0
2026-09-17T17:30:00+08:00,1789637400000,9951.213820839042,9951.213820839042,0,0,0
2026-09-17T18:00:00+08:00,1789639200000,9951.213820839042,9951.213820839042,0,0,0
2026-09-17T18:30:00+08:00,1789641000000,9950.832706940397,9951.173820839042,0,1,1
2026-09-17T19:00:00+08:00,1789642800000,9950.491444521931,9951.173820839042,0,1,1
2026-09-17T19:30:00+08:00,1789644600000,9949.950483605302,9951.13382083904,0,2,2
2026-09-17T20:00:00+08:00,1789646400000,9945.66125328116,9951.13382083904,0,2,2
2026-09-17T20:30:00+08:00,1789648200000,9944.751432486348,9945.66133954587,1,0,1
2026-09-17T21:00:00+08:00,1789650000000,9944.000149116762,9945.66133954587,1,0,1
2026-09-17T21:30:00+08:00,1789651800000,9944.000149116762,9944.000149116762,0,0,0
2026-09-17T22:00:00+08:00,1789653600000,9944.000149116762,9944.000149116762,0,0,0
2026-09-17T22:30:00+08:00,1789655400000,9944.000149116762,9944.000149116762,0,0,0
2026-09-17T23:00:00+08:00,1789657200000,9944.000149116762,9944.000149116762,0,0,0
2026-09-17T23:30:00+08:00,1789659000000,9944.000149116762,9944.000149116762,0,0,0
2026-09-18T00:00:00+08:00,1789660800000,9944.000149116762,9944.000149116762,0,0,0
2026-09-18T00:30:00+08:00,1789662600000,9944.000149116762,9944.000149116762,0,0,0
2026-09-18T01:00:00+08:00,1789664400000,9944.000149116762,9944.000149116762,0,0,0
2026-09-18T01:30:00+08:00,1789666200000,9944.000149116762,9944.000149116762,0,0,0
2026-09-18T02:00:00+08:00,1789668000000,9944.000149116762,9944.000149116762,0,0,0
2026-09-18T02:30:00+08:00,1789669800000,9944.000149116762,9944.000149116762,0,0,0
2026-09-18T03:00:00+08:00,1789671600000,9943.622500074007,9943.960149116761,0,1,1
2026-09-18T03:30:00+08:00,1789673400000,9943.721716421593,9943.960149116761,0,1,1
2026-09-18T04:00:00+08:00,1789675200000,9942.392260929037,9943.92014911676,0,2,2
2026-09-18T04:30:00+08:00,1789677000000,9942.35261764723,9943.04673179705,0,1,1
2026-09-18T05:00:00+08:00,1789678800000,9942.41208256994,9943.04673179705,0,1,1
2026-09-18T05:30:00+08:00,1789680600000,9942.649942260785,9943.04673179705,0,1,1
2026-09-18T06:00:00+08:00,1789682400000,9943.48092605498,9943.00673179705,0,2,2
2026-09-18T06:30:00+08:00,1789684200000,9941.500526502377,9943.00673179705,0,2,2
2026-09-18T07:00:00+08:00,1789686000000,9941.322449351042,9942.074757956383,0,1,1
2026-09-18T07:30:00+08:00,1789687800000,9941.08501314926,9942.074757956383,0,1,1
2026-09-18T08:00:00+08:00,1789689600000,9942.31176685846,9942.074757956383,0,1,1
2026-09-18T08:30:00+08:00,1789691400000,9941.520312852526,9942.074757956383,0,1,1
2026-09-18T09:00:00+08:00,1789693200000,9941.500526502377,9941.500526502377,0,0,0
2026-09-18T09:30:00+08:00,1789695000000,9941.500526502377,9941.500526502377,0,0,0
2026-09-18T10:00:00+08:00,1789696800000,9941.615742747617,9941.460526502377,1,0,1
2026-09-18T10:30:00+08:00,1789698600000,9941.96713198905,9941.460526502377,1,0,1
2026-09-18T11:00:00+08:00,1789700400000,9946.819585014038,9941.420526502376,2,0,2
2026-09-18T11:30:00+08:00,1789702200000,9949.21019129262,9945.64818545036,1,0,1
2026-09-18T12:00:00+08:00,1789704000000,9949.60738545036,9949.60738545036,0,0,0
2026-09-18T12:30:00+08:00,1789705800000,9949.60738545036,9949.60738545036,0,0,0
2026-09-18T13:00:00+08:00,1789707600000,9949.60738545036,9949.60738545036,0,0,0
2026-09-18T13:30:00+08:00,1789709400000,9949.60738545036,9949.60738545036,0,0,0
2026-09-18T14:00:00+08:00,1789711200000,9949.60738545036,9949.60738545036,0,0,0
2026-09-18T14:30:00+08:00,1789713000000,9949.60738545036,9949.60738545036,0,0,0
2026-09-18T15:00:00+08:00,1789714800000,9949.60738545036,9949.60738545036,0,0,0
2026-09-18T15:30:00+08:00,1789716600000,9949.60738545036,9949.60738545036,0,0,0
2026-09-18T16:00:00+08:00,1789718400000,9949.60738545036,9949.60738545036,0,0,0
2026-09-18T16:30:00+08:00,1789720200000,9949.60738545036,9949.60738545036,0,0,0
2026-09-18T17:00:00+08:00,1789722000000,9949.60738545036,9949.60738545036,0,0,0
2026-09-18T17:30:00+08:00,1789723800000,9949.60738545036,9949.60738545036,0,0,0
2026-09-18T18:00:00+08:00,1789725600000,9949.60738545036,9949.60738545036,0,0,0
2026-09-18T18:30:00+08:00,1789727400000,9949.60738545036,9949.60738545036,0,0,0
2026-09-18T19:00:00+08:00,1789729200000,9949.60738545036,9949.60738545036,0,0,0
2026-09-18T19:30:00+08:00,1789731000000,9948.996070709323,9949.567385450358,0,1,1
2026-09-18T20:00:00+08:00,1789732800000,9949.09094834165,9949.567385450358,0,1,1
2026-09-18T20:30:00+08:00,1789734600000,9948.574985441477,9949.527385450358,0,2,2
2026-09-18T21:00:00+08:00,1789736400000,9947.854666265972,9949.527385450358,0,2,2
2026-09-18T21:30:00+08:00,1789738200000,9938.2251362355,9949.527385450358,0,2,2
2026-09-18T22:00:00+08:00,1789740000000,9936.653447481242,9943.661898825429,0,1,1
2026-09-18T22:30:00+08:00,1789741800000,9939.171686390337,9936.632383490327,1,0,1
2026-09-18T23:00:00+08:00,1789743600000,9938.78753489459,9936.632383490327,1,0,1
2026-09-18T23:30:00+08:00,1789745400000,9940.9089626999,9936.592383490326,2,0,2
2026-09-19T00:00:00+08:00,1789747200000,9943.128483158123,9936.592383490326,2,0,2
2026-09-19T00:30:00+08:00,1789749000000,9943.751066978144,9941.674226587265,1,0,1
2026-09-19T01:00:00+08:00,1789750800000,9943.751066978144,9943.751066978144,0,0,0
2026-09-19T01:30:00+08:00,1789752600000,9943.751066978144,9943.751066978144,0,0,0
2026-09-19T02:00:00+08:00,1789754400000,9943.751066978144,9943.751066978144,0,0,0
2026-09-19T02:30:00+08:00,1789756200000,9943.751066978144,9943.751066978144,0,0,0
2026-09-19T03:00:00+08:00,1789758000000,9943.751066978144,9943.751066978144,0,0,0
2026-09-19T03:30:00+08:00,1789759800000,9943.751066978144,9943.751066978144,0,0,0
2026-09-19T04:00:00+08:00,1789761600000,9943.751066978144,9943.751066978144,0,0,0
2026-09-19T04:30:00+08:00,1789763400000,9943.751066978144,9943.751066978144,0,0,0
2026-09-19T05:00:00+08:00,1789765200000,9943.751066978144,9943.751066978144,0,0,0
2026-09-19T05:30:00+08:00,1789767000000,9943.751066978144,9943.751066978144,0,0,0
2026-09-19T06:00:00+08:00,1789768800000,9943.751066978144,9943.751066978144,0,0,0
2026-09-19T06:30:00+08:00,1789770600000,9943.759416063913,9943.711066978143,0,1,1
2026-09-19T07:00:00+08:00,1789772400000,9943.865434966836,9943.711066978143,0,1,1
2026-09-19T07:30:00+08:00,1789774200000,9945.217440135282,9943.671066978142,0,2,2
2026-09-19T08:00:00+08:00,1789776000000,9943.626312865079,9943.671066978142,0,2,2
2026-09-19T08:30:00+08:00,1789777800000,9941.82303529218,9943.671066978142,0,2,2
2026-09-19T09:00:00+08:00,1789779600000,9942.318315157774,9942.853595023367,0,1,1
2026-09-19T09:30:00+08:00,1789781400000,9942.247560891261,9942.853595023367,0,1,1
2026-09-19T10:00:00+08:00,1789783200000,9942.43247766598,9942.813595023366,0,2,2
2026-09-19T10:30:00+08:00,1789785000000,9941.514010306593,9942.813595023366,0,2,2
2026-09-19T11:00:00+08:00,1789786800000,9942.043071872218,9941.853789558692,0,1,1
2026-09-19T11:30:00+08:00,1789788600000,9942.14889447846,9941.853789558692,0,1,1
2026-09-19T11:30:00+08:00,1789788600000,9942.14889447846,9942.14889447846,0,0,0
