open_time_beijing,timestamp_ms,open,high,low,close,vol,volCcy,volCcyQuote,confirm
2026-03-27T00:00:00+08:00,1774540800000,87.47,87.68,87.07,87.16,291370.44,291370.44,25450084.8185,1
2026-03-27T01:00:00+08:00,1774544400000,87.15,87.44,86.4,86.57,389322.26,389322.26,33825291.005,1
2026-03-27T02:00:00+08:00,1774548000000,86.57,86.76,85.64,86,696853.96,696853.96,59981095.0912,1
2026-03-27T03:00:00+08:00,1774551600000,85.99,86.03,85.37,85.42,315668.64,315668.64,27052742.825,1
2026-03-27T04:00:00+08:00,1774555200000,85.41,87.08,85.38,86.27,892229.43,892229.43,77205301.6742,1
2026-03-27T05:00:00+08:00,1774558800000,86.28,87.06,86.14,86.76,261924.38,261924.38,22725828.4157,1
2026-03-27T06:00:00+08:00,1774562400000,86.75,86.83,86.16,86.76,208246.28,208246.28,18020434.5043,1
2026-03-27T07:00:00+08:00,1774566000000,86.75,86.9,86.14,86.48,265159.45,265159.45,22920532.2239,1
2026-03-27T08:00:00+08:00,1774569600000,86.48,86.75,86.14,86.51,224045.28,224045.28,19363111.7666,1
2026-03-27T09:00:00+08:00,1774573200000,86.5,86.85,86.4,86.84,172439.06,172439.06,14946078.5417,1
2026-03-27T10:00:00+08:00,1774576800000,86.85,86.99,86.47,86.64,171858.53,171858.53,14911294.2057,1
2026-03-27T11:00:00+08:00,1774580400000,86.65,86.74,86.3,86.37,167602.49,167602.49,14489601.3165,1
2026-03-27T12:00:00+08:00,1774584000000,86.37,86.39,85.68,86.1,350367.25,350367.25,30124226.403,1
2026-03-27T13:00:00+08:00,1774587600000,86.1,86.7,85.88,86.05,254373.33,254373.33,21930416.1913,1
2026-03-27T14:00:00+08:00,1774591200000,86.05,86.34,85.84,86,167081.77,167081.77,14381620.8999,1
2026-03-27T15:00:00+08:00,1774594800000,86,86.29,85.62,85.87,314451.31,314451.31,27030128.8393,1
2026-03-27T16:00:00+08:00,1774598400000,85.86,86.08,84.27,85.02,1318062.22,1318062.22,112033805.5901,1
2026-03-27T17:00:00+08:00,1774602000000,85.03,85.17,84.34,85,433502.87,433502.87,36787830.6558,1
2026-03-27T18:00:00+08:00,1774605600000,85,85.08,82.55,82.93,1731371.85,1731371.85,144544073.1024,1
2026-03-27T19:00:00+08:00,1774609200000,82.94,83.54,82.58,83.29,478202.77,478202.77,39767076.7879,1
2026-03-27T20:00:00+08:00,1774612800000,83.3,83.35,82.98,83.03,399524.37,399524.37,33216153.6386,1
2026-03-27T21:00:00+08:00,1774616400000,83.03,83.46,82.37,82.86,646460.53,646460.53,53611331.2819,1
2026-03-27T22:00:00+08:00,1774620000000,82.86,83.28,82.54,83.12,474349.37,474349.37,39318826.8113,1
2026-03-27T23:00:00+08:00,1774623600000,83.12,83.93,82.9,83.25,678106.9,678106.9,56578947.612,1
2026-03-28T00:00:00+08:00,1774627200000,83.25,83.29,82.5,82.93,628233,628233,52034168.9859,1
2026-03-28T01:00:00+08:00,1774630800000,82.93,83.35,82.01,82.16,468791.2,468791.2,38696078.0825,1
2026-03-28T02:00:00+08:00,1774634400000,82.15,82.42,81.74,82.29,410821.58,410821.58,33736763.4972,1
2026-03-28T03:00:00+08:00,1774638000000,82.29,82.83,81.97,82.73,242077.91,242077.91,19959058.2234,1
2026-03-28T04:00:00+08:00,1774641600000,82.72,82.89,82.29,82.7,155259.25,155259.25,12824572.2473,1
2026-03-28T05:00:00+08:00,1774645200000,82.69,82.97,82.61,82.68,122575.6,122575.6,10154043.8743,1
2026-03-28T06:00:00+08:00,1774648800000,82.69,82.77,82.46,82.66,79283.33,79283.33,6551583.1909,1
2026-03-28T07:00:00+08:00,1774652400000,82.67,83.06,82.38,83.02,165337.56,165337.56,13684622.4283,1
2026-03-28T08:00:00+08:00,1774656000000,83.02,83.02,82.65,82.79,126822.81,126822.81,10502037.6786,1
2026-03-28T09:00:00+08:00,1774659600000,82.78,82.81,82.18,82.59,228858.02,228858.02,18877569.588,1
2026-03-28T10:00:00+08:00,1774663200000,82.6,82.85,82.3,82.5,182268.08,182268.08,15041283.7672,1
2026-03-28T11:00:00+08:00,1774666800000,82.5,82.65,82.44,82.53,83943.64,83943.64,6930929.6094,1
2026-03-28T12:00:00+08:00,1774670400000,82.53,82.72,82.34,82.5,183061.2,183061.2,15108691.8832,1
2026-03-28T13:00:00+08:00,1774674000000,82.5,82.73,82.3,82.68,194807.71,194807.71,16078229.8272,1
2026-03-28T14:00:00+08:00,1774677600000,82.68,83.22,82.6,83.12,366776.32,366776.32,30444487.2827,1
2026-03-28T15:00:00+08:00,1774681200000,83.12,83.59,83.11,83.54,228938.95,228938.95,19090708.5264,1
2026-03-28T16:00:00+08:00,1774684800000,83.54,83.64,83.31,83.33,222680.53,222680.53,18592742.4306,1
2026-03-28T17:00:00+08:00,1774688400000,83.32,83.33,82.85,82.98,263869.07,263869.07,21909589.6048,1
2026-03-28T18:00:00+08:00,1774692000000,82.97,83.28,82.65,82.94,236484.71,236484.71,19604999.5789,1
2026-03-28T19:00:00+08:00,1774695600000,82.95,83,82.83,82.88,109568.94,109568.94,9085610.0908,1
2026-03-28T20:00:00+08:00,1774699200000,82.87,83.15,82.53,82.63,224051.79,224051.79,18555631.2098,1
2026-03-28T21:00:00+08:00,1774702800000,82.63,84.08,82.62,83.31,725292.77,725292.77,60497305.9511,1
2026-03-28T22:00:00+08:00,1774706400000,83.32,83.47,82.92,83.18,373734.12,373734.12,31090210.6496,1
2026-03-28T23:00:00+08:00,1774710000000,83.17,84.25,83.12,83.76,646545.15,646545.15,54171460.5979,1
2026-03-29T00:00:00+08:00,1774713600000,83.76,83.88,83.39,83.49,242461.25,242461.25,20275389.5316,1
2026-03-29T01:00:00+08:00,1774717200000,83.49,83.67,83.07,83.25,202087.12,202087.12,16835127.4556,1
2026-03-29T02:00:00+08:00,1774720800000,83.25,83.46,83.23,83.31,96023.51,96023.51,8005795.9274,1
2026-03-29T03:00:00+08:00,1774724400000,83.3,83.37,82.95,83.21,114115.44,114115.44,9483956.1894,1
2026-03-29T04:00:00+08:00,1774728000000,83.22,83.44,83.21,83.32,88594.99,88594.99,7383571.0053,1
2026-03-29T05:00:00+08:00,1774731600000,83.32,83.36,82.25,82.63,297605.77,297605.77,24632352.1566,1
2026-03-29T06:00:00+08:00,1774735200000,82.62,82.84,82.4,82.73,142228.82,142228.82,11754371.8525,1
2026-03-29T07:00:00+08:00,1774738800000,82.72,82.72,81.6,82.02,431135.4,431135.4,35349904.4285,1
2026-03-29T08:00:00+08:00,1774742400000,82.02,82.21,81.79,82.13,218552.77,218552.77,17924908.514,1
2026-03-29T09:00:00+08:00,1774746000000,82.13,82.45,82.01,82.4,213034.89,213034.89,17526627.5458,1
2026-03-29T10:00:00+08:00,1774749600000,82.4,82.78,82.34,82.71,169662.76,169662.76,14002792.4724,1
2026-03-29T11:00:00+08:00,1774753200000,82.7,83.18,82.63,82.95,188361.3,188361.3,15619427.9447,1
2026-03-29T12:00:00+08:00,1774756800000,82.94,82.98,82.66,82.72,112003.04,112003.04,9271426.6055,1
2026-03-29T13:00:00+08:00,1774760400000,82.71,82.83,82.34,82.64,238747.27,238747.27,19719817.0488,1
2026-03-29T14:00:00+08:00,1774764000000,82.65,82.76,82.23,82.42,255435.57,255435.57,21053405.1122,1
2026-03-29T15:00:00+08:00,1774767600000,82.43,82.56,82.16,82.39,138514.56,138514.56,11406099.4753,1
2026-03-29T16:00:00+08:00,1774771200000,82.39,82.56,82.29,82.4,89641.28,89641.28,7387322.3597,1
2026-03-29T17:00:00+08:00,1774774800000,82.39,82.49,82.1,82.3,123464.18,123464.18,10158074.6144,1
2026-03-29T18:00:00+08:00,1774778400000,82.3,82.3,81.93,82.08,206444.62,206444.62,16952297.1652,1
2026-03-29T19:00:00+08:00,1774782000000,82.07,82.78,82.06,82.52,235711.41,235711.41,19449738.9591,1
2026-03-29T20:00:00+08:00,1774785600000,82.52,82.59,82.17,82.38,116982.95,116982.95,9635329.5185,1
2026-03-29T21:00:00+08:00,1774789200000,82.38,82.42,81.62,81.86,398652.91,398652.91,32651694.5008,1
2026-03-29T22:00:00+08:00,1774792800000,81.86,82.38,81.66,81.87,289467.18,289467.18,23718565.248,1
2026-03-29T23:00:00+08:00,1774796400000,81.88,82.09,81.21,81.78,446691.04,446691.04,36458181.7121,1
2026-03-30T00:00:00+08:00,1774800000000,81.78,82.08,81.56,81.65,191880,191880,15699800.8665,1
2026-03-30T01:00:00+08:00,1774803600000,81.65,81.8,81.07,81.49,297279.91,297279.91,24183954.6411,1
2026-03-30T02:00:00+08:00,1774807200000,81.49,81.88,81.33,81.74,170907.46,170907.46,13946126.5543,1
2026-03-30T03:00:00+08:00,1774810800000,81.73,81.82,81.49,81.55,102379.96,102379.96,8359011.2215,1
2026-03-30T04:00:00+08:00,1774814400000,81.55,82.16,81.54,81.87,129809.32,129809.32,10624708.0875,1
2026-03-30T05:00:00+08:00,1774818000000,81.87,82.19,81.77,82.09,168535.51,168535.51,13815837.1558,1
2026-03-30T06:00:00+08:00,1774821600000,82.09,82.09,78.75,80.84,1730347.5,1730347.5,138837757.7455,1
2026-03-30T07:00:00+08:00,1774825200000,80.84,81.62,80.81,81.34,667052.53,667052.53,54187212.3093,1
2026-03-30T08:00:00+08:00,1774828800000,81.35,82.97,81.06,81.81,829606.71,829606.71,68128493.2032,1
2026-03-30T09:00:00+08:00,1774832400000,81.82,82.83,81.81,82.66,388724.14,388724.14,32035114.2213,1
2026-03-30T10:00:00+08:00,1774836000000,82.66,83.93,82.41,83.29,677039.59,677039.59,56371672.8367,1
2026-03-30T11:00:00+08:00,1774839600000,83.29,83.5,82.88,83.24,348047.85,348047.85,28953001.2841,1
2026-03-30T12:00:00+08:00,1774843200000,83.24,83.84,83.21,83.73,347313.84,347313.84,29016039.7454,1
2026-03-30T13:00:00+08:00,1774846800000,83.73,84.15,83.42,83.57,597196.37,597196.37,50043592.3847,1
2026-03-30T14:00:00+08:00,1774850400000,83.57,83.85,83.35,83.42,233305.35,233305.35,19489375.5918,1
2026-03-30T15:00:00+08:00,1774854000000,83.43,84.24,83.28,83.97,324931.54,324931.54,27225064.3801,1
2026-03-30T16:00:00+08:00,1774857600000,83.97,84.88,83.94,84.47,806179.88,806179.88,68070851.0797,1
2026-03-30T17:00:00+08:00,1774861200000,84.46,84.47,84.07,84.1,279867.55,279867.55,23573101.02,1
2026-03-30T18:00:00+08:00,1774864800000,84.1,84.17,83.55,83.88,302727,302727,25388955.3245,1
2026-03-30T19:00:00+08:00,1774868400000,83.89,84.64,83.83,84.2,399562.73,399562.73,33644269.0208,1
2026-03-30T20:00:00+08:00,1774872000000,84.21,84.58,84.08,84.45,290982.82,290982.82,24541032.5409,1
2026-03-30T21:00:00+08:00,1774875600000,84.46,84.97,83.86,83.95,617905.31,617905.31,52168308.7249,1
2026-03-30T22:00:00+08:00,1774879200000,83.95,84.59,83.61,84.35,643769.99,643769.99,54144834.6771,1
2026-03-30T23:00:00+08:00,1774882800000,84.35,84.72,83.84,84.45,430912.82,430912.82,36373736.8484,1
2026-03-31T00:00:00+08:00,1774886400000,84.45,84.5,83.84,84.16,263501.75,263501.75,22169502.4559,1
2026-03-31T01:00:00+08:00,1774890000000,84.16,84.37,83.03,83.21,396770.42,396770.42,33114596.4008,1
2026-03-31T02:00:00+08:00,1774893600000,83.21,83.38,82.39,82.64,328546.34,328546.34,27217089.3399,1
2026-03-31T03:00:00+08:00,1774897200000,82.63,82.65,81.91,82.32,456742.77,456742.77,37551344.3459,1
2026-03-31T04:00:00+08:00,1774900800000,82.32,82.86,82.28,82.74,207931.78,207931.78,17182065.4314,1
2026-03-31T05:00:00+08:00,1774904400000,82.74,83.61,82.64,83.08,324281.87,324281.87,26993041.2404,1
2026-03-31T06:00:00+08:00,1774908000000,83.09,83.44,82.6,82.76,228700.37,228700.37,18962176.498,1
2026-03-31T07:00:00+08:00,1774911600000,82.75,82.76,82.08,82.51,279971.79,279971.79,23053425.5072,1
2026-03-31T08:00:00+08:00,1774915200000,82.51,82.91,82.1,82.68,349182.98,349182.98,28804233.5664,1
2026-03-31T09:00:00+08:00,1774918800000,82.69,84.59,82.55,83.82,734635.66,734635.66,61537881.8951,1
2026-03-31T10:00:00+08:00,1774922400000,83.81,84.05,83.56,83.78,231176.7,231176.7,19377766.3422,1
2026-03-31T11:00:00+08:00,1774926000000,83.78,83.88,83.23,83.56,182077.51,182077.51,15203869.9838,1
2026-03-31T12:00:00+08:00,1774929600000,83.57,83.87,83.24,83.3,242387.63,242387.63,20244298.4374,1
2026-03-31T13:00:00+08:00,1774933200000,83.29,83.72,82.83,83.71,345856.77,345856.77,28781468.774,1
2026-03-31T14:00:00+08:00,1774936800000,83.71,83.78,83,83.37,351665.43,351665.43,29307066.1226,1
2026-03-31T15:00:00+08:00,1774940400000,83.37,83.38,82.63,83.05,308952.07,308952.07,25617918.3014,1
2026-03-31T16:00:00+08:00,1774944000000,83.05,83.3,82.18,82.2,398189.25,398189.25,32883614.9766,1
2026-03-31T17:00:00+08:00,1774947600000,82.2,82.41,79.86,80.49,1102725.65,1102725.65,89508673.214,1
2026-03-31T18:00:00+08:00,1774951200000,80.49,80.88,80.29,80.41,609961.33,609961.33,49153475.1665,1
2026-03-31T19:00:00+08:00,1774954800000,80.42,80.93,80.22,80.8,731514.88,731514.88,58953572.2254,1
2026-03-31T20:00:00+08:00,1774958400000,80.8,81.04,80.35,80.73,527393.99,527393.99,42585725.8114,1
2026-03-31T21:00:00+08:00,1774962000000,80.74,82,80.71,81.8,860720.33,860720.33,69988267.7011,1
2026-03-31T22:00:00+08:00,1774965600000,81.79,82.54,80.34,80.58,1197881.41,1197881.41,97622023.1481,1
2026-03-31T23:00:00+08:00,1774969200000,80.57,81.64,80.57,80.83,617604.55,617604.55,50100108.389,1
2026-04-01T00:00:00+08:00,1774972800000,80.82,82.87,80.81,82.34,860634.75,860634.75,70630878.0784,1
2026-04-01T01:00:00+08:00,1774976400000,82.34,83.44,82.14,82.35,834594.74,834594.74,69060581.0195,1
2026-04-01T02:00:00+08:00,1774980000000,82.34,83.06,82.34,82.85,286201.69,286201.69,23669329.1307,1
2026-04-01T03:00:00+08:00,1774983600000,82.84,82.94,82.41,82.66,249727.24,249727.24,20646033.0604,1
2026-04-01T04:00:00+08:00,1774987200000,82.66,83.36,82.57,83.14,266622.58,266622.58,22132026.4254,1
2026-04-01T05:00:00+08:00,1774990800000,83.13,83.15,82.58,82.82,186674.18,186674.18,15463964.8907,1
2026-04-01T06:00:00+08:00,1774994400000,82.81,82.86,82.28,82.72,201170.78,201170.78,16622718.9656,1
2026-04-01T07:00:00+08:00,1774998000000,82.73,83.23,82.62,83.15,200452.41,200452.41,16631851.4937,1
2026-04-01T08:00:00+08:00,1775001600000,83.15,83.57,82.81,83.37,237301.2,237301.2,19736140.8274,1
2026-04-01T09:00:00+08:00,1775005200000,83.38,83.43,82.66,82.69,300294.11,300294.11,24928355.475,1
2026-04-01T10:00:00+08:00,1775008800000,82.7,82.86,82.43,82.6,204857.59,204857.59,16936647.1041,1
2026-04-01T11:00:00+08:00,1775012400000,82.59,83.45,82.59,83.38,341204.41,341204.41,28388904.0792,1
2026-04-01T12:00:00+08:00,1775016000000,83.38,83.8,83.19,83.7,351869.38,351869.38,29376172.9686,1
2026-04-01T13:00:00+08:00,1775019600000,83.7,84.28,83.3,84.08,618760.4,618760.4,51917432.4251,1
2026-04-01T14:00:00+08:00,1775023200000,84.07,84.68,83.99,84.4,487328.36,487328.36,41113233.4443,1
2026-04-01T15:00:00+08:00,1775026800000,84.4,84.7,83.76,83.79,548331.87,548331.87,46169779.816,1
2026-04-01T16:00:00+08:00,1775030400000,83.78,84.02,83.33,83.57,495534.79,495534.79,41449494.4419,1
2026-04-01T17:00:00+08:00,1775034000000,83.58,83.72,83.09,83.32,313567.67,313567.67,26133436.0703,1
2026-04-01T18:00:00+08:00,1775037600000,83.33,83.47,83,83.31,202301.74,202301.74,16843146.1828,1
2026-04-01T19:00:00+08:00,1775041200000,83.31,83.54,83.12,83.31,136901.44,136901.44,11403700.6853,1
2026-04-01T20:00:00+08:00,1775044800000,83.32,83.68,82.73,82.97,667791.59,667791.59,55524870.8544,1
2026-04-01T21:00:00+08:00,1775048400000,82.98,83.39,82.34,82.63,591389.97,591389.97,48962668.6037,1
2026-04-01T22:00:00+08:00,1775052000000,82.62,83.52,82.46,83.33,455988.93,455988.93,37870019.9888,1
2026-04-01T23:00:00+08:00,1775055600000,83.33,83.84,83.04,83.57,373644.07,373644.07,31180862.6968,1
2026-04-02T00:00:00+08:00,1775059200000,83.56,85.27,83,85.2,1155727.19,1155727.19,97614436.4129,1
2026-04-02T01:00:00+08:00,1775062800000,85.19,86.58,84.15,84.39,1848177.81,1848177.81,157852868.8753,1
2026-04-02T02:00:00+08:00,1775066400000,84.38,84.44,83.51,83.6,612497.5,612497.5,51417040.2743,1
2026-04-02T03:00:00+08:00,1775070000000,83.61,84.39,83.6,83.8,273405.55,273405.55,22958668.8522,1
2026-04-02T04:00:00+08:00,1775073600000,83.81,83.85,82.26,82.54,686203.44,686203.44,56861604.2356,1
2026-04-02T05:00:00+08:00,1775077200000,82.54,83.13,81.27,81.8,677015.07,677015.07,55701733.8854,1
2026-04-02T06:00:00+08:00,1775080800000,81.8,81.9,80.71,81.11,1010915.75,1010915.75,82006655.6877,1
2026-04-02T07:00:00+08:00,1775084400000,81.12,81.41,80.95,81.14,364980.27,364980.27,29643952.2552,1
2026-04-02T08:00:00+08:00,1775088000000,81.13,81.74,80.87,81.57,529101.42,529101.42,43010219.7055,1
2026-04-02T09:00:00+08:00,1775091600000,81.57,81.59,78.91,79.28,2038681.11,2038681.11,163129991.416,1
2026-04-02T10:00:00+08:00,1775095200000,79.27,79.29,78.21,78.8,1017997.61,1017997.61,80109525.3532,1
2026-04-02T11:00:00+08:00,1775098800000,78.8,79.35,78.63,78.96,569069.67,569069.67,44933817.906,1
2026-04-02T12:00:00+08:00,1775102400000,78.95,79.14,78.68,78.78,536492.49,536492.49,42339194.9107,1
2026-04-02T13:00:00+08:00,1775106000000,78.77,79.4,78.55,79.21,474639.59,474639.59,37454163.37,1
2026-04-02T14:00:00+08:00,1775109600000,79.2,79.39,78.89,79.07,233152.94,233152.94,18451265.6798,1
2026-04-02T15:00:00+08:00,1775113200000,79.08,79.62,78.95,79.58,269144.14,269144.14,21357121.6794,1
2026-04-02T16:00:00+08:00,1775116800000,79.58,79.58,79,79.07,251143.32,251143.32,19903793.8086,1
2026-04-02T17:00:00+08:00,1775120400000,79.07,79.31,78.86,79.22,211366.04,211366.04,16719788.5504,1
2026-04-02T18:00:00+08:00,1775124000000,79.21,79.27,78.74,78.84,279115.32,279115.32,22026641.4554,1
2026-04-02T19:00:00+08:00,1775127600000,78.84,78.94,78.1,78.28,479564.4,479564.4,37655344.8335,1
2026-04-02T20:00:00+08:00,1775131200000,78.28,78.56,77.84,77.93,537942.6,537942.6,42027597.8914,1
2026-04-02T21:00:00+08:00,1775134800000,77.94,78.22,76.63,77.7,1279810.47,1279810.47,98945140.9491,1
2026-04-02T22:00:00+08:00,1775138400000,77.7,79.66,77.46,79.03,1762561.26,1762561.26,138759856.0795,1
2026-04-02T23:00:00+08:00,1775142000000,79.02,79.21,78.3,79,612878.17,612878.17,48298324.9938,1
2026-04-03T00:00:00+08:00,1775145600000,79,79.86,78.66,79.4,619266.63,619266.63,49144863.3289,1
2026-04-03T01:00:00+08:00,1775149200000,79.39,79.64,78.51,78.54,538847.65,538847.65,42631310.7025,1
2026-04-03T02:00:00+08:00,1775152800000,78.55,79.24,78.39,79.08,360103.22,360103.22,28360782.4944,1
2026-04-03T03:00:00+08:00,1775156400000,79.09,79.2,78.64,78.95,216545.82,216545.82,17099269.6693,1
2026-04-03T04:00:00+08:00,1775160000000,78.95,79.33,78.73,79.11,200375.09,200375.09,15847807.0138,1
2026-04-03T05:00:00+08:00,1775163600000,79.12,79.19,78.58,78.92,137649.29,137649.29,10853079.2006,1
2026-04-03T06:00:00+08:00,1775167200000,78.92,79.08,78.68,78.94,118389.2,118389.2,9346328.2371,1
2026-04-03T07:00:00+08:00,1775170800000,78.93,79.1,78.73,78.89,237834.11,237834.11,18761269.4844,1
2026-04-03T08:00:00+08:00,1775174400000,78.9,79.33,78.83,79.15,298685.87,298685.87,23633146.1437,1
2026-04-03T09:00:00+08:00,1775178000000,79.16,79.75,78.93,79.14,370484.88,370484.88,29378910.7555,1
2026-04-03T10:00:00+08:00,1775181600000,79.13,79.55,78.81,79.3,420081.26,420081.26,33244922.5749,1
2026-04-03T11:00:00+08:00,1775185200000,79.29,79.4,78.97,78.97,273067.71,273067.71,21624931.0241,1
2026-04-03T12:00:00+08:00,1775188800000,78.97,79.5,78.95,79.27,403324.83,403324.83,31943695.5748,1
2026-04-03T13:00:00+08:00,1775192400000,79.27,79.61,79.02,79.28,226488.77,226488.77,17977479.3058,1
2026-04-03T14:00:00+08:00,1775196000000,79.28,79.67,79.16,79.6,210644.2,210644.2,16733854.3401,1
2026-04-03T15:00:00+08:00,1775199600000,79.6,80.11,79.39,79.9,417104.65,417104.65,33272180.9097,1
2026-04-03T16:00:00+08:00,1775203200000,79.9,80.08,79.58,79.74,317596.92,317596.92,25348978.2024,1
2026-04-03T17:00:00+08:00,1775206800000,79.74,80.19,79.64,79.91,333471.49,333471.49,26638775.4229,1
2026-04-03T18:00:00+08:00,1775210400000,79.92,80.14,79.64,80.13,311557.06,311557.06,24904510.0233,1
2026-04-03T19:00:00+08:00,1775214000000,80.12,80.42,79.84,80.14,394482.55,394482.55,31591540.509,1
2026-04-03T20:00:00+08:00,1775217600000,80.13,80.89,79.18,79.31,712423.56,712423.56,56948058.8255,1
2026-04-03T21:00:00+08:00,1775221200000,79.31,79.58,79.11,79.55,358969.35,358969.35,28472151.7584,1
2026-04-03T22:00:00+08:00,1775224800000,79.56,80.32,79.38,80.21,335128.73,335128.73,26779827.9976,1
2026-04-03T23:00:00+08:00,1775228400000,80.21,80.63,80.1,80.28,501101.85,501101.85,40270011.7088,1
2026-04-04T00:00:00+08:00,1775232000000,80.28,80.65,80.19,80.51,329104.83,329104.83,26466302.3528,1
2026-04-04T01:00:00+08:00,1775235600000,80.52,80.52,79.85,80.14,187423.8,187423.8,15020694.3495,1
2026-04-04T02:00:00+08:00,1775239200000,80.14,80.42,80.04,80.07,98399.97,98399.97,7891846.2494,1
2026-04-04T03:00:00+08:00,1775242800000,80.07,80.25,79.82,80.15,123938.17,123938.17,9919737.8932,1
2026-04-04T04:00:00+08:00,1775246400000,80.15,80.28,80.1,80.15,65251.39,65251.39,5234010.3998,1
2026-04-04T05:00:00+08:00,1775250000000,80.15,80.67,80.07,80.35,152299.08,152299.08,12241874.0429,1
2026-04-04T06:00:00+08:00,1775253600000,80.36,80.46,79.88,80.09,189625.94,189625.94,15196304.2551,1
2026-04-04T07:00:00+08:00,1775257200000,80.09,80.5,80.07,80.33,159649.49,159649.49,12814967.5832,1
2026-04-04T08:00:00+08:00,1775260800000,80.34,80.36,80.08,80.17,89371.98,89371.98,7167171.2376,1
2026-04-04T09:00:00+08:00,1775264400000,80.17,80.28,80,80.08,91935.05,91935.05,7363075.8872,1
2026-04-04T10:00:00+08:00,1775268000000,80.07,80.24,80,80.13,136311.82,136311.82,10919055.6722,1
2026-04-04T11:00:00+08:00,1775271600000,80.12,80.25,80.1,80.11,79349.99,79349.99,6361706.5295,1
2026-04-04T12:00:00+08:00,1775275200000,80.11,80.27,80.09,80.2,77434.68,77434.68,6207800.3402,1
2026-04-04T13:00:00+08:00,1775278800000,80.19,80.25,80.06,80.13,95136.61,95136.61,7623686.3227,1
2026-04-04T14:00:00+08:00,1775282400000,80.14,80.5,80.1,80.41,107215.04,107215.04,8608106.9919,1
2026-04-04T15:00:00+08:00,1775286000000,80.41,80.44,80.17,80.27,69049.74,69049.74,5542817.1984,1
2026-04-04T16:00:00+08:00,1775289600000,80.27,80.35,79.88,79.94,132589.13,132589.13,10613089.8601,1
2026-04-04T17:00:00+08:00,1775293200000,79.94,80.05,79.85,79.99,164582.03,164582.03,13157483.421,1
2026-04-04T18:00:00+08:00,1775296800000,79.98,80.25,79.97,80.19,204429.69,204429.69,16375993.3095,1
2026-04-04T19:00:00+08:00,1775300400000,80.18,80.25,79.97,80.15,210501.96,210501.96,16859429.5929,1
2026-04-04T20:00:00+08:00,1775304000000,80.14,80.21,79.97,80.05,79555.61,79555.61,6370564.4341,1
2026-04-04T21:00:00+08:00,1775307600000,80.04,80.19,79.87,79.99,110301.15,110301.15,8826921.6424,1
2026-04-04T22:00:00+08:00,1775311200000,79.99,80.35,79.48,80.31,286015.84,286015.84,22844548.0385,1
2026-04-04T23:00:00+08:00,1775314800000,80.3,81.62,80.21,81.05,1153631.13,1153631.13,93382942.134,1
2026-04-05T00:00:00+08:00,1775318400000,81.05,81.3,80.66,80.72,377287.74,377287.74,30573014.7682,1
2026-04-05T01:00:00+08:00,1775322000000,80.72,81,80.58,80.89,173226.01,173226.01,13996043.0065,1
2026-04-05T02:00:00+08:00,1775325600000,80.89,81.09,80.69,80.79,203506.45,203506.45,16451698.2882,1
2026-04-05T03:00:00+08:00,1775329200000,80.8,81.29,80.71,80.82,344909.19,344909.19,27926238.4741,1
2026-04-05T04:00:00+08:00,1775332800000,80.82,80.84,80.57,80.77,101808.82,101808.82,8219137.9236,1
2026-04-05T05:00:00+08:00,1775336400000,80.77,80.98,80.72,80.87,191093.36,191093.36,15449736.1481,1
2026-04-05T06:00:00+08:00,1775340000000,80.88,81.03,80.83,80.96,128220.22,128220.22,10376112.347,1
2026-04-05T07:00:00+08:00,1775343600000,80.95,80.96,80.66,80.79,98589.29,98589.29,7962765.1538,1
2026-04-05T08:00:00+08:00,1775347200000,80.8,80.81,80.49,80.66,159248.16,159248.16,12844769.1379,1
2026-04-05T09:00:00+08:00,1775350800000,80.66,80.76,80.44,80.47,146940.35,146940.35,11843770.5914,1
2026-04-05T10:00:00+08:00,1775354400000,80.46,80.59,80.33,80.53,220672.57,220672.57,17751135.7501,1
2026-04-05T11:00:00+08:00,1775358000000,80.53,80.57,80.35,80.51,72966.34,72966.34,5871900.7479,1
2026-04-05T12:00:00+08:00,1775361600000,80.52,80.54,80.24,80.29,166427.12,166427.12,13382165.3929,1
2026-04-05T13:00:00+08:00,1775365200000,80.28,80.39,80.08,80.25,184575.06,184575.06,14809813.726,1
2026-04-05T14:00:00+08:00,1775368800000,80.25,80.32,79.34,79.55,691116.5,691116.5,55104431.6896,1
2026-04-05T15:00:00+08:00,1775372400000,79.54,79.83,79.45,79.54,305057.57,305057.57,24298278.0199,1
2026-04-05T16:00:00+08:00,1775376000000,79.54,79.66,79.49,79.57,112578.22,112578.22,8958697.341,1
2026-04-05T17:00:00+08:00,1775379600000,79.57,79.84,79.57,79.78,150457.8,150457.8,11995218.1406,1
2026-04-05T18:00:00+08:00,1775383200000,79.78,80.2,79.73,79.81,213303,213303,17045224.6381,1
2026-04-05T19:00:00+08:00,1775386800000,79.81,79.89,79.71,79.87,97041.69,97041.69,7744073.6578,1
2026-04-05T20:00:00+08:00,1775390400000,79.86,79.92,78.75,78.97,706941.24,706941.24,55964523.151,1
2026-04-05T21:00:00+08:00,1775394000000,78.96,79.2,78.46,79.13,563214.26,563214.26,44422633.0918,1
2026-04-05T22:00:00+08:00,1775397600000,79.14,79.44,79.08,79.24,187007.71,187007.71,14824032.8992,1
2026-04-05T23:00:00+08:00,1775401200000,79.25,80.3,78.95,79.54,605629.67,605629.67,48273972.9525,1
2026-04-06T00:00:00+08:00,1775404800000,79.54,79.78,79.34,79.42,239730.89,239730.89,19078230.3227,1
2026-04-06T01:00:00+08:00,1775408400000,79.42,79.89,79.33,79.84,152754.33,152754.33,12165187.595,1
2026-04-06T02:00:00+08:00,1775412000000,79.84,80.08,79.66,79.9,137800.53,137800.53,11009842.1225,1
2026-04-06T03:00:00+08:00,1775415600000,79.91,80.18,79.47,79.78,144826.11,144826.11,11572725.3202,1
2026-04-06T04:00:00+08:00,1775419200000,79.78,80.17,79.75,80.11,155193.18,155193.18,12415129.073,1
2026-04-06T05:00:00+08:00,1775422800000,80.11,80.14,79.45,79.69,153347.82,153347.82,12226209.2802,1
2026-04-06T06:00:00+08:00,1775426400000,79.7,80.65,79,80.52,583754.09,583754.09,46581544.8076,1
2026-04-06T07:00:00+08:00,1775430000000,80.52,82.08,80.4,81.85,1145937.77,1145937.77,93435585.335,1
2026-04-06T08:00:00+08:00,1775433600000,81.86,82.94,81.86,82.31,976552.16,976552.16,80536197.367,1
2026-04-06T09:00:00+08:00,1775437200000,82.31,82.39,81.64,81.67,424520.29,424520.29,34784378.609,1
2026-04-06T10:00:00+08:00,1775440800000,81.67,82.78,81.63,82.37,385339.01,385339.01,31756472.5996,1
2026-04-06T11:00:00+08:00,1775444400000,82.38,82.45,81.91,82.07,255229.07,255229.07,20950594.1416,1
2026-04-06T12:00:00+08:00,1775448000000,82.07,82.31,81.74,81.95,238346.1,238346.1,19543076.1838,1
2026-04-06T13:00:00+08:00,1775451600000,81.96,82.04,81.79,81.86,118833.79,118833.79,9732217.7663,1
2026-04-06T14:00:00+08:00,1775455200000,81.86,82.09,80.91,81.45,589514.57,589514.57,47971985.6202,1
2026-04-06T15:00:00+08:00,1775458800000,81.46,81.93,81.29,81.77,490872.94,490872.94,40056368.8551,1
2026-04-06T16:00:00+08:00,1775462400000,81.77,82.21,81.63,81.94,404575.72,404575.72,33128041.1112,1
2026-04-06T17:00:00+08:00,1775466000000,81.95,83.17,81.83,82.42,815867.22,815867.22,67351509.0607,1
2026-04-06T18:00:00+08:00,1775469600000,82.42,82.85,82.42,82.62,292096.9,292096.9,24130042.3122,1
2026-04-06T19:00:00+08:00,1775473200000,82.62,82.63,82.26,82.4,171546.41,171546.41,14139879.4645,1
2026-04-06T20:00:00+08:00,1775476800000,82.39,82.5,82.13,82.26,260797.04,260797.04,21467692.3016,1
2026-04-06T21:00:00+08:00,1775480400000,82.26,82.63,82.12,82.43,241552.49,241552.49,19895262.2286,1
2026-04-06T22:00:00+08:00,1775484000000,82.42,82.78,81.68,82.2,639044.31,639044.31,52522028.5724,1
2026-04-06T23:00:00+08:00,1775487600000,82.19,82.41,81.95,82.24,326015.31,326015.31,26778827.9912,1
2026-04-07T00:00:00+08:00,1775491200000,82.25,82.43,81.53,81.55,283281.61,283281.61,23220863.2789,1
2026-04-07T01:00:00+08:00,1775494800000,81.55,81.75,81.13,81.59,397315.73,397315.73,32358804.2881,1
2026-04-07T02:00:00+08:00,1775498400000,81.6,82.17,81.5,81.85,210632.77,210632.77,17249854.2987,1
2026-04-07T03:00:00+08:00,1775502000000,81.84,81.93,81.51,81.86,126185.76,126185.76,10306938.05,1
2026-04-07T04:00:00+08:00,1775505600000,81.86,82.1,81.76,81.94,93248.36,93248.36,7643745.707,1
2026-04-07T05:00:00+08:00,1775509200000,81.94,81.94,81.33,81.43,104660.51,104660.51,8543566.191,1
2026-04-07T06:00:00+08:00,1775512800000,81.42,81.45,80.1,80.12,514760.22,514760.22,41550898.5498,1
2026-04-07T07:00:00+08:00,1775516400000,80.12,80.19,79.53,79.95,811158.37,811158.37,64799424.6507,1
2026-04-07T08:00:00+08:00,1775520000000,79.95,80.15,79.52,79.84,499566.65,499566.65,39876837.5416,1
2026-04-07T09:00:00+08:00,1775523600000,79.84,80.08,79.31,79.45,371614.32,371614.32,29634632.6886,1
2026-04-07T10:00:00+08:00,1775527200000,79.45,79.84,79.4,79.67,261228.78,261228.78,20799210.757,1
2026-04-07T11:00:00+08:00,1775530800000,79.66,79.87,79.63,79.73,148316.33,148316.33,11827146.4272,1
2026-04-07T12:00:00+08:00,1775534400000,79.73,80.12,79.61,79.85,256081.58,256081.58,20457660.8677,1
2026-04-07T13:00:00+08:00,1775538000000,79.85,79.91,79.4,79.54,340372.16,340372.16,27101736.2886,1
2026-04-07T14:00:00+08:00,1775541600000,79.54,79.62,79.24,79.49,325688.26,325688.26,25878237.5438,1
2026-04-07T15:00:00+08:00,1775545200000,79.5,79.89,79.39,79.82,252106.07,252106.07,20094627.2993,1
2026-04-07T16:00:00+08:00,1775548800000,79.81,80.31,79.76,80.09,511896.62,511896.62,40988599.4224,1
2026-04-07T17:00:00+08:00,1775552400000,80.08,80.55,80.08,80.33,310136.67,310136.67,24907310.4179,1
2026-04-07T18:00:00+08:00,1775556000000,80.32,80.4,79.16,79.32,670251.57,670251.57,53416839.8146,1
2026-04-07T19:00:00+08:00,1775559600000,79.32,79.5,78.84,79.16,687725.21,687725.21,54426902.0945,1
2026-04-07T20:00:00+08:00,1775563200000,79.16,79.34,78.53,79.08,702588.26,702588.26,55457129.1077,1
2026-04-07T21:00:00+08:00,1775566800000,79.08,79.19,78.78,78.82,337061.1,337061.1,26624110.1257,1
2026-04-07T22:00:00+08:00,1775570400000,78.83,79.02,78.33,78.54,565742.66,565742.66,44490200.0708,1
2026-04-07T23:00:00+08:00,1775574000000,78.53,78.95,78.31,78.81,442979.48,442979.48,34859473.2796,1
2026-04-08T00:00:00+08:00,1775577600000,78.8,79.15,78.61,78.86,249357.44,249357.44,19666064.1932,1
2026-04-08T01:00:00+08:00,1775581200000,78.85,80.94,78.79,80.01,1137603.67,1137603.67,90948226.605,1
2026-04-08T02:00:00+08:00,1775584800000,80.01,80.15,79.46,79.89,388517.35,388517.35,31031153.8519,1
2026-04-08T03:00:00+08:00,1775588400000,79.88,81.8,79.84,81.57,985785.79,985785.79,79716697.1688,1
2026-04-08T04:00:00+08:00,1775592000000,81.57,82.39,81.57,81.91,726751.05,726751.05,59590181.7002,1
2026-04-08T05:00:00+08:00,1775595600000,81.91,83.24,81.84,82.88,743533.3,743533.3,61453076.7685,1
2026-04-08T06:00:00+08:00,1775599200000,82.89,85.23,82.89,85.22,1618504.08,1618504.08,135967420.8467,1
2026-04-08T07:00:00+08:00,1775602800000,85.22,87.14,85.04,85.51,1723309.64,1723309.64,148065339.1414,1
2026-04-08T08:00:00+08:00,1775606400000,85.51,85.86,84.22,84.73,720842.78,720842.78,61261293.5661,1
2026-04-08T09:00:00+08:00,1775610000000,84.73,84.95,84.41,84.64,327864.15,327864.15,27755320.082,1
2026-04-08T10:00:00+08:00,1775613600000,84.65,84.93,84.36,84.56,272660.85,272660.85,23072430.6989,1
2026-04-08T11:00:00+08:00,1775617200000,84.57,84.66,84.34,84.53,230465.61,230465.61,19471311.1505,1
2026-04-08T12:00:00+08:00,1775620800000,84.53,85.06,84.46,84.46,454322.09,454322.09,38526423.6479,1
2026-04-08T13:00:00+08:00,1775624400000,84.47,84.72,84.1,84.18,308096.52,308096.52,26017687.3396,1
2026-04-08T14:00:00+08:00,1775628000000,84.18,84.68,83.84,84.51,411268.79,411268.79,34675916.7086,1
2026-04-08T15:00:00+08:00,1775631600000,84.52,84.68,84.17,84.47,276099.88,276099.88,23297370.5489,1
2026-04-08T16:00:00+08:00,1775635200000,84.48,84.86,84.41,84.82,229041.57,229041.57,19373935.9184,1
2026-04-08T17:00:00+08:00,1775638800000,84.82,84.95,84.5,84.63,203240.37,203240.37,17224374.8996,1
2026-04-08T18:00:00+08:00,1775642400000,84.63,84.77,84.46,84.48,203181.57,203181.57,17189035.8179,1
2026-04-08T19:00:00+08:00,1775646000000,84.48,84.81,84.12,84.42,334146.95,334146.95,28221151.3262,1
2026-04-08T20:00:00+08:00,1775649600000,84.42,84.65,84.07,84.5,249273.59,249273.59,21048121.4497,1
2026-04-08T21:00:00+08:00,1775653200000,84.51,84.94,83.87,84,773907.42,773907.42,65307599.8051,1
2026-04-08T22:00:00+08:00,1775656800000,83.99,84.1,82.45,82.86,942679.28,942679.28,78410157.9025,1
2026-04-08T23:00:00+08:00,1775660400000,82.86,83.42,82.74,83.29,426795.06,426795.06,35461745.5587,1
2026-04-09T00:00:00+08:00,1775664000000,83.28,83.57,82.99,83.45,219190.02,219190.02,18254029.4004,1
2026-04-09T01:00:00+08:00,1775667600000,83.44,84.16,83.26,83.92,344720.38,344720.38,28876265.2346,1
2026-04-09T02:00:00+08:00,1775671200000,83.93,83.99,82.75,82.9,287021.4,287021.4,23907458.5258,1
2026-04-09T03:00:00+08:00,1775674800000,82.89,83.2,82.74,83.16,164627.98,164627.98,13653219.6519,1
2026-04-09T04:00:00+08:00,1775678400000,83.15,83.35,82.98,83.23,121493.67,121493.67,10108514.962,1
2026-04-09T05:00:00+08:00,1775682000000,83.24,83.58,83.15,83.36,120922.53,120922.53,10083236.6546,1
2026-04-09T06:00:00+08:00,1775685600000,83.37,83.4,82.54,82.57,198352.09,198352.09,16428492.7658,1
2026-04-09T07:00:00+08:00,1775689200000,82.58,82.99,82.17,82.52,420770.43,420770.43,34733355.5292,1
2026-04-09T08:00:00+08:00,1775692800000,82.52,82.63,82.04,82.17,247452.83,247452.83,20358749.1582,1
2026-04-09T09:00:00+08:00,1775696400000,82.16,82.28,81.65,82.19,535150.18,535150.18,43863212.6724,1
2026-04-09T10:00:00+08:00,1775700000000,82.18,82.4,82.01,82.08,195437.75,195437.75,16065883.5253,1
2026-04-09T11:00:00+08:00,1775703600000,82.08,82.13,81.83,81.99,241748.97,241748.97,19818006.2647,1
2026-04-09T12:00:00+08:00,1775707200000,81.98,81.98,81.77,81.78,212467.97,212467.97,17396288.8539,1
2026-04-09T13:00:00+08:00,1775710800000,81.79,82.27,81.68,82.11,305531.04,305531.04,25043334.1631,1
2026-04-09T14:00:00+08:00,1775714400000,82.12,82.31,81.8,82.12,235640.4,235640.4,19335345.3192,1
2026-04-09T15:00:00+08:00,1775718000000,82.13,82.43,82.13,82.22,179095.54,179095.54,14737322.0809,1
2026-04-09T16:00:00+08:00,1775721600000,82.23,82.6,82.1,82.41,248400.36,248400.36,20462860.4101,1
2026-04-09T17:00:00+08:00,1775725200000,82.42,82.64,82.06,82.54,386497.68,386497.68,31817930.4231,1
2026-04-09T18:00:00+08:00,1775728800000,82.55,82.61,82.32,82.52,151455.72,151455.72,12493709.6956,1
2026-04-09T19:00:00+08:00,1775732400000,82.53,82.66,81.98,82.12,323525.48,323525.48,26613975.1871,1
2026-04-09T20:00:00+08:00,1775736000000,82.12,82.35,81.92,82.23,296896.08,296896.08,24389485.7839,1
2026-04-09T21:00:00+08:00,1775739600000,82.23,82.36,81.52,81.82,386712.44,386712.44,31665737.1964,1
2026-04-09T22:00:00+08:00,1775743200000,81.82,82.27,81.37,82.15,407183.81,407183.81,33303764.6602,1
2026-04-09T23:00:00+08:00,1775746800000,82.15,83.9,81.86,83.71,926337.94,926337.94,76914170.605,1
2026-04-10T00:00:00+08:00,1775750400000,83.71,84.2,82.87,83.66,663276.38,663276.38,55436748.6399,1
2026-04-10T01:00:00+08:00,1775754000000,83.66,84.69,83.63,84.64,678722.35,678722.35,57126908.6978,1
2026-04-10T02:00:00+08:00,1775757600000,84.63,84.69,83.4,83.8,609638.5,609638.5,51262467.8573,1
2026-04-10T03:00:00+08:00,1775761200000,83.81,84.29,83.4,84.12,366097.09,366097.09,30714291.1378,1
2026-04-10T04:00:00+08:00,1775764800000,84.12,84.51,84.07,84.23,273732.49,273732.49,23076209.2048,1
2026-04-10T05:00:00+08:00,1775768400000,84.22,84.73,84.11,84.24,217641.66,217641.66,18363929.7875,1
2026-04-10T06:00:00+08:00,1775772000000,84.24,85.91,83.89,83.96,664005.88,664005.88,56351284.1878,1
2026-04-10T07:00:00+08:00,1775775600000,83.96,84.08,83.11,83.29,487538.44,487538.44,40733889.8465,1
2026-04-10T08:00:00+08:00,1775779200000,83.29,83.34,82.85,83.1,339913.18,339913.18,28240365.2327,1
2026-04-10T09:00:00+08:00,1775782800000,83.09,83.76,82.78,83.12,543554.66,543554.66,45263230.6366,1
2026-04-10T10:00:00+08:00,1775786400000,83.11,83.42,82.98,83.2,237228.46,237228.46,19736382.0313,1
2026-04-10T11:00:00+08:00,1775790000000,83.21,83.24,82.56,82.86,262364.67,262364.67,21749851.2404,1
2026-04-10T12:00:00+08:00,1775793600000,82.85,83.48,82.85,83.3,178572.68,178572.68,14845362.2076,1
2026-04-10T13:00:00+08:00,1775797200000,83.3,83.55,83.06,83.35,223364.09,223364.09,18609227.7493,1
2026-04-10T14:00:00+08:00,1775800800000,83.35,83.42,83.06,83.14,195186.93,195186.93,16245667.0286,1
2026-04-10T15:00:00+08:00,1775804400000,83.14,83.23,82.83,82.91,222909.48,222909.48,18512985.2199,1
2026-04-10T16:00:00+08:00,1775808000000,82.91,83.08,82.67,82.89,384806.15,384806.15,31887487.1596,1
2026-04-10T17:00:00+08:00,1775811600000,82.88,83.55,82.87,83.5,372326.19,372326.19,31019464.8437,1
2026-04-10T18:00:00+08:00,1775815200000,83.5,83.52,83.07,83.27,200704.21,200704.21,16712556.2662,1
2026-04-10T19:00:00+08:00,1775818800000,83.26,83.75,83.26,83.49,338300.17,338300.17,28271948.9061,1
2026-04-10T20:00:00+08:00,1775822400000,83.49,84.4,83.31,84.07,825603.88,825603.88,69239620.429,1
2026-04-10T21:00:00+08:00,1775826000000,84.07,84.35,83.53,84.23,378537.96,378537.96,31787218.2257,1
2026-04-10T22:00:00+08:00,1775829600000,84.22,85.2,84.14,85.06,848593.29,848593.29,71952257.9611,1
2026-04-10T23:00:00+08:00,1775833200000,85.06,85.55,84.03,84.2,599144.6,599144.6,50798423.5205,1
2026-04-11T00:00:00+08:00,1775836800000,84.2,84.87,84.06,84.81,350392.07,350392.07,29601621.8553,1
2026-04-11T01:00:00+08:00,1775840400000,84.8,84.86,84.42,84.83,144917.08,144917.08,12272622.6665,1
2026-04-11T02:00:00+08:00,1775844000000,84.83,85.23,84.58,85.17,177857.41,177857.41,15100829.0977,1
2026-04-11T03:00:00+08:00,1775847600000,85.17,85.44,85.07,85.41,195828.79,195828.79,16692287.9495,1
2026-04-11T04:00:00+08:00,1775851200000,85.41,85.64,85.01,85.4,225008.07,225008.07,19205337.3401,1
2026-04-11T05:00:00+08:00,1775854800000,85.41,85.41,84.92,85.18,137028.55,137028.55,11660787.4364,1
2026-04-11T06:00:00+08:00,1775858400000,85.19,85.24,84.59,84.83,174389.69,174389.69,14800701.3935,1
2026-04-11T07:00:00+08:00,1775862000000,84.84,84.91,84.69,84.77,86171.35,86171.35,7303949.877,1
2026-04-11T08:00:00+08:00,1775865600000,84.78,84.8,84.46,84.63,165917.87,165917.87,14035552.15,1
2026-04-11T09:00:00+08:00,1775869200000,84.63,84.67,84.33,84.63,144897.17,144897.17,12243318.4164,1
2026-04-11T10:00:00+08:00,1775872800000,84.63,84.87,84.53,84.76,154890.92,154890.92,13117757.5928,1
2026-04-11T11:00:00+08:00,1775876400000,84.76,84.86,84.19,84.36,227342.43,227342.43,19222226.0864,1
2026-04-11T12:00:00+08:00,1775880000000,84.36,84.57,84.16,84.33,179082.14,179082.14,15099603.5866,1
2026-04-11T13:00:00+08:00,1775883600000,84.32,84.36,84.03,84.04,215496.07,215496.07,18142698.619,1
2026-04-11T14:00:00+08:00,1775887200000,84.04,84.1,83.82,84.07,184994.21,184994.21,15535077.4283,1
2026-04-11T15:00:00+08:00,1775890800000,84.08,84.3,84.02,84.23,146048.03,146048.03,12294548.5356,1
2026-04-11T16:00:00+08:00,1775894400000,84.23,84.39,84.11,84.11,146491.34,146491.34,12344219.9243,1
2026-04-11T17:00:00+08:00,1775898000000,84.11,84.75,84.1,84.47,378575.45,378575.45,31996017.0117,1
2026-04-11T18:00:00+08:00,1775901600000,84.47,84.48,83.9,84.01,256032.62,256032.62,21547792.9521,1
2026-04-11T19:00:00+08:00,1775905200000,84,84.22,83.71,84.2,342994.74,342994.74,28807076.0137,1
2026-04-11T20:00:00+08:00,1775908800000,84.19,84.48,84.01,84.17,304858.37,304858.37,25684402.1673,1
2026-04-11T21:00:00+08:00,1775912400000,84.17,84.27,83.76,84.03,260728.67,260728.67,21907664.9696,1
2026-04-11T22:00:00+08:00,1775916000000,84.04,84.37,83.98,84.32,309896.65,309896.65,26081692.8831,1
2026-04-11T23:00:00+08:00,1775919600000,84.33,84.84,84.18,84.62,382417.68,382417.68,32349883.6833,1
2026-04-12T00:00:00+08:00,1775923200000,84.62,85.36,84.54,84.94,352935.71,352935.71,29978299.5761,1
2026-04-12T01:00:00+08:00,1775926800000,84.93,84.97,84.63,84.75,222407.31,222407.31,18861537.2984,1
2026-04-12T02:00:00+08:00,1775930400000,84.76,85.8,84.6,85.44,443870.57,443870.57,37877405.3355,1
2026-04-12T03:00:00+08:00,1775934000000,85.45,86.24,85.38,85.98,442654.42,442654.42,38012017.6641,1
2026-04-12T04:00:00+08:00,1775937600000,85.99,86.06,85.08,85.36,244777.01,244777.01,20920928.3934,1
2026-04-12T05:00:00+08:00,1775941200000,85.37,85.5,85.15,85.3,98156.12,98156.12,8376209.675,1
2026-04-12T06:00:00+08:00,1775944800000,85.3,86.13,85.01,85.24,366434.92,366434.92,31353017.5509,1
2026-04-12T07:00:00+08:00,1775948400000,85.24,85.24,84.47,84.88,274746.77,274746.77,23296657.4481,1
2026-04-12T08:00:00+08:00,1775952000000,84.88,84.96,84.66,84.84,190144.1,190144.1,16129803.9523,1
2026-04-12T09:00:00+08:00,1775955600000,84.84,84.93,81.97,82.22,1391119.84,1391119.84,115636528.3635,1
2026-04-12T10:00:00+08:00,1775959200000,82.23,82.91,81.81,82.6,820090.1,820090.1,67602364.1043,1
2026-04-12T11:00:00+08:00,1775962800000,82.6,82.73,82.26,82.26,274552.29,274552.29,22646396.4254,1
2026-04-12T12:00:00+08:00,1775966400000,82.26,82.4,82.1,82.16,235239.12,235239.12,19342168.916,1
2026-04-12T13:00:00+08:00,1775970000000,82.17,82.42,82.01,82.34,206437.55,206437.55,16981699.04,1
2026-04-12T14:00:00+08:00,1775973600000,82.34,82.45,82.15,82.22,165227.53,165227.53,13595249.6798,1
2026-04-12T15:00:00+08:00,1775977200000,82.21,82.41,82.18,82.23,113932.77,113932.77,9375453.1238,1
2026-04-12T16:00:00+08:00,1775980800000,82.22,82.25,82.08,82.23,150127.85,150127.85,12335602.559,1
2026-04-12T17:00:00+08:00,1775984400000,82.23,82.35,82.06,82.15,147348.8,147348.8,12112258.6752,1
2026-04-12T18:00:00+08:00,1775988000000,82.15,82.28,81.9,81.99,181769.78,181769.78,14919166.6356,1
2026-04-12T19:00:00+08:00,1775991600000,81.98,82.32,81.91,82.16,239059.12,239059.12,19625430.0416,1
2026-04-12T20:00:00+08:00,1775995200000,82.15,82.5,81.82,81.97,345674.03,345674.03,28411944.3901,1
2026-04-12T21:00:00+08:00,1775998800000,81.97,82.19,81.71,81.86,458322.02,458322.02,37542782.1393,1
2026-04-12T22:00:00+08:00,1776002400000,81.85,82.06,81.24,81.52,701874.07,701874.07,57276188.7705,1
2026-04-12T23:00:00+08:00,1776006000000,81.53,81.79,81.26,81.54,316900.44,316900.44,25847989.2825,1
2026-04-13T00:00:00+08:00,1776009600000,81.54,81.84,81.48,81.83,142888.26,142888.26,11668690.0041,1
2026-04-13T01:00:00+08:00,1776013200000,81.83,82.27,81.71,82.13,188472.9,188472.9,15447143.7657,1
2026-04-13T02:00:00+08:00,1776016800000,82.14,82.27,81.99,82.07,153938.42,153938.42,12638778.2472,1
2026-04-13T03:00:00+08:00,1776020400000,82.07,82.27,81.87,81.92,61586.49,61586.49,5053746.5979,1
2026-04-13T04:00:00+08:00,1776024000000,81.92,82.84,81.87,82.62,240648.22,240648.22,19835719.5017,1
2026-04-13T05:00:00+08:00,1776027600000,82.62,82.84,82.38,82.74,186007.52,186007.52,15364256.6456,1
2026-04-13T06:00:00+08:00,1776031200000,82.74,82.77,81.32,81.95,727251.74,727251.74,59552698.0587,1
2026-04-13T07:00:00+08:00,1776034800000,81.95,81.95,81.22,81.49,230125.64,230125.64,18746860.2247,1
2026-04-13T08:00:00+08:00,1776038400000,81.49,82.18,81.36,82.09,184661.91,184661.91,15107078.016,1
2026-04-13T09:00:00+08:00,1776042000000,82.1,82.3,81.91,82.27,231069.97,231069.97,18969138.3796,1
2026-04-13T10:00:00+08:00,1776045600000,82.28,82.39,81.84,81.9,164799.71,164799.71,13531778.5854,1
2026-04-13T11:00:00+08:00,1776049200000,81.9,82.02,81.7,81.86,117925.33,117925.33,9652025.4901,1
2026-04-13T12:00:00+08:00,1776052800000,81.87,82.22,81.8,81.87,180918.98,180918.98,14830779.123,1
2026-04-13T13:00:00+08:00,1776056400000,81.87,81.94,81.48,81.8,200689.25,200689.25,16396242.1937,1
2026-04-13T14:00:00+08:00,1776060000000,81.8,82.56,81.77,82.31,478973.34,478973.34,39409049.555,1
2026-04-13T15:00:00+08:00,1776063600000,82.3,82.37,81.81,82.12,196712.62,196712.62,16140367.8425,1
2026-04-13T16:00:00+08:00,1776067200000,82.11,82.23,81.68,81.81,285374.07,285374.07,23385160.0751,1
2026-04-13T17:00:00+08:00,1776070800000,81.81,82.17,81.76,81.81,246316.55,246316.55,20182934.1451,1
2026-04-13T18:00:00+08:00,1776074400000,81.81,81.93,81.61,81.7,136322.83,136322.83,11147964.8848,1
2026-04-13T19:00:00+08:00,1776078000000,81.7,82.01,81.64,81.81,184455.33,184455.33,15093409.2872,1
2026-04-13T20:00:00+08:00,1776081600000,81.81,82.73,81.77,82.48,448468.24,448468.24,36900959.333,1
2026-04-13T21:00:00+08:00,1776085200000,82.49,83.64,82.23,83.57,910948.48,910948.48,75444930.9008,1
2026-04-13T22:00:00+08:00,1776088800000,83.56,83.79,82.73,83.74,734245.12,734245.12,61134056.6974,1
2026-04-13T23:00:00+08:00,1776092400000,83.74,83.79,82.31,82.63,604467.98,604467.98,50120323.4908,1
2026-04-14T00:00:00+08:00,1776096000000,82.62,83.59,82.29,83.32,532289.82,532289.82,44231552.6244,1
2026-04-14T01:00:00+08:00,1776099600000,83.33,83.81,82.98,83.03,363515.63,363515.63,30331755.3309,1
2026-04-14T02:00:00+08:00,1776103200000,83.03,83.24,82.55,83.18,270421.75,270421.75,22429550.4248,1
2026-04-14T03:00:00+08:00,1776106800000,83.19,84.23,83.07,84.07,534508.22,534508.22,44744816.6321,1
2026-04-14T04:00:00+08:00,1776110400000,84.08,84.35,83.79,83.92,383157.6,383157.6,32199830.8517,1
2026-04-14T05:00:00+08:00,1776114000000,83.92,84.12,83.81,83.92,160216.77,160216.77,13448602.0915,1
2026-04-14T06:00:00+08:00,1776117600000,83.92,86.46,83.91,86.2,1276918.69,1276918.69,109222904.7238,1
2026-04-14T07:00:00+08:00,1776121200000,86.19,86.8,85.89,86.51,840518.34,840518.34,72603266.856,1
2026-04-14T08:00:00+08:00,1776124800000,86.51,86.74,85.76,85.89,670020.5,670020.5,57743286.7696,1
2026-04-14T09:00:00+08:00,1776128400000,85.89,86.12,85.66,85.94,342523.3,342523.3,29429719.2442,1
2026-04-14T10:00:00+08:00,1776132000000,85.94,86.39,85.85,86.2,392498.45,392498.45,33804660.438,1
2026-04-14T11:00:00+08:00,1776135600000,86.2,86.25,85.97,86.03,172974.64,172974.64,14893229.7015,1
2026-04-14T12:00:00+08:00,1776139200000,86.03,86.03,85.53,85.87,282445.97,282445.97,24226141.9922,1
2026-04-14T13:00:00+08:00,1776142800000,85.87,85.9,85.4,85.48,212365.36,212365.36,18191724.2211,1
2026-04-14T14:00:00+08:00,1776146400000,85.47,86.07,85.47,85.93,299274.55,299274.55,25674089.9787,1
2026-04-14T15:00:00+08:00,1776150000000,85.92,86.17,85.77,85.88,414621.62,414621.62,35645458.2673,1
2026-04-14T16:00:00+08:00,1776153600000,85.88,86.38,85.7,86.12,281264.51,281264.51,24211278.9831,1
2026-04-14T17:00:00+08:00,1776157200000,86.12,86.25,85.95,86.09,145850.84,145850.84,12557672.5144,1
2026-04-14T18:00:00+08:00,1776160800000,86.09,86.57,85.98,86,355460.17,355460.17,30664435.7642,1
2026-04-14T19:00:00+08:00,1776164400000,86,86.1,85.58,85.76,485482.41,485482.41,41671428.1818,1
2026-04-14T20:00:00+08:00,1776168000000,85.75,85.99,85.57,85.93,226522.68,226522.68,19426728.0578,1
2026-04-14T21:00:00+08:00,1776171600000,85.93,87.38,85.89,87.27,745567.85,745567.85,64683719.4415,1
2026-04-14T22:00:00+08:00,1776175200000,87.27,87.64,85.95,85.96,953078.37,953078.37,82706442.5182,1
2026-04-14T23:00:00+08:00,1776178800000,85.95,86.28,85.21,85.92,859221.85,859221.85,73645011.0895,1
2026-04-15T00:00:00+08:00,1776182400000,85.92,86.14,84.71,84.99,604635.59,604635.59,51646970.5438,1
2026-04-15T01:00:00+08:00,1776186000000,84.99,85.4,84.65,85.2,353717.01,353717.01,30076880.6608,1
2026-04-15T02:00:00+08:00,1776189600000,85.2,85.38,83.83,84.04,483544.21,483544.21,40859755.5852,1
2026-04-15T03:00:00+08:00,1776193200000,84.03,84.27,83.65,83.89,540308.18,540308.18,45363176.3759,1
2026-04-15T04:00:00+08:00,1776196800000,83.89,84.09,83.34,83.55,375165.5,375165.5,31365207.0917,1
2026-04-15T05:00:00+08:00,1776200400000,83.55,83.89,83.48,83.76,129782.5,129782.5,10858261.1228,1
2026-04-15T06:00:00+08:00,1776204000000,83.75,83.89,83.22,83.46,402425.89,402425.89,33594039.1348,1
2026-04-15T07:00:00+08:00,1776207600000,83.46,84.01,83.38,83.65,342014.02,342014.02,28633436.9075,1
2026-04-15T08:00:00+08:00,1776211200000,83.66,84.02,83.48,83.71,609556.05,609556.05,51024151.1937,1
2026-04-15T09:00:00+08:00,1776214800000,83.71,83.98,83.5,83.85,281248.13,281248.13,23543703.293,1
2026-04-15T10:00:00+08:00,1776218400000,83.85,83.95,83.08,83.33,329769.93,329769.93,27490298.2686,1
2026-04-15T11:00:00+08:00,1776222000000,83.34,83.47,83.23,83.4,142361.24,142361.24,11863935.4617,1
2026-04-15T12:00:00+08:00,1776225600000,83.4,83.61,83.28,83.55,182795.37,182795.37,15258400.6784,1
2026-04-15T13:00:00+08:00,1776229200000,83.54,83.74,82.85,83.07,471995.95,471995.95,39260460.5008,1
2026-04-15T14:00:00+08:00,1776232800000,83.07,83.09,82.81,82.95,198892.62,198892.62,16496729.6825,1
2026-04-15T15:00:00+08:00,1776236400000,82.95,83.17,82.59,82.88,438773.78,438773.78,36338439.7352,1
2026-04-15T16:00:00+08:00,1776240000000,82.88,83.26,82.69,83.08,262267.53,262267.53,21764742.3868,1
2026-04-15T17:00:00+08:00,1776243600000,83.09,83.2,82.83,83.11,184778.28,184778.28,15339298.7617,1
2026-04-15T18:00:00+08:00,1776247200000,83.11,83.6,82.86,83.11,456296.95,456296.95,37940751.1156,1
2026-04-15T19:00:00+08:00,1776250800000,83.11,83.66,83,83.55,361961.33,361961.33,30166460.6284,1
2026-04-15T20:00:00+08:00,1776254400000,83.54,83.83,83.33,83.66,239366.28,239366.28,20010211.4652,1
2026-04-15T21:00:00+08:00,1776258000000,83.65,83.76,83.16,83.58,362700.46,362700.46,30270400.9505,1
2026-04-15T22:00:00+08:00,1776261600000,83.59,84.46,83.36,84.26,529267.36,529267.36,44480152.0473,1
2026-04-15T23:00:00+08:00,1776265200000,84.26,84.42,83.45,83.96,470162.41,470162.41,39437735.4645,1
2026-04-16T00:00:00+08:00,1776268800000,83.95,84.67,83.85,84.51,487147.18,487147.18,41123747.5738,1
2026-04-16T01:00:00+08:00,1776272400000,84.52,85.13,84.42,84.68,421588.86,421588.86,35727842.2854,1
2026-04-16T02:00:00+08:00,1776276000000,84.68,85.04,84.56,85,162323.46,162323.46,13773134.2568,1
2026-04-16T03:00:00+08:00,1776279600000,84.99,85.81,84.9,85.48,399350.84,399350.84,34104889.0992,1
2026-04-16T04:00:00+08:00,1776283200000,85.48,85.54,84.59,84.76,253426.69,253426.69,21521825.9785,1
2026-04-16T05:00:00+08:00,1776286800000,84.76,84.84,84.13,84.74,249452.45,249452.45,21070630.2423,1
2026-04-16T06:00:00+08:00,1776290400000,84.73,85.57,84.69,84.99,337549.79,337549.79,28739934.1283,1
2026-04-16T07:00:00+08:00,1776294000000,84.99,84.99,84.59,84.85,245811.49,245811.49,20839444.1821,1
2026-04-16T08:00:00+08:00,1776297600000,84.86,85.03,84.42,84.9,230177.49,230177.49,19502588.3961,1
2026-04-16T09:00:00+08:00,1776301200000,84.89,84.91,84.41,84.82,113363.05,113363.05,9599663.5843,1
2026-04-16T10:00:00+08:00,1776304800000,84.81,85.55,84.67,85.07,311209.41,311209.41,26500113.1119,1
2026-04-16T11:00:00+08:00,1776308400000,85.07,85.47,85.04,85.25,178775.34,178775.34,15241671.9926,1
2026-04-16T12:00:00+08:00,1776312000000,85.24,85.53,84.94,85.21,213518.79,213518.79,18204701.2771,1
2026-04-16T13:00:00+08:00,1776315600000,85.2,85.5,85.01,85.36,131490.37,131490.37,11209371.5008,1
2026-04-16T14:00:00+08:00,1776319200000,85.36,85.5,85.14,85.42,159043.41,159043.41,13574542.5379,1
2026-04-16T15:00:00+08:00,1776322800000,85.42,85.61,85.05,85.16,275116.39,275116.39,23480547.5363,1
2026-04-16T16:00:00+08:00,1776326400000,85.16,85.26,84.86,85.01,278204.51,278204.51,23668811.965,1
2026-04-16T17:00:00+08:00,1776330000000,85,85.47,84.92,85.16,341544.16,341544.16,29121576.2226,1
2026-04-16T18:00:00+08:00,1776333600000,85.16,85.2,84.58,85,373390.36,373390.36,31720338.2255,1
2026-04-16T19:00:00+08:00,1776337200000,85,85.12,84.88,85.02,145076.82,145076.82,12328638.2925,1
2026-04-16T20:00:00+08:00,1776340800000,85.01,85.45,85.01,85.33,230601.74,230601.74,19663279.4882,1
2026-04-16T21:00:00+08:00,1776344400000,85.34,86.24,83.74,84.74,1337172.12,1337172.12,113819971.0727,1
2026-04-16T22:00:00+08:00,1776348000000,84.73,85.65,83.97,85.33,901289.56,901289.56,76298554.3,1
2026-04-16T23:00:00+08:00,1776351600000,85.33,87.1,85.25,86.58,1150138.18,1150138.18,99321661.4301,1
2026-04-17T00:00:00+08:00,1776355200000,86.58,87.06,85.55,85.9,824370.56,824370.56,71212682.8837,1
2026-04-17T01:00:00+08:00,1776358800000,85.9,86.75,85.67,86.6,458092.33,458092.33,39470962.0759,1
2026-04-17T02:00:00+08:00,1776362400000,86.6,89.03,86.47,88.94,1390980.03,1390980.03,122019871.4739,1
2026-04-17T03:00:00+08:00,1776366000000,88.94,90.1,88.6,90.05,942902.45,942902.45,84298193.9021,1
2026-04-17T04:00:00+08:00,1776369600000,90.05,90.47,89.22,89.53,796862.5,796862.5,71587156.5167,1
2026-04-17T05:00:00+08:00,1776373200000,89.54,89.71,88.69,88.89,474361.56,474361.56,42253566.9953,1
2026-04-17T06:00:00+08:00,1776376800000,88.89,89.42,88.83,88.95,267992.63,267992.63,23886047.3918,1
2026-04-17T07:00:00+08:00,1776380400000,88.95,89.18,88.79,89.01,192646.46,192646.46,17135544.9404,1
2026-04-17T08:00:00+08:00,1776384000000,89.02,89.14,88.53,88.77,253554.39,253554.39,22510370.8903,1
2026-04-17T09:00:00+08:00,1776387600000,88.76,88.97,87.87,88.19,455239.42,455239.42,40249161.9568,1
2026-04-17T10:00:00+08:00,1776391200000,88.19,88.32,87.43,87.82,432138.09,432138.09,37931535.4588,1
2026-04-17T11:00:00+08:00,1776394800000,87.81,87.9,87.41,87.67,237459.42,237459.42,20816560.1947,1
2026-04-17T12:00:00+08:00,1776398400000,87.67,88.24,87.64,87.95,306621.44,306621.44,26989585.3269,1
2026-04-17T13:00:00+08:00,1776402000000,87.94,87.95,87.32,87.35,339548.75,339548.75,29732395.4779,1
2026-04-17T14:00:00+08:00,1776405600000,87.36,88.05,87.31,87.95,202894.06,202894.06,17799663.5533,1
2026-04-17T15:00:00+08:00,1776409200000,87.96,88.44,87.93,88.1,246665.03,246665.03,21754767.3486,1
2026-04-17T16:00:00+08:00,1776412800000,88.09,89.03,88.07,88.9,506466.21,506466.21,44839072.9401,1
2026-04-17T17:00:00+08:00,1776416400000,88.91,89.47,88.26,88.65,601523.97,601523.97,53371263.3119,1
2026-04-17T18:00:00+08:00,1776420000000,88.65,88.68,87.31,87.63,656573.01,656573.01,57705948.404,1
2026-04-17T19:00:00+08:00,1776423600000,87.63,88.28,87.57,88.16,324860.22,324860.22,28573133.7709,1
2026-04-17T20:00:00+08:00,1776427200000,88.16,88.87,87.86,88.83,595560.07,595560.07,52605014.995,1
2026-04-17T21:00:00+08:00,1776430800000,88.84,90.49,88.53,90.08,2264015.78,2264015.78,202767741.3567,1
2026-04-17T22:00:00+08:00,1776434400000,90.09,90.74,89.6,89.97,1118312.73,1118312.73,100721663.152,1
2026-04-17T23:00:00+08:00,1776438000000,89.98,90.17,89.44,89.91,641422.3,641422.3,57604221.202,1
2026-04-18T00:00:00+08:00,1776441600000,89.91,90.59,89.85,90.38,527085.36,527085.36,47534239.0234,1
2026-04-18T01:00:00+08:00,1776445200000,90.39,90.4,89.04,89.7,602651.15,602651.15,53993588.5524,1
2026-04-18T02:00:00+08:00,1776448800000,89.7,89.79,88.83,89.12,282540.77,282540.77,25177840.5566,1
2026-04-18T03:00:00+08:00,1776452400000,89.13,89.45,88.87,89.17,205005.03,205005.03,18295641.9967,1
2026-04-18T04:00:00+08:00,1776456000000,89.18,89.32,88.37,88.95,263033.33,263033.33,23361478.4767,1
2026-04-18T05:00:00+08:00,1776459600000,88.94,89.21,88.74,89.08,174533.87,174533.87,15544300.8082,1
2026-04-18T06:00:00+08:00,1776463200000,89.07,89.42,88.89,89.17,147778.69,147778.69,13180316.6988,1
2026-04-18T07:00:00+08:00,1776466800000,89.16,89.16,88.43,88.71,202603.09,202603.09,17982827.0038,1
2026-04-18T08:00:00+08:00,1776470400000,88.71,89.1,88.62,88.93,175541.35,175541.35,15593248.5173,1
2026-04-18T09:00:00+08:00,1776474000000,88.93,89.11,88.65,88.82,119058.83,119058.83,10582800.8346,1
2026-04-18T10:00:00+08:00,1776477600000,88.81,89.04,88.61,88.88,128109.71,128109.71,11381123.6566,1
2026-04-18T11:00:00+08:00,1776481200000,88.88,88.88,88.16,88.27,245250.54,245250.54,21704669.558,1
2026-04-18T12:00:00+08:00,1776484800000,88.28,88.49,88.19,88.3,193819.43,193819.43,17126056.2653,1
2026-04-18T13:00:00+08:00,1776488400000,88.3,88.61,88.11,88.35,238378.39,238378.39,21057855.9702,1
2026-04-18T14:00:00+08:00,1776492000000,88.36,88.58,88.27,88.45,119056.13,119056.13,10531491.4535,1
2026-04-18T15:00:00+08:00,1776495600000,88.45,88.52,88.26,88.41,125858.13,125858.13,11125640.8364,1
2026-04-18T16:00:00+08:00,1776499200000,88.42,88.47,87.05,87.48,745497.74,745497.74,65305848.7927,1
2026-04-18T17:00:00+08:00,1776502800000,87.49,87.62,87.09,87.57,347742.05,347742.05,30389497.197,1
2026-04-18T18:00:00+08:00,1776506400000,87.56,87.58,86.72,86.91,548192.7,548192.7,47723163.8344,1
2026-04-18T19:00:00+08:00,1776510000000,86.91,86.92,86.23,86.49,405952.74,405952.74,35138717.0978,1
2026-04-18T20:00:00+08:00,1776513600000,86.48,86.9,86.45,86.84,254649.04,254649.04,22084160.1167,1
2026-04-18T21:00:00+08:00,1776517200000,86.84,86.92,86.35,86.68,280595.11,280595.11,24325534.0545,1
2026-04-18T22:00:00+08:00,1776520800000,86.68,86.83,86.4,86.78,252808.68,252808.68,21911644.1637,1
2026-04-18T23:00:00+08:00,1776524400000,86.78,86.92,86.53,86.72,134951.32,134951.32,11707779.0407,1
2026-04-19T00:00:00+08:00,1776528000000,86.71,86.95,86.41,86.65,248728.29,248728.29,21556784.3692,1
2026-04-19T01:00:00+08:00,1776531600000,86.64,86.8,86.45,86.7,130806.08,130806.08,11332601.8676,1
2026-04-19T02:00:00+08:00,1776535200000,86.7,86.7,85.72,85.9,498501.84,498501.84,42924293.3447,1
2026-04-19T03:00:00+08:00,1776538800000,85.9,86.23,85.87,86.06,103314.87,103314.87,8892286.4095,1
2026-04-19T04:00:00+08:00,1776542400000,86.06,86.25,85.94,86.12,127410.16,127410.16,10970007.0709,1
2026-04-19T05:00:00+08:00,1776546000000,86.13,86.23,85.97,86.15,76078.04,76078.04,6550903.8498,1
2026-04-19T06:00:00+08:00,1776549600000,86.15,86.31,85.84,86.23,220241.01,220241.01,18952657.7978,1
2026-04-19T07:00:00+08:00,1776553200000,86.23,86.41,86.07,86.1,102616.56,102616.56,8846883.2453,1
2026-04-19T08:00:00+08:00,1776556800000,86.1,86.32,85.81,85.96,171863.26,171863.26,14778025.3523,1
2026-04-19T09:00:00+08:00,1776560400000,85.97,86.18,85.54,85.68,240536.28,240536.28,20635985.6393,1
2026-04-19T10:00:00+08:00,1776564000000,85.69,85.8,85.17,85.47,324959.64,324959.64,27773604.9331,1
2026-04-19T11:00:00+08:00,1776567600000,85.46,85.73,85.25,85.55,219446.6,219446.6,18776119.0323,1
2026-04-19T12:00:00+08:00,1776571200000,85.55,85.9,85.06,85.52,331636.97,331636.97,28357443.512,1
2026-04-19T13:00:00+08:00,1776574800000,85.52,85.75,85.33,85.44,266342.42,266342.42,22770640.9796,1
2026-04-19T14:00:00+08:00,1776578400000,85.43,85.61,85.08,85.39,292287.59,292287.59,24941726.9168,1
2026-04-19T15:00:00+08:00,1776582000000,85.39,85.39,84.36,84.8,777514.95,777514.95,65867491.8654,1
2026-04-19T16:00:00+08:00,1776585600000,84.8,85.09,84.56,84.75,410272.83,410272.83,34786157.4216,1
2026-04-19T17:00:00+08:00,1776589200000,84.75,84.99,84.52,84.54,253072.8,253072.8,21447009.0938,1
2026-04-19T18:00:00+08:00,1776592800000,84.54,84.85,84.38,84.73,281137.19,281137.19,23788160.1945,1
2026-04-19T19:00:00+08:00,1776596400000,84.74,85.64,84.71,85.54,494502.9,494502.9,42180735.5264,1
2026-04-19T20:00:00+08:00,1776600000000,85.55,85.88,85.5,85.72,292967.51,292967.51,25085950.4377,1
2026-04-19T21:00:00+08:00,1776603600000,85.73,86.88,85.7,86.28,735165.99,735165.99,63518608.5562,1
2026-04-19T22:00:00+08:00,1776607200000,86.29,87.08,85.92,86.47,614312.46,614312.46,53166990.015,1
2026-04-19T23:00:00+08:00,1776610800000,86.48,86.62,85.54,86.32,415437.55,415437.55,35769346.1766,1
2026-04-20T00:00:00+08:00,1776614400000,86.32,86.46,85.69,85.81,256371.45,256371.45,22070092.3751,1
2026-04-20T01:00:00+08:00,1776618000000,85.82,85.97,84.95,85.09,395509.1,395509.1,33794416.4698,1
2026-04-20T02:00:00+08:00,1776621600000,85.1,85.26,84.82,85.07,221200.2,221200.2,18810912.9859,1
2026-04-20T03:00:00+08:00,1776625200000,85.06,85.52,85.06,85.3,155660.23,155660.23,13283427.526,1
2026-04-20T04:00:00+08:00,1776628800000,85.29,85.33,84.7,84.93,223484.25,223484.25,18995810.4226,1
2026-04-20T05:00:00+08:00,1776632400000,84.93,85.21,84.52,84.67,177346.89,177346.89,15059431.6755,1
2026-04-20T06:00:00+08:00,1776636000000,84.66,84.66,82.88,83.71,1312346.47,1312346.47,109880581.8025,1
2026-04-20T07:00:00+08:00,1776639600000,83.71,83.73,83.28,83.43,252652.86,252652.86,21095917.3653,1
2026-04-20T08:00:00+08:00,1776643200000,83.43,84.15,83.29,83.95,343111.59,343111.59,28719711.6746,1
2026-04-20T09:00:00+08:00,1776646800000,83.94,84.5,83.9,84.29,189392.72,189392.72,15953632.3085,1
2026-04-20T10:00:00+08:00,1776650400000,84.3,84.35,83.66,84.15,182153.09,182153.09,15305624.5798,1
2026-04-20T11:00:00+08:00,1776654000000,84.16,84.55,84.07,84.52,128168.93,128168.93,10807867.2217,1
2026-04-20T12:00:00+08:00,1776657600000,84.53,84.56,84.2,84.51,115276.36,115276.36,9728919.6655,1
2026-04-20T13:00:00+08:00,1776661200000,84.52,84.54,83.7,83.81,251860.68,251860.68,21160445.0044,1
2026-04-20T14:00:00+08:00,1776664800000,83.82,84.72,83.73,84.42,292787.77,292787.77,24646338.5574,1
2026-04-20T15:00:00+08:00,1776668400000,84.43,85.73,84.39,84.69,691098.42,691098.42,58758770.7951,1
2026-04-20T16:00:00+08:00,1776672000000,84.69,85.08,84.5,84.63,276875.07,276875.07,23458994.6858,1
2026-04-20T17:00:00+08:00,1776675600000,84.62,85.21,84.57,85.02,206953.26,206953.26,17580917.4589,1
2026-04-20T18:00:00+08:00,1776679200000,85.03,85.37,84.77,84.82,216741.93,216741.93,18437414.6191,1
2026-04-20T19:00:00+08:00,1776682800000,84.82,85.33,84.72,85.02,194793.2,194793.2,16567403.6819,1
2026-04-20T20:00:00+08:00,1776686400000,85.02,85.5,84.81,85.27,353016.52,353016.52,30051491.8781,1
2026-04-20T21:00:00+08:00,1776690000000,85.28,85.5,84.82,85.27,490860.94,490860.94,41842125.4296,1
2026-04-20T22:00:00+08:00,1776693600000,85.27,85.79,84.47,84.74,630266.96,630266.96,53680525.9116,1
2026-04-20T23:00:00+08:00,1776697200000,84.74,85.85,84.36,85.81,525615.21,525615.21,44792705.139,1
2026-04-21T00:00:00+08:00,1776700800000,85.82,85.85,85.22,85.25,281820.29,281820.29,24110100.4208,1
2026-04-21T01:00:00+08:00,1776704400000,85.26,86.08,85.22,85.65,247183.16,247183.16,21201993.3535,1
2026-04-21T02:00:00+08:00,1776708000000,85.66,86.19,85.66,86.03,370021.01,370021.01,31814198.1117,1
2026-04-21T03:00:00+08:00,1776711600000,86.04,86.07,85.72,85.76,149315.92,149315.92,12827151.7634,1
2026-04-21T04:00:00+08:00,1776715200000,85.76,86.13,85.63,85.92,159095.93,159095.93,13658095.0319,1
2026-04-21T05:00:00+08:00,1776718800000,85.91,86.19,85.54,85.76,206892.12,206892.12,17749051.9887,1
2026-04-21T06:00:00+08:00,1776722400000,85.76,86.03,85.55,85.66,113465.02,113465.02,9732867.0251,1
2026-04-21T07:00:00+08:00,1776726000000,85.66,85.66,85.17,85.25,188227,188227,16061875.7026,1
2026-04-21T08:00:00+08:00,1776729600000,85.25,85.75,85.21,85.64,197419.26,197419.26,16870724.1483,1
2026-04-21T09:00:00+08:00,1776733200000,85.64,85.79,85.33,85.41,137476.17,137476.17,11762442.6581,1
2026-04-21T10:00:00+08:00,1776736800000,85.41,85.43,85.15,85.24,148483.41,148483.41,12660731.6121,1
2026-04-21T11:00:00+08:00,1776740400000,85.24,85.49,84.94,85.13,367853.55,367853.55,31334286.6133,1
2026-04-21T12:00:00+08:00,1776744000000,85.12,85.43,84.98,85.39,193887,193887,16506323.0758,1
2026-04-21T13:00:00+08:00,1776747600000,85.39,85.81,85.37,85.63,279919.61,279919.61,23967829.3205,1
2026-04-21T14:00:00+08:00,1776751200000,85.63,85.92,85.12,85.62,266358.05,266358.05,22777479.7617,1
2026-04-21T15:00:00+08:00,1776754800000,85.62,85.96,85.36,85.66,242698.44,242698.44,20792669.8414,1
2026-04-21T16:00:00+08:00,1776758400000,85.67,86.32,85.58,85.76,275716.91,275716.91,23700822.6618,1
2026-04-21T17:00:00+08:00,1776762000000,85.76,85.85,85.47,85.85,155818.03,155818.03,13350671.1056,1
2026-04-21T18:00:00+08:00,1776765600000,85.85,86.28,85.81,86.11,162579.12,162579.12,13986690.9853,1
2026-04-21T19:00:00+08:00,1776769200000,86.11,86.13,85.68,85.79,249453.16,249453.16,21432069.5225,1
2026-04-21T20:00:00+08:00,1776772800000,85.8,86,85.12,85.47,371639.61,371639.61,31766498.1605,1
2026-04-21T21:00:00+08:00,1776776400000,85.47,85.81,85.25,85.77,252561.28,252561.28,21602847.0446,1
2026-04-21T22:00:00+08:00,1776780000000,85.76,86.85,85.55,85.72,741468.44,741468.44,63922147.1862,1
2026-04-21T23:00:00+08:00,1776783600000,85.72,86.24,85.34,86,488342.49,488342.49,41904150.8108,1
2026-04-22T00:00:00+08:00,1776787200000,86,86.25,85.59,85.63,282860.07,282860.07,24318990.6433,1
2026-04-22T01:00:00+08:00,1776790800000,85.64,85.76,84.63,85.26,580533.67,580533.67,49447943.4702,1
2026-04-22T02:00:00+08:00,1776794400000,85.26,85.35,84.68,85.19,268401.76,268401.76,22811586.5234,1
2026-04-22T03:00:00+08:00,1776798000000,85.2,85.68,84.24,84.51,427987.87,427987.87,36321920.5055,1
2026-04-22T04:00:00+08:00,1776801600000,84.51,85.71,84.4,85.37,433393.35,433393.35,36907480.7287,1
2026-04-22T05:00:00+08:00,1776805200000,85.37,85.52,84.96,85.1,130077.57,130077.57,11077958.0807,1
2026-04-22T06:00:00+08:00,1776808800000,85.09,85.39,84.93,85.32,154523.87,154523.87,13158864.077,1
2026-04-22T07:00:00+08:00,1776812400000,85.31,86.09,85.29,85.99,216135.94,216135.94,18531535.1738,1
2026-04-22T08:00:00+08:00,1776816000000,85.99,86.5,85.97,86.45,385706.46,385706.46,33273772.422,1
2026-04-22T09:00:00+08:00,1776819600000,86.45,86.52,86.06,86.23,220967.86,220967.86,19067964.3708,1
2026-04-22T10:00:00+08:00,1776823200000,86.24,87.55,86.16,87.38,822058.8,822058.8,71618836.9733,1
2026-04-22T11:00:00+08:00,1776826800000,87.38,87.85,87.1,87.23,407630.59,407630.59,35640804.3633,1
2026-04-22T12:00:00+08:00,1776830400000,87.22,87.32,86.94,87.06,258130.73,258130.73,22490230.6999,1
2026-04-22T13:00:00+08:00,1776834000000,87.06,88.33,87,87.98,934517.47,934517.47,82136457.5256,1
2026-04-22T14:00:00+08:00,1776837600000,87.99,88.16,87.78,87.92,299408.58,299408.58,26332588.6234,1
2026-04-22T15:00:00+08:00,1776841200000,87.92,88.25,87.67,88.03,387064.39,387064.39,34037530.3353,1
2026-04-22T16:00:00+08:00,1776844800000,88.03,88.25,87.56,87.97,384355.9,384355.9,33762982.0991,1
2026-04-22T17:00:00+08:00,1776848400000,87.97,88.83,87.8,88.27,420613.34,420613.34,37207287.9707,1
2026-04-22T18:00:00+08:00,1776852000000,88.26,88.38,88.1,88.3,152093.8,152093.8,13422417.5092,1
2026-04-22T19:00:00+08:00,1776855600000,88.3,88.49,88.13,88.28,132795.53,132795.53,11720919.3695,1
2026-04-22T20:00:00+08:00,1776859200000,88.29,88.63,88.18,88.54,219083.95,219083.95,19374432.9877,1
2026-04-22T21:00:00+08:00,1776862800000,88.54,89.14,88.38,89.05,537955.2,537955.2,47767315.3658,1
2026-04-22T22:00:00+08:00,1776866400000,89.06,89.28,88.43,88.68,515028.12,515028.12,45761817.0428,1
2026-04-22T23:00:00+08:00,1776870000000,88.69,88.75,87.98,88.15,504650.68,504650.68,44565702.7272,1
2026-04-23T00:00:00+08:00,1776873600000,88.15,88.43,87.48,87.62,424104.91,424104.91,37295950.0038,1
2026-04-23T01:00:00+08:00,1776877200000,87.61,87.98,87.58,87.8,224357.13,224357.13,19705630.6525,1
2026-04-23T02:00:00+08:00,1776880800000,87.81,88.34,87.74,87.77,185054.08,185054.08,16292349.0113,1
2026-04-23T03:00:00+08:00,1776884400000,87.77,87.79,87.04,87.33,384431.25,384431.25,33606963.2419,1
2026-04-23T04:00:00+08:00,1776888000000,87.34,87.45,87.04,87.09,158828.78,158828.78,13852195.6825,1
2026-04-23T05:00:00+08:00,1776891600000,87.09,87.6,87.07,87.53,112247.03,112247.03,9808733.6371,1
2026-04-23T06:00:00+08:00,1776895200000,87.53,87.68,87.24,87.37,147140.74,147140.74,12861535.9863,1
2026-04-23T07:00:00+08:00,1776898800000,87.38,87.44,86.73,86.82,254057.39,254057.39,22097072.12,1
2026-04-23T08:00:00+08:00,1776902400000,86.83,87.11,85.9,86.81,671587.93,671587.93,58158864.7016,1
2026-04-23T09:00:00+08:00,1776906000000,86.82,86.82,86.07,86.38,347277.23,347277.23,29966940.1873,1
2026-04-23T10:00:00+08:00,1776909600000,86.39,86.41,85.67,85.9,381360.31,381360.31,32792479.0232,1
2026-04-23T11:00:00+08:00,1776913200000,85.89,86.04,85.4,85.72,320492.03,320492.03,27463203.0612,1
2026-04-23T12:00:00+08:00,1776916800000,85.71,85.94,85.59,85.9,230468.87,230468.87,19769208.2118,1
2026-04-23T13:00:00+08:00,1776920400000,85.9,86.07,85.45,85.83,332066.99,332066.99,28488204.2391,1
2026-04-23T14:00:00+08:00,1776924000000,85.82,86.19,85.79,86.12,234703.24,234703.24,20189726.1878,1
2026-04-23T15:00:00+08:00,1776927600000,86.13,86.17,85.8,85.84,194388.33,194388.33,16717141.862,1
2026-04-23T16:00:00+08:00,1776931200000,85.84,85.88,85.5,85.64,286669.79,286669.79,24568872.4825,1
2026-04-23T17:00:00+08:00,1776934800000,85.65,85.65,85.22,85.48,231180.57,231180.57,19750556.5491,1
2026-04-23T18:00:00+08:00,1776938400000,85.47,85.56,85.1,85.38,354947.52,354947.52,30278791.2393,1
2026-04-23T19:00:00+08:00,1776942000000,85.38,85.85,85.31,85.77,228441.67,228441.67,19556332.6346,1
2026-04-23T20:00:00+08:00,1776945600000,85.77,86.04,85.66,85.91,299611.62,299611.62,25727853.3727,1
2026-04-23T21:00:00+08:00,1776949200000,85.9,85.98,85.51,85.72,324032.98,324032.98,27780902.789,1
2026-04-23T22:00:00+08:00,1776952800000,85.72,86.14,85.49,85.99,276650.06,276650.06,23750119.8326,1
2026-04-23T23:00:00+08:00,1776956400000,85.99,86.6,85.74,86.3,722032.36,722032.36,62242883.1754,1
2026-04-24T00:00:00+08:00,1776960000000,86.3,86.37,85.73,85.76,239576.36,239576.36,20620184.0182,1
2026-04-24T01:00:00+08:00,1776963600000,85.76,85.82,84.4,85.27,926224.29,926224.29,78714350.5627,1
2026-04-24T02:00:00+08:00,1776967200000,85.28,85.6,85.15,85.19,247064.78,247064.78,21095678.8579,1
2026-04-24T03:00:00+08:00,1776970800000,85.2,85.5,85.07,85.24,266950.89,266950.89,22763677.5517,1
2026-04-24T04:00:00+08:00,1776974400000,85.24,85.8,85.22,85.54,236007.49,236007.49,20195307.5816,1
2026-04-24T05:00:00+08:00,1776978000000,85.54,85.95,85.45,85.74,119294.56,119294.56,10229330.3855,1
2026-04-24T06:00:00+08:00,1776981600000,85.74,86.2,85.74,85.91,231777.08,231777.08,19939923.0504,1
2026-04-24T07:00:00+08:00,1776985200000,85.92,86.14,85.56,86.07,193145.77,193145.77,16591346.9027,1
2026-04-24T08:00:00+08:00,1776988800000,86.07,86.31,85.99,86.16,148417,148417,12787007.5468,1
2026-04-24T09:00:00+08:00,1776992400000,86.16,86.28,85.77,86.23,151490.95,151490.95,13029545.3045,1
2026-04-24T10:00:00+08:00,1776996000000,86.23,86.32,85.72,85.83,150465.34,150465.34,12942083.2468,1
2026-04-24T11:00:00+08:00,1776999600000,85.83,85.89,85.35,85.64,211207.49,211207.49,18081508.1288,1
2026-04-24T12:00:00+08:00,1777003200000,85.64,85.66,85.13,85.26,185382.35,185382.35,15821308.0791,1
2026-04-24T13:00:00+08:00,1777006800000,85.26,85.78,85.08,85.64,483799.73,483799.73,41298323.2935,1
2026-04-24T14:00:00+08:00,1777010400000,85.65,85.69,85.27,85.38,223687.32,223687.32,19123020.7458,1
2026-04-24T15:00:00+08:00,1777014000000,85.39,85.57,85.29,85.45,146853.9,146853.9,12541954.8215,1
2026-04-24T16:00:00+08:00,1777017600000,85.45,85.7,85.25,85.31,253906.82,253906.82,21690031.6902,1
2026-04-24T17:00:00+08:00,1777021200000,85.31,85.44,84.86,85.43,323452.5,323452.5,27539170.8328,1
2026-04-24T18:00:00+08:00,1777024800000,85.42,85.7,85.14,85.66,253249.23,253249.23,21635609.2851,1
2026-04-24T19:00:00+08:00,1777028400000,85.66,86.23,85.65,86.14,429019.6,429019.6,36906348.4658,1
2026-04-24T20:00:00+08:00,1777032000000,86.14,86.77,86,86.3,729127.02,729127.02,63014197.3874,1
2026-04-24T21:00:00+08:00,1777035600000,86.3,86.57,85.8,86.02,317308.21,317308.21,27343144.0979,1
2026-04-24T22:00:00+08:00,1777039200000,86.02,86.16,85.6,85.99,291582.78,291582.78,25048730.9888,1
2026-04-24T23:00:00+08:00,1777042800000,85.99,86.53,85.47,86.46,294789.37,294789.37,25360189.5722,1
2026-04-25T00:00:00+08:00,1777046400000,86.45,86.52,86.03,86.28,169691.42,169691.42,14636391.1876,1
2026-04-25T01:00:00+08:00,1777050000000,86.27,86.51,86.05,86.42,179530.73,179530.73,15496965.6265,1
2026-04-25T02:00:00+08:00,1777053600000,86.43,86.49,85.9,86.33,114365.69,114365.69,9856551.0207,1
2026-04-25T03:00:00+08:00,1777057200000,86.33,86.48,86.2,86.28,106920.35,106920.35,9227131.3507,1
2026-04-25T04:00:00+08:00,1777060800000,86.27,86.9,86.17,86.83,298123.81,298123.81,25810430.0858,1
2026-04-25T05:00:00+08:00,1777064400000,86.82,86.9,86.31,86.41,139601.22,139601.22,12088650.9325,1
2026-04-25T06:00:00+08:00,1777068000000,86.4,86.41,86.05,86.13,136269.18,136269.18,11752157.7977,1
2026-04-25T07:00:00+08:00,1777071600000,86.13,86.26,86.1,86.14,86354.37,86354.37,7441434.1525,1
2026-04-25T08:00:00+08:00,1777075200000,86.13,86.22,85.98,86.19,89002.49,89002.49,7663644.5229,1
2026-04-25T09:00:00+08:00,1777078800000,86.19,86.31,86.07,86.23,93550.01,93550.01,8061637.705,1
2026-04-25T10:00:00+08:00,1777082400000,86.22,86.35,86.09,86.24,107492.62,107492.62,9267221.853,1
2026-04-25T11:00:00+08:00,1777086000000,86.23,86.47,86.22,86.4,85265.48,85265.48,7362548.2371,1
2026-04-25T12:00:00+08:00,1777089600000,86.41,86.45,86.23,86.27,91886.7,91886.7,7932808.9184,1
2026-04-25T13:00:00+08:00,1777093200000,86.27,86.28,86.08,86.15,81954.85,81954.85,7059976.556,1
2026-04-25T14:00:00+08:00,1777096800000,86.15,86.61,86.15,86.39,159546.22,159546.22,13787563.5591,1
2026-04-25T15:00:00+08:00,1777100400000,86.39,86.47,86.2,86.32,237225.24,237225.24,20478999.234,1
2026-04-25T16:00:00+08:00,1777104000000,86.32,86.78,86.27,86.57,202734.1,202734.1,17552751.1584,1
2026-04-25T17:00:00+08:00,1777107600000,86.57,86.75,86.51,86.52,136967.92,136967.92,11863822.588,1
2026-04-25T18:00:00+08:00,1777111200000,86.53,86.68,86.51,86.57,77351.58,77351.58,6697249.5946,1
2026-04-25T19:00:00+08:00,1777114800000,86.58,86.58,86.2,86.31,205652.2,205652.2,17762707.2157,1
2026-04-25T20:00:00+08:00,1777118400000,86.31,86.38,86.18,86.33,94329.64,94329.64,8140077.574,1
2026-04-25T21:00:00+08:00,1777122000000,86.32,86.62,86.32,86.55,98973.38,98973.38,8562091.6947,1
2026-04-25T22:00:00+08:00,1777125600000,86.55,86.61,86.4,86.4,91646.9,91646.9,7930492.316,1
2026-04-25T23:00:00+08:00,1777129200000,86.4,86.59,86.01,86.17,165807.09,165807.09,14308412.8271,1
2026-04-26T00:00:00+08:00,1777132800000,86.16,86.27,85.54,85.83,343164.65,343164.65,29485553.7798,1
2026-04-26T01:00:00+08:00,1777136400000,85.82,85.83,85.46,85.49,194807.94,194807.94,16686823.9288,1
2026-04-26T02:00:00+08:00,1777140000000,85.5,85.76,85.48,85.62,298341.66,298341.66,25550748.955,1
2026-04-26T03:00:00+08:00,1777143600000,85.62,85.66,85.49,85.61,142969.95,142969.95,12234431.7582,1
2026-04-26T04:00:00+08:00,1777147200000,85.62,85.86,85.54,85.85,90045.11,90045.11,7721041.4115,1
2026-04-26T05:00:00+08:00,1777150800000,85.85,86.04,85.67,85.84,117942.14,117942.14,10132531.1199,1
2026-04-26T06:00:00+08:00,1777154400000,85.85,86.12,85.8,86.05,71762.4,71762.4,6171324.5345,1
2026-04-26T07:00:00+08:00,1777158000000,86.04,86.13,85.97,86.12,52839.13,52839.13,4546534.0504,1
2026-04-26T08:00:00+08:00,1777161600000,86.13,86.15,85.87,85.98,87527.84,87527.84,7530404.6067,1
2026-04-26T09:00:00+08:00,1777165200000,85.98,86.08,85.92,85.92,84286.44,84286.44,7247870.5264,1
2026-04-26T10:00:00+08:00,1777168800000,85.92,86.35,85.92,86.35,99261.3,99261.3,8556243.89,1
2026-04-26T11:00:00+08:00,1777172400000,86.35,86.41,85.78,85.95,261099.18,261099.18,22462747.9194,1
2026-04-26T12:00:00+08:00,1777176000000,85.94,86.7,85.89,86.39,379626.28,379626.28,32806489.2047,1
2026-04-26T13:00:00+08:00,1777179600000,86.4,86.72,86.1,86.42,410278.32,410278.32,35469413.4369,1
2026-04-26T14:00:00+08:00,1777183200000,86.42,86.55,86.34,86.46,92589.94,92589.94,8003361.6196,1
2026-04-26T15:00:00+08:00,1777186800000,86.46,86.62,86.4,86.6,85513.97,85513.97,7395198.1387,1
2026-04-26T16:00:00+08:00,1777190400000,86.59,86.73,86.46,86.53,143509.58,143509.58,12427846.7287,1
2026-04-26T17:00:00+08:00,1777194000000,86.52,86.55,86.41,86.49,68560.65,68560.65,5928873.5949,1
2026-04-26T18:00:00+08:00,1777197600000,86.49,86.58,86.38,86.44,63317.6,63317.6,5476151.8774,1
2026-04-26T19:00:00+08:00,1777201200000,86.44,86.6,86.42,86.44,103593.64,103593.64,8959190.7505,1
2026-04-26T20:00:00+08:00,1777204800000,86.44,86.46,85.83,86.05,332826.48,332826.48,28655855.6732,1
2026-04-26T21:00:00+08:00,1777208400000,86.04,86.21,85.88,86.07,314192.39,314192.39,27034535.6797,1
2026-04-26T22:00:00+08:00,1777212000000,86.06,86.46,85.98,86.34,186748.39,186748.39,16117917.1992,1
2026-04-26T23:00:00+08:00,1777215600000,86.35,86.54,86.29,86.51,119267.12,119267.12,10309729.9027,1
2026-04-27T00:00:00+08:00,1777219200000,86.51,86.54,86.32,86.36,126718.04,126718.04,10956299.82,1
2026-04-27T01:00:00+08:00,1777222800000,86.36,86.54,86.22,86.5,119198.71,119198.71,10302748.9061,1
2026-04-27T02:00:00+08:00,1777226400000,86.49,86.98,86.37,86.78,311732.24,311732.24,27037686.9365,1
2026-04-27T03:00:00+08:00,1777230000000,86.78,87.2,86.63,86.83,268175.56,268175.56,23315801.4193,1
2026-04-27T04:00:00+08:00,1777233600000,86.84,86.89,86.56,86.65,153927.29,153927.29,13348597.621,1
2026-04-27T05:00:00+08:00,1777237200000,86.65,87.09,86.11,86.78,430226.95,430226.95,37281903.269,1
2026-04-27T06:00:00+08:00,1777240800000,86.78,87.27,86.25,86.66,422930.4,422930.4,36709167.6993,1
2026-04-27T07:00:00+08:00,1777244400000,86.66,87.12,86.45,86.86,136392.69,136392.69,11838860.4042,1
2026-04-27T08:00:00+08:00,1777248000000,86.87,87.37,86.5,87.3,563228.05,563228.05,48977883.3725,1
2026-04-27T09:00:00+08:00,1777251600000,87.31,87.84,87.22,87.78,587569.17,587569.17,51451431.4524,1
2026-04-27T10:00:00+08:00,1777255200000,87.78,88.06,87.33,87.78,395854.49,395854.49,34726590.7904,1
2026-04-27T11:00:00+08:00,1777258800000,87.78,88.04,87.65,87.69,199900.04,199900.04,17564232.2464,1
2026-04-27T12:00:00+08:00,1777262400000,87.7,87.81,87.38,87.5,152191.7,152191.7,13332711.9968,1
2026-04-27T13:00:00+08:00,1777266000000,87.5,87.51,85.7,85.89,1436654.05,1436654.05,123909211.1067,1
2026-04-27T14:00:00+08:00,1777269600000,85.89,85.97,85.34,85.65,480100.13,480100.13,41122112.7313,1
2026-04-27T15:00:00+08:00,1777273200000,85.65,85.72,85.19,85.2,368623.84,368623.84,31486917.3387,1
2026-04-27T16:00:00+08:00,1777276800000,85.19,85.45,84.97,85.44,409006.48,409006.48,34846050.2053,1
2026-04-27T17:00:00+08:00,1777280400000,85.44,85.57,85.09,85.42,417097.27,417097.27,35592813.694,1
2026-04-27T18:00:00+08:00,1777284000000,85.41,85.5,85.08,85.11,325379.62,325379.62,27736824.9885,1
2026-04-27T19:00:00+08:00,1777287600000,85.12,85.22,85,85.19,135661.09,135661.09,11548811.9134,1
2026-04-27T20:00:00+08:00,1777291200000,85.19,85.2,84.86,85.04,210723.81,210723.81,17915666.3064,1
2026-04-27T21:00:00+08:00,1777294800000,85.04,85.34,84.65,85.07,390546.69,390546.69,33187363.5497,1
2026-04-27T22:00:00+08:00,1777298400000,85.07,85.8,84.92,85.17,615162.69,615162.69,52481197.6822,1
2026-04-27T23:00:00+08:00,1777302000000,85.17,85.19,83.56,84.1,951708.64,951708.64,80131973.2177,1
2026-04-28T00:00:00+08:00,1777305600000,84.09,84.33,83.96,84.21,216864.67,216864.67,18250712.8363,1
2026-04-28T01:00:00+08:00,1777309200000,84.21,84.64,84.2,84.4,226779.55,226779.55,19148781.1613,1
2026-04-28T02:00:00+08:00,1777312800000,84.41,84.64,84.34,84.51,72293.88,72293.88,6108997.9643,1
2026-04-28T03:00:00+08:00,1777316400000,84.51,84.6,83.77,84.13,246026.21,246026.21,20699848.7356,1
2026-04-28T04:00:00+08:00,1777320000000,84.12,84.3,84.09,84.23,99611.55,99611.55,8387206.8617,1
2026-04-28T05:00:00+08:00,1777323600000,84.22,84.44,84.06,84.21,93309.49,93309.49,7861125.7416,1
2026-04-28T06:00:00+08:00,1777327200000,84.22,84.56,84.14,84.49,112866.15,112866.15,9525952.171,1
2026-04-28T07:00:00+08:00,1777330800000,84.48,84.86,84.4,84.76,184217.91,184217.91,15591959.5686,1
2026-04-28T08:00:00+08:00,1777334400000,84.77,84.89,84.54,84.76,132350.24,132350.24,11210334.509,1
2026-04-28T09:00:00+08:00,1777338000000,84.76,84.83,84.35,84.36,149365.66,149365.66,12627906.4438,1
2026-04-28T10:00:00+08:00,1777341600000,84.36,84.59,83.84,84.12,271087.26,271087.26,22833800.5223,1
2026-04-28T11:00:00+08:00,1777345200000,84.12,84.15,83.97,84.13,126935.87,126935.87,10668026.1295,1
2026-04-28T12:00:00+08:00,1777348800000,84.12,84.39,83.78,84.02,387604.68,387604.68,32563716.3486,1
2026-04-28T13:00:00+08:00,1777352400000,84.03,84.4,84.02,84.15,281243.68,281243.68,23679705.5967,1
2026-04-28T14:00:00+08:00,1777356000000,84.16,84.27,83.62,83.89,310002.25,310002.25,26023287.7454,1
2026-04-28T15:00:00+08:00,1777359600000,83.88,84.01,83.57,83.96,206899.71,206899.71,17344591.5773,1
2026-04-28T16:00:00+08:00,1777363200000,83.97,84.14,83.7,83.9,194127.03,194127.03,16285083.0715,1
2026-04-28T17:00:00+08:00,1777366800000,83.9,83.92,83.36,83.59,187585.69,187585.69,15682611.1164,1
2026-04-28T18:00:00+08:00,1777370400000,83.58,83.76,83.58,83.76,96278.77,96278.77,8057720.0216,1
2026-04-28T19:00:00+08:00,1777374000000,83.76,83.8,83.22,83.36,316451.29,316451.29,26405097.6304,1
2026-04-28T20:00:00+08:00,1777377600000,83.36,83.7,83.21,83.66,243117.87,243117.87,20285631.9928,1
2026-04-28T21:00:00+08:00,1777381200000,83.65,83.96,83.13,83.5,417754.57,417754.57,34879766.4268,1
2026-04-28T22:00:00+08:00,1777384800000,83.49,83.49,82.9,83.36,420766.1,420766.1,34984029.2655,1
2026-04-28T23:00:00+08:00,1777388400000,83.36,83.47,83.17,83.42,181353.65,181353.65,15114051.5604,1
2026-04-29T00:00:00+08:00,1777392000000,83.42,83.72,83.27,83.54,188163.82,188163.82,15707702.6378,1
2026-04-29T01:00:00+08:00,1777395600000,83.54,83.77,83.32,83.57,130942.49,130942.49,10945189.5699,1
2026-04-29T02:00:00+08:00,1777399200000,83.57,83.79,83.55,83.76,111167.52,111167.52,9302028.5268,1
2026-04-29T03:00:00+08:00,1777402800000,83.75,84.02,83.65,83.84,145583.7,145583.7,12209676.9662,1
2026-04-29T04:00:00+08:00,1777406400000,83.85,83.95,83.72,83.74,74973.59,74973.59,6285662.758,1
2026-04-29T05:00:00+08:00,1777410000000,83.73,83.9,83.58,83.68,160795.51,160795.51,13463912.8492,1
2026-04-29T06:00:00+08:00,1777413600000,83.69,83.88,83.53,83.67,228178.46,228178.46,19093575.4481,1
2026-04-29T07:00:00+08:00,1777417200000,83.67,84.12,83.6,84.01,336442.28,336442.28,28227456.7852,1
2026-04-29T08:00:00+08:00,1777420800000,84,84.14,83.75,84.01,314413.76,314413.76,26393084.1646,1
2026-04-29T09:00:00+08:00,1777424400000,84,84.16,83.75,84.03,150222.71,150222.71,12611041.5727,1
2026-04-29T10:00:00+08:00,1777428000000,84.04,84.17,83.88,83.98,118456.93,118456.93,9951708.8776,1
2026-04-29T11:00:00+08:00,1777431600000,83.98,84.69,83.98,84.55,361310.27,361310.27,30510684.9351,1
2026-04-29T12:00:00+08:00,1777435200000,84.54,85.03,84.39,84.92,402260.4,402260.4,34102584.8035,1
2026-04-29T13:00:00+08:00,1777438800000,84.92,84.96,84.66,84.8,213754.03,213754.03,18125083.9789,1
2026-04-29T14:00:00+08:00,1777442400000,84.8,84.95,84.48,84.58,245333.3,245333.3,20787440.5106,1
2026-04-29T15:00:00+08:00,1777446000000,84.58,84.83,84.56,84.66,143969.73,143969.73,12190521.8054,1
2026-04-29T16:00:00+08:00,1777449600000,84.67,84.72,84.32,84.48,194067.32,194067.32,16399411.9991,1
2026-04-29T17:00:00+08:00,1777453200000,84.48,85.56,84.43,85.26,594053.18,594053.18,50552626.2119,1
2026-04-29T18:00:00+08:00,1777456800000,85.27,85.51,85.09,85.1,395675.58,395675.58,33759198.9943,1
2026-04-29T19:00:00+08:00,1777460400000,85.11,85.13,84.73,84.86,210052.02,210052.02,17839145.8684,1
2026-04-29T20:00:00+08:00,1777464000000,84.87,84.87,83.87,84.19,606975.02,606975.02,51122446.0799,1
2026-04-29T21:00:00+08:00,1777467600000,84.18,84.23,83.56,83.94,459082.78,459082.78,38508878.2402,1
2026-04-29T22:00:00+08:00,1777471200000,83.93,83.99,83.59,83.77,308880.97,308880.97,25884668.067,1
2026-04-29T23:00:00+08:00,1777474800000,83.78,83.86,82.89,83.2,775108.66,775108.66,64503339.2902,1
2026-04-30T00:00:00+08:00,1777478400000,83.19,83.59,82.87,83.06,364903.13,364903.13,30341317.005,1
2026-04-30T01:00:00+08:00,1777482000000,83.06,83.34,82.67,83.34,390440.12,390440.12,32401676.0259,1
2026-04-30T02:00:00+08:00,1777485600000,83.33,83.42,81.34,82.23,1339476.37,1339476.37,109757391.8176,1
2026-04-30T03:00:00+08:00,1777489200000,82.23,82.31,81.92,82.14,238649.13,238649.13,19595188.462,1
2026-04-30T04:00:00+08:00,1777492800000,82.14,82.75,82.11,82.57,317637.05,317637.05,26167671.5242,1
2026-04-30T05:00:00+08:00,1777496400000,82.58,83.19,82.47,82.85,204909.72,204909.72,16973894.9027,1
2026-04-30T06:00:00+08:00,1777500000000,82.86,83.09,82.74,83.01,147419.01,147419.01,12228860.0607,1
2026-04-30T07:00:00+08:00,1777503600000,83.01,83.08,82.78,83.02,153131.53,153131.53,12704661.4061,1
2026-04-30T08:00:00+08:00,1777507200000,83.02,83.98,83.02,83.76,522890.97,522890.97,43682011.841,1
2026-04-30T09:00:00+08:00,1777510800000,83.76,83.97,83.62,83.71,253464.37,253464.37,21236700.5063,1
2026-04-30T10:00:00+08:00,1777514400000,83.71,83.94,82.63,82.93,408880.97,408880.97,34031585.7674,1
2026-04-30T11:00:00+08:00,1777518000000,82.93,83.2,82.81,83.02,117664.1,117664.1,9763558.6037,1
2026-04-30T12:00:00+08:00,1777521600000,83.02,83.04,82.33,82.37,187538.59,187538.59,15491432.999,1
2026-04-30T13:00:00+08:00,1777525200000,82.37,82.74,82.11,82.54,176366.06,176366.06,14547067.566,1
2026-04-30T14:00:00+08:00,1777528800000,82.54,83.04,82.49,82.89,137386.03,137386.03,11372771.6629,1
2026-04-30T15:00:00+08:00,1777532400000,82.89,83.37,82.83,83.32,190475.72,190475.72,15835158.1485,1
2026-04-30T16:00:00+08:00,1777536000000,83.32,83.39,83.08,83.09,176206.36,176206.36,14662200.0052,1
2026-04-30T17:00:00+08:00,1777539600000,83.09,83.53,83.03,83.11,150295.62,150295.62,12512128.2042,1
2026-04-30T18:00:00+08:00,1777543200000,83.11,83.18,82.89,82.97,141758.12,141758.12,11765412.5635,1
2026-04-30T19:00:00+08:00,1777546800000,82.97,83.34,82.76,82.96,146218.86,146218.86,12145209.7528,1
2026-04-30T20:00:00+08:00,1777550400000,82.96,83.44,82.95,83.18,165273.8,165273.8,13756119.5493,1
2026-04-30T21:00:00+08:00,1777554000000,83.17,83.52,82.82,83.15,182751.13,182751.13,15202883.9272,1
2026-04-30T22:00:00+08:00,1777557600000,83.15,83.36,82.62,83.19,268707.64,268707.64,22306692.9898,1
2026-04-30T23:00:00+08:00,1777561200000,83.19,83.8,82.97,83.31,289338.92,289338.92,24122574.7734,1
2026-05-01T00:00:00+08:00,1777564800000,83.3,83.39,82.89,82.96,133390.39,133390.39,11089887.0748,1
2026-05-01T01:00:00+08:00,1777568400000,82.97,83.09,82.82,82.99,102095.23,102095.23,8468759.138,1
2026-05-01T02:00:00+08:00,1777572000000,82.99,83.26,82.95,83.02,74607.33,74607.33,6199779.1633,1
2026-05-01T03:00:00+08:00,1777575600000,83.02,83.25,82.97,82.99,86348.24,86348.24,7175595.2217,1
2026-05-01T04:00:00+08:00,1777579200000,82.99,83.16,82.93,83.05,53057.93,53057.93,4406289.6524,1
2026-05-01T05:00:00+08:00,1777582800000,83.05,83.11,82.8,82.83,51001.3,51001.3,4231087.7874,1
2026-05-01T06:00:00+08:00,1777586400000,82.84,83,82.74,82.82,101077.25,101077.25,8374495.898,1
2026-05-01T07:00:00+08:00,1777590000000,82.81,83.05,82.8,83.04,67302.86,67302.86,5583118.3872,1
2026-05-01T08:00:00+08:00,1777593600000,83.04,83.38,83.02,83.15,132420.71,132420.71,11019393.1961,1
2026-05-01T09:00:00+08:00,1777597200000,83.16,83.64,83.15,83.57,180448.54,180448.54,15061244.9978,1
2026-05-01T10:00:00+08:00,1777600800000,83.58,83.82,83.42,83.59,259754.81,259754.81,21725865.5653,1
2026-05-01T11:00:00+08:00,1777604400000,83.58,84.37,83.53,83.87,437961,437961,36807567.8614,1
2026-05-01T12:00:00+08:00,1777608000000,83.87,84.04,83.64,83.79,238308.47,238308.47,19972923.0499,1
2026-05-01T13:00:00+08:00,1777611600000,83.79,84.22,83.71,84.03,246828.73,246828.73,20746631.1043,1
2026-05-01T14:00:00+08:00,1777615200000,84.03,84.15,83.65,83.81,152635.52,152635.52,12805933.5273,1
2026-05-01T15:00:00+08:00,1777618800000,83.81,83.95,83.63,83.92,342656.08,342656.08,28710117.3294,1
2026-05-01T16:00:00+08:00,1777622400000,83.92,84.27,83.86,84.14,216972.13,216972.13,18244398.0098,1
2026-05-01T17:00:00+08:00,1777626000000,84.14,84.14,83.88,83.92,122914.58,122914.58,10321019.7859,1
2026-05-01T18:00:00+08:00,1777629600000,83.92,84.04,83.64,83.91,128729.95,128729.95,10790520.1335,1
2026-05-01T19:00:00+08:00,1777633200000,83.9,84.18,83.82,83.99,99695.08,99695.08,8368146.9199,1
2026-05-01T20:00:00+08:00,1777636800000,83.99,84.55,83.88,84.23,439055.73,439055.73,37001608.1074,1
2026-05-01T21:00:00+08:00,1777640400000,84.23,84.82,84.19,84.57,414035.51,414035.51,34978285.3738,1
2026-05-01T22:00:00+08:00,1777644000000,84.57,84.7,83.82,84.16,424040.66,424040.66,35718765.9377,1
2026-05-01T23:00:00+08:00,1777647600000,84.15,84.58,83.95,84.42,292500.43,292500.43,24652581.7875,1
2026-05-02T00:00:00+08:00,1777651200000,84.41,84.59,83.95,83.96,235406.94,235406.94,19832290.2359,1
2026-05-02T01:00:00+08:00,1777654800000,83.97,84.23,83.86,84.19,142051.47,142051.47,11936356.4038,1
2026-05-02T02:00:00+08:00,1777658400000,84.18,84.28,83.93,83.94,87235.88,87235.88,7336915.9924,1
2026-05-02T03:00:00+08:00,1777662000000,83.94,84.03,83.73,83.83,123923.8,123923.8,10390053.9224,1
2026-05-02T04:00:00+08:00,1777665600000,83.84,83.88,83.26,83.44,210236.39,210236.39,17575231.1847,1
2026-05-02T05:00:00+08:00,1777669200000,83.44,83.76,83.38,83.67,118059.72,118059.72,9865947.5325,1
2026-05-02T06:00:00+08:00,1777672800000,83.67,83.85,83.53,83.71,83315.05,83315.05,6973360.1596,1
2026-05-02T07:00:00+08:00,1777676400000,83.7,83.84,83.51,83.71,167591.1,167591.1,14024802.5559,1
2026-05-02T08:00:00+08:00,1777680000000,83.71,83.83,83.38,83.79,219649.98,219649.98,18357721.6344,1
2026-05-02T09:00:00+08:00,1777683600000,83.78,84.01,83.72,84,134398.94,134398.94,11272664.17,1
2026-05-02T10:00:00+08:00,1777687200000,84,84.2,83.8,83.89,401359.22,401359.22,33704418.6952,1
2026-05-02T11:00:00+08:00,1777690800000,83.89,83.93,83.66,83.76,112100.28,112100.28,9391910.1024,1
2026-05-02T12:00:00+08:00,1777694400000,83.76,83.79,83.51,83.58,141225.05,141225.05,11808336.4644,1
2026-05-02T13:00:00+08:00,1777698000000,83.59,83.69,83.49,83.63,86726.13,86726.13,7249037.4857,1
2026-05-02T14:00:00+08:00,1777701600000,83.63,83.8,83.51,83.76,92699.88,92699.88,7751920.7346,1
2026-05-02T15:00:00+08:00,1777705200000,83.76,83.8,83.64,83.67,62258.69,62258.69,5212113.5937,1
2026-05-02T16:00:00+08:00,1777708800000,83.67,83.83,83.57,83.78,76720.35,76720.35,6422797.7745,1
2026-05-02T17:00:00+08:00,1777712400000,83.79,84.11,83.77,83.95,187430.8,187430.8,15736819.8084,1
2026-05-02T18:00:00+08:00,1777716000000,83.95,83.96,83.81,83.89,57070.51,57070.51,4787690.3489,1
2026-05-02T19:00:00+08:00,1777719600000,83.88,83.89,83.46,83.64,214393.19,214393.19,17926572.9015,1
2026-05-02T20:00:00+08:00,1777723200000,83.63,84.04,83.62,83.81,370796.48,370796.48,31084655.7036,1
2026-05-02T21:00:00+08:00,1777726800000,83.81,84.03,83.8,83.89,108941.17,108941.17,9140547.1648,1
2026-05-02T22:00:00+08:00,1777730400000,83.89,84.04,83.84,83.92,64187.66,64187.66,5388275.4071,1
2026-05-02T23:00:00+08:00,1777734000000,83.92,84.01,83.87,83.99,48023.4,48023.4,4031025.979,1
2026-05-03T00:00:00+08:00,1777737600000,83.99,84.23,83.97,84.15,136859.75,136859.75,11505658.6835,1
2026-05-03T01:00:00+08:00,1777741200000,84.15,84.17,83.95,84,74141.02,74141.02,6230630.2842,1
2026-05-03T02:00:00+08:00,1777744800000,83.99,84.16,83.88,84.12,55378.9,55378.9,4653225.1175,1
2026-05-03T03:00:00+08:00,1777748400000,84.13,84.26,84.11,84.18,41991.7,41991.7,3534907.2848,1
2026-05-03T04:00:00+08:00,1777752000000,84.18,84.19,84.04,84.15,29201.27,29201.27,2456251.7178,1
2026-05-03T05:00:00+08:00,1777755600000,84.15,84.95,84.11,84.52,371863.84,371863.84,31467534.8737,1
2026-05-03T06:00:00+08:00,1777759200000,84.51,84.61,84.02,84.41,198227.17,198227.17,16703843.8134,1
2026-05-03T07:00:00+08:00,1777762800000,84.41,84.47,84.18,84.24,179804.98,179804.98,15163829.9441,1
2026-05-03T08:00:00+08:00,1777766400000,84.24,84.28,83.77,84.05,245359.83,245359.83,20612078.7374,1
2026-05-03T09:00:00+08:00,1777770000000,84.04,84.05,83.69,83.71,119392.84,119392.84,10005845.07,1
2026-05-03T10:00:00+08:00,1777773600000,83.7,83.77,83.56,83.64,164684.92,164684.92,13776737.1055,1
2026-05-03T11:00:00+08:00,1777777200000,83.63,83.69,83.53,83.61,100792.31,100792.31,8425588.5034,1
2026-05-03T12:00:00+08:00,1777780800000,83.6,83.69,83.52,83.63,118605.02,118605.02,9916855.1089,1
2026-05-03T13:00:00+08:00,1777784400000,83.63,83.79,83.61,83.69,111570.37,111570.37,9339931.5016,1
2026-05-03T14:00:00+08:00,1777788000000,83.69,83.83,83.53,83.68,110301.21,110301.21,9226911.8624,1
2026-05-03T15:00:00+08:00,1777791600000,83.69,83.96,83.68,83.81,134477.34,134477.34,11276633.8713,1
2026-05-03T16:00:00+08:00,1777795200000,83.82,83.97,83.76,83.83,81652.77,81652.77,6847918.0663,1
2026-05-03T17:00:00+08:00,1777798800000,83.84,84.06,83.82,84,139201.36,139201.36,11686533.6056,1
2026-05-03T18:00:00+08:00,1777802400000,84,84.01,83.75,83.76,89171.28,89171.28,7480338.7249,1
2026-05-03T19:00:00+08:00,1777806000000,83.76,84.14,83.68,83.89,178352.36,178352.36,14966541.7798,1
2026-05-03T20:00:00+08:00,1777809600000,83.9,84.2,83.9,84.04,102455.6,102455.6,8613322.6051,1
2026-05-03T21:00:00+08:00,1777813200000,84.05,84.16,83.93,84.04,116819.27,116819.27,9817476.2647,1
2026-05-03T22:00:00+08:00,1777816800000,84.04,84.4,84.03,84.31,135138.76,135138.76,11383213.1859,1
2026-05-03T23:00:00+08:00,1777820400000,84.3,84.38,84.05,84.11,149482.31,149482.31,12590763.8048,1
2026-05-04T00:00:00+08:00,1777824000000,84.11,84.25,83.94,84.08,106387.59,106387.59,8943815.4297,1
2026-05-04T01:00:00+08:00,1777827600000,84.09,84.28,83.94,84.15,86940.36,86940.36,7312189.6378,1
2026-05-04T02:00:00+08:00,1777831200000,84.15,84.29,84.05,84.23,60623.72,60623.72,5102686.1165,1
2026-05-04T03:00:00+08:00,1777834800000,84.23,84.47,84.21,84.32,59673.58,59673.58,5032072.9017,1
2026-05-04T04:00:00+08:00,1777838400000,84.33,84.7,84.21,84.29,172804.73,172804.73,14594461.6446,1
2026-05-04T05:00:00+08:00,1777842000000,84.29,84.41,83.79,84.1,196580.06,196580.06,16540690.6551,1
2026-05-04T06:00:00+08:00,1777845600000,84.1,84.96,84.1,84.64,345421.99,345421.99,29225564.7392,1
2026-05-04T07:00:00+08:00,1777849200000,84.64,84.75,83.82,83.87,314744.38,314744.38,26495166.5006,1
2026-05-04T08:00:00+08:00,1777852800000,83.87,83.88,83.3,83.75,546760.56,546760.56,45671144.7263,1
2026-05-04T09:00:00+08:00,1777856400000,83.75,84.88,83.37,84.73,721516.13,721516.13,60687446.642,1
2026-05-04T10:00:00+08:00,1777860000000,84.73,85.58,84.68,85.2,1052993.32,1052993.32,89626059.1604,1
2026-05-04T11:00:00+08:00,1777863600000,85.21,85.54,85.06,85.37,288885.75,288885.75,24646053.9214,1
2026-05-04T12:00:00+08:00,1777867200000,85.38,85.87,85.34,85.72,488530.59,488530.59,41846715.7279,1
2026-05-04T13:00:00+08:00,1777870800000,85.72,85.76,85.29,85.34,315415.5,315415.5,26958376.4705,1
2026-05-04T14:00:00+08:00,1777874400000,85.33,85.37,84.44,84.82,651487.88,651487.88,55252650.1382,1
2026-05-04T15:00:00+08:00,1777878000000,84.82,84.96,84.62,84.82,154159.46,154159.46,13073548.379,1
2026-05-04T16:00:00+08:00,1777881600000,84.81,84.84,84.56,84.7,136222.36,136222.36,11540805.5791,1
2026-05-04T17:00:00+08:00,1777885200000,84.71,85.18,84.62,84.99,229515.4,229515.4,19492950.9239,1
2026-05-04T18:00:00+08:00,1777888800000,84.99,85.02,83.19,83.97,1633961.18,1633961.18,136974082.5319,1
2026-05-04T19:00:00+08:00,1777892400000,83.97,84.08,83.77,83.89,222162.2,222162.2,18646625.8998,1
2026-05-04T20:00:00+08:00,1777896000000,83.89,84.1,83.79,83.84,141154.41,141154.41,11848962.6735,1
2026-05-04T21:00:00+08:00,1777899600000,83.84,84.29,83.54,83.94,304170.45,304170.45,25533983.2345,1
2026-05-04T22:00:00+08:00,1777903200000,83.94,85.29,83.72,84.94,678842.92,678842.92,57473628.6822,1
2026-05-04T23:00:00+08:00,1777906800000,84.95,85.14,83.86,84.43,828749.78,828749.78,69986291.2867,1
2026-05-05T00:00:00+08:00,1777910400000,84.44,84.77,83.92,84.46,487135.59,487135.59,41103794.8193,1
2026-05-05T01:00:00+08:00,1777914000000,84.45,85.19,84.44,84.91,267108.54,267108.54,22666214.854,1
2026-05-05T02:00:00+08:00,1777917600000,84.91,85.02,84.54,84.71,204538.87,204538.87,17340419.6765,1
2026-05-05T03:00:00+08:00,1777921200000,84.72,84.74,84.33,84.41,127467.78,127467.78,10769297.2067,1
2026-05-05T04:00:00+08:00,1777924800000,84.42,84.43,84,84.03,151623.65,151623.65,12758673.5941,1
2026-05-05T05:00:00+08:00,1777928400000,84.02,84.46,84.02,84.37,86503.95,86503.95,7287814.7274,1
2026-05-05T06:00:00+08:00,1777932000000,84.37,84.51,84.11,84.15,113785.7,113785.7,9592911.5588,1
2026-05-05T07:00:00+08:00,1777935600000,84.16,84.17,83.95,84.03,106454.57,106454.57,8947222.1965,1
2026-05-05T08:00:00+08:00,1777939200000,84.03,84.3,83.97,84.26,129526.46,129526.46,10896041.362,1
2026-05-05T09:00:00+08:00,1777942800000,84.25,84.43,84.08,84.37,153536.98,153536.98,12942645.4896,1
2026-05-05T10:00:00+08:00,1777946400000,84.36,84.77,84.3,84.47,187023.09,187023.09,15811301.174,1
2026-05-05T11:00:00+08:00,1777950000000,84.47,84.94,84.36,84.73,189458.32,189458.32,16045918.9123,1
2026-05-05T12:00:00+08:00,1777953600000,84.73,84.86,84.56,84.75,274935.17,274935.17,23286502.1641,1
2026-05-05T13:00:00+08:00,1777957200000,84.74,85.13,84.68,84.89,294208.3,294208.3,24987107.8353,1
2026-05-05T14:00:00+08:00,1777960800000,84.9,84.97,84.51,84.95,259141.36,259141.36,21942750.8095,1
2026-05-05T15:00:00+08:00,1777964400000,84.95,85.04,84.74,84.83,251759.61,251759.61,21372574.1014,1
2026-05-05T16:00:00+08:00,1777968000000,84.84,84.87,84.65,84.75,108383.99,108383.99,9187386.698,1
2026-05-05T17:00:00+08:00,1777971600000,84.75,84.76,84.41,84.5,150771.28,150771.28,12746920.287,1
2026-05-05T18:00:00+08:00,1777975200000,84.5,84.9,84.4,84.87,165192.52,165192.52,13992062.3949,1
2026-05-05T19:00:00+08:00,1777978800000,84.86,84.96,84.66,84.94,141657.56,141657.56,12018854.4933,1
2026-05-05T20:00:00+08:00,1777982400000,84.93,85.33,84.86,85.27,323617.51,323617.51,27560027.7144,1
2026-05-05T21:00:00+08:00,1777986000000,85.27,86.06,85.27,85.59,763649.77,763649.77,65440686.1311,1
2026-05-05T22:00:00+08:00,1777989600000,85.59,85.73,85.14,85.44,648869.03,648869.03,55417753.7522,1
2026-05-05T23:00:00+08:00,1777993200000,85.45,85.86,85.31,85.47,332151.53,332151.53,28441079.9731,1
2026-05-06T00:00:00+08:00,1777996800000,85.48,85.66,85,85.28,282008.76,282008.76,24056806.49,1
2026-05-06T01:00:00+08:00,1778000400000,85.28,85.51,85.08,85.44,140825.17,140825.17,12017143.5455,1
2026-05-06T02:00:00+08:00,1778004000000,85.44,85.86,85.4,85.85,208776.32,208776.32,17885519.1442,1
2026-05-06T03:00:00+08:00,1778007600000,85.85,86.54,85.79,86.47,402180.12,402180.12,34682642.2409,1
2026-05-06T04:00:00+08:00,1778011200000,86.47,86.89,86.37,86.61,374353.06,374353.06,32432374.4758,1
2026-05-06T05:00:00+08:00,1778014800000,86.61,86.92,86.21,86.69,319113.69,319113.69,27615174.2392,1
2026-05-06T06:00:00+08:00,1778018400000,86.7,86.96,86.16,86.53,328185.71,328185.71,28405111.7725,1
2026-05-06T07:00:00+08:00,1778022000000,86.53,86.64,86.12,86.24,210707.73,210707.73,18190094.2222,1
2026-05-06T08:00:00+08:00,1778025600000,86.24,86.51,86.06,86.34,285211.85,285211.85,24607732.416,1
2026-05-06T09:00:00+08:00,1778029200000,86.34,87,86.26,86.81,278711.11,278711.11,24178199.8127,1
2026-05-06T10:00:00+08:00,1778032800000,86.81,86.88,86.34,86.85,236633.76,236633.76,20510583.8035,1
2026-05-06T11:00:00+08:00,1778036400000,86.86,87.43,86.83,87.29,409856.9,409856.9,35722649.0122,1
2026-05-06T12:00:00+08:00,1778040000000,87.29,87.41,86.63,86.76,284207.15,284207.15,24730432.8051,1
2026-05-06T13:00:00+08:00,1778043600000,86.76,87.42,86.71,87.35,358819.12,358819.12,31245714.9685,1
2026-05-06T14:00:00+08:00,1778047200000,87.35,87.53,87.12,87.44,234201.56,234201.56,20456475.3303,1
2026-05-06T15:00:00+08:00,1778050800000,87.45,87.88,87.41,87.66,342334.78,342334.78,30010839.0231,1
2026-05-06T16:00:00+08:00,1778054400000,87.65,89.19,87.6,88.99,843024.95,843024.95,74522950.1623,1
2026-05-06T17:00:00+08:00,1778058000000,88.98,89.62,88.55,89.44,762994.75,762994.75,67912834.9794,1
2026-05-06T18:00:00+08:00,1778061600000,89.43,89.66,89.17,89.33,393769.24,393769.24,35223631.4829,1
2026-05-06T19:00:00+08:00,1778065200000,89.33,90.04,89.27,89.81,474337.11,474337.11,42532032.8095,1
2026-05-06T20:00:00+08:00,1778068800000,89.82,89.92,89.45,89.6,362752.3,362752.3,32525555.8348,1
2026-05-06T21:00:00+08:00,1778072400000,89.61,89.61,88.02,88.28,1063069.61,1063069.61,94255467.3922,1
2026-05-06T22:00:00+08:00,1778076000000,88.28,88.79,87.42,88.34,880299.31,880299.31,77525843.9742,1
2026-05-06T23:00:00+08:00,1778079600000,88.34,89.01,88.26,88.91,315551.18,315551.18,27984438.1675,1
2026-05-07T00:00:00+08:00,1778083200000,88.9,89.46,88.53,89.11,344608.19,344608.19,30668838.2484,1
2026-05-07T01:00:00+08:00,1778086800000,89.12,89.38,88.54,88.78,307084.58,307084.58,27296940.4015,1
2026-05-07T02:00:00+08:00,1778090400000,88.78,89.1,88.44,88.93,239261.8,239261.8,21243152.5702,1
2026-05-07T03:00:00+08:00,1778094000000,88.92,89.27,88.84,89.21,114385.1,114385.1,10186949.6275,1
2026-05-07T04:00:00+08:00,1778097600000,89.21,89.59,88.87,89.13,242007.1,242007.1,21610793.215,1
2026-05-07T05:00:00+08:00,1778101200000,89.14,89.54,89.01,89.44,160174.25,160174.25,14306200.632,1
2026-05-07T06:00:00+08:00,1778104800000,89.44,89.51,88.97,89.02,150597.61,150597.61,13435326.6342,1
2026-05-07T07:00:00+08:00,1778108400000,89.03,89.14,88.61,89.11,176921.91,176921.91,15733109.9122,1
2026-05-07T08:00:00+08:00,1778112000000,89.12,89.22,88.15,88.28,427974.28,427974.28,37903135.7882,1
2026-05-07T09:00:00+08:00,1778115600000,88.28,88.47,87.82,88.26,443287.5,443287.5,39080825.2019,1
2026-05-07T10:00:00+08:00,1778119200000,88.27,88.34,87.75,88.1,300036.71,300036.71,26400298.0822,1
2026-05-07T11:00:00+08:00,1778122800000,88.1,88.1,87.6,87.71,309324.54,309324.54,27153743.794,1
2026-05-07T12:00:00+08:00,1778126400000,87.71,88.33,87.65,88.32,230060.96,230060.96,20252835.9246,1
2026-05-07T13:00:00+08:00,1778130000000,88.32,88.87,88.3,88.62,401750.54,401750.54,35564414.8495,1
2026-05-07T14:00:00+08:00,1778133600000,88.62,89.25,88.18,89.22,488823.95,488823.95,43387527.6142,1
2026-05-07T15:00:00+08:00,1778137200000,89.23,90.39,89.08,90.12,776042.92,776042.92,69710993.5834,1
2026-05-07T16:00:00+08:00,1778140800000,90.12,90.22,89.45,89.55,441441.16,441441.16,39633839.7403,1
2026-05-07T17:00:00+08:00,1778144400000,89.55,89.55,89.15,89.41,352578.85,352578.85,31508021.4386,1
2026-05-07T18:00:00+08:00,1778148000000,89.42,89.49,88.71,89.11,326615.84,326615.84,29072733.5686,1
2026-05-07T19:00:00+08:00,1778151600000,89.12,89.65,89.12,89.5,335580.15,335580.15,30008648.1236,1
2026-05-07T20:00:00+08:00,1778155200000,89.51,90.04,89.46,89.7,322624.25,322624.25,28969542.2896,1
2026-05-07T21:00:00+08:00,1778158800000,89.7,89.7,88.31,88.6,703357.29,703357.29,62550594.7102,1
2026-05-07T22:00:00+08:00,1778162400000,88.6,88.86,87.78,88.11,818649.05,818649.05,72214842.1135,1
2026-05-07T23:00:00+08:00,1778166000000,88.11,88.53,87.74,88.26,492176.35,492176.35,43396454.8537,1
2026-05-08T00:00:00+08:00,1778169600000,88.26,88.74,88.04,88.39,428148.02,428148.02,37843467.8576,1
2026-05-08T01:00:00+08:00,1778173200000,88.39,88.82,87.9,88.75,351551.56,351551.56,31073689.1515,1
2026-05-08T02:00:00+08:00,1778176800000,88.76,89.04,88.18,88.54,307186.06,307186.06,27233203.2513,1
2026-05-08T03:00:00+08:00,1778180400000,88.53,88.69,88.16,88.4,183408.42,183408.42,16211787.529,1
2026-05-08T04:00:00+08:00,1778184000000,88.4,88.82,87.99,88.01,196074.28,196074.28,17321745.9643,1
2026-05-08T05:00:00+08:00,1778187600000,88.01,88.18,87.61,87.93,267227.47,267227.47,23487125.991,1
2026-05-08T06:00:00+08:00,1778191200000,87.93,88.18,87.64,88.04,249289.16,249289.16,21910955.5432,1
2026-05-08T07:00:00+08:00,1778194800000,88.05,88.45,88.01,88.39,128558.7,128558.7,11344371.7242,1
2026-05-08T08:00:00+08:00,1778198400000,88.4,88.61,88.06,88.23,259190.92,259190.92,22896105.2957,1
2026-05-08T09:00:00+08:00,1778202000000,88.23,88.33,87.87,88.09,114799.08,114799.08,10112712.6693,1
2026-05-08T10:00:00+08:00,1778205600000,88.1,88.31,87.56,88.02,386007.12,386007.12,33898814.7489,1
2026-05-08T11:00:00+08:00,1778209200000,88.02,88.33,87.57,88.18,200003.64,200003.64,17602201.6586,1
2026-05-08T12:00:00+08:00,1778212800000,88.17,88.33,87.96,88.12,177916.59,177916.59,15685226.9988,1
2026-05-08T13:00:00+08:00,1778216400000,88.12,88.37,87.99,87.99,143941.19,143941.19,12695571.0085,1
2026-05-08T14:00:00+08:00,1778220000000,87.99,88.24,87.76,88,346245.66,346245.66,30460273.0283,1
2026-05-08T15:00:00+08:00,1778223600000,87.99,88.19,87.59,88.18,325467.1,325467.1,28587841.5501,1
2026-05-08T16:00:00+08:00,1778227200000,88.18,88.58,87.96,88.32,588801.18,588801.18,51969987.2828,1
2026-05-08T17:00:00+08:00,1778230800000,88.32,88.7,88.16,88.37,286279.71,286279.71,25322943.8736,1
2026-05-08T18:00:00+08:00,1778234400000,88.37,88.72,88.22,88.57,203004.64,203004.64,17974485.7835,1
2026-05-08T19:00:00+08:00,1778238000000,88.58,88.68,88.42,88.59,186071.14,186071.14,16477304.4942,1
2026-05-08T20:00:00+08:00,1778241600000,88.6,88.82,88.3,88.4,258851.37,258851.37,22921156.0178,1
2026-05-08T21:00:00+08:00,1778245200000,88.4,88.53,87.95,88.27,332101.24,332101.24,29306310.2766,1
2026-05-08T22:00:00+08:00,1778248800000,88.28,89.36,88.28,89.1,719681.21,719681.21,64038239.6874,1
2026-05-08T23:00:00+08:00,1778252400000,89.1,89.56,88.36,89.55,521808.73,521808.73,46409258.1897,1
2026-05-09T00:00:00+08:00,1778256000000,89.55,89.74,89.3,89.54,424202.75,424202.75,37981664.9008,1
2026-05-09T01:00:00+08:00,1778259600000,89.53,91.94,89.52,91.62,1656566.19,1656566.19,150928516.3498,1
2026-05-09T02:00:00+08:00,1778263200000,91.63,92.53,91.6,92.27,825217.83,825217.83,76042430.2017,1
2026-05-09T03:00:00+08:00,1778266800000,92.28,92.76,92,92.55,619111.12,619111.12,57245539.1592,1
2026-05-09T04:00:00+08:00,1778270400000,92.55,92.61,91.97,92.06,339831.31,339831.31,31356977.8024,1
2026-05-09T05:00:00+08:00,1778274000000,92.05,92.35,91.68,92.25,293757.45,293757.45,27030225.9977,1
2026-05-09T06:00:00+08:00,1778277600000,92.25,92.66,92.2,92.25,170490.29,170490.29,15756646.9455,1
2026-05-09T07:00:00+08:00,1778281200000,92.25,92.25,91.7,91.96,242330.04,242330.04,22274857.9445,1
2026-05-09T08:00:00+08:00,1778284800000,91.96,92.56,91.8,92.42,280736.36,280736.36,25898163.1193,1
2026-05-09T09:00:00+08:00,1778288400000,92.42,93.8,92.37,93.42,829167.05,829167.05,77264876.5625,1
2026-05-09T10:00:00+08:00,1778292000000,93.43,93.74,93.18,93.44,351143.91,351143.91,32812430.6024,1
2026-05-09T11:00:00+08:00,1778295600000,93.43,93.69,93.34,93.57,235312.76,235312.76,22010266.376,1
2026-05-09T12:00:00+08:00,1778299200000,93.57,94.12,93.04,93.16,548269.92,548269.92,51337076.1352,1
2026-05-09T13:00:00+08:00,1778302800000,93.16,93.74,92.77,93.68,477376.05,477376.05,44492430.5831,1
2026-05-09T14:00:00+08:00,1778306400000,93.69,94.07,93.15,93.47,515932.63,515932.63,48287302.8174,1
2026-05-09T15:00:00+08:00,1778310000000,93.47,93.95,93.29,93.68,325317.61,325317.61,30473609.4663,1
2026-05-09T16:00:00+08:00,1778313600000,93.68,93.89,93.6,93.63,193719.43,193719.43,18155081.8058,1
2026-05-09T17:00:00+08:00,1778317200000,93.64,93.64,92.99,93.24,379442.36,379442.36,35388940.3494,1
2026-05-09T18:00:00+08:00,1778320800000,93.24,93.54,93.05,93.33,203103.03,203103.03,18948433.8907,1
2026-05-09T19:00:00+08:00,1778324400000,93.33,93.63,93.27,93.55,123921.58,123921.58,11587731.0719,1
2026-05-09T20:00:00+08:00,1778328000000,93.55,93.68,93.2,93.38,152702.94,152702.94,14262269.5772,1
2026-05-09T21:00:00+08:00,1778331600000,93.38,93.41,92.95,93.41,219822.9,219822.9,20483469.8161,1
2026-05-09T22:00:00+08:00,1778335200000,93.4,93.41,92.73,92.82,369679.85,369679.85,34373253.8052,1
2026-05-09T23:00:00+08:00,1778338800000,92.82,92.96,92.33,92.95,463123.3,463123.3,42924031.7712,1
2026-05-10T00:00:00+08:00,1778342400000,92.95,93.26,92.63,92.72,494756.98,494756.98,45974784.2235,1
2026-05-10T01:00:00+08:00,1778346000000,92.72,93.48,92.72,93.16,289552.95,289552.95,26968905.4169,1
2026-05-10T02:00:00+08:00,1778349600000,93.16,93.6,93.1,93.32,161416.94,161416.94,15069985.174,1
2026-05-10T03:00:00+08:00,1778353200000,93.32,93.53,93.17,93.46,103894.04,103894.04,9697767.628,1
2026-05-10T04:00:00+08:00,1778356800000,93.46,93.47,93.09,93.2,61546.84,61546.84,5738309.9003,1
2026-05-10T05:00:00+08:00,1778360400000,93.2,93.49,93.19,93.42,67690.67,67690.67,6317188.154,1
2026-05-10T06:00:00+08:00,1778364000000,93.43,93.46,93.15,93.27,63082.96,63082.96,5886774.9,1
2026-05-10T07:00:00+08:00,1778367600000,93.27,93.43,93,93.06,128446.16,128446.16,11960469.1803,1
2026-05-10T08:00:00+08:00,1778371200000,93.06,93.29,92.86,92.97,186480.57,186480.57,17349770.6505,1
2026-05-10T09:00:00+08:00,1778374800000,92.98,92.98,92.53,92.91,233759.03,233759.03,21677789.8604,1
2026-05-10T10:00:00+08:00,1778378400000,92.9,93.06,92.75,92.99,233851.37,233851.37,21728879.0722,1
2026-05-10T11:00:00+08:00,1778382000000,93,93.44,92.96,93.34,258552.61,258552.61,24094584.2517,1
2026-05-10T12:00:00+08:00,1778385600000,93.35,93.48,93.14,93.29,184548.56,184548.56,17220511.9867,1
2026-05-10T13:00:00+08:00,1778389200000,93.28,93.44,93.18,93.26,87751.64,87751.64,8188802.114,1
2026-05-10T14:00:00+08:00,1778392800000,93.27,93.42,93.19,93.35,114025.94,114025.94,10640490.4694,1
2026-05-10T15:00:00+08:00,1778396400000,93.36,93.59,93.32,93.39,160141.44,160141.44,14968902.7946,1
2026-05-10T16:00:00+08:00,1778400000000,93.39,94.03,93.35,93.99,481410.13,481410.13,45167202.6533,1
2026-05-10T17:00:00+08:00,1778403600000,93.99,94.82,93.99,94.26,831150.92,831150.92,78475107.4926,1
2026-05-10T18:00:00+08:00,1778407200000,94.26,94.33,93.56,93.79,583658.48,583658.48,54753965.5439,1
2026-05-10T19:00:00+08:00,1778410800000,93.8,93.96,92.85,93.49,646116.16,646116.16,60306012.6158,1
2026-05-10T20:00:00+08:00,1778414400000,93.5,93.58,93.15,93.25,217387.24,217387.24,20290805.0216,1
2026-05-10T21:00:00+08:00,1778418000000,93.26,93.94,93.18,93.72,374498.8,374498.8,35048257.3599,1
2026-05-10T22:00:00+08:00,1778421600000,93.71,94.09,93.62,93.84,299371.3,299371.3,28089455.8992,1
2026-05-10T23:00:00+08:00,1778425200000,93.83,94.68,93.83,94.48,686371.07,686371.07,64758915.436,1
2026-05-11T00:00:00+08:00,1778428800000,94.48,94.95,94.08,94.75,702128.33,702128.33,66326200.9803,1
2026-05-11T01:00:00+08:00,1778432400000,94.75,96.47,94.75,96.44,1416247.68,1416247.68,135430289.2897,1
2026-05-11T02:00:00+08:00,1778436000000,96.44,96.85,96.06,96.37,706394.65,706394.65,68176006.4191,1
2026-05-11T03:00:00+08:00,1778439600000,96.38,96.83,95.68,96.43,537882.72,537882.72,51802511.3776,1
2026-05-11T04:00:00+08:00,1778443200000,96.43,96.56,93.36,94.46,1277115.51,1277115.51,121011666.8339,1
2026-05-11T05:00:00+08:00,1778446800000,94.45,95.54,94.4,95.01,602302.87,602302.87,57223186.476,1
2026-05-11T06:00:00+08:00,1778450400000,95,96.32,94.82,96.18,762492.18,762492.18,73007334.6423,1
2026-05-11T07:00:00+08:00,1778454000000,96.18,96.92,95.92,96.43,541118.49,541118.49,52179558.3105,1
2026-05-11T08:00:00+08:00,1778457600000,96.42,96.64,95.3,95.75,598569.98,598569.98,57479361.1377,1
2026-05-11T09:00:00+08:00,1778461200000,95.75,96.36,95.29,96.02,386350.24,386350.24,37070396.6932,1
2026-05-11T10:00:00+08:00,1778464800000,96.02,96.09,95.11,95.28,413249.14,413249.14,39451297.1931,1
2026-05-11T11:00:00+08:00,1778468400000,95.28,95.32,94.43,94.73,561257.67,561257.67,53227260.6772,1
2026-05-11T12:00:00+08:00,1778472000000,94.72,95.15,94.39,94.91,295002.01,295002.01,27960867.7486,1
2026-05-11T13:00:00+08:00,1778475600000,94.91,95.84,94.89,95.66,425177.6,425177.6,40566949.8013,1
2026-05-11T14:00:00+08:00,1778479200000,95.66,96.13,95.37,95.45,349410.73,349410.73,33466301.1997,1
2026-05-11T15:00:00+08:00,1778482800000,95.45,95.53,95.11,95.29,298710.53,298710.53,28475073.7015,1
2026-05-11T16:00:00+08:00,1778486400000,95.29,95.33,94.53,94.74,476162.96,476162.96,45187888.6074,1
2026-05-11T17:00:00+08:00,1778490000000,94.73,95.31,94.71,95.24,184870.08,184870.08,17584585.2377,1
2026-05-11T18:00:00+08:00,1778493600000,95.24,95.53,95,95.02,258559.24,258559.24,24642949.2427,1
2026-05-11T19:00:00+08:00,1778497200000,95.02,95.46,94.86,95.21,205175.41,205175.41,19523678.4833,1
2026-05-11T20:00:00+08:00,1778500800000,95.22,95.35,94.63,94.76,383147.07,383147.07,36372207.9028,1
2026-05-11T21:00:00+08:00,1778504400000,94.76,95.43,94.46,95.16,593525.19,593525.19,56380941.4732,1
2026-05-11T22:00:00+08:00,1778508000000,95.17,95.83,94.23,95.1,1018869.49,1018869.49,96701603.013,1
2026-05-11T23:00:00+08:00,1778511600000,95.11,96.76,94.82,96.75,891245.53,891245.53,85540682.8069,1
2026-05-12T00:00:00+08:00,1778515200000,96.74,97.95,96.44,97.28,1378171.83,1378171.83,134251477.9463,1
2026-05-12T01:00:00+08:00,1778518800000,97.29,97.91,96.82,97.71,548334.85,548334.85,53379849.8045,1
2026-05-12T02:00:00+08:00,1778522400000,97.71,98.04,97.2,97.23,483448.76,483448.76,47174362.5009,1
2026-05-12T03:00:00+08:00,1778526000000,97.23,98.36,96.96,98.12,399382.87,399382.87,39045668.3661,1
2026-05-12T04:00:00+08:00,1778529600000,98.12,98.32,97.53,97.57,301636.11,301636.11,29532233.522,1
2026-05-12T05:00:00+08:00,1778533200000,97.56,97.74,97.25,97.33,158147.66,158147.66,15419756.4053,1
2026-05-12T06:00:00+08:00,1778536800000,97.33,97.78,97.3,97.59,154031.78,154031.78,15020827.2059,1
2026-05-12T07:00:00+08:00,1778540400000,97.58,97.6,97.04,97.3,207616.57,207616.57,20202263.233,1
2026-05-12T08:00:00+08:00,1778544000000,97.3,97.61,97.11,97.45,210202.49,210202.49,20460321.681,1
2026-05-12T09:00:00+08:00,1778547600000,97.45,97.6,95.45,96.22,1088128.18,1088128.18,104839829.9403,1
2026-05-12T10:00:00+08:00,1778551200000,96.21,96.66,96.09,96.5,291832.29,291832.29,28141036.0966,1
2026-05-12T11:00:00+08:00,1778554800000,96.5,96.59,95.99,96.09,196072.36,196072.36,18860653.7164,1
2026-05-12T12:00:00+08:00,1778558400000,96.09,96.47,96.01,96.31,159317.05,159317.05,15334112.9798,1
2026-05-12T13:00:00+08:00,1778562000000,96.3,96.72,96.11,96.5,195217.95,195217.95,18831595.198,1
2026-05-12T14:00:00+08:00,1778565600000,96.51,96.94,96.1,96.14,228639.11,228639.11,22057012.8773,1
2026-05-12T15:00:00+08:00,1778569200000,96.13,96.27,95.73,95.99,337858.55,337858.55,32437171.0401,1
2026-05-12T16:00:00+08:00,1778572800000,95.98,96.1,95.35,95.61,620555.89,620555.89,59349537.5484,1
2026-05-12T17:00:00+08:00,1778576400000,95.6,96.03,95.25,95.75,417353.17,417353.17,39923586.3987,1
2026-05-12T18:00:00+08:00,1778580000000,95.74,95.94,94.88,94.97,629305.85,629305.85,59981077.0873,1
2026-05-12T19:00:00+08:00,1778583600000,94.98,95,94.55,94.94,473873.11,473873.11,44908806.6173,1
2026-05-12T20:00:00+08:00,1778587200000,94.94,95.54,94.32,95.16,818264.64,818264.64,77761831.1938,1
2026-05-12T21:00:00+08:00,1778590800000,95.17,95.35,94.48,94.65,450835.57,450835.57,42787186.9603,1
2026-05-12T22:00:00+08:00,1778594400000,94.65,95.18,94.34,94.51,485711.39,485711.39,46006622.4665,1
2026-05-12T23:00:00+08:00,1778598000000,94.51,94.75,93.57,93.82,903015.55,903015.55,84888737.6936,1
2026-05-13T00:00:00+08:00,1778601600000,93.82,94.29,93.55,93.8,427765.47,427765.47,40169122.1456,1
2026-05-13T01:00:00+08:00,1778605200000,93.8,94.65,93.78,94.48,335228.3,335228.3,31645209.9589,1
2026-05-13T02:00:00+08:00,1778608800000,94.48,94.75,94.32,94.51,176575.87,176575.87,16691391.1603,1
2026-05-13T03:00:00+08:00,1778612400000,94.51,94.96,94.51,94.89,212059.74,212059.74,20093920.9093,1
2026-05-13T04:00:00+08:00,1778616000000,94.88,94.94,94.57,94.71,117038.68,117038.68,11093731.8224,1
2026-05-13T05:00:00+08:00,1778619600000,94.71,94.82,94.44,94.63,92228.07,92228.07,8728532.4961,1
2026-05-13T06:00:00+08:00,1778623200000,94.63,94.99,94.59,94.62,96884.06,96884.06,9182859.41,1
2026-05-13T07:00:00+08:00,1778626800000,94.62,94.71,94.18,94.24,150152.48,150152.48,14175231.8242,1
2026-05-13T08:00:00+08:00,1778630400000,94.24,94.59,93.99,94.43,216690.81,216690.81,20432539.4459,1
2026-05-13T09:00:00+08:00,1778634000000,94.43,95.4,94.42,95.13,400014.77,400014.77,38039957.3408,1
2026-05-13T10:00:00+08:00,1778637600000,95.12,95.54,94.96,95.18,151294.1,151294.1,14406092.8312,1
2026-05-13T11:00:00+08:00,1778641200000,95.17,95.5,95.01,95.5,136679.27,136679.27,13027445.049,1
2026-05-13T12:00:00+08:00,1778644800000,95.5,95.93,95.37,95.43,327811.4,327811.4,31347693.6487,1
2026-05-13T13:00:00+08:00,1778648400000,95.42,95.45,95.02,95.2,312465.64,312465.64,29755909.2759,1
2026-05-13T14:00:00+08:00,1778652000000,95.2,95.67,95.05,95.05,287283.12,287283.12,27384598.3499,1
2026-05-13T15:00:00+08:00,1778655600000,95.05,95.25,94.81,95.07,194202.1,194202.1,18450446.181,1
2026-05-13T16:00:00+08:00,1778659200000,95.08,95.71,94.94,95.51,263659.92,263659.92,25144792.4021,1
2026-05-13T17:00:00+08:00,1778662800000,95.51,95.83,95.5,95.65,232701.43,232701.43,22265285.7416,1
2026-05-13T18:00:00+08:00,1778666400000,95.66,95.72,94.66,94.72,315978.65,315978.65,30029493.1228,1
2026-05-13T19:00:00+08:00,1778670000000,94.72,94.78,94.19,94.28,443353.91,443353.91,41856392.3486,1
2026-05-13T20:00:00+08:00,1778673600000,94.27,94.59,92.2,93.12,1569069.02,1569069.02,146053080.9438,1
2026-05-13T21:00:00+08:00,1778677200000,93.11,93.4,91.91,92.25,949844.8,949844.8,87953466.7848,1
2026-05-13T22:00:00+08:00,1778680800000,92.25,92.3,91.2,91.74,1116972.18,1116972.18,102534416.3346,1
2026-05-13T23:00:00+08:00,1778684400000,91.73,91.9,90.23,90.39,1047641.99,1047641.99,95274680.7582,1
2026-05-14T00:00:00+08:00,1778688000000,90.39,91.23,90.38,90.83,671889.82,671889.82,61033748.0266,1
2026-05-14T01:00:00+08:00,1778691600000,90.82,91.09,90.65,90.84,594709.95,594709.95,54050189.0423,1
2026-05-14T02:00:00+08:00,1778695200000,90.84,91.4,90.7,90.88,339430.66,339430.66,30913987.2332,1
2026-05-14T03:00:00+08:00,1778698800000,90.87,90.96,90.43,90.9,226527.61,226527.61,20546957.1335,1
2026-05-14T04:00:00+08:00,1778702400000,90.9,91.29,90.86,91.17,179260.79,179260.79,16330041.7169,1
2026-05-14T05:00:00+08:00,1778706000000,91.18,91.24,90.68,90.82,176225.3,176225.3,16016972.8862,1
2026-05-14T06:00:00+08:00,1778709600000,90.82,91.18,90.58,91.12,119598.67,119598.67,10873910.4477,1
2026-05-14T07:00:00+08:00,1778713200000,91.11,91.26,91,91.11,118517.06,118517.06,10800300.77,1
2026-05-14T08:00:00+08:00,1778716800000,91.11,91.38,91.02,91.15,230193.36,230193.36,20996086.4218,1
2026-05-14T09:00:00+08:00,1778720400000,91.15,91.3,90.94,91.11,160812.01,160812.01,14648515.1241,1
2026-05-14T10:00:00+08:00,1778724000000,91.1,91.21,90.34,90.51,273329.23,273329.23,24805050.3703,1
2026-05-14T11:00:00+08:00,1778727600000,90.52,90.73,89.76,89.88,743023.53,743023.53,66999083.7545,1
2026-05-14T12:00:00+08:00,1778731200000,89.89,90.58,89.8,90.43,244548.48,244548.48,22070578.5123,1
2026-05-14T13:00:00+08:00,1778734800000,90.42,91.42,90.35,91.23,397348.23,397348.23,36139050.9363,1
2026-05-14T14:00:00+08:00,1778738400000,91.22,91.4,91.08,91.35,281030.22,281030.22,25642293.2297,1
2026-05-14T15:00:00+08:00,1778742000000,91.34,91.61,90.63,90.84,642639.43,642639.43,58526669.3295,1
2026-05-14T16:00:00+08:00,1778745600000,90.83,91.24,90.61,90.99,231042.69,231042.69,21018196.2114,1
2026-05-14T17:00:00+08:00,1778749200000,91,91.1,90.52,90.8,170261.37,170261.37,15455691.8056,1
2026-05-14T18:00:00+08:00,1778752800000,90.79,91.09,90.58,91,198439.55,198439.55,18035071.1408,1
2026-05-14T19:00:00+08:00,1778756400000,90.99,91.05,90.56,90.58,141117.27,141117.27,12806077.8732,1
2026-05-14T20:00:00+08:00,1778760000000,90.57,91.23,90.46,91.16,241519.15,241519.15,21968846.3661,1
2026-05-14T21:00:00+08:00,1778763600000,91.16,91.43,90.67,90.72,349337.71,349337.71,31829169.0572,1
2026-05-14T22:00:00+08:00,1778767200000,90.71,92.26,90.56,92.2,693907.74,693907.74,63524956.3272,1
2026-05-14T23:00:00+08:00,1778770800000,92.2,93.2,91.87,93.1,739647.8,739647.8,68461921.9651,1
2026-05-15T00:00:00+08:00,1778774400000,93.09,93.62,92.27,93.28,894427.5,894427.5,83231241.5391,1
2026-05-15T01:00:00+08:00,1778778000000,93.27,93.54,92.24,92.97,537820.34,537820.34,49955786.3048,1
2026-05-15T02:00:00+08:00,1778781600000,92.97,93.59,92.63,93.38,326900.07,326900.07,30472745.9978,1
2026-05-15T03:00:00+08:00,1778785200000,93.39,93.58,92.74,92.86,142170.42,142170.42,13236438.8043,1
2026-05-15T04:00:00+08:00,1778788800000,92.86,92.94,92.32,92.69,166331.81,166331.81,15397583.4101,1
2026-05-15T05:00:00+08:00,1778792400000,92.69,92.91,92.5,92.66,107632.92,107632.92,9978830.6589,1
2026-05-15T06:00:00+08:00,1778796000000,92.67,92.87,92.56,92.6,74574.08,74574.08,6913911.8519,1
2026-05-15T07:00:00+08:00,1778799600000,92.59,92.61,92.03,92.11,258421.1,258421.1,23855547.6554,1
2026-05-15T08:00:00+08:00,1778803200000,92.1,92.61,92.04,92.37,284957.64,284957.64,26297335.1239,1
2026-05-15T09:00:00+08:00,1778806800000,92.37,92.53,91.64,91.69,335938.55,335938.55,30904268.8471,1
2026-05-15T10:00:00+08:00,1778810400000,91.69,92.4,91.4,92.31,570920.12,570920.12,52417653.1203,1
2026-05-15T11:00:00+08:00,1778814000000,92.3,92.42,91.81,92,156558.2,156558.2,14415621.3078,1
2026-05-15T12:00:00+08:00,1778817600000,92,92,91.21,91.23,253453.83,253453.83,23210838.5708,1
2026-05-15T13:00:00+08:00,1778821200000,91.24,91.48,90.2,90.55,632588.06,632588.06,57389924.1194,1
2026-05-15T14:00:00+08:00,1778824800000,90.55,91.03,90.41,90.95,276436.3,276436.3,25090781.7243,1
2026-05-15T15:00:00+08:00,1778828400000,90.95,91.67,90.86,91.55,541261.58,541261.58,49456169.3816,1
2026-05-15T16:00:00+08:00,1778832000000,91.56,91.6,90.91,91.23,316613.19,316613.19,28905687.1306,1
2026-05-15T17:00:00+08:00,1778835600000,91.23,91.29,90.87,91.11,293383.3,293383.3,26718906.5407,1
2026-05-15T18:00:00+08:00,1778839200000,91.12,91.54,90.96,91.42,201879.36,201879.36,18419505.4761,1
2026-05-15T19:00:00+08:00,1778842800000,91.43,91.5,91.12,91.21,120498.58,120498.58,11000527.9929,1
2026-05-15T20:00:00+08:00,1778846400000,91.2,91.22,90.51,90.62,253059.64,253059.64,22974167.6494,1
2026-05-15T21:00:00+08:00,1778850000000,90.63,90.63,88.61,88.85,1134318,1134318,101560442.7534,1
2026-05-15T22:00:00+08:00,1778853600000,88.85,89.5,88.47,89,660717.6,660717.6,58788467.9561,1
2026-05-15T23:00:00+08:00,1778857200000,89,89.24,88.66,88.99,213377,213377,18984481.2689,1
2026-05-16T00:00:00+08:00,1778860800000,89,89.67,88.74,89.48,320127.68,320127.68,28559663.1919,1
2026-05-16T01:00:00+08:00,1778864400000,89.47,89.92,89.45,89.78,216239.42,216239.42,19402696.7595,1
2026-05-16T02:00:00+08:00,1778868000000,89.78,90.06,89.44,89.76,215694.62,215694.62,19371125.8854,1
2026-05-16T03:00:00+08:00,1778871600000,89.77,89.77,89.3,89.39,129436.95,129436.95,11582012.2627,1
2026-05-16T04:00:00+08:00,1778875200000,89.38,89.48,89.04,89.24,122813.23,122813.23,10961428.0237,1
2026-05-16T05:00:00+08:00,1778878800000,89.25,89.39,88.95,89.02,134311.58,134311.58,11979491.7886,1
2026-05-16T06:00:00+08:00,1778882400000,89.03,89.34,89.02,89.29,68891.43,68891.43,6144491.0432,1
2026-05-16T07:00:00+08:00,1778886000000,89.3,89.35,89.16,89.19,55932.16,55932.16,4992336.6633,1
2026-05-16T08:00:00+08:00,1778889600000,89.19,89.4,89.1,89.19,85654.07,85654.07,7645995.2133,1
2026-05-16T09:00:00+08:00,1778893200000,89.19,89.31,88.89,89.24,99503.97,99503.97,8864124.1172,1
2026-05-16T10:00:00+08:00,1778896800000,89.24,89.35,88.91,89.15,104696.96,104696.96,9329283.9611,1
2026-05-16T11:00:00+08:00,1778900400000,89.15,89.22,88.95,89,64486.06,64486.06,5744850.0025,1
2026-05-16T12:00:00+08:00,1778904000000,89,89.04,88.1,88.81,462739.39,462739.39,40955025.9005,1
2026-05-16T13:00:00+08:00,1778907600000,88.81,88.87,88.21,88.53,284001.64,284001.64,25131990.0161,1
2026-05-16T14:00:00+08:00,1778911200000,88.52,88.61,87.75,87.96,366270.22,366270.22,32264462.7905,1
2026-05-16T15:00:00+08:00,1778914800000,87.96,87.97,86.65,87.4,744104.64,744104.64,64932828.2516,1
2026-05-16T16:00:00+08:00,1778918400000,87.4,87.61,87.32,87.44,141930.77,141930.77,12414880.8784,1
2026-05-16T17:00:00+08:00,1778922000000,87.43,87.47,85.71,86,1022270.99,1022270.99,88123907.0247,1
2026-05-16T18:00:00+08:00,1778925600000,86,86.1,85.47,85.96,440406.48,440406.48,37779640.0371,1
2026-05-16T19:00:00+08:00,1778929200000,85.97,86.28,85.95,86.06,181759.46,181759.46,15655682.0056,1
2026-05-16T20:00:00+08:00,1778932800000,86.06,86.38,85.96,86.2,169118.08,169118.08,14571331.9284,1
2026-05-16T21:00:00+08:00,1778936400000,86.19,86.31,86.05,86.2,233898.17,233898.17,20155181.2585,1
2026-05-16T22:00:00+08:00,1778940000000,86.21,86.65,86.01,86.34,405493.04,405493.04,34957108.4789,1
2026-05-16T23:00:00+08:00,1778943600000,86.33,86.6,86.2,86.43,184712.65,184712.65,15962494.7899,1
2026-05-17T00:00:00+08:00,1778947200000,86.43,86.72,86.29,86.57,306759.07,306759.07,26536033.8262,1
2026-05-17T01:00:00+08:00,1778950800000,86.57,86.9,86.55,86.73,137940.4,137940.4,11964782.5688,1
2026-05-17T02:00:00+08:00,1778954400000,86.72,86.91,86.56,86.75,81137.01,81137.01,7035303.8596,1
2026-05-17T03:00:00+08:00,1778958000000,86.76,86.81,86.6,86.63,53836.98,53836.98,4668986.6992,1
2026-05-17T04:00:00+08:00,1778961600000,86.64,86.84,86.62,86.62,65954.3,65954.3,5718921.2385,1
2026-05-17T05:00:00+08:00,1778965200000,86.62,86.72,86.43,86.54,82934.75,82934.75,7179192.9809,1
2026-05-17T06:00:00+08:00,1778968800000,86.53,86.64,86.39,86.49,52923.44,52923.44,4579190.8223,1
2026-05-17T07:00:00+08:00,1778972400000,86.48,86.65,86.43,86.49,48761.7,48761.7,4220159.4053,1
2026-05-17T08:00:00+08:00,1778976000000,86.49,86.68,85.9,86.08,167269.72,167269.72,14436971.5761,1
2026-05-17T09:00:00+08:00,1778979600000,86.07,86.29,85.51,85.7,363669.16,363669.16,31217262.2139,1
2026-05-17T10:00:00+08:00,1778983200000,85.7,86.19,85.7,85.95,264082.93,264082.93,22697262.957,1
2026-05-17T11:00:00+08:00,1778986800000,85.94,86.58,85.93,86.45,117477.82,117477.82,10141805.393,1
2026-05-17T12:00:00+08:00,1778990400000,86.45,86.92,86.41,86.79,161557.24,161557.24,14013510.4534,1
2026-05-17T13:00:00+08:00,1778994000000,86.79,87.24,86.76,86.86,213857.6,213857.6,18600015.2366,1
2026-05-17T14:00:00+08:00,1778997600000,86.85,86.96,86.67,86.79,115555.29,115555.29,10029671.7061,1
2026-05-17T15:00:00+08:00,1779001200000,86.79,87.06,86.72,86.93,122332.25,122332.25,10628949.9939,1
2026-05-17T16:00:00+08:00,1779004800000,86.93,86.98,86.52,86.78,186698.34,186698.34,16185778.2535,1
2026-05-17T17:00:00+08:00,1779008400000,86.78,86.95,86.66,86.83,167332.76,167332.76,14522443.3927,1
2026-05-17T18:00:00+08:00,1779012000000,86.83,87.23,86.73,86.93,343752.88,343752.88,29895958.5053,1
2026-05-17T19:00:00+08:00,1779015600000,86.94,86.96,86.72,86.84,122149.88,122149.88,10606613.2111,1
2026-05-17T20:00:00+08:00,1779019200000,86.84,86.97,86.66,86.7,95193.36,95193.36,8266691.1034,1
2026-05-17T21:00:00+08:00,1779022800000,86.71,86.74,86.25,86.35,258375.09,258375.09,22336474.409,1
2026-05-17T22:00:00+08:00,1779026400000,86.35,86.4,85.85,86.25,211858.54,211858.54,18258309.9304,1
2026-05-17T23:00:00+08:00,1779030000000,86.24,86.44,86.1,86.38,124010.07,124010.07,10704352.1856,1
2026-05-18T00:00:00+08:00,1779033600000,86.39,86.62,86.05,86.24,208236.09,208236.09,17987942.742,1
2026-05-18T01:00:00+08:00,1779037200000,86.25,86.31,85.94,86.19,143539.64,143539.64,12360781.8049,1
2026-05-18T02:00:00+08:00,1779040800000,86.19,86.39,85.96,86.37,101075.55,101075.55,8714010.2876,1
2026-05-18T03:00:00+08:00,1779044400000,86.36,86.91,86.36,86.73,113536.36,113536.36,9841333.1568,1
2026-05-18T04:00:00+08:00,1779048000000,86.73,86.86,86.51,86.64,99252.72,99252.72,8604501.4582,1
2026-05-18T05:00:00+08:00,1779051600000,86.64,86.94,86.55,86.88,93849.05,93849.05,8143990.3747,1
2026-05-18T06:00:00+08:00,1779055200000,86.88,86.88,85.95,86.18,252140.57,252140.57,21754901.9451,1
2026-05-18T07:00:00+08:00,1779058800000,86.19,86.19,83.29,85.17,2076398.23,2076398.23,175490663.6354,1
2026-05-18T08:00:00+08:00,1779062400000,85.17,85.3,84.33,85.28,565263.32,565263.32,47971498.8913,1
2026-05-18T09:00:00+08:00,1779066000000,85.29,85.43,84.48,84.92,394880.07,394880.07,33511505.2979,1
2026-05-18T10:00:00+08:00,1779069600000,84.93,85.3,84.67,84.85,217789.29,217789.29,18513867.1612,1
2026-05-18T11:00:00+08:00,1779073200000,84.85,85.2,84.67,84.81,130828.53,130828.53,11107015.587,1
2026-05-18T12:00:00+08:00,1779076800000,84.8,85.27,84.54,85.21,190404.69,190404.69,16172895.9654,1
2026-05-18T13:00:00+08:00,1779080400000,85.22,85.33,84.6,84.83,330338.41,330338.41,28079908.2679,1
2026-05-18T14:00:00+08:00,1779084000000,84.83,84.93,84.22,84.7,461366.05,461366.05,39004959.9764,1
2026-05-18T15:00:00+08:00,1779087600000,84.7,84.96,84.34,84.69,172498.73,172498.73,14607848.5376,1
2026-05-18T16:00:00+08:00,1779091200000,84.7,84.95,84.54,84.84,121472.59,121472.59,10296197.309,1
2026-05-18T17:00:00+08:00,1779094800000,84.84,84.88,84.41,84.43,123080.84,123080.84,10413229.74,1
2026-05-18T18:00:00+08:00,1779098400000,84.43,84.47,84.16,84.22,224511.13,224511.13,18922639.9554,1
2026-05-18T19:00:00+08:00,1779102000000,84.22,85.28,84.04,84.93,367499.85,367499.85,31132936.8265,1
2026-05-18T20:00:00+08:00,1779105600000,84.93,85.75,84.93,85.51,434192.12,434192.12,37057811.6382,1
2026-05-18T21:00:00+08:00,1779109200000,85.52,85.52,84.25,84.64,496694.37,496694.37,42125067.0647,1
2026-05-18T22:00:00+08:00,1779112800000,84.64,84.64,83.67,83.93,592873.62,592873.62,49845272.3227,1
2026-05-18T23:00:00+08:00,1779116400000,83.93,84.37,83.54,84.16,384232.61,384232.61,32224995.665,1
2026-05-19T00:00:00+08:00,1779120000000,84.16,84.46,83.94,84.27,262521.68,262521.68,22114294.3422,1
2026-05-19T01:00:00+08:00,1779123600000,84.27,84.66,84.17,84.36,121674.61,121674.61,10269646.2539,1
2026-05-19T02:00:00+08:00,1779127200000,84.36,84.4,83.42,83.48,272736.79,272736.79,22838405.8689,1
2026-05-19T03:00:00+08:00,1779130800000,83.47,85.2,83.45,84.96,526684.45,526684.45,44537428.0074,1
2026-05-19T04:00:00+08:00,1779134400000,84.96,85.37,84.78,84.86,184888.39,184888.39,15733598.5469,1
2026-05-19T05:00:00+08:00,1779138000000,84.87,85.63,84.73,85.53,203526.3,203526.3,17355117.1951,1
2026-05-19T06:00:00+08:00,1779141600000,85.53,85.74,85.23,85.41,165766.13,165766.13,14170362.3909,1
2026-05-19T07:00:00+08:00,1779145200000,85.41,85.59,85.21,85.34,110406.09,110406.09,9428745.5842,1
2026-05-19T08:00:00+08:00,1779148800000,85.34,85.95,85.27,85.54,188539.85,188539.85,16152266.1613,1
2026-05-19T09:00:00+08:00,1779152400000,85.53,85.55,84.83,84.83,189268.01,189268.01,16118705.0897,1
2026-05-19T10:00:00+08:00,1779156000000,84.83,85.25,84.55,84.8,169864.87,169864.87,14412150.5288,1
2026-05-19T11:00:00+08:00,1779159600000,84.8,85.19,84.67,85.02,80677.6,80677.6,6857530.9392,1
2026-05-19T12:00:00+08:00,1779163200000,85.02,85.27,84.74,85.09,175749.09,175749.09,14943647.1205,1
2026-05-19T13:00:00+08:00,1779166800000,85.09,85.25,84.4,85.14,318851.7,318851.7,27042687.6613,1
2026-05-19T14:00:00+08:00,1779170400000,85.13,85.54,85.06,85.21,201418.41,201418.41,17183544.205,1
2026-05-19T15:00:00+08:00,1779174000000,85.2,85.58,85.06,85.43,134028.94,134028.94,11442885.0945,1
2026-05-19T16:00:00+08:00,1779177600000,85.43,85.55,84.97,85.18,269327.59,269327.59,22944794.2902,1
2026-05-19T17:00:00+08:00,1779181200000,85.19,85.26,84.41,84.7,297839.57,297839.57,25248597.5329,1
2026-05-19T18:00:00+08:00,1779184800000,84.7,84.82,84.24,84.65,186587.38,186587.38,15776114.0976,1
2026-05-19T19:00:00+08:00,1779188400000,84.66,84.76,84.21,84.32,136977.51,136977.51,11569011.5662,1
2026-05-19T20:00:00+08:00,1779192000000,84.32,84.74,84.21,84.72,122224.53,122224.53,10336709.7222,1
2026-05-19T21:00:00+08:00,1779195600000,84.72,85.06,84.32,84.75,350286.39,350286.39,29667110.5124,1
2026-05-19T22:00:00+08:00,1779199200000,84.75,84.9,83.62,84.04,428639.97,428639.97,36085735.7273,1
2026-05-19T23:00:00+08:00,1779202800000,84.04,84.61,83.96,84.33,262914.35,262914.35,22158461.8563,1
2026-05-20T00:00:00+08:00,1779206400000,84.32,84.86,84.09,84.8,159197.17,159197.17,13455119.4518,1
2026-05-20T01:00:00+08:00,1779210000000,84.8,84.99,84.41,84.64,167406.21,167406.21,14187587.0732,1
2026-05-20T02:00:00+08:00,1779213600000,84.63,84.76,84.2,84.33,96117.59,96117.59,8120913.5333,1
2026-05-20T03:00:00+08:00,1779217200000,84.32,84.7,84.17,84.3,82400.32,82400.32,6953540.5306,1
2026-05-20T04:00:00+08:00,1779220800000,84.3,84.54,84.26,84.47,77585.35,77585.35,6549139.6075,1
2026-05-20T05:00:00+08:00,1779224400000,84.47,84.61,84.35,84.41,90350.71,90350.71,7634932.7712,1
2026-05-20T06:00:00+08:00,1779228000000,84.4,84.4,83.95,84.05,104075.5,104075.5,8758053.8423,1
2026-05-20T07:00:00+08:00,1779231600000,84.05,84.55,83.98,84.24,85438.45,85438.45,7204000.6922,1
2026-05-20T08:00:00+08:00,1779235200000,84.25,84.37,83.86,84.19,194327.53,194327.53,16338539.1501,1
2026-05-20T09:00:00+08:00,1779238800000,84.19,84.5,83.79,84.31,202138.15,202138.15,16992298.1464,1
2026-05-20T10:00:00+08:00,1779242400000,84.31,84.43,83.86,83.94,148849.94,148849.94,12523880.5454,1
2026-05-20T11:00:00+08:00,1779246000000,83.94,84.23,83.79,84.04,108674.52,108674.52,9132938.737,1
2026-05-20T12:00:00+08:00,1779249600000,84.05,84.18,83.82,84.17,97510.65,97510.65,8195044.4243,1
2026-05-20T13:00:00+08:00,1779253200000,84.17,84.9,84.17,84.71,277425.52,277425.52,23464015.9861,1
2026-05-20T14:00:00+08:00,1779256800000,84.72,84.97,84.67,84.93,141277.07,141277.07,11984942.5365,1
2026-05-20T15:00:00+08:00,1779260400000,84.94,85.08,84.64,84.71,135629.79,135629.79,11507267.6469,1
2026-05-20T16:00:00+08:00,1779264000000,84.7,85.13,84.65,84.92,129415.33,129415.33,10986800.1576,1
2026-05-20T17:00:00+08:00,1779267600000,84.91,85.03,84.78,84.81,105183.41,105183.41,8931556.2136,1
2026-05-20T18:00:00+08:00,1779271200000,84.82,85.15,84.81,84.9,116213.76,116213.76,9877239.499,1
2026-05-20T19:00:00+08:00,1779274800000,84.91,85,84.51,84.63,143177.28,143177.28,12132908.4449,1
2026-05-20T20:00:00+08:00,1779278400000,84.64,85.28,84.54,85.05,134449.97,134449.97,11408378.8988,1
2026-05-20T21:00:00+08:00,1779282000000,85.04,85.11,84.11,84.63,357258.16,357258.16,30202007.4447,1
2026-05-20T22:00:00+08:00,1779285600000,84.63,86.09,84.27,85.8,823741.88,823741.88,70340814.3581,1
2026-05-20T23:00:00+08:00,1779289200000,85.79,86.26,85.37,85.88,685722.43,685722.43,58885530.8929,1
2026-05-21T00:00:00+08:00,1779292800000,85.88,86.77,85.48,86.43,704850.71,704850.71,60754290.9828,1
2026-05-21T01:00:00+08:00,1779296400000,86.42,87.03,86.25,86.46,406894.34,406894.34,35250648.8857,1
2026-05-21T02:00:00+08:00,1779300000000,86.46,86.52,85.62,85.77,367593.34,367593.34,31625148.0094,1
2026-05-21T03:00:00+08:00,1779303600000,85.78,86.26,85.57,86.13,185790.18,185790.18,15977845.7249,1
2026-05-21T04:00:00+08:00,1779307200000,86.12,86.19,85.48,86.13,196728.33,196728.33,16898608.6937,1
2026-05-21T05:00:00+08:00,1779310800000,86.12,86.29,85.91,85.92,128923.71,128923.71,11101901.2592,1
2026-05-21T06:00:00+08:00,1779314400000,85.92,86.17,85.56,85.97,143222.08,143222.08,12292366.7899,1
2026-05-21T07:00:00+08:00,1779318000000,85.96,86.12,85.79,86.1,67916.36,67916.36,5837129.8183,1
2026-05-21T08:00:00+08:00,1779321600000,86.1,86.79,86.04,86.6,199426.22,199426.22,17238821.6577,1
2026-05-21T09:00:00+08:00,1779325200000,86.6,86.99,86.4,86.5,243575.83,243575.83,21091699.1113,1
2026-05-21T10:00:00+08:00,1779328800000,86.49,86.86,86.39,86.56,169469.41,169469.41,14684218.2573,1
2026-05-21T11:00:00+08:00,1779332400000,86.55,86.87,86.49,86.81,132803.29,132803.29,11514574.5806,1
2026-05-21T12:00:00+08:00,1779336000000,86.8,87.28,86.72,86.94,400657.21,400657.21,34852431.1742,1
2026-05-21T13:00:00+08:00,1779339600000,86.94,87.06,86.29,86.45,250452.2,250452.2,21687730.0955,1
2026-05-21T14:00:00+08:00,1779343200000,86.46,86.56,86.14,86.27,268195.91,268195.91,23162031.4598,1
2026-05-21T15:00:00+08:00,1779346800000,86.27,86.67,86.21,86.58,145585.99,145585.99,12584319.5136,1
2026-05-21T16:00:00+08:00,1779350400000,86.59,87.16,86.58,86.8,363323.44,363323.44,31563470.971,1
2026-05-21T17:00:00+08:00,1779354000000,86.8,87,86.4,86.44,203535.11,203535.11,17648915.9615,1
2026-05-21T18:00:00+08:00,1779357600000,86.43,86.62,85.66,85.71,492540.34,492540.34,42362434.4813,1
2026-05-21T19:00:00+08:00,1779361200000,85.7,85.91,85.53,85.55,223415.5,223415.5,19152228.9935,1
2026-05-21T20:00:00+08:00,1779364800000,85.55,85.82,85.36,85.71,320563.89,320563.89,27444074.2558,1
2026-05-21T21:00:00+08:00,1779368400000,85.7,86.09,85.26,86.02,472543.81,472543.81,40488852.7584,1
2026-05-21T22:00:00+08:00,1779372000000,86.01,86.45,85.56,85.95,507665.43,507665.43,43700721.7942,1
2026-05-21T23:00:00+08:00,1779375600000,85.95,86.87,85.85,86.41,492824.19,492824.19,42631848.9714,1
2026-05-22T00:00:00+08:00,1779379200000,86.42,86.55,85.98,86.22,241762.66,241762.66,20858363.1274,1
2026-05-22T01:00:00+08:00,1779382800000,86.23,87.97,86.14,87.58,1091017.91,1091017.91,95390935.4593,1
2026-05-22T02:00:00+08:00,1779386400000,87.57,87.75,86.73,87.04,356620.15,356620.15,31145899.0423,1
2026-05-22T03:00:00+08:00,1779390000000,87.03,87.84,87.02,87.78,226786.3,226786.3,19837239.8454,1
2026-05-22T04:00:00+08:00,1779393600000,87.79,87.89,87.45,87.51,110316.18,110316.18,9676237.3838,1
2026-05-22T05:00:00+08:00,1779397200000,87.52,87.67,87.27,87.31,159545.09,159545.09,13948083.1112,1
2026-05-22T06:00:00+08:00,1779400800000,87.31,87.44,87.01,87.13,100307.31,100307.31,8749954.0629,1
2026-05-22T07:00:00+08:00,1779404400000,87.13,87.33,86.95,87.3,157672.79,157672.79,13745618.6628,1
2026-05-22T08:00:00+08:00,1779408000000,87.29,87.3,86.76,86.79,140346.22,140346.22,12213082.5932,1
2026-05-22T09:00:00+08:00,1779411600000,86.8,87.07,86.54,87.03,139072.84,139072.84,12071025.8058,1
2026-05-22T10:00:00+08:00,1779415200000,87.03,87.19,86.94,87.13,112745.23,112745.23,9816140.2502,1
2026-05-22T11:00:00+08:00,1779418800000,87.12,87.27,86.86,86.98,74423.32,74423.32,6476200.1313,1
2026-05-22T12:00:00+08:00,1779422400000,86.98,87.34,86.87,86.93,104771.22,104771.22,9125317.8456,1
2026-05-22T13:00:00+08:00,1779426000000,86.94,87.11,86.66,86.75,108111.37,108111.37,9392612.9449,1
2026-05-22T14:00:00+08:00,1779429600000,86.76,86.82,86.44,86.68,253769.47,253769.47,21981226.2267,1
2026-05-22T15:00:00+08:00,1779433200000,86.67,87.13,86.49,86.93,305761.67,305761.67,26550104.8006,1
2026-05-22T16:00:00+08:00,1779436800000,86.94,87.49,86.81,87.09,305758.91,305758.91,26656740.4035,1
2026-05-22T17:00:00+08:00,1779440400000,87.09,87.36,87,87.22,177700.66,177700.66,15489067.2553,1
2026-05-22T18:00:00+08:00,1779444000000,87.22,87.25,86.84,86.95,142250.68,142250.68,12373910.6368,1
2026-05-22T19:00:00+08:00,1779447600000,86.96,87.3,86.66,87.28,192009.58,192009.58,16706826.3187,1
2026-05-22T20:00:00+08:00,1779451200000,87.29,87.75,87.2,87.73,333087.71,333087.71,29149343.356,1
2026-05-22T21:00:00+08:00,1779454800000,87.72,87.82,87.04,87.35,367449.07,367449.07,32112050.1543,1
2026-05-22T22:00:00+08:00,1779458400000,87.35,87.35,86.3,86.56,549235.58,549235.58,47633426.3967,1
2026-05-22T23:00:00+08:00,1779462000000,86.57,86.94,86.21,86.72,322175.42,322175.42,27920815.7478,1
2026-05-23T00:00:00+08:00,1779465600000,86.71,86.99,86.6,86.89,158845.71,158845.71,13782879.8098,1
2026-05-23T01:00:00+08:00,1779469200000,86.88,87.15,86.45,86.59,260890.35,260890.35,22649590.8587,1
2026-05-23T02:00:00+08:00,1779472800000,86.59,86.65,84.52,85.4,822007.07,822007.07,70307163.8338,1
2026-05-23T03:00:00+08:00,1779476400000,85.41,85.58,83.9,84.5,886814.43,886814.43,75038876.9753,1
2026-05-23T04:00:00+08:00,1779480000000,84.51,85.03,84.51,84.95,248937.77,248937.77,21106385.5972,1
2026-05-23T05:00:00+08:00,1779483600000,84.95,85.26,84.88,85.14,118025.3,118025.3,10040586.2189,1
2026-05-23T06:00:00+08:00,1779487200000,85.13,85.18,84.73,84.92,128403.46,128403.46,10908982.3691,1
2026-05-23T07:00:00+08:00,1779490800000,84.92,85.14,83.93,84.34,478418.88,478418.88,40398499.157,1
2026-05-23T08:00:00+08:00,1779494400000,84.35,84.49,84.01,84.37,303594.91,303594.91,25586139.5947,1
2026-05-23T09:00:00+08:00,1779498000000,84.37,84.6,84.26,84.46,134380.85,134380.85,11352704.6183,1
2026-05-23T10:00:00+08:00,1779501600000,84.47,84.53,84.14,84.48,205489.99,205489.99,17337042.3667,1
2026-05-23T11:00:00+08:00,1779505200000,84.47,84.69,84.42,84.62,100041.83,100041.83,8460174.7411,1
2026-05-23T12:00:00+08:00,1779508800000,84.63,84.65,84.28,84.35,94382.57,94382.57,7969875.1483,1
2026-05-23T13:00:00+08:00,1779512400000,84.35,84.42,84.11,84.4,100935.82,100935.82,8506733.2065,1
2026-05-23T14:00:00+08:00,1779516000000,84.41,84.44,84.12,84.21,117007.98,117007.98,9859801.891,1
2026-05-23T15:00:00+08:00,1779519600000,84.2,84.27,81.35,82.19,1793840.82,1793840.82,148214909.3043,1
2026-05-23T16:00:00+08:00,1779523200000,82.2,82.31,81.66,82.07,860493.28,860493.28,70584826.9918,1
2026-05-23T17:00:00+08:00,1779526800000,82.07,82.21,81.9,81.94,247225.91,247225.91,20277740.3291,1
2026-05-23T18:00:00+08:00,1779530400000,81.95,82.36,81.94,82.19,158719.73,158719.73,13045593.5375,1
2026-05-23T19:00:00+08:00,1779534000000,82.19,82.41,82.16,82.22,112750.94,112750.94,9278035.2854,1
2026-05-23T20:00:00+08:00,1779537600000,82.22,82.49,82.07,82.41,168376.63,168376.63,13849779.063,1
2026-05-23T21:00:00+08:00,1779541200000,82.42,83.46,82.41,83.17,534949.93,534949.93,44394025.729,1
2026-05-23T22:00:00+08:00,1779544800000,83.16,84.41,83.02,84.07,583571.99,583571.99,48892069.7387,1
2026-05-23T23:00:00+08:00,1779548400000,84.07,84.52,83.58,84.04,681648.33,681648.33,57267661.9167,1
2026-05-24T00:00:00+08:00,1779552000000,84.04,84.25,83.86,84.05,293805.34,293805.34,24696425.897,1
2026-05-24T01:00:00+08:00,1779555600000,84.05,84.31,83.88,84.16,157440.64,157440.64,13243591.3306,1
2026-05-24T02:00:00+08:00,1779559200000,84.17,85.12,84.12,84.67,620938.26,620938.26,52615997.5113,1
2026-05-24T03:00:00+08:00,1779562800000,84.67,85.05,84.56,84.91,205610.52,205610.52,17435955.5164,1
2026-05-24T04:00:00+08:00,1779566400000,84.91,87.05,84.73,87.04,972742.14,972742.14,83753019.3594,1
2026-05-24T05:00:00+08:00,1779570000000,87.04,87.5,85.84,86.24,673015.28,673015.28,58332825.7508,1
2026-05-24T06:00:00+08:00,1779573600000,86.25,86.57,85.46,85.77,274644.81,274644.81,23590236.5742,1
2026-05-24T07:00:00+08:00,1779577200000,85.77,85.89,85.6,85.71,162999.79,162999.79,13973257.508,1
2026-05-24T08:00:00+08:00,1779580800000,85.72,85.99,85.56,85.84,146795.04,146795.04,12592374.1724,1
2026-05-24T09:00:00+08:00,1779584400000,85.85,86.18,85.82,85.96,137723.13,137723.13,11843776.2656,1
2026-05-24T10:00:00+08:00,1779588000000,85.97,86.06,85.68,85.92,131527.35,131527.35,11295076.0209,1
2026-05-24T11:00:00+08:00,1779591600000,85.92,86.07,85.57,85.75,108012.84,108012.84,9264065.9771,1
2026-05-24T12:00:00+08:00,1779595200000,85.76,86.04,85.73,85.88,145861.94,145861.94,12533920.1389,1
2026-05-24T13:00:00+08:00,1779598800000,85.87,86.12,85.52,86.1,195584.45,195584.45,16781375.4051,1
2026-05-24T14:00:00+08:00,1779602400000,86.1,86.44,85.88,86.41,148239.5,148239.5,12770187.8101,1
2026-05-24T15:00:00+08:00,1779606000000,86.4,86.68,85.95,86.03,253741.33,253741.33,21889087.0551,1
2026-05-24T16:00:00+08:00,1779609600000,86.03,86.46,85.97,86.45,162489.26,162489.26,14007590.7832,1
2026-05-24T17:00:00+08:00,1779613200000,86.45,87,86.33,86.49,384521.23,384521.23,33310785.0411,1
2026-05-24T18:00:00+08:00,1779616800000,86.5,86.67,86.19,86.45,353989.58,353989.58,30565722.6647,1
2026-05-24T19:00:00+08:00,1779620400000,86.45,86.9,86.38,86.62,347227.51,347227.51,30068483.667,1
2026-05-24T20:00:00+08:00,1779624000000,86.63,86.64,86.12,86.31,154848.32,154848.32,13363549.135,1
2026-05-24T21:00:00+08:00,1779627600000,86.31,86.41,85.67,85.86,180735.26,180735.26,15549988.4951,1
2026-05-24T22:00:00+08:00,1779631200000,85.86,85.97,84.39,85.21,618749.95,618749.95,52668906.3277,1
2026-05-24T23:00:00+08:00,1779634800000,85.21,85.46,85.09,85.26,134370.56,134370.56,11457536.8577,1
2026-05-25T00:00:00+08:00,1779638400000,85.26,85.85,85.13,85.59,284247.34,284247.34,24304690.742,1
2026-05-25T01:00:00+08:00,1779642000000,85.6,85.75,85.44,85.6,86180.55,86180.55,7378588.7872,1
2026-05-25T02:00:00+08:00,1779645600000,85.6,85.63,85.21,85.36,147189.25,147189.25,12567584.067,1
2026-05-25T03:00:00+08:00,1779649200000,85.36,85.47,85.17,85.32,71613.53,71613.53,6109421.6148,1
2026-05-25T04:00:00+08:00,1779652800000,85.32,85.38,84.53,84.73,265877.51,265877.51,22561718.2354,1
2026-05-25T05:00:00+08:00,1779656400000,84.73,84.94,83.57,83.89,422171.37,422171.37,35533247.7206,1
2026-05-25T06:00:00+08:00,1779660000000,83.9,85.28,83.87,84.93,372250.62,372250.62,31596819.2619,1
2026-05-25T07:00:00+08:00,1779663600000,84.93,85.46,84.92,85.22,164157.68,164157.68,13988879.3827,1
2026-05-25T08:00:00+08:00,1779667200000,85.22,85.6,85.2,85.43,154358.69,154358.69,13175792.1122,1
2026-05-25T09:00:00+08:00,1779670800000,85.42,85.54,84.75,84.79,169594.7,169594.7,14452252.4055,1
2026-05-25T10:00:00+08:00,1779674400000,84.8,85.72,84.79,85.02,302343.44,302343.44,25793644.222,1
2026-05-25T11:00:00+08:00,1779678000000,85.02,85.12,84.73,84.88,148424.94,148424.94,12598839.5074,1
2026-05-25T12:00:00+08:00,1779681600000,84.89,85.88,84.86,85.78,240494.8,240494.8,20547821.366,1
2026-05-25T13:00:00+08:00,1779685200000,85.79,86.13,85.7,85.94,243899.53,243899.53,20963927.5512,1
2026-05-25T14:00:00+08:00,1779688800000,85.93,86.13,85.59,85.94,156136.73,156136.73,13401002.7049,1
2026-05-25T15:00:00+08:00,1779692400000,85.94,86.12,85.55,85.92,190083.98,190083.98,16302273.4579,1
2026-05-25T16:00:00+08:00,1779696000000,85.92,86.04,85.71,85.98,146529.12,146529.12,12582728.5572,1
2026-05-25T17:00:00+08:00,1779699600000,85.98,86.2,85.87,85.89,180738.96,180738.96,15543699.6524,1
2026-05-25T18:00:00+08:00,1779703200000,85.88,86.07,85.84,86.02,104603.03,104603.03,8989326.552,1
2026-05-25T19:00:00+08:00,1779706800000,86.02,86.1,85.66,85.73,108257.36,108257.36,9299398.5976,1
2026-05-25T20:00:00+08:00,1779710400000,85.72,86.03,85.61,85.83,151217.06,151217.06,12983712.4129,1
2026-05-25T21:00:00+08:00,1779714000000,85.83,86,85.72,85.97,69499.88,69499.88,5967048.7569,1
2026-05-25T22:00:00+08:00,1779717600000,85.97,86.41,85.89,86.29,254923.45,254923.45,21970063.0478,1
2026-05-25T23:00:00+08:00,1779721200000,86.28,86.48,86,86.21,199671.75,199671.75,17218373.952,1
2026-05-26T00:00:00+08:00,1779724800000,86.21,86.4,85.93,86.23,145769.4,145769.4,12552141.9661,1
2026-05-26T01:00:00+08:00,1779728400000,86.23,86.35,86.01,86.08,137860.65,137860.65,11877228.7373,1
2026-05-26T02:00:00+08:00,1779732000000,86.07,86.26,85.84,85.85,82970.51,82970.51,7141097.8325,1
2026-05-26T03:00:00+08:00,1779735600000,85.86,85.9,85.46,85.59,119570.45,119570.45,10244792.7766,1
2026-05-26T04:00:00+08:00,1779739200000,85.58,85.83,85.24,85.36,117328.84,117328.84,10029048.3136,1
2026-05-26T05:00:00+08:00,1779742800000,85.36,85.52,85.23,85.33,76503.68,76503.68,6531292.8217,1
2026-05-26T06:00:00+08:00,1779746400000,85.33,85.5,84.64,84.76,297761.73,297761.73,25299267.9907,1
2026-05-26T07:00:00+08:00,1779750000000,84.75,85.16,84.68,84.99,181512.4,181512.4,15428768.536,1
2026-05-26T08:00:00+08:00,1779753600000,85,85.04,83.84,84.34,413570.81,413570.81,34886099.3663,1
2026-05-26T09:00:00+08:00,1779757200000,84.34,84.5,83.8,84.05,246229.65,246229.65,20714143.5108,1
2026-05-26T10:00:00+08:00,1779760800000,84.05,84.16,83.84,83.96,132622.38,132622.38,11142181.8182,1
2026-05-26T11:00:00+08:00,1779764400000,83.96,84.21,83.78,84.15,132706.84,132706.84,11146323.5263,1
2026-05-26T12:00:00+08:00,1779768000000,84.15,84.45,83.94,84.31,162461.93,162461.93,13687959.9164,1
2026-05-26T13:00:00+08:00,1779771600000,84.3,84.92,84.21,84.6,227059.08,227059.08,19207433.2214,1
2026-05-26T14:00:00+08:00,1779775200000,84.59,84.78,84.34,84.55,144144.12,144144.12,12183450.7435,1
2026-05-26T15:00:00+08:00,1779778800000,84.55,84.57,84.05,84.3,182668.13,182668.13,15381801.4852,1
2026-05-26T16:00:00+08:00,1779782400000,84.3,84.52,84.28,84.39,79295.6,79295.6,6692893.4539,1
2026-05-26T17:00:00+08:00,1779786000000,84.4,84.67,84.27,84.42,149494.2,149494.2,12625176.7318,1
2026-05-26T18:00:00+08:00,1779789600000,84.43,85.78,84.31,85.52,571730.35,571730.35,48812405.383,1
2026-05-26T19:00:00+08:00,1779793200000,85.52,85.61,85.16,85.17,216427.45,216427.45,18476310.9654,1
2026-05-26T20:00:00+08:00,1779796800000,85.17,85.36,84.77,85.28,278424.01,278424.01,23674336.5444,1
2026-05-26T21:00:00+08:00,1779800400000,85.29,85.74,84.65,85.47,394053.43,394053.43,33557737.5736,1
2026-05-26T22:00:00+08:00,1779804000000,85.48,86.1,84.72,85.18,781758.86,781758.86,66827939.068,1
2026-05-26T23:00:00+08:00,1779807600000,85.17,85.3,83.95,84.42,640959.4,640959.4,54207035.8479,1
2026-05-27T00:00:00+08:00,1779811200000,84.42,84.52,83.87,84.17,444389.36,444389.36,37425669.2091,1
2026-05-27T01:00:00+08:00,1779814800000,84.17,84.34,83.08,83.52,691123.33,691123.33,57712749.3479,1
2026-05-27T02:00:00+08:00,1779818400000,83.51,84.02,83.41,83.56,250150.48,250150.48,20941676.7411,1
2026-05-27T03:00:00+08:00,1779822000000,83.55,83.95,83.29,83.71,138122.87,138122.87,11553696.6961,1
2026-05-27T04:00:00+08:00,1779825600000,83.72,83.91,83.67,83.88,96425.79,96425.79,8080582.5542,1
2026-05-27T05:00:00+08:00,1779829200000,83.88,83.91,83.51,83.65,108748.31,108748.31,9103468.6342,1
2026-05-27T06:00:00+08:00,1779832800000,83.64,83.81,83.47,83.61,96228.56,96228.56,8046921.3636,1
2026-05-27T07:00:00+08:00,1779836400000,83.61,83.8,83.57,83.66,80581.1,80581.1,6744657.5249,1
2026-05-27T08:00:00+08:00,1779840000000,83.66,84.12,83.66,84.08,142353.58,142353.58,11947132.0236,1
2026-05-27T09:00:00+08:00,1779843600000,84.09,84.15,83.74,83.8,107364.04,107364.04,9006852.968,1
2026-05-27T10:00:00+08:00,1779847200000,83.81,83.92,83.49,83.92,137859.55,137859.55,11537598.8407,1
2026-05-27T11:00:00+08:00,1779850800000,83.92,84.02,83.43,83.58,132668,132668,11109298.1136,1
2026-05-27T12:00:00+08:00,1779854400000,83.57,83.64,82.77,83.58,501227.02,501227.02,41703844.7087,1
2026-05-27T13:00:00+08:00,1779858000000,83.59,83.88,83.52,83.83,124312.19,124312.19,10403615.7112,1
2026-05-27T14:00:00+08:00,1779861600000,83.83,84.01,83.68,83.99,112913.74,112913.74,9468370.2059,1
2026-05-27T15:00:00+08:00,1779865200000,84,84.15,83.82,84.14,110468.5,110468.5,9278705.2121,1
2026-05-27T16:00:00+08:00,1779868800000,84.14,84.38,83.83,83.88,179289.14,179289.14,15085256.3502,1
2026-05-27T17:00:00+08:00,1779872400000,83.88,83.91,83.56,83.74,137289.2,137289.2,11494610.0689,1
2026-05-27T18:00:00+08:00,1779876000000,83.73,84.05,83.62,83.91,124088.59,124088.59,10403387.6938,1
2026-05-27T19:00:00+08:00,1779879600000,83.91,84.18,83.85,83.87,121865.86,121865.86,10238974.7925,1
2026-05-27T20:00:00+08:00,1779883200000,83.88,84.64,83.5,83.87,382463.67,382463.67,32169962.451,1
2026-05-27T21:00:00+08:00,1779886800000,83.87,84,82.92,83.58,460077.12,460077.12,38374754.7514,1
2026-05-27T22:00:00+08:00,1779890400000,83.58,84.07,83.17,83.86,553793.94,553793.94,46336070.8753,1
2026-05-27T23:00:00+08:00,1779894000000,83.86,84.78,83.79,84.4,482283.82,482283.82,40685492.2419,1
2026-05-28T00:00:00+08:00,1779897600000,84.39,84.7,83.81,84.13,269850.2,269850.2,22726300.8087,1
2026-05-28T01:00:00+08:00,1779901200000,84.14,84.16,83.11,83.36,405403.38,405403.38,33864676.2729,1
2026-05-28T02:00:00+08:00,1779904800000,83.36,83.95,83.15,83.9,179191.93,179191.93,14956773.6039,1
2026-05-28T03:00:00+08:00,1779908400000,83.89,84.09,83.82,83.88,177029.1,177029.1,14862358.7593,1
2026-05-28T04:00:00+08:00,1779912000000,83.87,84.1,83.7,83.77,115166.6,115166.6,9660631.5781,1
2026-05-28T05:00:00+08:00,1779915600000,83.77,83.77,82.06,82.42,519298.37,519298.37,42941600.6363,1
2026-05-28T06:00:00+08:00,1779919200000,82.42,82.97,82.18,82.41,321250.49,321250.49,26516731.9597,1
2026-05-28T07:00:00+08:00,1779922800000,82.41,82.65,82.14,82.38,169590.15,169590.15,13969082.7357,1
2026-05-28T08:00:00+08:00,1779926400000,82.37,82.71,82.3,82.66,171326.64,171326.64,14136272.9218,1
2026-05-28T09:00:00+08:00,1779930000000,82.66,82.72,81.87,82.22,356358.7,356358.7,29300433.9244,1
2026-05-28T10:00:00+08:00,1779933600000,82.23,82.39,81.96,82.07,208343.6,208343.6,17117518.8626,1
2026-05-28T11:00:00+08:00,1779937200000,82.06,82.21,80.45,80.65,1409856.13,1409856.13,114372029.9179,1
2026-05-28T12:00:00+08:00,1779940800000,80.65,80.89,79.93,80.83,800693.47,800693.47,64394725.3166,1
2026-05-28T13:00:00+08:00,1779944400000,80.83,80.93,80.36,80.64,239471.15,239471.15,19311779.7122,1
2026-05-28T14:00:00+08:00,1779948000000,80.64,81.05,80.46,80.89,193430.06,193430.06,15625828.5939,1
2026-05-28T15:00:00+08:00,1779951600000,80.89,81.24,80.8,81.2,251221.85,251221.85,20356447.2892,1
2026-05-28T16:00:00+08:00,1779955200000,81.2,81.23,80.77,80.94,150011.17,150011.17,12150117.6223,1
2026-05-28T17:00:00+08:00,1779958800000,80.93,81.25,80.77,81.16,114804.99,114804.99,9307400.8922,1
2026-05-28T18:00:00+08:00,1779962400000,81.17,81.27,80.63,80.69,202275.51,202275.51,16372771.8598,1
2026-05-28T19:00:00+08:00,1779966000000,80.69,80.89,80.53,80.82,191635.19,191635.19,15469695.5649,1
2026-05-28T20:00:00+08:00,1779969600000,80.83,81.2,80.53,81.09,178702.97,178702.97,14456753.1232,1
2026-05-28T21:00:00+08:00,1779973200000,81.09,81.33,80.48,80.75,389299.57,389299.57,31460187.9727,1
2026-05-28T22:00:00+08:00,1779976800000,80.74,81.61,79.94,81.14,831608.7,831608.7,67173117.6531,1
2026-05-28T23:00:00+08:00,1779980400000,81.14,81.33,80.49,81.09,234082.52,234082.52,18954987.4939,1
2026-05-29T00:00:00+08:00,1779984000000,81.09,82.13,80.87,82.01,370614.02,370614.02,30259798.092,1
2026-05-29T01:00:00+08:00,1779987600000,82.02,82.59,81.79,82.25,296048.35,296048.35,24328501.2443,1
2026-05-29T02:00:00+08:00,1779991200000,82.25,82.97,82.2,82.85,296284.8,296284.8,24496407.2607,1
2026-05-29T03:00:00+08:00,1779994800000,82.85,82.85,82.11,82.14,162666.74,162666.74,13409754.7886,1
2026-05-29T04:00:00+08:00,1779998400000,82.13,82.56,81.73,82.25,201532.08,201532.08,16554794.4013,1
2026-05-29T05:00:00+08:00,1780002000000,82.26,82.64,82.18,82.38,131233.82,131233.82,10825443.4603,1
2026-05-29T06:00:00+08:00,1780005600000,82.39,82.58,81.86,81.99,176039.41,176039.41,14454214.6426,1
2026-05-29T07:00:00+08:00,1780009200000,81.99,82.23,81.93,82.08,88271.89,88271.89,7244707.7536,1
2026-05-29T08:00:00+08:00,1780012800000,82.07,82.43,82.07,82.28,101653.48,101653.48,8364645.9741,1
2026-05-29T09:00:00+08:00,1780016400000,82.28,82.43,82.01,82.16,105335.1,105335.1,8657187.9458,1
2026-05-29T10:00:00+08:00,1780020000000,82.16,82.27,81.41,81.53,213654.06,213654.06,17469252.334,1
2026-05-29T11:00:00+08:00,1780023600000,81.52,81.91,81.48,81.58,123521.77,123521.77,10092823.2945,1
2026-05-29T12:00:00+08:00,1780027200000,81.59,81.91,81.33,81.89,117188.18,117188.18,9564448.1536,1
2026-05-29T13:00:00+08:00,1780030800000,81.89,82.16,81.77,82.04,108522.45,108522.45,8895804.5617,1
2026-05-29T14:00:00+08:00,1780034400000,82.03,82.46,81.98,82.25,124227.96,124227.96,10208474.4877,1
2026-05-29T15:00:00+08:00,1780038000000,82.25,82.43,81.85,82.19,213335.4,213335.4,17533394.8225,1
2026-05-29T16:00:00+08:00,1780041600000,82.19,82.45,82.12,82.16,174415.84,174415.84,14356836.9879,1
2026-05-29T17:00:00+08:00,1780045200000,82.16,82.6,82.14,82.4,105717.42,105717.42,8712046.0943,1
2026-05-29T18:00:00+08:00,1780048800000,82.4,82.4,82.04,82.11,114125.31,114125.31,9380563.8996,1
2026-05-29T19:00:00+08:00,1780052400000,82.1,82.18,81.46,81.73,176300.71,176300.71,14423700.4838,1
2026-05-29T20:00:00+08:00,1780056000000,81.72,81.74,81.26,81.45,201133.93,201133.93,16400705.6281,1
2026-05-29T21:00:00+08:00,1780059600000,81.44,81.68,81.04,81.39,218484.73,218484.73,17766266.109,1
2026-05-29T22:00:00+08:00,1780063200000,81.4,81.54,80.3,81.28,674547.29,674547.29,54575285.8248,1
2026-05-29T23:00:00+08:00,1780066800000,81.29,83.2,81.16,82.52,1006390.39,1006390.39,82949234.7426,1
2026-05-30T00:00:00+08:00,1780070400000,82.52,83.08,82.15,82.89,411359.84,411359.84,34007176.9494,1
2026-05-30T01:00:00+08:00,1780074000000,82.88,83.19,82.62,82.74,274515,274515,22775433.084,1
2026-05-30T02:00:00+08:00,1780077600000,82.74,82.95,81.76,82.02,250954.71,250954.71,20652841.6223,1
2026-05-30T03:00:00+08:00,1780081200000,82.01,82.35,81.53,82.01,197916.15,197916.15,16229413.5296,1
2026-05-30T04:00:00+08:00,1780084800000,82.01,82.31,81.95,82.18,107945.05,107945.05,8867864.8787,1
2026-05-30T05:00:00+08:00,1780088400000,82.18,82.37,81.65,81.66,99784.73,99784.73,8181517.7788,1
2026-05-30T06:00:00+08:00,1780092000000,81.67,81.99,81.55,81.94,133045.09,133045.09,10877476.8849,1
2026-05-30T07:00:00+08:00,1780095600000,81.94,82.07,81.72,81.99,84403.88,84403.88,6914080.4825,1
2026-05-30T08:00:00+08:00,1780099200000,81.98,82.3,81.9,82.24,92531.4,92531.4,7600621.4648,1
2026-05-30T09:00:00+08:00,1780102800000,82.25,82.94,82.17,82.77,193519.37,193519.37,15992842.8809,1
2026-05-30T10:00:00+08:00,1780106400000,82.78,82.99,82.74,82.95,146171.33,146171.33,12114857.5562,1
2026-05-30T11:00:00+08:00,1780110000000,82.95,83.05,82.59,82.64,140538.22,140538.22,11635182.2072,1
2026-05-30T12:00:00+08:00,1780113600000,82.64,82.77,81.82,82.3,298317.13,298317.13,24535755.9696,1
2026-05-30T13:00:00+08:00,1780117200000,82.29,82.69,82.16,82.56,198588.81,198588.81,16372897.8271,1
2026-05-30T14:00:00+08:00,1780120800000,82.57,82.7,82.35,82.43,78679.93,78679.93,6494496.0823,1
2026-05-30T15:00:00+08:00,1780124400000,82.43,82.48,82.21,82.34,71261.02,71261.02,5865603.7679,1
2026-05-30T16:00:00+08:00,1780128000000,82.34,82.36,82.14,82.19,42852.06,42852.06,3524912.3679,1
2026-05-30T17:00:00+08:00,1780131600000,82.19,82.34,82.15,82.28,44028.73,44028.73,3621297.7447,1
2026-05-30T18:00:00+08:00,1780135200000,82.28,82.47,82.27,82.34,82303.97,82303.97,6780250.7154,1
2026-05-30T19:00:00+08:00,1780138800000,82.34,82.51,82.17,82.28,50837.26,50837.26,4184826.5344,1
2026-05-30T20:00:00+08:00,1780142400000,82.28,82.4,82.21,82.4,41880.23,41880.23,3445935.4606,1
2026-05-30T21:00:00+08:00,1780146000000,82.39,82.52,82.19,82.44,105599.95,105599.95,8699390.2321,1
2026-05-30T22:00:00+08:00,1780149600000,82.44,82.72,82.4,82.59,145294.45,145294.45,11996839.0199,1
2026-05-30T23:00:00+08:00,1780153200000,82.59,82.88,82.45,82.63,139784.26,139784.26,11549047.3907,1
2026-05-31T00:00:00+08:00,1780156800000,82.63,82.89,82.58,82.84,91155.26,91155.26,7544241.3325,1
2026-05-31T01:00:00+08:00,1780160400000,82.84,83.01,82.59,83,140873.18,140873.18,11670874.0785,1
2026-05-31T02:00:00+08:00,1780164000000,83.01,83.1,82.83,82.97,103555.07,103555.07,8591940.6021,1
2026-05-31T03:00:00+08:00,1780167600000,82.98,83,82.73,82.94,65304.57,65304.57,5412352.6847,1
2026-05-31T04:00:00+08:00,1780171200000,82.95,83.04,82.81,82.92,48898.2,48898.2,4055743.5298,1
2026-05-31T05:00:00+08:00,1780174800000,82.92,83.14,82.87,82.97,89859.72,89859.72,7458354.7271,1
2026-05-31T06:00:00+08:00,1780178400000,82.97,82.97,82.4,82.6,162912.76,162912.76,13461739.1652,1
2026-05-31T07:00:00+08:00,1780182000000,82.6,82.85,82.46,82.69,79467.94,79467.94,6564903.7131,1
2026-05-31T08:00:00+08:00,1780185600000,82.69,82.92,82.57,82.88,86338.4,86338.4,7146935.3716,1
2026-05-31T09:00:00+08:00,1780189200000,82.88,83.18,82.87,82.97,159069.18,159069.18,13206113.1417,1
2026-05-31T10:00:00+08:00,1780192800000,82.97,83.39,82.83,83.11,192758.28,192758.28,16023744.1599,1
2026-05-31T11:00:00+08:00,1780196400000,83.12,83.31,83.05,83.19,84423.29,84423.29,7022605.57,1
2026-05-31T12:00:00+08:00,1780200000000,83.19,83.25,83.04,83.17,53645.62,53645.62,4461872.2211,1
2026-05-31T13:00:00+08:00,1780203600000,83.16,83.18,82.94,82.98,68403.14,68403.14,5680044.7852,1
2026-05-31T14:00:00+08:00,1780207200000,82.99,82.99,82.8,82.91,67757.45,67757.45,5616534.6609,1
2026-05-31T15:00:00+08:00,1780210800000,82.91,82.91,82.46,82.63,143328.9,143328.9,11845775.5667,1
2026-05-31T16:00:00+08:00,1780214400000,82.63,82.82,82.54,82.76,92096.48,92096.48,7616456.8615,1
2026-05-31T17:00:00+08:00,1780218000000,82.76,83.02,82.59,82.69,101374.55,101374.55,8392191.2954,1
2026-05-31T18:00:00+08:00,1780221600000,82.69,82.7,82.43,82.68,131785.53,131785.53,10881509.4889,1
2026-05-31T19:00:00+08:00,1780225200000,82.68,82.81,82.61,82.69,94920.02,94920.02,7852025.4502,1
2026-05-31T20:00:00+08:00,1780228800000,82.69,82.89,82.52,82.78,73345.09,73345.09,6068232.7888,1
2026-05-31T21:00:00+08:00,1780232400000,82.78,83.08,82.61,82.72,96354.85,96354.85,7985172.6161,1
2026-05-31T22:00:00+08:00,1780236000000,82.71,82.72,81.72,81.91,521728.06,521728.06,42838241.1487,1
2026-05-31T23:00:00+08:00,1780239600000,81.92,82.24,81.78,81.83,167464.47,167464.47,13731004.6777,1
2026-06-01T00:00:00+08:00,1780243200000,81.83,82,81.37,81.54,317899.95,317899.95,25957120.9132,1
2026-06-01T01:00:00+08:00,1780246800000,81.53,81.86,81.43,81.81,111297.48,111297.48,9089175.102,1
2026-06-01T02:00:00+08:00,1780250400000,81.81,81.82,81.57,81.71,74278.14,74278.14,6069093.3084,1
2026-06-01T03:00:00+08:00,1780254000000,81.7,81.75,81.29,81.54,101202.45,101202.45,8246996.9113,1
2026-06-01T04:00:00+08:00,1780257600000,81.55,81.98,81.55,81.94,106189.86,106189.86,8680233.0957,1
2026-06-01T05:00:00+08:00,1780261200000,81.93,82.34,81.84,82.26,120688.57,120688.57,9908723.3975,1
2026-06-01T06:00:00+08:00,1780264800000,82.27,82.65,81.99,82.49,215607.66,215607.66,17766613.7567,1
2026-06-01T07:00:00+08:00,1780268400000,82.49,82.88,81.91,82.4,234132.44,234132.44,19287348.3659,1
2026-06-01T08:00:00+08:00,1780272000000,82.41,83.08,82.32,82.79,320435.01,320435.01,26533687.5017,1
2026-06-01T09:00:00+08:00,1780275600000,82.79,82.84,81.68,81.71,291086.03,291086.03,23942044.7395,1
2026-06-01T10:00:00+08:00,1780279200000,81.71,82.86,81.57,82.63,311579.46,311579.46,25649225.1904,1
2026-06-01T11:00:00+08:00,1780282800000,82.64,82.94,82.51,82.58,176423.95,176423.95,14600834.9847,1
2026-06-01T12:00:00+08:00,1780286400000,82.59,82.73,81.7,81.99,313748.89,313748.89,25734033.8963,1
2026-06-01T13:00:00+08:00,1780290000000,81.98,82.07,81.56,81.77,152550.85,152550.85,12479971.6161,1
2026-06-01T14:00:00+08:00,1780293600000,81.77,81.81,81.06,81.4,359594.58,359594.58,29269628.9893,1
2026-06-01T15:00:00+08:00,1780297200000,81.39,81.52,80.57,80.66,312996.63,312996.63,25347005.6077,1
2026-06-01T16:00:00+08:00,1780300800000,80.67,81,80.4,80.94,298794.53,298794.53,24114302.0046,1
2026-06-01T17:00:00+08:00,1780304400000,80.93,81.24,80.93,81.03,204117.92,204117.92,16552683.9694,1
2026-06-01T18:00:00+08:00,1780308000000,81.04,81.14,80.78,81.05,160559.46,160559.46,12996100.2031,1
2026-06-01T19:00:00+08:00,1780311600000,81.05,81.18,80.57,80.78,166845.2,166845.2,13498534.5269,1
2026-06-01T20:00:00+08:00,1780315200000,80.78,81.04,80.18,80.8,387893.44,387893.44,31276871.7302,1
2026-06-01T21:00:00+08:00,1780318800000,80.79,80.84,79.25,79.79,963285.81,963285.81,77067482.7641,1
2026-06-01T22:00:00+08:00,1780322400000,79.8,80.07,79.39,79.67,464768.79,464768.79,37024103.116,1
2026-06-01T23:00:00+08:00,1780326000000,79.67,80.01,79.15,79.57,406058.63,406058.63,32326048.8612,1
2026-06-02T00:00:00+08:00,1780329600000,79.56,80.42,79.06,80.37,482796.39,482796.39,38477923.8758,1
2026-06-02T01:00:00+08:00,1780333200000,80.37,81.17,80.23,80.89,565847.42,565847.42,45671793.0782,1
2026-06-02T02:00:00+08:00,1780336800000,80.88,81.17,80.53,80.81,174828.74,174828.74,14133382.5969,1
2026-06-02T03:00:00+08:00,1780340400000,80.81,81.29,80.57,81.16,164385.29,164385.29,13319745.0127,1
2026-06-02T04:00:00+08:00,1780344000000,81.15,81.24,80.93,81.09,129792.15,129792.15,10526278.6257,1
2026-06-02T05:00:00+08:00,1780347600000,81.1,81.11,80.47,80.64,293178.89,293178.89,23681426.2365,1
2026-06-02T06:00:00+08:00,1780351200000,80.64,81.45,80.28,81.35,293145.21,293145.21,23693823.217,1
2026-06-02T07:00:00+08:00,1780354800000,81.35,81.59,81.03,81.24,267474.35,267474.35,21752745.3646,1
2026-06-02T08:00:00+08:00,1780358400000,81.24,81.26,80.83,80.85,143451.1,143451.1,11623888.6628,1
2026-06-02T09:00:00+08:00,1780362000000,80.85,80.98,79.99,80.07,286368.34,286368.34,23035434.9101,1
2026-06-02T10:00:00+08:00,1780365600000,80.08,80.75,79.32,80.74,490628.76,490628.76,39238444.8798,1
2026-06-02T11:00:00+08:00,1780369200000,80.75,81,80.6,80.87,190350.18,190350.18,15384321.8405,1
2026-06-02T12:00:00+08:00,1780372800000,80.87,80.98,80.33,80.41,235298.11,235298.11,18976290.558,1
2026-06-02T13:00:00+08:00,1780376400000,80.4,80.56,79.5,79.59,302795.59,302795.59,24218309.9087,1
2026-06-02T14:00:00+08:00,1780380000000,79.58,79.78,79.27,79.55,409866.2,409866.2,32596638.1639,1
2026-06-02T15:00:00+08:00,1780383600000,79.54,79.89,79.09,79.63,290311.64,290311.64,23092201.9722,1
2026-06-02T16:00:00+08:00,1780387200000,79.62,79.76,79.42,79.57,191048.22,191048.22,15198191.5574,1
2026-06-02T17:00:00+08:00,1780390800000,79.58,79.6,78.72,79.05,465218.94,465218.94,36772683.5287,1
2026-06-02T18:00:00+08:00,1780394400000,79.05,79.45,78.92,79.39,170108.49,170108.49,13485285.3834,1
2026-06-02T19:00:00+08:00,1780398000000,79.39,79.41,78.81,78.9,228657.06,228657.06,18077611.7596,1
2026-06-02T20:00:00+08:00,1780401600000,78.89,79.12,78.61,78.96,327160.46,327160.46,25797077.7024,1
2026-06-02T21:00:00+08:00,1780405200000,78.94,79.19,78.76,78.9,272526.12,272526.12,21522039.8982,1
2026-06-02T22:00:00+08:00,1780408800000,78.9,78.93,76.66,77.38,1575782.11,1575782.11,122362260.2483,1
2026-06-02T23:00:00+08:00,1780412400000,77.39,77.44,75.44,76.34,1368644.38,1368644.38,104464737.6321,1
2026-06-03T00:00:00+08:00,1780416000000,76.33,77.61,76.1,76.67,754638.32,754638.32,58086364.4234,1
2026-06-03T01:00:00+08:00,1780419600000,76.67,77.14,76.43,76.78,275996.54,275996.54,21190959.4021,1
2026-06-03T02:00:00+08:00,1780423200000,76.78,77.03,75.73,76.09,341905.48,341905.48,26072110.0281,1
2026-06-03T03:00:00+08:00,1780426800000,76.09,76.21,74.32,75.46,943510.72,943510.72,71001369.2872,1
2026-06-03T04:00:00+08:00,1780430400000,75.47,75.89,74.71,75.38,321266.31,321266.31,24175699.9891,1
2026-06-03T05:00:00+08:00,1780434000000,75.37,76.02,75.26,75.6,226543.4,226543.4,17140039.2335,1
2026-06-03T06:00:00+08:00,1780437600000,75.61,75.61,73.26,73.62,1028193.51,1028193.51,76481715.2854,1
2026-06-03T07:00:00+08:00,1780441200000,73.62,74.27,72.65,74.18,1084109.58,1084109.58,79664732.8237,1
2026-06-03T08:00:00+08:00,1780444800000,74.18,75.08,73.94,74.77,644176.85,644176.85,48064545.7739,1
2026-06-03T09:00:00+08:00,1780448400000,74.77,74.99,74.07,74.68,323062.91,323062.91,24104495.2683,1
2026-06-03T10:00:00+08:00,1780452000000,74.69,74.75,74.15,74.35,180641.53,180641.53,13439240.4952,1
2026-06-03T11:00:00+08:00,1780455600000,74.36,74.48,72.21,72.66,1112066.47,1112066.47,81487331.3384,1
2026-06-03T12:00:00+08:00,1780459200000,72.66,74.06,72.64,74.01,582025.78,582025.78,42780631.9127,1
2026-06-03T13:00:00+08:00,1780462800000,74.01,74.85,74.01,74.67,641429.09,641429.09,47810504.7388,1
2026-06-03T14:00:00+08:00,1780466400000,74.67,75.31,74.61,74.81,519761.14,519761.14,38959473.1649,1
2026-06-03T15:00:00+08:00,1780470000000,74.81,75.38,74.71,75.21,314175.3,314175.3,23610167.3566,1
2026-06-03T16:00:00+08:00,1780473600000,75.2,75.28,74.81,74.94,267508.89,267508.89,20062135.3796,1
2026-06-03T17:00:00+08:00,1780477200000,74.95,75.36,74.66,74.95,329508.54,329508.54,24697685.5554,1
2026-06-03T18:00:00+08:00,1780480800000,74.94,75.62,74.91,75.49,294043.14,294043.14,22157506.9799,1
2026-06-03T19:00:00+08:00,1780484400000,75.5,75.66,74.94,75.07,278258.83,278258.83,20970041.8686,1
2026-06-03T20:00:00+08:00,1780488000000,75.07,75.22,74.64,75.14,235894.56,235894.56,17675966.4347,1
2026-06-03T21:00:00+08:00,1780491600000,75.13,75.32,74.34,74.52,479374.92,479374.92,35846860.3243,1
2026-06-03T22:00:00+08:00,1780495200000,74.51,74.56,73.77,74.4,459613.5,459613.5,34091751.3738,1
2026-06-03T23:00:00+08:00,1780498800000,74.41,74.45,73.2,73.26,805527.45,805527.45,59443650.291,1
2026-06-04T00:00:00+08:00,1780502400000,73.26,73.43,71.97,72.95,1165280.79,1165280.79,84617146.4918,1
2026-06-04T01:00:00+08:00,1780506000000,72.95,74.07,72.34,73.13,858391.6,858391.6,62849852.7219,1
2026-06-04T02:00:00+08:00,1780509600000,73.13,73.44,72.41,73.06,391528.76,391528.76,28559640.295,1
2026-06-04T03:00:00+08:00,1780513200000,73.06,73.12,71.64,71.94,779578.06,779578.06,56247979.7216,1
2026-06-04T04:00:00+08:00,1780516800000,71.94,72.39,70.81,71.18,949275.42,949275.42,68002044.7613,1
2026-06-04T05:00:00+08:00,1780520400000,71.18,72.81,70.98,72.76,580156.42,580156.42,41750857.4573,1
2026-06-04T06:00:00+08:00,1780524000000,72.76,73.13,71.87,72.16,390267.03,390267.03,28252497.0652,1
2026-06-04T07:00:00+08:00,1780527600000,72.17,72.22,71.52,71.57,332346.55,332346.55,23842317.1998,1
2026-06-04T08:00:00+08:00,1780531200000,71.58,72.06,70.27,70.71,998938.96,998938.96,70883786.9865,1
2026-06-04T09:00:00+08:00,1780534800000,70.72,70.92,68.34,68.57,1742631.62,1742631.62,120930765.6817,1
2026-06-04T10:00:00+08:00,1780538400000,68.57,70.4,66.59,69.99,2540261.6,2540261.6,173535915.766,1
2026-06-04T11:00:00+08:00,1780542000000,70,71.58,69.99,71.42,909107.58,909107.58,64583699.8779,1
2026-06-04T12:00:00+08:00,1780545600000,71.42,71.72,70.74,70.83,455203.15,455203.15,32410624.0754,1
2026-06-04T13:00:00+08:00,1780549200000,70.83,70.84,69.84,70.29,670839.74,670839.74,47104780.9796,1
2026-06-04T14:00:00+08:00,1780552800000,70.28,71.18,70.2,70.3,382491.3,382491.3,27044922.8061,1
2026-06-04T15:00:00+08:00,1780556400000,70.31,70.36,69.07,69.1,671703.57,671703.57,46834583.7102,1
2026-06-04T16:00:00+08:00,1780560000000,69.09,69.4,68.24,69.19,930677.58,930677.58,64098910.8778,1
2026-06-04T17:00:00+08:00,1780563600000,69.19,69.23,67.68,68.81,831374.21,831374.21,56730778.1267,1
2026-06-04T18:00:00+08:00,1780567200000,68.82,68.9,67.47,67.84,927024.17,927024.17,63185750.523,1
2026-06-04T19:00:00+08:00,1780570800000,67.84,68.66,67.34,68.64,588298.16,588298.16,40003723.2355,1
2026-06-04T20:00:00+08:00,1780574400000,68.65,70.32,68.26,70.05,938907.96,938907.96,65137684.2371,1
2026-06-04T21:00:00+08:00,1780578000000,70.06,70.53,68.96,70.32,757392.59,757392.59,52886971.5084,1
2026-06-04T22:00:00+08:00,1780581600000,70.32,70.6,69.51,69.74,416385.17,416385.17,29167263.1681,1
2026-06-04T23:00:00+08:00,1780585200000,69.73,70.47,69.35,69.61,608007.8,608007.8,42440711.5872,1
2026-06-05T00:00:00+08:00,1780588800000,69.61,69.63,68.93,69.37,380718.64,380718.64,26378164.0637,1
2026-06-05T01:00:00+08:00,1780592400000,69.36,69.7,68.45,69.2,481337.14,481337.14,33236580.7363,1
2026-06-05T02:00:00+08:00,1780596000000,69.2,69.85,68.6,69.46,399258.24,399258.24,27684079.2003,1
2026-06-05T03:00:00+08:00,1780599600000,69.46,69.68,68.98,69.05,326492.73,326492.73,22633137.5589,1
2026-06-05T04:00:00+08:00,1780603200000,69.04,69.1,68.4,68.76,278275.56,278275.56,19122436.615,1
2026-06-05T05:00:00+08:00,1780606800000,68.76,69.01,67.55,67.74,443539.68,443539.68,30242620.5296,1
2026-06-05T06:00:00+08:00,1780610400000,67.73,68.53,67.51,68.43,473000.48,473000.48,32127743.7286,1
2026-06-05T07:00:00+08:00,1780614000000,68.43,68.88,67.95,68.81,339472.72,339472.72,23259487.9192,1
2026-06-05T08:00:00+08:00,1780617600000,68.81,69.06,68.21,68.25,375756.9,375756.9,25797615.1162,1
2026-06-05T09:00:00+08:00,1780621200000,68.24,68.78,67.51,68.45,633012.03,633012.03,43142313.4583,1
2026-06-05T10:00:00+08:00,1780624800000,68.46,68.57,67.14,67.27,640297.85,640297.85,43424785.7574,1
2026-06-05T11:00:00+08:00,1780628400000,67.28,67.83,66.88,67.05,660720.1,660720.1,44402434.8269,1
2026-06-05T12:00:00+08:00,1780632000000,67.06,67.97,66.43,67.89,913320.09,913320.09,61420692.1488,1
2026-06-05T13:00:00+08:00,1780635600000,67.9,68.04,66.01,66.17,923550.1,923550.1,61823153.0097,1
2026-06-05T14:00:00+08:00,1780639200000,66.17,66.5,63.75,65,2563042.34,2563042.34,166629160.9378,1
2026-06-05T15:00:00+08:00,1780642800000,64.99,66.26,63.86,66.12,1070056.19,1070056.19,69696171.8616,1
2026-06-05T16:00:00+08:00,1780646400000,66.12,66.16,65.03,65.27,601397.12,601397.12,39464298.9691,1
2026-06-05T17:00:00+08:00,1780650000000,65.26,66.55,65.25,66.5,831897.86,831897.86,54849453.0838,1
2026-06-05T18:00:00+08:00,1780653600000,66.49,66.7,66.1,66.37,451415.87,451415.87,29970376.4493,1
2026-06-05T19:00:00+08:00,1780657200000,66.37,66.77,65.76,66.02,538267.43,538267.43,35642902.2409,1
2026-06-05T20:00:00+08:00,1780660800000,66.02,66.31,65.16,65.77,670411.83,670411.83,44064873.1993,1
2026-06-05T21:00:00+08:00,1780664400000,65.78,66.78,64.24,64.28,976365.95,976365.95,64144733.9312,1
2026-06-05T22:00:00+08:00,1780668000000,64.28,65.82,63.87,65.23,1423591.17,1423591.17,92461318.8741,1
2026-06-05T23:00:00+08:00,1780671600000,65.23,65.3,63.72,64.21,1580122.59,1580122.59,101817763.1237,1
2026-06-06T00:00:00+08:00,1780675200000,64.2,65.96,63.11,65.84,2211388.09,2211388.09,142734142.1825,1
2026-06-06T01:00:00+08:00,1780678800000,65.83,66.02,64.75,65.06,547441.87,547441.87,35724435.3934,1
2026-06-06T02:00:00+08:00,1780682400000,65.06,65.35,62.57,62.86,1197931.94,1197931.94,76379439.5182,1
2026-06-06T03:00:00+08:00,1780686000000,62.86,63.79,61.39,63.38,1563263.67,1563263.67,97658209.3791,1
2026-06-06T04:00:00+08:00,1780689600000,63.38,64.78,62.63,64.6,958182.73,958182.73,61303021.2134,1
2026-06-06T05:00:00+08:00,1780693200000,64.6,65.36,64.48,64.84,471158.73,471158.73,30567438.7606,1
2026-06-06T06:00:00+08:00,1780696800000,64.84,64.86,63.73,64.36,667011.5,667011.5,42886319.4324,1
2026-06-06T07:00:00+08:00,1780700400000,64.35,64.75,62.59,63.6,643293.75,643293.75,40847307.0275,1
2026-06-06T08:00:00+08:00,1780704000000,63.6,64.78,63.57,64.62,397249.86,397249.86,25573092.4826,1
2026-06-06T09:00:00+08:00,1780707600000,64.63,64.82,63.73,63.78,409099.18,409099.18,26270062.7624,1
2026-06-06T10:00:00+08:00,1780711200000,63.78,63.89,63.2,63.46,440563.23,440563.23,28003064.0988,1
2026-06-06T11:00:00+08:00,1780714800000,63.46,63.47,62.48,62.79,489096.94,489096.94,30783522.4023,1
2026-06-06T12:00:00+08:00,1780718400000,62.79,63.07,60.27,60.8,1704637.2,1704637.2,104380977.0935,1
2026-06-06T13:00:00+08:00,1780722000000,60.81,62.67,60.02,62.55,1678381.49,1678381.49,103511859.9111,1
2026-06-06T14:00:00+08:00,1780725600000,62.56,63.31,62.04,62.18,853763.24,853763.24,53566675.0928,1
2026-06-06T15:00:00+08:00,1780729200000,62.19,63.13,62.02,62.74,613232.5,613232.5,38465677.9864,1
2026-06-06T16:00:00+08:00,1780732800000,62.75,63.55,62.46,63.12,496437.05,496437.05,31326799.7177,1
2026-06-06T17:00:00+08:00,1780736400000,63.12,63.53,62.43,62.65,394040.62,394040.62,24809048.4269,1
2026-06-06T18:00:00+08:00,1780740000000,62.65,62.66,61.13,61.78,955574.5,955574.5,58999810.7989,1
2026-06-06T19:00:00+08:00,1780743600000,61.78,62.63,61.7,62.38,420124.56,420124.56,26114095.7201,1
2026-06-06T20:00:00+08:00,1780747200000,62.38,63.05,61.97,62.87,537110.25,537110.25,33591480.4174,1
2026-06-06T21:00:00+08:00,1780750800000,62.88,63.02,62.12,62.39,313327.02,313327.02,19591317.2714,1
2026-06-06T22:00:00+08:00,1780754400000,62.4,62.88,62.26,62.27,312492.75,312492.75,19580868.994,1
2026-06-06T23:00:00+08:00,1780758000000,62.27,62.44,61.26,62,730437.02,730437.02,45129608.6961,1
2026-06-07T00:00:00+08:00,1780761600000,61.99,62.37,61.3,62.08,552251.75,552251.75,34131521.396,1
2026-06-07T01:00:00+08:00,1780765200000,62.07,62.21,61.41,61.58,520024.7,520024.7,32135483.161,1
2026-06-07T02:00:00+08:00,1780768800000,61.57,62.12,61.36,61.69,334118.41,334118.41,20610821.6641,1
2026-06-07T03:00:00+08:00,1780772400000,61.69,62.15,61.58,61.58,245502.79,245502.79,15185514.4405,1
2026-06-07T04:00:00+08:00,1780776000000,61.58,61.92,61.31,61.81,352729.05,352729.05,21715321.9488,1
2026-06-07T05:00:00+08:00,1780779600000,61.8,62.33,61.77,61.86,251607.04,251607.04,15608950.297,1
2026-06-07T06:00:00+08:00,1780783200000,61.85,61.94,61.41,61.68,264649.63,264649.63,16316016.1312,1
2026-06-07T07:00:00+08:00,1780786800000,61.67,62.27,61.63,62.15,205997.92,205997.92,12777306.5274,1
2026-06-07T08:00:00+08:00,1780790400000,62.16,62.61,61.91,62.06,270398.54,270398.54,16837842.3783,1
2026-06-07T09:00:00+08:00,1780794000000,62.05,63.81,61.98,63.62,887480.49,887480.49,56131342.322,1
2026-06-07T10:00:00+08:00,1780797600000,63.62,63.74,63.02,63.49,446862.81,446862.81,28318013.1586,1
2026-06-07T11:00:00+08:00,1780801200000,63.49,64.18,63.35,63.78,453452.25,453452.25,28911049.6315,1
2026-06-07T12:00:00+08:00,1780804800000,63.78,64.08,63.24,64.04,322652.51,322652.51,20553850.211,1
2026-06-07T13:00:00+08:00,1780808400000,64.03,64.44,63.84,64.2,634192.9,634192.9,40698292.7929,1
2026-06-07T14:00:00+08:00,1780812000000,64.2,64.95,63.97,64.79,594068.92,594068.92,38368227.2761,1
2026-06-07T15:00:00+08:00,1780815600000,64.78,64.96,64.54,64.87,338729.94,338729.94,21943468.9458,1
2026-06-07T16:00:00+08:00,1780819200000,64.87,65.9,64.43,65.89,762984.11,762984.11,49668956.5125,1
2026-06-07T17:00:00+08:00,1780822800000,65.9,66.04,64.77,64.96,776223.21,776223.21,50827361.1118,1
2026-06-07T18:00:00+08:00,1780826400000,64.97,65.05,64.35,64.6,496142.92,496142.92,32091152.8249,1
2026-06-07T19:00:00+08:00,1780830000000,64.59,65.16,64.46,64.97,374707.59,374707.59,24292637.8874,1
2026-06-07T20:00:00+08:00,1780833600000,64.96,65.03,63.58,64.26,1140899.33,1140899.33,73128931.5823,1
2026-06-07T21:00:00+08:00,1780837200000,64.26,64.38,64.02,64.28,241585.08,241585.08,15506562.1423,1
2026-06-07T22:00:00+08:00,1780840800000,64.27,65.29,64.26,64.85,476119.04,476119.04,30858167.0057,1
2026-06-07T23:00:00+08:00,1780844400000,64.85,65.19,64.58,64.93,277277,277277,17984415.3646,1
2026-06-08T00:00:00+08:00,1780848000000,64.92,65.28,64.69,65.09,328046.56,328046.56,21332293.3889,1
2026-06-08T01:00:00+08:00,1780851600000,65.09,65.58,65.01,65.25,296760.53,296760.53,19391736.458,1
2026-06-08T02:00:00+08:00,1780855200000,65.26,65.53,64.83,64.9,237048.36,237048.36,15466122.2277,1
2026-06-08T03:00:00+08:00,1780858800000,64.9,64.92,63.56,63.87,684942.96,684942.96,43871710.7888,1
2026-06-08T04:00:00+08:00,1780862400000,63.87,64.74,63.67,64.62,318681.22,318681.22,20497268.0131,1
2026-06-08T05:00:00+08:00,1780866000000,64.63,64.86,64.24,64.55,198826.28,198826.28,12824585.7544,1
2026-06-08T06:00:00+08:00,1780869600000,64.56,67.9,64.45,65.77,1674615.48,1674615.48,111392369.2543,1
2026-06-08T07:00:00+08:00,1780873200000,65.77,66.6,65.71,66.46,513768.55,513768.55,33977109.9831,1
2026-06-08T08:00:00+08:00,1780876800000,66.45,67.07,65.97,66.66,504662.5,504662.5,33566753.7968,1
2026-06-08T09:00:00+08:00,1780880400000,66.67,66.75,65.33,66.13,619742.28,619742.28,40823754.5081,1
2026-06-08T10:00:00+08:00,1780884000000,66.13,66.59,66,66.4,397777.21,397777.21,26361388.7929,1
2026-06-08T11:00:00+08:00,1780887600000,66.39,66.7,66.12,66.3,275834.49,275834.49,18303383.7559,1
2026-06-08T12:00:00+08:00,1780891200000,66.3,66.37,65.31,65.37,398893.73,398893.73,26184073.8662,1
2026-06-08T13:00:00+08:00,1780894800000,65.37,65.6,64.92,65.28,335506.93,335506.93,21882771.4554,1
2026-06-08T14:00:00+08:00,1780898400000,65.28,65.83,65.23,65.63,355307.3,355307.3,23308856.376,1
2026-06-08T15:00:00+08:00,1780902000000,65.63,66.18,65.32,66.07,300602.51,300602.51,19769253.9119,1
2026-06-08T16:00:00+08:00,1780905600000,66.06,66.06,65.4,65.57,234714.74,234714.74,15418888.7707,1
2026-06-08T17:00:00+08:00,1780909200000,65.57,66.34,65.55,66.31,355700.02,355700.02,23483847.7975,1
2026-06-08T18:00:00+08:00,1780912800000,66.32,66.41,65.75,66.15,382393.81,382393.81,25283354.6534,1
2026-06-08T19:00:00+08:00,1780916400000,66.16,67.02,65.98,66.64,529644.47,529644.47,35278456.4434,1
2026-06-08T20:00:00+08:00,1780920000000,66.65,67.28,65.9,67.22,744481.79,744481.79,49540908.4669,1
2026-06-08T21:00:00+08:00,1780923600000,67.22,67.24,66.36,66.74,575870.62,575870.62,38474057.8288,1
2026-06-08T22:00:00+08:00,1780927200000,66.74,67.28,66.39,67.24,607234.7,607234.7,40598941.1457,1
2026-06-08T23:00:00+08:00,1780930800000,67.24,67.78,67.01,67.14,763834.36,763834.36,51499888.0859,1
2026-06-09T00:00:00+08:00,1780934400000,67.15,67.72,66.85,66.9,452035.87,452035.87,30400964.6312,1
2026-06-09T01:00:00+08:00,1780938000000,66.91,67.35,66.5,67.34,407358.59,407358.59,27216677.1471,1
2026-06-09T02:00:00+08:00,1780941600000,67.34,67.58,67.11,67.39,252582.79,252582.79,17017202.8539,1
2026-06-09T03:00:00+08:00,1780945200000,67.39,67.78,67.22,67.42,325709.22,325709.22,21992673.1283,1
2026-06-09T04:00:00+08:00,1780948800000,67.42,67.49,66.88,67.44,399515.57,399515.57,26852088.0804,1
2026-06-09T05:00:00+08:00,1780952400000,67.44,68.14,67.37,67.43,339704.11,339704.11,23023430.2864,1
2026-06-09T06:00:00+08:00,1780956000000,67.43,67.43,66.79,67.14,286731.08,286731.08,19232597.4348,1
2026-06-09T07:00:00+08:00,1780959600000,67.14,67.37,66.6,66.79,258628.99,258628.99,17294419.1269,1
2026-06-09T08:00:00+08:00,1780963200000,66.78,66.84,65.23,65.37,1042910.49,1042910.49,68669522.6023,1
2026-06-09T09:00:00+08:00,1780966800000,65.37,66.02,65.33,65.93,335152.03,335152.03,22021501.0888,1
2026-06-09T10:00:00+08:00,1780970400000,65.93,66.04,65.48,65.87,202132.01,202132.01,13284321.0945,1
2026-06-09T11:00:00+08:00,1780974000000,65.87,66.06,65.62,65.98,196122.08,196122.08,12918408.6346,1
2026-06-09T12:00:00+08:00,1780977600000,65.97,67.37,65.77,66.97,688976.98,688976.98,45995345.223,1
2026-06-09T13:00:00+08:00,1780981200000,66.97,67.35,66.67,67.15,391714.57,391714.57,26262097.5009,1
2026-06-09T14:00:00+08:00,1780984800000,67.15,67.44,66.92,67.02,232804.41,232804.41,15643359.4137,1
2026-06-09T15:00:00+08:00,1780988400000,67.02,67.32,66.57,66.85,368168.34,368168.34,24621450.6278,1
2026-06-09T16:00:00+08:00,1780992000000,66.86,66.89,66.35,66.55,445260.37,445260.37,29639695.099,1
2026-06-09T17:00:00+08:00,1780995600000,66.55,66.79,66.01,66.14,395931.45,395931.45,26256347.9125,1
2026-06-09T18:00:00+08:00,1780999200000,66.14,66.45,65.9,66.37,350098.41,350098.41,23159662.296,1
2026-06-09T19:00:00+08:00,1781002800000,66.36,66.43,65.85,66.07,310883.47,310883.47,20539142.9163,1
2026-06-09T20:00:00+08:00,1781006400000,66.07,66.48,65.91,66.18,403155.56,403155.56,26687633.6725,1
2026-06-09T21:00:00+08:00,1781010000000,66.18,66.34,65.55,65.8,620745.28,620745.28,40908450.6976,1
2026-06-09T22:00:00+08:00,1781013600000,65.8,65.96,64.36,65.04,1486709.46,1486709.46,96493389.0423,1
2026-06-09T23:00:00+08:00,1781017200000,65.04,65.28,64.22,64.29,814552.76,814552.76,52739575.0939,1
2026-06-10T00:00:00+08:00,1781020800000,64.28,64.46,63.51,64.11,1153725.29,1153725.29,73851957.1296,1
2026-06-10T01:00:00+08:00,1781024400000,64.12,65.14,64.06,64.76,663722.54,663722.54,42975960.0653,1
2026-06-10T02:00:00+08:00,1781028000000,64.76,65.52,64.63,65.26,409435.11,409435.11,26659457.9863,1
2026-06-10T03:00:00+08:00,1781031600000,65.26,65.63,65.02,65.37,337147.62,337147.62,22024890.0757,1
2026-06-10T04:00:00+08:00,1781035200000,65.38,65.68,65.25,65.58,206855.66,206855.66,13538239.1317,1
2026-06-10T05:00:00+08:00,1781038800000,65.59,65.62,64.83,64.97,208122.57,208122.57,13567850.819,1
2026-06-10T06:00:00+08:00,1781042400000,64.98,65.33,64.78,64.84,160191.76,160191.76,10416577.457,1
2026-06-10T07:00:00+08:00,1781046000000,64.84,65.14,64.64,64.92,192378.86,192378.86,12480193.4713,1
2026-06-10T08:00:00+08:00,1781049600000,64.93,65.18,64.44,65.14,203238.94,203238.94,13177624.9279,1
2026-06-10T09:00:00+08:00,1781053200000,65.14,65.26,64.76,65.06,211643.72,211643.72,13773044.5088,1
2026-06-10T10:00:00+08:00,1781056800000,65.06,65.21,64.2,64.27,296459.73,296459.73,19138526.4785,1
2026-06-10T11:00:00+08:00,1781060400000,64.26,64.82,64.23,64.49,174201.66,174201.66,11243228.3259,1
2026-06-10T12:00:00+08:00,1781064000000,64.48,64.61,64.07,64.25,180441.04,180441.04,11608775.2087,1
2026-06-10T13:00:00+08:00,1781067600000,64.26,64.35,63.87,64.08,242304.48,242304.48,15520030.3329,1
2026-06-10T14:00:00+08:00,1781071200000,64.09,64.34,63.78,64.15,302147.44,302147.44,19355840.1848,1
2026-06-10T15:00:00+08:00,1781074800000,64.15,64.74,64.09,64.45,271563.94,271563.94,17513854.5385,1
2026-06-10T16:00:00+08:00,1781078400000,64.46,64.49,63.38,63.58,506385.28,506385.28,32300487.8593,1
2026-06-10T17:00:00+08:00,1781082000000,63.59,63.73,63.02,63.6,418936.72,418936.72,26565899.4425,1
2026-06-10T18:00:00+08:00,1781085600000,63.61,63.75,63.23,63.64,228367.64,228367.64,14498285.9613,1
2026-06-10T19:00:00+08:00,1781089200000,63.65,63.78,62.89,63.46,762659.5,762659.5,48283588.1703,1
2026-06-10T20:00:00+08:00,1781092800000,63.47,64.65,63.26,64.09,880674.14,880674.14,56399944.2429,1
2026-06-10T21:00:00+08:00,1781096400000,64.09,65.51,63.97,65.03,913804.05,913804.05,59273596.2526,1
2026-06-10T22:00:00+08:00,1781100000000,65.04,65.24,64.55,65.02,586759.17,586759.17,38062518.1928,1
2026-06-10T23:00:00+08:00,1781103600000,65.02,65.79,64.51,65.39,836869.93,836869.93,54524347.9513,1
2026-06-11T00:00:00+08:00,1781107200000,65.4,65.44,64.19,64.57,542004.86,542004.86,35137365.9753,1
2026-06-11T01:00:00+08:00,1781110800000,64.58,64.94,63.58,64,601829.73,601829.73,38549489.1633,1
2026-06-11T02:00:00+08:00,1781114400000,64.01,64.18,63.31,63.8,434663.52,434663.52,27701153.4634,1
2026-06-11T03:00:00+08:00,1781118000000,63.8,63.9,63.34,63.51,326045.18,326045.18,20736953.7259,1
2026-06-11T04:00:00+08:00,1781121600000,63.51,63.62,63.12,63.28,322621.72,322621.72,20443981.8247,1
2026-06-11T05:00:00+08:00,1781125200000,63.28,63.28,62.29,62.54,443183.47,443183.47,27813975.9814,1
2026-06-11T06:00:00+08:00,1781128800000,62.55,63.03,62.32,62.74,384324.47,384324.47,24076617.5441,1
2026-06-11T07:00:00+08:00,1781132400000,62.73,63.26,62.41,63.16,442641.57,442641.57,27814752.1805,1
2026-06-11T08:00:00+08:00,1781136000000,63.15,63.73,63.15,63.62,264273.27,264273.27,16787324.139,1
2026-06-11T09:00:00+08:00,1781139600000,63.62,65.14,63.62,64.87,777386.83,777386.83,50198206.172,1
2026-06-11T10:00:00+08:00,1781143200000,64.87,64.96,64.32,64.49,366831.19,366831.19,23693975.456,1
2026-06-11T11:00:00+08:00,1781146800000,64.5,65.46,64.29,65.23,547487.46,547487.46,35564375.2239,1
2026-06-11T12:00:00+08:00,1781150400000,65.22,65.32,64.87,65.17,276172.73,276172.73,17981792.3468,1
2026-06-11T13:00:00+08:00,1781154000000,65.18,65.2,64.92,64.94,174057.4,174057.4,11326691.6938,1
2026-06-11T14:00:00+08:00,1781157600000,64.93,65.4,64.78,65.08,337124.48,337124.48,21973648.7545,1
2026-06-11T15:00:00+08:00,1781161200000,65.08,65.15,64.74,65.01,245666.74,245666.74,15950733.296,1
2026-06-11T16:00:00+08:00,1781164800000,65,65.49,65,65.27,314790.8,314790.8,20551854.355,1
2026-06-11T17:00:00+08:00,1781168400000,65.28,65.52,64.99,65.35,461572.47,461572.47,30097460.578,1
2026-06-11T18:00:00+08:00,1781172000000,65.36,65.61,65.23,65.46,238224.38,238224.38,15589492.0402,1
2026-06-11T19:00:00+08:00,1781175600000,65.46,66.18,65.28,65.85,613601.9,613601.9,40345410.7925,1
2026-06-11T20:00:00+08:00,1781179200000,65.85,65.88,64.85,65.21,1005990,1005990,65597117.8732,1
2026-06-11T21:00:00+08:00,1781182800000,65.22,65.7,65.02,65.49,477019.43,477019.43,31192140.071,1
2026-06-11T22:00:00+08:00,1781186400000,65.49,65.74,64.94,65.31,371175.03,371175.03,24258622.7396,1
2026-06-11T23:00:00+08:00,1781190000000,65.31,65.83,64.95,65.51,586741.72,586741.72,38367719.202,1
2026-06-12T00:00:00+08:00,1781193600000,65.51,65.76,65.26,65.34,284009.9,284009.9,18606244.4977,1
2026-06-12T01:00:00+08:00,1781197200000,65.34,67.16,65,67.13,1278968.11,1278968.11,84674547.377,1
2026-06-12T02:00:00+08:00,1781200800000,67.12,67.29,66.61,66.77,536184.27,536184.27,35880657.5431,1
2026-06-12T03:00:00+08:00,1781204400000,66.76,67.35,66.55,66.89,417235.53,417235.53,27933208.7114,1
2026-06-12T04:00:00+08:00,1781208000000,66.88,67,66.3,66.54,278111.21,278111.21,18526992.7102,1
2026-06-12T05:00:00+08:00,1781211600000,66.54,67.06,66.52,66.87,213133.34,213133.34,14257948.7468,1
2026-06-12T06:00:00+08:00,1781215200000,66.87,67.1,66.82,66.85,144061.08,144061.08,9643227.716,1
2026-06-12T07:00:00+08:00,1781218800000,66.84,67.08,66.64,66.88,179193.8,179193.8,11974387.5389,1
2026-06-12T08:00:00+08:00,1781222400000,66.87,67.07,66.69,66.81,156487.14,156487.14,10467606.8972,1
2026-06-12T09:00:00+08:00,1781226000000,66.81,66.82,66.37,66.65,219892.68,219892.68,14641682.7483,1
2026-06-12T10:00:00+08:00,1781229600000,66.64,67.25,66.63,67.1,229296.1,229296.1,15367881.5744,1
2026-06-12T11:00:00+08:00,1781233200000,67.09,67.12,66.63,66.98,167510.52,167510.52,11202475.1034,1
2026-06-12T12:00:00+08:00,1781236800000,66.97,67.2,66.79,67.02,149601.64,149601.64,10027689.901,1
2026-06-12T13:00:00+08:00,1781240400000,67.01,67.05,66.6,66.69,242454.64,242454.64,16184813.6249,1
2026-06-12T14:00:00+08:00,1781244000000,66.69,66.78,65.89,66.07,422243.22,422243.22,27974812.2705,1
2026-06-12T15:00:00+08:00,1781247600000,66.07,66.45,66.07,66.27,262393.15,262393.15,17383921.5779,1
2026-06-12T16:00:00+08:00,1781251200000,66.27,67.02,66.26,66.86,323754.67,323754.67,21616893.2238,1
2026-06-12T17:00:00+08:00,1781254800000,66.86,67.45,66.79,67.14,358182.74,358182.74,24066280.6086,1
2026-06-12T18:00:00+08:00,1781258400000,67.13,67.32,66.55,66.75,315800.11,315800.11,21126589.7861,1
2026-06-12T19:00:00+08:00,1781262000000,66.76,67.07,66.74,66.89,145385.96,145385.96,9727113.3343,1
2026-06-12T20:00:00+08:00,1781265600000,66.9,66.96,66.59,66.74,251094.36,251094.36,16768263.276,1
2026-06-12T21:00:00+08:00,1781269200000,66.74,66.97,66.33,66.67,523353.28,523353.28,34882909.2177,1
2026-06-12T22:00:00+08:00,1781272800000,66.68,67.96,66.58,67.88,782785.47,782785.47,52626138.6476,1
2026-06-12T23:00:00+08:00,1781276400000,67.88,68.76,67.12,67.2,1313621.91,1313621.91,89352497.7437,1
2026-06-13T00:00:00+08:00,1781280000000,67.21,67.97,67.02,67.97,574966.7,574966.7,38833088.5328,1
2026-06-13T01:00:00+08:00,1781283600000,67.96,68.17,67.22,67.35,350961.21,350961.21,23746933.1992,1
2026-06-13T02:00:00+08:00,1781287200000,67.35,67.44,66.95,67.03,299785.32,299785.32,20134161.4348,1
2026-06-13T03:00:00+08:00,1781290800000,67.03,67.36,66.63,66.73,324929.32,324929.32,21752517.2867,1
2026-06-13T04:00:00+08:00,1781294400000,66.74,66.8,66.46,66.64,253152.19,253152.19,16865534.2217,1
2026-06-13T05:00:00+08:00,1781298000000,66.64,66.9,66.42,66.52,122277.73,122277.73,8154746.8052,1
2026-06-13T06:00:00+08:00,1781301600000,66.53,66.72,66.41,66.59,131178.34,131178.34,8729225.8532,1
2026-06-13T07:00:00+08:00,1781305200000,66.6,66.85,66.43,66.77,141016.2,141016.2,9395483.1895,1
2026-06-13T08:00:00+08:00,1781308800000,66.77,67.05,66.73,66.95,128098.33,128098.33,8569024.4291,1
2026-06-13T09:00:00+08:00,1781312400000,66.95,67.48,66.94,67.4,187059.56,187059.56,12576643.5729,1
2026-06-13T10:00:00+08:00,1781316000000,67.41,67.46,66.82,66.93,163950.86,163950.86,11010605.6459,1
2026-06-13T11:00:00+08:00,1781319600000,66.93,67.03,66.63,66.83,192925.81,192925.81,12893797.6728,1
2026-06-13T12:00:00+08:00,1781323200000,66.84,66.93,66.6,66.63,112798.42,112798.42,7531667.3434,1
2026-06-13T13:00:00+08:00,1781326800000,66.63,66.85,66.46,66.75,242102.37,242102.37,16142883.4726,1
2026-06-13T14:00:00+08:00,1781330400000,66.75,67.19,66.62,67.11,168170.08,168170.08,11254601.9108,1
2026-06-13T15:00:00+08:00,1781334000000,67.11,67.44,66.92,67.34,311888.88,311888.88,20955701.6868,1
2026-06-13T16:00:00+08:00,1781337600000,67.33,67.52,67.22,67.28,279445.74,279445.74,18820151.4859,1
2026-06-13T17:00:00+08:00,1781341200000,67.28,67.49,67.24,67.32,153978.36,153978.36,10369967.6823,1
2026-06-13T18:00:00+08:00,1781344800000,67.33,67.58,67.28,67.39,122882.08,122882.08,8284346.2036,1
2026-06-13T19:00:00+08:00,1781348400000,67.38,67.92,67.33,67.87,247911.87,247911.87,16794845.5759,1
2026-06-13T20:00:00+08:00,1781352000000,67.87,68.03,67.73,67.93,216617.05,216617.05,14695383.9048,1
2026-06-13T21:00:00+08:00,1781355600000,67.92,68.26,67.79,67.96,286306.72,286306.72,19468804.9739,1
2026-06-13T22:00:00+08:00,1781359200000,67.97,68.39,67.94,68.24,184459.21,184459.21,12576384.8491,1
2026-06-13T23:00:00+08:00,1781362800000,68.25,68.67,68.12,68.54,320808.78,320808.78,21961370.8348,1
2026-06-14T00:00:00+08:00,1781366400000,68.55,68.57,67.78,68.03,429060.22,429060.22,29196476.6012,1
2026-06-14T01:00:00+08:00,1781370000000,68.03,68.23,67.79,67.95,212559.48,212559.48,14451544.2841,1
2026-06-14T02:00:00+08:00,1781373600000,67.95,68.33,67.92,68.08,98566.11,98566.11,6716197.3575,1
2026-06-14T03:00:00+08:00,1781377200000,68.07,68.35,67.96,68.18,128169.14,128169.14,8732183.2806,1
2026-06-14T04:00:00+08:00,1781380800000,68.17,68.24,68,68.24,63554.08,63554.08,4329527.8528,1
2026-06-14T05:00:00+08:00,1781384400000,68.24,69.56,68.18,69.21,484912.28,484912.28,33440015.447,1
2026-06-14T06:00:00+08:00,1781388000000,69.22,69.24,68.83,68.84,233990.52,233990.52,16147439.314,1
2026-06-14T07:00:00+08:00,1781391600000,68.85,69.14,68.74,68.88,145790.09,145790.09,10048659.9593,1
2026-06-14T08:00:00+08:00,1781395200000,68.88,68.88,68.58,68.71,130758.44,130758.44,8985564.2517,1
2026-06-14T09:00:00+08:00,1781398800000,68.72,69.05,68.58,68.76,209588.31,209588.31,14435953.5648,1
2026-06-14T10:00:00+08:00,1781402400000,68.76,69.05,68.67,68.78,130643.95,130643.95,8997422.2168,1
2026-06-14T11:00:00+08:00,1781406000000,68.77,69,68.7,68.9,126661.5,126661.5,8718768.2412,1
2026-06-14T12:00:00+08:00,1781409600000,68.9,68.96,68.37,68.49,229591.76,229591.76,15756143.0734,1
2026-06-14T13:00:00+08:00,1781413200000,68.49,68.55,67.98,68.21,351909.75,351909.75,24006072.0645,1
2026-06-14T14:00:00+08:00,1781416800000,68.22,68.46,68.06,68.16,148382.52,148382.52,10128116.2565,1
2026-06-14T15:00:00+08:00,1781420400000,68.16,68.22,67.99,68.18,105373.6,105373.6,7177178.7145,1
2026-06-14T16:00:00+08:00,1781424000000,68.18,68.32,68.07,68.21,102560.85,102560.85,6996996.8177,1
2026-06-14T17:00:00+08:00,1781427600000,68.22,68.45,67.86,68.44,157546.83,157546.83,10734543.5186,1
2026-06-14T18:00:00+08:00,1781431200000,68.44,68.48,68.1,68.12,166336.33,166336.33,11363828.6356,1
2026-06-14T19:00:00+08:00,1781434800000,68.12,68.3,67.98,68.06,117357.65,117357.65,7994869.872,1
2026-06-14T20:00:00+08:00,1781438400000,68.06,68.13,67.66,67.74,230085.63,230085.63,15609071.6136,1
2026-06-14T21:00:00+08:00,1781442000000,67.74,67.83,67.44,67.73,307543.6,307543.6,20805889.473,1
2026-06-14T22:00:00+08:00,1781445600000,67.73,67.79,66.9,67.21,440430.68,440430.68,29615466.2079,1
2026-06-14T23:00:00+08:00,1781449200000,67.21,67.54,67.21,67.38,227680.14,227680.14,15342582.2717,1
2026-06-15T00:00:00+08:00,1781452800000,67.38,67.71,67.37,67.44,198915.89,198915.89,13435861.2419,1
2026-06-15T01:00:00+08:00,1781456400000,67.44,67.69,67.26,67.28,142360.93,142360.93,9606780.4656,1
2026-06-15T02:00:00+08:00,1781460000000,67.28,67.45,67.14,67.37,117088.92,117088.92,7880712.2448,1
2026-06-15T03:00:00+08:00,1781463600000,67.36,67.7,67.28,67.51,123559,123559,8344425.3941,1
2026-06-15T04:00:00+08:00,1781467200000,67.52,68.03,67.39,67.74,147078.53,147078.53,9965267.3006,1
2026-06-15T05:00:00+08:00,1781470800000,67.75,70.5,67.75,70.11,1001037.22,1001037.22,69502527.5165,1
2026-06-15T06:00:00+08:00,1781474400000,70.11,70.7,69.57,70.39,715584.64,715584.64,50211270.4215,1
2026-06-15T07:00:00+08:00,1781478000000,70.39,71.24,70.11,71.24,658850.66,658850.66,46589345.3177,1
2026-06-15T08:00:00+08:00,1781481600000,71.24,71.68,70.9,71.1,678885.48,678885.48,48401184.5882,1
2026-06-15T09:00:00+08:00,1781485200000,71.1,71.31,70.63,70.98,303351.23,303351.23,21513409.3109,1
2026-06-15T10:00:00+08:00,1781488800000,70.98,71.55,70.86,70.95,325593.31,325593.31,23201487.3929,1
2026-06-15T11:00:00+08:00,1781492400000,70.94,71.33,70.86,71.19,189756.65,189756.65,13497450.3549,1
2026-06-15T12:00:00+08:00,1781496000000,71.2,71.24,70.84,70.89,193561.98,193561.98,13749551.5409,1
2026-06-15T13:00:00+08:00,1781499600000,70.88,71.27,70.77,71.16,199440.63,199440.63,14164731.4172,1
2026-06-15T14:00:00+08:00,1781503200000,71.16,71.45,71.06,71.3,250015.26,250015.26,17820119.8842,1
2026-06-15T15:00:00+08:00,1781506800000,71.31,71.46,71.08,71.23,219593.34,219593.34,15648903.7173,1
2026-06-15T16:00:00+08:00,1781510400000,71.23,71.57,71.12,71.25,306401.29,306401.29,21865499.8373,1
2026-06-15T17:00:00+08:00,1781514000000,71.24,71.42,70.75,71.16,275512.11,275512.11,19578238.2806,1
2026-06-15T18:00:00+08:00,1781517600000,71.16,72.11,71.13,71.83,662532.09,662532.09,47481740.8338,1
2026-06-15T19:00:00+08:00,1781521200000,71.82,72.8,71.61,72.55,960191.33,960191.33,69443971.6978,1
2026-06-15T20:00:00+08:00,1781524800000,72.56,72.97,72.26,72.79,587653.83,587653.83,42669929.3464,1
2026-06-15T21:00:00+08:00,1781528400000,72.79,74.2,72.67,73.6,1308823.71,1308823.71,96273395.9191,1
2026-06-15T22:00:00+08:00,1781532000000,73.6,73.93,73.16,73.76,445526.25,445526.25,32789782.24,1
2026-06-15T23:00:00+08:00,1781535600000,73.75,75.21,73.73,75.2,919293.39,919293.39,68514235.883,1
2026-06-16T00:00:00+08:00,1781539200000,75.2,76.05,74.91,75.43,1078737.43,1078737.43,81580015.1498,1
2026-06-16T01:00:00+08:00,1781542800000,75.43,75.44,74.63,75.25,742610.58,742610.58,55704151.4446,1
2026-06-16T02:00:00+08:00,1781546400000,75.24,75.64,75.07,75.26,319659.04,319659.04,24093101.6559,1
2026-06-16T03:00:00+08:00,1781550000000,75.25,75.76,74.51,75.23,571171.21,571171.21,42899956.2024,1
2026-06-16T04:00:00+08:00,1781553600000,75.22,75.41,74.7,74.91,237451.85,237451.85,17811910.186,1
2026-06-16T05:00:00+08:00,1781557200000,74.9,74.99,74.26,74.42,267483.4,267483.4,19946355.4674,1
2026-06-16T06:00:00+08:00,1781560800000,74.42,74.55,73.57,73.73,394980.44,394980.44,29229051.5947,1
2026-06-16T07:00:00+08:00,1781564400000,73.73,74.03,73.58,73.94,217698.44,217698.44,16065846.7792,1
2026-06-16T08:00:00+08:00,1781568000000,73.93,74.36,73.81,73.97,256076.29,256076.29,18967147.4289,1
2026-06-16T09:00:00+08:00,1781571600000,73.98,74.3,73.8,73.82,169868.28,169868.28,12585081.837,1
2026-06-16T10:00:00+08:00,1781575200000,73.83,73.84,72.72,72.97,582093.17,582093.17,42595335.2068,1
2026-06-16T11:00:00+08:00,1781578800000,72.98,73.78,72.82,73.69,454900.4,454900.4,33367197.0397,1
2026-06-16T12:00:00+08:00,1781582400000,73.7,73.91,73.14,73.33,410928.55,410928.55,30197301.6981,1
2026-06-16T13:00:00+08:00,1781586000000,73.33,73.79,73.32,73.61,273975.82,273975.82,20165507.9716,1
2026-06-16T14:00:00+08:00,1781589600000,73.61,74.27,73.61,74.12,377041.37,377041.37,27900772.904,1
2026-06-16T15:00:00+08:00,1781593200000,74.13,74.49,74.07,74.41,355708.51,355708.51,26425174.9083,1
2026-06-16T16:00:00+08:00,1781596800000,74.41,75.61,74.29,75.35,705988.23,705988.23,52889340.4925,1
2026-06-16T17:00:00+08:00,1781600400000,75.34,75.42,74.76,74.79,477423.72,477423.72,35827324.6603,1
2026-06-16T18:00:00+08:00,1781604000000,74.8,75.07,74.62,74.64,244839.36,244839.36,18329871.689,1
2026-06-16T19:00:00+08:00,1781607600000,74.64,74.85,74.33,74.62,375971.89,375971.89,28026867.8586,1
2026-06-16T20:00:00+08:00,1781611200000,74.63,75.51,74.44,74.89,728270.31,728270.31,54602875.5274,1
2026-06-16T21:00:00+08:00,1781614800000,74.9,74.93,73.81,73.94,747292.09,747292.09,55433431.6517,1
2026-06-16T22:00:00+08:00,1781618400000,73.95,74.26,72.28,72.92,1263356.38,1263356.38,92278177.4274,1
2026-06-16T23:00:00+08:00,1781622000000,72.93,73.63,72.82,73.25,518318.86,518318.86,37964375.9839,1
2026-06-17T00:00:00+08:00,1781625600000,73.25,73.44,72.96,73.05,357619.43,357619.43,26172232.9817,1
2026-06-17T01:00:00+08:00,1781629200000,73.06,73.8,73.01,73.63,250861.5,250861.5,18413413.8735,1
2026-06-17T02:00:00+08:00,1781632800000,73.64,74.31,73.53,73.96,501863.19,501863.19,37098309.528,1
2026-06-17T03:00:00+08:00,1781636400000,73.97,74.19,73.45,73.81,224189.2,224189.2,16549494.1842,1
2026-06-17T04:00:00+08:00,1781640000000,73.8,74.2,73.63,74.1,142424.58,142424.58,10532224.1855,1
2026-06-17T05:00:00+08:00,1781643600000,74.11,74.15,73.69,73.88,135440.12,135440.12,10005154.1756,1
2026-06-17T06:00:00+08:00,1781647200000,73.89,74.08,73.57,73.79,140783.4,140783.4,10383566.3322,1
2026-06-17T07:00:00+08:00,1781650800000,73.79,73.93,73.37,73.5,112997.2,112997.2,8319137.7428,1
2026-06-17T08:00:00+08:00,1781654400000,73.5,73.75,73.25,73.32,211722.7,211722.7,15559188.7535,1
2026-06-17T09:00:00+08:00,1781658000000,73.33,73.97,73.1,73.89,312561.52,312561.52,22963619.4733,1
2026-06-17T10:00:00+08:00,1781661600000,73.89,74.42,73.63,74,322346,322346,23859568.8908,1
2026-06-17T11:00:00+08:00,1781665200000,74.01,74.01,73.47,73.64,139798.94,139798.94,10301293.8827,1
2026-06-17T12:00:00+08:00,1781668800000,73.65,74.08,73.55,73.8,170515.54,170515.54,12578586.8593,1
2026-06-17T13:00:00+08:00,1781672400000,73.8,73.96,73.38,73.6,173241.24,173241.24,12755210.6622,1
2026-06-17T14:00:00+08:00,1781676000000,73.6,73.8,73.13,73.37,317419.42,317419.42,23289565.5523,1
2026-06-17T15:00:00+08:00,1781679600000,73.37,73.57,72.89,73.23,411527.94,411527.94,30108304.6814,1
2026-06-17T16:00:00+08:00,1781683200000,73.23,73.26,72.12,72.29,869113.4,869113.4,63097694.5097,1
2026-06-17T17:00:00+08:00,1781686800000,72.3,72.63,72.26,72.49,269439.95,269439.95,19517482.2907,1
2026-06-17T18:00:00+08:00,1781690400000,72.5,72.65,72.06,72.1,212801.61,212801.61,15385257.854,1
2026-06-17T19:00:00+08:00,1781694000000,72.1,72.2,71.66,71.98,469008.24,469008.24,33750881.0796,1
2026-06-17T20:00:00+08:00,1781697600000,71.98,72.31,71.53,72.29,569415.77,569415.77,40972427.8392,1
2026-06-17T21:00:00+08:00,1781701200000,72.28,72.72,72.1,72.37,543198.43,543198.43,39340821.4027,1
2026-06-17T22:00:00+08:00,1781704800000,72.36,72.62,71.78,72.32,564679.4,564679.4,40794741.1094,1
2026-06-17T23:00:00+08:00,1781708400000,72.33,73.84,72.31,73.77,763573.42,763573.42,55900897.3915,1
2026-06-18T00:00:00+08:00,1781712000000,73.77,74.65,73.67,73.74,677110.81,677110.81,50130309.5296,1
2026-06-18T01:00:00+08:00,1781715600000,73.74,74.3,73.41,74.16,350917.45,350917.45,25884156.9324,1
2026-06-18T02:00:00+08:00,1781719200000,74.16,74.34,72.13,73.45,1679835.74,1679835.74,123108971.377,1
2026-06-18T03:00:00+08:00,1781722800000,73.45,73.67,71.36,71.62,1193876.72,1193876.72,86174266.1699,1
2026-06-18T04:00:00+08:00,1781726400000,71.61,72.2,71.5,72.15,416781.04,416781.04,29955137.2098,1
2026-06-18T05:00:00+08:00,1781730000000,72.15,72.18,71.27,71.58,217561.15,217561.15,15618446.6039,1
2026-06-18T06:00:00+08:00,1781733600000,71.58,71.9,70.76,71.65,357013.24,357013.24,25458146.9255,1
2026-06-18T07:00:00+08:00,1781737200000,71.66,72.09,71.63,71.99,147733.93,147733.93,10627512.4916,1
2026-06-18T08:00:00+08:00,1781740800000,72,72.47,71.97,72.18,283045.17,283045.17,20447125.4432,1
2026-06-18T09:00:00+08:00,1781744400000,72.17,72.59,72.04,72.18,253263.7,253263.7,18323341.8829,1
2026-06-18T10:00:00+08:00,1781748000000,72.19,72.64,72.01,72.48,284578.22,284578.22,20603460.6539,1
2026-06-18T11:00:00+08:00,1781751600000,72.47,72.49,71.45,71.61,436358.27,436358.27,31346081.388,1
2026-06-18T12:00:00+08:00,1781755200000,71.6,71.67,70.85,71.02,599140.37,599140.37,42630957.3675,1
2026-06-18T13:00:00+08:00,1781758800000,71.01,71.1,70.58,71.08,378467.25,378467.25,26808296.2279,1
2026-06-18T14:00:00+08:00,1781762400000,71.07,71.36,70.93,71.29,257154.92,257154.92,18302918.9985,1
2026-06-18T15:00:00+08:00,1781766000000,71.3,71.79,71.1,71.72,301896.8,301896.8,21593063.6976,1
2026-06-18T16:00:00+08:00,1781769600000,71.72,72.02,71.57,71.82,270668.59,270668.59,19443637.4394,1
2026-06-18T17:00:00+08:00,1781773200000,71.81,72.12,71.7,71.8,209932.02,209932.02,15089315.6296,1
2026-06-18T18:00:00+08:00,1781776800000,71.79,71.81,71.03,71.35,509813.95,509813.95,36380342.693,1
2026-06-18T19:00:00+08:00,1781780400000,71.34,71.52,70.67,70.89,382349.09,382349.09,27128178.4348,1
2026-06-18T20:00:00+08:00,1781784000000,70.88,71.58,70.83,71.51,231779.19,231779.19,16509633.161,1
2026-06-18T21:00:00+08:00,1781787600000,71.52,71.76,70.66,71.01,561604.9,561604.9,39965601.9157,1
2026-06-18T22:00:00+08:00,1781791200000,71.01,71.68,70.64,71.03,566852.87,566852.87,40270459.7041,1
2026-06-18T23:00:00+08:00,1781794800000,71.04,71.07,68.33,68.42,2191927.44,2191927.44,152334257.3776,1
2026-06-19T00:00:00+08:00,1781798400000,68.41,69.12,68.36,69.03,827110.69,827110.69,56851918.6772,1
2026-06-19T01:00:00+08:00,1781802000000,69.04,69.13,68.47,68.61,442264.84,442264.84,30433190.9481,1
2026-06-19T02:00:00+08:00,1781805600000,68.61,68.95,68.18,68.62,446230.95,446230.95,30597434.4038,1
2026-06-19T03:00:00+08:00,1781809200000,68.62,69.49,68.53,69.34,367117.3,367117.3,25349559.8666,1
2026-06-19T04:00:00+08:00,1781812800000,69.35,69.92,69.34,69.79,282792.49,282792.49,19712335.3426,1
2026-06-19T05:00:00+08:00,1781816400000,69.78,69.86,69.34,69.53,192932.89,192932.89,13425075.452,1
2026-06-19T06:00:00+08:00,1781820000000,69.52,69.65,69.21,69.47,193069.34,193069.34,13408908.7808,1
2026-06-19T07:00:00+08:00,1781823600000,69.47,69.76,69.23,69.68,120485.01,120485.01,8376369.9164,1
2026-06-19T08:00:00+08:00,1781827200000,69.67,69.86,69.52,69.76,133846.85,133846.85,9327285.4671,1
2026-06-19T09:00:00+08:00,1781830800000,69.75,69.99,69.51,69.89,162206.59,162206.59,11321064.731,1
2026-06-19T10:00:00+08:00,1781834400000,69.89,70.05,69.38,69.64,186623.56,186623.56,13001647.7649,1
2026-06-19T11:00:00+08:00,1781838000000,69.63,69.71,68.57,69.02,651747.65,651747.65,44968040.3168,1
2026-06-19T12:00:00+08:00,1781841600000,69.02,69.24,68.14,68.29,476892.4,476892.4,32714519.6051,1
2026-06-19T13:00:00+08:00,1781845200000,68.29,68.72,68.27,68.66,326484.06,326484.06,22374750.9767,1
2026-06-19T14:00:00+08:00,1781848800000,68.66,68.81,68.43,68.71,244309.52,244309.52,16775655.3439,1
2026-06-19T15:00:00+08:00,1781852400000,68.72,68.74,67.8,68.34,499466.68,499466.68,34055798.7746,1
2026-06-19T16:00:00+08:00,1781856000000,68.34,68.71,68.19,68.64,252816.04,252816.04,17317288.963,1
2026-06-19T17:00:00+08:00,1781859600000,68.64,68.71,68.16,68.27,224861.41,224861.41,15367064.8401,1
2026-06-19T18:00:00+08:00,1781863200000,68.28,68.44,68,68.26,232871.51,232871.51,15879694.8746,1
2026-06-19T19:00:00+08:00,1781866800000,68.26,68.44,68.04,68.21,155920.03,155920.03,10641883.9447,1
2026-06-19T20:00:00+08:00,1781870400000,68.21,68.68,67.87,68.57,421315.1,421315.1,28760306.311,1
2026-06-19T21:00:00+08:00,1781874000000,68.57,69.54,68.35,69.22,769902.66,769902.66,53087154.3051,1
2026-06-19T22:00:00+08:00,1781877600000,69.21,69.43,68.78,69.08,524958.27,524958.27,36291445.9881,1
2026-06-19T23:00:00+08:00,1781881200000,69.09,69.49,68.88,69.29,357901.58,357901.58,24737302.6632,1
2026-06-20T00:00:00+08:00,1781884800000,69.28,69.53,68.64,68.67,286111.67,286111.67,19794224.6162,1
2026-06-20T01:00:00+08:00,1781888400000,68.66,69.48,68.55,69.28,276476.73,276476.73,19093211.562,1
2026-06-20T02:00:00+08:00,1781892000000,69.28,69.33,68.76,69.02,115266.15,115266.15,7952923.592,1
2026-06-20T03:00:00+08:00,1781895600000,69.01,69.1,68.74,68.92,106063.33,106063.33,7309758.6152,1
2026-06-20T04:00:00+08:00,1781899200000,68.93,69.27,68.68,69.2,162898.79,162898.79,11230333.1005,1
2026-06-20T05:00:00+08:00,1781902800000,69.21,69.25,68.85,68.97,104759.7,104759.7,7232210.9513,1
2026-06-20T06:00:00+08:00,1781906400000,68.98,69.41,68.94,69.38,144106.52,144106.52,9977469.9344,1
2026-06-20T07:00:00+08:00,1781910000000,69.38,69.83,69.19,69.69,276394.09,276394.09,19222713.2645,1
2026-06-20T08:00:00+08:00,1781913600000,69.68,70.1,69.56,69.58,371643.88,371643.88,25941170.4013,1
2026-06-20T09:00:00+08:00,1781917200000,69.57,69.9,69.5,69.76,136311.87,136311.87,9497834.6179,1
2026-06-20T10:00:00+08:00,1781920800000,69.75,69.82,69.43,69.6,170948.38,170948.38,11896961.3638,1
2026-06-20T11:00:00+08:00,1781924400000,69.59,70.06,69.58,69.96,221643.77,221643.77,15487284.6187,1
2026-06-20T12:00:00+08:00,1781928000000,69.96,71.05,69.84,70.82,587995.39,587995.39,41432321.5646,1
2026-06-20T13:00:00+08:00,1781931600000,70.82,72.45,70.66,71.75,1074774.83,1074774.83,77150811.2215,1
2026-06-20T14:00:00+08:00,1781935200000,71.75,72.34,71.66,72.07,508161.22,508161.22,36613820.347,1
2026-06-20T15:00:00+08:00,1781938800000,72.07,72.09,71.35,71.56,490023.39,490023.39,35104154.0543,1
2026-06-20T16:00:00+08:00,1781942400000,71.56,71.61,71.21,71.3,250876.4,250876.4,17916168.0415,1
2026-06-20T17:00:00+08:00,1781946000000,71.29,71.59,71.15,71.51,212260,212260,15156764.1688,1
2026-06-20T18:00:00+08:00,1781949600000,71.51,71.72,71.36,71.64,207881.2,207881.2,14871365.2138,1
2026-06-20T19:00:00+08:00,1781953200000,71.63,72.06,71.4,71.74,311639.21,311639.21,22360614.3664,1
2026-06-20T20:00:00+08:00,1781956800000,71.74,71.89,71.35,71.5,251417.01,251417.01,18012442.0707,1
2026-06-20T21:00:00+08:00,1781960400000,71.5,71.55,70.64,71.15,555697.93,555697.93,39475815.9479,1
2026-06-20T22:00:00+08:00,1781964000000,71.15,72.16,70.43,71.9,870664.23,870664.23,61999030.1612,1
2026-06-20T23:00:00+08:00,1781967600000,71.9,72.59,71.6,71.99,729653.29,729653.29,52594302.7589,1
2026-06-21T00:00:00+08:00,1781971200000,72,72.03,71.29,71.64,342779.02,342779.02,24543484.8333,1
2026-06-21T01:00:00+08:00,1781974800000,71.63,71.64,71.05,71.53,308743.67,308743.67,22036564.8487,1
2026-06-21T02:00:00+08:00,1781978400000,71.53,71.95,71.49,71.72,248301.91,248301.91,17817765.2608,1
2026-06-21T03:00:00+08:00,1781982000000,71.71,71.88,71.55,71.82,170261.13,170261.13,12212052.6293,1
2026-06-21T04:00:00+08:00,1781985600000,71.82,72.03,71.66,71.98,117809.08,117809.08,8466660.9805,1
2026-06-21T05:00:00+08:00,1781989200000,71.97,72.42,71.92,72.35,203948.27,203948.27,14731079.634,1
2026-06-21T06:00:00+08:00,1781992800000,72.35,74.26,72.31,73.52,987057.33,987057.33,72533148.1,1
2026-06-21T07:00:00+08:00,1781996400000,73.53,73.6,73.17,73.19,258203.67,258203.67,18950264.2759,1
2026-06-21T08:00:00+08:00,1782000000000,73.19,73.24,72.92,73.15,356604.84,356604.84,26058996.7495,1
2026-06-21T09:00:00+08:00,1782003600000,73.15,73.27,72.84,73.14,245555.42,245555.42,17943454.0436,1
2026-06-21T10:00:00+08:00,1782007200000,73.14,73.35,73.03,73.29,163607.99,163607.99,11972896.9741,1
2026-06-21T11:00:00+08:00,1782010800000,73.29,73.82,73.07,73.58,433714.4,433714.4,31879721.1349,1
2026-06-21T12:00:00+08:00,1782014400000,73.58,73.8,73.34,73.4,262577.67,262577.67,19326364.1331,1
2026-06-21T13:00:00+08:00,1782018000000,73.4,73.48,72.96,73.05,331070.9,331070.9,24218452.1431,1
2026-06-21T14:00:00+08:00,1782021600000,73.04,73.33,73,73.21,158260.61,158260.61,11576693.6842,1
2026-06-21T15:00:00+08:00,1782025200000,73.21,73.41,73.09,73.18,313999.53,313999.53,23004914.8112,1
2026-06-21T16:00:00+08:00,1782028800000,73.18,73.22,72.7,73.12,340931.71,340931.71,24874346.9142,1
2026-06-21T17:00:00+08:00,1782032400000,73.12,74.07,73.03,73.99,554690.05,554690.05,40819834.9862,1
2026-06-21T18:00:00+08:00,1782036000000,74,74.37,73.82,73.85,381932.45,381932.45,28287392.5552,1
2026-06-21T19:00:00+08:00,1782039600000,73.85,73.98,73.03,73.17,507091.71,507091.71,37247806.7501,1
2026-06-21T20:00:00+08:00,1782043200000,73.16,73.71,72.87,73.6,484128.95,484128.95,35440742.5267,1
2026-06-21T21:00:00+08:00,1782046800000,73.61,73.91,73.43,73.87,431250.2,431250.2,31773090.4167,1
2026-06-21T22:00:00+08:00,1782050400000,73.87,74.12,73.59,74.06,303667.62,303667.62,22432060.8382,1
2026-06-21T23:00:00+08:00,1782054000000,74.07,74.26,73.86,74.11,349854.2,349854.2,25908170.7349,1
2026-06-22T00:00:00+08:00,1782057600000,74.1,74.66,73.74,74.3,547824.71,547824.71,40677751.526,1
2026-06-22T01:00:00+08:00,1782061200000,74.29,74.6,73.99,74.2,412603.24,412603.24,30671123.0827,1
2026-06-22T02:00:00+08:00,1782064800000,74.2,74.41,73.82,74.17,399028.45,399028.45,29555548.5055,1
2026-06-22T03:00:00+08:00,1782068400000,74.17,74.44,74.07,74.38,181087.47,181087.47,13450484.8351,1
2026-06-22T04:00:00+08:00,1782072000000,74.38,74.52,73.23,73.39,534124.02,534124.02,39331778.57,1
2026-06-22T05:00:00+08:00,1782075600000,73.39,73.42,72.36,73.09,937211.28,937211.28,68296690.4848,1
2026-06-22T06:00:00+08:00,1782079200000,73.09,73.22,72.57,73.01,341531.97,341531.97,24909944.7343,1
2026-06-22T07:00:00+08:00,1782082800000,73,73.05,72.22,72.42,602253.12,602253.12,43731349.4106,1
2026-06-22T08:00:00+08:00,1782086400000,72.41,73.57,72.4,73.34,634144.76,634144.76,46319590.9666,1
2026-06-22T09:00:00+08:00,1782090000000,73.34,75,73.22,74.32,1124417.46,1124417.46,83506639.3241,1
2026-06-22T10:00:00+08:00,1782093600000,74.33,74.42,73.72,73.79,345119.5,345119.5,25551679.5796,1
2026-06-22T11:00:00+08:00,1782097200000,73.79,74.03,73.24,73.48,467602,467602,34435099.883,1
2026-06-22T12:00:00+08:00,1782100800000,73.48,73.87,73.31,73.83,266649.38,266649.38,19619423.2701,1
2026-06-22T13:00:00+08:00,1782104400000,73.83,74.14,73.75,73.89,309998.57,309998.57,22936603.4655,1
2026-06-22T14:00:00+08:00,1782108000000,73.9,74.18,73.51,73.67,291455.98,291455.98,21503847.3198,1
2026-06-22T15:00:00+08:00,1782111600000,73.67,74.45,73.62,74.07,318236.92,318236.92,23595135.9726,1
2026-06-22T16:00:00+08:00,1782115200000,74.07,74.29,73.67,73.85,275081.13,275081.13,20354877.8657,1
2026-06-22T17:00:00+08:00,1782118800000,73.85,73.99,73.53,73.76,197639.18,197639.18,14572002.1938,1
2026-06-22T18:00:00+08:00,1782122400000,73.75,73.99,73.55,73.74,182639.71,182639.71,13470080.4398,1
2026-06-22T19:00:00+08:00,1782126000000,73.74,74.4,73.61,74.14,629822.28,629822.28,46651325.8467,1
2026-06-22T20:00:00+08:00,1782129600000,74.15,74.53,73.99,74.38,474573.05,474573.05,35234615.2206,1
2026-06-22T21:00:00+08:00,1782133200000,74.38,74.94,74.2,74.93,737294.69,737294.69,54989763.5177,1
2026-06-22T22:00:00+08:00,1782136800000,74.94,74.96,73.14,73.4,923459.34,923459.34,68121013.4208,1
2026-06-22T23:00:00+08:00,1782140400000,73.4,73.74,72.93,73.09,690169.9,690169.9,50614879.0427,1
2026-06-23T00:00:00+08:00,1782144000000,73.1,73.17,72.5,72.9,721231.14,721231.14,52494323.0264,1
2026-06-23T01:00:00+08:00,1782147600000,72.89,73.29,72.59,73.24,266779.42,266779.42,19454871.5212,1
2026-06-23T02:00:00+08:00,1782151200000,73.24,73.53,72.53,72.6,507637.59,507637.59,37085146.829,1
2026-06-23T03:00:00+08:00,1782154800000,72.6,72.77,72.41,72.66,435775.21,435775.21,31646163.2448,1
2026-06-23T04:00:00+08:00,1782158400000,72.66,72.93,72.45,72.79,147843.25,147843.25,10752400.1281,1
2026-06-23T05:00:00+08:00,1782162000000,72.79,72.85,72.24,72.7,220427.97,220427.97,15987074.0964,1
2026-06-23T06:00:00+08:00,1782165600000,72.7,72.92,71.29,72.05,806774.08,806774.08,57953706.559,1
2026-06-23T07:00:00+08:00,1782169200000,72.05,72.12,71.76,71.91,212285.68,212285.68,15277378.1035,1
2026-06-23T08:00:00+08:00,1782172800000,71.9,71.96,71.41,71.83,325973.95,325973.95,23361375.3085,1
2026-06-23T09:00:00+08:00,1782176400000,71.83,71.99,71.25,71.66,337757.82,337757.82,24209714.4332,1
2026-06-23T10:00:00+08:00,1782180000000,71.65,72,71.5,71.94,240444.22,240444.22,17269724.1295,1
2026-06-23T11:00:00+08:00,1782183600000,71.94,71.96,71.64,71.94,255085.53,255085.53,18313352.0178,1
2026-06-23T12:00:00+08:00,1782187200000,71.95,71.98,71.32,71.41,275887.55,275887.55,19768530.281,1
2026-06-23T13:00:00+08:00,1782190800000,71.42,71.55,70.87,71,573725.03,573725.03,40805700.9747,1
2026-06-23T14:00:00+08:00,1782194400000,71,71.04,69.61,70.29,1549755.28,1549755.28,108761136.8624,1
2026-06-23T15:00:00+08:00,1782198000000,70.28,70.51,69.92,69.95,373243.02,373243.02,26236698.4025,1
2026-06-23T16:00:00+08:00,1782201600000,69.96,70.07,68.07,68.65,1885002.01,1885002.01,129781351.33,1
2026-06-23T17:00:00+08:00,1782205200000,68.65,68.99,68.62,68.86,409492.25,409492.25,28187176.1788,1
2026-06-23T18:00:00+08:00,1782208800000,68.86,69.17,68.55,68.77,310119.13,310119.13,21347768.9676,1
2026-06-23T19:00:00+08:00,1782212400000,68.77,69.29,68.77,69.24,430902.09,430902.09,29771365.2355,1
2026-06-23T20:00:00+08:00,1782216000000,69.25,69.33,68.78,68.9,294977.53,294977.53,20369133.5351,1
2026-06-23T21:00:00+08:00,1782219600000,68.91,69.33,68.58,69.15,760989.6,760989.6,52488744.2875,1
2026-06-23T22:00:00+08:00,1782223200000,69.15,69.63,69.02,69.14,708667.99,708667.99,49120371.1928,1
2026-06-23T23:00:00+08:00,1782226800000,69.15,69.15,68.32,68.88,553948.92,553948.92,38073883.3135,1
2026-06-24T00:00:00+08:00,1782230400000,68.88,69.37,68.76,68.84,430937.46,430937.46,29766461.3677,1
2026-06-24T01:00:00+08:00,1782234000000,68.83,69.14,68.58,68.73,217953.42,217953.42,15003632.6447,1
2026-06-24T02:00:00+08:00,1782237600000,68.73,69,68.63,68.85,191893.73,191893.73,13203543.5743,1
2026-06-24T03:00:00+08:00,1782241200000,68.85,69.07,68.69,68.79,191920.99,191920.99,13215702.0223,1
2026-06-24T04:00:00+08:00,1782244800000,68.8,69.02,68.78,68.97,84444.76,84444.76,5820908.9573,1
2026-06-24T05:00:00+08:00,1782248400000,68.97,69.27,68.92,69.22,134083.66,134083.66,9271674.3455,1
2026-06-24T06:00:00+08:00,1782252000000,69.22,69.79,69.2,69.51,293997,293997,20431001.4211,1
2026-06-24T07:00:00+08:00,1782255600000,69.5,69.77,69.25,69.65,239207.95,239207.95,16619420.4663,1
2026-06-24T08:00:00+08:00,1782259200000,69.65,70.09,69.53,69.94,325005.06,325005.06,22712994.0298,1
2026-06-24T09:00:00+08:00,1782262800000,69.95,70.35,69.61,70.04,331296.7,331296.7,23211558.6919,1
2026-06-24T10:00:00+08:00,1782266400000,70.04,70.1,69.36,69.41,362790.49,362790.49,25281464.8901,1
2026-06-24T11:00:00+08:00,1782270000000,69.41,69.73,69.04,69.52,382015.95,382015.95,26508917.5971,1
2026-06-24T12:00:00+08:00,1782273600000,69.52,69.64,68.9,69.54,305629.39,305629.39,21181196.94,1
2026-06-24T13:00:00+08:00,1782277200000,69.53,70.17,69.47,69.88,317099.39,317099.39,22161711.0951,1
2026-06-24T14:00:00+08:00,1782280800000,69.88,69.99,69.64,69.68,216964.79,216964.79,15149047.888,1
2026-06-24T15:00:00+08:00,1782284400000,69.68,69.74,69.23,69.33,297538.94,297538.94,20671632.1894,1
2026-06-24T16:00:00+08:00,1782288000000,69.33,69.58,69.18,69.43,289573.93,289573.93,20090579.2374,1
2026-06-24T17:00:00+08:00,1782291600000,69.42,69.5,69.16,69.27,278104.78,278104.78,19280562.0681,1
2026-06-24T18:00:00+08:00,1782295200000,69.26,69.31,68.9,69,349369.95,349369.95,24128577.7018,1
2026-06-24T19:00:00+08:00,1782298800000,69.01,70.42,68.73,69.78,925613.74,925613.74,64301966.0071,1
2026-06-24T20:00:00+08:00,1782302400000,69.77,69.88,69.36,69.41,347413.55,347413.55,24205758.9535,1
2026-06-24T21:00:00+08:00,1782306000000,69.41,69.45,68.32,68.82,1963802.39,1963802.39,135231037.593,1
2026-06-24T22:00:00+08:00,1782309600000,68.82,69.39,68.54,68.82,969851.95,969851.95,66806922.592,1
2026-06-24T23:00:00+08:00,1782313200000,68.82,68.85,67.2,67.28,1372753.25,1372753.25,93230611.5074,1
2026-06-25T00:00:00+08:00,1782316800000,67.28,68,66.21,66.48,2248898.92,2248898.92,150631719.8992,1
2026-06-25T01:00:00+08:00,1782320400000,66.48,66.88,64.65,64.91,2011710.12,2011710.12,131920319.2588,1
2026-06-25T02:00:00+08:00,1782324000000,64.92,66.45,64.77,65.98,959977.41,959977.41,63146476.2613,1
2026-06-25T03:00:00+08:00,1782327600000,65.99,66.33,65.49,66.08,562556.77,562556.77,37064579.7325,1
2026-06-25T04:00:00+08:00,1782331200000,66.08,67.97,65.93,67.64,1103987.91,1103987.91,74190007.3706,1
2026-06-25T05:00:00+08:00,1782334800000,67.63,68.08,67.17,68.03,426217.11,426217.11,28805737.7651,1
2026-06-25T06:00:00+08:00,1782338400000,68.02,68.57,67.64,67.79,358231.82,358231.82,24387301.3674,1
2026-06-25T07:00:00+08:00,1782342000000,67.79,68.15,67.7,68.08,170817.27,170817.27,11609615.8476,1
2026-06-25T08:00:00+08:00,1782345600000,68.08,68.28,67.41,67.66,307897.12,307897.12,20881805.3125,1
2026-06-25T09:00:00+08:00,1782349200000,67.66,67.97,67.35,67.83,249405.18,249405.18,16867764.6216,1
2026-06-25T10:00:00+08:00,1782352800000,67.83,67.9,67.56,67.69,164859.05,164859.05,11160122.0231,1
2026-06-25T11:00:00+08:00,1782356400000,67.69,67.83,67.42,67.63,194391.17,194391.17,13139273.0614,1
2026-06-25T12:00:00+08:00,1782360000000,67.64,68.49,67.44,68.41,462334.77,462334.77,31447103.2666,1
2026-06-25T13:00:00+08:00,1782363600000,68.42,69.26,68.31,68.98,947464.09,947464.09,65292569.6459,1
2026-06-25T14:00:00+08:00,1782367200000,68.99,69.62,68.96,69.42,460427.58,460427.58,31924583.3641,1
2026-06-25T15:00:00+08:00,1782370800000,69.43,69.54,69.18,69.4,288610.76,288610.76,20013807.0469,1
2026-06-25T16:00:00+08:00,1782374400000,69.4,69.4,68.94,69.01,281184.01,281184.01,19436045.6255,1
2026-06-25T17:00:00+08:00,1782378000000,69.02,69.14,68.76,68.79,216970.66,216970.66,14957081.169,1
2026-06-25T18:00:00+08:00,1782381600000,68.79,68.85,68.09,68.26,456615.72,456615.72,31260286.2096,1
2026-06-25T19:00:00+08:00,1782385200000,68.25,68.41,67.96,68.13,411320.12,411320.12,28033043.452,1
2026-06-25T20:00:00+08:00,1782388800000,68.14,68.89,67.71,68.25,847205.44,847205.44,57902791.0591,1
2026-06-25T21:00:00+08:00,1782392400000,68.26,68.42,63.98,64.19,2836020.57,2836020.57,187287209.3731,1
2026-06-25T22:00:00+08:00,1782396000000,64.19,67.11,64.18,66.3,3064744.56,3064744.56,201897992.3982,1
2026-06-25T23:00:00+08:00,1782399600000,66.31,66.35,65.19,66.27,918933.53,918933.53,60516305.8812,1
2026-06-26T00:00:00+08:00,1782403200000,66.27,66.99,65.59,65.91,787318.64,787318.64,52214711.2636,1
2026-06-26T01:00:00+08:00,1782406800000,65.92,67.34,65.77,67.09,974158.84,974158.84,65001767.706,1
2026-06-26T02:00:00+08:00,1782410400000,67.08,67.11,65.87,66.15,674169.15,674169.15,44728438.0169,1
2026-06-26T03:00:00+08:00,1782414000000,66.16,66.18,65.6,66.16,472610.54,472610.54,31155632.5276,1
2026-06-26T04:00:00+08:00,1782417600000,66.16,66.76,66.03,66.23,401773.77,401773.77,26689579.7344,1
2026-06-26T05:00:00+08:00,1782421200000,66.24,67.27,66.23,67.24,283302.84,283302.84,18925672.6389,1
2026-06-26T06:00:00+08:00,1782424800000,67.24,67.3,66.89,67.1,221060.78,221060.78,14828727.1878,1
2026-06-26T07:00:00+08:00,1782428400000,67.1,68.79,66.95,67.67,892496.69,892496.69,60556957.1559,1
2026-06-26T08:00:00+08:00,1782432000000,67.67,68.07,67.58,67.69,357839.38,357839.38,24261066.2474,1
2026-06-26T09:00:00+08:00,1782435600000,67.69,67.88,67.09,67.28,410700.05,410700.05,27677149.0622,1
2026-06-26T10:00:00+08:00,1782439200000,67.28,67.32,65.87,66.16,1073020.68,1073020.68,71191005.8988,1
2026-06-26T11:00:00+08:00,1782442800000,66.17,68.46,65.89,68.17,1382926.78,1382926.78,92893200.4701,1
2026-06-26T12:00:00+08:00,1782446400000,68.17,68.35,67.92,68.03,586210.54,586210.54,39889213.7215,1
2026-06-26T13:00:00+08:00,1782450000000,68.04,68.47,67.95,68.32,445342.52,445342.52,30365181.68,1
2026-06-26T14:00:00+08:00,1782453600000,68.32,70.01,67.95,69.97,1528834.38,1528834.38,105670041.9882,1
2026-06-26T15:00:00+08:00,1782457200000,69.98,70.97,69.89,70.74,1359228.45,1359228.45,95811513.3549,1
2026-06-26T16:00:00+08:00,1782460800000,70.75,70.84,69.68,69.89,977000.73,977000.73,68447894.4597,1
2026-06-26T17:00:00+08:00,1782464400000,69.9,69.92,68.81,68.97,752340.31,752340.31,52243064.8251,1
2026-06-26T18:00:00+08:00,1782468000000,68.98,69.22,68.61,68.75,487958.1,487958.1,33626696.481,1
2026-06-26T19:00:00+08:00,1782471600000,68.74,69.08,68.35,68.58,422805.55,422805.55,29030665.7962,1
2026-06-26T20:00:00+08:00,1782475200000,68.58,69.72,68.33,68.82,1090505.18,1090505.18,75186625.9959,1
2026-06-26T21:00:00+08:00,1782478800000,68.83,70.91,68.14,70.67,1736203.48,1736203.48,120541068.353,1
2026-06-26T22:00:00+08:00,1782482400000,70.68,71.97,70.2,70.42,2255150.71,2255150.71,160154978.8373,1
2026-06-26T23:00:00+08:00,1782486000000,70.42,72.2,70.27,72.01,1422240.05,1422240.05,101635685.1898,1
2026-06-27T00:00:00+08:00,1782489600000,72.01,73.6,71.97,72.45,2331116.61,2331116.61,169489376.464,1
2026-06-27T01:00:00+08:00,1782493200000,72.45,72.85,72.13,72.54,604516.37,604516.37,43827871.8593,1
2026-06-27T02:00:00+08:00,1782496800000,72.55,73.08,72.34,72.57,486921.14,486921.14,35369629.2065,1
2026-06-27T03:00:00+08:00,1782500400000,72.57,73.9,72.45,72.98,1004310.17,1004310.17,73687535.8798,1
2026-06-27T04:00:00+08:00,1782504000000,72.98,73.65,72.03,72.15,920494.91,920494.91,66967577.8674,1
2026-06-27T05:00:00+08:00,1782507600000,72.15,72.36,71.74,71.94,584112.74,584112.74,42039221.409,1
2026-06-27T06:00:00+08:00,1782511200000,71.94,72.06,71.4,71.78,389564.13,389564.13,27920726.7791,1
2026-06-27T07:00:00+08:00,1782514800000,71.78,71.98,71.64,71.86,182964.97,182964.97,13140476.974,1
2026-06-27T08:00:00+08:00,1782518400000,71.87,72.7,71.51,71.78,668619.86,668619.86,48198351.4861,1
2026-06-27T09:00:00+08:00,1782522000000,71.79,71.79,71.31,71.4,294413.95,294413.95,21062247.0879,1
2026-06-27T10:00:00+08:00,1782525600000,71.4,72.23,71.35,72.08,443611.46,443611.46,31904747.157,1
2026-06-27T11:00:00+08:00,1782529200000,72.07,72.37,71.79,72.21,319778.7,319778.7,23061312.7122,1
2026-06-27T12:00:00+08:00,1782532800000,72.21,72.55,71.82,71.89,304991.73,304991.73,22032596.5353,1
2026-06-27T13:00:00+08:00,1782536400000,71.88,71.98,71.47,71.77,319575.82,319575.82,22923651.8979,1
2026-06-27T14:00:00+08:00,1782540000000,71.76,72.3,71.58,72.08,321118.59,321118.59,23124870.7878,1
2026-06-27T15:00:00+08:00,1782543600000,72.09,72.32,71.96,72.26,214047.21,214047.21,15435194.5361,1
2026-06-27T16:00:00+08:00,1782547200000,72.26,72.29,71.83,71.99,304102.18,304102.18,21918410.1991,1
2026-06-27T17:00:00+08:00,1782550800000,72,72.08,71.67,71.83,183656.22,183656.22,13189806.4336,1
2026-06-27T18:00:00+08:00,1782554400000,71.84,72.02,71.79,72,145019.1,145019.1,10428083.2715,1
2026-06-27T19:00:00+08:00,1782558000000,71.99,72.05,71.49,71.77,228222.7,228222.7,16365134.5889,1
2026-06-27T20:00:00+08:00,1782561600000,71.76,72.14,71.6,72.12,183849.13,183849.13,13208941.4117,1
2026-06-27T21:00:00+08:00,1782565200000,72.13,72.59,72.07,72.32,353342.32,353342.32,25560758.5346,1
2026-06-27T22:00:00+08:00,1782568800000,72.32,72.87,72.15,72.66,514047.06,514047.06,37316126.101,1
2026-06-27T23:00:00+08:00,1782572400000,72.66,73.16,72.56,72.8,567981.28,567981.28,41407377.4994,1
2026-06-28T00:00:00+08:00,1782576000000,72.8,72.98,72.59,72.6,233985.96,233985.96,17019701.8656,1
2026-06-28T01:00:00+08:00,1782579600000,72.6,72.61,71.86,72,632988.22,632988.22,45677285.2795,1
2026-06-28T02:00:00+08:00,1782583200000,72,72.15,71.72,71.88,240553.62,240553.62,17299795.8025,1
2026-06-28T03:00:00+08:00,1782586800000,71.87,71.98,70.92,71.06,676537.49,676537.49,48200594.5161,1
2026-06-28T04:00:00+08:00,1782590400000,71.06,71.32,71.05,71.27,165102.81,165102.81,11754182.833,1
2026-06-28T05:00:00+08:00,1782594000000,71.28,71.6,70.75,70.95,338442.91,338442.91,24100155.2902,1
2026-06-28T06:00:00+08:00,1782597600000,70.94,71.06,70.2,71.03,528765.96,528765.96,37366736.4322,1
2026-06-28T07:00:00+08:00,1782601200000,71.04,71.11,70.37,70.46,340743.35,340743.35,24066145.3105,1
2026-06-28T08:00:00+08:00,1782604800000,70.45,70.77,70.42,70.67,208476.75,208476.75,14719949.6729,1
2026-06-28T09:00:00+08:00,1782608400000,70.67,70.88,70.39,70.79,206502.19,206502.19,14588448.6701,1
2026-06-28T10:00:00+08:00,1782612000000,70.79,70.97,70.44,70.67,273639.98,273639.98,19353975.2042,1
2026-06-28T11:00:00+08:00,1782615600000,70.67,70.93,70.67,70.82,179555.63,179555.63,12714467.5582,1
2026-06-28T12:00:00+08:00,1782619200000,70.81,70.95,70.51,70.73,202407.83,202407.83,14323839.3708,1
2026-06-28T13:00:00+08:00,1782622800000,70.72,70.73,70.1,70.5,421945.65,421945.65,29698064.7366,1
2026-06-28T14:00:00+08:00,1782626400000,70.5,70.54,70.13,70.42,233204.87,233204.87,16406792.7979,1
2026-06-28T15:00:00+08:00,1782630000000,70.42,71.06,70.41,71.04,341657.33,341657.33,24193836.8646,1
2026-06-28T16:00:00+08:00,1782633600000,71.03,72.16,71.01,71.86,853041.51,853041.51,61130193.1565,1
2026-06-28T17:00:00+08:00,1782637200000,71.87,72.01,71.43,71.49,425451.87,425451.87,30511474.0235,1
2026-06-28T18:00:00+08:00,1782640800000,71.48,71.57,71.04,71.42,443366.03,443366.03,31617016.1459,1
2026-06-28T19:00:00+08:00,1782644400000,71.41,71.98,71.36,71.87,366628.4,366628.4,26296830.1731,1
2026-06-28T20:00:00+08:00,1782648000000,71.87,72.38,71.59,71.84,364797.15,364797.15,26240603.0366,1
2026-06-28T21:00:00+08:00,1782651600000,71.83,72.06,71.27,71.7,463954.83,463954.83,33249252.9977,1
2026-06-28T22:00:00+08:00,1782655200000,71.7,72.17,71.6,71.6,295123.09,295123.09,21205497.3756,1
2026-06-28T23:00:00+08:00,1782658800000,71.61,72.08,71.41,72.04,410547.14,410547.14,29477409.8926,1
2026-06-29T00:00:00+08:00,1782662400000,72.05,72.09,71.1,71.52,672584.36,672584.36,48084688.698,1
2026-06-29T01:00:00+08:00,1782666000000,71.52,71.95,70.91,71.51,681386.07,681386.07,48573183.6268,1
2026-06-29T02:00:00+08:00,1782669600000,71.51,71.68,70.95,71.13,250608.6,250608.6,17854243.5536,1
2026-06-29T03:00:00+08:00,1782673200000,71.13,71.27,70.2,70.67,478219.5,478219.5,33808950.3183,1
2026-06-29T04:00:00+08:00,1782676800000,70.67,71.24,70.6,70.88,328183.9,328183.9,23252510.5298,1
2026-06-29T05:00:00+08:00,1782680400000,70.87,71.03,70.15,70.41,283268.17,283268.17,19991797.0966,1
2026-06-29T06:00:00+08:00,1782684000000,70.42,71.49,69.68,70.19,785102.91,785102.91,55362729.1317,1
2026-06-29T07:00:00+08:00,1782687600000,70.19,71.75,70.09,71.35,619937.78,619937.78,44088729.5407,1
2026-06-29T08:00:00+08:00,1782691200000,71.35,71.67,70.3,71.61,800467.72,800467.72,56828451.8682,1
2026-06-29T09:00:00+08:00,1782694800000,71.62,71.67,70.91,71.44,505606.09,505606.09,36072524.6177,1
2026-06-29T10:00:00+08:00,1782698400000,71.45,72.19,70.45,72.16,1021235.57,1021235.57,73000231.4116,1
2026-06-29T11:00:00+08:00,1782702000000,72.16,73.3,72.15,72.65,1018519.97,1018519.97,74210954.7976,1
2026-06-29T12:00:00+08:00,1782705600000,72.64,72.66,71.59,71.65,531544.85,531544.85,38331090.716,1
2026-06-29T13:00:00+08:00,1782709200000,71.65,72.31,70.96,72.28,793765.02,793765.02,56721248.4667,1
2026-06-29T14:00:00+08:00,1782712800000,72.28,73.09,72.17,72.35,820738.21,820738.21,59522965.2617,1
2026-06-29T15:00:00+08:00,1782716400000,72.35,72.89,72.03,72.67,423004.97,423004.97,30637549.012,1
2026-06-29T16:00:00+08:00,1782720000000,72.67,72.97,72.33,72.67,531162.08,531162.08,38603703.3327,1
2026-06-29T17:00:00+08:00,1782723600000,72.67,73.13,72.55,72.88,431757.89,431757.89,31429678.8581,1
2026-06-29T18:00:00+08:00,1782727200000,72.89,73.63,72.89,73.18,647275.72,647275.72,47429326.3972,1
2026-06-29T19:00:00+08:00,1782730800000,73.19,73.22,72.19,72.49,833045.85,833045.85,60502223.1659,1
2026-06-29T20:00:00+08:00,1782734400000,72.49,74.51,72.08,73.47,1952308.51,1952308.51,143583309.8659,1
2026-06-29T21:00:00+08:00,1782738000000,73.47,74.3,72.73,73.69,1757311.01,1757311.01,129073242.4465,1
2026-06-29T22:00:00+08:00,1782741600000,73.69,73.96,72.28,73.7,1650916.47,1650916.47,120636422.4163,1
2026-06-29T23:00:00+08:00,1782745200000,73.71,74.41,72.75,73.87,1239414.4,1239414.4,91420329.6417,1
2026-06-30T00:00:00+08:00,1782748800000,73.87,74.14,72.86,74,1187388.97,1187388.97,87391000.1314,1
2026-06-30T01:00:00+08:00,1782752400000,74,76.45,73.97,75.27,2409067.46,2409067.46,181728683.5669,1
2026-06-30T02:00:00+08:00,1782756000000,75.27,75.8,75.1,75.57,499317.85,499317.85,37680030.5491,1
2026-06-30T03:00:00+08:00,1782759600000,75.56,76.2,75.38,75.94,476180.16,476180.16,36114215.0702,1
2026-06-30T04:00:00+08:00,1782763200000,75.94,75.97,75.23,75.34,294944.63,294944.63,22277023.8544,1
2026-06-30T05:00:00+08:00,1782766800000,75.33,75.75,75.19,75.49,219517.01,219517.01,16569391.6951,1
2026-06-30T06:00:00+08:00,1782770400000,75.48,75.62,75.03,75.24,257731.97,257731.97,19411431.2163,1
2026-06-30T07:00:00+08:00,1782774000000,75.24,75.4,74.86,75.13,272710.53,272710.53,20477016.7359,1
2026-06-30T08:00:00+08:00,1782777600000,75.12,75.19,74.07,74.37,751211.8,751211.8,55947236.4388,1
2026-06-30T09:00:00+08:00,1782781200000,74.38,74.63,74.02,74.38,479107.67,479107.67,35619014.623,1
2026-06-30T10:00:00+08:00,1782784800000,74.38,74.8,73.98,74.56,280609.16,280609.16,20864772.8408,1
2026-06-30T11:00:00+08:00,1782788400000,74.56,74.85,74.09,74.14,281092.11,281092.11,20938856.6762,1
2026-06-30T12:00:00+08:00,1782792000000,74.15,74.22,73.65,74,697648.81,697648.81,51592912.1351,1
2026-06-30T13:00:00+08:00,1782795600000,74.01,74.2,73.81,74.2,211832.55,211832.55,15680116.2193,1
2026-06-30T14:00:00+08:00,1782799200000,74.19,74.23,73.85,74.12,197057.71,197057.71,14590772.6434,1
2026-06-30T15:00:00+08:00,1782802800000,74.12,74.2,73.81,74.12,363887.9,363887.9,26939136.9842,1
2026-06-30T16:00:00+08:00,1782806400000,74.11,74.18,73.27,73.58,791618.66,791618.66,58228325.597,1
2026-06-30T17:00:00+08:00,1782810000000,73.59,73.84,73.49,73.76,325905.15,325905.15,24011410.1915,1
2026-06-30T18:00:00+08:00,1782813600000,73.76,73.86,73.44,73.65,187019.2,187019.2,13772205.6372,1
2026-06-30T19:00:00+08:00,1782817200000,73.65,73.74,73.28,73.35,338884.84,338884.84,24893080.0967,1
2026-06-30T20:00:00+08:00,1782820800000,73.35,73.38,72.01,72.05,958564.46,958564.46,69608438.9247,1
2026-06-30T21:00:00+08:00,1782824400000,72.05,72.9,71.86,72.84,1294726.9,1294726.9,93690359.8479,1
2026-06-30T22:00:00+08:00,1782828000000,72.84,73.88,72.69,72.91,1088420.95,1088420.95,79817240.7467,1
2026-06-30T23:00:00+08:00,1782831600000,72.92,74.18,72.54,73.1,1247552.56,1247552.56,91410477.4328,1
2026-07-01T00:00:00+08:00,1782835200000,73.1,73.74,72.69,73.48,816285.89,816285.89,59737918.3058,1
2026-07-01T01:00:00+08:00,1782838800000,73.48,73.89,73.13,73.15,366584.42,366584.42,26950893.9317,1
2026-07-01T02:00:00+08:00,1782842400000,73.16,73.77,72.91,73.55,393722.3,393722.3,28865144.1082,1
2026-07-01T03:00:00+08:00,1782846000000,73.55,73.95,73.31,73.71,340704.09,340704.09,25088546.7824,1
2026-07-01T04:00:00+08:00,1782849600000,73.7,73.91,73.49,73.66,216021.72,216021.72,15924469.9232,1
2026-07-01T05:00:00+08:00,1782853200000,73.65,73.76,73.16,73.46,200517.83,200517.83,14711046.214,1
2026-07-01T06:00:00+08:00,1782856800000,73.47,73.72,73.23,73.39,159887.29,159887.29,11741288.6443,1
2026-07-01T07:00:00+08:00,1782860400000,73.39,73.67,73.28,73.63,95220.18,95220.18,6998381.6913,1
2026-07-01T08:00:00+08:00,1782864000000,73.63,73.87,73.32,73.6,276359.24,276359.24,20341268.0563,1
2026-07-01T09:00:00+08:00,1782867600000,73.6,74.33,72.19,73.9,1429374.73,1429374.73,104740907.3702,1
2026-07-01T10:00:00+08:00,1782871200000,73.9,74.98,73.73,74.73,865289.84,865289.84,64507960.6009,1
2026-07-01T11:00:00+08:00,1782874800000,74.74,75.65,74.31,75.44,870847.39,870847.39,65350936.1768,1
2026-07-01T12:00:00+08:00,1782878400000,75.44,75.83,75.19,75.51,615065.9,615065.9,46432880.1679,1
2026-07-01T13:00:00+08:00,1782882000000,75.51,75.75,75.1,75.21,452833.05,452833.05,34111054.2479,1
2026-07-01T14:00:00+08:00,1782885600000,75.21,75.23,73.91,74.28,966696.1,966696.1,71981922.2302,1
2026-07-01T15:00:00+08:00,1782889200000,74.29,74.93,74.06,74.84,559358.58,559358.58,41704889.4242,1
2026-07-01T16:00:00+08:00,1782892800000,74.84,75.49,74.42,75.41,595321.98,595321.98,44585269.9202,1
2026-07-01T17:00:00+08:00,1782896400000,75.42,75.55,75.03,75.43,541895.51,541895.51,40772157.1024,1
2026-07-01T18:00:00+08:00,1782900000000,75.42,75.53,74.93,74.94,465498.7,465498.7,35030893.7151,1
2026-07-01T19:00:00+08:00,1782903600000,74.95,75.29,74.59,74.79,511059.86,511059.86,38267208.5899,1
2026-07-01T20:00:00+08:00,1782907200000,74.79,74.93,74.22,74.56,607733.21,607733.21,45279086.074,1
2026-07-01T21:00:00+08:00,1782910800000,74.57,76.16,74.56,76,1793785.64,1793785.64,135133037.4376,1
2026-07-01T22:00:00+08:00,1782914400000,75.99,77.23,75.6,76.92,1801168.17,1801168.17,137968841.9988,1
2026-07-01T23:00:00+08:00,1782918000000,76.92,77.76,76.78,77.39,1317009.17,1317009.17,101782213.7435,1
2026-07-02T00:00:00+08:00,1782921600000,77.39,78.23,76.83,77.13,1179344.46,1179344.46,91410916.8023,1
2026-07-02T01:00:00+08:00,1782925200000,77.12,77.91,76.79,77.72,639524.87,639524.87,49562584.5136,1
2026-07-02T02:00:00+08:00,1782928800000,77.72,77.88,77.25,77.38,418295.39,418295.39,32450537.2606,1
2026-07-02T03:00:00+08:00,1782932400000,77.37,77.64,76.76,76.97,380978.89,380978.89,29405761.4481,1
2026-07-02T04:00:00+08:00,1782936000000,76.96,77.47,76.56,77.38,559599.77,559599.77,43057040.4513,1
2026-07-02T05:00:00+08:00,1782939600000,77.38,78.65,77.38,78.36,799827.59,799827.59,62472919.0075,1
2026-07-02T06:00:00+08:00,1782943200000,78.35,78.92,77.72,77.82,732887.7,732887.7,57420530.5862,1
2026-07-02T07:00:00+08:00,1782946800000,77.82,77.84,77.21,77.41,599594.22,599594.22,46489783.1758,1
2026-07-02T08:00:00+08:00,1782950400000,77.42,77.43,76.86,77.23,511479.36,511479.36,39471840.5519,1
2026-07-02T09:00:00+08:00,1782954000000,77.23,78.67,77.18,78.15,629033.13,629033.13,49066972.2797,1
2026-07-02T10:00:00+08:00,1782957600000,78.15,78.56,77.76,78.39,373409.21,373409.21,29199129.6033,1
2026-07-02T11:00:00+08:00,1782961200000,78.39,78.94,77.9,78.67,862508.69,862508.69,67640811.1475,1
2026-07-02T12:00:00+08:00,1782964800000,78.66,78.68,78,78.24,427256.8,427256.8,33454325.2648,1
2026-07-02T13:00:00+08:00,1782968400000,78.23,78.31,77.73,78.07,335030,335030,26123138.964,1
2026-07-02T14:00:00+08:00,1782972000000,78.07,78.6,77.71,77.87,630741.6,630741.6,49267029.8586,1
2026-07-02T15:00:00+08:00,1782975600000,77.86,78.16,77.54,77.96,447868.17,447868.17,34851359.9857,1
2026-07-02T16:00:00+08:00,1782979200000,77.96,78.46,77.9,78.43,409273.97,409273.97,32014849.1603,1
2026-07-02T17:00:00+08:00,1782982800000,78.44,79.75,78.25,79.42,1493078.72,1493078.72,118215142.2037,1
2026-07-02T18:00:00+08:00,1782986400000,79.43,82.17,79.36,82.04,2811759.09,2811759.09,227146175.8985,1
2026-07-02T19:00:00+08:00,1782990000000,82.04,82.8,81.47,82.34,2210346.21,2210346.21,181791920.0293,1
2026-07-02T20:00:00+08:00,1782993600000,82.33,82.41,81.08,81.36,1746835.56,1746835.56,142708246.3344,1
2026-07-02T21:00:00+08:00,1782997200000,81.35,81.96,80.63,81.48,1624839.42,1624839.42,132311625.3197,1
2026-07-02T22:00:00+08:00,1783000800000,81.49,81.51,80.09,80.5,1423896.14,1423896.14,114912500.3818,1
2026-07-02T23:00:00+08:00,1783004400000,80.51,80.88,80.04,80.82,583636.69,583636.69,46997380.5056,1
2026-07-03T00:00:00+08:00,1783008000000,80.83,81.07,80.11,80.51,799930.98,799930.98,64449348.7749,1
2026-07-03T01:00:00+08:00,1783011600000,80.51,81.22,80.46,80.59,553870.63,553870.63,44772033.8507,1
2026-07-03T02:00:00+08:00,1783015200000,80.59,81.22,80.59,80.97,342971.16,342971.16,27765900.6663,1
2026-07-03T03:00:00+08:00,1783018800000,80.98,81.27,80.72,80.78,321498.26,321498.26,26026362.9783,1
2026-07-03T04:00:00+08:00,1783022400000,80.78,81.1,80.54,80.98,324883.15,324883.15,26231540.1971,1
2026-07-03T05:00:00+08:00,1783026000000,80.97,81.14,80.41,80.75,191768.27,191768.27,15499430.1438,1
2026-07-03T06:00:00+08:00,1783029600000,80.75,80.86,80.37,80.62,208888.97,208888.97,16833581.3931,1
2026-07-03T07:00:00+08:00,1783033200000,80.62,80.73,80.45,80.68,147293.08,147293.08,11872540.7592,1
2026-07-03T08:00:00+08:00,1783036800000,80.68,80.89,80.48,80.71,345365.32,345365.32,27876540.1689,1
2026-07-03T09:00:00+08:00,1783040400000,80.71,81.67,80.66,81.44,499419.55,499419.55,40597099.3943,1
2026-07-03T10:00:00+08:00,1783044000000,81.45,81.64,80.61,80.77,422252.5,422252.5,34234632.2141,1
2026-07-03T11:00:00+08:00,1783047600000,80.76,80.94,80.25,80.67,424481.05,424481.05,34219008.8573,1
2026-07-03T12:00:00+08:00,1783051200000,80.68,80.77,80.44,80.47,173582.49,173582.49,13987827.111,1
2026-07-03T13:00:00+08:00,1783054800000,80.47,81.22,80.43,81.1,320230.86,320230.86,25903603.0711,1
2026-07-03T14:00:00+08:00,1783058400000,81.1,81.35,80.68,80.91,386320.06,386320.06,31300069.0392,1
2026-07-03T15:00:00+08:00,1783062000000,80.91,81.48,80.76,81.18,262942.42,262942.42,21337456.7954,1
2026-07-03T16:00:00+08:00,1783065600000,81.19,81.52,80.79,80.87,689110.54,689110.54,55900069.5506,1
2026-07-03T17:00:00+08:00,1783069200000,80.87,81.26,80.62,80.97,332715.09,332715.09,26927116.0673,1
2026-07-03T18:00:00+08:00,1783072800000,80.98,81.85,80.83,81.51,861786.73,861786.73,70094170.7257,1
2026-07-03T19:00:00+08:00,1783076400000,81.52,81.68,81.2,81.51,404513.8,404513.8,32959173.8451,1
2026-07-03T20:00:00+08:00,1783080000000,81.51,81.76,81.15,81.49,367075.27,367075.27,29892907.1102,1
2026-07-03T21:00:00+08:00,1783083600000,81.5,81.86,81.38,81.54,400417.28,400417.28,32667508.1009,1
2026-07-03T22:00:00+08:00,1783087200000,81.55,81.77,80.86,81.64,563036.43,563036.43,45750903.7813,1
2026-07-03T23:00:00+08:00,1783090800000,81.65,82.11,81.1,81.16,562359.69,562359.69,45839115.1637,1
2026-07-04T00:00:00+08:00,1783094400000,81.17,81.55,81.02,81.51,430221.76,430221.76,34987767.391,1
2026-07-04T01:00:00+08:00,1783098000000,81.5,81.99,81.43,81.75,420065.77,420065.77,34336294.9253,1
2026-07-04T02:00:00+08:00,1783101600000,81.76,82.4,81.6,82.08,361899.68,361899.68,29663675.0863,1
2026-07-04T03:00:00+08:00,1783105200000,82.09,83.23,82.04,82.44,824218.79,824218.79,68119176.7036,1
2026-07-04T04:00:00+08:00,1783108800000,82.45,82.98,82.19,82.67,657641.72,657641.72,54316510.1191,1
2026-07-04T05:00:00+08:00,1783112400000,82.67,83.02,82.13,82.62,414594.5,414594.5,34239631.6389,1
2026-07-04T06:00:00+08:00,1783116000000,82.63,82.65,82.21,82.31,212019.25,212019.25,17465377.5663,1
2026-07-04T07:00:00+08:00,1783119600000,82.31,82.47,82.13,82.3,148049.43,148049.43,12183788.3216,1
2026-07-04T08:00:00+08:00,1783123200000,82.3,82.7,82.22,82.37,232248.17,232248.17,19161547.1131,1
2026-07-04T09:00:00+08:00,1783126800000,82.36,82.37,81.77,81.92,325830.05,325830.05,26710393.1253,1
2026-07-04T10:00:00+08:00,1783130400000,81.91,82.37,81.85,82.14,188292.65,188292.65,15451221.3628,1
2026-07-04T11:00:00+08:00,1783134000000,82.15,82.83,82,82.68,362542.24,362542.24,29897635.2453,1
2026-07-04T12:00:00+08:00,1783137600000,82.68,83.95,82.62,83.45,1091436.15,1091436.15,91075463.2739,1
2026-07-04T13:00:00+08:00,1783141200000,83.45,83.45,82.85,83.33,485754.34,485754.34,40414239.6442,1
2026-07-04T14:00:00+08:00,1783144800000,83.33,83.55,82.46,82.53,556546.65,556546.65,46121295.0438,1
2026-07-04T15:00:00+08:00,1783148400000,82.52,82.8,82.17,82.67,361082.57,361082.57,29770599.7667,1
2026-07-04T16:00:00+08:00,1783152000000,82.67,82.74,82.22,82.28,259559.46,259559.46,21409391.1542,1
2026-07-04T17:00:00+08:00,1783155600000,82.28,82.3,81.56,81.7,811997.82,811997.82,66498512.0173,1
2026-07-04T18:00:00+08:00,1783159200000,81.7,81.9,81.37,81.61,310127.61,310127.61,25316342.1467,1
2026-07-04T19:00:00+08:00,1783162800000,81.61,81.88,81.49,81.78,224435.34,224435.34,18340528.9592,1
2026-07-04T20:00:00+08:00,1783166400000,81.78,81.96,81.25,81.57,438647.17,438647.17,35784765.0259,1
2026-07-04T21:00:00+08:00,1783170000000,81.56,81.88,81.35,81.61,288712.74,288712.74,23549672.1392,1
2026-07-04T22:00:00+08:00,1783173600000,81.61,81.83,81.5,81.76,244163.55,244163.55,19945638.2973,1
2026-07-04T23:00:00+08:00,1783177200000,81.75,82.42,81.68,82.19,683494.68,683494.68,56132646.8235,1
2026-07-05T00:00:00+08:00,1783180800000,82.19,82.35,81.94,82.18,325881.09,325881.09,26772878.3937,1
2026-07-05T01:00:00+08:00,1783184400000,82.19,82.79,81.84,82.49,481775.5,481775.5,39679565.7017,1
2026-07-05T02:00:00+08:00,1783188000000,82.48,82.59,82.04,82.21,263362.26,263362.26,21671371.7181,1
2026-07-05T03:00:00+08:00,1783191600000,82.21,82.3,81.65,81.83,219673.11,219673.11,17982351.047,1
2026-07-05T04:00:00+08:00,1783195200000,81.82,82.11,81.53,81.92,193611.93,193611.93,15836228.3207,1
2026-07-05T05:00:00+08:00,1783198800000,81.93,82.18,81.79,81.95,108989.33,108989.33,8935420.2998,1
2026-07-05T06:00:00+08:00,1783202400000,81.95,82,81.74,81.9,85449.69,85449.69,6993149.7282,1
2026-07-05T07:00:00+08:00,1783206000000,81.89,81.9,81.39,81.74,226394.94,226394.94,18484813.5894,1
2026-07-05T08:00:00+08:00,1783209600000,81.74,81.77,81.08,81.27,397869.32,397869.32,32361186.1946,1
2026-07-05T09:00:00+08:00,1783213200000,81.28,81.43,80.46,80.81,743023.9,743023.9,60080272.6583,1
2026-07-05T10:00:00+08:00,1783216800000,80.81,80.86,80.17,80.34,521721.27,521721.27,41974839.0646,1
2026-07-05T11:00:00+08:00,1783220400000,80.34,80.58,80.32,80.53,268016.34,268016.34,21566153.2972,1
2026-07-05T12:00:00+08:00,1783224000000,80.53,80.87,80.36,80.54,408500.08,408500.08,32942878.4249,1
2026-07-05T13:00:00+08:00,1783227600000,80.54,80.54,80.2,80.43,222322.42,222322.42,17874803.7766,1
2026-07-05T14:00:00+08:00,1783231200000,80.44,80.61,80.29,80.55,148953.54,148953.54,11985434.9993,1
2026-07-05T15:00:00+08:00,1783234800000,80.55,80.8,80.32,80.66,308499.58,308499.58,24844623.3774,1
2026-07-05T16:00:00+08:00,1783238400000,80.67,80.82,80.4,80.44,209435.99,209435.99,16872978.7404,1
2026-07-05T17:00:00+08:00,1783242000000,80.45,80.5,79.63,79.86,735855.77,735855.77,58847821.0383,1
2026-07-05T18:00:00+08:00,1783245600000,79.86,80.43,79.7,80.39,417775.71,417775.71,33470283.174,1
2026-07-05T19:00:00+08:00,1783249200000,80.4,80.62,80.3,80.52,274710.91,274710.91,22110603.7979,1
2026-07-05T20:00:00+08:00,1783252800000,80.53,81.24,80.31,80.71,607776.46,607776.46,49135443.0279,1
2026-07-05T21:00:00+08:00,1783256400000,80.72,81.19,80.63,81.19,299773.88,299773.88,24262167.3267,1
2026-07-05T22:00:00+08:00,1783260000000,81.19,81.57,80.97,81.41,350599.25,350599.25,28487391.9953,1
2026-07-05T23:00:00+08:00,1783263600000,81.41,81.72,81.07,81.31,359814.49,359814.49,29276189.0912,1
2026-07-06T00:00:00+08:00,1783267200000,81.31,81.48,80.86,81.05,308182.31,308182.31,25004187.664,1
2026-07-06T01:00:00+08:00,1783270800000,81.04,81.34,80.97,81.09,157447.51,157447.51,12774442.591,1
2026-07-06T02:00:00+08:00,1783274400000,81.1,81.23,80.95,80.96,96338.27,96338.27,7815715.4828,1
2026-07-06T03:00:00+08:00,1783278000000,80.96,81.09,80.73,80.99,176464.89,176464.89,14278924.8586,1
2026-07-06T04:00:00+08:00,1783281600000,81,81.13,80.91,81.03,83700.26,83700.26,6779602.4922,1
2026-07-06T05:00:00+08:00,1783285200000,81.04,82.25,80.74,81.74,521905.4,521905.4,42564575.5662,1
2026-07-06T06:00:00+08:00,1783288800000,81.74,82.4,81.6,81.78,713461.61,713461.61,58493804.0434,1
2026-07-06T07:00:00+08:00,1783292400000,81.79,82.04,81.4,81.55,356515.83,356515.83,29117678.9484,1
2026-07-06T08:00:00+08:00,1783296000000,81.55,82.23,81.07,82.19,686962.15,686962.15,56113821.1649,1
2026-07-06T09:00:00+08:00,1783299600000,82.18,82.32,81.44,81.5,468151.11,468151.11,38329891.4046,1
2026-07-06T10:00:00+08:00,1783303200000,81.51,81.66,80.8,80.99,515063.56,515063.56,41859424.0734,1
2026-07-06T11:00:00+08:00,1783306800000,80.98,81.03,80.4,80.77,600362.16,600362.16,48431740.8021,1
2026-07-06T12:00:00+08:00,1783310400000,80.77,80.97,80.66,80.78,249013.11,249013.11,20127494.1002,1
2026-07-06T13:00:00+08:00,1783314000000,80.78,80.79,80.11,80.37,464078.85,464078.85,37308860.5892,1
2026-07-06T14:00:00+08:00,1783317600000,80.37,80.49,80.21,80.32,221476.18,221476.18,17792336.3995,1
2026-07-06T15:00:00+08:00,1783321200000,80.31,81,80.23,80.79,432160.31,432160.31,34848453.6994,1
2026-07-06T16:00:00+08:00,1783324800000,80.79,81.05,80.25,80.46,359723.98,359723.98,28994779.198,1
2026-07-06T17:00:00+08:00,1783328400000,80.45,80.46,80.02,80.05,324046.39,324046.39,25999498.8241,1
2026-07-06T18:00:00+08:00,1783332000000,80.05,80.68,80.02,80.62,377767.82,377767.82,30375897.7251,1
2026-07-06T19:00:00+08:00,1783335600000,80.63,80.96,80.31,80.33,406250.13,406250.13,32781370.5321,1
2026-07-06T20:00:00+08:00,1783339200000,80.33,80.63,79.22,79.41,2181987.43,2181987.43,174446100.482,1
2026-07-06T21:00:00+08:00,1783342800000,79.41,80.89,79.17,80.11,1423380.28,1423380.28,113724337.2259,1
2026-07-06T22:00:00+08:00,1783346400000,80.11,80.74,79.81,80.26,810993.59,810993.59,65061905.3919,1
2026-07-06T23:00:00+08:00,1783350000000,80.26,81.49,80.24,81.45,1000435.83,1000435.83,80947018.8123,1
2026-07-07T00:00:00+08:00,1783353600000,81.45,82.4,81.23,82.06,1121090.84,1121090.84,91779934.8233,1
2026-07-07T01:00:00+08:00,1783357200000,82.07,82.14,81.4,81.6,461354.72,461354.72,37744070.5343,1
2026-07-07T02:00:00+08:00,1783360800000,81.6,82.26,81.26,81.94,381603.02,381603.02,31206095.5679,1
2026-07-07T03:00:00+08:00,1783364400000,81.95,82.13,81.76,82.02,181391.61,181391.61,14863394.5913,1
2026-07-07T04:00:00+08:00,1783368000000,82.02,82.21,81.63,82.05,151731.31,151731.31,12423848.6121,1
2026-07-07T05:00:00+08:00,1783371600000,82.04,83.74,82,82.78,959922.69,959922.69,79593311.675,1
2026-07-07T06:00:00+08:00,1783375200000,82.79,82.85,82.21,82.29,185861.4,185861.4,15327494.3121,1
2026-07-07T07:00:00+08:00,1783378800000,82.29,82.38,81.85,81.9,227191.14,227191.14,18641296.4378,1
2026-07-07T08:00:00+08:00,1783382400000,81.9,82.45,81.77,82.3,386054.13,386054.13,31719392.776,1
2026-07-07T09:00:00+08:00,1783386000000,82.31,82.32,81.76,81.86,336724.76,336724.76,27597869.8858,1
2026-07-07T10:00:00+08:00,1783389600000,81.86,81.95,81.19,81.3,436876.36,436876.36,35600763.5048,1
2026-07-07T11:00:00+08:00,1783393200000,81.3,81.43,80.84,81,393539.25,393539.25,31927444.6613,1
2026-07-07T12:00:00+08:00,1783396800000,81,81.05,80.6,80.86,340860.53,340860.53,27551124.7423,1
2026-07-07T13:00:00+08:00,1783400400000,80.86,81.21,80.41,81.06,469273.62,469273.62,37932992.919,1
2026-07-07T14:00:00+08:00,1783404000000,81.05,81.62,80.76,81.51,379480.44,379480.44,30824359.9733,1
2026-07-07T15:00:00+08:00,1783407600000,81.5,81.7,81.28,81.45,348304.41,348304.41,28400213.4684,1
2026-07-07T16:00:00+08:00,1783411200000,81.45,81.55,81.11,81.22,448495.79,448495.79,36480604.256,1
2026-07-07T17:00:00+08:00,1783414800000,81.23,81.45,81.08,81.27,351193.45,351193.45,28540024.2793,1
2026-07-07T18:00:00+08:00,1783418400000,81.27,81.54,80.8,80.95,423476.64,423476.64,34374634.3751,1
2026-07-07T19:00:00+08:00,1783422000000,80.95,81.36,80.62,81.27,312344.08,312344.08,25288858.8222,1
2026-07-07T20:00:00+08:00,1783425600000,81.28,81.95,81.25,81.4,537259.15,537259.15,43864165.1266,1
2026-07-07T21:00:00+08:00,1783429200000,81.39,81.57,80.6,80.79,724577.45,724577.45,58705538.2743,1
2026-07-07T22:00:00+08:00,1783432800000,80.78,81.88,80.43,81.75,825494.9,825494.9,66932265.0867,1
2026-07-07T23:00:00+08:00,1783436400000,81.75,82.32,81.45,82.06,688993.99,688993.99,56444405.519,1
2026-07-08T00:00:00+08:00,1783440000000,82.07,82.53,81.77,82.16,452428.37,452428.37,37166897.4016,1
2026-07-08T01:00:00+08:00,1783443600000,82.16,82.75,82.03,82.67,376925.47,376925.47,31055336.9247,1
2026-07-08T02:00:00+08:00,1783447200000,82.67,82.67,81.2,81.25,575157,575157,47080044.5329,1
2026-07-08T03:00:00+08:00,1783450800000,81.25,81.53,80.72,81.33,475235.53,475235.53,38546972.6352,1
2026-07-08T04:00:00+08:00,1783454400000,81.33,81.45,80.97,81.13,209888,209888,17055310.5029,1
2026-07-08T05:00:00+08:00,1783458000000,81.12,81.38,80.5,80.78,250750.76,250750.76,20262890.5097,1
2026-07-08T06:00:00+08:00,1783461600000,80.77,81.03,80.27,80.81,349262.91,349262.91,28154008.6514,1
2026-07-08T07:00:00+08:00,1783465200000,80.8,81.09,80.45,80.52,159494.87,159494.87,12885508.5513,1
2026-07-08T08:00:00+08:00,1783468800000,80.52,80.74,80.31,80.34,396972.54,396972.54,31965302.7116,1
2026-07-08T09:00:00+08:00,1783472400000,80.35,80.39,78.78,79.04,1037027.23,1037027.23,82447747.3824,1
2026-07-08T10:00:00+08:00,1783476000000,79.05,79.14,78.17,79.02,802496.01,802496.01,63182632.9283,1
2026-07-08T11:00:00+08:00,1783479600000,79.03,79.31,78.57,78.68,327011.91,327011.91,25827778.8057,1
2026-07-08T12:00:00+08:00,1783483200000,78.69,78.89,78.34,78.61,253717.56,253717.56,19950690.7445,1
2026-07-08T13:00:00+08:00,1783486800000,78.6,78.78,78.3,78.39,309417.76,309417.76,24292633.1345,1
2026-07-08T14:00:00+08:00,1783490400000,78.39,78.41,77.89,78.16,586250.97,586250.97,45828894.2905,1
2026-07-08T15:00:00+08:00,1783494000000,78.17,78.31,77.76,78.26,521678.07,521678.07,40709513.6653,1
2026-07-08T16:00:00+08:00,1783497600000,78.26,78.4,76.84,77.23,1517658.66,1517658.66,117562429.3548,1
2026-07-08T17:00:00+08:00,1783501200000,77.23,77.53,76.97,77.15,499121.13,499121.13,38553421.8685,1
2026-07-08T18:00:00+08:00,1783504800000,77.16,77.46,76.85,77.29,273235.67,273235.67,21088365.2436,1
2026-07-08T19:00:00+08:00,1783508400000,77.28,77.69,77.05,77.51,492708.28,492708.28,38121605.0951,1
2026-07-08T20:00:00+08:00,1783512000000,77.5,77.61,76.91,76.98,400183.46,400183.46,30927074.989,1
2026-07-08T21:00:00+08:00,1783515600000,76.98,77.43,76.57,77.26,1016960.11,1016960.11,78299353.3382,1
2026-07-08T22:00:00+08:00,1783519200000,77.26,77.38,76.65,77.07,649891.74,649891.74,50064500.8375,1
2026-07-08T23:00:00+08:00,1783522800000,77.07,77.11,76.07,76.71,903077.26,903077.26,69107696.8137,1
2026-07-09T00:00:00+08:00,1783526400000,76.71,77.33,76.71,77.25,500337.91,500337.91,38543503.1153,1
2026-07-09T01:00:00+08:00,1783530000000,77.25,77.63,77,77.1,339929.02,339929.02,26281560.9123,1
2026-07-09T02:00:00+08:00,1783533600000,77.09,77.33,76.76,77.1,220788.88,220788.88,17008498.3638,1
2026-07-09T03:00:00+08:00,1783537200000,77.1,77.46,76.9,77.38,201431.17,201431.17,15546633.1237,1
2026-07-09T04:00:00+08:00,1783540800000,77.38,77.52,77.01,77.13,167047.56,167047.56,12907295.6853,1
2026-07-09T05:00:00+08:00,1783544400000,77.13,77.29,76.84,77.21,156130.44,156130.44,12035534.0682,1
2026-07-09T06:00:00+08:00,1783548000000,77.2,77.54,77.13,77.5,141789.92,141789.92,10966493.4744,1
2026-07-09T07:00:00+08:00,1783551600000,77.5,77.9,77.38,77.78,213998.45,213998.45,16607833.5177,1
2026-07-09T08:00:00+08:00,1783555200000,77.77,77.85,77.46,77.66,313765.91,313765.91,24357880.2148,1
2026-07-09T09:00:00+08:00,1783558800000,77.67,78.76,77.08,77.28,1081186.76,1081186.76,84152592.6044,1
2026-07-09T10:00:00+08:00,1783562400000,77.29,77.79,76.92,77.01,525673.61,525673.61,40648083.724,1
2026-07-09T11:00:00+08:00,1783566000000,77.02,77.37,76.65,77.34,300061.23,300061.23,23110861.8425,1
2026-07-09T12:00:00+08:00,1783569600000,77.33,78,77.18,77.94,268044.08,268044.08,20798084.3365,1
2026-07-09T13:00:00+08:00,1783573200000,77.94,78.36,77.69,78.35,430876.25,430876.25,33616230.5864,1
2026-07-09T14:00:00+08:00,1783576800000,78.35,78.57,78.06,78.44,325701.72,325701.72,25514882.2791,1
2026-07-09T15:00:00+08:00,1783580400000,78.43,78.79,78.09,78.16,400532.12,400532.12,31385138.2835,1
2026-07-09T16:00:00+08:00,1783584000000,78.17,78.37,77.87,78.07,287768.65,287768.65,22474135.8775,1
2026-07-09T17:00:00+08:00,1783587600000,78.06,78.15,77.81,78.08,222782.58,222782.58,17368978.5055,1
2026-07-09T18:00:00+08:00,1783591200000,78.09,78.16,77.44,77.65,357280.35,357280.35,27808378.1496,1
2026-07-09T19:00:00+08:00,1783594800000,77.65,77.73,77.27,77.57,293877.06,293877.06,22768986.1552,1
2026-07-09T20:00:00+08:00,1783598400000,77.57,78.18,77.31,77.6,834788.11,834788.11,64883510.9699,1
2026-07-09T21:00:00+08:00,1783602000000,77.59,78.46,77.27,78.18,533383.22,533383.22,41532790.3141,1
2026-07-09T22:00:00+08:00,1783605600000,78.17,78.33,77.52,77.84,333420.82,333420.82,25957132.7244,1
2026-07-09T23:00:00+08:00,1783609200000,77.84,78.15,77.46,77.57,309383.12,309383.12,24059696.204,1
2026-07-10T00:00:00+08:00,1783612800000,77.58,77.78,77.21,77.65,350500.92,350500.92,27167724.1169,1
2026-07-10T01:00:00+08:00,1783616400000,77.65,78.12,77.59,78.03,249300.99,249300.99,19422045.9446,1
2026-07-10T02:00:00+08:00,1783620000000,78.03,78.41,77.96,78.16,285920.39,285920.39,22352820.7732,1
2026-07-10T03:00:00+08:00,1783623600000,78.16,78.27,77.86,78.12,116096.48,116096.48,9064710.7634,1
2026-07-10T04:00:00+08:00,1783627200000,78.12,78.27,77.94,78.1,92080.64,92080.64,7188435.8286,1
2026-07-10T05:00:00+08:00,1783630800000,78.11,78.25,77.84,78.01,71625.97,71625.97,5589814.4601,1
2026-07-10T06:00:00+08:00,1783634400000,78,78.24,77.94,78.06,93305.82,93305.82,7287435.6593,1
2026-07-10T07:00:00+08:00,1783638000000,78.06,78.16,77.72,78,110237.11,110237.11,8592444.6294,1
2026-07-10T08:00:00+08:00,1783641600000,78,78.11,77.75,78.07,214748.67,214748.67,16732106.1647,1
2026-07-10T09:00:00+08:00,1783645200000,78.08,79.42,77.89,79.02,874792.25,874792.25,68969572.888,1
2026-07-10T10:00:00+08:00,1783648800000,79.03,79.12,78.79,79,367860.31,367860.31,29034450.852,1
2026-07-10T11:00:00+08:00,1783652400000,79,79.08,78.68,79.01,285351.28,285351.28,22502343.5725,1
2026-07-10T12:00:00+08:00,1783656000000,79.02,79.07,78.79,78.92,241747.58,241747.58,19089778.5086,1
2026-07-10T13:00:00+08:00,1783659600000,78.93,79.33,78.82,79.14,272370.34,272370.34,21534867.4234,1
2026-07-10T14:00:00+08:00,1783663200000,79.13,79.19,78.82,78.86,180111.94,180111.94,14219315.0227,1
2026-07-10T15:00:00+08:00,1783666800000,78.87,79.04,78.7,78.82,158741.13,158741.13,12516110.3629,1
2026-07-10T16:00:00+08:00,1783670400000,78.83,79.38,78.75,79.16,502399.89,502399.89,39791317.3277,1
2026-07-10T17:00:00+08:00,1783674000000,79.15,79.34,78.89,79.17,414314.97,414314.97,32793133.5793,1
2026-07-10T18:00:00+08:00,1783677600000,79.18,79.64,79.09,79.34,422302.49,422302.49,33537487.9908,1
2026-07-10T19:00:00+08:00,1783681200000,79.35,79.52,79.14,79.33,349312.81,349312.81,27717630.8639,1
2026-07-10T20:00:00+08:00,1783684800000,79.33,79.52,78.86,78.87,369040.51,369040.51,29218272.9158,1
2026-07-10T21:00:00+08:00,1783688400000,78.86,79.3,78.71,78.93,384721.14,384721.14,30375600.73,1
2026-07-10T22:00:00+08:00,1783692000000,78.93,78.93,77.02,77.85,1884052.21,1884052.21,146655087.3545,1
2026-07-10T23:00:00+08:00,1783695600000,77.85,78.33,77.73,78.11,487210.11,487210.11,38040586.2755,1
2026-07-11T00:00:00+08:00,1783699200000,78.1,78.24,77.61,78.11,376159.63,376159.63,29323865.1542,1
2026-07-11T01:00:00+08:00,1783702800000,78.11,78.14,77.54,77.54,269212.11,269212.11,20933245.1522,1
2026-07-11T02:00:00+08:00,1783706400000,77.54,77.85,77.3,77.5,312093.88,312093.88,24200405.3777,1
2026-07-11T03:00:00+08:00,1783710000000,77.49,78.04,77.41,77.85,254018.99,254018.99,19763274.9999,1
2026-07-11T04:00:00+08:00,1783713600000,77.86,77.96,77.67,77.71,147652.3,147652.3,11487641.2364,1
2026-07-11T05:00:00+08:00,1783717200000,77.71,78.07,77.69,77.94,131691.56,131691.56,10260102.6037,1
2026-07-11T06:00:00+08:00,1783720800000,77.94,78.32,77.89,78.11,168290.83,168290.83,13143315.7091,1
2026-07-11T07:00:00+08:00,1783724400000,78.11,78.16,77.88,78.08,131615,131615,10269062.461,1
2026-07-11T08:00:00+08:00,1783728000000,78.08,78.08,77.74,77.79,125617.62,125617.62,9782683.1552,1
2026-07-11T09:00:00+08:00,1783731600000,77.79,78.02,77.41,77.49,214040.87,214040.87,16627031.94,1
2026-07-11T10:00:00+08:00,1783735200000,77.5,77.78,77.44,77.73,108627.02,108627.02,8432514.9227,1
2026-07-11T11:00:00+08:00,1783738800000,77.74,77.83,77.56,77.73,110283.82,110283.82,8570428.4663,1
2026-07-11T12:00:00+08:00,1783742400000,77.73,77.81,77.6,77.68,85563.24,85563.24,6647366.3104,1
2026-07-11T13:00:00+08:00,1783746000000,77.68,77.95,77.54,77.85,111883.74,111883.74,8702711.113,1
2026-07-11T14:00:00+08:00,1783749600000,77.86,78.07,77.73,78,157340.93,157340.93,12262491.4087,1
2026-07-11T15:00:00+08:00,1783753200000,77.99,78.05,77.88,77.92,97266.03,97266.03,7583560.7045,1
2026-07-11T16:00:00+08:00,1783756800000,77.92,78.17,77.89,78.12,135677.76,135677.76,10586903.4032,1
2026-07-11T17:00:00+08:00,1783760400000,78.12,78.3,77.77,77.79,269017.69,269017.69,20993001.0769,1
2026-07-11T18:00:00+08:00,1783764000000,77.79,78.05,77.62,78.02,241256.97,241256.97,18782714.0854,1
2026-07-11T19:00:00+08:00,1783767600000,78.02,78.09,77.93,78.05,97324.21,97324.21,7591846.4162,1
2026-07-11T20:00:00+08:00,1783771200000,78.06,78.18,77.89,78.03,117886.64,117886.64,9196927.6049,1
2026-07-11T21:00:00+08:00,1783774800000,78.04,78.41,77.98,78.13,168820.84,168820.84,13198440.3383,1
2026-07-11T22:00:00+08:00,1783778400000,78.13,78.7,78.11,78.45,353215.54,353215.54,27711465.9152,1
2026-07-11T23:00:00+08:00,1783782000000,78.45,78.86,77.89,78.33,772686.58,772686.58,60540845.9424,1
2026-07-12T00:00:00+08:00,1783785600000,78.33,78.36,77.59,77.9,553128.66,553128.66,43128757.0911,1
2026-07-12T01:00:00+08:00,1783789200000,77.91,78.17,77.79,78.05,172722.58,172722.58,13471408.5693,1
2026-07-12T02:00:00+08:00,1783792800000,78.05,78.3,77.97,78.04,163260.85,163260.85,12751936.544,1
2026-07-12T03:00:00+08:00,1783796400000,78.05,78.11,77.84,78.1,141182.12,141182.12,11010419.4668,1
2026-07-12T04:00:00+08:00,1783800000000,78.1,78.24,78.07,78.12,56579.01,56579.01,4421442.6013,1
2026-07-12T05:00:00+08:00,1783803600000,78.12,78.3,78.1,78.18,100126.41,100126.41,7830777.6856,1
2026-07-12T06:00:00+08:00,1783807200000,78.18,78.24,77.69,77.84,218681.98,218681.98,17032039.587,1
2026-07-12T07:00:00+08:00,1783810800000,77.84,77.88,76.71,76.71,846268.54,846268.54,65222660.9212,1
2026-07-12T08:00:00+08:00,1783814400000,76.71,76.82,75.58,76.05,1084613.19,1084613.19,82565107.7086,1
2026-07-12T09:00:00+08:00,1783818000000,76.05,76.83,75.98,76.78,536101.66,536101.66,41002315.8715,1
2026-07-12T10:00:00+08:00,1783821600000,76.78,76.86,76.58,76.79,243352.01,243352.01,18676262.8478,1
2026-07-12T11:00:00+08:00,1783825200000,76.79,77.04,76.66,76.99,259143.3,259143.3,19926951.4847,1
2026-07-12T12:00:00+08:00,1783828800000,76.99,77.02,76.56,76.67,255833.69,255833.69,19636604.1973,1
2026-07-12T13:00:00+08:00,1783832400000,76.67,76.77,76.34,76.4,253271.27,253271.27,19377808.2847,1
2026-07-12T14:00:00+08:00,1783836000000,76.39,76.39,75.8,76.31,523809.1,523809.1,39853126.3245,1
2026-07-12T15:00:00+08:00,1783839600000,76.32,76.67,76.27,76.47,318421.77,318421.77,24360635.7993,1
2026-07-12T16:00:00+08:00,1783843200000,76.46,76.8,76.42,76.66,226904.82,226904.82,17385438.7948,1
2026-07-12T17:00:00+08:00,1783846800000,76.67,76.87,76.34,76.71,282456.48,282456.48,21635234.8635,1
2026-07-12T18:00:00+08:00,1783850400000,76.72,76.82,76.61,76.67,118086.3,118086.3,9057577.76,1
2026-07-12T19:00:00+08:00,1783854000000,76.68,77.23,76.48,76.88,280717.38,280717.38,21588895.0692,1
2026-07-12T20:00:00+08:00,1783857600000,76.88,77.21,76.74,77.14,238049.37,238049.37,18329797.0491,1
2026-07-12T21:00:00+08:00,1783861200000,77.13,77.44,77.07,77.11,320981.96,320981.96,24797720.2542,1
2026-07-12T22:00:00+08:00,1783864800000,77.11,77.7,76.92,77.5,469616.89,469616.89,36296673.4035,1
2026-07-12T23:00:00+08:00,1783868400000,77.5,77.59,77.24,77.42,371695.66,371695.66,28768092.7736,1
2026-07-13T00:00:00+08:00,1783872000000,77.43,77.64,77.34,77.49,274184.45,274184.45,21246965.4201,1
2026-07-13T01:00:00+08:00,1783875600000,77.49,77.57,77.16,77.3,142541.17,142541.17,11028006.4856,1
2026-07-13T02:00:00+08:00,1783879200000,77.3,77.6,77.2,77.54,134214.37,134214.37,10388460.5515,1
2026-07-13T03:00:00+08:00,1783882800000,77.53,77.76,77.39,77.63,99490.58,99490.58,7717021.2868,1
2026-07-13T04:00:00+08:00,1783886400000,77.63,77.68,77.4,77.41,69217.81,69217.81,5363611.9896,1
2026-07-13T05:00:00+08:00,1783890000000,77.42,77.65,76.92,77.07,239559.37,239559.37,18498087.7428,1
2026-07-13T06:00:00+08:00,1783893600000,77.06,77.06,76.41,76.71,426876.12,426876.12,32729437.8501,1
2026-07-13T07:00:00+08:00,1783897200000,76.72,76.91,76.6,76.87,186318.24,186318.24,14298622.6303,1
2026-07-13T08:00:00+08:00,1783900800000,76.87,78.19,76.77,77.46,1086083.03,1086083.03,84263068.3052,1
2026-07-13T09:00:00+08:00,1783904400000,77.46,77.62,76.22,76.26,632833.24,632833.24,48654548.5576,1
2026-07-13T10:00:00+08:00,1783908000000,76.27,76.63,76.08,76.44,422321.95,422321.95,32259680.3793,1
2026-07-13T11:00:00+08:00,1783911600000,76.44,76.45,75.39,75.82,728787.4,728787.4,55234613.4059,1
2026-07-13T12:00:00+08:00,1783915200000,75.82,76.1,75.66,75.87,285103.94,285103.94,21643093.3531,1
2026-07-13T13:00:00+08:00,1783918800000,75.88,76.43,75.69,76.35,422830.86,422830.86,32210921.5135,1
2026-07-13T14:00:00+08:00,1783922400000,76.36,76.55,76.23,76.29,213728.86,213728.86,16325648.2208,1
2026-07-13T15:00:00+08:00,1783926000000,76.29,76.63,76.18,76.38,289165.78,289165.78,22101413.2243,1
2026-07-13T16:00:00+08:00,1783929600000,76.39,76.86,76.31,76.68,242729.1,242729.1,18590413.8703,1
2026-07-13T17:00:00+08:00,1783933200000,76.68,76.68,76.56,76.58,135441.5,135441.5,10378054.0042,1
2026-07-13T18:00:00+08:00,1783936800000,76.59,76.59,76.05,76.24,323367.18,323367.18,24664785.2596,1
2026-07-13T19:00:00+08:00,1783940400000,76.25,76.55,76.25,76.3,199629.4,199629.4,15250344.6761,1
2026-07-13T20:00:00+08:00,1783944000000,76.31,76.37,75.7,75.83,395652.71,395652.71,30050451.3768,1
2026-07-13T21:00:00+08:00,1783947600000,75.82,75.92,75.05,75.37,744242.58,744242.58,56152134.4871,1
2026-07-13T22:00:00+08:00,1783951200000,75.36,76.14,75.28,76.12,816930.32,816930.32,61914043.8627,1
2026-07-13T23:00:00+08:00,1783954800000,76.12,76.28,75.7,75.77,409765.23,409765.23,31123331.5438,1
2026-07-14T00:00:00+08:00,1783958400000,75.76,75.99,75.14,75.25,467900.19,467900.19,35324244.4925,1
2026-07-14T01:00:00+08:00,1783962000000,75.25,75.43,74.48,74.54,716703.88,716703.88,53675993.6624,1
2026-07-14T02:00:00+08:00,1783965600000,74.54,75.01,74.49,74.81,287350.05,287350.05,21478862.5757,1
2026-07-14T03:00:00+08:00,1783969200000,74.81,75.18,74.7,75.15,204135.04,204135.04,15290097.197,1
2026-07-14T04:00:00+08:00,1783972800000,75.14,75.31,74.54,74.76,225838.87,225838.87,16918728.9768,1
2026-07-14T05:00:00+08:00,1783976400000,74.76,74.76,74.04,74.36,401628.76,401628.76,29869302.7329,1
2026-07-14T06:00:00+08:00,1783980000000,74.36,74.7,74.35,74.48,169940.75,169940.75,12668962.8455,1
2026-07-14T07:00:00+08:00,1783983600000,74.47,74.96,74.36,74.95,191087.01,191087.01,14273114.6677,1
2026-07-14T08:00:00+08:00,1783987200000,74.95,75.45,74.78,75.39,357738.45,357738.45,26879868.0306,1
2026-07-14T09:00:00+08:00,1783990800000,75.4,75.52,75.16,75.25,236997.3,236997.3,17852269.1247,1
2026-07-14T10:00:00+08:00,1783994400000,75.26,75.29,74.82,75.02,230331.79,230331.79,17286312.1459,1
2026-07-14T11:00:00+08:00,1783998000000,75.03,75.12,74.5,75.11,286708.5,286708.5,21443067.4919,1
2026-07-14T12:00:00+08:00,1784001600000,75.11,75.31,75,75.1,183081.93,183081.93,13758406.6523,1
2026-07-14T13:00:00+08:00,1784005200000,75.11,75.44,75.06,75.36,194817.56,194817.56,14672911.7334,1
2026-07-14T14:00:00+08:00,1784008800000,75.37,75.39,75.05,75.1,137769.88,137769.88,10360214.5351,1
2026-07-14T15:00:00+08:00,1784012400000,75.1,75.21,74.86,74.93,198102.07,198102.07,14860536.5446,1
2026-07-14T16:00:00+08:00,1784016000000,74.93,75.36,74.81,75.13,213037.09,213037.09,16005566.1636,1
2026-07-14T17:00:00+08:00,1784019600000,75.13,75.27,74.83,75.03,191131.93,191131.93,14345927.4801,1
2026-07-14T18:00:00+08:00,1784023200000,75.03,75.57,74.92,75.43,313064.2,313064.2,23553090.2051,1
2026-07-14T19:00:00+08:00,1784026800000,75.43,75.55,75.29,75.34,215453.07,215453.07,16247449.9295,1
2026-07-14T20:00:00+08:00,1784030400000,75.35,76.94,75.13,76.83,1592190.58,1592190.58,121128797.775,1
2026-07-14T21:00:00+08:00,1784034000000,76.83,77.7,76.45,76.9,1340769.26,1340769.26,103304086.1109,1
2026-07-14T22:00:00+08:00,1784037600000,76.9,77.45,76.62,77.32,541608.94,541608.94,41679248.2334,1
2026-07-14T23:00:00+08:00,1784041200000,77.32,77.92,77.13,77.33,701862.86,701862.86,54350328.9408,1
2026-07-15T00:00:00+08:00,1784044800000,77.34,77.62,77.06,77.24,356567.62,356567.62,27586832.5076,1
2026-07-15T01:00:00+08:00,1784048400000,77.24,77.27,76.76,77.13,358172.31,358172.31,27578116.8266,1
2026-07-15T02:00:00+08:00,1784052000000,77.14,77.32,76.95,77.25,178668.81,178668.81,13783116.9474,1
2026-07-15T03:00:00+08:00,1784055600000,77.24,77.5,77.06,77.14,174470.56,174470.56,13474250.7015,1
2026-07-15T04:00:00+08:00,1784059200000,77.13,77.17,76.9,77.13,99544.96,99544.96,7664864.4438,1
2026-07-15T05:00:00+08:00,1784062800000,77.13,77.38,77.1,77.18,198553.46,198553.46,15333148.2442,1
2026-07-15T06:00:00+08:00,1784066400000,77.17,77.96,77.08,77.58,367219.9,367219.9,28503201.8534,1
2026-07-15T07:00:00+08:00,1784070000000,77.58,77.95,77.5,77.83,233644.48,233644.48,18158968.0406,1
2026-07-15T08:00:00+08:00,1784073600000,77.84,77.89,77.43,77.63,180729.44,180729.44,14026702.5716,1
2026-07-15T09:00:00+08:00,1784077200000,77.63,77.8,77.23,77.4,218870.65,218870.65,16961761.8365,1
2026-07-15T10:00:00+08:00,1784080800000,77.39,77.56,76.96,77.25,273770.43,273770.43,21131263.3083,1
2026-07-15T11:00:00+08:00,1784084400000,77.26,77.86,77.18,77.75,274943.96,274943.96,21331465.5184,1
2026-07-15T12:00:00+08:00,1784088000000,77.75,78.14,77.49,77.96,337116.13,337116.13,26255506.5904,1
2026-07-15T13:00:00+08:00,1784091600000,77.96,78.28,77.6,78.21,393707.1,393707.1,30679941.1302,1
2026-07-15T14:00:00+08:00,1784095200000,78.22,78.66,77.88,77.89,674170.59,674170.59,52792832.168,1
2026-07-15T15:00:00+08:00,1784098800000,77.89,77.96,77.36,77.36,372720.14,372720.14,28937263.0007,1
2026-07-15T16:00:00+08:00,1784102400000,77.37,77.59,77.19,77.53,420060.51,420060.51,32510976.626,1
2026-07-15T17:00:00+08:00,1784106000000,77.53,77.86,77.38,77.44,228115.39,228115.39,17708703.9996,1
2026-07-15T18:00:00+08:00,1784109600000,77.44,77.67,77.16,77.33,251670,251670,19469693.1364,1
2026-07-15T19:00:00+08:00,1784113200000,77.33,77.49,77.29,77.49,122544.98,122544.98,9484723.4416,1
2026-07-15T20:00:00+08:00,1784116800000,77.48,78.28,77.21,78.24,592337.83,592337.83,46070092.7373,1
2026-07-15T21:00:00+08:00,1784120400000,78.23,79,77.62,78.05,1211048.48,1211048.48,94996037.7606,1
2026-07-15T22:00:00+08:00,1784124000000,78.06,78.34,77.72,78.17,640581.78,640581.78,49982405.7322,1
2026-07-15T23:00:00+08:00,1784127600000,78.16,78.21,77.7,78.01,404175.77,404175.77,31532750.8344,1
2026-07-16T00:00:00+08:00,1784131200000,78.01,78.07,77.01,77.58,729696.8,729696.8,56522088.7456,1
2026-07-16T01:00:00+08:00,1784134800000,77.58,78.01,77.44,77.78,384029.93,384029.93,29841539.0567,1
2026-07-16T02:00:00+08:00,1784138400000,77.78,78.05,77.47,77.55,296474.16,296474.16,23071513.1948,1
2026-07-16T03:00:00+08:00,1784142000000,77.55,77.68,76.87,77.13,575074.74,575074.74,44405921.5155,1
2026-07-16T04:00:00+08:00,1784145600000,77.14,77.51,77.05,77.33,202775.2,202775.2,15674524.622,1
2026-07-16T05:00:00+08:00,1784149200000,77.33,77.49,77.2,77.39,116467.66,116467.66,9004381.044,1
2026-07-16T06:00:00+08:00,1784152800000,77.39,77.7,77.25,77.45,152195.82,152195.82,11797395.225,1
2026-07-16T07:00:00+08:00,1784156400000,77.44,77.58,77.15,77.24,120848.72,120848.72,9346496.2115,1
2026-07-16T08:00:00+08:00,1784160000000,77.23,77.46,76.63,76.89,373834.35,373834.35,28760945.9562,1
2026-07-16T09:00:00+08:00,1784163600000,76.89,77.12,76.65,77.05,315115.94,315115.94,24231724.6229,1
2026-07-16T10:00:00+08:00,1784167200000,77.05,77.11,76.81,77.09,112700.61,112700.61,8677029.3741,1
2026-07-16T11:00:00+08:00,1784170800000,77.08,77.25,76.75,76.91,232611.97,232611.97,17904974.2377,1
2026-07-16T12:00:00+08:00,1784174400000,76.9,76.98,76.54,76.77,283063.8,283063.8,21729157.277,1
2026-07-16T13:00:00+08:00,1784178000000,76.78,77.46,76.69,77.43,299913.55,299913.55,23158583.5303,1
2026-07-16T14:00:00+08:00,1784181600000,77.43,77.59,77.06,77.29,235182.84,235182.84,18188814.7811,1
2026-07-16T15:00:00+08:00,1784185200000,77.29,77.3,76.12,76.39,754227.61,754227.61,57725889.9563,1
2026-07-16T16:00:00+08:00,1784188800000,76.38,76.45,75.57,76.12,939760.36,939760.36,71435437.3038,1
2026-07-16T17:00:00+08:00,1784192400000,76.12,76.22,75.95,75.99,213096.57,213096.57,16211059.4782,1
2026-07-16T18:00:00+08:00,1784196000000,75.99,76.31,75.96,76.15,148415.71,148415.71,11302160.5319,1
2026-07-16T19:00:00+08:00,1784199600000,76.15,76.24,75.99,76.21,228053.5,228053.5,17353699.9635,1
2026-07-16T20:00:00+08:00,1784203200000,76.21,76.24,75.64,75.87,454685.23,454685.23,34516256.8849,1
2026-07-16T21:00:00+08:00,1784206800000,75.86,76.58,75.86,76.31,488506.16,488506.16,37272717.1606,1
2026-07-16T22:00:00+08:00,1784210400000,76.31,76.75,76.12,76.47,392929.61,392929.61,30063214.8815,1
2026-07-16T23:00:00+08:00,1784214000000,76.46,76.85,75.94,76.58,459570.98,459570.98,35139417.1349,1
2026-07-17T00:00:00+08:00,1784217600000,76.59,76.59,76.05,76.24,301169.66,301169.66,22976594.3873,1
2026-07-17T01:00:00+08:00,1784221200000,76.23,76.24,75.33,75.58,480146.6,480146.6,36352624.4865,1
2026-07-17T02:00:00+08:00,1784224800000,75.58,75.88,75.37,75.67,495412.38,495412.38,37455741.1527,1
2026-07-17T03:00:00+08:00,1784228400000,75.68,75.89,75.57,75.76,106759.95,106759.95,8085568.7645,1
2026-07-17T04:00:00+08:00,1784232000000,75.75,75.85,75.65,75.75,74546.02,74546.02,5647759.1342,1
2026-07-17T05:00:00+08:00,1784235600000,75.75,76.04,75.73,75.91,101587.8,101587.8,7710620.4291,1
2026-07-17T06:00:00+08:00,1784239200000,75.9,76,75.11,75.29,338348.27,338348.27,25550180.2306,1
2026-07-17T07:00:00+08:00,1784242800000,75.29,75.38,74.94,75.27,295760.65,295760.65,22225422.476,1
2026-07-17T08:00:00+08:00,1784246400000,75.27,75.52,74.86,75.52,288537.97,288537.97,21702103.6476,1
2026-07-17T09:00:00+08:00,1784250000000,75.52,75.71,74.9,75.06,329422.56,329422.56,24802299.7743,1
2026-07-17T10:00:00+08:00,1784253600000,75.05,75.23,74.7,74.95,381910.66,381910.66,28616967.2444,1
2026-07-17T11:00:00+08:00,1784257200000,74.96,75.41,74.94,75.19,253834.7,253834.7,19099214.837,1
2026-07-17T12:00:00+08:00,1784260800000,75.19,75.3,74.71,75.19,242287.58,242287.58,18164778.327,1
2026-07-17T13:00:00+08:00,1784264400000,75.18,75.18,74.24,74.37,676152.48,676152.48,50444968.2686,1
2026-07-17T14:00:00+08:00,1784268000000,74.36,74.71,74.27,74.55,292181.56,292181.56,21774119.3827,1
2026-07-17T15:00:00+08:00,1784271600000,74.56,74.72,74.37,74.57,161648.93,161648.93,12049876.8796,1
2026-07-17T16:00:00+08:00,1784275200000,74.58,74.64,74.15,74.48,247322.5,247322.5,18401054.675,1
2026-07-17T17:00:00+08:00,1784278800000,74.48,74.78,74.43,74.6,167702.67,167702.67,12514774.7481,1
2026-07-17T18:00:00+08:00,1784282400000,74.61,74.85,74.58,74.75,188332.48,188332.48,14073164.4625,1
2026-07-17T19:00:00+08:00,1784286000000,74.75,74.98,74.6,74.81,176334.26,176334.26,13190536.1095,1
2026-07-17T20:00:00+08:00,1784289600000,74.82,74.83,74.32,74.35,201956,201956,15053903.7342,1
2026-07-17T21:00:00+08:00,1784293200000,74.34,74.35,73.32,74.29,1184874.39,1184874.39,87385117.1082,1
2026-07-17T22:00:00+08:00,1784296800000,74.29,74.78,74.03,74.28,746136.61,746136.61,55456694.4771,1
2026-07-17T23:00:00+08:00,1784300400000,74.28,74.73,73.76,74.72,479930.96,479930.96,35616020.2743,1
2026-07-18T00:00:00+08:00,1784304000000,74.72,75.08,74.56,74.88,416743.91,416743.91,31176440.203,1
2026-07-18T01:00:00+08:00,1784307600000,74.89,75.55,74.89,75.18,408770.71,408770.71,30767051.6349,1
2026-07-18T02:00:00+08:00,1784311200000,75.19,75.36,74.93,75.28,150319.15,150319.15,11291954.8056,1
2026-07-18T03:00:00+08:00,1784314800000,75.27,75.33,74.81,75.15,156066.74,156066.74,11716243.7565,1
2026-07-18T04:00:00+08:00,1784318400000,75.15,75.16,74.84,75.04,108956.25,108956.25,8166336.4665,1
2026-07-18T05:00:00+08:00,1784322000000,75.05,75.19,74.91,74.97,85515.84,85515.84,6416813.8302,1
2026-07-18T06:00:00+08:00,1784325600000,74.97,75.08,74.8,74.99,89408.08,89408.08,6697102.8574,1
2026-07-18T07:00:00+08:00,1784329200000,74.99,75.09,74.8,74.99,80973.89,80973.89,6070810.2829,1
2026-07-18T08:00:00+08:00,1784332800000,74.98,75.23,74.94,75.05,109374.09,109374.09,8214112.1544,1
2026-07-18T09:00:00+08:00,1784336400000,75.06,75.2,75.01,75.17,69891.69,69891.69,5247039.8074,1
2026-07-18T10:00:00+08:00,1784340000000,75.18,75.42,75.1,75.16,128980.23,128980.23,9707481.1371,1
2026-07-18T11:00:00+08:00,1784343600000,75.16,75.34,75.11,75.33,87237.29,87237.29,6559728.8178,1
2026-07-18T12:00:00+08:00,1784347200000,75.34,75.34,75.01,75.06,64623.21,64623.21,4854995.1399,1
2026-07-18T13:00:00+08:00,1784350800000,75.06,75.07,74.82,74.89,145566.63,145566.63,10907764.6006,1
2026-07-18T14:00:00+08:00,1784354400000,74.89,75.05,74.87,74.93,70902.83,70902.83,5315334.4157,1
2026-07-18T15:00:00+08:00,1784358000000,74.92,75.01,74.85,74.92,92128.04,92128.04,6902176.5574,1
2026-07-18T16:00:00+08:00,1784361600000,74.92,75,74.74,74.92,151711.98,151711.98,11359951.9618,1
2026-07-18T17:00:00+08:00,1784365200000,74.93,74.96,74.59,74.8,199623.75,199623.75,14918713.9574,1
2026-07-18T18:00:00+08:00,1784368800000,74.8,74.91,74.75,74.85,69625.07,69625.07,5209738.0622,1
2026-07-18T19:00:00+08:00,1784372400000,74.86,74.97,74.84,74.91,95829.29,95829.29,7177580.0334,1
2026-07-18T20:00:00+08:00,1784376000000,74.9,75.14,74.67,74.94,323772.41,323772.41,24248208.2404,1
2026-07-18T21:00:00+08:00,1784379600000,74.94,74.94,74.45,74.69,219749.49,219749.49,16402869.6335,1
2026-07-18T22:00:00+08:00,1784383200000,74.7,74.97,74.61,74.95,128619.51,128619.51,9622212.9384,1
2026-07-18T23:00:00+08:00,1784386800000,74.95,75,74.76,74.92,116612.5,116612.5,8732284.1702,1
2026-07-19T00:00:00+08:00,1784390400000,74.91,75.24,74.79,75.13,192567.47,192567.47,14453885.034,1
2026-07-19T01:00:00+08:00,1784394000000,75.12,75.36,75.01,75.3,173478.32,173478.32,13048018.8583,1
2026-07-19T02:00:00+08:00,1784397600000,75.31,75.62,75.14,75.24,317332.97,317332.97,23917642.2103,1
2026-07-19T03:00:00+08:00,1784401200000,75.24,75.42,75.19,75.4,87788.89,87788.89,6611302.1198,1
2026-07-19T04:00:00+08:00,1784404800000,75.4,75.54,75.28,75.42,85285.5,85285.5,6430481.5328,1
2026-07-19T05:00:00+08:00,1784408400000,75.42,75.6,75.3,75.44,98605.5,98605.5,7440024.4085,1
2026-07-19T06:00:00+08:00,1784412000000,75.43,75.58,75.33,75.52,74097.97,74097.97,5591361.6962,1
2026-07-19T07:00:00+08:00,1784415600000,75.51,75.54,75.36,75.46,43504.19,43504.19,3283061.9227,1
2026-07-19T08:00:00+08:00,1784419200000,75.47,75.64,75.39,75.58,113538.08,113538.08,8571554.6439,1
2026-07-19T09:00:00+08:00,1784422800000,75.59,75.69,75.48,75.64,102049.65,102049.65,7713245.3915,1
2026-07-19T10:00:00+08:00,1784426400000,75.64,76.55,75.63,76.15,655482.59,655482.59,49892876.2961,1
2026-07-19T11:00:00+08:00,1784430000000,76.15,76.4,75.76,75.91,253124.1,253124.1,19224356.9993,1
2026-07-19T12:00:00+08:00,1784433600000,75.92,76.04,75.67,75.95,174530.33,174530.33,13239244.3325,1
2026-07-19T13:00:00+08:00,1784437200000,75.95,76.06,75.84,75.93,86284.22,86284.22,6555238.4105,1
2026-07-19T14:00:00+08:00,1784440800000,75.93,76.11,75.89,76.06,101335.54,101335.54,7702154.6795,1
2026-07-19T15:00:00+08:00,1784444400000,76.07,76.29,75.96,76.1,119220.4,119220.4,9076045.4946,1
2026-07-19T16:00:00+08:00,1784448000000,76.1,76.33,76.03,76.23,120619.53,120619.53,9189421.0112,1
2026-07-19T17:00:00+08:00,1784451600000,76.24,76.27,75.87,75.96,160116.01,160116.01,12170674.8975,1
2026-07-19T18:00:00+08:00,1784455200000,75.95,76.5,75.86,76.23,187823.81,187823.81,14309437.6618,1
2026-07-19T19:00:00+08:00,1784458800000,76.23,76.38,76.01,76.02,157817.74,157817.74,12024396.8389,1
2026-07-19T20:00:00+08:00,1784462400000,76.02,76.16,75.71,76,272770.02,272770.02,20708801.5585,1
2026-07-19T21:00:00+08:00,1784466000000,76,76.12,75.84,76.07,152969.7,152969.7,11617029.6556,1
2026-07-19T22:00:00+08:00,1784469600000,76.06,76.65,75.99,76.38,300125.92,300125.92,22914587.5103,1
2026-07-19T23:00:00+08:00,1784473200000,76.38,76.44,76.05,76.15,171875.04,171875.04,13100282.9658,1
2026-07-20T00:00:00+08:00,1784476800000,76.15,76.24,75.8,75.86,225611.15,225611.15,17142918.2445,1
2026-07-20T01:00:00+08:00,1784480400000,75.85,76.19,75.51,75.92,287586.05,287586.05,21820992.429,1
2026-07-20T02:00:00+08:00,1784484000000,75.92,75.94,75.28,75.71,297756.22,297756.22,22502877.7967,1
2026-07-20T03:00:00+08:00,1784487600000,75.71,75.85,75.58,75.84,63209.26,63209.26,4787835.0766,1
2026-07-20T04:00:00+08:00,1784491200000,75.84,76.11,75.83,76.09,92417.23,92417.23,7020233.5977,1
2026-07-20T05:00:00+08:00,1784494800000,76.1,76.19,75.65,75.73,198877.71,198877.71,15095120.1943,1
2026-07-20T06:00:00+08:00,1784498400000,75.73,76.4,75.57,76.05,243721.63,243721.63,18541539.5098,1
2026-07-20T07:00:00+08:00,1784502000000,76.05,76.54,75.83,76.34,247580.08,247580.08,18876711.9475,1
2026-07-20T08:00:00+08:00,1784505600000,76.33,77.1,76.08,76.52,769248.83,769248.83,58999929.6051,1
2026-07-20T09:00:00+08:00,1784509200000,76.53,77.38,76.22,76.34,528917.19,528917.19,40621613.705,1
2026-07-20T10:00:00+08:00,1784512800000,76.33,77.16,76.31,76.93,376448.09,376448.09,28899461.4675,1
2026-07-20T11:00:00+08:00,1784516400000,76.92,77.06,76.49,76.71,192610.6,192610.6,14778893.6706,1
2026-07-20T12:00:00+08:00,1784520000000,76.71,76.9,76.24,76.41,307226.71,307226.71,23523196.3214,1
2026-07-20T13:00:00+08:00,1784523600000,76.42,76.45,75.72,75.87,374152.82,374152.82,28449751.3471,1
2026-07-20T14:00:00+08:00,1784527200000,75.88,76.01,75.44,75.58,426209.09,426209.09,32271848.4381,1
2026-07-20T15:00:00+08:00,1784530800000,75.59,76.2,75.47,76.17,269063.39,269063.39,20407659.1544,1
2026-07-20T16:00:00+08:00,1784534400000,76.17,76.4,75.85,76.11,409031.98,409031.98,31144152.4189,1
2026-07-20T17:00:00+08:00,1784538000000,76.1,76.75,76.02,76.42,350307,350307,26798165.2313,1
2026-07-20T18:00:00+08:00,1784541600000,76.43,76.65,76.3,76.32,162398.04,162398.04,12412515.1614,1
2026-07-20T19:00:00+08:00,1784545200000,76.32,77.2,76.27,77.1,658786.7,658786.7,50605618.0095,1
2026-07-20T20:00:00+08:00,1784548800000,77.09,77.11,76.61,76.71,380279.13,380279.13,29208339.1024,1
2026-07-20T21:00:00+08:00,1784552400000,76.7,77.09,76.08,76.24,613355.46,613355.46,46979330.835,1
2026-07-20T22:00:00+08:00,1784556000000,76.24,76.43,75.73,76.1,749656.78,749656.78,57056213.4649,1
2026-07-20T23:00:00+08:00,1784559600000,76.11,77.9,76.05,77.72,1102211.5,1102211.5,85105417.2095,1
2026-07-21T00:00:00+08:00,1784563200000,77.73,77.84,77.4,77.63,473271.72,473271.72,36735670.0338,1
2026-07-21T01:00:00+08:00,1784566800000,77.62,77.88,77.31,77.7,267398.06,267398.06,20749999.8701,1
2026-07-21T02:00:00+08:00,1784570400000,77.7,78.36,77.55,77.63,605547.6,605547.6,47217182.4892,1
2026-07-21T03:00:00+08:00,1784574000000,77.63,77.7,77.25,77.6,446448.23,446448.23,34596268.6052,1
2026-07-21T04:00:00+08:00,1784577600000,77.6,78.02,77.49,77.85,167103.19,167103.19,12998755.0482,1
2026-07-21T05:00:00+08:00,1784581200000,77.84,77.99,77.66,77.69,122276.05,122276.05,9518035.9617,1
2026-07-21T06:00:00+08:00,1784584800000,77.7,77.8,77.39,77.4,131460.26,131460.26,10198327.5614,1
2026-07-21T07:00:00+08:00,1784588400000,77.41,77.84,77.38,77.8,107574.21,107574.21,8351727.1273,1
2026-07-21T08:00:00+08:00,1784592000000,77.81,78.24,77.71,78.06,197250.35,197250.35,15388117.5931,1
2026-07-21T09:00:00+08:00,1784595600000,78.07,78.19,77.79,77.81,147736.37,147736.37,11520466.6595,1
2026-07-21T10:00:00+08:00,1784599200000,77.81,78.25,77.61,77.99,216545.83,216545.83,16863883.1855,1
2026-07-21T11:00:00+08:00,1784602800000,77.99,78.53,77.96,78.16,279250.62,279250.62,21861923.3166,1
2026-07-21T12:00:00+08:00,1784606400000,78.16,78.37,77.96,78.1,266679.58,266679.58,20830495.4521,1
2026-07-21T13:00:00+08:00,1784610000000,78.09,78.66,78.07,78.41,281565.41,281565.41,22063717.7879,1
2026-07-21T14:00:00+08:00,1784613600000,78.42,78.84,78.25,78.61,286727.82,286727.82,22537682.1323,1
2026-07-21T15:00:00+08:00,1784617200000,78.61,78.72,78.43,78.53,167119.67,167119.67,13130612.7731,1
2026-07-21T16:00:00+08:00,1784620800000,78.52,78.71,78.29,78.32,296410,296410,23252206.3276,1
2026-07-21T17:00:00+08:00,1784624400000,78.32,78.46,78.11,78.38,182242.61,182242.61,14262367.0925,1
2026-07-21T18:00:00+08:00,1784628000000,78.38,78.45,78.02,78.15,221313.74,221313.74,17320656.6754,1
2026-07-21T19:00:00+08:00,1784631600000,78.15,78.39,78.05,78.32,163219.67,163219.67,12763488.035,1
2026-07-21T20:00:00+08:00,1784635200000,78.32,78.5,78.23,78.46,220243.13,220243.13,17261273.3551,1
2026-07-21T21:00:00+08:00,1784638800000,78.47,78.6,78.16,78.53,253705.86,253705.86,19889638.4317,1
2026-07-21T22:00:00+08:00,1784642400000,78.54,78.6,77.86,77.96,355592.81,355592.81,27809134.707,1
2026-07-21T23:00:00+08:00,1784646000000,77.96,78.13,77.75,78.1,280208.34,280208.34,21829632.7715,1
2026-07-22T00:00:00+08:00,1784649600000,78.1,78.24,77.92,78.17,194013.83,194013.83,15147184.5557,1
2026-07-22T01:00:00+08:00,1784653200000,78.16,78.21,77.37,77.69,282810.44,282810.44,21975121.6053,1
2026-07-22T02:00:00+08:00,1784656800000,77.69,77.96,77.56,77.82,106793.39,106793.39,8307641.4278,1
2026-07-22T03:00:00+08:00,1784660400000,77.82,77.96,77.68,77.83,148051.59,148051.59,11521057.5191,1
2026-07-22T04:00:00+08:00,1784664000000,77.83,78.07,77.77,77.86,114159.69,114159.69,8894719.3032,1
2026-07-22T05:00:00+08:00,1784667600000,77.86,78.12,77.75,78,100545.64,100545.64,7840254.3353,1
2026-07-22T06:00:00+08:00,1784671200000,78,78.03,77.8,77.95,90200.75,90200.75,7029742.7391,1
2026-07-22T07:00:00+08:00,1784674800000,77.94,78.16,77.76,78.09,89669.07,89669.07,6991255.7777,1
2026-07-22T08:00:00+08:00,1784678400000,78.09,78.55,78.06,78.4,262565.43,262565.43,20578861.4159,1
2026-07-22T09:00:00+08:00,1784682000000,78.39,78.49,78.1,78.3,168039.96,168039.96,13158817.9723,1
2026-07-22T10:00:00+08:00,1784685600000,78.31,78.48,78.04,78.07,135392.76,135392.76,10592645.5945,1
2026-07-22T11:00:00+08:00,1784689200000,78.07,78.19,77.75,77.83,153934.73,153934.73,12005953.0015,1
2026-07-22T12:00:00+08:00,1784692800000,77.82,78.19,77.78,78.02,140011.89,140011.89,10926187.3113,1
2026-07-22T13:00:00+08:00,1784696400000,78.02,78.03,77.34,77.38,379558.68,379558.68,29448799.5484,1
2026-07-22T14:00:00+08:00,1784700000000,77.37,77.46,76.94,77.24,471806.41,471806.41,36411263.194,1
2026-07-22T15:00:00+08:00,1784703600000,77.23,77.27,76.94,77.06,281027.56,281027.56,21666461.9304,1
2026-07-22T16:00:00+08:00,1784707200000,77.07,77.48,77,77.38,249767.89,249767.89,19300572.6626,1
2026-07-22T17:00:00+08:00,1784710800000,77.38,77.55,77.24,77.5,154389.56,154389.56,11948031.8364,1
2026-07-22T18:00:00+08:00,1784714400000,77.5,77.69,77.4,77.62,132871.09,132871.09,10304535.0759,1
2026-07-22T19:00:00+08:00,1784718000000,77.62,77.76,77.43,77.52,162982.48,162982.48,12646333.3745,1
2026-07-22T20:00:00+08:00,1784721600000,77.52,77.52,76.99,77.2,335642.74,335642.74,25910999.7834,1
2026-07-22T21:00:00+08:00,1784725200000,77.2,77.93,77.09,77.84,451252.89,451252.89,35003382.0509,1
2026-07-22T22:00:00+08:00,1784728800000,77.83,78.41,77.36,77.85,703799.53,703799.53,54810279.8471,1
2026-07-22T23:00:00+08:00,1784732400000,77.85,78.83,77.85,78.41,689996.72,689996.72,54109192.2492,1
2026-07-23T00:00:00+08:00,1784736000000,78.42,78.79,78.06,78.54,522909.03,522909.03,41026067.3705,1
2026-07-23T01:00:00+08:00,1784739600000,78.54,78.61,78.11,78.18,208973.31,208973.31,16370245.3958,1
2026-07-23T02:00:00+08:00,1784743200000,78.19,78.26,77.41,77.7,344058.01,344058.01,26740184.0258,1
2026-07-23T03:00:00+08:00,1784746800000,77.71,77.78,77.26,77.62,246594.19,246594.19,19122412.6457,1
2026-07-23T04:00:00+08:00,1784750400000,77.61,77.91,77.53,77.76,172693.11,172693.11,13423111.9036,1
2026-07-23T05:00:00+08:00,1784754000000,77.75,78.02,77.63,77.98,115353.95,115353.95,8979970.2694,1
2026-07-23T06:00:00+08:00,1784757600000,77.99,78.1,77.66,77.96,177635.62,177635.62,13835860.2371,1
2026-07-23T07:00:00+08:00,1784761200000,77.96,77.98,77.44,77.93,178462.32,178462.32,13865438.2668,1
2026-07-23T08:00:00+08:00,1784764800000,77.93,78.51,77.93,78.21,354995.4,354995.4,27791033.2252,1
2026-07-23T09:00:00+08:00,1784768400000,78.21,78.37,77.83,77.86,188970.53,188970.53,14741154.8786,1
2026-07-23T10:00:00+08:00,1784772000000,77.85,77.85,77.34,77.71,313057.84,313057.84,24283975.2213,1
2026-07-23T11:00:00+08:00,1784775600000,77.71,77.74,77.42,77.57,141289.08,141289.08,10956699.8543,1
2026-07-23T12:00:00+08:00,1784779200000,77.56,77.78,77.4,77.49,231469.25,231469.25,17959105.8536,1
2026-07-23T13:00:00+08:00,1784782800000,77.5,77.69,77.36,77.48,169946.76,169946.76,13171690.2383,1
2026-07-23T14:00:00+08:00,1784786400000,77.49,77.54,77.31,77.53,142001.79,142001.79,10995954.0157,1
2026-07-23T15:00:00+08:00,1784790000000,77.53,77.53,76.97,77.11,421151.04,421151.04,32483366.1571,1
2026-07-23T16:00:00+08:00,1784793600000,77.11,77.45,77.05,77.43,194409,194409,15025508.8962,1
2026-07-23T17:00:00+08:00,1784797200000,77.42,77.6,77.35,77.45,151242.97,151242.97,11721222.0666,1
2026-07-23T18:00:00+08:00,1784800800000,77.45,77.76,77.38,77.69,143227.76,143227.76,11121774.0468,1
2026-07-23T19:00:00+08:00,1784804400000,77.7,77.83,77.55,77.61,136031.32,136031.32,10567021.5379,1
2026-07-23T20:00:00+08:00,1784808000000,77.61,77.7,76.45,76.89,850691.34,850691.34,65503828.4197,1
2026-07-23T21:00:00+08:00,1784811600000,76.9,77.03,76.51,76.65,450873.83,450873.83,34615847.8142,1
2026-07-23T22:00:00+08:00,1784815200000,76.65,76.83,76.29,76.39,366352.34,366352.34,28049034.5416,1
2026-07-23T23:00:00+08:00,1784818800000,76.39,76.41,75.8,76.31,742873.61,742873.61,56537757.0563,1
2026-07-24T00:00:00+08:00,1784822400000,76.32,76.33,75.77,75.96,430087.03,430087.03,32699584.7413,1
2026-07-24T01:00:00+08:00,1784826000000,75.97,76.14,75.42,75.61,374749.98,374749.98,28394995.7903,1
2026-07-24T02:00:00+08:00,1784829600000,75.6,75.81,75.53,75.77,190265.19,190265.19,14397753.1582,1
2026-07-24T03:00:00+08:00,1784833200000,75.77,75.8,75.37,75.68,198680.26,198680.26,15018533.3839,1
2026-07-24T04:00:00+08:00,1784836800000,75.69,76.14,75.65,76.08,160161.88,160161.88,12169886.991,1
2026-07-24T05:00:00+08:00,1784840400000,76.07,76.22,75.86,75.99,122434.69,122434.69,9309698.9252,1
2026-07-24T06:00:00+08:00,1784844000000,76,76.19,75.8,76.13,109306.32,109306.32,8310804.8157,1
2026-07-24T07:00:00+08:00,1784847600000,76.13,76.21,75.82,75.83,102598.21,102598.21,7800647.8435,1
2026-07-24T08:00:00+08:00,1784851200000,75.83,75.85,75.46,75.79,262974.31,262974.31,19902829.1786,1
2026-07-24T09:00:00+08:00,1784854800000,75.78,76.08,75.62,75.64,161228.05,161228.05,12227737.6547,1
2026-07-24T10:00:00+08:00,1784858400000,75.64,75.88,75.23,75.48,327558.1,327558.1,24738706.9875,1
2026-07-24T11:00:00+08:00,1784862000000,75.49,75.92,75.43,75.78,192050.1,192050.1,14554358.7896,1
2026-07-24T12:00:00+08:00,1784865600000,75.78,75.81,75.57,75.63,88314.62,88314.62,6685335.6185,1
2026-07-24T13:00:00+08:00,1784869200000,75.63,75.88,75.54,75.74,116601.58,116601.58,8831671.4813,1
2026-07-24T14:00:00+08:00,1784872800000,75.75,75.98,75.68,75.79,162395.6,162395.6,12314063.5617,1
2026-07-24T15:00:00+08:00,1784876400000,75.8,76.4,75.73,76.02,412365.97,412365.97,31375877.1794,1
2026-07-24T16:00:00+08:00,1784880000000,76.03,76.04,75.65,75.74,158893.21,158893.21,12048482.0728,1
2026-07-24T17:00:00+08:00,1784883600000,75.73,75.8,75.31,75.57,358550.25,358550.25,27076858.5464,1
2026-07-24T18:00:00+08:00,1784887200000,75.57,75.62,75.33,75.44,139044.28,139044.28,10492959.1247,1
2026-07-24T19:00:00+08:00,1784890800000,75.43,75.47,74.92,75.16,404063.53,404063.53,30366742.3822,1
2026-07-24T20:00:00+08:00,1784894400000,75.15,75.25,74.74,74.82,311140.42,311140.42,23330815.9071,1
2026-07-24T21:00:00+08:00,1784898000000,74.81,74.88,73.92,74.17,1141654.34,1141654.34,84920309.2388,1
2026-07-24T22:00:00+08:00,1784901600000,74.17,74.22,73.54,73.99,776238.92,776238.92,57322580.9258,1
2026-07-24T23:00:00+08:00,1784905200000,73.99,74.25,73.64,74,574503.01,574503.01,42532652.0891,1
2026-07-25T00:00:00+08:00,1784908800000,73.99,74.17,73.66,73.86,367575.08,367575.08,27168883.2891,1
2026-07-25T01:00:00+08:00,1784912400000,73.86,74.11,73.81,74.01,224210.58,224210.58,16582419.1182,1
2026-07-25T02:00:00+08:00,1784916000000,74,74.04,73.85,73.94,103731.46,103731.46,7670749.049,1
2026-07-25T03:00:00+08:00,1784919600000,73.94,74.01,73.74,73.92,150970.83,150970.83,11153300.6758,1
2026-07-25T04:00:00+08:00,1784923200000,73.92,73.98,73.67,73.71,136939,136939,10107741.7041,1
2026-07-25T05:00:00+08:00,1784926800000,73.72,73.8,73.38,73.6,285042.31,285042.31,20973439.921,1
2026-07-25T06:00:00+08:00,1784930400000,73.59,73.93,73.58,73.88,96097.73,96097.73,7093381.5379,1
2026-07-25T07:00:00+08:00,1784934000000,73.88,73.98,73.8,73.91,89758.67,89758.67,6631603.9635,1
2026-07-25T08:00:00+08:00,1784937600000,73.91,74.11,73.88,74.08,173231.02,173231.02,12817641.5164,1
2026-07-25T09:00:00+08:00,1784941200000,74.08,74.21,73.96,74.08,167196.71,167196.71,12386643.683,1
2026-07-25T10:00:00+08:00,1784944800000,74.09,74.16,74,74.06,117716.65,117716.65,8720683.5713,1
2026-07-25T11:00:00+08:00,1784948400000,74.06,74.28,73.99,74.09,156477.79,156477.79,11600839.9362,1
2026-07-25T12:00:00+08:00,1784952000000,74.09,74.33,74.08,74.27,147259.44,147259.44,10931441.3303,1
2026-07-25T13:00:00+08:00,1784955600000,74.27,74.3,73.85,73.94,130967.18,130967.18,9697009.8614,1
2026-07-25T14:00:00+08:00,1784959200000,73.93,73.99,73.72,73.99,298556.81,298556.81,22051821.3526,1
2026-07-25T15:00:00+08:00,1784962800000,73.99,74.01,73.73,73.74,92446.26,92446.26,6828139.6208,1
2026-07-25T16:00:00+08:00,1784966400000,73.74,73.83,73.49,73.74,200983.16,200983.16,14807235.0244,1
2026-07-25T17:00:00+08:00,1784970000000,73.75,73.99,73.7,73.94,134890.25,134890.25,9968180.259,1
2026-07-25T18:00:00+08:00,1784973600000,73.93,73.98,73.85,73.93,71869.47,71869.47,5312279.2097,1
2026-07-25T19:00:00+08:00,1784977200000,73.94,74,73.8,73.88,92813.59,92813.59,6859228.2503,1
2026-07-25T20:00:00+08:00,1784980800000,73.88,73.94,73.82,73.92,70058.51,70058.51,5175106.5756,1
2026-07-25T21:00:00+08:00,1784984400000,73.91,74.15,73.89,73.93,165973.31,165973.31,12283021.6342,1
2026-07-25T22:00:00+08:00,1784988000000,73.94,74.05,73.73,73.99,329477.55,329477.55,24337178.5804,1
2026-07-25T23:00:00+08:00,1784991600000,74,74.28,73.96,74.13,250510.96,250510.96,18571883.1186,1
2026-07-26T00:00:00+08:00,1784995200000,74.12,74.39,74.04,74.29,186848.82,186848.82,13870622.0447,1
2026-07-26T01:00:00+08:00,1784998800000,74.29,74.62,74.26,74.42,195080.73,195080.73,14526914.8944,1
2026-07-26T02:00:00+08:00,1785002400000,74.43,74.67,74.43,74.61,136667.42,136667.42,10188369.4923,1
2026-07-26T03:00:00+08:00,1785006000000,74.62,74.68,74.48,74.51,68724.07,68724.07,5124798.2562,1
2026-07-26T04:00:00+08:00,1785009600000,74.51,74.53,74.35,74.41,104305.93,104305.93,7764079.2229,1
2026-07-26T05:00:00+08:00,1785013200000,74.41,74.57,74.24,74.41,105211.26,105211.26,7828065.9301,1
2026-07-26T06:00:00+08:00,1785016800000,74.41,74.49,74.26,74.45,73959.48,73959.48,5500796.7638,1
2026-07-26T07:00:00+08:00,1785020400000,74.45,74.5,74.34,74.48,106128.12,106128.12,7898012.1607,1
2026-07-26T08:00:00+08:00,1785024000000,74.48,74.93,74.42,74.74,323942.77,323942.77,24212423.3989,1
2026-07-26T09:00:00+08:00,1785027600000,74.74,74.86,74.63,74.78,114475.99,114475.99,8555253.2282,1
2026-07-26T10:00:00+08:00,1785031200000,74.78,74.9,74.67,74.86,124021.07,124021.07,9276269.4887,1
2026-07-26T11:00:00+08:00,1785034800000,74.86,75.03,74.78,74.99,175467.57,175467.57,13147532.2532,1
2026-07-26T12:00:00+08:00,1785038400000,74.99,75.19,74.9,75.03,235189.54,235189.54,17649330.7395,1
2026-07-26T13:00:00+08:00,1785042000000,75.03,75.13,74.9,74.97,110688.3,110688.3,8304444.3996,1
2026-07-26T14:00:00+08:00,1785045600000,74.97,75.1,74.7,75.08,198787.82,198787.82,14883288.5422,1
2026-07-26T15:00:00+08:00,1785049200000,75.08,75.11,74.81,74.83,114488.58,114488.58,8582418.4345,1
2026-07-26T16:00:00+08:00,1785052800000,74.83,75.02,74.8,74.95,98221.95,98221.95,7357837.6041,1
2026-07-26T17:00:00+08:00,1785056400000,74.95,75.25,74.94,75.03,233327.44,233327.44,17522150.0994,1
2026-07-26T18:00:00+08:00,1785060000000,75.02,75.21,74.98,75.08,121881.48,121881.48,9155140.2308,1
2026-07-26T19:00:00+08:00,1785063600000,75.07,75.13,74.84,74.91,140209.74,140209.74,10512692.4521,1
2026-07-26T20:00:00+08:00,1785067200000,74.91,75.1,74.77,74.83,191147.14,191147.14,14321899.9624,1
2026-07-26T21:00:00+08:00,1785070800000,74.83,74.93,74.72,74.89,166167.23,166167.23,12432227.0893,1
2026-07-26T22:00:00+08:00,1785074400000,74.89,75.2,74.85,75,232585.39,232585.39,17449739.7365,1
2026-07-26T23:00:00+08:00,1785078000000,75,75.46,74.92,75.44,342809.41,342809.41,25790683.3189,1
2026-07-27T00:00:00+08:00,1785081600000,75.45,75.95,75.26,75.48,360304.03,360304.03,27243251.4445,1
2026-07-27T01:00:00+08:00,1785085200000,75.48,75.56,75.24,75.34,139137.89,139137.89,10489425.4711,1
2026-07-27T02:00:00+08:00,1785088800000,75.34,75.41,75.23,75.35,81438.37,81438.37,6132904.6097,1
2026-07-27T03:00:00+08:00,1785092400000,75.35,75.42,75.2,75.29,59262.52,59262.52,4460364.1666,1
2026-07-27T04:00:00+08:00,1785096000000,75.29,75.36,75.26,75.3,52245.75,52245.75,3934884.9479,1
2026-07-27T05:00:00+08:00,1785099600000,75.3,75.73,75.28,75.6,113688.75,113688.75,8585414.0595,1
2026-07-27T06:00:00+08:00,1785103200000,75.61,76.77,75.61,76.67,631788.3,631788.3,48202725.6967,1
2026-07-27T07:00:00+08:00,1785106800000,76.67,77.08,76.46,76.73,551954.18,551954.18,42370590.6324,1
2026-07-27T08:00:00+08:00,1785110400000,76.74,76.76,76.14,76.28,324091.69,324091.69,24766862.1743,1
2026-07-27T09:00:00+08:00,1785114000000,76.29,76.5,75.95,76.49,275246.03,275246.03,20981699.9547,1
2026-07-27T10:00:00+08:00,1785117600000,76.49,76.65,76.33,76.4,267837.33,267837.33,20491428.6205,1
2026-07-27T11:00:00+08:00,1785121200000,76.41,76.52,76.3,76.37,135756.57,135756.57,10369796.6708,1
2026-07-27T12:00:00+08:00,1785124800000,76.38,76.61,76.24,76.27,189312.06,189312.06,14461457.7773,1
2026-07-27T13:00:00+08:00,1785128400000,76.28,76.61,76.23,76.53,132378.09,132378.09,10112418.9294,1
2026-07-27T14:00:00+08:00,1785132000000,76.53,76.96,76.49,76.7,429361.11,429361.11,32955187.1893,1
2026-07-27T15:00:00+08:00,1785135600000,76.69,76.73,76.35,76.43,170602.42,170602.42,13060711.343,1
2026-07-27T16:00:00+08:00,1785139200000,76.44,76.47,76.19,76.26,195351.13,195351.13,14910900.2088,1
2026-07-27T17:00:00+08:00,1785142800000,76.27,76.53,76.09,76.45,193935.97,193935.97,14797217.566,1
2026-07-27T18:00:00+08:00,1785146400000,76.44,76.64,76.38,76.57,128214.29,128214.29,9810422.2723,1
2026-07-27T19:00:00+08:00,1785150000000,76.58,76.66,76.45,76.47,148068.06,148068.06,11335119.2397,1
2026-07-27T20:00:00+08:00,1785153600000,76.47,77.03,76.2,76.81,640407.21,640407.21,49089144.5475,1
2026-07-27T21:00:00+08:00,1785157200000,76.82,77.47,76.41,76.87,730703.46,730703.46,56254041.7373,1
2026-07-27T22:00:00+08:00,1785160800000,76.86,76.95,74.94,75.42,1490904.9,1490904.9,112932552.0442,1
2026-07-27T23:00:00+08:00,1785164400000,75.43,75.56,75.03,75.22,377284.5,377284.5,28425794.2688,1
2026-07-28T00:00:00+08:00,1785168000000,75.22,75.94,75.09,75.9,449198.41,449198.41,33968467.109,1
2026-07-28T01:00:00+08:00,1785171600000,75.9,76.22,75.76,75.86,243108.21,243108.21,18467518.7854,1
2026-07-28T02:00:00+08:00,1785175200000,75.86,75.95,75.21,75.55,325815.38,325815.38,24592343.2097,1
2026-07-28T03:00:00+08:00,1785178800000,75.56,76.02,75.45,75.94,231261.66,231261.66,17533459.9596,1
2026-07-28T04:00:00+08:00,1785182400000,75.95,76.11,75.76,75.93,140182.91,140182.91,10639971.8043,1
2026-07-28T05:00:00+08:00,1785186000000,75.93,75.95,75.47,75.57,108206.62,108206.62,8187664.5065,1
2026-07-28T06:00:00+08:00,1785189600000,75.56,75.59,73.95,74.02,682341.21,682341.21,50954818.0429,1
2026-07-28T07:00:00+08:00,1785193200000,74.01,74.38,73.69,74.16,449096.25,449096.25,33233073.4179,1
2026-07-28T08:00:00+08:00,1785196800000,74.15,74.25,73.62,73.66,347827.06,347827.06,25705099.0778,1
2026-07-28T09:00:00+08:00,1785200400000,73.66,73.7,72.78,73.15,789422.27,789422.27,57773692.739,1
2026-07-28T10:00:00+08:00,1785204000000,73.15,73.41,73.01,73.32,221299.54,221299.54,16208766.4636,1
2026-07-28T11:00:00+08:00,1785207600000,73.31,73.37,73.11,73.23,147044.87,147044.87,10770161.1556,1
2026-07-28T12:00:00+08:00,1785211200000,73.23,73.24,72.93,73.16,223546.52,223546.52,16343598.0506,1
2026-07-28T13:00:00+08:00,1785214800000,73.16,73.49,73.14,73.2,202988.95,202988.95,14884868.5389,1
2026-07-28T14:00:00+08:00,1785218400000,73.21,73.45,73.08,73.39,241606.87,241606.87,17713463.8349,1
2026-07-28T15:00:00+08:00,1785222000000,73.39,73.45,73.08,73.24,221340.1,221340.1,16212213.4652,1
2026-07-28T16:00:00+08:00,1785225600000,73.23,73.4,73.09,73.31,154373.96,154373.96,11309199.9528,1
2026-07-28T17:00:00+08:00,1785229200000,73.31,73.46,73.15,73.21,155301,155301,11387691.1704,1
2026-07-28T18:00:00+08:00,1785232800000,73.2,73.29,73.08,73.11,172015.67,172015.67,12589105.8882,1
2026-07-28T19:00:00+08:00,1785236400000,73.11,73.32,72.82,73.14,372912.26,372912.26,27241445.6246,1
2026-07-28T20:00:00+08:00,1785240000000,73.14,73.42,73.07,73.34,209507.01,209507.01,15346838.3004,1
2026-07-28T21:00:00+08:00,1785243600000,73.33,73.39,72.29,72.66,833098.2,833098.2,60588615.5082,1
2026-07-28T22:00:00+08:00,1785247200000,72.66,73.45,72.49,73.36,534774.85,534774.85,39020714.2495,1
2026-07-28T23:00:00+08:00,1785250800000,73.37,74.53,73.25,74.29,929748.45,929748.45,68833076.8246,1
2026-07-29T00:00:00+08:00,1785254400000,74.29,74.53,74,74.37,275453.76,275453.76,20439442.3789,1
2026-07-29T01:00:00+08:00,1785258000000,74.37,74.39,73.49,73.78,442402.84,442402.84,32653393.0925,1
2026-07-29T02:00:00+08:00,1785261600000,73.78,74.02,73.75,73.84,140067.52,140067.52,10345395.5435,1
2026-07-29T03:00:00+08:00,1785265200000,73.83,74.34,73.78,74.28,145838.61,145838.61,10808845.0236,1
2026-07-29T04:00:00+08:00,1785268800000,74.28,74.33,73.96,74,194005.54,194005.54,14388262.059,1
2026-07-29T05:00:00+08:00,1785272400000,74.01,74.36,73.96,74.09,210449.41,210449.41,15602735.6263,1
2026-07-29T06:00:00+08:00,1785276000000,74.1,74.2,73.37,73.4,222941.81,222941.81,16440320.5053,1
2026-07-29T07:00:00+08:00,1785279600000,73.39,73.81,73.12,73.78,307663.89,307663.89,22598410.1311,1
2026-07-29T08:00:00+08:00,1785283200000,73.77,74.14,73.71,73.74,320143.09,320143.09,23670964.3222,1
2026-07-29T09:00:00+08:00,1785286800000,73.73,73.76,73.17,73.22,196091.16,196091.16,14412123.9534,1
2026-07-29T10:00:00+08:00,1785290400000,73.22,73.94,73.02,73.65,354520.03,354520.03,26059132.9664,1
2026-07-29T11:00:00+08:00,1785294000000,73.65,73.72,72.97,73.03,271640.16,271640.16,19895154.1465,1
2026-07-29T12:00:00+08:00,1785297600000,73.04,73.45,72.68,73.4,419962.02,419962.02,30680222.5626,1
2026-07-29T13:00:00+08:00,1785301200000,73.4,73.75,73.29,73.63,232560.06,232560.06,17102928.8124,1
2026-07-29T14:00:00+08:00,1785304800000,73.63,74.04,73.48,74.02,199328.88,199328.88,14724148.3106,1
2026-07-29T15:00:00+08:00,1785308400000,74.03,74.24,73.93,74.21,202321.75,202321.75,14979808.7543,1
2026-07-29T16:00:00+08:00,1785312000000,74.21,74.29,73.65,73.9,294154.8,294154.8,21764657.9059,1
2026-07-29T17:00:00+08:00,1785315600000,73.9,74.28,73.87,74.08,131995.23,131995.23,9774365.1343,1
2026-07-29T18:00:00+08:00,1785319200000,74.09,74.09,73.74,73.86,142499.21,142499.21,10538567.8049,1
2026-07-29T19:00:00+08:00,1785322800000,73.86,74.05,73.78,73.91,84576.79,84576.79,6251051.5895,1
2026-07-29T20:00:00+08:00,1785326400000,73.91,73.91,73.4,73.49,234279.74,234279.74,17232307.057,1
2026-07-29T21:00:00+08:00,1785330000000,73.48,73.74,73.27,73.68,310993.55,310993.55,22858360.5815,1
2026-07-29T22:00:00+08:00,1785333600000,73.68,73.88,73.04,73.23,353247.71,353247.71,25917547.8414,1
2026-07-29T23:00:00+08:00,1785337200000,73.23,73.41,72.93,73.09,215626.49,215626.49,15777346.4568,1
2026-07-30T00:00:00+08:00,1785340800000,73.09,73.34,72.85,73.24,279936.55,279936.55,20453353.7452,1
2026-07-30T01:00:00+08:00,1785344400000,73.23,73.93,73.14,73.9,366175.32,366175.32,26894444.0661,1
2026-07-30T02:00:00+08:00,1785348000000,73.9,74.5,73.38,74.21,859400.85,859400.85,63635985.7617,1
2026-07-30T03:00:00+08:00,1785351600000,74.21,74.34,72.69,72.7,635332.38,635332.38,46633604.38,1
2026-07-30T04:00:00+08:00,1785355200000,72.71,73.17,72.39,72.61,574140.28,574140.28,41747943.5176,1
2026-07-30T05:00:00+08:00,1785358800000,72.6,73.15,72.27,73.14,333384.83,333384.83,24228476.9129,1
2026-07-30T06:00:00+08:00,1785362400000,73.15,73.76,73.14,73.59,263464.87,263464.87,19373627.1984,1
2026-07-30T07:00:00+08:00,1785366000000,73.6,73.71,73.36,73.63,186591.29,186591.29,13721434.0031,1
2026-07-30T08:00:00+08:00,1785369600000,73.63,73.83,73.1,73.25,259777.27,259777.27,19077431.731,1
2026-07-30T09:00:00+08:00,1785373200000,73.26,74.19,73.22,73.97,318061.69,318061.69,23468193.9383,1
2026-07-30T10:00:00+08:00,1785376800000,73.98,74.1,73.77,73.79,127146.03,127146.03,9405347.0476,1
2026-07-30T11:00:00+08:00,1785380400000,73.8,73.97,73.62,73.66,136281.35,136281.35,10054586.5379,1
2026-07-30T12:00:00+08:00,1785384000000,73.67,73.7,73.45,73.48,151045.3,151045.3,11110241.971,1
2026-07-30T13:00:00+08:00,1785387600000,73.48,73.83,73.38,73.65,142256.82,142256.82,10470847.6875,1
2026-07-30T14:00:00+08:00,1785391200000,73.66,73.71,73.43,73.49,98809.58,98809.58,7270137.8751,1
2026-07-30T15:00:00+08:00,1785394800000,73.48,73.77,73.35,73.38,177869.89,177869.89,13084765.5403,1
2026-07-30T16:00:00+08:00,1785398400000,73.38,73.79,73.25,73.76,249411.24,249411.24,18344481.104,1
2026-07-30T17:00:00+08:00,1785402000000,73.76,74.18,73.75,73.99,281442.63,281442.63,20822194.8095,1
2026-07-30T18:00:00+08:00,1785405600000,74,74.16,73.77,73.86,183638.64,183638.64,13584343.0587,1
2026-07-30T19:00:00+08:00,1785409200000,73.85,74.29,73.84,74.18,192444.39,192444.39,14262547.2294,1
2026-07-30T20:00:00+08:00,1785412800000,74.18,74.44,74.02,74.35,395275.06,395275.06,29335472.1628,1
2026-07-30T21:00:00+08:00,1785416400000,74.35,74.87,74.07,74.64,494654.29,494654.29,36843938.7233,1
2026-07-30T22:00:00+08:00,1785420000000,74.64,74.75,74.25,74.6,350464.42,350464.42,26126302.2922,1
2026-07-30T23:00:00+08:00,1785423600000,74.6,74.82,74.42,74.62,249611.99,249611.99,18614439.8114,1
2026-07-31T00:00:00+08:00,1785427200000,74.62,74.8,74.42,74.54,169015.17,169015.17,12613284.8519,1
2026-07-31T01:00:00+08:00,1785430800000,74.55,74.85,74.38,74.71,142576.78,142576.78,10639447.1525,1
2026-07-31T02:00:00+08:00,1785434400000,74.71,74.94,74.45,74.49,125070.38,125070.38,9342525.573,1
2026-07-31T03:00:00+08:00,1785438000000,74.49,74.79,74.48,74.73,116691.25,116691.25,8709302.2409,1
2026-07-31T04:00:00+08:00,1785441600000,74.74,74.87,74.41,74.45,179789.18,179789.18,13414691.2536,1
2026-07-31T05:00:00+08:00,1785445200000,74.45,74.57,74.39,74.46,100839.02,100839.02,7509545.9206,1
2026-07-31T06:00:00+08:00,1785448800000,74.45,74.85,74.35,74.7,119109.81,119109.81,8894049.7024,1
2026-07-31T07:00:00+08:00,1785452400000,74.7,74.96,74.42,74.45,248068.1,248068.1,18527719.8298,1
2026-07-31T08:00:00+08:00,1785456000000,74.46,74.61,74.39,74.46,136666.51,136666.51,10179792.5975,1
2026-07-31T09:00:00+08:00,1785459600000,74.46,75.27,74.23,74.37,626548.21,626548.21,46876653.7042,1
2026-07-31T10:00:00+08:00,1785463200000,74.36,74.53,74.04,74.11,319829.35,319829.35,23734395.3286,1
2026-07-31T11:00:00+08:00,1785466800000,74.11,74.32,73.83,74.1,266492.39,266492.39,19730279.1378,1
2026-07-31T12:00:00+08:00,1785470400000,74.1,74.11,73.69,73.79,229829.67,229829.67,16970513.4549,1
2026-07-31T13:00:00+08:00,1785474000000,73.79,74.28,73.79,74.2,201202.38,201202.38,14905467.4919,1
2026-07-31T14:00:00+08:00,1785477600000,74.19,74.5,73.96,74.06,208604.62,208604.62,15486609.1962,1
2026-07-31T15:00:00+08:00,1785481200000,74.06,74.06,73.46,73.62,348183.35,348183.35,25651998.7561,1
2026-07-31T16:00:00+08:00,1785484800000,73.62,73.77,73.47,73.61,188637.87,188637.87,13890832.3825,1
2026-07-31T17:00:00+08:00,1785488400000,73.62,73.66,73.34,73.45,268806.69,268806.69,19749913.0089,1
2026-07-31T18:00:00+08:00,1785492000000,73.44,73.62,73.24,73.53,218324.62,218324.62,16046390.1086,1
2026-07-31T19:00:00+08:00,1785495600000,73.53,73.68,73.42,73.52,86845.13,86845.13,6387362.5232,1
2026-07-31T20:00:00+08:00,1785499200000,73.53,73.6,73.32,73.6,168962.96,168962.96,12414462.3095,1
2026-07-31T21:00:00+08:00,1785502800000,73.6,73.78,73.12,73.24,368962.03,368962.03,27093305.1724,1
2026-07-31T22:00:00+08:00,1785506400000,73.25,73.65,72.74,73,1044518.41,1044518.41,76422064.8731,1
2026-07-31T23:00:00+08:00,1785510000000,73,73.18,72.83,73.07,280201.54,280201.54,20452778.6131,1
2026-08-01T00:00:00+08:00,1785513600000,73.07,73.31,72.94,73.27,194040.85,194040.85,14191754.6269,1
2026-08-01T01:00:00+08:00,1785517200000,73.26,73.4,73.13,73.32,120080.66,120080.66,8801176.6201,1
2026-08-01T02:00:00+08:00,1785520800000,73.32,73.46,72.9,73.08,190737.9,190737.9,13957905.9935,1
2026-08-01T03:00:00+08:00,1785524400000,73.07,73.29,72.87,73.05,197295.9,197295.9,14415985.7039,1
2026-08-01T04:00:00+08:00,1785528000000,73.05,73.2,72.9,72.92,152627.59,152627.59,11144490.9211,1
2026-08-01T05:00:00+08:00,1785531600000,72.92,73.06,72.49,72.68,344064.64,344064.64,25029716.3929,1
2026-08-01T06:00:00+08:00,1785535200000,72.68,72.9,72.62,72.79,109036.7,109036.7,7935662.0409,1
2026-08-01T07:00:00+08:00,1785538800000,72.79,72.91,72.74,72.82,68026.55,68026.55,4955232.8871,1
2026-08-01T08:00:00+08:00,1785542400000,72.81,73.12,72.81,72.97,187090.2,187090.2,13656289.4694,1
2026-08-01T09:00:00+08:00,1785546000000,72.97,73.1,72.94,72.99,65662.83,65662.83,4794570.1915,1
2026-08-01T10:00:00+08:00,1785549600000,73,73.12,72.96,73.04,100325.31,100325.31,7328381.0199,1
2026-08-01T11:00:00+08:00,1785553200000,73.05,73.06,72.83,73.01,100987.89,100987.89,7365995.6959,1
2026-08-01T12:00:00+08:00,1785556800000,73,73.18,73,73.13,75827.87,75827.87,5541471.4998,1
2026-08-01T13:00:00+08:00,1785560400000,73.13,73.16,72.82,72.91,138624.78,138624.78,10119915.4427,1
2026-08-01T14:00:00+08:00,1785564000000,72.91,73,72.86,72.95,66724.75,66724.75,4866669.5323,1
2026-08-01T15:00:00+08:00,1785567600000,72.95,73.08,72.88,72.93,82562.02,82562.02,6024082.4569,1
2026-08-01T16:00:00+08:00,1785571200000,72.93,73.05,72.92,73,45518.66,45518.66,3321704.8693,1
2026-08-01T17:00:00+08:00,1785574800000,73,73.05,72.78,72.8,106073.97,106073.97,7733734.0851,1
2026-08-01T18:00:00+08:00,1785578400000,72.81,72.86,72.61,72.8,139400.97,139400.97,10139486.802,1
2026-08-01T19:00:00+08:00,1785582000000,72.8,72.88,72.74,72.85,85531.45,85531.45,6228939.7456,1
2026-08-01T20:00:00+08:00,1785585600000,72.85,72.91,72.82,72.9,54433.1,54433.1,3966533.7273,1
2026-08-01T21:00:00+08:00,1785589200000,72.89,72.96,72.87,72.94,59315.9,59315.9,4325282.2677,1
2026-08-01T22:00:00+08:00,1785592800000,72.93,73.01,72.82,72.99,111989.4,111989.4,8165409.0105,1
2026-08-01T23:00:00+08:00,1785596400000,72.98,72.99,72.68,72.75,207674.32,207674.32,15119577.8991,1
2026-08-02T00:00:00+08:00,1785600000000,72.75,72.9,72.43,72.66,199469.34,199469.34,14485888.1585,1
2026-08-02T01:00:00+08:00,1785603600000,72.65,72.75,71.58,71.88,993896.54,993896.54,71576658.5857,1
2026-08-02T02:00:00+08:00,1785607200000,71.89,71.94,70.51,71.04,1261961.77,1261961.77,89823080.3372,1
2026-08-02T03:00:00+08:00,1785610800000,71.04,71.31,71,71.22,216003.85,216003.85,15374634.4774,1
2026-08-02T04:00:00+08:00,1785614400000,71.21,71.51,71.15,71.51,163128.03,163128.03,11643573.8442,1
2026-08-02T05:00:00+08:00,1785618000000,71.51,71.82,71.5,71.8,206352.03,206352.03,14788044.9535,1
2026-08-02T06:00:00+08:00,1785621600000,71.8,71.97,71.8,71.86,108108.2,108108.2,7772140.0467,1
2026-08-02T07:00:00+08:00,1785625200000,71.87,72.04,71.77,71.9,142285.27,142285.27,10232864.9474,1
2026-08-02T08:00:00+08:00,1785628800000,71.89,72.1,71.88,72.07,158503.77,158503.77,11414305.0011,1
2026-08-02T09:00:00+08:00,1785632400000,72.07,72.71,72.06,72.6,352572.2,352572.2,25547568.7752,1
2026-08-02T10:00:00+08:00,1785636000000,72.6,73.37,72.53,73.09,623500.91,623500.91,45555273.5652,1
2026-08-02T11:00:00+08:00,1785639600000,73.1,73.21,73.04,73.15,192243.52,192243.52,14059129.4758,1
2026-08-02T12:00:00+08:00,1785643200000,73.16,73.51,73.16,73.49,258621.08,258621.08,18964206.506,1
2026-08-02T13:00:00+08:00,1785646800000,73.48,73.63,73.43,73.55,272715.03,272715.03,20049343.4569,1
2026-08-02T14:00:00+08:00,1785650400000,73.56,73.62,73.38,73.41,183892.02,183892.02,13514547.6634,1
2026-08-02T15:00:00+08:00,1785654000000,73.41,73.47,73.35,73.43,127590.9,127590.9,9366959.6853,1
2026-08-02T16:00:00+08:00,1785657600000,73.44,73.52,73.12,73.15,289208.38,289208.38,21200030.0569,1
2026-08-02T17:00:00+08:00,1785661200000,73.14,73.39,72.93,73.34,200745.16,200745.16,14688704.2835,1
2026-08-02T18:00:00+08:00,1785664800000,73.34,73.36,73.1,73.23,109098.56,109098.56,7989029.9713,1
2026-08-02T19:00:00+08:00,1785668400000,73.24,73.27,72.89,72.95,175247.63,175247.63,12803907.3649,1
2026-08-02T20:00:00+08:00,1785672000000,72.96,73.2,72.85,72.85,177719.02,177719.02,12978712.9826,1
2026-08-02T21:00:00+08:00,1785675600000,72.85,72.96,72.64,72.92,240312.03,240312.03,17502588.4467,1
2026-08-02T22:00:00+08:00,1785679200000,72.92,73.19,72.88,73.05,131336.53,131336.53,9596242.6229,1
2026-08-02T23:00:00+08:00,1785682800000,73.06,73.17,72.96,72.98,111127.12,111127.12,8120573.0086,1
2026-08-03T00:00:00+08:00,1785686400000,72.99,73.27,72.87,73.1,211679.37,211679.37,15470637.4402,1
2026-08-03T01:00:00+08:00,1785690000000,73.1,73.36,73.05,73.27,105982.6,105982.6,7762641.5608,1
2026-08-03T02:00:00+08:00,1785693600000,73.28,73.83,73.2,73.52,282262.3,282262.3,20761027.3258,1
2026-08-03T03:00:00+08:00,1785697200000,73.52,73.75,73.48,73.69,138796.58,138796.58,10216870.1562,1
2026-08-03T04:00:00+08:00,1785700800000,73.69,73.71,73.51,73.65,71991.5,71991.5,5298885.1858,1
2026-08-03T05:00:00+08:00,1785704400000,73.65,74.3,73.63,73.96,341451.2,341451.2,25251262.0729,1
2026-08-03T06:00:00+08:00,1785708000000,73.96,74.18,73.6,73.61,319913.03,319913.03,23619938.6921,1
2026-08-03T07:00:00+08:00,1785711600000,73.61,73.62,73.41,73.58,124613.89,124613.89,9160982.0858,1
2026-08-03T08:00:00+08:00,1785715200000,73.59,73.63,73.13,73.19,194699.09,194699.09,14278486.33,1
2026-08-03T09:00:00+08:00,1785718800000,73.18,73.22,72.88,72.97,174185.52,174185.52,12718455.4562,1
2026-08-03T10:00:00+08:00,1785722400000,72.96,73.11,72.86,72.99,161881.02,161881.02,11817604.596,1
2026-08-03T11:00:00+08:00,1785726000000,72.98,73.08,72.63,72.87,216977.15,216977.15,15813904.1069,1
2026-08-03T12:00:00+08:00,1785729600000,72.86,73.03,72.8,72.81,112213.32,112213.32,8183127.4856,1
2026-08-03T13:00:00+08:00,1785733200000,72.8,73.01,72.78,72.88,172270.52,172270.52,12555711.6505,1
2026-08-03T14:00:00+08:00,1785736800000,72.87,72.94,72.47,72.55,291194.38,291194.38,21148467.3484,1
2026-08-03T15:00:00+08:00,1785740400000,72.55,72.65,72.36,72.47,206345.53,206345.53,14960428.3253,1
2026-08-03T16:00:00+08:00,1785744000000,72.47,72.53,71.93,72.33,484845.26,484845.26,34996078.9594,1
2026-08-03T17:00:00+08:00,1785747600000,72.33,72.77,72.28,72.69,249812.35,249812.35,18106159.6373,1
2026-08-03T18:00:00+08:00,1785751200000,72.69,72.76,72.47,72.57,146590.48,146590.48,10644159.5495,1
2026-08-03T19:00:00+08:00,1785754800000,72.57,72.61,72.36,72.4,123078.77,123078.77,8920754.0361,1
2026-08-03T20:00:00+08:00,1785758400000,72.41,72.52,72.29,72.38,121619.86,121619.86,8806555.6142,1
2026-08-03T21:00:00+08:00,1785762000000,72.38,73.26,72.28,73.23,534829.55,534829.55,38920489.3127,1
2026-08-03T22:00:00+08:00,1785765600000,73.23,73.77,72.97,73.75,672351.95,672351.95,49364390.3483,1
2026-08-03T23:00:00+08:00,1785769200000,73.76,73.8,73.42,73.57,341411.46,341411.46,25122793.7138,1
2026-08-04T00:00:00+08:00,1785772800000,73.57,73.78,73.19,73.39,290977.73,290977.73,21384443.6159,1
2026-08-04T01:00:00+08:00,1785776400000,73.39,73.83,73.28,73.66,201827.9,201827.9,14857867.702,1
2026-08-04T02:00:00+08:00,1785780000000,73.66,74.26,73.65,73.93,349313.24,349313.24,25843673.6635,1
2026-08-04T03:00:00+08:00,1785783600000,73.94,74.14,73.91,73.98,143450.79,143450.79,10616923.8013,1
2026-08-04T04:00:00+08:00,1785787200000,73.97,74.11,73.73,73.82,103602.09,103602.09,7656239.9826,1
2026-08-04T05:00:00+08:00,1785790800000,73.82,73.84,73.62,73.68,80578.63,80578.63,5941325.6137,1
2026-08-04T06:00:00+08:00,1785794400000,73.68,73.69,73.33,73.51,163056.25,163056.25,11981484.8229,1
2026-08-04T07:00:00+08:00,1785798000000,73.5,73.53,73.35,73.52,67296.49,67296.49,4941687.7131,1
2026-08-04T08:00:00+08:00,1785801600000,73.53,73.6,72.99,73.04,223499.04,223499.04,16382921.6416,1
2026-08-04T09:00:00+08:00,1785805200000,73.04,73.76,73.02,73.73,244499.7,244499.7,17968610.2124,1
2026-08-04T10:00:00+08:00,1785808800000,73.74,74.1,73.64,73.83,200688.46,200688.46,14822463.0826,1
2026-08-04T11:00:00+08:00,1785812400000,73.83,73.87,73.38,73.65,232433.25,232433.25,17101910.2565,1
2026-08-04T12:00:00+08:00,1785816000000,73.65,74.07,73.55,73.79,194473.22,194473.22,14357684.5692,1
2026-08-04T13:00:00+08:00,1785819600000,73.79,73.85,73.65,73.71,105078.65,105078.65,7748362.9422,1
2026-08-04T14:00:00+08:00,1785823200000,73.71,73.88,73.36,73.4,164553.95,164553.95,12108874.9176,1
2026-08-04T15:00:00+08:00,1785826800000,73.4,73.71,73.16,73.64,235221.92,235221.92,17265349.3878,1
2026-08-04T16:00:00+08:00,1785830400000,73.65,73.73,73.25,73.32,100949.09,100949.09,7413693.0971,1
2026-08-04T17:00:00+08:00,1785834000000,73.32,73.32,73.13,73.26,72313.38,72313.38,5295655.774,1
2026-08-04T18:00:00+08:00,1785837600000,73.27,73.67,73.07,73.57,189630.28,189630.28,13914423.9876,1
2026-08-04T19:00:00+08:00,1785841200000,73.57,74,73.5,73.9,259750.18,259750.18,19158511.0865,1
2026-08-04T20:00:00+08:00,1785844800000,73.9,74.06,73.71,73.78,210087.68,210087.68,15518836.4483,1
2026-08-04T21:00:00+08:00,1785848400000,73.78,74.02,73.54,73.6,352565.85,352565.85,26017358.1054,1
2026-08-04T22:00:00+08:00,1785852000000,73.6,73.9,73.27,73.78,467464.95,467464.95,34394938.5342,1
2026-08-04T23:00:00+08:00,1785855600000,73.79,74.17,73.37,73.95,446278.5,446278.5,32951211.898,1
2026-08-05T00:00:00+08:00,1785859200000,73.95,73.97,73.56,73.68,165263,165263,12194540.9372,1
2026-08-05T01:00:00+08:00,1785862800000,73.69,74.2,73.68,73.74,239291.65,239291.65,17698829.972,1
2026-08-05T02:00:00+08:00,1785866400000,73.74,74.37,73.73,74.13,193681.32,193681.32,14365432.4654,1
2026-08-05T03:00:00+08:00,1785870000000,74.13,74.36,74.08,74.15,140909.04,140909.04,10455113.4715,1
2026-08-05T04:00:00+08:00,1785873600000,74.16,74.43,73.84,74.23,254568.29,254568.29,18876557.8694,1
2026-08-05T05:00:00+08:00,1785877200000,74.23,74.24,73.97,74.09,144010.52,144010.52,10668069.22,1
2026-08-05T06:00:00+08:00,1785880800000,74.1,74.18,73.94,74.06,61753.95,61753.95,4572909.0681,1
2026-08-05T07:00:00+08:00,1785884400000,74.06,74.26,73.69,73.71,211266.88,211266.88,15621348.0885,1
2026-08-05T08:00:00+08:00,1785888000000,73.71,73.77,73.43,73.47,230735.07,230735.07,16982977.4043,1
2026-08-05T09:00:00+08:00,1785891600000,73.48,74.06,73.35,74.06,281075.15,281075.15,20721401.1471,1
2026-08-05T10:00:00+08:00,1785895200000,74.07,74.44,74.02,74.17,328895.45,328895.45,24404391.4778,1
2026-08-05T11:00:00+08:00,1785898800000,74.16,74.26,73.67,73.75,319204.91,319204.91,23576030.6615,1
2026-08-05T12:00:00+08:00,1785902400000,73.74,73.82,73.59,73.76,131275.83,131275.83,9676201.1885,1
2026-08-05T13:00:00+08:00,1785906000000,73.76,74.26,73.71,74.11,247097.41,247097.41,18292605.6301,1
2026-08-05T14:00:00+08:00,1785909600000,74.11,74.21,73.94,73.96,101843.64,101843.64,7543065.9255,1
2026-08-05T15:00:00+08:00,1785913200000,73.97,74,73.65,73.94,201538.88,201538.88,14865614.7862,1
2026-08-05T16:00:00+08:00,1785916800000,73.94,74.13,73.92,74.03,204386.34,204386.34,15130509.4718,1
2026-08-05T17:00:00+08:00,1785920400000,74.04,74.16,73.96,73.98,99545,99545,7375572.0201,1
2026-08-05T18:00:00+08:00,1785924000000,73.98,74.1,73.75,73.82,132840.73,132840.73,9819218.513,1
2026-08-05T19:00:00+08:00,1785927600000,73.82,73.97,73.7,73.75,122976.98,122976.98,9076847.8262,1
2026-08-05T20:00:00+08:00,1785931200000,73.75,74.36,73.68,74.02,361085.57,361085.57,26743097.9589,1
2026-08-05T21:00:00+08:00,1785934800000,74.03,74.06,73.2,73.93,783499.85,783499.85,57686326.1476,1
2026-08-05T22:00:00+08:00,1785938400000,73.93,74.11,73.57,73.92,405201.86,405201.86,29927937.3908,1
2026-08-05T23:00:00+08:00,1785942000000,73.92,74.26,73.8,73.9,402408.64,402408.64,29801326.1383,1
2026-08-06T00:00:00+08:00,1785945600000,73.89,74.4,73.89,74.24,354509.19,354509.19,26321508.1177,1
2026-08-06T01:00:00+08:00,1785949200000,74.24,74.63,74.08,74.51,264966.09,264966.09,19717462.7924,1
2026-08-06T02:00:00+08:00,1785952800000,74.52,74.8,74.39,74.49,284173.9,284173.9,21186303.1337,1
2026-08-06T03:00:00+08:00,1785956400000,74.49,74.6,74.38,74.43,145858.71,145858.71,10861557.9174,1
2026-08-06T04:00:00+08:00,1785960000000,74.44,74.55,74.26,74.34,168137.31,168137.31,12508784.1533,1
2026-08-06T05:00:00+08:00,1785963600000,74.35,74.36,74.03,74.08,153275.66,153275.66,11366455.8728,1
2026-08-06T06:00:00+08:00,1785967200000,74.09,74.17,73.96,73.97,95530.37,95530.37,7073094.8776,1
2026-08-06T07:00:00+08:00,1785970800000,73.97,74.07,73.8,73.99,132088.21,132088.21,9765170.7729,1
2026-08-06T08:00:00+08:00,1785974400000,74,74.23,74,74.02,149668.79,149668.79,11088117.0476,1
2026-08-06T09:00:00+08:00,1785978000000,74.02,74.07,73.68,73.71,228146.67,228146.67,16841275.7881,1
2026-08-06T10:00:00+08:00,1785981600000,73.7,73.74,73.33,73.5,379937.69,379937.69,27928878.8851,1
2026-08-06T11:00:00+08:00,1785985200000,73.49,73.55,73.39,73.45,179236.43,179236.43,13169616.8405,1
2026-08-06T12:00:00+08:00,1785988800000,73.45,73.84,73.34,73.81,251959.97,251959.97,18551810.1301,1
2026-08-06T13:00:00+08:00,1785992400000,73.82,74.3,73.81,74.19,365623.15,365623.15,27100693.2413,1
2026-08-06T14:00:00+08:00,1785996000000,74.19,74.2,73.9,74.01,148115.27,148115.27,10964931.246,1
2026-08-06T15:00:00+08:00,1785999600000,74,74.09,73.83,73.84,88041.57,88041.57,6511251.951,1
2026-08-06T16:00:00+08:00,1786003200000,73.84,74.07,73.67,73.95,202375.52,202375.52,14936523.1559,1
2026-08-06T17:00:00+08:00,1786006800000,73.95,73.96,73.15,73.27,542985.79,542985.79,39883738.3725,1
2026-08-06T18:00:00+08:00,1786010400000,73.27,73.4,73.12,73.28,299144,299144,21914358.3744,1
2026-08-06T19:00:00+08:00,1786014000000,73.28,73.53,73.14,73.41,195899.26,195899.26,14370331.705,1
2026-08-06T20:00:00+08:00,1786017600000,73.41,73.43,73.08,73.1,166192.78,166192.78,12180870.4502,1
2026-08-06T21:00:00+08:00,1786021200000,73.1,73.28,72.8,73.2,520012.95,520012.95,37957394.2407,1
2026-08-06T22:00:00+08:00,1786024800000,73.19,73.54,73.05,73.43,302032.22,302032.22,22136639.4297,1
2026-08-06T23:00:00+08:00,1786028400000,73.42,73.6,73.25,73.26,198069.83,198069.83,14546492.6694,1
2026-08-07T00:00:00+08:00,1786032000000,73.27,73.45,73.05,73.41,163708.96,163708.96,11992819.4793,1
2026-08-07T01:00:00+08:00,1786035600000,73.4,73.51,73.02,73.14,95047.1,95047.1,6959588.2278,1
2026-08-07T02:00:00+08:00,1786039200000,73.14,73.19,72.66,72.78,198902.92,198902.92,14496329.8221,1
2026-08-07T03:00:00+08:00,1786042800000,72.78,72.9,72.5,72.76,238822.68,238822.68,17356864.4328,1
2026-08-07T04:00:00+08:00,1786046400000,72.75,72.95,72.75,72.81,105198.83,105198.83,7664226.8728,1
2026-08-07T05:00:00+08:00,1786050000000,72.81,72.95,72.74,72.82,152169.86,152169.86,11086165.9481,1
2026-08-07T06:00:00+08:00,1786053600000,72.82,72.85,72.61,72.64,74641.68,74641.68,5426903.7032,1
2026-08-07T07:00:00+08:00,1786057200000,72.64,72.69,72.27,72.64,262509.85,262509.85,19018893.3381,1
2026-08-07T08:00:00+08:00,1786060800000,72.64,72.77,72.51,72.62,139987.53,139987.53,10167829.7155,1
2026-08-07T09:00:00+08:00,1786064400000,72.61,72.83,72.55,72.7,114496.68,114496.68,8321175.7421,1
2026-08-07T10:00:00+08:00,1786068000000,72.7,72.9,72.43,72.66,200798.26,200798.26,14591491.5913,1
2026-08-07T11:00:00+08:00,1786071600000,72.65,72.72,72.49,72.58,107070.07,107070.07,7776242.3327,1
2026-08-07T12:00:00+08:00,1786075200000,72.58,72.76,72.46,72.64,104945.73,104945.73,7623960.6706,1
2026-08-07T13:00:00+08:00,1786078800000,72.63,72.92,72.4,72.82,213857.45,213857.45,15537708.4434,1
2026-08-07T14:00:00+08:00,1786082400000,72.82,73.03,72.75,72.8,190078.17,190078.17,13856636.3672,1
2026-08-07T15:00:00+08:00,1786086000000,72.79,72.98,72.69,72.87,160431.27,160431.27,11690599.4395,1
2026-08-07T16:00:00+08:00,1786089600000,72.87,73.28,72.87,73.15,161034.83,161034.83,11766051.7613,1
2026-08-07T17:00:00+08:00,1786093200000,73.15,73.71,73.14,73.58,558560.11,558560.11,41060154.4519,1
2026-08-07T18:00:00+08:00,1786096800000,73.58,73.73,73.45,73.5,186105.49,186105.49,13689445.0947,1
2026-08-07T19:00:00+08:00,1786100400000,73.5,73.74,73.49,73.58,182039.97,182039.97,13398346.2391,1
2026-08-07T20:00:00+08:00,1786104000000,73.58,74.31,73.58,73.86,624910.93,624910.93,46180664.9466,1
2026-08-07T21:00:00+08:00,1786107600000,73.87,74.33,73.75,74.09,438301.23,438301.23,32456996.108,1
2026-08-07T22:00:00+08:00,1786111200000,74.08,74.2,73.53,73.69,477151.49,477151.49,35245371.3549,1
2026-08-07T23:00:00+08:00,1786114800000,73.69,73.94,73.66,73.86,163455.02,163455.02,12064982.1464,1
2026-08-08T00:00:00+08:00,1786118400000,73.85,74.09,73.53,73.54,198868.09,198868.09,14679263.3297,1
2026-08-08T01:00:00+08:00,1786122000000,73.54,73.54,73.15,73.39,310911.37,310911.37,22801460.9207,1
2026-08-08T02:00:00+08:00,1786125600000,73.4,73.55,73.23,73.38,91362.54,91362.54,6707116.3736,1
2026-08-08T03:00:00+08:00,1786129200000,73.38,74,73.37,73.98,192598.7,192598.7,14210078.2801,1
2026-08-08T04:00:00+08:00,1786132800000,73.98,74.06,73.76,73.8,151096.67,151096.67,11171917.1702,1
2026-08-08T05:00:00+08:00,1786136400000,73.79,73.86,73.57,73.62,142933.91,142933.91,10535947.5144,1
2026-08-08T06:00:00+08:00,1786140000000,73.62,73.7,73.56,73.61,62044.6,62044.6,4567614.6584,1
2026-08-08T07:00:00+08:00,1786143600000,73.62,73.76,73.59,73.63,73313.46,73313.46,5401594.5133,1
2026-08-08T08:00:00+08:00,1786147200000,73.64,73.73,73.54,73.69,94653.63,94653.63,6969127.1042,1
2026-08-08T09:00:00+08:00,1786150800000,73.69,73.94,73.65,73.85,103859.4,103859.4,7666697.0141,1
2026-08-08T10:00:00+08:00,1786154400000,73.84,73.95,73.8,73.82,100857.94,100857.94,7452594.6384,1
2026-08-08T11:00:00+08:00,1786158000000,73.82,74.98,73.81,74.81,627278,627278,46712847.0009,1
2026-08-08T12:00:00+08:00,1786161600000,74.81,75.13,74.55,74.61,476366.24,476366.24,35616826.9417,1
2026-08-08T13:00:00+08:00,1786165200000,74.6,74.73,74.44,74.62,186943.95,186943.95,13942440.1962,1
2026-08-08T14:00:00+08:00,1786168800000,74.61,74.79,74.53,74.67,132354.15,132354.15,9882515.6783,1
2026-08-08T15:00:00+08:00,1786172400000,74.68,74.8,74.62,74.77,142966.66,142966.66,10681172.2285,1
2026-08-08T16:00:00+08:00,1786176000000,74.78,74.88,74.65,74.77,159172.24,159172.24,11897194.1425,1
2026-08-08T17:00:00+08:00,1786179600000,74.77,75,74.76,74.83,153121.31,153121.31,11462299.8466,1
2026-08-08T18:00:00+08:00,1786183200000,74.83,75.14,74.82,75.04,195158.47,195158.47,14631658.668,1
2026-08-08T19:00:00+08:00,1786186800000,75.04,75.66,75.01,75.55,756487.22,756487.22,56999354.2237,1
2026-08-08T20:00:00+08:00,1786190400000,75.56,75.63,75.31,75.4,391915.04,391915.04,29578888.962,1
2026-08-08T21:00:00+08:00,1786194000000,75.4,75.52,75.38,75.5,122536.61,122536.61,9244865.1756,1
2026-08-08T22:00:00+08:00,1786197600000,75.49,76.6,75.49,76.44,909211.26,909211.26,69154638.6096,1
2026-08-08T23:00:00+08:00,1786201200000,76.45,76.79,76.18,76.35,689729.15,689729.15,52749888.5071,1
2026-08-09T00:00:00+08:00,1786204800000,76.35,76.47,76.11,76.34,211826.23,211826.23,16160373.0226,1
2026-08-09T01:00:00+08:00,1786208400000,76.34,76.46,76.23,76.34,172503.91,172503.91,13169575.3224,1
2026-08-09T02:00:00+08:00,1786212000000,76.34,76.34,76.01,76.1,184767.34,184767.34,14067398.6191,1
2026-08-09T03:00:00+08:00,1786215600000,76.1,76.26,75.93,76.12,128230.49,128230.49,9754217.4177,1
2026-08-09T04:00:00+08:00,1786219200000,76.12,76.25,76.1,76.23,53208.76,53208.76,4053023.6193,1
2026-08-09T05:00:00+08:00,1786222800000,76.23,76.33,76.11,76.18,76094.32,76094.32,5801674.5742,1
2026-08-09T06:00:00+08:00,1786226400000,76.17,76.25,75.81,75.87,243477.3,243477.3,18499683.8182,1
2026-08-09T07:00:00+08:00,1786230000000,75.87,76.06,75.73,75.98,202027.4,202027.4,15327692.3404,1
2026-08-09T08:00:00+08:00,1786233600000,75.97,76.03,75.81,75.98,122333.83,122333.83,9289400.3298,1
2026-08-09T09:00:00+08:00,1786237200000,75.98,76.06,75.67,75.83,157415.82,157415.82,11940126.3222,1
2026-08-09T10:00:00+08:00,1786240800000,75.83,75.96,75.75,75.83,129963.27,129963.27,9857775.1246,1
2026-08-09T11:00:00+08:00,1786244400000,75.83,76.02,75.72,75.95,162019.33,162019.33,12295310.4087,1
2026-08-09T12:00:00+08:00,1786248000000,75.95,76.09,75.91,75.93,90269.28,90269.28,6859921.0843,1
2026-08-09T13:00:00+08:00,1786251600000,75.94,75.99,75.84,75.96,70713.99,70713.99,5369306.0587,1
2026-08-09T14:00:00+08:00,1786255200000,75.97,76.46,75.92,76.37,266681.86,266681.86,20337758.9586,1
2026-08-09T15:00:00+08:00,1786258800000,76.38,76.45,76.19,76.32,195177.39,195177.39,14892459.1734,1
2026-08-09T16:00:00+08:00,1786262400000,76.32,76.54,76.07,76.27,256713.81,256713.81,19579488.2913,1
2026-08-09T17:00:00+08:00,1786266000000,76.28,76.58,76.21,76.42,300814.55,300814.55,22983746.3445,1
2026-08-09T18:00:00+08:00,1786269600000,76.42,76.63,76.33,76.34,169035.35,169035.35,12927567.3842,1
2026-08-09T19:00:00+08:00,1786273200000,76.35,76.51,76.3,76.46,102304.26,102304.26,7816491.6525,1
2026-08-09T20:00:00+08:00,1786276800000,76.47,76.57,76.27,76.32,160867.71,160867.71,12292215.2741,1
2026-08-09T21:00:00+08:00,1786280400000,76.33,76.87,76.31,76.53,309915.94,309915.94,23759377.4087,1
2026-08-09T22:00:00+08:00,1786284000000,76.54,77.08,76.53,77,415586.98,415586.98,31934792.7463,1
2026-08-09T23:00:00+08:00,1786287600000,77,77.44,76.81,77.39,679172.87,679172.87,52401372.0474,1
2026-08-10T00:00:00+08:00,1786291200000,77.38,77.55,77.04,77.28,462010.17,462010.17,35717353.0146,1
2026-08-10T01:00:00+08:00,1786294800000,77.29,77.3,77.09,77.14,131964.41,131964.41,10187562.6791,1
2026-08-10T02:00:00+08:00,1786298400000,77.13,77.21,77.03,77.17,78027.16,78027.16,6018605.1237,1
2026-08-10T03:00:00+08:00,1786302000000,77.17,77.32,77.09,77.19,98555.17,98555.17,7610150.745,1
2026-08-10T04:00:00+08:00,1786305600000,77.19,77.25,77.03,77.22,71846.34,71846.34,5542476.394,1
2026-08-10T05:00:00+08:00,1786309200000,77.23,77.47,77.11,77.31,98399.18,98399.18,7608917.1882,1
2026-08-10T06:00:00+08:00,1786312800000,77.32,77.84,76.59,76.76,576669.86,576669.86,44504802.3639,1
2026-08-10T07:00:00+08:00,1786316400000,76.76,76.89,76.16,76.24,663645.08,663645.08,50710905.5723,1
2026-08-10T08:00:00+08:00,1786320000000,76.23,77.03,76.2,76.5,573849.91,573849.91,43946603.7913,1
2026-08-10T09:00:00+08:00,1786323600000,76.51,77.14,76.36,76.88,292210.84,292210.84,22430733.1724,1
2026-08-10T10:00:00+08:00,1786327200000,76.88,76.9,76.39,76.79,217403.46,217403.46,16661875.1142,1
2026-08-10T11:00:00+08:00,1786330800000,76.78,76.9,76.32,76.59,245524.07,245524.07,18815627.5666,1
2026-08-10T12:00:00+08:00,1786334400000,76.6,76.72,76.4,76.51,121290.38,121290.38,9288325.2241,1
2026-08-10T13:00:00+08:00,1786338000000,76.51,76.93,76.5,76.84,152519.54,152519.54,11706294.3475,1
2026-08-10T14:00:00+08:00,1786341600000,76.85,77.05,76.78,76.96,219706.62,219706.62,16899970.2576,1
2026-08-10T15:00:00+08:00,1786345200000,76.95,77.1,76.8,76.95,172516.36,172516.36,13278300.8651,1
2026-08-10T16:00:00+08:00,1786348800000,76.95,77.12,76.64,76.92,237505.21,237505.21,18262468.2671,1
2026-08-10T17:00:00+08:00,1786352400000,76.92,76.99,76.51,76.52,228739.08,228739.08,17542854.5998,1
2026-08-10T18:00:00+08:00,1786356000000,76.53,76.86,76.5,76.78,179023.37,179023.37,13728364.3373,1
2026-08-10T19:00:00+08:00,1786359600000,76.79,77.02,76.63,77.01,130248.77,130248.77,10004973.1471,1
2026-08-10T20:00:00+08:00,1786363200000,77.01,77.1,76.56,76.59,370660.76,370660.76,28491244.9125,1
2026-08-10T21:00:00+08:00,1786366800000,76.6,76.73,76.08,76.28,550243.74,550243.74,42033320.2715,1
2026-08-10T22:00:00+08:00,1786370400000,76.27,76.66,76.2,76.23,308591.91,308591.91,23597674.1542,1
2026-08-10T23:00:00+08:00,1786374000000,76.22,76.39,75.77,75.92,690816.09,690816.09,52504278.7184,1
2026-08-11T00:00:00+08:00,1786377600000,75.91,76.07,75.53,75.68,464482,464482,35189969.409,1
2026-08-11T01:00:00+08:00,1786381200000,75.68,76.08,75.58,75.94,190555.19,190555.19,14465640.1724,1
2026-08-11T02:00:00+08:00,1786384800000,75.94,76.03,75.68,75.79,120181.89,120181.89,9116644.1679,1
2026-08-11T03:00:00+08:00,1786388400000,75.78,76.24,75.77,76.15,177643.29,177643.29,13504975.9215,1
2026-08-11T04:00:00+08:00,1786392000000,76.16,76.48,76.13,76.4,122412.39,122412.39,9340797.4834,1
2026-08-11T05:00:00+08:00,1786395600000,76.39,76.46,76.25,76.27,79964.07,79964.07,6106475.8907,1
2026-08-11T06:00:00+08:00,1786399200000,76.26,76.35,75.99,76.19,135078.34,135078.34,10288400.7372,1
2026-08-11T07:00:00+08:00,1786402800000,76.18,76.19,75.94,75.96,91291.51,91291.51,6943012.5531,1
2026-08-11T08:00:00+08:00,1786406400000,75.95,76.02,75.72,75.87,202346.64,202346.64,15351812.6155,1
2026-08-11T09:00:00+08:00,1786410000000,75.86,76.08,75.67,76.07,153994.45,153994.45,11682307.7647,1
2026-08-11T10:00:00+08:00,1786413600000,76.07,76.11,75.95,76,86518.05,86518.05,6578342.3096,1
2026-08-11T11:00:00+08:00,1786417200000,76,76.22,76,76.03,124732.8,124732.8,9495864.1424,1
2026-08-11T12:00:00+08:00,1786420800000,76.04,76.19,76.03,76.04,68681.79,68681.79,5227283.1158,1
2026-08-11T13:00:00+08:00,1786424400000,76.04,76.05,75.74,75.77,171445.78,171445.78,13008785.2751,1
2026-08-11T14:00:00+08:00,1786428000000,75.77,76.01,75.61,75.78,311453.28,311453.28,23610614.3601,1
2026-08-11T15:00:00+08:00,1786431600000,75.77,75.83,75.38,75.66,341785.54,341785.54,25818813.8758,1
2026-08-11T16:00:00+08:00,1786435200000,75.65,75.94,75.58,75.89,173816.08,173816.08,13166250.1109,1
2026-08-11T17:00:00+08:00,1786438800000,75.9,75.91,75.63,75.85,173328.31,173328.31,13131788.2817,1
2026-08-11T18:00:00+08:00,1786442400000,75.85,76.03,75.72,75.9,175746.6,175746.6,13334762.8561,1
2026-08-11T19:00:00+08:00,1786446000000,75.91,76.32,75.9,76.17,233740.66,233740.66,17796650.177,1
2026-08-11T20:00:00+08:00,1786449600000,76.17,76.21,75.75,75.81,224409.75,224409.75,17036490.3896,1
2026-08-11T21:00:00+08:00,1786453200000,75.81,76.06,75.68,75.97,277227.89,277227.89,21030484.5738,1
2026-08-11T22:00:00+08:00,1786456800000,75.96,76.11,75.04,75.16,581378.52,581378.52,43880723.6112,1
2026-08-11T23:00:00+08:00,1786460400000,75.16,75.38,74.58,74.88,676243.77,676243.77,50673980.8511,1
2026-08-12T00:00:00+08:00,1786464000000,74.88,75.05,74.75,74.88,217322.83,217322.83,16279638.9294,1
2026-08-12T01:00:00+08:00,1786467600000,74.88,75.18,74.88,75.13,156859.92,156859.92,11766719.558,1
2026-08-12T02:00:00+08:00,1786471200000,75.12,75.3,75.04,75.22,153419.16,153419.16,11535652.7456,1
2026-08-12T03:00:00+08:00,1786474800000,75.22,75.67,75.01,75.61,208358.83,208358.83,15710147.0225,1
2026-08-12T04:00:00+08:00,1786478400000,75.61,76.2,75.6,76,408371.37,408371.37,31033562.3682,1
2026-08-12T05:00:00+08:00,1786482000000,76.01,76.4,75.95,76.39,198351.96,198351.96,15101868.5133,1
2026-08-12T06:00:00+08:00,1786485600000,76.4,76.64,76.21,76.37,253840.38,253840.38,19400565.0627,1
2026-08-12T07:00:00+08:00,1786489200000,76.37,76.37,76.15,76.26,151758.78,151758.78,11566463.039,1
2026-08-12T08:00:00+08:00,1786492800000,76.26,76.33,76.18,76.33,103974.83,103974.83,7927779.4,1
2026-08-12T09:00:00+08:00,1786496400000,76.33,76.55,76.25,76.39,206359.7,206359.7,15766031.8421,1
2026-08-12T10:00:00+08:00,1786500000000,76.39,76.57,76.38,76.39,189296.95,189296.95,14476161.6445,1
2026-08-12T11:00:00+08:00,1786503600000,76.39,76.5,76.22,76.38,172895.83,172895.83,13203190.3942,1
2026-08-12T12:00:00+08:00,1786507200000,76.39,76.55,76.24,76.27,97173.08,97173.08,7421909.1053,1
2026-08-12T13:00:00+08:00,1786510800000,76.26,76.34,76.1,76.28,179394.81,179394.81,13674666.4551,1
2026-08-12T14:00:00+08:00,1786514400000,76.28,76.32,75.93,76.02,190436.37,190436.37,14492095.9367,1
2026-08-12T15:00:00+08:00,1786518000000,76.01,76.24,75.91,76.22,143081.21,143081.21,10882831.9987,1
2026-08-12T16:00:00+08:00,1786521600000,76.23,76.43,76.11,76.13,253682.89,253682.89,19355767.1583,1
2026-08-12T17:00:00+08:00,1786525200000,76.13,76.86,76.08,76.69,392590.07,392590.07,30069801.0343,1
2026-08-12T18:00:00+08:00,1786528800000,76.7,76.83,76.6,76.71,380996.25,380996.25,29225222.0734,1
2026-08-12T19:00:00+08:00,1786532400000,76.72,76.81,76.65,76.79,153097.98,153097.98,11746539.3281,1
2026-08-12T20:00:00+08:00,1786536000000,76.79,77.3,76.33,76.6,930519.82,930519.82,71475866.3815,1
2026-08-12T21:00:00+08:00,1786539600000,76.61,76.63,76.01,76.19,418195.63,418195.63,31923725.1974,1
2026-08-12T22:00:00+08:00,1786543200000,76.19,76.21,75.37,75.42,690605.78,690605.78,52326739.2871,1
2026-08-12T23:00:00+08:00,1786546800000,75.42,75.84,75.33,75.72,254451.19,254451.19,19255014.6222,1
2026-08-13T00:00:00+08:00,1786550400000,75.71,75.81,75.52,75.65,140019.27,140019.27,10595029.831,1
2026-08-13T01:00:00+08:00,1786554000000,75.65,76.02,75.63,75.88,127194.68,127194.68,9647605.5116,1
2026-08-13T02:00:00+08:00,1786557600000,75.87,76.07,75.79,75.85,96445.36,96445.36,7322159.8752,1
2026-08-13T03:00:00+08:00,1786561200000,75.84,75.96,75.55,75.73,107749.44,107749.44,8161788.1525,1
2026-08-13T04:00:00+08:00,1786564800000,75.72,75.98,75.69,75.89,92363.14,92363.14,7004188.1778,1
2026-08-13T05:00:00+08:00,1786568400000,75.9,75.98,75.4,75.42,198277.08,198277.08,14987002.5567,1
2026-08-13T06:00:00+08:00,1786572000000,75.42,75.63,75.3,75.48,176104.39,176104.39,13285335.4616,1
2026-08-13T07:00:00+08:00,1786575600000,75.48,75.61,75.34,75.58,140829.32,140829.32,10626750.1113,1
2026-08-13T08:00:00+08:00,1786579200000,75.58,75.85,75.51,75.57,144786.41,144786.41,10957423.5686,1
2026-08-13T09:00:00+08:00,1786582800000,75.58,75.77,75.43,75.59,142229.3,142229.3,10754217.2821,1
2026-08-13T10:00:00+08:00,1786586400000,75.59,75.94,75.48,75.94,202977.37,202977.37,15363397.9452,1
2026-08-13T11:00:00+08:00,1786590000000,75.93,76.27,75.91,76.21,323839.79,323839.79,24656769.9054,1
2026-08-13T12:00:00+08:00,1786593600000,76.21,76.24,75.98,76.08,151021.61,151021.61,11492313.2514,1
2026-08-13T13:00:00+08:00,1786597200000,76.08,76.59,76.04,76.48,311577.58,311577.58,23795407.9044,1
2026-08-13T14:00:00+08:00,1786600800000,76.48,76.5,76.27,76.49,195716.13,195716.13,14951354.9694,1
2026-08-13T15:00:00+08:00,1786604400000,76.49,76.49,76.35,76.41,120025.97,120025.97,9170658.2899,1
2026-08-13T16:00:00+08:00,1786608000000,76.41,76.45,76.13,76.17,148735.56,148735.56,11339718.8769,1
2026-08-13T17:00:00+08:00,1786611600000,76.17,76.17,75.83,76.12,263951.19,263951.19,20057450.9879,1
2026-08-13T18:00:00+08:00,1786615200000,76.12,76.14,75.65,75.71,296890.25,296890.25,22507776.6922,1
2026-08-13T19:00:00+08:00,1786618800000,75.7,75.72,75.51,75.61,223907.53,223907.53,16927010.1552,1
2026-08-13T20:00:00+08:00,1786622400000,75.6,76.1,75.58,76.08,295172.85,295172.85,22388478.9587,1
2026-08-13T21:00:00+08:00,1786626000000,76.08,76.33,75.99,76.16,240228.59,240228.59,18291759.1675,1
2026-08-13T22:00:00+08:00,1786629600000,76.15,76.55,76.09,76.42,324403.65,324403.65,24783434.4664,1
2026-08-13T23:00:00+08:00,1786633200000,76.42,76.5,75.59,75.6,356136.92,356136.92,27082846.3628,1
2026-08-14T00:00:00+08:00,1786636800000,75.6,75.84,75.06,75.55,799488.08,799488.08,60351540.2853,1
2026-08-14T01:00:00+08:00,1786640400000,75.55,75.9,75.5,75.72,258622.77,258622.77,19582618.5678,1
2026-08-14T02:00:00+08:00,1786644000000,75.72,76.07,75.64,75.97,120139.58,120139.58,9109727.6952,1
2026-08-14T03:00:00+08:00,1786647600000,75.98,76.25,75.93,76.16,185078.42,185078.42,14083616.9827,1
2026-08-14T04:00:00+08:00,1786651200000,76.15,76.3,76.1,76.19,141015.22,141015.22,10744179.9398,1
2026-08-14T05:00:00+08:00,1786654800000,76.19,76.27,76.07,76.17,74358.34,74358.34,5663259.7365,1
2026-08-14T06:00:00+08:00,1786658400000,76.17,76.41,76.16,76.2,113033.61,113033.61,8626464.0413,1
2026-08-14T07:00:00+08:00,1786662000000,76.2,76.27,76.11,76.23,73447.48,73447.48,5596253.6135,1
2026-08-14T08:00:00+08:00,1786665600000,76.23,76.29,75.95,76.06,139512.97,139512.97,10617531.8585,1
2026-08-14T09:00:00+08:00,1786669200000,76.05,76.15,75.87,76.05,89199.77,89199.77,6779090.4509,1
2026-08-14T10:00:00+08:00,1786672800000,76.06,76.18,75.95,76,82283.5,82283.5,6258450.1839,1
2026-08-14T11:00:00+08:00,1786676400000,75.99,76.03,75.7,75.73,157379.64,157379.64,11931990.9796,1
2026-08-14T12:00:00+08:00,1786680000000,75.72,76,75.7,75.8,92094.37,92094.37,6987816.7243,1
2026-08-14T13:00:00+08:00,1786683600000,75.8,75.96,75.76,75.88,81485.5,81485.5,6180366.1793,1
2026-08-14T14:00:00+08:00,1786687200000,75.88,75.89,75.49,75.5,203109.82,203109.82,15358500.2145,1
2026-08-14T15:00:00+08:00,1786690800000,75.5,75.69,75.45,75.53,149914.22,149914.22,11330161.9129,1
2026-08-14T16:00:00+08:00,1786694400000,75.53,75.84,75.52,75.83,142004.1,142004.1,10745155.311,1
2026-08-14T17:00:00+08:00,1786698000000,75.83,75.84,75.37,75.45,245411.57,245411.57,18543888.2572,1
2026-08-14T18:00:00+08:00,1786701600000,75.46,75.61,75.3,75.36,210835.71,210835.71,15909419.3879,1
2026-08-14T19:00:00+08:00,1786705200000,75.35,75.56,75.35,75.5,107272.96,107272.96,8095741.4865,1
2026-08-14T20:00:00+08:00,1786708800000,75.5,75.56,75.29,75.42,117198.37,117198.37,8838769.7904,1
2026-08-14T21:00:00+08:00,1786712400000,75.43,75.44,75.19,75.32,197890.99,197890.99,14904978.3411,1
2026-08-14T22:00:00+08:00,1786716000000,75.33,75.38,75.01,75.22,286671.69,286671.69,21557484.6368,1
2026-08-14T23:00:00+08:00,1786719600000,75.22,75.72,75.14,75.61,226654.26,226654.26,17107154.0111,1
2026-08-15T00:00:00+08:00,1786723200000,75.6,75.66,75.4,75.43,177629.97,177629.97,13419440.5691,1
2026-08-15T01:00:00+08:00,1786726800000,75.43,75.63,75.11,75.25,150637.93,150637.93,11350238.9135,1
2026-08-15T02:00:00+08:00,1786730400000,75.25,75.26,74.88,74.92,331183.95,331183.95,24854526.2554,1
2026-08-15T03:00:00+08:00,1786734000000,74.92,75.05,74.62,74.96,372268.17,372268.17,27849108.7341,1
2026-08-15T04:00:00+08:00,1786737600000,74.95,75.2,74.92,75.1,123209.48,123209.48,9252229.9708,1
2026-08-15T05:00:00+08:00,1786741200000,75.11,75.2,75.04,75.14,64157.73,64157.73,4819920.8847,1
2026-08-15T06:00:00+08:00,1786744800000,75.15,75.24,74.93,75.15,95624.66,95624.66,7181233.6102,1
2026-08-15T07:00:00+08:00,1786748400000,75.15,75.37,75.11,75.35,104293.64,104293.64,7850388.3185,1
2026-08-15T08:00:00+08:00,1786752000000,75.36,75.39,75.29,75.31,78724.61,78724.61,5931169.5177,1
2026-08-15T09:00:00+08:00,1786755600000,75.31,75.43,75.25,75.37,87259.09,87259.09,6575889.4308,1
2026-08-15T10:00:00+08:00,1786759200000,75.37,75.64,75.35,75.61,146545.03,146545.03,11067410.6206,1
2026-08-15T11:00:00+08:00,1786762800000,75.62,75.68,75.35,75.36,135243.26,135243.26,10214550.6626,1
2026-08-15T12:00:00+08:00,1786766400000,75.36,75.56,75.31,75.47,135068.38,135068.38,10190859.0938,1
2026-08-15T13:00:00+08:00,1786770000000,75.47,75.55,75.24,75.3,154016.84,154016.84,11610963.235,1
2026-08-15T14:00:00+08:00,1786773600000,75.3,75.45,75.22,75.37,95337.38,95337.38,7180145.496,1
2026-08-15T15:00:00+08:00,1786777200000,75.38,75.38,75.16,75.2,74379.37,74379.37,5597799.4376,1
2026-08-15T16:00:00+08:00,1786780800000,75.2,75.27,75.02,75.03,145573.54,145573.54,10938018.3702,1
2026-08-15T17:00:00+08:00,1786784400000,75.04,75.21,74.99,75.19,109463.7,109463.7,8218777.3512,1
2026-08-15T18:00:00+08:00,1786788000000,75.2,75.32,75.16,75.25,97952.73,97952.73,7369359.8634,1
2026-08-15T19:00:00+08:00,1786791600000,75.24,75.27,75.17,75.21,45955.89,45955.89,3456963.672,1
2026-08-15T20:00:00+08:00,1786795200000,75.2,75.39,75.16,75.38,41444.09,41444.09,3118318.4478,1
2026-08-15T21:00:00+08:00,1786798800000,75.37,75.53,75.35,75.52,111697.52,111697.52,8428717.5307,1
2026-08-15T22:00:00+08:00,1786802400000,75.51,75.54,75.39,75.41,109811.07,109811.07,8287165.6904,1
2026-08-15T23:00:00+08:00,1786806000000,75.4,75.49,75.32,75.47,80159.28,80159.28,6045388.398,1
2026-08-16T00:00:00+08:00,1786809600000,75.48,75.49,75.36,75.43,51519.79,51519.79,3885874.7214,1
2026-08-16T01:00:00+08:00,1786813200000,75.44,75.64,75.43,75.61,98411.34,98411.34,7435594.2925,1
2026-08-16T02:00:00+08:00,1786816800000,75.62,75.64,75.46,75.51,76376.24,76376.24,5768392.3813,1
2026-08-16T03:00:00+08:00,1786820400000,75.51,75.52,75.48,75.51,32011.43,32011.43,2416793.5768,1
2026-08-16T04:00:00+08:00,1786824000000,75.51,75.52,75.37,75.48,59111,59111,4460445.4908,1
2026-08-16T05:00:00+08:00,1786827600000,75.48,75.7,75.48,75.58,74817.04,74817.04,5656971.9707,1
2026-08-16T06:00:00+08:00,1786831200000,75.58,75.65,75.51,75.53,52460,52460,3965028.3209,1
2026-08-16T07:00:00+08:00,1786834800000,75.54,75.54,75.27,75.3,139358.32,139358.32,10504085.8678,1
2026-08-16T08:00:00+08:00,1786838400000,75.3,75.46,75.21,75.43,98697.04,98697.04,7434999.0458,1
2026-08-16T09:00:00+08:00,1786842000000,75.42,75.44,75.25,75.38,65291.9,65291.9,4919558.7399,1
2026-08-16T10:00:00+08:00,1786845600000,75.38,75.62,75.22,75.52,143057.78,143057.78,10800724.7131,1
2026-08-16T11:00:00+08:00,1786849200000,75.53,75.61,75.52,75.52,60728.71,60728.71,4589032.1481,1
2026-08-16T12:00:00+08:00,1786852800000,75.53,75.57,75.39,75.41,62231.71,62231.71,4698306.6068,1
2026-08-16T13:00:00+08:00,1786856400000,75.41,75.48,75.3,75.32,103753.4,103753.4,7819717.0754,1
2026-08-16T14:00:00+08:00,1786860000000,75.31,75.5,75.25,75.35,95343.8,95343.8,7184367.7601,1
2026-08-16T15:00:00+08:00,1786863600000,75.34,75.45,75.31,75.43,37749.48,37749.48,2845641.4821,1
2026-08-16T16:00:00+08:00,1786867200000,75.43,75.45,75.37,75.43,35013.29,35013.29,2640424.5838,1
2026-08-16T17:00:00+08:00,1786870800000,75.43,75.45,75.23,75.29,93579.85,93579.85,7048108.1369,1
2026-08-16T18:00:00+08:00,1786874400000,75.29,75.3,75.13,75.23,114035.51,114035.51,8575229.0615,1
2026-08-16T19:00:00+08:00,1786878000000,75.23,75.27,75.17,75.23,53965.18,53965.18,4059490.4676,1
2026-08-16T20:00:00+08:00,1786881600000,75.23,75.25,75.15,75.18,42982.68,42982.68,3232412.5732,1
2026-08-16T21:00:00+08:00,1786885200000,75.18,75.37,75.18,75.27,68877.34,68877.34,5186994.5769,1
2026-08-16T22:00:00+08:00,1786888800000,75.26,75.37,75.2,75.36,65060.11,65060.11,4897424.5048,1
2026-08-16T23:00:00+08:00,1786892400000,75.35,75.6,75.35,75.52,141673.19,141673.19,10695843.5139,1
2026-08-17T00:00:00+08:00,1786896000000,75.53,75.68,75.45,75.51,162875.61,162875.61,12303620.962,1
2026-08-17T01:00:00+08:00,1786899600000,75.52,75.56,75.23,75.23,117628.28,117628.28,8866922.3827,1
2026-08-17T02:00:00+08:00,1786903200000,75.23,75.25,74.98,75.14,173651.82,173651.82,13044580.7609,1
2026-08-17T03:00:00+08:00,1786906800000,75.14,75.32,75.14,75.18,75275.65,75275.65,5663543.4862,1
2026-08-17T04:00:00+08:00,1786910400000,75.18,75.29,74.91,74.99,151104.46,151104.46,11349086.3735,1
2026-08-17T05:00:00+08:00,1786914000000,74.99,75.05,73.92,74.29,693601.53,693601.53,51628384.3464,1
2026-08-17T06:00:00+08:00,1786917600000,74.28,74.48,74.11,74.46,227138.68,227138.68,16880958.1669,1
2026-08-17T07:00:00+08:00,1786921200000,74.46,74.61,74.41,74.56,116362.87,116362.87,8670110.6803,1
2026-08-17T08:00:00+08:00,1786924800000,74.55,74.7,74.38,74.58,200961.16,200961.16,14980746.7224,1
2026-08-17T09:00:00+08:00,1786928400000,74.58,75.31,74.53,75.05,350793.71,350793.71,26325350.1351,1
2026-08-17T10:00:00+08:00,1786932000000,75.05,75.55,75.01,75.44,300937.74,300937.74,22661777.9089,1
2026-08-17T11:00:00+08:00,1786935600000,75.45,75.54,75.4,75.46,175829.1,175829.1,13268569.0338,1
2026-08-17T12:00:00+08:00,1786939200000,75.45,75.6,75.45,75.5,146957.26,146957.26,11096533.8982,1
2026-08-17T13:00:00+08:00,1786942800000,75.51,75.57,75.34,75.36,116387.3,116387.3,8779874.006,1
2026-08-17T14:00:00+08:00,1786946400000,75.35,75.97,75.3,75.81,368193.62,368193.62,27853370.6427,1
2026-08-17T15:00:00+08:00,1786950000000,75.81,75.92,75.7,75.74,158848.71,158848.71,12039291.5435,1
2026-08-17T16:00:00+08:00,1786953600000,75.75,75.78,75.13,75.21,400399.79,400399.79,30186024.6207,1
2026-08-17T17:00:00+08:00,1786957200000,75.2,75.4,75.19,75.31,107883.16,107883.16,8122015.5476,1
2026-08-17T18:00:00+08:00,1786960800000,75.32,75.77,75.26,75.72,205166.97,205166.97,15501850.8948,1
2026-08-17T19:00:00+08:00,1786964400000,75.72,75.88,75.62,75.65,168480.74,168480.74,12760184.1185,1
2026-08-17T20:00:00+08:00,1786968000000,75.65,75.67,75.29,75.4,233343.55,233343.55,17605432.1974,1
2026-08-17T21:00:00+08:00,1786971600000,75.4,75.74,75.25,75.59,273655.15,273655.15,20666636.2374,1
2026-08-17T22:00:00+08:00,1786975200000,75.59,75.99,75.46,75.93,186541.9,186541.9,14125643.8262,1
2026-08-17T23:00:00+08:00,1786978800000,75.94,76.18,75.75,76.05,340022.07,340022.07,25827655.8283,1
2026-08-18T00:00:00+08:00,1786982400000,76.06,76.1,75.89,75.97,156131.42,156131.42,11864639.2732,1
2026-08-18T01:00:00+08:00,1786986000000,75.96,76.07,75.65,75.87,176660.59,176660.59,13399713.3434,1
2026-08-18T02:00:00+08:00,1786989600000,75.87,76.12,75.81,75.86,108316.87,108316.87,8225815.6212,1
2026-08-18T03:00:00+08:00,1786993200000,75.86,75.91,75.7,75.77,60241.1,60241.1,4566075.2817,1
2026-08-18T04:00:00+08:00,1786996800000,75.76,76.07,75.58,75.94,122524.12,122524.12,9287674.8498,1
2026-08-18T05:00:00+08:00,1787000400000,75.95,76.01,75.84,75.92,57268.6,57268.6,4347545.6638,1
2026-08-18T06:00:00+08:00,1787004000000,75.92,75.99,75.67,75.7,61943.92,61943.92,4695308.5837,1
2026-08-18T07:00:00+08:00,1787007600000,75.7,76.08,75.66,75.97,116009.58,116009.58,8805429.237,1
2026-08-18T08:00:00+08:00,1787011200000,75.98,76.05,75.82,76,142137.79,142137.79,10793784.9167,1
2026-08-18T09:00:00+08:00,1787014800000,76,76.01,75.53,75.58,166885.31,166885.31,12641478.3279,1
2026-08-18T10:00:00+08:00,1787018400000,75.57,75.62,75.17,75.25,298673.82,298673.82,22517517.3498,1
2026-08-18T11:00:00+08:00,1787022000000,75.25,75.5,75.21,75.46,152582.4,152582.4,11500595.4144,1
2026-08-18T12:00:00+08:00,1787025600000,75.46,75.79,75.36,75.78,148013.26,148013.26,11196557.4057,1
2026-08-18T13:00:00+08:00,1787029200000,75.79,75.92,75.53,75.68,226485.3,226485.3,17152597.1874,1
2026-08-18T14:00:00+08:00,1787032800000,75.68,76.02,75.6,75.95,167245,167245,12690118.6471,1
2026-08-18T15:00:00+08:00,1787036400000,75.95,76.23,75.89,76.05,284616.34,284616.34,21641834.4975,1
2026-08-18T16:00:00+08:00,1787040000000,76.06,76.15,75.81,76.13,186505.33,186505.33,14167680.6994,1
2026-08-18T17:00:00+08:00,1787043600000,76.12,76.12,75.83,75.91,103344.15,103344.15,7849077.8573,1
2026-08-18T18:00:00+08:00,1787047200000,75.91,75.94,75.76,75.81,109157.53,109157.53,8277928.1614,1
2026-08-18T19:00:00+08:00,1787050800000,75.81,76.42,75.78,76.27,358081.16,358081.16,27299081.8021,1
2026-08-18T20:00:00+08:00,1787054400000,76.28,76.49,76.2,76.2,236782.2,236782.2,18074124.871,1
2026-08-18T21:00:00+08:00,1787058000000,76.21,76.27,76.01,76.18,240704.13,240704.13,18322064.7204,1
2026-08-18T22:00:00+08:00,1787061600000,76.17,77.3,76.09,76.75,925177.21,925177.21,71063726.7246,1
2026-08-18T23:00:00+08:00,1787065200000,76.75,77.22,76.74,77.16,309764.62,309764.62,23843289.605,1
2026-08-19T00:00:00+08:00,1787068800000,77.17,77.29,76.81,77.03,261279.52,261279.52,20124453.2141,1
2026-08-19T01:00:00+08:00,1787072400000,77.04,77.05,76.84,76.85,135204.67,135204.67,10400285.8,1
2026-08-19T02:00:00+08:00,1787076000000,76.85,77.27,76.83,77.22,141250.47,141250.47,10895237.9523,1
2026-08-19T03:00:00+08:00,1787079600000,77.22,77.38,77.04,77.13,138204.43,138204.43,10670408.3916,1
2026-08-19T04:00:00+08:00,1787083200000,77.14,77.18,76.7,76.84,236981.18,236981.18,18228578.8714,1
2026-08-19T05:00:00+08:00,1787086800000,76.85,77.08,76.84,76.96,132704.8,132704.8,10212075.4354,1
2026-08-19T06:00:00+08:00,1787090400000,76.95,77.17,76.84,76.91,208998.29,208998.29,16095691.6828,1
2026-08-19T07:00:00+08:00,1787094000000,76.92,77.2,76.91,77.01,238538.78,238538.78,18391389.3556,1
2026-08-19T08:00:00+08:00,1787097600000,77.02,77.06,76.77,76.86,148146.6,148146.6,11395611.7241,1
2026-08-19T09:00:00+08:00,1787101200000,76.86,77.03,76.66,76.75,235215.83,235215.83,18063551.9817,1
2026-08-19T10:00:00+08:00,1787104800000,76.75,76.88,76.65,76.77,113859.33,113859.33,8739481.1029,1
2026-08-19T11:00:00+08:00,1787108400000,76.77,77.07,76.66,76.95,134577.44,134577.44,10353715.9125,1
2026-08-19T12:00:00+08:00,1787112000000,76.95,77.09,76.75,76.82,127504.2,127504.2,9807142.1815,1
2026-08-19T13:00:00+08:00,1787115600000,76.81,77.02,76.73,76.76,110542.63,110542.63,8498543.5797,1
2026-08-19T14:00:00+08:00,1787119200000,76.76,77.14,76.6,77.05,280703.44,280703.44,21577671.1128,1
2026-08-19T15:00:00+08:00,1787122800000,77.05,77.07,76.91,76.91,135471.08,135471.08,10428698.0507,1
2026-08-19T16:00:00+08:00,1787126400000,76.92,77.65,76.87,77.33,498073.6,498073.6,38510909.7447,1
2026-08-19T17:00:00+08:00,1787130000000,77.33,77.44,77.16,77.28,159632.87,159632.87,12339312.2538,1
2026-08-19T18:00:00+08:00,1787133600000,77.27,77.35,77.17,77.34,104656.91,104656.91,8085579.2762,1
2026-08-19T19:00:00+08:00,1787137200000,77.34,77.58,77.34,77.5,225419.64,225419.64,17466771.608,1
2026-08-19T20:00:00+08:00,1787140800000,77.49,78.76,77.38,78.36,1004234.06,1004234.06,78503892.2267,1
2026-08-19T21:00:00+08:00,1787144400000,78.36,78.66,78.13,78.36,547482.68,547482.68,42920170.5814,1
2026-08-19T22:00:00+08:00,1787148000000,78.37,80.96,78.31,80.83,1795429.15,1795429.15,143064902.7998,1
2026-08-19T23:00:00+08:00,1787151600000,80.84,83.07,80.63,81.81,3396257.24,3396257.24,277623614.9196,1
2026-08-20T00:00:00+08:00,1787155200000,81.8,82.36,81.52,81.56,676675.67,676675.67,55432716.5462,1
2026-08-20T01:00:00+08:00,1787158800000,81.56,81.71,80.97,81.63,489378.45,489378.45,39815578.7973,1
2026-08-20T02:00:00+08:00,1787162400000,81.63,82.27,81.24,82.25,505236.21,505236.21,41352457.555,1
2026-08-20T03:00:00+08:00,1787166000000,82.25,82.5,81.97,82.32,330349.52,330349.52,27173033.1441,1
2026-08-20T04:00:00+08:00,1787169600000,82.33,84.37,82.24,83.7,1185530.9,1185530.9,98881205.7068,1
2026-08-20T05:00:00+08:00,1787173200000,83.7,87.31,83.7,86.62,2038073.42,2038073.42,175625714.1256,1
2026-08-20T06:00:00+08:00,1787176800000,86.63,86.84,84.88,85.49,829435.77,829435.77,71071505.7714,1
2026-08-20T07:00:00+08:00,1787180400000,85.48,85.76,85.03,85.38,347058.51,347058.51,29635008.1634,1
2026-08-20T08:00:00+08:00,1787184000000,85.38,85.79,84.86,84.99,435317.16,435317.16,37169679.4454,1
2026-08-20T09:00:00+08:00,1787187600000,84.99,85.39,84.63,85.36,380279.69,380279.69,32315395.9571,1
2026-08-20T10:00:00+08:00,1787191200000,85.35,85.44,84.68,84.76,226990.59,226990.59,19307155.4737,1
2026-08-20T11:00:00+08:00,1787194800000,84.75,84.77,83.95,84.48,407853.46,407853.46,34409403.3297,1
2026-08-20T12:00:00+08:00,1787198400000,84.47,84.99,84.42,84.82,251402.6,251402.6,21284422.5968,1
2026-08-20T13:00:00+08:00,1787202000000,84.82,85.07,84.79,84.93,126655.31,126655.31,10755089.6151,1
2026-08-20T14:00:00+08:00,1787205600000,84.94,85.91,84.68,85.88,459751.57,459751.57,39251136.622,1
2026-08-20T15:00:00+08:00,1787209200000,85.88,86.17,85.75,86.14,329031.3,329031.3,28267889.9097,1
2026-08-20T16:00:00+08:00,1787212800000,86.13,87.97,86.01,87.49,1086447.93,1086447.93,94845341.4856,1
2026-08-20T17:00:00+08:00,1787216400000,87.5,87.8,87.07,87.32,632449.12,632449.12,55333721.318,1
2026-08-20T18:00:00+08:00,1787220000000,87.31,87.79,86.94,87.44,347457.37,347457.37,30352263.5602,1
2026-08-20T19:00:00+08:00,1787223600000,87.44,88.08,87.05,87.17,514209.7,514209.7,45024386.3827,1
2026-08-20T20:00:00+08:00,1787227200000,87.17,87.4,86.46,87.05,655876.04,655876.04,56971539.0608,1
2026-08-20T21:00:00+08:00,1787230800000,87.04,87.48,86.13,86.54,751307,751307,65192856.9279,1
2026-08-20T22:00:00+08:00,1787234400000,86.55,86.87,86.13,86.59,516903.88,516903.88,44698360.3595,1
2026-08-20T23:00:00+08:00,1787238000000,86.59,87.47,86.53,87.33,817530.18,817530.18,71136393.1751,1
2026-08-21T00:00:00+08:00,1787241600000,87.34,87.84,86.84,87.73,547582.03,547582.03,47805230.1209,1
2026-08-21T01:00:00+08:00,1787245200000,87.73,87.93,87.24,87.45,473934.85,473934.85,41516660.5891,1
2026-08-21T02:00:00+08:00,1787248800000,87.46,87.62,86.6,86.81,513508.98,513508.98,44684659.0338,1
2026-08-21T03:00:00+08:00,1787252400000,86.81,87.49,86.8,87.27,372660.1,372660.1,32498176.4068,1
2026-08-21T04:00:00+08:00,1787256000000,87.27,87.65,87.2,87.55,167718.9,167718.9,14659486.093,1
2026-08-21T05:00:00+08:00,1787259600000,87.55,87.85,87.37,87.46,145948.86,145948.86,12782523.8422,1
2026-08-21T06:00:00+08:00,1787263200000,87.46,87.56,87.16,87.2,210459.9,210459.9,18383686.7399,1
2026-08-21T07:00:00+08:00,1787266800000,87.2,87.97,87.18,87.62,257623.03,257623.03,22578226.4855,1
2026-08-21T08:00:00+08:00,1787270400000,87.62,88.78,87.55,88.21,777546.87,777546.87,68558012.7734,1
2026-08-21T09:00:00+08:00,1787274000000,88.2,89.48,88.08,88.98,740661.4,740661.4,65730035.0499,1
2026-08-21T10:00:00+08:00,1787277600000,88.98,90.18,88.47,89.22,1103377.23,1103377.23,98642839.7381,1
2026-08-21T11:00:00+08:00,1787281200000,89.22,89.53,88.71,89.07,512944.97,512944.97,45740463.5663,1
2026-08-21T12:00:00+08:00,1787284800000,89.08,89.48,88.84,89.44,360834.77,360834.77,32179825.0846,1
2026-08-21T13:00:00+08:00,1787288400000,89.44,90.72,89.15,90.4,662906.06,662906.06,59700574.3233,1
2026-08-21T14:00:00+08:00,1787292000000,90.41,91.33,89.72,90.19,932210.47,932210.47,84311219.6472,1
2026-08-21T15:00:00+08:00,1787295600000,90.19,91.18,89.92,90.39,656582.07,656582.07,59442241.3269,1
2026-08-21T16:00:00+08:00,1787299200000,90.39,93.41,90.34,93.27,1294441.14,1294441.14,119059982.0702,1
2026-08-21T17:00:00+08:00,1787302800000,93.27,93.32,90.29,91.66,1784757.78,1784757.78,163203276.0942,1
2026-08-21T18:00:00+08:00,1787306400000,91.66,91.74,90.83,91.46,433763.01,433763.01,39600462.706,1
2026-08-21T19:00:00+08:00,1787310000000,91.46,91.6,89.87,90.29,813802.96,813802.96,73738748.7952,1
2026-08-21T20:00:00+08:00,1787313600000,90.3,91.14,89.98,90.86,359847.14,359847.14,32591874.1091,1
2026-08-21T21:00:00+08:00,1787317200000,90.86,91.38,89.73,91.05,571854.41,571854.41,51832256.252,1
2026-08-21T22:00:00+08:00,1787320800000,91.04,91.95,90.53,91.86,495069.94,495069.94,45159140.9658,1
2026-08-21T23:00:00+08:00,1787324400000,91.86,92.15,91.21,91.34,353726.72,353726.72,32434178.5946,1
2026-08-22T00:00:00+08:00,1787328000000,91.34,91.92,90.71,91.59,397348.09,397348.09,36299023.8298,1
2026-08-22T01:00:00+08:00,1787331600000,91.6,91.98,91.16,91.79,344296.52,344296.52,31557696.4183,1
2026-08-22T02:00:00+08:00,1787335200000,91.79,92.06,91.05,91.55,355947.3,355947.3,32622444.3178,1
2026-08-22T03:00:00+08:00,1787338800000,91.55,91.61,90.73,90.94,276499.08,276499.08,25175368.1263,1
2026-08-22T04:00:00+08:00,1787342400000,90.94,91.97,90.49,91.84,249209.35,249209.35,22769133.9565,1
2026-08-22T05:00:00+08:00,1787346000000,91.85,93.85,91.63,93.71,622538.24,622538.24,57849313.9113,1
2026-08-22T06:00:00+08:00,1787349600000,93.72,94.64,93.28,94.29,990994.09,990994.09,93170654.5268,1
2026-08-22T07:00:00+08:00,1787353200000,94.3,95,93.37,93.7,766606.82,766606.82,72172334.778,1
2026-08-22T08:00:00+08:00,1787356800000,93.71,94.41,92.85,93.88,625252.25,625252.25,58546136.8188,1
2026-08-22T09:00:00+08:00,1787360400000,93.87,94.41,93.46,93.65,356230.63,356230.63,33466259.8496,1
2026-08-22T10:00:00+08:00,1787364000000,93.66,95.8,93.66,95.62,747424.17,747424.17,71010719.6343,1
2026-08-22T11:00:00+08:00,1787367600000,95.62,97.59,95.48,96.78,1188169.98,1188169.98,114869275.6619,1
2026-08-22T12:00:00+08:00,1787371200000,96.78,102.78,96.15,99.14,3142202.54,3142202.54,313344714.1458,1
2026-08-22T13:00:00+08:00,1787374800000,99.15,100,87.53,94.19,4173403.09,4173403.09,391522685.1137,1
2026-08-22T14:00:00+08:00,1787378400000,94.19,95.14,93.03,94.28,705754.59,705754.59,66394715.0134,1
2026-08-22T15:00:00+08:00,1787382000000,94.28,95.54,94.02,94.45,483465.07,483465.07,45792552.4844,1
2026-08-22T16:00:00+08:00,1787385600000,94.45,95,93.02,94.08,561716.51,561716.51,52702079.7426,1
2026-08-22T17:00:00+08:00,1787389200000,94.09,94.57,92.93,93.9,383953.4,383953.4,36056621.1853,1
2026-08-22T18:00:00+08:00,1787392800000,93.9,93.98,91.32,92.87,902204.02,902204.02,83428476.2622,1
2026-08-22T19:00:00+08:00,1787396400000,92.88,93.56,92.55,93.32,256281.78,256281.78,23851413.3853,1
2026-08-22T20:00:00+08:00,1787400000000,93.31,94.38,93.15,93.81,356836.44,356836.44,33519761.4241,1
2026-08-22T21:00:00+08:00,1787403600000,93.82,94.24,93.53,94.12,266427.05,266427.05,25013839.2356,1
2026-08-22T22:00:00+08:00,1787407200000,94.13,94.3,92.86,93.25,374020.02,374020.02,34991608.1115,1
2026-08-22T23:00:00+08:00,1787410800000,93.26,93.6,92.8,93.07,273924.72,273924.72,25528867.43,1
2026-08-23T00:00:00+08:00,1787414400000,93.08,94.69,93.07,94.33,395860.86,395860.86,37234102.9531,1
2026-08-23T01:00:00+08:00,1787418000000,94.33,94.57,93.77,94.27,329133.36,329133.36,31014498.6134,1
2026-08-23T02:00:00+08:00,1787421600000,94.27,94.55,94.03,94.46,228144.25,228144.25,21512820.1901,1
2026-08-23T03:00:00+08:00,1787425200000,94.47,94.84,94.27,94.48,209897.94,209897.94,19843790.6912,1
2026-08-23T04:00:00+08:00,1787428800000,94.49,94.79,94.28,94.38,149620.9,149620.9,14143677.9236,1
2026-08-23T05:00:00+08:00,1787432400000,94.39,94.39,92.71,92.82,385033.53,385033.53,35964658.7947,1
2026-08-23T06:00:00+08:00,1787436000000,92.81,94.01,92.55,93.61,353566.57,353566.57,33051892.1272,1
2026-08-23T07:00:00+08:00,1787439600000,93.62,93.99,93.34,93.82,113545.88,113545.88,10637511.4181,1
2026-08-23T08:00:00+08:00,1787443200000,93.82,97.24,93.57,96.35,1055111.01,1055111.01,101169262.0901,1
2026-08-23T09:00:00+08:00,1787446800000,96.35,96.59,95.64,95.99,512454.44,512454.44,49236285.6461,1
2026-08-23T10:00:00+08:00,1787450400000,96,96.55,93.87,94.9,1042724.84,1042724.84,98972766.0469,1
2026-08-23T11:00:00+08:00,1787454000000,94.89,95.05,93.41,93.73,564421.9,564421.9,53120717.7781,1
2026-08-23T12:00:00+08:00,1787457600000,93.72,94.1,92.16,92.56,728980.3,728980.3,67837680.2181,1
2026-08-23T13:00:00+08:00,1787461200000,92.55,93.3,91.52,92.3,739270.33,739270.33,68372548.0536,1
2026-08-23T14:00:00+08:00,1787464800000,92.3,92.83,91.76,92.25,497082.4,497082.4,45884847.3309,1
2026-08-23T15:00:00+08:00,1787468400000,92.25,92.98,92.14,92.47,255903.52,255903.52,23691590.561,1
2026-08-23T16:00:00+08:00,1787472000000,92.48,93.55,92.3,93.19,291745.19,291745.19,27139048.1651,1
2026-08-23T17:00:00+08:00,1787475600000,93.19,93.55,92.89,93.32,191852.32,191852.32,17889596.2011,1
2026-08-23T18:00:00+08:00,1787479200000,93.32,94.13,93.28,93.62,278245.71,278245.71,26080655.2687,1
2026-08-23T19:00:00+08:00,1787482800000,93.61,94.79,93.52,94.6,283495.96,283495.96,26751115.0447,1
2026-08-23T20:00:00+08:00,1787486400000,94.6,94.8,94.06,94.56,244284.69,244284.69,23069491.2205,1
2026-08-23T21:00:00+08:00,1787490000000,94.56,95.82,94.55,95.37,540123.34,540123.34,51434634.4246,1
2026-08-23T22:00:00+08:00,1787493600000,95.37,95.66,93.05,95.02,736943.56,736943.56,69744812.1642,1
2026-08-23T23:00:00+08:00,1787497200000,95.03,95.87,94.63,95.32,409333.51,409333.51,39044043.6809,1
2026-08-24T00:00:00+08:00,1787500800000,95.32,95.69,95.13,95.38,248636.33,248636.33,23720284.1221,1
2026-08-24T01:00:00+08:00,1787504400000,95.39,95.5,94.75,95.08,243578.64,243578.64,23170457.5953,1
2026-08-24T02:00:00+08:00,1787508000000,95.08,95.44,94.9,95.27,192178.4,192178.4,18290085.4511,1
2026-08-24T03:00:00+08:00,1787511600000,95.28,95.47,94.77,95.04,160559.67,160559.67,15271911.7756,1
2026-08-24T04:00:00+08:00,1787515200000,95.05,95.38,94.72,95.04,109459.34,109459.34,10402629.2344,1
2026-08-24T05:00:00+08:00,1787518800000,95.04,96.24,95.03,95.33,334806.9,334806.9,32027904.1001,1
2026-08-24T06:00:00+08:00,1787522400000,95.33,95.74,94.75,95.57,313815.25,313815.25,29915894.3763,1
2026-08-24T07:00:00+08:00,1787526000000,95.57,95.87,94.99,95.42,245417.17,245417.17,23401978.8671,1
2026-08-24T08:00:00+08:00,1787529600000,95.43,95.56,93.62,95.54,702136.9,702136.9,66446050.0856,1
2026-08-24T09:00:00+08:00,1787533200000,95.54,95.55,93.71,93.84,323871.45,323871.45,30626026.0861,1
2026-08-24T10:00:00+08:00,1787536800000,93.84,95.03,93.64,94.56,321579.99,321579.99,30340235.4387,1
2026-08-24T11:00:00+08:00,1787540400000,94.56,94.64,93.37,93.63,337067.53,337067.53,31632016.6414,1
2026-08-24T12:00:00+08:00,1787544000000,93.63,94.33,93.63,94.2,281912.86,281912.86,26495971.4172,1
2026-08-24T13:00:00+08:00,1787547600000,94.19,94.65,93.43,94.25,384342.68,384342.68,36150171.3194,1
2026-08-24T14:00:00+08:00,1787551200000,94.25,94.63,93.77,94.53,259871.14,259871.14,24484033.2233,1
2026-08-24T15:00:00+08:00,1787554800000,94.53,95.43,93.94,94.09,509506.58,509506.58,48161944.4713,1
2026-08-24T16:00:00+08:00,1787558400000,94.1,94.34,93.21,93.91,396452.3,396452.3,37156400.1685,1
2026-08-24T17:00:00+08:00,1787562000000,93.9,94.88,93.86,94.64,308686.25,308686.25,29163984.3936,1
2026-08-24T18:00:00+08:00,1787565600000,94.65,95.15,94.54,94.7,410093.66,410093.66,38885712.8803,1
2026-08-24T19:00:00+08:00,1787569200000,94.7,96.31,94.21,95.82,733447.53,733447.53,70000214.8913,1
2026-08-24T20:00:00+08:00,1787572800000,95.82,96.62,94.12,96.24,995369.6,995369.6,95084152.6483,1
2026-08-24T21:00:00+08:00,1787576400000,96.25,96.5,94.23,94.99,912664.7,912664.7,87041323.7407,1
2026-08-24T22:00:00+08:00,1787580000000,94.99,96.7,94.77,96.08,782018.29,782018.29,74947988.2221,1
2026-08-24T23:00:00+08:00,1787583600000,96.07,97.57,95.96,96.41,896241.27,896241.27,86705846.0867,1
2026-08-25T00:00:00+08:00,1787587200000,96.42,97.56,95.47,96.02,732324.44,732324.44,70866126.6815,1
2026-08-25T01:00:00+08:00,1787590800000,96.02,96.16,94.68,95.34,767457.56,767457.56,73156271.8508,1
2026-08-25T02:00:00+08:00,1787594400000,95.35,96.4,95.34,95.87,336204.85,336204.85,32255951.9005,1
2026-08-25T03:00:00+08:00,1787598000000,95.87,96.59,95.35,96.49,520662.65,520662.65,49964126.4743,1
2026-08-25T04:00:00+08:00,1787601600000,96.49,96.72,95.69,96.49,244068.52,244068.52,23500910.9771,1
2026-08-25T05:00:00+08:00,1787605200000,96.49,97.56,96.49,97.44,278500.4,278500.4,27016319.7497,1
2026-08-25T06:00:00+08:00,1787608800000,97.44,98.68,97.14,97.4,699320.99,699320.99,68379068.2433,1
2026-08-25T07:00:00+08:00,1787612400000,97.41,98.96,97.23,98.94,528472.41,528472.41,51915816.5011,1
2026-08-25T08:00:00+08:00,1787616000000,98.94,102.78,98.51,101.73,2476228.82,2476228.82,249342493.4458,1
2026-08-25T09:00:00+08:00,1787619600000,101.73,102.57,100.02,100.44,915975.64,915975.64,92938631.6576,1
2026-08-25T10:00:00+08:00,1787623200000,100.45,102.32,100.19,100.88,1028737.36,1028737.36,104340408.0268,1
2026-08-25T11:00:00+08:00,1787626800000,100.89,102.1,100.84,101.59,419770.82,419770.82,42623952.3805,1
2026-08-25T12:00:00+08:00,1787630400000,101.6,101.71,100.79,101.31,553042.98,553042.98,55991455.33,1
2026-08-25T13:00:00+08:00,1787634000000,101.31,103.55,101.22,101.87,767954.38,767954.38,78520652.9882,1
2026-08-25T14:00:00+08:00,1787637600000,101.87,102.16,100.41,100.75,483429.72,483429.72,48966574.896,1
2026-08-25T15:00:00+08:00,1787641200000,100.75,101.93,99.38,100.21,801347.9,801347.9,80755758.6613,1
2026-08-25T16:00:00+08:00,1787644800000,100.21,101.12,99.7,100.37,688773.9,688773.9,69234492.2213,1
2026-08-25T17:00:00+08:00,1787648400000,100.38,100.63,99.23,99.78,500330.87,500330.87,50013402.1921,1
2026-08-25T18:00:00+08:00,1787652000000,99.78,99.87,99.05,99.61,418886.01,418886.01,41692216.5486,1
2026-08-25T19:00:00+08:00,1787655600000,99.61,99.69,98.39,98.58,588629.5,588629.5,58238004.065,1
2026-08-25T20:00:00+08:00,1787659200000,98.59,98.81,97.32,98.56,804843.7,804843.7,78982833.4423,1
2026-08-25T21:00:00+08:00,1787662800000,98.56,98.79,96.14,97.12,1457969.53,1457969.53,141860420.5481,1
2026-08-25T22:00:00+08:00,1787666400000,97.11,98.39,96.84,98.16,728886.38,728886.38,71264990.6846,1
2026-08-25T23:00:00+08:00,1787670000000,98.17,98.47,97.54,98.33,395676.18,395676.18,38774415.807,1
2026-08-26T00:00:00+08:00,1787673600000,98.33,98.63,97.71,98.14,346964.22,346964.22,34071184.96,1
2026-08-26T01:00:00+08:00,1787677200000,98.14,98.16,97.39,98.15,418316.9,418316.9,40902866.9216,1
2026-08-26T02:00:00+08:00,1787680800000,98.14,98.78,98.01,98.44,274715.32,274715.32,27046510.5913,1
2026-08-26T03:00:00+08:00,1787684400000,98.43,98.58,97.41,97.88,265282.44,265282.44,25970385.3099,1
2026-08-26T04:00:00+08:00,1787688000000,97.89,97.99,96.52,96.63,602671.17,602671.17,58493336.9603,1
2026-08-26T05:00:00+08:00,1787691600000,96.63,97.22,95.17,97.13,795963.51,795963.51,76635292.9238,1
2026-08-26T06:00:00+08:00,1787695200000,97.13,97.73,97.11,97.17,251321.69,251321.69,24472683.6887,1
2026-08-26T07:00:00+08:00,1787698800000,97.16,97.36,96.34,96.54,283572.55,283572.55,27472117.1454,1
2026-08-26T08:00:00+08:00,1787702400000,96.55,96.89,96.13,96.61,302867.1,302867.1,29214727.9978,1
2026-08-26T09:00:00+08:00,1787706000000,96.61,97.23,96.58,96.97,184416.94,184416.94,17883464.3959,1
2026-08-26T10:00:00+08:00,1787709600000,96.98,97.5,96.73,97.22,172395.58,172395.58,16756169.4029,1
2026-08-26T11:00:00+08:00,1787713200000,97.23,97.31,96.76,97.01,160428.77,160428.77,15562574.2078,1
2026-08-26T12:00:00+08:00,1787716800000,97,97.26,96.5,96.57,242837.67,242837.67,23532287.39,1
2026-08-26T13:00:00+08:00,1787720400000,96.57,97.14,96.16,97.01,285713.66,285713.66,27614161.6915,1
2026-08-26T14:00:00+08:00,1787724000000,97.02,97.27,96.46,96.74,230422.47,230422.47,22306184.648,1
2026-08-26T15:00:00+08:00,1787727600000,96.74,97.11,96.61,96.88,191609.52,191609.52,18569368.3603,1
2026-08-26T16:00:00+08:00,1787731200000,96.89,97.34,96.63,96.76,197042.06,197042.06,19107740.337,1
2026-08-26T17:00:00+08:00,1787734800000,96.77,96.97,95.73,96.13,441270.08,441270.08,42469613.4802,1
2026-08-26T18:00:00+08:00,1787738400000,96.12,97.84,95.94,97.41,507963.24,507963.24,49314864.473,1
2026-08-26T19:00:00+08:00,1787742000000,97.41,97.6,96.6,96.98,363755.07,363755.07,35332691.979,1
2026-08-26T20:00:00+08:00,1787745600000,96.98,97.52,95.9,96.96,620385.48,620385.48,60074646.4153,1
2026-08-26T21:00:00+08:00,1787749200000,96.96,97.17,95.8,96.51,704725.77,704725.77,67890715.7803,1
2026-08-26T22:00:00+08:00,1787752800000,96.5,96.93,95.34,95.41,612867.05,612867.05,58860976.0946,1
2026-08-26T23:00:00+08:00,1787756400000,95.42,96.29,94.88,95.88,617712.11,617712.11,59064098.8022,1
2026-08-27T00:00:00+08:00,1787760000000,95.87,96.13,95.4,95.89,374202.26,374202.26,35849499.8295,1
2026-08-27T01:00:00+08:00,1787763600000,95.89,97.36,95.83,96.92,523784.69,523784.69,50673925.6,1
2026-08-27T02:00:00+08:00,1787767200000,96.93,97.11,96.59,96.8,236620.07,236620.07,22910560.5253,1
2026-08-27T03:00:00+08:00,1787770800000,96.79,96.9,96.26,96.75,219195.4,219195.4,21172791.3567,1
2026-08-27T04:00:00+08:00,1787774400000,96.75,97.03,96.22,96.89,159270.49,159270.49,15387726.0705,1
2026-08-27T05:00:00+08:00,1787778000000,96.88,98.32,96.82,98.2,457287.01,457287.01,44664979.8792,1
2026-08-27T06:00:00+08:00,1787781600000,98.19,100.87,98,99.65,1028643.76,1028643.76,102624436.7143,1
2026-08-27T07:00:00+08:00,1787785200000,99.64,102.49,99.44,102.03,957334.08,957334.08,96700742.1894,1
2026-08-27T08:00:00+08:00,1787788800000,102.03,102.08,100.51,100.54,642453.83,642453.83,65039272.4352,1
2026-08-27T09:00:00+08:00,1787792400000,100.54,101.91,100.47,101.4,629507.15,629507.15,63731410.4167,1
2026-08-27T10:00:00+08:00,1787796000000,101.4,101.89,100.82,101.14,422083.4,422083.4,42757040.4194,1
2026-08-27T11:00:00+08:00,1787799600000,101.14,101.77,100.85,101.05,338095.37,338095.37,34241468.5318,1
2026-08-27T12:00:00+08:00,1787803200000,101.05,101.5,100.62,101.05,542002.47,542002.47,54758229.0794,1
2026-08-27T13:00:00+08:00,1787806800000,101.05,102.3,100.72,101.98,730881.95,730881.95,74098699.1362,1
2026-08-27T14:00:00+08:00,1787810400000,101.98,102.01,100.83,101.25,727543.24,727543.24,73632882.1118,1
2026-08-27T15:00:00+08:00,1787814000000,101.25,102.04,100.99,101.75,452393.36,452393.36,45929061.8746,1
2026-08-27T16:00:00+08:00,1787817600000,101.76,105.15,101.68,104.61,2509251.3,2509251.3,260249299.2276,1
2026-08-27T17:00:00+08:00,1787821200000,104.62,105.85,104,104.36,1187360.61,1187360.61,124589493.948,1
2026-08-27T18:00:00+08:00,1787824800000,104.35,104.98,103.04,104.05,938147.56,938147.56,97486468.2716,1
2026-08-27T19:00:00+08:00,1787828400000,104.05,104.99,103.33,103.88,754971.87,754971.87,78632590.9508,1
2026-08-27T20:00:00+08:00,1787832000000,103.88,104.71,103.87,104.36,646399.4,646399.4,67432810.8665,1
2026-08-27T21:00:00+08:00,1787835600000,104.36,106.26,104.08,105.98,1410878.92,1410878.92,148240789.2509,1
2026-08-27T22:00:00+08:00,1787839200000,105.98,107.9,105.15,106.72,2339360.77,2339360.77,248899392.2433,1
2026-08-27T23:00:00+08:00,1787842800000,106.73,107.94,106.39,107.1,1201053.08,1201053.08,128676090.8632,1
2026-08-28T00:00:00+08:00,1787846400000,107.1,109.47,106.8,108.86,1592487.45,1592487.45,172364242.3934,1
2026-08-28T01:00:00+08:00,1787850000000,108.86,109.64,107.65,108.1,1124119.07,1124119.07,122100539.2523,1
2026-08-28T02:00:00+08:00,1787853600000,108.1,108.33,106.6,108.33,954227.22,954227.22,102470813.6295,1
2026-08-28T03:00:00+08:00,1787857200000,108.34,109.92,108.2,109.35,1008378,1008378,109977038.4816,1
2026-08-28T04:00:00+08:00,1787860800000,109.32,109.71,108.37,108.96,475634.78,475634.78,51845415.557,1
2026-08-28T05:00:00+08:00,1787864400000,108.95,109.07,108.13,108.67,263390.5,263390.5,28595758.5769,1
2026-08-28T06:00:00+08:00,1787868000000,108.67,110.64,108.67,109.12,726467.06,726467.06,79679325.5292,1
2026-08-28T07:00:00+08:00,1787871600000,109.12,109.99,108.78,109.08,375641.9,375641.9,41077114.174,1
2026-08-28T08:00:00+08:00,1787875200000,109.09,110.06,108.61,109.04,625609.15,625609.15,68429725.5239,1
2026-08-28T09:00:00+08:00,1787878800000,109.05,109.71,107.62,107.77,708018.25,708018.25,76990625.2939,1
2026-08-28T10:00:00+08:00,1787882400000,107.76,107.93,106.03,106.47,941898.86,941898.86,100780070.6088,1
2026-08-28T11:00:00+08:00,1787886000000,106.48,107.31,105.78,106.78,685780.87,685780.87,73074482.7772,1
2026-08-28T12:00:00+08:00,1787889600000,106.77,107.72,106.19,106.71,617348.25,617348.25,66013670.2523,1
2026-08-28T13:00:00+08:00,1787893200000,106.71,107.43,106.55,107.14,347860.73,347860.73,37226556.6138,1
2026-08-28T14:00:00+08:00,1787896800000,107.15,107.79,107.11,107.5,300751.37,300751.37,32309172.8609,1
2026-08-28T15:00:00+08:00,1787900400000,107.49,107.5,106.21,106.31,515204.82,515204.82,54978905.4974,1
2026-08-28T16:00:00+08:00,1787904000000,106.31,106.86,105.72,106.01,449220.35,449220.35,47726460.1667,1
2026-08-28T17:00:00+08:00,1787907600000,106.01,106.56,105.42,105.89,460255.54,460255.54,48805353.921,1
2026-08-28T18:00:00+08:00,1787911200000,105.89,106.18,104.45,106.15,914503.07,914503.07,96244412.3624,1
2026-08-28T19:00:00+08:00,1787914800000,106.14,106.77,105.48,105.76,580788.8,580788.8,61672435.7889,1
2026-08-28T20:00:00+08:00,1787918400000,105.75,105.96,104.43,104.81,792398.86,792398.86,83236334.3597,1
2026-08-28T21:00:00+08:00,1787922000000,104.81,105.53,104.54,105.09,588739.04,588739.04,61817383.1752,1
2026-08-28T22:00:00+08:00,1787925600000,105.09,106.66,103.52,106.2,2562860.39,2562860.39,268763654.9202,1
2026-08-28T23:00:00+08:00,1787929200000,106.2,107.87,105.03,105.16,1776431.73,1776431.73,189088679.006,1
2026-08-29T00:00:00+08:00,1787932800000,105.17,105.68,102.86,105.1,2117568.38,2117568.38,221263090.8367,1
2026-08-29T01:00:00+08:00,1787936400000,105.1,105.2,104.22,104.62,490039.83,490039.83,51328495.761,1
2026-08-29T02:00:00+08:00,1787940000000,104.62,104.68,102.2,103.06,877062.23,877062.23,90529247.7327,1
2026-08-29T03:00:00+08:00,1787943600000,103.05,103.84,102.96,103.36,444948.76,444948.76,45989946.2228,1
2026-08-29T04:00:00+08:00,1787947200000,103.36,104.28,102.74,103.8,344160.16,344160.16,35603837.9085,1
2026-08-29T05:00:00+08:00,1787950800000,103.81,103.99,103.2,103.4,197732.06,197732.06,20494378.0545,1
2026-08-29T06:00:00+08:00,1787954400000,103.4,104.16,103.35,104.08,207859.47,207859.47,21578020.8263,1
2026-08-29T07:00:00+08:00,1787958000000,104.08,104.34,103.93,104.09,202138.92,202138.92,21047042.9211,1
2026-08-29T08:00:00+08:00,1787961600000,104.08,104.57,103.83,103.85,186074.48,186074.48,19392415.7862,1
2026-08-29T09:00:00+08:00,1787965200000,103.86,104.3,103.75,104.1,169293.9,169293.9,17612740.9776,1
2026-08-29T10:00:00+08:00,1787968800000,104.11,104.34,103.53,103.89,226440.52,226440.52,23538743.7982,1
2026-08-29T11:00:00+08:00,1787972400000,103.89,104.18,103.76,103.83,184595.57,184595.57,19189782.7385,1
2026-08-29T12:00:00+08:00,1787976000000,103.83,104,103.37,103.82,289628.42,289628.42,30017463.4603,1
2026-08-29T13:00:00+08:00,1787979600000,103.82,104.15,103.77,103.97,152846.7,152846.7,15893125.0309,1
2026-08-29T14:00:00+08:00,1787983200000,103.97,103.98,103.27,103.52,241391.88,241391.88,24983139.1846,1
2026-08-29T15:00:00+08:00,1787986800000,103.53,103.92,103.5,103.65,187725.41,187725.41,19468897.2112,1
2026-08-29T16:00:00+08:00,1787990400000,103.66,103.66,103.04,103.42,226513.41,226513.41,23402557.354,1
2026-08-29T17:00:00+08:00,1787994000000,103.41,103.56,103.22,103.27,174436.33,174436.33,18032911.5793,1
2026-08-29T18:00:00+08:00,1787997600000,103.26,103.55,102.95,103.39,203564.26,203564.26,21026251.3547,1
2026-08-29T19:00:00+08:00,1788001200000,103.39,103.66,103.34,103.43,88057.05,88057.05,9114632.4419,1
2026-08-29T20:00:00+08:00,1788004800000,103.44,103.96,103.32,103.55,217433.27,217433.27,22525139.4083,1
2026-08-29T21:00:00+08:00,1788008400000,103.55,103.91,103.45,103.74,107189.85,107189.85,11115019.3573,1
2026-08-29T22:00:00+08:00,1788012000000,103.75,105.49,103.72,105.33,809697.76,809697.76,84868408.8305,1
2026-08-29T23:00:00+08:00,1788015600000,105.33,105.44,104.55,104.96,399542.2,399542.2,41946122.4512,1
2026-08-30T00:00:00+08:00,1788019200000,104.95,105.36,104.74,104.78,361327.79,361327.79,37946213.0882,1
2026-08-30T01:00:00+08:00,1788022800000,104.79,105.07,104.29,104.8,237087.95,237087.95,24812089.6946,1
2026-08-30T02:00:00+08:00,1788026400000,104.8,105.27,104.66,105.05,221984.86,221984.86,23293147.0644,1
2026-08-30T03:00:00+08:00,1788030000000,105.06,105.85,105.05,105.29,309687.57,309687.57,32664699.8158,1
2026-08-30T04:00:00+08:00,1788033600000,105.29,105.44,104.96,105.15,154971.98,154971.98,16302784.9202,1
2026-08-30T05:00:00+08:00,1788037200000,105.15,105.32,104.7,104.99,159986.65,159986.65,16798896.2508,1
2026-08-30T06:00:00+08:00,1788040800000,104.98,105.49,104.82,105.42,80865.91,80865.91,8499920.7071,1
2026-08-30T07:00:00+08:00,1788044400000,105.43,105.71,105.38,105.54,167349.23,167349.23,17667112.941,1
2026-08-30T08:00:00+08:00,1788048000000,105.54,105.64,105.15,105.19,251226.23,251226.23,26465942.8847,1
2026-08-30T09:00:00+08:00,1788051600000,105.18,105.31,104.94,105.16,172927.34,172927.34,18181489.5893,1
2026-08-30T10:00:00+08:00,1788055200000,105.17,105.48,105.11,105.15,179535.76,179535.76,18901457.6443,1
2026-08-30T11:00:00+08:00,1788058800000,105.15,105.28,104.88,105.01,179324.34,179324.34,18844315.9869,1
2026-08-30T12:00:00+08:00,1788062400000,105.01,105.07,104.57,105.05,223190.06,223190.06,23400023.3631,1
2026-08-30T13:00:00+08:00,1788066000000,105.05,105.2,104.84,105.03,115230.25,115230.25,12100921.7836,1
2026-08-30T14:00:00+08:00,1788069600000,105.02,105.35,104.87,105.34,126457.92,126457.92,13280253.3559,1
2026-08-30T15:00:00+08:00,1788073200000,105.34,105.38,104.65,104.77,163843.52,163843.52,17194027.6488,1
2026-08-30T16:00:00+08:00,1788076800000,104.77,105,104.33,104.69,207697.23,207697.23,21751018.457,1
2026-08-30T17:00:00+08:00,1788080400000,104.7,104.91,104.36,104.54,190665.26,190665.26,19942735.6122,1
2026-08-30T18:00:00+08:00,1788084000000,104.53,105.17,104.43,105.03,245415.4,245415.4,25724604.4655,1
2026-08-30T19:00:00+08:00,1788087600000,105.04,105.26,104.86,105.05,167499.25,167499.25,17595313.1711,1
2026-08-30T20:00:00+08:00,1788091200000,105.06,106.17,105,106.04,660092.01,660092.01,69661070.3976,1
2026-08-30T21:00:00+08:00,1788094800000,106.04,107.46,105.81,107.04,1120044.29,1120044.29,119530492.6563,1
2026-08-30T22:00:00+08:00,1788098400000,107.04,107.19,106.57,106.68,444832.02,444832.02,47530616.9283,1
2026-08-30T23:00:00+08:00,1788102000000,106.69,106.77,105.87,106.23,570028.4,570028.4,60618194.4215,1
2026-08-31T00:00:00+08:00,1788105600000,106.23,107.11,106.08,106.84,745521.01,745521.01,79516987.2755,1
2026-08-31T01:00:00+08:00,1788109200000,106.84,106.84,105.15,106.33,844356.57,844356.57,89388922.5408,1
2026-08-31T02:00:00+08:00,1788112800000,106.33,106.8,105.92,106.62,446367.89,446367.89,47522801.8382,1
2026-08-31T03:00:00+08:00,1788116400000,106.62,106.74,105.37,105.75,446246.03,446246.03,47316944.1263,1
2026-08-31T04:00:00+08:00,1788120000000,105.75,105.95,104.23,104.69,617770.26,617770.26,64927861.6788,1
2026-08-31T05:00:00+08:00,1788123600000,104.69,104.72,103.16,104.38,671591.65,671591.65,69820606.4941,1
2026-08-31T06:00:00+08:00,1788127200000,104.39,104.7,103.25,103.75,501107.52,501107.52,52009528.6116,1
2026-08-31T07:00:00+08:00,1788130800000,103.75,103.75,100.2,101.69,1925506.23,1925506.23,196014997.6193,1
2026-08-31T08:00:00+08:00,1788134400000,101.69,102.56,101.05,102.08,708331.26,708331.26,72169067.7077,1
2026-08-31T09:00:00+08:00,1788138000000,102.08,102.18,101.34,101.46,459171.95,459171.95,46706992.0362,1
2026-08-31T10:00:00+08:00,1788141600000,101.46,102.31,101.14,101.4,516159.62,516159.62,52527339.3106,1
2026-08-31T11:00:00+08:00,1788145200000,101.39,102.15,101.21,101.89,394355.71,394355.71,40131590.3804,1
2026-08-31T12:00:00+08:00,1788148800000,101.89,101.94,100.83,101.38,537956.08,537956.08,54457081.7634,1
2026-08-31T13:00:00+08:00,1788152400000,101.38,102.99,101.19,102.58,859135.88,859135.88,87896146.4904,1
2026-08-31T14:00:00+08:00,1788156000000,102.58,102.85,102.26,102.66,353673.42,353673.42,36282340.9604,1
2026-08-31T15:00:00+08:00,1788159600000,102.65,103.15,102.56,102.9,341019.02,341019.02,35067218.9793,1
2026-08-31T16:00:00+08:00,1788163200000,102.9,103.41,102.37,103.15,391201.02,391201.02,40231262.583,1
2026-08-31T17:00:00+08:00,1788166800000,103.15,103.44,102.91,103.01,329899.99,329899.99,34024708.8713,1
2026-08-31T18:00:00+08:00,1788170400000,103.02,104.04,102.57,103.59,498413.35,498413.35,51476320.9592,1
2026-08-31T19:00:00+08:00,1788174000000,103.59,104.12,103.19,103.33,417991.16,417991.16,43347292.3984,1
2026-08-31T20:00:00+08:00,1788177600000,103.33,103.7,102.29,102.7,544898.05,544898.05,56114052.7668,1
2026-08-31T21:00:00+08:00,1788181200000,102.71,103.01,102.05,102.31,507526.11,507526.11,52062467.5673,1
2026-08-31T22:00:00+08:00,1788184800000,102.31,103.89,102.14,103.47,687064.63,687064.63,70776375.5707,1
2026-08-31T23:00:00+08:00,1788188400000,103.48,103.61,102.68,102.81,436347.44,436347.44,44989696.4158,1
2026-09-01T00:00:00+08:00,1788192000000,102.8,103.29,102.37,102.78,422131.6,422131.6,43367802.0093,1
2026-09-01T01:00:00+08:00,1788195600000,102.77,103.76,102.56,103.56,382841.62,382841.62,39502917.0256,1
2026-09-01T02:00:00+08:00,1788199200000,103.56,104.97,103.32,104.41,616184.89,616184.89,64231188.5468,1
2026-09-01T03:00:00+08:00,1788202800000,104.4,104.73,103.46,103.55,353960.57,353960.57,36824274.5399,1
2026-09-01T04:00:00+08:00,1788206400000,103.56,104.26,103.47,103.68,199807.74,199807.74,20738755.6476,1
2026-09-01T05:00:00+08:00,1788210000000,103.68,103.94,103.16,103.59,294674.28,294674.28,30494375.7901,1
2026-09-01T06:00:00+08:00,1788213600000,103.59,103.72,103.03,103.14,147423.17,147423.17,15226819.949,1
2026-09-01T07:00:00+08:00,1788217200000,103.15,103.19,102.81,103,156416.13,156416.13,16111400.3065,1
2026-09-01T08:00:00+08:00,1788220800000,103,103.5,102.88,103.14,265831.4,265831.4,27445807.1262,1
2026-09-01T09:00:00+08:00,1788224400000,103.13,103.47,102.62,103.2,259628.39,259628.39,26766937.7318,1
2026-09-01T10:00:00+08:00,1788228000000,103.19,103.38,102.74,103.33,238082.01,238082.01,24544765.606,1
2026-09-01T11:00:00+08:00,1788231600000,103.32,104.18,103.21,103.59,374826.99,374826.99,38875306.4091,1
2026-09-01T12:00:00+08:00,1788235200000,103.59,104.03,103.42,103.57,252310.08,252310.08,26172690.3471,1
2026-09-01T13:00:00+08:00,1788238800000,103.57,104.37,103.52,104.26,386264.56,386264.56,40185291.4517,1
2026-09-01T14:00:00+08:00,1788242400000,104.26,104.26,103.32,103.33,308709.52,308709.52,32051409.3953,1
2026-09-01T15:00:00+08:00,1788246000000,103.33,103.55,102.73,103.09,472721.44,472721.44,48778484.9325,1
2026-09-01T16:00:00+08:00,1788249600000,103.1,103.16,101.67,102.01,793465.47,793465.47,81158497.292,1
2026-09-01T17:00:00+08:00,1788253200000,102.01,102.22,101.79,101.9,326144.23,326144.23,33271420.881,1
2026-09-01T18:00:00+08:00,1788256800000,101.9,102.67,101.88,102.31,444901.43,444901.43,45496164.6758,1
2026-09-01T19:00:00+08:00,1788260400000,102.3,102.56,102.01,102.22,260557.31,260557.31,26642692.0962,1
2026-09-01T20:00:00+08:00,1788264000000,102.22,102.43,101.33,101.86,448614.53,448614.53,45690633.5237,1
2026-09-01T21:00:00+08:00,1788267600000,101.85,102.44,101.22,101.88,650993.08,650993.08,66269064.0219,1
2026-09-01T22:00:00+08:00,1788271200000,101.89,102.52,101.78,101.96,469961.95,469961.95,48036706.7731,1
2026-09-01T23:00:00+08:00,1788274800000,101.95,102.29,100.89,101.98,616242.97,616242.97,62567283.8488,1
2026-09-02T00:00:00+08:00,1788278400000,101.97,102,100.52,100.86,707310.82,707310.82,71544125.0848,1
2026-09-02T01:00:00+08:00,1788282000000,100.85,101.17,100.32,100.52,519224.12,519224.12,52325574.918,1
2026-09-02T02:00:00+08:00,1788285600000,100.53,100.65,98.28,99.55,1753066.53,1753066.53,174194079.7877,1
2026-09-02T03:00:00+08:00,1788289200000,99.55,100.29,99.47,100.02,495171.34,495171.34,49466149.9944,1
2026-09-02T04:00:00+08:00,1788292800000,100.02,100.35,99.61,100.05,348262.82,348262.82,34816686.0533,1
2026-09-02T05:00:00+08:00,1788296400000,100.06,100.17,98.86,99.54,394384.7,394384.7,39215508.8233,1
2026-09-02T06:00:00+08:00,1788300000000,99.55,99.89,99.29,99.63,249365.24,249365.24,24830853.2216,1
2026-09-02T07:00:00+08:00,1788303600000,99.62,100.19,99.55,99.91,266321.39,266321.39,26606566.5744,1
2026-09-02T08:00:00+08:00,1788307200000,99.92,100.19,99.55,99.6,215520.77,215520.77,21512655.8227,1
2026-09-02T09:00:00+08:00,1788310800000,99.59,99.88,98.42,99.03,555747.56,555747.56,55116372.7905,1
2026-09-02T10:00:00+08:00,1788314400000,99.03,99.88,98.7,99.88,522688.89,522688.89,51940416.6016,1
2026-09-02T11:00:00+08:00,1788318000000,99.88,100.65,99.78,100.23,529544.01,529544.01,53111977.2896,1
2026-09-02T12:00:00+08:00,1788321600000,100.24,100.24,99.68,100.04,263288.17,263288.17,26312638.8265,1
2026-09-02T13:00:00+08:00,1788325200000,100.04,100.37,99.7,100.21,232649.53,232649.53,23290842.3063,1
2026-09-02T14:00:00+08:00,1788328800000,100.22,100.33,99.59,100.01,287077,287077,28690840.9582,1
2026-09-02T15:00:00+08:00,1788332400000,100.02,100.38,99.74,99.78,161766.09,161766.09,16182675.6649,1
2026-09-02T16:00:00+08:00,1788336000000,99.77,99.97,98.71,98.95,542339.06,542339.06,53807271.0868,1
2026-09-02T17:00:00+08:00,1788339600000,98.95,99.27,98.09,98.58,638412.76,638412.76,63024252.4316,1
2026-09-02T18:00:00+08:00,1788343200000,98.57,98.62,97.37,98.18,674538.74,674538.74,66088809.5281,1
2026-09-02T19:00:00+08:00,1788346800000,98.18,98.22,97.31,98.05,476978.28,476978.28,46659476.3457,1
2026-09-02T20:00:00+08:00,1788350400000,98.05,98.43,97.53,97.63,464686.31,464686.31,45529224.0873,1
2026-09-02T21:00:00+08:00,1788354000000,97.64,99.61,97.63,99.15,745914.42,745914.42,73707936.8736,1
2026-09-02T22:00:00+08:00,1788357600000,99.15,99.75,98.82,98.87,625113.23,625113.23,62042846.3786,1
2026-09-02T23:00:00+08:00,1788361200000,98.87,99.46,98.37,99.26,531602.29,531602.29,52585454.5882,1
2026-09-03T00:00:00+08:00,1788364800000,99.25,99.76,98.7,98.73,482371.3,482371.3,47915625.5278,1
2026-09-03T01:00:00+08:00,1788368400000,98.74,99.27,98.14,99.25,518060,518060,51081364.4963,1
2026-09-03T02:00:00+08:00,1788372000000,99.26,99.64,99.1,99.46,362376.43,362376.43,36005165.6548,1
2026-09-03T03:00:00+08:00,1788375600000,99.45,99.59,99.01,99.38,184767.55,184767.55,18347056.4678,1
2026-09-03T04:00:00+08:00,1788379200000,99.38,99.99,99.27,99.65,392620.31,392620.31,39135750.0864,1
2026-09-03T05:00:00+08:00,1788382800000,99.65,99.82,99.37,99.6,162137.71,162137.71,16153446.7521,1
2026-09-03T06:00:00+08:00,1788386400000,99.6,99.71,99.15,99.48,204583.15,204583.15,20340684.0996,1
2026-09-03T07:00:00+08:00,1788390000000,99.49,100.48,99.37,100.37,291748.36,291748.36,29164455.1848,1
2026-09-03T08:00:00+08:00,1788393600000,100.38,100.4,99.44,99.46,352531.53,352531.53,35190036.6535,1
2026-09-03T09:00:00+08:00,1788397200000,99.45,100.57,99.09,100.11,476438.25,476438.25,47676313.4659,1
2026-09-03T10:00:00+08:00,1788400800000,100.1,101.33,99.89,101.07,639249.29,639249.29,64423280.9953,1
2026-09-03T11:00:00+08:00,1788404400000,101.08,101.14,100.14,100.47,414584.87,414584.87,41725700.91,1
2026-09-03T12:00:00+08:00,1788408000000,100.47,100.96,100.01,100.93,389280.92,389280.92,39078573.5253,1
2026-09-03T13:00:00+08:00,1788411600000,100.94,100.98,99.65,100.81,598264.07,598264.07,60016010.4407,1
2026-09-03T14:00:00+08:00,1788415200000,100.81,100.93,100.53,100.84,258098.02,258098.02,26000569.7505,1
2026-09-03T15:00:00+08:00,1788418800000,100.83,101.33,100.2,100.35,547025.55,547025.55,55151145.6608,1
2026-09-03T16:00:00+08:00,1788422400000,100.35,101.09,100.34,100.58,248205.26,248205.26,25002591.5472,1
2026-09-03T17:00:00+08:00,1788426000000,100.57,100.75,100.08,100.12,259946.57,259946.57,26092914.3556,1
2026-09-03T18:00:00+08:00,1788429600000,100.12,100.44,99.87,100.4,319728.2,319728.2,32007875.3251,1
2026-09-03T19:00:00+08:00,1788433200000,100.39,100.96,100.27,100.74,385862.88,385862.88,38845971.2494,1
2026-09-03T20:00:00+08:00,1788436800000,100.73,101.82,100.57,101.61,784693.27,784693.27,79405873.0051,1
2026-09-03T21:00:00+08:00,1788440400000,101.61,101.97,101.01,101.42,702895.96,702895.96,71360833.1994,1
2026-09-03T22:00:00+08:00,1788444000000,101.41,104.8,101.16,104.75,1701516.53,1701516.53,175176810.9655,1
2026-09-03T23:00:00+08:00,1788447600000,104.75,105.62,103.72,105.11,1683608.53,1683608.53,176305412.2785,1
2026-09-04T00:00:00+08:00,1788451200000,105.11,105.14,103.8,104.51,646910.35,646910.35,67480580.6095,1
2026-09-04T01:00:00+08:00,1788454800000,104.52,105.16,104.35,105.04,307427.74,307427.74,32223522.7291,1
2026-09-04T02:00:00+08:00,1788458400000,105.04,105.24,104.56,105.16,246311.79,246311.79,25836697.1805,1
2026-09-04T03:00:00+08:00,1788462000000,105.16,105.89,104.99,105.25,383173.9,383173.9,40356461.769,1
2026-09-04T04:00:00+08:00,1788465600000,105.24,105.4,104.7,104.85,206716.76,206716.76,21729135.8254,1
2026-09-04T05:00:00+08:00,1788469200000,104.86,105.69,104.73,105.15,377911.96,377911.96,39741691.4692,1
2026-09-04T06:00:00+08:00,1788472800000,105.15,105.26,103.51,104.1,542990.57,542990.57,56620510.6267,1
2026-09-04T07:00:00+08:00,1788476400000,104.1,104.2,103.76,103.87,410294.95,410294.95,42656647.3819,1
2026-09-04T08:00:00+08:00,1788480000000,103.87,104.32,103.34,103.43,655782.44,655782.44,68029167.2178,1
2026-09-04T09:00:00+08:00,1788483600000,103.43,103.81,103.15,103.75,315803.26,315803.26,32677321.6518,1
2026-09-04T10:00:00+08:00,1788487200000,103.74,103.76,103.28,103.74,194917,194917,20180630.2695,1
2026-09-04T11:00:00+08:00,1788490800000,103.74,104.08,103.63,103.63,165200.13,165200.13,17153270.7431,1
2026-09-04T12:00:00+08:00,1788494400000,103.63,104.3,103.51,103.83,245998.25,245998.25,25571185.9273,1
2026-09-04T13:00:00+08:00,1788498000000,103.83,103.99,103.38,103.64,325068.18,325068.18,33700319.6225,1
2026-09-04T14:00:00+08:00,1788501600000,103.63,103.98,103.27,103.57,268920.54,268920.54,27849621.9428,1
2026-09-04T15:00:00+08:00,1788505200000,103.58,103.99,103.48,103.55,317669.67,317669.67,32951653.976,1
2026-09-04T16:00:00+08:00,1788508800000,103.55,104.48,103.16,104.31,447564.33,447564.33,46478707.9406,1
2026-09-04T17:00:00+08:00,1788512400000,104.31,104.76,103.89,103.99,577670.67,577670.67,60237490.7602,1
2026-09-04T18:00:00+08:00,1788516000000,104,104.11,103.49,104.09,270999.87,270999.87,28130910.1632,1
2026-09-04T19:00:00+08:00,1788519600000,104.08,104.44,103.9,104.02,268699.94,268699.94,27984253.8227,1
2026-09-04T20:00:00+08:00,1788523200000,104.03,104.4,100.08,101.52,2472285.48,2472285.48,251833858.5784,1
2026-09-04T21:00:00+08:00,1788526800000,101.53,102.2,100.93,101.59,752434.41,752434.41,76398222.5409,1
2026-09-04T22:00:00+08:00,1788530400000,101.59,101.75,100.22,100.73,544783.6,544783.6,54962904.8446,1
2026-09-04T23:00:00+08:00,1788534000000,100.74,101.6,100.6,101.37,445389.21,445389.21,45091103.6333,1
2026-09-05T00:00:00+08:00,1788537600000,101.37,102.06,101.28,101.76,302699.57,302699.57,30802598.8557,1
2026-09-05T01:00:00+08:00,1788541200000,101.77,101.79,101,101.19,385969.54,385969.54,39127112.8529,1
2026-09-05T02:00:00+08:00,1788544800000,101.19,101.63,101.16,101.57,118027.98,118027.98,11968852.618,1
2026-09-05T03:00:00+08:00,1788548400000,101.58,101.88,101.55,101.61,190681.26,190681.26,19392914.9687,1
2026-09-05T04:00:00+08:00,1788552000000,101.62,101.8,101.53,101.69,123049.9,123049.9,12509441.4551,1
2026-09-05T05:00:00+08:00,1788555600000,101.69,101.86,101.37,101.5,190261.91,190261.91,19342298.4603,1
2026-09-05T06:00:00+08:00,1788559200000,101.5,101.79,101.49,101.67,72672.87,72672.87,7385807.6339,1
2026-09-05T07:00:00+08:00,1788562800000,101.66,101.91,101.6,101.86,90210.56,90210.56,9182535.6239,1
2026-09-05T08:00:00+08:00,1788566400000,101.86,101.95,101.66,101.77,111897.09,111897.09,11391198.5334,1
2026-09-05T09:00:00+08:00,1788570000000,101.77,102.13,101.67,101.8,177209.72,177209.72,18059078.1923,1
2026-09-05T10:00:00+08:00,1788573600000,101.8,101.9,101.62,101.89,127435.86,127435.86,12969825.6131,1
2026-09-05T11:00:00+08:00,1788577200000,101.89,101.95,101.69,101.81,90157.92,90157.92,9180826.1802,1
2026-09-05T12:00:00+08:00,1788580800000,101.82,101.87,101.63,101.7,143538.14,143538.14,14604880.6388,1
2026-09-05T13:00:00+08:00,1788584400000,101.7,101.88,101.54,101.82,148311.18,148311.18,15084937.9195,1
2026-09-05T14:00:00+08:00,1788588000000,101.82,102.35,101.76,102.22,179947.7,179947.7,18359910.7346,1
2026-09-05T15:00:00+08:00,1788591600000,102.22,102.56,102.1,102.15,199861.79,199861.79,20448014.2783,1
2026-09-05T16:00:00+08:00,1788595200000,102.15,102.55,102.03,102.52,184000.28,184000.28,18815201.3554,1
2026-09-05T17:00:00+08:00,1788598800000,102.52,102.77,102.45,102.48,139543.43,139543.43,14316896.8731,1
2026-09-05T18:00:00+08:00,1788602400000,102.48,102.65,102.3,102.46,153576,153576,15735391.9838,1
2026-09-05T19:00:00+08:00,1788606000000,102.46,102.53,102.15,102.29,157645.87,157645.87,16128134.5712,1
2026-09-05T20:00:00+08:00,1788609600000,102.29,103.19,102.24,103.17,282208.86,282208.86,29013234.9438,1
2026-09-05T21:00:00+08:00,1788613200000,103.17,103.42,102.52,102.6,436949.77,436949.77,45008884.9117,1
2026-09-05T22:00:00+08:00,1788616800000,102.6,102.9,102.59,102.8,141218.99,141218.99,14511175.5056,1
2026-09-05T23:00:00+08:00,1788620400000,102.79,102.92,102.58,102.88,145936.77,145936.77,14994646.9987,1
2026-09-06T00:00:00+08:00,1788624000000,102.88,103.47,102.74,103.37,284591.72,284591.72,29352933.925,1
2026-09-06T01:00:00+08:00,1788627600000,103.36,104.27,103.22,104.2,558816.15,558816.15,58012619.3035,1
2026-09-06T02:00:00+08:00,1788631200000,104.2,104.35,103.69,103.86,204008.83,204008.83,21202922.9749,1
2026-09-06T03:00:00+08:00,1788634800000,103.86,103.91,103.1,103.35,260414.71,260414.71,26963113.8417,1
2026-09-06T04:00:00+08:00,1788638400000,103.35,103.57,103.04,103.19,245912.87,245912.87,25400514.2524,1
2026-09-06T05:00:00+08:00,1788642000000,103.19,103.92,103.15,103.68,135265.93,135265.93,14018865.6743,1
2026-09-06T06:00:00+08:00,1788645600000,103.69,103.82,103.15,103.3,164862.94,164862.94,17054373.2946,1
2026-09-06T07:00:00+08:00,1788649200000,103.3,103.35,102.84,103.11,240241.92,240241.92,24781370.9422,1
2026-09-06T08:00:00+08:00,1788652800000,103.11,103.47,103.11,103.26,176207.37,176207.37,18203716.8967,1
2026-09-06T09:00:00+08:00,1788656400000,103.26,104.17,103.19,104,440549.51,440549.51,45693479.079,1
2026-09-06T10:00:00+08:00,1788660000000,104,104.71,103.82,104.32,391214.36,391214.36,40787683.516,1
2026-09-06T11:00:00+08:00,1788663600000,104.33,107.12,104.3,105.93,1225981.63,1225981.63,129975928.6522,1
2026-09-06T12:00:00+08:00,1788667200000,105.93,106.32,105.53,105.7,410335.05,410335.05,43464684.8521,1
2026-09-06T13:00:00+08:00,1788670800000,105.7,106.81,105.39,106.39,596678.27,596678.27,63352383.7954,1
2026-09-06T14:00:00+08:00,1788674400000,106.4,106.41,105.23,105.33,456395.79,456395.79,48212574.0875,1
2026-09-06T15:00:00+08:00,1788678000000,105.33,105.52,104.56,105.19,675796.73,675796.73,70972875.4163,1
2026-09-06T16:00:00+08:00,1788681600000,105.18,105.35,104.94,105.12,231690.5,231690.5,24363515.5208,1
2026-09-06T17:00:00+08:00,1788685200000,105.13,107.27,105.11,106.43,1008745.54,1008745.54,107267843.1704,1
2026-09-06T18:00:00+08:00,1788688800000,106.43,106.87,106.3,106.59,327668.34,327668.34,34912943.5671,1
2026-09-06T19:00:00+08:00,1788692400000,106.58,106.68,106.18,106.39,273531.57,273531.57,29119648.2486,1
2026-09-06T20:00:00+08:00,1788696000000,106.39,107.3,106.32,106.75,439491.69,439491.69,46950190.042,1
2026-09-06T21:00:00+08:00,1788699600000,106.76,107.12,105.8,107.03,701051.73,701051.73,74638023.9542,1
2026-09-06T22:00:00+08:00,1788703200000,107.03,107.07,105.02,105.66,910716.88,910716.88,96501148.4926,1
2026-09-06T23:00:00+08:00,1788706800000,105.67,105.94,104.78,105.68,612178.85,612178.85,64530803.2402,1
2026-09-07T00:00:00+08:00,1788710400000,105.68,106.35,105.41,106.02,306523.58,306523.58,32468457.3202,1
2026-09-07T01:00:00+08:00,1788714000000,106.03,106.39,105.48,106.13,269666.02,269666.02,28573487.3566,1
2026-09-07T02:00:00+08:00,1788717600000,106.14,106.53,105.78,105.93,172028.81,172028.81,18274342.5901,1
2026-09-07T03:00:00+08:00,1788721200000,105.93,105.94,105.22,105.44,152476.68,152476.68,16098605.9195,1
2026-09-07T04:00:00+08:00,1788724800000,105.44,105.83,105.3,105.67,117866.77,117866.77,12440214.6863,1
2026-09-07T05:00:00+08:00,1788728400000,105.68,106.24,105.68,105.87,149954.69,149954.69,15898560.0818,1
2026-09-07T06:00:00+08:00,1788732000000,105.87,105.98,104.89,105.8,396041.26,396041.26,41808139.9162,1
2026-09-07T07:00:00+08:00,1788735600000,105.8,106.73,105.75,106.49,353946.59,353946.59,37648833.593,1
2026-09-07T08:00:00+08:00,1788739200000,106.5,106.6,105.83,106.09,365227.52,365227.52,38760958.2511,1
2026-09-07T09:00:00+08:00,1788742800000,106.09,106.3,104.96,105.25,465795.92,465795.92,49118084.9415,1
2026-09-07T10:00:00+08:00,1788746400000,105.24,107.04,104.77,105.74,751009.86,751009.86,79576676.8163,1
2026-09-07T11:00:00+08:00,1788750000000,105.74,105.85,104.88,104.88,539244.51,539244.51,56748275.3271,1
2026-09-07T12:00:00+08:00,1788753600000,104.88,105.26,104.52,105.01,411936.65,411936.65,43242607.3,1
2026-09-07T13:00:00+08:00,1788757200000,105.02,105.77,104.98,105.05,292410.46,292410.46,30808856.9083,1
2026-09-07T14:00:00+08:00,1788760800000,105.06,105.35,104.77,105.03,236808.45,236808.45,24879705.2611,1
2026-09-07T15:00:00+08:00,1788764400000,105.03,105.48,103.64,104.4,845952.83,845952.83,88343045.6926,1
2026-09-07T16:00:00+08:00,1788768000000,104.4,104.84,104.38,104.64,326086.05,326086.05,34110788.0684,1
2026-09-07T17:00:00+08:00,1788771600000,104.65,105.13,104.53,104.61,289898.98,289898.98,30404369.6517,1
2026-09-07T18:00:00+08:00,1788775200000,104.6,105.1,104.6,104.96,206226.34,206226.34,21631526.5915,1
2026-09-07T19:00:00+08:00,1788778800000,104.96,105.09,104.7,104.88,193828.47,193828.47,20325980.5187,1
2026-09-07T20:00:00+08:00,1788782400000,104.88,105.87,104.87,105.68,332554.7,332554.7,35051026.5901,1
2026-09-07T21:00:00+08:00,1788786000000,105.69,105.77,104.73,105.01,445400.57,445400.57,46917796.9974,1
2026-09-07T22:00:00+08:00,1788789600000,105.02,105.11,103.95,104.57,667205.52,667205.52,69617778.4524,1
2026-09-07T23:00:00+08:00,1788793200000,104.58,104.6,102.85,103.2,832974.83,832974.83,86279243.6726,1
2026-09-08T00:00:00+08:00,1788796800000,103.21,103.81,103.13,103.8,329896.46,329896.46,34149136.3259,1
2026-09-08T01:00:00+08:00,1788800400000,103.79,104.19,103.73,103.94,234817.92,234817.92,24420628.2461,1
2026-09-08T02:00:00+08:00,1788804000000,103.95,104.02,103.52,103.85,189354.16,189354.16,19649916.2983,1
2026-09-08T03:00:00+08:00,1788807600000,103.85,104.38,103.75,104.29,137857.25,137857.25,14356107.3098,1
2026-09-08T04:00:00+08:00,1788811200000,104.3,104.35,103.85,104.04,203809.32,203809.32,21202170.0043,1
2026-09-08T05:00:00+08:00,1788814800000,104.04,104.11,103.72,103.85,125159.96,125159.96,13001827.3231,1
2026-09-08T06:00:00+08:00,1788818400000,103.85,104.02,103.08,103.49,310068.31,310068.31,32117002.7888,1
2026-09-08T07:00:00+08:00,1788822000000,103.48,103.99,103.43,103.73,225966.77,225966.77,23444886.6264,1
2026-09-08T08:00:00+08:00,1788825600000,103.74,104.1,103.38,104.05,303014.41,303014.41,31427229.601,1
2026-09-08T09:00:00+08:00,1788829200000,104.05,104.37,103.94,104.32,204354.35,204354.35,21279861.5375,1
2026-09-08T10:00:00+08:00,1788832800000,104.32,104.48,103.2,103.23,413904.17,413904.17,42975360.5227,1
2026-09-08T11:00:00+08:00,1788836400000,103.22,103.39,102.62,103.28,478119.84,478119.84,49278571.7697,1
2026-09-08T12:00:00+08:00,1788840000000,103.27,103.4,102.92,102.93,267979.72,267979.72,27647580.4933,1
2026-09-08T13:00:00+08:00,1788843600000,102.94,103.46,102.81,102.9,383202.75,383202.75,39526274.9624,1
2026-09-08T14:00:00+08:00,1788847200000,102.91,103.05,102.25,102.62,657527.62,657527.62,67482725.3525,1
2026-09-08T15:00:00+08:00,1788850800000,102.63,103.11,102.55,102.89,301960.32,301960.32,31050108.9261,1
2026-09-08T16:00:00+08:00,1788854400000,102.89,103.23,102.43,102.99,227380.69,227380.69,23369281.9949,1
2026-09-08T17:00:00+08:00,1788858000000,102.98,103.8,102.86,103.62,369359.34,369359.34,38194499.381,1
2026-09-08T18:00:00+08:00,1788861600000,103.62,104.06,103.31,103.32,347922.65,347922.65,36048042.7494,1
2026-09-08T19:00:00+08:00,1788865200000,103.33,103.4,102.58,102.82,342497.83,342497.83,35231740.569,1
2026-09-08T20:00:00+08:00,1788868800000,102.82,103.3,102.4,103.03,259866.68,259866.68,26733376.0177,1
2026-09-08T21:00:00+08:00,1788872400000,103.03,103.11,101.61,102.64,746205.26,746205.26,76273267.4274,1
2026-09-08T22:00:00+08:00,1788876000000,102.63,103.4,102.37,103.27,485148.29,485148.29,49966663.1803,1
2026-09-08T23:00:00+08:00,1788879600000,103.27,104.35,103.17,104.25,545978.39,545978.39,56618564.3366,1
2026-09-09T00:00:00+08:00,1788883200000,104.26,104.78,103.53,104.13,529132.47,529132.47,55105151.7005,1
2026-09-09T01:00:00+08:00,1788886800000,104.13,104.39,103.61,103.63,289130,289130,30040849.6522,1
2026-09-09T02:00:00+08:00,1788890400000,103.62,104.43,103.12,103.31,388188.69,388188.69,40248265.2126,1
2026-09-09T03:00:00+08:00,1788894000000,103.31,103.53,102.74,103.16,436851.44,436851.44,45051747.6005,1
2026-09-09T04:00:00+08:00,1788897600000,103.16,103.75,102.99,103.02,234026.04,234026.04,24178730.9399,1
2026-09-09T05:00:00+08:00,1788901200000,103.02,103.29,102.71,102.95,221960.25,221960.25,22865840.6393,1
2026-09-09T06:00:00+08:00,1788904800000,102.96,103.4,102.9,103.34,179473.45,179473.45,18525540.1243,1
2026-09-09T07:00:00+08:00,1788908400000,103.35,103.53,103.19,103.32,143419.97,143419.97,14820872.9565,1
2026-09-09T08:00:00+08:00,1788912000000,103.32,103.86,103.28,103.72,226287.54,226287.54,23449446.0436,1
2026-09-09T09:00:00+08:00,1788915600000,103.73,103.89,103.3,103.72,278441.36,278441.36,28857892.7934,1
2026-09-09T10:00:00+08:00,1788919200000,103.72,103.97,103.27,103.41,277396.42,277396.42,28736485.7002,1
2026-09-09T11:00:00+08:00,1788922800000,103.41,103.43,102.91,103.23,281698.9,281698.9,29056684.7037,1
2026-09-09T12:00:00+08:00,1788926400000,103.23,104.38,103.23,104.36,604056.64,604056.64,62762896.8701,1
2026-09-09T13:00:00+08:00,1788930000000,104.36,104.68,103.65,104.02,519480.61,519480.61,54111644.6051,1
2026-09-09T14:00:00+08:00,1788933600000,104.02,104.73,103.93,104.46,275616.31,275616.31,28783415.4722,1
2026-09-09T15:00:00+08:00,1788937200000,104.47,105.15,104.42,104.52,396512.2,396512.2,41541249.7475,1
2026-09-09T16:00:00+08:00,1788940800000,104.53,105,104.49,104.76,306140.03,306140.03,32059462.8694,1
2026-09-09T17:00:00+08:00,1788944400000,104.75,104.78,103.38,103.44,466960.79,466960.79,48512913.7314,1
2026-09-09T18:00:00+08:00,1788948000000,103.44,104,103.43,103.73,340590.62,340590.62,35340140.1642,1
2026-09-09T19:00:00+08:00,1788951600000,103.73,104.27,103.24,104.18,380936.93,380936.93,39495943.566,1
2026-09-09T20:00:00+08:00,1788955200000,104.17,104.78,104.05,104.62,535262.52,535262.52,55925328.3641,1
2026-09-09T21:00:00+08:00,1788958800000,104.63,104.65,103.45,103.74,519342.91,519342.91,54049520.0898,1
2026-09-09T22:00:00+08:00,1788962400000,103.74,104.14,103.3,103.42,630348.11,630348.11,65342255.8275,1
2026-09-09T23:00:00+08:00,1788966000000,103.42,104.07,101.98,103,1076220.07,1076220.07,110631174.1665,1
2026-09-10T00:00:00+08:00,1788969600000,103.01,103.47,102.68,103.33,381228.94,381228.94,39298312.9434,1
2026-09-10T01:00:00+08:00,1788973200000,103.32,103.77,103.15,103.47,257397.07,257397.07,26622987.6152,1
2026-09-10T02:00:00+08:00,1788976800000,103.47,103.69,103.13,103.22,230938.02,230938.02,23891187.0558,1
2026-09-10T03:00:00+08:00,1788980400000,103.21,103.33,102.11,102.28,370438.57,370438.57,38056980.9305,1
2026-09-10T04:00:00+08:00,1788984000000,102.28,102.62,101.75,102.5,417603.71,417603.71,42700162.0412,1
2026-09-10T05:00:00+08:00,1788987600000,102.5,102.55,101.74,102.05,308609.19,308609.19,31548651.1725,1
2026-09-10T06:00:00+08:00,1788991200000,102.05,102.14,100.15,100.75,894331.84,894331.84,90367867.6371,1
2026-09-10T07:00:00+08:00,1788994800000,100.75,101.7,100.65,101.5,232318.43,232318.43,23561852.1133,1
2026-09-10T08:00:00+08:00,1788998400000,101.51,101.67,100.88,100.94,264943.17,264943.17,26815900.0972,1
2026-09-10T09:00:00+08:00,1789002000000,100.95,101.69,100.32,101,482411.75,482411.75,48686431.9097,1
2026-09-10T10:00:00+08:00,1789005600000,101,101.84,100.93,101.83,269602.35,269602.35,27341149.3511,1
2026-09-10T11:00:00+08:00,1789009200000,101.83,102.01,101.6,101.77,272257.47,272257.47,27715408.1503,1
2026-09-10T12:00:00+08:00,1789012800000,101.76,102.24,101.72,101.93,287932.04,287932.04,29362001.3076,1
2026-09-10T13:00:00+08:00,1789016400000,101.93,102.14,101.53,102.05,230547.16,230547.16,23491806.8805,1
2026-09-10T14:00:00+08:00,1789020000000,102.05,102.1,101.34,101.87,209544.02,209544.02,21313023.2534,1
2026-09-10T15:00:00+08:00,1789023600000,101.88,101.88,100.77,101.26,366240.35,366240.35,37060031.3917,1
2026-09-10T16:00:00+08:00,1789027200000,101.26,101.37,100.97,101.11,262986,262986,26604736.4468,1
2026-09-10T17:00:00+08:00,1789030800000,101.12,101.38,100.74,101.08,248108.24,248108.24,25069377.5259,1
2026-09-10T18:00:00+08:00,1789034400000,101.07,101.35,100.8,101,229213.56,229213.56,23178525.0522,1
2026-09-10T19:00:00+08:00,1789038000000,101,101.48,100.76,100.93,347555.92,347555.92,35162854.0902,1
2026-09-10T20:00:00+08:00,1789041600000,100.93,101.48,98.3,98.87,2062668.74,2062668.74,205848308.4037,1
2026-09-10T21:00:00+08:00,1789045200000,98.87,99.83,98.81,99.68,845207.73,845207.73,83961995.9741,1
2026-09-10T22:00:00+08:00,1789048800000,99.68,100.31,99.18,100.14,598196.01,598196.01,59728627.8429,1
2026-09-10T23:00:00+08:00,1789052400000,100.13,100.14,99.37,99.67,365427.73,365427.73,36434934.0434,1
2026-09-11T00:00:00+08:00,1789056000000,99.67,99.86,98.78,99.62,505127.87,505127.87,50167986.9941,1
2026-09-11T01:00:00+08:00,1789059600000,99.63,100.43,99.5,99.92,467288.26,467288.26,46724161.7953,1
2026-09-11T02:00:00+08:00,1789063200000,99.91,99.95,99.15,99.87,241517.2,241517.2,24031809.3526,1
2026-09-11T03:00:00+08:00,1789066800000,99.88,100.07,99.53,99.63,285132.37,285132.37,28452778.1917,1
2026-09-11T04:00:00+08:00,1789070400000,99.63,100.09,99.57,99.99,153933.86,153933.86,15384274.6101,1
2026-09-11T05:00:00+08:00,1789074000000,99.99,100.09,99.7,99.76,88419.45,88419.45,8833972.4778,1
2026-09-11T06:00:00+08:00,1789077600000,99.76,100.05,99.17,99.21,242348.49,242348.49,24126321.6064,1
2026-09-11T07:00:00+08:00,1789081200000,99.2,99.34,98.54,98.61,354708.01,354708.01,35094207.1091,1
2026-09-11T08:00:00+08:00,1789084800000,98.61,99.36,98.52,99.12,312178.44,312178.44,30874359.8611,1
2026-09-11T09:00:00+08:00,1789088400000,99.11,99.44,98.66,99.38,338226.68,338226.68,33527431.8923,1
2026-09-11T10:00:00+08:00,1789092000000,99.38,99.48,99,99.26,169222.67,169222.67,16796841.4683,1
2026-09-11T11:00:00+08:00,1789095600000,99.26,99.44,98.88,99.25,266194.22,266194.22,26390496.9214,1
2026-09-11T12:00:00+08:00,1789099200000,99.26,99.91,99.18,99.64,342057.05,342057.05,34081985.245,1
2026-09-11T13:00:00+08:00,1789102800000,99.63,99.85,99.5,99.85,250948.37,250948.37,25014807.7163,1
2026-09-11T14:00:00+08:00,1789106400000,99.84,99.96,99.49,99.77,237846.48,237846.48,23719539.1087,1
2026-09-11T15:00:00+08:00,1789110000000,99.77,100.1,99.64,99.69,240951.77,240951.77,24053965.214,1
2026-09-11T16:00:00+08:00,1789113600000,99.7,100.25,99.43,99.87,256729.84,256729.84,25641414.0751,1
2026-09-11T17:00:00+08:00,1789117200000,99.87,99.9,98.95,99.35,359943.46,359943.46,35778235.7457,1
2026-09-11T18:00:00+08:00,1789120800000,99.34,99.69,99.1,99.11,200135.6,200135.6,19905119.4257,1
2026-09-11T19:00:00+08:00,1789124400000,99.11,99.56,98.53,99.42,597421.84,597421.84,59117742.4286,1
2026-09-11T20:00:00+08:00,1789128000000,99.42,101.78,97.77,101.61,2510240.12,2510240.12,250928608.0923,1
2026-09-11T21:00:00+08:00,1789131600000,101.62,104.84,100.54,104.82,1820107.61,1820107.61,186448761.7719,1
2026-09-11T22:00:00+08:00,1789135200000,104.82,105.77,102.78,103.22,1740236.18,1740236.18,181315574.0792,1
2026-09-11T23:00:00+08:00,1789138800000,103.23,103.57,101.16,101.54,1034480.74,1034480.74,106031881.5119,1
2026-09-12T00:00:00+08:00,1789142400000,101.53,102.36,101.23,102.27,709901.26,709901.26,72311386.4036,1
2026-09-12T01:00:00+08:00,1789146000000,102.28,102.43,101.75,101.88,260817,260817,26642510.7225,1
2026-09-12T02:00:00+08:00,1789149600000,101.88,101.98,100.26,101.02,767412.19,767412.19,77560263.8851,1
2026-09-12T03:00:00+08:00,1789153200000,101.03,102.11,100.74,101.95,432446.39,432446.39,43873341.9651,1
2026-09-12T04:00:00+08:00,1789156800000,101.96,102.94,101.93,102.42,628261.7,628261.7,64361182.0166,1
2026-09-12T05:00:00+08:00,1789160400000,102.43,103.09,101.99,102.05,294106.71,294106.71,30179510.5636,1
2026-09-12T06:00:00+08:00,1789164000000,102.04,102.44,101.47,101.83,504657.6,504657.6,51450171.362,1
2026-09-12T07:00:00+08:00,1789167600000,101.83,102.43,101.73,102.42,168713.4,168713.4,17239155.376,1
2026-09-12T08:00:00+08:00,1789171200000,102.42,102.53,101.72,101.87,237925.27,237925.27,24295679.2294,1
2026-09-12T09:00:00+08:00,1789174800000,101.87,102.2,101.78,101.94,201321.84,201321.84,20541503.0163,1
2026-09-12T10:00:00+08:00,1789178400000,101.94,102.04,101.59,101.82,207505.96,207505.96,21112484.3997,1
2026-09-12T11:00:00+08:00,1789182000000,101.81,101.88,101.41,101.59,193907.33,193907.33,19711723.7675,1
2026-09-12T12:00:00+08:00,1789185600000,101.58,101.87,101.5,101.55,168531.44,168531.44,17139393.4114,1
2026-09-12T13:00:00+08:00,1789189200000,101.55,101.68,101.32,101.59,227471.09,227471.09,23090385.871,1
2026-09-12T14:00:00+08:00,1789192800000,101.6,101.84,101.46,101.64,189565.44,189565.44,19274389.6492,1
2026-09-12T15:00:00+08:00,1789196400000,101.64,101.92,101.58,101.62,102702,102702,10446209.1868,1
2026-09-12T16:00:00+08:00,1789200000000,101.62,101.82,101.46,101.78,217268.76,217268.76,22084810.9081,1
2026-09-12T17:00:00+08:00,1789203600000,101.78,102.18,101.72,101.96,285972.71,285972.71,29158918.5171,1
2026-09-12T18:00:00+08:00,1789207200000,101.96,102.22,101.91,102.1,173228.53,173228.53,17675394.2131,1
2026-09-12T19:00:00+08:00,1789210800000,102.1,102.2,101.88,102.07,157030.55,157030.55,16021108.9806,1
2026-09-12T20:00:00+08:00,1789214400000,102.07,102.35,101.88,102.01,205907.75,205907.75,21030725.0317,1
2026-09-12T21:00:00+08:00,1789218000000,102,102.17,101.68,101.94,273354.51,273354.51,27847725.7936,1
2026-09-12T22:00:00+08:00,1789221600000,101.94,102.06,101.84,101.95,101142.83,101142.83,10311620.1541,1
2026-09-12T23:00:00+08:00,1789225200000,101.95,102.11,101.8,102.01,206390.34,206390.34,21044822.0141,1
2026-09-13T00:00:00+08:00,1789228800000,102.01,102.07,101.87,102.02,116234.35,116234.35,11853217.0151,1
2026-09-13T01:00:00+08:00,1789232400000,102.03,102.11,101.91,101.93,115373.09,115373.09,11771141.3754,1
2026-09-13T02:00:00+08:00,1789236000000,101.93,101.94,101.54,101.62,219475,219475,22318181.7821,1
2026-09-13T03:00:00+08:00,1789239600000,101.62,101.67,101.18,101.23,207195.12,207195.12,21020078.6554,1
2026-09-13T04:00:00+08:00,1789243200000,101.23,101.53,101.21,101.31,122437.37,122437.37,12411208.9555,1
2026-09-13T05:00:00+08:00,1789246800000,101.3,101.6,101.29,101.41,123784.32,123784.32,12558639.0894,1
2026-09-13T06:00:00+08:00,1789250400000,101.42,101.76,101.34,101.62,166900.38,166900.38,16942993.6865,1
2026-09-13T07:00:00+08:00,1789254000000,101.62,101.81,101.56,101.71,100951.67,100951.67,10266161.0066,1
2026-09-13T08:00:00+08:00,1789257600000,101.71,101.71,101.53,101.68,69560.56,69560.56,7069150.6553,1
2026-09-13T09:00:00+08:00,1789261200000,101.69,102.29,101.68,102.23,280525.56,280525.56,28612215.1254,1
2026-09-13T10:00:00+08:00,1789264800000,102.23,102.28,101.71,101.85,291514.23,291514.23,29723654.4156,1
2026-09-13T11:00:00+08:00,1789268400000,101.86,102,101.51,101.59,216169.33,216169.33,21996051.4247,1
2026-09-13T12:00:00+08:00,1789272000000,101.59,101.77,101.47,101.68,148114.39,148114.39,15050630.3054,1
2026-09-13T13:00:00+08:00,1789275600000,101.67,101.87,101.64,101.76,82756.04,82756.04,8424621.0124,1
2026-09-13T14:00:00+08:00,1789279200000,101.76,101.76,101.02,101.21,327271.19,327271.19,33156004.9864,1
2026-09-13T15:00:00+08:00,1789282800000,101.2,101.38,100.18,100.65,531547.06,531547.06,53614454.5803,1
2026-09-13T16:00:00+08:00,1789286400000,100.65,100.82,99.84,99.97,564783.39,564783.39,56596755.0612,1
2026-09-13T17:00:00+08:00,1789290000000,99.98,100.14,99.31,99.79,457398.81,457398.81,45607223.2032,1
2026-09-13T18:00:00+08:00,1789293600000,99.8,99.85,99.35,99.51,180411.81,180411.81,17973444.865,1
2026-09-13T19:00:00+08:00,1789297200000,99.52,99.79,99.41,99.76,110745.74,110745.74,11038235.8092,1
2026-09-13T20:00:00+08:00,1789300800000,99.77,99.78,99.5,99.64,151448.64,151448.64,15091130.9468,1
2026-09-13T21:00:00+08:00,1789304400000,99.64,100.16,99.4,100.04,201023.49,201023.49,20058266.4462,1
2026-09-13T22:00:00+08:00,1789308000000,100.05,100.78,100.05,100.61,346111.86,346111.86,34774367.1419,1
2026-09-13T23:00:00+08:00,1789311600000,100.6,100.62,100.12,100.18,262094.68,262094.68,26302223.9932,1
2026-09-14T00:00:00+08:00,1789315200000,100.18,100.96,100.18,100.75,257801.39,257801.39,25947546.2436,1
2026-09-14T01:00:00+08:00,1789318800000,100.76,101.19,100.75,100.96,192967.45,192967.45,19482791.6312,1
2026-09-14T02:00:00+08:00,1789322400000,100.96,101.23,100.9,101.15,108994.3,108994.3,11021073.4806,1
2026-09-14T03:00:00+08:00,1789326000000,101.15,101.3,100.8,100.92,123309.28,123309.28,12452099.1359,1
2026-09-14T04:00:00+08:00,1789329600000,100.92,101.47,100.91,101.43,154809.87,154809.87,15675981.777,1
2026-09-14T05:00:00+08:00,1789333200000,101.42,101.57,101.11,101.28,143712.79,143712.79,14562812.7079,1
2026-09-14T06:00:00+08:00,1789336800000,101.28,101.28,99.25,99.67,666796.21,666796.21,66684572.44,1
2026-09-14T07:00:00+08:00,1789340400000,99.66,99.95,99.12,99.21,399592.51,399592.51,39764363.4856,1
2026-09-14T08:00:00+08:00,1789344000000,99.22,99.88,98.92,99.59,332498.41,332498.41,33054165.6176,1
2026-09-14T09:00:00+08:00,1789347600000,99.6,100.18,99.11,100.12,359425.7,359425.7,35794213.1356,1
2026-09-14T10:00:00+08:00,1789351200000,100.12,101.04,99.9,100.94,419359.2,419359.2,42201788.4906,1
2026-09-14T11:00:00+08:00,1789354800000,100.95,101.29,100.72,100.93,283192.67,283192.67,28601517.626,1
2026-09-14T12:00:00+08:00,1789358400000,100.93,101.32,100.82,101.14,238888.05,238888.05,24140220.4929,1
2026-09-14T13:00:00+08:00,1789362000000,101.13,101.18,100.89,101.07,101269.85,101269.85,10230660.0049,1
2026-09-14T14:00:00+08:00,1789365600000,101.08,101.97,101.04,101.5,462312.48,462312.48,46945987.5516,1
2026-09-14T15:00:00+08:00,1789369200000,101.5,101.69,101.37,101.55,155488.75,155488.75,15787156.5078,1
2026-09-14T16:00:00+08:00,1789372800000,101.55,101.79,101.28,101.44,268818.07,268818.07,27282329.3852,1
2026-09-14T17:00:00+08:00,1789376400000,101.45,102.31,101.17,101.9,510949.23,510949.23,51979191.7019,1
2026-09-14T18:00:00+08:00,1789380000000,101.91,101.97,101.64,101.73,251018.63,251018.63,25553000.7699,1
2026-09-14T19:00:00+08:00,1789383600000,101.74,101.86,101.25,101.32,308316.66,308316.66,31299268.1364,1
2026-09-14T20:00:00+08:00,1789387200000,101.33,101.97,101.14,101.34,453703.73,453703.73,46074340.148,1
2026-09-14T21:00:00+08:00,1789390800000,101.35,101.87,100.61,101.31,648931.2,648931.2,65708874.8141,1
2026-09-14T22:00:00+08:00,1789394400000,101.31,101.97,101.12,101.57,427889.24,427889.24,43475829.7242,1
2026-09-14T23:00:00+08:00,1789398000000,101.58,102.24,101.28,101.91,474047.63,474047.63,48295732.247,1
2026-09-15T00:00:00+08:00,1789401600000,101.91,102.84,101.81,102.55,550746.77,550746.77,56426335.4486,1
2026-09-15T01:00:00+08:00,1789405200000,102.56,103.27,102.46,103.02,428353.01,428353.01,44066973.2507,1
2026-09-15T02:00:00+08:00,1789408800000,103.02,103.82,102.88,103.57,538015.14,538015.14,55631197.2785,1
2026-09-15T03:00:00+08:00,1789412400000,103.56,103.56,102.85,103.21,348850.05,348850.05,36012575.5148,1
2026-09-15T04:00:00+08:00,1789416000000,103.22,104.78,103.16,103.95,670229.97,670229.97,69892236.1688,1
2026-09-15T05:00:00+08:00,1789419600000,103.95,104.01,102.91,103.15,542816.01,542816.01,56169633.8151,1
2026-09-15T06:00:00+08:00,1789423200000,103.15,103.53,102.75,102.84,303209.81,303209.81,31252435.903,1
2026-09-15T07:00:00+08:00,1789426800000,102.83,102.96,102.38,102.5,210568.05,210568.05,21621818.2818,1
2026-09-15T08:00:00+08:00,1789430400000,102.49,102.81,102.33,102.4,176922.82,176922.82,18141796.0164,1
2026-09-15T09:00:00+08:00,1789434000000,102.41,102.55,102.1,102.21,244456.63,244456.63,25014276.5603,1
2026-09-15T10:00:00+08:00,1789437600000,102.2,102.35,101.93,101.94,171084.24,171084.24,17469402.8132,1
2026-09-15T11:00:00+08:00,1789441200000,101.94,101.94,101.2,101.5,327736.8,327736.8,33281854.6499,1
2026-09-15T12:00:00+08:00,1789444800000,101.49,101.65,101.11,101.22,196257.47,196257.47,19890564.3517,1
2026-09-15T13:00:00+08:00,1789448400000,101.22,101.35,100.52,101.26,415710.85,415710.85,41951682.1711,1
2026-09-15T14:00:00+08:00,1789452000000,101.26,101.54,100.68,100.84,231342.97,231342.97,23382669.842,1
2026-09-15T15:00:00+08:00,1789455600000,100.84,101,100.28,100.38,363981.94,363981.94,36617789.9534,1
2026-09-15T16:00:00+08:00,1789459200000,100.37,100.61,100.01,100.59,356257.13,356257.13,35730022.7562,1
2026-09-15T17:00:00+08:00,1789462800000,100.59,101.04,100.45,100.76,222460.96,222460.96,22407370.568,1
2026-09-15T18:00:00+08:00,1789466400000,100.77,101.03,100.6,100.89,221196.28,221196.28,22301510.4946,1
2026-09-15T19:00:00+08:00,1789470000000,100.89,100.95,100.34,100.77,240134.75,240134.75,24162478.1615,1
2026-09-15T20:00:00+08:00,1789473600000,100.77,101.16,100.74,100.92,317925.53,317925.53,32090181.8678,1
2026-09-15T21:00:00+08:00,1789477200000,100.92,101.34,99.58,100.52,717927.2,717927.2,72077062.5425,1
2026-09-15T22:00:00+08:00,1789480800000,100.51,100.71,97.88,98.79,1336874.18,1336874.18,132390706.4177,1
2026-09-15T23:00:00+08:00,1789484400000,98.8,99.71,98.49,99.32,606883.31,606883.31,60227028.3816,1
2026-09-16T00:00:00+08:00,1789488000000,99.32,99.4,98.83,99.04,214773.58,214773.58,21285325.7419,1
2026-09-16T01:00:00+08:00,1789491600000,99.03,100.66,98.63,100.16,595192.01,595192.01,59407699.9676,1
2026-09-16T02:00:00+08:00,1789495200000,100.16,100.3,95.66,98.11,2425004.05,2425004.05,237460912.1756,1
2026-09-16T03:00:00+08:00,1789498800000,98.11,98.6,97.43,97.82,678181.11,678181.11,66429582.1611,1
2026-09-16T04:00:00+08:00,1789502400000,97.83,98.03,96.57,97.36,468053.09,468053.09,45467693.8701,1
2026-09-16T05:00:00+08:00,1789506000000,97.37,97.39,96.44,96.49,289377.1,289377.1,28035853.2598,1
2026-09-16T06:00:00+08:00,1789509600000,96.48,97.25,96.24,97.09,363013.15,363013.15,35114582.9131,1
2026-09-16T07:00:00+08:00,1789513200000,97.1,97.61,96.8,96.81,259691.29,259691.29,25247661.0941,1
2026-09-16T08:00:00+08:00,1789516800000,96.82,97.25,96.78,97.02,192867.99,192867.99,18713598.7352,1
2026-09-16T09:00:00+08:00,1789520400000,97.02,97.24,96.33,96.43,329448.24,329448.24,31876844.6506,1
2026-09-16T10:00:00+08:00,1789524000000,96.42,97.54,96.39,97.17,369242.8,369242.8,35828907.4002,1
2026-09-16T11:00:00+08:00,1789527600000,97.17,97.54,96.98,97.19,237345.46,237345.46,23074985.5977,1
2026-09-16T12:00:00+08:00,1789531200000,97.2,97.69,97.1,97.21,403223.52,403223.52,39285474.3912,1
2026-09-16T13:00:00+08:00,1789534800000,97.21,97.27,96.81,97.19,260333.9,260333.9,25260187.7662,1
2026-09-16T14:00:00+08:00,1789538400000,97.19,97.37,96.85,97.34,157232.9,157232.9,15271673.0406,1
2026-09-16T15:00:00+08:00,1789542000000,97.33,97.49,96.86,96.91,244598.78,244598.78,23771141.7282,1
2026-09-16T16:00:00+08:00,1789545600000,96.9,96.99,96.32,96.99,445021.03,445021.03,43033320.0403,1
2026-09-16T17:00:00+08:00,1789549200000,96.99,97.29,96.96,97.23,281773.78,281773.78,27373347.7454,1
2026-09-16T18:00:00+08:00,1789552800000,97.24,97.32,97.05,97.24,174196.57,174196.57,16931651.4316,1
2026-09-16T19:00:00+08:00,1789556400000,97.24,98.26,96.96,97.95,543496,543496,53057093.6418,1
2026-09-16T20:00:00+08:00,1789560000000,97.95,98.05,97.12,97.52,280933.29,280933.29,27417617.3998,1
2026-09-16T21:00:00+08:00,1789563600000,97.51,97.61,96.83,97.11,397765.43,397765.43,38647121.3487,1
2026-09-16T22:00:00+08:00,1789567200000,97.12,97.24,96.57,96.99,425601.14,425601.14,41236527.9921,1
2026-09-16T23:00:00+08:00,1789570800000,96.99,97.56,96.79,97.04,312407.76,312407.76,30345517.6782,1
2026-09-17T00:00:00+08:00,1789574400000,97.05,97.46,96.9,97.18,187745.13,187745.13,18243707.84,1
2026-09-17T01:00:00+08:00,1789578000000,97.17,97.3,96.05,96.99,639778.58,639778.58,61848351.3549,1
2026-09-17T02:00:00+08:00,1789581600000,97,98.88,96.21,97.78,1736449.05,1736449.05,169791884.7173,1
2026-09-17T03:00:00+08:00,1789585200000,97.79,98.7,96.84,98.03,659928.94,659928.94,64615036.9012,1
2026-09-17T04:00:00+08:00,1789588800000,98.03,98.86,97.97,98.66,353384.11,353384.11,34805667.2183,1
2026-09-17T05:00:00+08:00,1789592400000,98.65,98.73,98.05,98.34,103603.82,103603.82,10189343.7371,1
2026-09-17T06:00:00+08:00,1789596000000,98.34,98.38,97.37,97.44,300635.16,300635.16,29384615.2189,1
2026-09-17T07:00:00+08:00,1789599600000,97.43,98.79,97.33,98.6,269651.4,269651.4,26526128.688,1
2026-09-17T08:00:00+08:00,1789603200000,98.6,99.16,98.4,98.65,274270.76,274270.76,27121677.1824,1
2026-09-17T09:00:00+08:00,1789606800000,98.65,99.61,98.41,99.18,337413.7,337413.7,33451504.4443,1
2026-09-17T10:00:00+08:00,1789610400000,99.19,99.69,98.77,99.31,348381.02,348381.02,34562626.749,1
2026-09-17T11:00:00+08:00,1789614000000,99.32,100,99.31,99.91,246392.25,246392.25,24580875.1951,1
2026-09-17T12:00:00+08:00,1789617600000,99.9,99.95,99.09,99.85,322583.72,322583.72,32091567.9847,1
2026-09-17T13:00:00+08:00,1789621200000,99.86,100.05,99.44,99.5,216938.66,216938.66,21623401.2347,1
2026-09-17T14:00:00+08:00,1789624800000,99.5,99.94,99.43,99.69,165967.13,165967.13,16540616.8227,1
2026-09-17T15:00:00+08:00,1789628400000,99.68,100.31,99.66,99.98,315242.48,315242.48,31546370.6331,1
2026-09-17T16:00:00+08:00,1789632000000,99.98,100.29,99.82,100.27,261329.63,261329.63,26161312.2321,1
2026-09-17T17:00:00+08:00,1789635600000,100.28,100.81,100.1,100.18,547895.09,547895.09,55068531.2459,1
2026-09-17T18:00:00+08:00,1789639200000,100.18,100.2,99.44,99.8,383937.49,383937.49,38293006.6084,1
2026-09-17T19:00:00+08:00,1789642800000,99.8,100.2,99.47,100.08,300635,300635,30029937.1495,1
2026-09-17T20:00:00+08:00,1789646400000,100.07,101.38,100.02,100.7,701073,701073,70655748.887,1
2026-09-17T21:00:00+08:00,1789650000000,100.69,100.96,99.6,100.69,697602.28,697602.28,69933036.5468,1
2026-09-17T22:00:00+08:00,1789653600000,100.7,101.76,100.02,100.99,896598.35,896598.35,90735762.3208,1
2026-09-17T23:00:00+08:00,1789657200000,101,101.31,100.19,101.22,508468.66,508468.66,51234943.1228,1
2026-09-18T00:00:00+08:00,1789660800000,101.22,101.48,100.62,101.36,366583.25,366583.25,37055791.0306,1
2026-09-18T01:00:00+08:00,1789664400000,101.36,102.03,101.13,101.48,452603.36,452603.36,45986813.021,1
2026-09-18T02:00:00+08:00,1789668000000,101.49,101.58,100.77,100.81,303865.15,303865.15,30716830.055,1
2026-09-18T03:00:00+08:00,1789671600000,100.81,101.05,100.66,100.91,223214.48,223214.48,22513278.7241,1
2026-09-18T04:00:00+08:00,1789675200000,100.92,101.33,100.83,101.25,159829.32,159829.32,16159644.2881,1
2026-09-18T05:00:00+08:00,1789678800000,101.24,101.42,101.04,101.1,130526.56,130526.56,13215103.753,1
2026-09-18T06:00:00+08:00,1789682400000,101.1,101.49,100.72,101.37,251887.14,251887.14,25473788.1273,1
2026-09-18T07:00:00+08:00,1789686000000,101.37,101.71,101.28,101.58,223510.82,223510.82,22690672.8687,1
2026-09-18T08:00:00+08:00,1789689600000,101.57,101.66,100.83,101.36,232785.15,232785.15,23568114.7366,1
2026-09-18T09:00:00+08:00,1789693200000,101.37,102.86,101.33,102.42,545149.04,545149.04,55681212.5204,1
2026-09-18T10:00:00+08:00,1789696800000,102.43,102.87,102.1,102.71,348769.36,348769.36,35750837.3712,1
2026-09-18T11:00:00+08:00,1789700400000,102.7,105.17,102.61,104.55,1288229.58,1288229.58,134030020.8868,1
2026-09-18T12:00:00+08:00,1789704000000,104.55,105.91,104.39,105.8,918281.34,918281.34,96493191.4068,1
2026-09-18T13:00:00+08:00,1789707600000,105.79,106.16,105.29,105.31,804248.7,804248.7,84971866.4214,1
2026-09-18T14:00:00+08:00,1789711200000,105.31,105.79,105.28,105.52,396092.8,396092.8,41806467.0656,1
2026-09-18T15:00:00+08:00,1789714800000,105.52,106.12,105.41,105.74,604087.1,604087.1,63926853.6696,1
2026-09-18T16:00:00+08:00,1789718400000,105.75,106.38,105.07,106.28,718285.72,718285.72,76061449.1111,1
2026-09-18T17:00:00+08:00,1789722000000,106.28,106.62,105.89,106.38,550887.3,550887.3,58529736.181,1
2026-09-18T18:00:00+08:00,1789725600000,106.38,106.64,106.22,106.25,332828.28,332828.28,35432550.3966,1
2026-09-18T19:00:00+08:00,1789729200000,106.24,106.36,105.38,105.7,577507.47,577507.47,61041651.3545,1
2026-09-18T20:00:00+08:00,1789732800000,105.71,106.13,105.37,105.76,393769.06,393769.06,41637449.7341,1
2026-09-18T21:00:00+08:00,1789736400000,105.77,109.38,105.42,108.49,2013699.7,2013699.7,216982953.8018,1
2026-09-18T22:00:00+08:00,1789740000000,108.49,111,108.36,110.72,1932143.92,1932143.92,211856371.438,1
2026-09-18T23:00:00+08:00,1789743600000,110.73,111.6,109.34,111.12,1630857.87,1630857.87,180149127.4154,1
2026-09-19T00:00:00+08:00,1789747200000,111.11,112.27,111,111.69,1138302.15,1138302.15,127076743.937,1
2026-09-19T01:00:00+08:00,1789750800000,111.69,112.72,111.35,112.58,849591.65,849591.65,95218304.1616,1
2026-09-19T02:00:00+08:00,1789754400000,112.59,112.87,112.01,112.14,532450.28,532450.28,59875508.5942,1
2026-09-19T03:00:00+08:00,1789758000000,112.15,114.29,112.15,114.17,1090919.51,1090919.51,123886980.5669,1
2026-09-19T04:00:00+08:00,1789761600000,114.17,114.19,113.08,113.49,505128.5,505128.5,57383026.3294,1
2026-09-19T05:00:00+08:00,1789765200000,113.49,113.75,112.99,113.16,347746.81,347746.81,39427783.4216,1
2026-09-19T06:00:00+08:00,1789768800000,113.17,113.6,112.72,113.16,361855.02,361855.02,40937964.558,1
2026-09-19T07:00:00+08:00,1789772400000,113.17,113.45,112.47,112.69,327862.22,327862.22,37037964.9496,1
2026-09-19T08:00:00+08:00,1789776000000,112.7,113.77,112.35,113.65,530811.36,530811.36,60054360.7768,1
2026-09-19T09:00:00+08:00,1789779600000,113.65,114.13,112.84,113.41,476098.09,476098.09,54016328.135,1
2026-09-19T10:00:00+08:00,1789783200000,113.42,113.85,113.31,113.6,244464.92,244464.92,27764623.0092,1
2026-09-19T11:00:00+08:00,1789786800000,113.61,113.81,113.13,113.23,167683.62,167683.62,19016116.5607,1
2026-09-19T12:00:00+08:00,1789790400000,113.23,113.44,112.08,112.35,491228.15,491228.15,55335586.4689,1
2026-09-19T13:00:00+08:00,1789794000000,112.35,112.97,111.66,111.92,420525.36,420525.36,47291381.9298,1
2026-09-19T14:00:00+08:00,1789797600000,111.92,112.08,111.17,111.84,616853.91,616853.91,68867296.784,1
2026-09-19T15:00:00+08:00,1789801200000,111.84,112.23,111.55,111.59,226206.04,226206.04,25305119.5325,1
2026-09-19T16:00:00+08:00,1789804800000,111.6,112.46,111.51,112.23,346478.5,346478.5,38854398.1365,1
2026-09-19T17:00:00+08:00,1789808400000,112.24,112.48,111.39,111.81,390878.05,390878.05,43726977.7895,1
2026-09-19T18:00:00+08:00,1789812000000,111.81,112.12,111.61,111.61,204210.8,204210.8,22852663.2328,1
2026-09-19T19:00:00+08:00,1789815600000,111.61,112.06,111.58,111.87,245463.98,245463.98,27453691.1424,1
2026-09-19T20:00:00+08:00,1789819200000,111.86,112.04,111.61,111.74,224251.36,224251.36,25070465.7581,1
2026-09-19T21:00:00+08:00,1789822800000,111.75,111.83,111.22,111.6,375107.14,375107.14,41836042.5462,1
2026-09-19T22:00:00+08:00,1789826400000,111.61,112.19,111.43,111.75,365304.62,365304.62,40848853.7039,1
2026-09-19T23:00:00+08:00,1789830000000,111.75,112.1,111.46,111.62,293738.48,293738.48,32829477.1751,1
2026-09-20T00:00:00+08:00,1789833600000,111.63,112.01,111.2,111.97,400502.62,400502.62,44698505.6159,1
2026-09-20T01:00:00+08:00,1789837200000,111.96,112.45,111.3,111.34,506064.86,506064.86,56589600.4661,1
2026-09-20T02:00:00+08:00,1789840800000,111.35,111.6,110.55,111.12,700227.5,700227.5,77718145.3361,1
2026-09-20T03:00:00+08:00,1789844400000,111.11,111.55,110.7,111.13,273985.66,273985.66,30446326.7932,1
2026-09-20T04:00:00+08:00,1789848000000,111.14,111.35,110.91,111.1,204874.47,204874.47,22768873.1618,1
2026-09-20T05:00:00+08:00,1789851600000,111.1,111.28,110.1,110.51,447685.68,447685.68,49517230.819,1
2026-09-20T06:00:00+08:00,1789855200000,110.51,110.73,109.97,110.64,327778.88,327778.88,36150476.6312,1
2026-09-20T07:00:00+08:00,1789858800000,110.63,111.15,110.59,111.01,234992.36,234992.36,26058108.5482,1
2026-09-20T08:00:00+08:00,1789862400000,111.01,111.11,110.55,110.91,201330.4,201330.4,22318935.5109,1
2026-09-20T09:00:00+08:00,1789866000000,110.9,110.95,109.67,110.14,401972.33,401972.33,44297156.5021,1
2026-09-20T10:00:00+08:00,1789869600000,110.14,110.51,107.35,107.62,1315390.75,1315390.75,142955376.1649,1
2026-09-20T11:00:00+08:00,1789873200000,107.61,109.08,107.36,108.86,858498.65,858498.65,92944683.2062,1
2026-09-20T12:00:00+08:00,1789876800000,108.85,109.22,108.59,109.01,258796.36,258796.36,28178355.5937,1
2026-09-20T13:00:00+08:00,1789880400000,109,109.21,108.56,108.73,300227.99,300227.99,32662359.651,1
2026-09-20T14:00:00+08:00,1789884000000,108.73,108.9,108.08,108.42,289183.88,289183.88,31368522.668,1
2026-09-20T15:00:00+08:00,1789887600000,108.42,108.78,108.41,108.43,157596.11,157596.11,17117298.4461,1
2026-09-20T16:00:00+08:00,1789891200000,108.44,108.75,107.67,108.07,403778.92,403778.92,43709021.1228,1
2026-09-20T17:00:00+08:00,1789894800000,108.07,108.82,108.04,108.28,263245.54,263245.54,28536123.9631,1
2026-09-20T18:00:00+08:00,1789898400000,108.27,108.41,107.87,108.01,204450.54,204450.54,22095193.6868,1
2026-09-20T19:00:00+08:00,1789902000000,108,108.67,107.9,108.44,261013.46,261013.46,28259241.4621,1
2026-09-20T20:00:00+08:00,1789905600000,108.44,108.83,108.08,108.36,267362.69,267362.69,28978069.5284,1
2026-09-20T21:00:00+08:00,1789909200000,108.35,108.57,107.91,108.18,233193.79,233193.79,25233724.1243,1
2026-09-20T22:00:00+08:00,1789912800000,108.19,108.62,107.88,108.1,226669.51,226669.51,24532723.5458,1
2026-09-20T23:00:00+08:00,1789916400000,108.09,108.79,108,108.74,423845.69,423845.69,45906499.0477,1
2026-09-21T00:00:00+08:00,1789920000000,108.74,110.66,108.46,110.27,1280176.99,1280176.99,140466119.4183,1
2026-09-21T01:00:00+08:00,1789923600000,110.27,110.49,109.43,109.86,439460.86,439460.86,48310385.9938,1
2026-09-21T02:00:00+08:00,1789927200000,109.86,110.3,109.15,109.37,289880.9,289880.9,31819983.897,1
2026-09-21T03:00:00+08:00,1789930800000,109.38,110.82,109.3,110.39,290417.17,290417.17,31978108.513,1
2026-09-21T04:00:00+08:00,1789934400000,110.39,110.59,110.01,110.08,202466.57,202466.57,22327927.0654,1
2026-09-21T05:00:00+08:00,1789938000000,110.08,110.09,109.01,109.84,389692.31,389692.31,42724609.1129,1
2026-09-21T06:00:00+08:00,1789941600000,109.84,111.02,109.56,110.96,308450.66,308450.66,34050378.2085,1
2026-09-21T07:00:00+08:00,1789945200000,110.97,111.42,110.5,111.12,374270.12,374270.12,41521149.3819,1
2026-09-21T08:00:00+08:00,1789948800000,111.12,112.89,111.1,112.27,909999.15,909999.15,102140881.2445,1
2026-09-21T09:00:00+08:00,1789952400000,112.26,113.44,110.66,110.92,879081.89,879081.89,98533057.185,1
2026-09-21T10:00:00+08:00,1789956000000,110.91,111.96,110.65,111.18,419908.41,419908.41,46746080.2953,1
2026-09-21T11:00:00+08:00,1789959600000,111.18,111.88,111.12,111.51,228816.51,228816.51,25526489.6593,1
2026-09-21T12:00:00+08:00,1789963200000,111.51,111.77,110.98,111.41,171705.3,171705.3,19113084.1729,1
2026-09-21T13:00:00+08:00,1789966800000,111.42,112.19,111.23,111.72,284815.49,284815.49,31846949.8156,1
2026-09-21T14:00:00+08:00,1789970400000,111.72,112.56,111.47,112.15,319114.53,319114.53,35752329.4808,1
2026-09-21T15:00:00+08:00,1789974000000,112.15,112.35,111.34,112.08,306614.29,306614.29,34275184.1553,1
2026-09-21T16:00:00+08:00,1789977600000,112.07,116.38,112.03,115.26,1704649.97,1704649.97,195159694.3572,1
2026-09-21T17:00:00+08:00,1789981200000,115.25,116.83,114.89,115.87,1313404.42,1313404.42,152077020.0634,1
2026-09-21T18:00:00+08:00,1789984800000,115.87,116.08,115.42,115.97,393508.89,393508.89,45535485.3162,1
2026-09-21T19:00:00+08:00,1789988400000,115.97,117.15,115.78,116.76,613036.01,613036.01,71427195.4986,1
2026-09-21T20:00:00+08:00,1789992000000,116.76,117.08,116.12,116.74,391280.62,391280.62,45638134.3836,1
2026-09-21T21:00:00+08:00,1789995600000,116.73,118.35,116.6,117.98,1151638.13,1151638.13,135267095.2741,1
2026-09-21T22:00:00+08:00,1789999200000,117.98,118.89,117.29,117.97,1132232.57,1132232.57,133792138.7151,1
2026-09-21T23:00:00+08:00,1790002800000,117.96,119.1,117.29,117.87,921160.93,921160.93,108768089.3118,1
2026-09-22T00:00:00+08:00,1790006400000,117.87,118.27,116.7,117.45,648561.48,648561.48,76193351.8497,1
2026-09-22T01:00:00+08:00,1790010000000,117.44,117.86,116.61,117.15,425544.96,425544.96,49911620.6094,1
2026-09-22T02:00:00+08:00,1790013600000,117.15,117.83,116.81,117.68,248314.76,248314.76,29150285.3166,1
2026-09-22T03:00:00+08:00,1790017200000,117.68,118.43,117.22,118.31,384951.78,384951.78,45404507.4805,1
2026-09-22T04:00:00+08:00,1790020800000,118.31,119.47,118.15,119.16,512495.3,512495.3,60920374.093,1
2026-09-22T05:00:00+08:00,1790024400000,119.16,119.96,118.59,119.06,357471.98,357471.98,42624292.25,1
2026-09-22T06:00:00+08:00,1790028000000,119.07,119.8,118.73,119.43,298837.29,298837.29,35635205.4051,1
2026-09-22T07:00:00+08:00,1790031600000,119.42,119.9,118.35,118.87,460690.39,460690.39,54795431.5453,1
2026-09-22T08:00:00+08:00,1790035200000,118.88,119.44,118.02,118.3,582826.68,582826.68,69265574.8155,1
2026-09-22T09:00:00+08:00,1790038800000,118.3,118.41,116.88,117.56,680265.53,680265.53,80066512.1182,1
2026-09-22T10:00:00+08:00,1790042400000,117.56,118.07,116.37,116.89,587435.13,587435.13,68896236.5106,1
2026-09-22T11:00:00+08:00,1790046000000,116.89,117.03,116.26,116.76,512917.36,512917.36,59821525.6257,1
2026-09-22T12:00:00+08:00,1790049600000,116.76,117.1,116.19,116.34,431370.17,431370.17,50317773.5637,1
2026-09-22T13:00:00+08:00,1790053200000,116.35,117.15,115.52,116.79,791586.78,791586.78,92050795.6509,1
2026-09-22T14:00:00+08:00,1790056800000,116.8,117.01,116.33,116.48,334119.13,334119.13,38951090.2908,1
2026-09-22T15:00:00+08:00,1790060400000,116.49,116.8,115.96,116.27,276187.39,276187.39,32135524.4856,1
2026-09-22T16:00:00+08:00,1790064000000,116.28,118,115.74,117.44,643758.14,643758.14,75325255.5689,1
2026-09-22T17:00:00+08:00,1790067600000,117.44,117.55,116.61,117.43,506193.76,506193.76,59259722.3201,1
2026-09-22T18:00:00+08:00,1790071200000,117.43,117.43,116.33,116.78,301745.19,301745.19,35232392.3371,1
2026-09-22T19:00:00+08:00,1790074800000,116.78,117.46,116.33,117.26,470498.11,470498.11,55062199.3835,1
2026-09-22T20:00:00+08:00,1790078400000,117.27,117.7,116.8,117.42,425621.16,425621.16,49911670.524,1
2026-09-22T21:00:00+08:00,1790082000000,117.41,117.95,116.75,117.92,551198.55,551198.55,64683751.1848,1
2026-09-22T22:00:00+08:00,1790085600000,117.93,117.93,115.83,116.82,824590.78,824590.78,96239975.1408,1
2026-09-22T23:00:00+08:00,1790089200000,116.81,117.87,116.71,117.31,532228.88,532228.88,62378962.8887,1
