open_time_beijing,timestamp_ms,open,high,low,close,vol,volCcy,volCcyQuote,confirm
2026-03-27T00:00:00+08:00,1774540800000,87.47,87.68,86.4,86.57,680692.7,680692.7,59275375.8235,1
2026-03-27T02:00:00+08:00,1774548000000,86.57,86.76,85.37,85.42,1012522.6,1012522.6,87033837.9162,1
2026-03-27T04:00:00+08:00,1774555200000,85.41,87.08,85.38,86.76,1154153.81,1154153.81,99931130.0899,1
2026-03-27T06:00:00+08:00,1774562400000,86.75,86.9,86.14,86.48,473405.73,473405.73,40940966.7282,1
2026-03-27T08:00:00+08:00,1774569600000,86.48,86.85,86.14,86.84,396484.34,396484.34,34309190.3083,1
2026-03-27T10:00:00+08:00,1774576800000,86.85,86.99,86.3,86.37,339461.02,339461.02,29400895.5222,1
2026-03-27T12:00:00+08:00,1774584000000,86.37,86.7,85.68,86.05,604740.58,604740.58,52054642.5943,1
2026-03-27T14:00:00+08:00,1774591200000,86.05,86.34,85.62,85.87,481533.08,481533.08,41411749.7392,1
2026-03-27T16:00:00+08:00,1774598400000,85.86,86.08,84.27,85,1751565.09,1751565.09,148821636.2459,1
2026-03-27T18:00:00+08:00,1774605600000,85,85.08,82.55,83.29,2209574.62,2209574.62,184311149.8903,1
2026-03-27T20:00:00+08:00,1774612800000,83.3,83.46,82.37,82.86,1045984.9,1045984.9,86827484.9205,1
2026-03-27T22:00:00+08:00,1774620000000,82.86,83.93,82.54,83.25,1152456.27,1152456.27,95897774.4233,1
2026-03-28T00:00:00+08:00,1774627200000,83.25,83.35,82.01,82.16,1097024.2,1097024.2,90730247.0684,1
2026-03-28T02:00:00+08:00,1774634400000,82.15,82.83,81.74,82.73,652899.49,652899.49,53695821.7206,1
2026-03-28T04:00:00+08:00,1774641600000,82.72,82.97,82.29,82.68,277834.85,277834.85,22978616.1216,1
2026-03-28T06:00:00+08:00,1774648800000,82.69,83.06,82.38,83.02,244620.89,244620.89,20236205.6192,1
2026-03-28T08:00:00+08:00,1774656000000,83.02,83.02,82.18,82.59,355680.83,355680.83,29379607.2666,1
2026-03-28T10:00:00+08:00,1774663200000,82.6,82.85,82.3,82.53,266211.72,266211.72,21972213.3766,1
2026-03-28T12:00:00+08:00,1774670400000,82.53,82.73,82.3,82.68,377868.91,377868.91,31186921.7104,1
2026-03-28T14:00:00+08:00,1774677600000,82.68,83.59,82.6,83.54,595715.27,595715.27,49535195.8091,1
2026-03-28T16:00:00+08:00,1774684800000,83.54,83.64,82.85,82.98,486549.6,486549.6,40502332.0354,1
2026-03-28T18:00:00+08:00,1774692000000,82.97,83.28,82.65,82.88,346053.65,346053.65,28690609.6697,1
2026-03-28T20:00:00+08:00,1774699200000,82.87,84.08,82.53,83.31,949344.56,949344.56,79052937.1609,1
2026-03-28T22:00:00+08:00,1774706400000,83.32,84.25,82.92,83.76,1020279.27,1020279.27,85261671.2475,1
2026-03-29T00:00:00+08:00,1774713600000,83.76,83.88,83.07,83.25,444548.37,444548.37,37110516.9872,1
2026-03-29T02:00:00+08:00,1774720800000,83.25,83.46,82.95,83.21,210138.95,210138.95,17489752.1168,1
2026-03-29T04:00:00+08:00,1774728000000,83.22,83.44,82.25,82.63,386200.76,386200.76,32015923.1619,1
2026-03-29T06:00:00+08:00,1774735200000,82.62,82.84,81.6,82.02,573364.22,573364.22,47104276.281,1
2026-03-29T08:00:00+08:00,1774742400000,82.02,82.45,81.79,82.4,431587.66,431587.66,35451536.0598,1
2026-03-29T10:00:00+08:00,1774749600000,82.4,83.18,82.34,82.95,358024.06,358024.06,29622220.4171,1
2026-03-29T12:00:00+08:00,1774756800000,82.94,82.98,82.34,82.64,350750.31,350750.31,28991243.6543,1
2026-03-29T14:00:00+08:00,1774764000000,82.65,82.76,82.16,82.39,393950.13,393950.13,32459504.5875,1
2026-03-29T16:00:00+08:00,1774771200000,82.39,82.56,82.1,82.3,213105.46,213105.46,17545396.9741,1
2026-03-29T18:00:00+08:00,1774778400000,82.3,82.78,81.93,82.52,442156.03,442156.03,36402036.1243,1
2026-03-29T20:00:00+08:00,1774785600000,82.52,82.59,81.62,81.86,515635.86,515635.86,42287024.0193,1
2026-03-29T22:00:00+08:00,1774792800000,81.86,82.38,81.21,81.78,736158.22,736158.22,60176746.9601,1
2026-03-30T00:00:00+08:00,1774800000000,81.78,82.08,81.07,81.49,489159.91,489159.91,39883755.5076,1
2026-03-30T02:00:00+08:00,1774807200000,81.49,81.88,81.33,81.55,273287.42,273287.42,22305137.7758,1
2026-03-30T04:00:00+08:00,1774814400000,81.55,82.19,81.54,82.09,298344.83,298344.83,24440545.2433,1
2026-03-30T06:00:00+08:00,1774821600000,82.09,82.09,78.75,81.34,2397400.03,2397400.03,193024970.0548,1
2026-03-30T08:00:00+08:00,1774828800000,81.35,82.97,81.06,82.66,1218330.85,1218330.85,100163607.4245,1
2026-03-30T10:00:00+08:00,1774836000000,82.66,83.93,82.41,83.24,1025087.44,1025087.44,85324674.1208,1
2026-03-30T12:00:00+08:00,1774843200000,83.24,84.15,83.21,83.57,944510.21,944510.21,79059632.1301,1
2026-03-30T14:00:00+08:00,1774850400000,83.57,84.24,83.28,83.97,558236.89,558236.89,46714439.9719,1
2026-03-30T16:00:00+08:00,1774857600000,83.97,84.88,83.94,84.1,1086047.43,1086047.43,91643952.0997,1
2026-03-30T18:00:00+08:00,1774864800000,84.1,84.64,83.55,84.2,702289.73,702289.73,59033224.3453,1
2026-03-30T20:00:00+08:00,1774872000000,84.21,84.97,83.86,83.95,908888.13,908888.13,76709341.2658,1
2026-03-30T22:00:00+08:00,1774879200000,83.95,84.72,83.61,84.45,1074682.81,1074682.81,90518571.5255,1
2026-03-31T00:00:00+08:00,1774886400000,84.45,84.5,83.03,83.21,660272.17,660272.17,55284098.8567,1
2026-03-31T02:00:00+08:00,1774893600000,83.21,83.38,81.91,82.32,785289.11,785289.11,64768433.6858,1
2026-03-31T04:00:00+08:00,1774900800000,82.32,83.61,82.28,83.08,532213.65,532213.65,44175106.6718,1
2026-03-31T06:00:00+08:00,1774908000000,83.09,83.44,82.08,82.51,508672.16,508672.16,42015602.0052,1
2026-03-31T08:00:00+08:00,1774915200000,82.51,84.59,82.1,83.82,1083818.64,1083818.64,90342115.4615,1
2026-03-31T10:00:00+08:00,1774922400000,83.81,84.05,83.23,83.56,413254.21,413254.21,34581636.326,1
2026-03-31T12:00:00+08:00,1774929600000,83.57,83.87,82.83,83.71,588244.4,588244.4,49025767.2114,1
2026-03-31T14:00:00+08:00,1774936800000,83.71,83.78,82.63,83.05,660617.5,660617.5,54924984.424,1
2026-03-31T16:00:00+08:00,1774944000000,83.05,83.3,79.86,80.49,1500914.9,1500914.9,122392288.1906,1
2026-03-31T18:00:00+08:00,1774951200000,80.49,80.93,80.22,80.8,1341476.21,1341476.21,108107047.3919,1
2026-03-31T20:00:00+08:00,1774958400000,80.8,82,80.35,81.8,1388114.32,1388114.32,112573993.5125,1
2026-03-31T22:00:00+08:00,1774965600000,81.79,82.54,80.34,80.83,1815485.96,1815485.96,147722131.5371,1
2026-04-01T00:00:00+08:00,1774972800000,80.82,83.44,80.81,82.35,1695229.49,1695229.49,139691459.0979,1
2026-04-01T02:00:00+08:00,1774980000000,82.34,83.06,82.34,82.66,535928.93,535928.93,44315362.1911,1
2026-04-01T04:00:00+08:00,1774987200000,82.66,83.36,82.57,82.82,453296.76,453296.76,37595991.3161,1
2026-04-01T06:00:00+08:00,1774994400000,82.81,83.23,82.28,83.15,401623.19,401623.19,33254570.4593,1
2026-04-01T08:00:00+08:00,1775001600000,83.15,83.57,82.66,82.69,537595.31,537595.31,44664496.3024,1
2026-04-01T10:00:00+08:00,1775008800000,82.7,83.45,82.43,83.38,546062,546062,45325551.1833,1
2026-04-01T12:00:00+08:00,1775016000000,83.38,84.28,83.19,84.08,970629.78,970629.78,81293605.3937,1
2026-04-01T14:00:00+08:00,1775023200000,84.07,84.7,83.76,83.79,1035660.23,1035660.23,87283013.2603,1
2026-04-01T16:00:00+08:00,1775030400000,83.78,84.02,83.09,83.32,809102.46,809102.46,67582930.5122,1
2026-04-01T18:00:00+08:00,1775037600000,83.33,83.54,83,83.31,339203.18,339203.18,28246846.8681,1
2026-04-01T20:00:00+08:00,1775044800000,83.32,83.68,82.34,82.63,1259181.56,1259181.56,104487539.4581,1
2026-04-01T22:00:00+08:00,1775052000000,82.62,83.84,82.46,83.57,829633,829633,69050882.6856,1
2026-04-02T00:00:00+08:00,1775059200000,83.56,86.58,83,84.39,3003905,3003905,255467305.2882,1
2026-04-02T02:00:00+08:00,1775066400000,84.38,84.44,83.51,83.8,885903.05,885903.05,74375709.1265,1
2026-04-02T04:00:00+08:00,1775073600000,83.81,83.85,81.27,81.8,1363218.51,1363218.51,112563338.121,1
2026-04-02T06:00:00+08:00,1775080800000,81.8,81.9,80.71,81.14,1375896.02,1375896.02,111650607.9429,1
2026-04-02T08:00:00+08:00,1775088000000,81.13,81.74,78.91,79.28,2567782.53,2567782.53,206140211.1215,1
2026-04-02T10:00:00+08:00,1775095200000,79.27,79.35,78.21,78.96,1587067.28,1587067.28,125043343.2592,1
2026-04-02T12:00:00+08:00,1775102400000,78.95,79.4,78.55,79.21,1011132.08,1011132.08,79793358.2807,1
2026-04-02T14:00:00+08:00,1775109600000,79.2,79.62,78.89,79.58,502297.08,502297.08,39808387.3592,1
2026-04-02T16:00:00+08:00,1775116800000,79.58,79.58,78.86,79.22,462509.36,462509.36,36623582.359,1
2026-04-02T18:00:00+08:00,1775124000000,79.21,79.27,78.1,78.28,758679.72,758679.72,59681986.2889,1
2026-04-02T20:00:00+08:00,1775131200000,78.28,78.56,76.63,77.7,1817753.07,1817753.07,140972738.8405,1
2026-04-02T22:00:00+08:00,1775138400000,77.7,79.66,77.46,79,2375439.43,2375439.43,187058181.0733,1
2026-04-03T00:00:00+08:00,1775145600000,79,79.86,78.51,78.54,1158114.28,1158114.28,91776174.0314,1
2026-04-03T02:00:00+08:00,1775152800000,78.55,79.24,78.39,78.95,576649.04,576649.04,45460052.1637,1
2026-04-03T04:00:00+08:00,1775160000000,78.95,79.33,78.58,78.92,338024.38,338024.38,26700886.2144,1
2026-04-03T06:00:00+08:00,1775167200000,78.92,79.1,78.68,78.89,356223.31,356223.31,28107597.7215,1
2026-04-03T08:00:00+08:00,1775174400000,78.9,79.75,78.83,79.14,669170.75,669170.75,53012056.8992,1
2026-04-03T10:00:00+08:00,1775181600000,79.13,79.55,78.81,78.97,693148.97,693148.97,54869853.599,1
2026-04-03T12:00:00+08:00,1775188800000,78.97,79.61,78.95,79.28,629813.6,629813.6,49921174.8806,1
2026-04-03T14:00:00+08:00,1775196000000,79.28,80.11,79.16,79.9,627748.85,627748.85,50006035.2498,1
2026-04-03T16:00:00+08:00,1775203200000,79.9,80.19,79.58,79.91,651068.41,651068.41,51987753.6253,1
2026-04-03T18:00:00+08:00,1775210400000,79.92,80.42,79.64,80.14,706039.61,706039.61,56496050.5323,1
2026-04-03T20:00:00+08:00,1775217600000,80.13,80.89,79.11,79.55,1071392.91,1071392.91,85420210.5839,1
2026-04-03T22:00:00+08:00,1775224800000,79.56,80.63,79.38,80.28,836230.58,836230.58,67049839.7064,1
2026-04-04T00:00:00+08:00,1775232000000,80.28,80.65,79.85,80.14,516528.63,516528.63,41486996.7023,1
2026-04-04T02:00:00+08:00,1775239200000,80.14,80.42,79.82,80.15,222338.14,222338.14,17811584.1426,1
2026-04-04T04:00:00+08:00,1775246400000,80.15,80.67,80.07,80.35,217550.47,217550.47,17475884.4427,1
2026-04-04T06:00:00+08:00,1775253600000,80.36,80.5,79.88,80.33,349275.43,349275.43,28011271.8383,1
2026-04-04T08:00:00+08:00,1775260800000,80.34,80.36,80,80.08,181307.03,181307.03,14530247.1248,1
2026-04-04T10:00:00+08:00,1775268000000,80.07,80.25,80,80.11,215661.81,215661.81,17280762.2017,1
2026-04-04T12:00:00+08:00,1775275200000,80.11,80.27,80.06,80.13,172571.29,172571.29,13831486.6629,1
2026-04-04T14:00:00+08:00,1775282400000,80.14,80.5,80.1,80.27,176264.78,176264.78,14150924.1903,1
2026-04-04T16:00:00+08:00,1775289600000,80.27,80.35,79.85,79.99,297171.16,297171.16,23770573.2811,1
2026-04-04T18:00:00+08:00,1775296800000,79.98,80.25,79.97,80.15,414931.65,414931.65,33235422.9024,1
2026-04-04T20:00:00+08:00,1775304000000,80.14,80.21,79.87,79.99,189856.76,189856.76,15197486.0765,1
2026-04-04T22:00:00+08:00,1775311200000,79.99,81.62,79.48,81.05,1439646.97,1439646.97,116227490.1725,1
2026-04-05T00:00:00+08:00,1775318400000,81.05,81.3,80.58,80.89,550513.75,550513.75,44569057.7747,1
2026-04-05T02:00:00+08:00,1775325600000,80.89,81.29,80.69,80.82,548415.64,548415.64,44377936.7623,1
2026-04-05T04:00:00+08:00,1775332800000,80.82,80.98,80.57,80.87,292902.18,292902.18,23668874.0717,1
2026-04-05T06:00:00+08:00,1775340000000,80.88,81.03,80.66,80.79,226809.51,226809.51,18338877.5008,1
2026-04-05T08:00:00+08:00,1775347200000,80.8,80.81,80.44,80.47,306188.51,306188.51,24688539.7293,1
2026-04-05T10:00:00+08:00,1775354400000,80.46,80.59,80.33,80.51,293638.91,293638.91,23623036.498,1
2026-04-05T12:00:00+08:00,1775361600000,80.52,80.54,80.08,80.25,351002.18,351002.18,28191979.1189,1
2026-04-05T14:00:00+08:00,1775368800000,80.25,80.32,79.34,79.54,996174.07,996174.07,79402709.7095,1
2026-04-05T16:00:00+08:00,1775376000000,79.54,79.84,79.49,79.78,263036.02,263036.02,20953915.4816,1
2026-04-05T18:00:00+08:00,1775383200000,79.78,80.2,79.71,79.87,310344.69,310344.69,24789298.2959,1
2026-04-05T20:00:00+08:00,1775390400000,79.86,79.92,78.46,79.13,1270155.5,1270155.5,100387156.2428,1
2026-04-05T22:00:00+08:00,1775397600000,79.14,80.3,78.95,79.54,792637.38,792637.38,63098005.8517,1
2026-04-06T00:00:00+08:00,1775404800000,79.54,79.89,79.33,79.84,392485.22,392485.22,31243417.9177,1
2026-04-06T02:00:00+08:00,1775412000000,79.84,80.18,79.47,79.78,282626.64,282626.64,22582567.4427,1
2026-04-06T04:00:00+08:00,1775419200000,79.78,80.17,79.45,79.69,308541,308541,24641338.3532,1
2026-04-06T06:00:00+08:00,1775426400000,79.7,82.08,79,81.85,1729691.86,1729691.86,140017130.1426,1
2026-04-06T08:00:00+08:00,1775433600000,81.86,82.94,81.64,81.67,1401072.45,1401072.45,115320575.976,1
2026-04-06T10:00:00+08:00,1775440800000,81.67,82.78,81.63,82.07,640568.08,640568.08,52707066.7412,1
2026-04-06T12:00:00+08:00,1775448000000,82.07,82.31,81.74,81.86,357179.89,357179.89,29275293.9501,1
2026-04-06T14:00:00+08:00,1775455200000,81.86,82.09,80.91,81.77,1080387.51,1080387.51,88028354.4753,1
2026-04-06T16:00:00+08:00,1775462400000,81.77,83.17,81.63,82.42,1220442.94,1220442.94,100479550.1719,1
2026-04-06T18:00:00+08:00,1775469600000,82.42,82.85,82.26,82.4,463643.31,463643.31,38269921.7767,1
2026-04-06T20:00:00+08:00,1775476800000,82.39,82.63,82.12,82.43,502349.53,502349.53,41362954.5302,1
2026-04-06T22:00:00+08:00,1775484000000,82.42,82.78,81.68,82.24,965059.62,965059.62,79300856.5636,1
2026-04-07T00:00:00+08:00,1775491200000,82.25,82.43,81.13,81.59,680597.34,680597.34,55579667.567,1
2026-04-07T02:00:00+08:00,1775498400000,81.6,82.17,81.5,81.86,336818.53,336818.53,27556792.3487,1
2026-04-07T04:00:00+08:00,1775505600000,81.86,82.1,81.33,81.43,197908.87,197908.87,16187311.898,1
2026-04-07T06:00:00+08:00,1775512800000,81.42,81.45,79.53,79.95,1325918.59,1325918.59,106350323.2005,1
2026-04-07T08:00:00+08:00,1775520000000,79.95,80.15,79.31,79.45,871180.97,871180.97,69511470.2302,1
2026-04-07T10:00:00+08:00,1775527200000,79.45,79.87,79.4,79.73,409545.11,409545.11,32626357.1842,1
2026-04-07T12:00:00+08:00,1775534400000,79.73,80.12,79.4,79.54,596453.74,596453.74,47559397.1563,1
2026-04-07T14:00:00+08:00,1775541600000,79.54,79.89,79.24,79.82,577794.33,577794.33,45972864.8431,1
2026-04-07T16:00:00+08:00,1775548800000,79.81,80.55,79.76,80.33,822033.29,822033.29,65895909.8403,1
2026-04-07T18:00:00+08:00,1775556000000,80.32,80.4,78.84,79.16,1357976.78,1357976.78,107843741.9091,1
2026-04-07T20:00:00+08:00,1775563200000,79.16,79.34,78.53,78.82,1039649.36,1039649.36,82081239.2334,1
2026-04-07T22:00:00+08:00,1775570400000,78.83,79.02,78.31,78.81,1008722.14,1008722.14,79349673.3504,1
2026-04-08T00:00:00+08:00,1775577600000,78.8,80.94,78.61,80.01,1386961.11,1386961.11,110614290.7982,1
2026-04-08T02:00:00+08:00,1775584800000,80.01,81.8,79.46,81.57,1374303.14,1374303.14,110747851.0207,1
2026-04-08T04:00:00+08:00,1775592000000,81.57,83.24,81.57,82.88,1470284.35,1470284.35,121043258.4687,1
2026-04-08T06:00:00+08:00,1775599200000,82.89,87.14,82.89,85.51,3341813.72,3341813.72,284032759.9881,1
2026-04-08T08:00:00+08:00,1775606400000,85.51,85.86,84.22,84.64,1048706.93,1048706.93,89016613.6481,1
2026-04-08T10:00:00+08:00,1775613600000,84.65,84.93,84.34,84.53,503126.46,503126.46,42543741.8494,1
2026-04-08T12:00:00+08:00,1775620800000,84.53,85.06,84.1,84.18,762418.61,762418.61,64544110.9875,1
2026-04-08T14:00:00+08:00,1775628000000,84.18,84.68,83.84,84.47,687368.67,687368.67,57973287.2575,1
2026-04-08T16:00:00+08:00,1775635200000,84.48,84.95,84.41,84.63,432281.94,432281.94,36598310.818,1
2026-04-08T18:00:00+08:00,1775642400000,84.63,84.81,84.12,84.42,537328.52,537328.52,45410187.1441,1
2026-04-08T20:00:00+08:00,1775649600000,84.42,84.94,83.87,84,1023181.01,1023181.01,86355721.2548,1
2026-04-08T22:00:00+08:00,1775656800000,83.99,84.1,82.45,83.29,1369474.34,1369474.34,113871903.4612,1
2026-04-09T00:00:00+08:00,1775664000000,83.28,84.16,82.99,83.92,563910.4,563910.4,47130294.635,1
2026-04-09T02:00:00+08:00,1775671200000,83.93,83.99,82.74,83.16,451649.38,451649.38,37560678.1777,1
2026-04-09T04:00:00+08:00,1775678400000,83.15,83.58,82.98,83.36,242416.2,242416.2,20191751.6166,1
2026-04-09T06:00:00+08:00,1775685600000,83.37,83.4,82.17,82.52,619122.52,619122.52,51161848.295,1
2026-04-09T08:00:00+08:00,1775692800000,82.52,82.63,81.65,82.19,782603.01,782603.01,64221961.8306,1
2026-04-09T10:00:00+08:00,1775700000000,82.18,82.4,81.83,81.99,437186.72,437186.72,35883889.79,1
2026-04-09T12:00:00+08:00,1775707200000,81.98,82.27,81.68,82.11,517999.01,517999.01,42439623.017,1
2026-04-09T14:00:00+08:00,1775714400000,82.12,82.43,81.8,82.22,414735.94,414735.94,34072667.4001,1
2026-04-09T16:00:00+08:00,1775721600000,82.23,82.64,82.06,82.54,634898.04,634898.04,52280790.8332,1
2026-04-09T18:00:00+08:00,1775728800000,82.55,82.66,81.98,82.12,474981.2,474981.2,39107684.8827,1
2026-04-09T20:00:00+08:00,1775736000000,82.12,82.36,81.52,81.82,683608.52,683608.52,56055222.9803,1
2026-04-09T22:00:00+08:00,1775743200000,81.82,83.9,81.37,83.71,1333521.75,1333521.75,110217935.2652,1
2026-04-10T00:00:00+08:00,1775750400000,83.71,84.69,82.87,84.64,1341998.73,1341998.73,112563657.3377,1
2026-04-10T02:00:00+08:00,1775757600000,84.63,84.69,83.4,84.12,975735.59,975735.59,81976758.9951,1
2026-04-10T04:00:00+08:00,1775764800000,84.12,84.73,84.07,84.24,491374.15,491374.15,41440138.9923,1
2026-04-10T06:00:00+08:00,1775772000000,84.24,85.91,83.11,83.29,1151544.32,1151544.32,97085174.0343,1
2026-04-10T08:00:00+08:00,1775779200000,83.29,83.76,82.78,83.12,883467.84,883467.84,73503595.8693,1
2026-04-10T10:00:00+08:00,1775786400000,83.11,83.42,82.56,82.86,499593.13,499593.13,41486233.2717,1
2026-04-10T12:00:00+08:00,1775793600000,82.85,83.55,82.85,83.35,401936.77,401936.77,33454589.9569,1
2026-04-10T14:00:00+08:00,1775800800000,83.35,83.42,82.83,82.91,418096.41,418096.41,34758652.2485,1
2026-04-10T16:00:00+08:00,1775808000000,82.91,83.55,82.67,83.5,757132.34,757132.34,62906952.0033,1
2026-04-10T18:00:00+08:00,1775815200000,83.5,83.75,83.07,83.49,539004.38,539004.38,44984505.1723,1
2026-04-10T20:00:00+08:00,1775822400000,83.49,84.4,83.31,84.23,1204141.84,1204141.84,101026838.6547,1
2026-04-10T22:00:00+08:00,1775829600000,84.22,85.55,84.03,84.2,1447737.89,1447737.89,122750681.4816,1
2026-04-11T00:00:00+08:00,1775836800000,84.2,84.87,84.06,84.83,495309.15,495309.15,41874244.5218,1
2026-04-11T02:00:00+08:00,1775844000000,84.83,85.44,84.58,85.41,373686.2,373686.2,31793117.0472,1
2026-04-11T04:00:00+08:00,1775851200000,85.41,85.64,84.92,85.18,362036.62,362036.62,30866124.7765,1
2026-04-11T06:00:00+08:00,1775858400000,85.19,85.24,84.59,84.77,260561.04,260561.04,22104651.2705,1
2026-04-11T08:00:00+08:00,1775865600000,84.78,84.8,84.33,84.63,310815.04,310815.04,26278870.5664,1
2026-04-11T10:00:00+08:00,1775872800000,84.63,84.87,84.19,84.36,382233.35,382233.35,32339983.6792,1
2026-04-11T12:00:00+08:00,1775880000000,84.36,84.57,84.03,84.04,394578.21,394578.21,33242302.2056,1
2026-04-11T14:00:00+08:00,1775887200000,84.04,84.3,83.82,84.23,331042.24,331042.24,27829625.9639,1
2026-04-11T16:00:00+08:00,1775894400000,84.23,84.75,84.1,84.47,525066.79,525066.79,44340236.936,1
2026-04-11T18:00:00+08:00,1775901600000,84.47,84.48,83.71,84.2,599027.36,599027.36,50354868.9658,1
2026-04-11T20:00:00+08:00,1775908800000,84.19,84.48,83.76,84.03,565587.04,565587.04,47592067.1369,1
2026-04-11T22:00:00+08:00,1775916000000,84.04,84.84,83.98,84.62,692314.33,692314.33,58431576.5664,1
2026-04-12T00:00:00+08:00,1775923200000,84.62,85.36,84.54,84.75,575343.02,575343.02,48839836.8745,1
2026-04-12T02:00:00+08:00,1775930400000,84.76,86.24,84.6,85.98,886524.99,886524.99,75889422.9996,1
2026-04-12T04:00:00+08:00,1775937600000,85.99,86.06,85.08,85.3,342933.13,342933.13,29297138.0684,1
2026-04-12T06:00:00+08:00,1775944800000,85.3,86.13,84.47,84.88,641181.69,641181.69,54649674.999,1
2026-04-12T08:00:00+08:00,1775952000000,84.88,84.96,81.97,82.22,1581263.94,1581263.94,131766332.3158,1
2026-04-12T10:00:00+08:00,1775959200000,82.23,82.91,81.81,82.26,1094642.39,1094642.39,90248760.5297,1
2026-04-12T12:00:00+08:00,1775966400000,82.26,82.42,82.01,82.34,441676.67,441676.67,36323867.956,1
2026-04-12T14:00:00+08:00,1775973600000,82.34,82.45,82.15,82.23,279160.3,279160.3,22970702.8036,1
2026-04-12T16:00:00+08:00,1775980800000,82.22,82.35,82.06,82.15,297476.65,297476.65,24447861.2342,1
2026-04-12T18:00:00+08:00,1775988000000,82.15,82.32,81.9,82.16,420828.9,420828.9,34544596.6772,1
2026-04-12T20:00:00+08:00,1775995200000,82.15,82.5,81.71,81.86,803996.05,803996.05,65954726.5294,1
2026-04-12T22:00:00+08:00,1776002400000,81.85,82.06,81.24,81.54,1018774.51,1018774.51,83124178.053,1
2026-04-13T00:00:00+08:00,1776009600000,81.54,82.27,81.48,82.13,331361.16,331361.16,27115833.7698,1
2026-04-13T02:00:00+08:00,1776016800000,82.14,82.27,81.87,81.92,215524.91,215524.91,17692524.8451,1
2026-04-13T04:00:00+08:00,1776024000000,81.92,82.84,81.87,82.74,426655.74,426655.74,35199976.1473,1
2026-04-13T06:00:00+08:00,1776031200000,82.74,82.77,81.22,81.49,957377.38,957377.38,78299558.2834,1
2026-04-13T08:00:00+08:00,1776038400000,81.49,82.3,81.36,82.27,415731.88,415731.88,34076216.3956,1
2026-04-13T10:00:00+08:00,1776045600000,82.28,82.39,81.7,81.86,282725.04,282725.04,23183804.0755,1
2026-04-13T12:00:00+08:00,1776052800000,81.87,82.22,81.48,81.8,381608.23,381608.23,31227021.3167,1
2026-04-13T14:00:00+08:00,1776060000000,81.8,82.56,81.77,82.12,675685.96,675685.96,55549417.3975,1
2026-04-13T16:00:00+08:00,1776067200000,82.11,82.23,81.68,81.81,531690.62,531690.62,43568094.2202,1
2026-04-13T18:00:00+08:00,1776074400000,81.81,82.01,81.61,81.81,320778.16,320778.16,26241374.172,1
2026-04-13T20:00:00+08:00,1776081600000,81.81,83.64,81.77,83.57,1359416.72,1359416.72,112345890.2338,1
2026-04-13T22:00:00+08:00,1776088800000,83.56,83.79,82.31,82.63,1338713.1,1338713.1,111254380.1882,1
2026-04-14T00:00:00+08:00,1776096000000,82.62,83.81,82.29,83.03,895805.45,895805.45,74563307.9553,1
2026-04-14T02:00:00+08:00,1776103200000,83.03,84.23,82.55,84.07,804929.97,804929.97,67174367.0569,1
2026-04-14T04:00:00+08:00,1776110400000,84.08,84.35,83.79,83.92,543374.37,543374.37,45648432.9432,1
2026-04-14T06:00:00+08:00,1776117600000,83.92,86.8,83.91,86.51,2117437.03,2117437.03,181826171.5798,1
2026-04-14T08:00:00+08:00,1776124800000,86.51,86.74,85.66,85.94,1012543.8,1012543.8,87173006.0138,1
2026-04-14T10:00:00+08:00,1776132000000,85.94,86.39,85.85,86.03,565473.09,565473.09,48697890.1395,1
2026-04-14T12:00:00+08:00,1776139200000,86.03,86.03,85.4,85.48,494811.33,494811.33,42417866.2133,1
2026-04-14T14:00:00+08:00,1776146400000,85.47,86.17,85.47,85.88,713896.17,713896.17,61319548.246,1
2026-04-14T16:00:00+08:00,1776153600000,85.88,86.38,85.7,86.09,427115.35,427115.35,36768951.4975,1
2026-04-14T18:00:00+08:00,1776160800000,86.09,86.57,85.58,85.76,840942.58,840942.58,72335863.946,1
2026-04-14T20:00:00+08:00,1776168000000,85.75,87.38,85.57,87.27,972090.53,972090.53,84110447.4993,1
2026-04-14T22:00:00+08:00,1776175200000,87.27,87.64,85.21,85.92,1812300.22,1812300.22,156351453.6077,1
2026-04-15T00:00:00+08:00,1776182400000,85.92,86.14,84.65,85.2,958352.6,958352.6,81723851.2046,1
2026-04-15T02:00:00+08:00,1776189600000,85.2,85.38,83.65,83.89,1023852.39,1023852.39,86222931.9611,1
2026-04-15T04:00:00+08:00,1776196800000,83.89,84.09,83.34,83.76,504948,504948,42223468.2145,1
2026-04-15T06:00:00+08:00,1776204000000,83.75,84.01,83.22,83.65,744439.91,744439.91,62227476.0423,1
2026-04-15T08:00:00+08:00,1776211200000,83.66,84.02,83.48,83.85,890804.18,890804.18,74567854.4867,1
2026-04-15T10:00:00+08:00,1776218400000,83.85,83.95,83.08,83.4,472131.17,472131.17,39354233.7303,1
2026-04-15T12:00:00+08:00,1776225600000,83.4,83.74,82.85,83.07,654791.32,654791.32,54518861.1792,1
2026-04-15T14:00:00+08:00,1776232800000,83.07,83.17,82.59,82.88,637666.4,637666.4,52835169.4177,1
2026-04-15T16:00:00+08:00,1776240000000,82.88,83.26,82.69,83.11,447045.81,447045.81,37104041.1485,1
2026-04-15T18:00:00+08:00,1776247200000,83.11,83.66,82.86,83.55,818258.28,818258.28,68107211.744,1
2026-04-15T20:00:00+08:00,1776254400000,83.54,83.83,83.16,83.58,602066.74,602066.74,50280612.4157,1
2026-04-15T22:00:00+08:00,1776261600000,83.59,84.46,83.36,83.96,999429.77,999429.77,83917887.5118,1
2026-04-16T00:00:00+08:00,1776268800000,83.95,85.13,83.85,84.68,908736.04,908736.04,76851589.8592,1
2026-04-16T02:00:00+08:00,1776276000000,84.68,85.81,84.56,85.48,561674.3,561674.3,47878023.356,1
2026-04-16T04:00:00+08:00,1776283200000,85.48,85.54,84.13,84.74,502879.14,502879.14,42592456.2208,1
2026-04-16T06:00:00+08:00,1776290400000,84.73,85.57,84.59,84.85,583361.28,583361.28,49579378.3104,1
2026-04-16T08:00:00+08:00,1776297600000,84.86,85.03,84.41,84.82,343540.54,343540.54,29102251.9804,1
2026-04-16T10:00:00+08:00,1776304800000,84.81,85.55,84.67,85.25,489984.75,489984.75,41741785.1045,1
2026-04-16T12:00:00+08:00,1776312000000,85.24,85.53,84.94,85.36,345009.16,345009.16,29414072.7779,1
2026-04-16T14:00:00+08:00,1776319200000,85.36,85.61,85.05,85.16,434159.8,434159.8,37055090.0742,1
2026-04-16T16:00:00+08:00,1776326400000,85.16,85.47,84.86,85.16,619748.67,619748.67,52790388.1876,1
2026-04-16T18:00:00+08:00,1776333600000,85.16,85.2,84.58,85.02,518467.18,518467.18,44048976.518,1
2026-04-16T20:00:00+08:00,1776340800000,85.01,86.24,83.74,84.74,1567773.86,1567773.86,133483250.5609,1
2026-04-16T22:00:00+08:00,1776348000000,84.73,87.1,83.97,86.58,2051427.74,2051427.74,175620215.7301,1
2026-04-17T00:00:00+08:00,1776355200000,86.58,87.06,85.55,86.6,1282462.89,1282462.89,110683644.9596,1
2026-04-17T02:00:00+08:00,1776362400000,86.6,90.1,86.47,90.05,2333882.48,2333882.48,206318065.376,1
2026-04-17T04:00:00+08:00,1776369600000,90.05,90.47,88.69,88.89,1271224.06,1271224.06,113840723.512,1
2026-04-17T06:00:00+08:00,1776376800000,88.89,89.42,88.79,89.01,460639.09,460639.09,41021592.3322,1
2026-04-17T08:00:00+08:00,1776384000000,89.02,89.14,87.87,88.19,708793.81,708793.81,62759532.8471,1
2026-04-17T10:00:00+08:00,1776391200000,88.19,88.32,87.41,87.67,669597.51,669597.51,58748095.6535,1
2026-04-17T12:00:00+08:00,1776398400000,87.67,88.24,87.32,87.35,646170.19,646170.19,56721980.8048,1
2026-04-17T14:00:00+08:00,1776405600000,87.36,88.44,87.31,88.1,449559.09,449559.09,39554430.9019,1
2026-04-17T16:00:00+08:00,1776412800000,88.09,89.47,88.07,88.65,1107990.18,1107990.18,98210336.252,1
2026-04-17T18:00:00+08:00,1776420000000,88.65,88.68,87.31,88.16,981433.23,981433.23,86279082.1749,1
2026-04-17T20:00:00+08:00,1776427200000,88.16,90.49,87.86,90.08,2859575.85,2859575.85,255372756.3517,1
2026-04-17T22:00:00+08:00,1776434400000,90.09,90.74,89.44,89.91,1759735.03,1759735.03,158325884.354,1
2026-04-18T00:00:00+08:00,1776441600000,89.91,90.59,89.04,89.7,1129736.51,1129736.51,101527827.5758,1
2026-04-18T02:00:00+08:00,1776448800000,89.7,89.79,88.83,89.17,487545.8,487545.8,43473482.5533,1
2026-04-18T04:00:00+08:00,1776456000000,89.18,89.32,88.37,89.08,437567.2,437567.2,38905779.2849,1
2026-04-18T06:00:00+08:00,1776463200000,89.07,89.42,88.43,88.71,350381.78,350381.78,31163143.7026,1
2026-04-18T08:00:00+08:00,1776470400000,88.71,89.11,88.62,88.82,294600.18,294600.18,26176049.3519,1
2026-04-18T10:00:00+08:00,1776477600000,88.81,89.04,88.16,88.27,373360.25,373360.25,33085793.2146,1
2026-04-18T12:00:00+08:00,1776484800000,88.28,88.61,88.11,88.35,432197.82,432197.82,38183912.2355,1
2026-04-18T14:00:00+08:00,1776492000000,88.36,88.58,88.26,88.41,244914.26,244914.26,21657132.2899,1
2026-04-18T16:00:00+08:00,1776499200000,88.42,88.47,87.05,87.57,1093239.79,1093239.79,95695345.9897,1
2026-04-18T18:00:00+08:00,1776506400000,87.56,87.58,86.23,86.49,954145.44,954145.44,82861880.9322,1
2026-04-18T20:00:00+08:00,1776513600000,86.48,86.92,86.35,86.68,535244.15,535244.15,46409694.1712,1
2026-04-18T22:00:00+08:00,1776520800000,86.68,86.92,86.4,86.72,387760,387760,33619423.2044,1
2026-04-19T00:00:00+08:00,1776528000000,86.71,86.95,86.41,86.7,379534.37,379534.37,32889386.2368,1
2026-04-19T02:00:00+08:00,1776535200000,86.7,86.7,85.72,86.06,601816.71,601816.71,51816579.7542,1
2026-04-19T04:00:00+08:00,1776542400000,86.06,86.25,85.94,86.15,203488.2,203488.2,17520910.9207,1
2026-04-19T06:00:00+08:00,1776549600000,86.15,86.41,85.84,86.1,322857.57,322857.57,27799541.0431,1
2026-04-19T08:00:00+08:00,1776556800000,86.1,86.32,85.54,85.68,412399.54,412399.54,35414010.9916,1
2026-04-19T10:00:00+08:00,1776564000000,85.69,85.8,85.17,85.55,544406.24,544406.24,46549723.9654,1
2026-04-19T12:00:00+08:00,1776571200000,85.55,85.9,85.06,85.44,597979.39,597979.39,51128084.4916,1
2026-04-19T14:00:00+08:00,1776578400000,85.43,85.61,84.36,84.8,1069802.54,1069802.54,90809218.7822,1
2026-04-19T16:00:00+08:00,1776585600000,84.8,85.09,84.52,84.54,663345.63,663345.63,56233166.5154,1
2026-04-19T18:00:00+08:00,1776592800000,84.54,85.64,84.38,85.54,775640.09,775640.09,65968895.7209,1
2026-04-19T20:00:00+08:00,1776600000000,85.55,86.88,85.5,86.28,1028133.5,1028133.5,88604558.9939,1
2026-04-19T22:00:00+08:00,1776607200000,86.29,87.08,85.54,86.32,1029750.01,1029750.01,88936336.1916,1
2026-04-20T00:00:00+08:00,1776614400000,86.32,86.46,84.95,85.09,651880.55,651880.55,55864508.8449,1
2026-04-20T02:00:00+08:00,1776621600000,85.1,85.52,84.82,85.3,376860.43,376860.43,32094340.5119,1
2026-04-20T04:00:00+08:00,1776628800000,85.29,85.33,84.52,84.67,400831.14,400831.14,34055242.0981,1
2026-04-20T06:00:00+08:00,1776636000000,84.66,84.66,82.88,83.43,1564999.33,1564999.33,130976499.1678,1
2026-04-20T08:00:00+08:00,1776643200000,83.43,84.5,83.29,84.29,532504.31,532504.31,44673343.9831,1
2026-04-20T10:00:00+08:00,1776650400000,84.3,84.55,83.66,84.52,310322.02,310322.02,26113491.8015,1
2026-04-20T12:00:00+08:00,1776657600000,84.53,84.56,83.7,83.81,367137.04,367137.04,30889364.6699,1
2026-04-20T14:00:00+08:00,1776664800000,83.82,85.73,83.73,84.69,983886.19,983886.19,83405109.3525,1
2026-04-20T16:00:00+08:00,1776672000000,84.69,85.21,84.5,85.02,483828.33,483828.33,41039912.1447,1
2026-04-20T18:00:00+08:00,1776679200000,85.03,85.37,84.72,85.02,411535.13,411535.13,35004818.301,1
2026-04-20T20:00:00+08:00,1776686400000,85.02,85.5,84.81,85.27,843877.46,843877.46,71893617.3077,1
2026-04-20T22:00:00+08:00,1776693600000,85.27,85.85,84.36,85.81,1155882.17,1155882.17,98473231.0506,1
2026-04-21T00:00:00+08:00,1776700800000,85.82,86.08,85.22,85.65,529003.45,529003.45,45312093.7743,1
2026-04-21T02:00:00+08:00,1776708000000,85.66,86.19,85.66,85.76,519336.93,519336.93,44641349.8751,1
2026-04-21T04:00:00+08:00,1776715200000,85.76,86.19,85.54,85.76,365988.05,365988.05,31407147.0206,1
2026-04-21T06:00:00+08:00,1776722400000,85.76,86.03,85.17,85.25,301692.02,301692.02,25794742.7277,1
2026-04-21T08:00:00+08:00,1776729600000,85.25,85.79,85.21,85.41,334895.43,334895.43,28633166.8064,1
2026-04-21T10:00:00+08:00,1776736800000,85.41,85.49,84.94,85.13,516336.96,516336.96,43995018.2254,1
2026-04-21T12:00:00+08:00,1776744000000,85.12,85.81,84.98,85.63,473806.61,473806.61,40474152.3963,1
2026-04-21T14:00:00+08:00,1776751200000,85.63,85.96,85.12,85.66,509056.49,509056.49,43570149.6031,1
2026-04-21T16:00:00+08:00,1776758400000,85.67,86.32,85.47,85.85,431534.94,431534.94,37051493.7674,1
2026-04-21T18:00:00+08:00,1776765600000,85.85,86.28,85.68,85.79,412032.28,412032.28,35418760.5078,1
2026-04-21T20:00:00+08:00,1776772800000,85.8,86,85.12,85.77,624200.89,624200.89,53369345.2051,1
2026-04-21T22:00:00+08:00,1776780000000,85.76,86.85,85.34,86,1229810.93,1229810.93,105826297.997,1
2026-04-22T00:00:00+08:00,1776787200000,86,86.25,84.63,85.26,863393.74,863393.74,73766934.1135,1
2026-04-22T02:00:00+08:00,1776794400000,85.26,85.68,84.24,84.51,696389.63,696389.63,59133507.0289,1
2026-04-22T04:00:00+08:00,1776801600000,84.51,85.71,84.4,85.1,563470.92,563470.92,47985438.8094,1
2026-04-22T06:00:00+08:00,1776808800000,85.09,86.09,84.93,85.99,370659.81,370659.81,31690399.2508,1
2026-04-22T08:00:00+08:00,1776816000000,85.99,86.52,85.97,86.23,606674.32,606674.32,52341736.7928,1
2026-04-22T10:00:00+08:00,1776823200000,86.24,87.85,86.16,87.23,1229689.39,1229689.39,107259641.3366,1
2026-04-22T12:00:00+08:00,1776830400000,87.22,88.33,86.94,87.98,1192648.2,1192648.2,104626688.2255,1
2026-04-22T14:00:00+08:00,1776837600000,87.99,88.25,87.67,88.03,686472.97,686472.97,60370118.9587,1
2026-04-22T16:00:00+08:00,1776844800000,88.03,88.83,87.56,88.27,804969.24,804969.24,70970270.0698,1
2026-04-22T18:00:00+08:00,1776852000000,88.26,88.49,88.1,88.28,284889.33,284889.33,25143336.8787,1
2026-04-22T20:00:00+08:00,1776859200000,88.29,89.14,88.18,89.05,757039.15,757039.15,67141748.3535,1
2026-04-22T22:00:00+08:00,1776866400000,89.06,89.28,87.98,88.15,1019678.8,1019678.8,90327519.77,1
2026-04-23T00:00:00+08:00,1776873600000,88.15,88.43,87.48,87.8,648462.04,648462.04,57001580.6563,1
2026-04-23T02:00:00+08:00,1776880800000,87.81,88.34,87.04,87.33,569485.33,569485.33,49899312.2532,1
2026-04-23T04:00:00+08:00,1776888000000,87.34,87.6,87.04,87.53,271075.81,271075.81,23660929.3196,1
2026-04-23T06:00:00+08:00,1776895200000,87.53,87.68,86.73,86.82,401198.13,401198.13,34958608.1063,1
2026-04-23T08:00:00+08:00,1776902400000,86.83,87.11,85.9,86.38,1018865.16,1018865.16,88125804.8889,1
2026-04-23T10:00:00+08:00,1776909600000,86.39,86.41,85.4,85.72,701852.34,701852.34,60255682.0844,1
2026-04-23T12:00:00+08:00,1776916800000,85.71,86.07,85.45,85.83,562535.86,562535.86,48257412.4509,1
2026-04-23T14:00:00+08:00,1776924000000,85.82,86.19,85.79,85.84,429091.57,429091.57,36906868.0498,1
2026-04-23T16:00:00+08:00,1776931200000,85.84,85.88,85.22,85.48,517850.36,517850.36,44319429.0316,1
2026-04-23T18:00:00+08:00,1776938400000,85.47,85.85,85.1,85.77,583389.19,583389.19,49835123.8739,1
2026-04-23T20:00:00+08:00,1776945600000,85.77,86.04,85.51,85.72,623644.6,623644.6,53508756.1617,1
2026-04-23T22:00:00+08:00,1776952800000,85.72,86.6,85.49,86.3,998682.42,998682.42,85993003.008,1
2026-04-24T00:00:00+08:00,1776960000000,86.3,86.37,84.4,85.27,1165800.65,1165800.65,99334534.5809,1
2026-04-24T02:00:00+08:00,1776967200000,85.28,85.6,85.07,85.24,514015.67,514015.67,43859356.4096,1
2026-04-24T04:00:00+08:00,1776974400000,85.24,85.95,85.22,85.74,355302.05,355302.05,30424637.9671,1
2026-04-24T06:00:00+08:00,1776981600000,85.74,86.2,85.56,86.07,424922.85,424922.85,36531269.9531,1
2026-04-24T08:00:00+08:00,1776988800000,86.07,86.31,85.77,86.23,299907.95,299907.95,25816552.8513,1
2026-04-24T10:00:00+08:00,1776996000000,86.23,86.32,85.35,85.64,361672.83,361672.83,31023591.3756,1
2026-04-24T12:00:00+08:00,1777003200000,85.64,85.78,85.08,85.64,669182.08,669182.08,57119631.3726,1
2026-04-24T14:00:00+08:00,1777010400000,85.65,85.69,85.27,85.45,370541.22,370541.22,31664975.5673,1
2026-04-24T16:00:00+08:00,1777017600000,85.45,85.7,84.86,85.43,577359.32,577359.32,49229202.523,1
2026-04-24T18:00:00+08:00,1777024800000,85.42,86.23,85.14,86.14,682268.83,682268.83,58541957.7509,1
2026-04-24T20:00:00+08:00,1777032000000,86.14,86.77,85.8,86.02,1046435.23,1046435.23,90357341.4853,1
2026-04-24T22:00:00+08:00,1777039200000,86.02,86.53,85.47,86.46,586372.15,586372.15,50408920.561,1
2026-04-25T00:00:00+08:00,1777046400000,86.45,86.52,86.03,86.42,349222.15,349222.15,30133356.8141,1
2026-04-25T02:00:00+08:00,1777053600000,86.43,86.49,85.9,86.28,221286.04,221286.04,19083682.3714,1
2026-04-25T04:00:00+08:00,1777060800000,86.27,86.9,86.17,86.41,437725.03,437725.03,37899081.0183,1
2026-04-25T06:00:00+08:00,1777068000000,86.4,86.41,86.05,86.14,222623.55,222623.55,19193591.9502,1
2026-04-25T08:00:00+08:00,1777075200000,86.13,86.31,85.98,86.23,182552.5,182552.5,15725282.2279,1
2026-04-25T10:00:00+08:00,1777082400000,86.22,86.47,86.09,86.4,192758.1,192758.1,16629770.0901,1
2026-04-25T12:00:00+08:00,1777089600000,86.41,86.45,86.08,86.15,173841.55,173841.55,14992785.4744,1
2026-04-25T14:00:00+08:00,1777096800000,86.15,86.61,86.15,86.32,396771.46,396771.46,34266562.7931,1
2026-04-25T16:00:00+08:00,1777104000000,86.32,86.78,86.27,86.52,339702.02,339702.02,29416573.7464,1
2026-04-25T18:00:00+08:00,1777111200000,86.53,86.68,86.2,86.31,283003.78,283003.78,24459956.8103,1
2026-04-25T20:00:00+08:00,1777118400000,86.31,86.62,86.18,86.55,193303.02,193303.02,16702169.2687,1
2026-04-25T22:00:00+08:00,1777125600000,86.55,86.61,86.01,86.17,257453.99,257453.99,22238905.1431,1
2026-04-26T00:00:00+08:00,1777132800000,86.16,86.27,85.46,85.49,537972.59,537972.59,46172377.7086,1
2026-04-26T02:00:00+08:00,1777140000000,85.5,85.76,85.48,85.61,441311.61,441311.61,37785180.7132,1
2026-04-26T04:00:00+08:00,1777147200000,85.62,86.04,85.54,85.84,207987.25,207987.25,17853572.5314,1
2026-04-26T06:00:00+08:00,1777154400000,85.85,86.13,85.8,86.12,124601.53,124601.53,10717858.5849,1
2026-04-26T08:00:00+08:00,1777161600000,86.13,86.15,85.87,85.92,171814.28,171814.28,14778275.1331,1
2026-04-26T10:00:00+08:00,1777168800000,85.92,86.41,85.78,85.95,360360.48,360360.48,31018991.8094,1
2026-04-26T12:00:00+08:00,1777176000000,85.94,86.72,85.89,86.42,789904.6,789904.6,68275902.6416,1
2026-04-26T14:00:00+08:00,1777183200000,86.42,86.62,86.34,86.6,178103.91,178103.91,15398559.7583,1
2026-04-26T16:00:00+08:00,1777190400000,86.59,86.73,86.41,86.49,212070.23,212070.23,18356720.3236,1
2026-04-26T18:00:00+08:00,1777197600000,86.49,86.6,86.38,86.44,166911.24,166911.24,14435342.6279,1
2026-04-26T20:00:00+08:00,1777204800000,86.44,86.46,85.83,86.07,647018.87,647018.87,55690391.3529,1
2026-04-26T22:00:00+08:00,1777212000000,86.06,86.54,85.98,86.51,306015.51,306015.51,26427647.1019,1
2026-04-27T00:00:00+08:00,1777219200000,86.51,86.54,86.22,86.5,245916.75,245916.75,21259048.7261,1
2026-04-27T02:00:00+08:00,1777226400000,86.49,87.2,86.37,86.83,579907.8,579907.8,50353488.3558,1
2026-04-27T04:00:00+08:00,1777233600000,86.84,87.09,86.11,86.78,584154.24,584154.24,50630500.89,1
2026-04-27T06:00:00+08:00,1777240800000,86.78,87.27,86.25,86.86,559323.09,559323.09,48548028.1035,1
2026-04-27T08:00:00+08:00,1777248000000,86.87,87.84,86.5,87.78,1150797.22,1150797.22,100429314.8249,1
2026-04-27T10:00:00+08:00,1777255200000,87.78,88.06,87.33,87.69,595754.53,595754.53,52290823.0368,1
2026-04-27T12:00:00+08:00,1777262400000,87.7,87.81,85.7,85.89,1588845.75,1588845.75,137241923.1035,1
2026-04-27T14:00:00+08:00,1777269600000,85.89,85.97,85.19,85.2,848723.97,848723.97,72609030.07,1
2026-04-27T16:00:00+08:00,1777276800000,85.19,85.57,84.97,85.42,826103.75,826103.75,70438863.8993,1
2026-04-27T18:00:00+08:00,1777284000000,85.41,85.5,85,85.19,461040.71,461040.71,39285636.9019,1
2026-04-27T20:00:00+08:00,1777291200000,85.19,85.34,84.65,85.07,601270.5,601270.5,51103029.8561,1
2026-04-27T22:00:00+08:00,1777298400000,85.07,85.8,83.56,84.1,1566871.33,1566871.33,132613170.8999,1
2026-04-28T00:00:00+08:00,1777305600000,84.09,84.64,83.96,84.4,443644.22,443644.22,37399493.9976,1
2026-04-28T02:00:00+08:00,1777312800000,84.41,84.64,83.77,84.13,318320.09,318320.09,26808846.6999,1
2026-04-28T04:00:00+08:00,1777320000000,84.12,84.44,84.06,84.21,192921.04,192921.04,16248332.6033,1
2026-04-28T06:00:00+08:00,1777327200000,84.22,84.86,84.14,84.76,297084.06,297084.06,25117911.7396,1
2026-04-28T08:00:00+08:00,1777334400000,84.77,84.89,84.35,84.36,281715.9,281715.9,23838240.9528,1
2026-04-28T10:00:00+08:00,1777341600000,84.36,84.59,83.84,84.13,398023.13,398023.13,33501826.6518,1
2026-04-28T12:00:00+08:00,1777348800000,84.12,84.4,83.78,84.15,668848.36,668848.36,56243421.9453,1
2026-04-28T14:00:00+08:00,1777356000000,84.16,84.27,83.57,83.96,516901.96,516901.96,43367879.3227,1
2026-04-28T16:00:00+08:00,1777363200000,83.97,84.14,83.36,83.59,381712.72,381712.72,31967694.1879,1
2026-04-28T18:00:00+08:00,1777370400000,83.58,83.8,83.22,83.36,412730.06,412730.06,34462817.652,1
2026-04-28T20:00:00+08:00,1777377600000,83.36,83.96,83.13,83.5,660872.44,660872.44,55165398.4196,1
2026-04-28T22:00:00+08:00,1777384800000,83.49,83.49,82.9,83.42,602119.75,602119.75,50098080.8259,1
2026-04-29T00:00:00+08:00,1777392000000,83.42,83.77,83.27,83.57,319106.31,319106.31,26652892.2077,1
2026-04-29T02:00:00+08:00,1777399200000,83.57,84.02,83.55,83.84,256751.22,256751.22,21511705.493,1
2026-04-29T04:00:00+08:00,1777406400000,83.85,83.95,83.58,83.68,235769.1,235769.1,19749575.6072,1
2026-04-29T06:00:00+08:00,1777413600000,83.69,84.12,83.53,84.01,564620.74,564620.74,47321032.2333,1
2026-04-29T08:00:00+08:00,1777420800000,84,84.16,83.75,84.03,464636.47,464636.47,39004125.7373,1
2026-04-29T10:00:00+08:00,1777428000000,84.04,84.69,83.88,84.55,479767.2,479767.2,40462393.8127,1
2026-04-29T12:00:00+08:00,1777435200000,84.54,85.03,84.39,84.8,616014.43,616014.43,52227668.7824,1
2026-04-29T14:00:00+08:00,1777442400000,84.8,84.95,84.48,84.66,389303.03,389303.03,32977962.316,1
2026-04-29T16:00:00+08:00,1777449600000,84.67,85.56,84.32,85.26,788120.5,788120.5,66952038.211,1
2026-04-29T18:00:00+08:00,1777456800000,85.27,85.51,84.73,84.86,605727.6,605727.6,51598344.8627,1
2026-04-29T20:00:00+08:00,1777464000000,84.87,84.87,83.56,83.94,1066057.8,1066057.8,89631324.3201,1
2026-04-29T22:00:00+08:00,1777471200000,83.93,83.99,82.89,83.2,1083989.63,1083989.63,90388007.3572,1
2026-04-30T00:00:00+08:00,1777478400000,83.19,83.59,82.67,83.34,755343.25,755343.25,62742993.0309,1
2026-04-30T02:00:00+08:00,1777485600000,83.33,83.42,81.34,82.14,1578125.5,1578125.5,129352580.2796,1
2026-04-30T04:00:00+08:00,1777492800000,82.14,83.19,82.11,82.85,522546.77,522546.77,43141566.4269,1
2026-04-30T06:00:00+08:00,1777500000000,82.86,83.09,82.74,83.02,300550.54,300550.54,24933521.4668,1
2026-04-30T08:00:00+08:00,1777507200000,83.02,83.98,83.02,83.71,776355.34,776355.34,64918712.3473,1
2026-04-30T10:00:00+08:00,1777514400000,83.71,83.94,82.63,83.02,526545.07,526545.07,43795144.3711,1
2026-04-30T12:00:00+08:00,1777521600000,83.02,83.04,82.11,82.54,363904.65,363904.65,30038500.565,1
2026-04-30T14:00:00+08:00,1777528800000,82.54,83.37,82.49,83.32,327861.75,327861.75,27207929.8114,1
2026-04-30T16:00:00+08:00,1777536000000,83.32,83.53,83.03,83.11,326501.98,326501.98,27174328.2094,1
2026-04-30T18:00:00+08:00,1777543200000,83.11,83.34,82.76,82.96,287976.98,287976.98,23910622.3163,1
2026-04-30T20:00:00+08:00,1777550400000,82.96,83.52,82.82,83.15,348024.93,348024.93,28959003.4765,1
2026-04-30T22:00:00+08:00,1777557600000,83.15,83.8,82.62,83.31,558046.56,558046.56,46429267.7632,1
2026-05-01T00:00:00+08:00,1777564800000,83.3,83.39,82.82,82.99,235485.62,235485.62,19558646.2128,1
2026-05-01T02:00:00+08:00,1777572000000,82.99,83.26,82.95,82.99,160955.57,160955.57,13375374.385,1
2026-05-01T04:00:00+08:00,1777579200000,82.99,83.16,82.8,82.83,104059.23,104059.23,8637377.4398,1
2026-05-01T06:00:00+08:00,1777586400000,82.84,83.05,82.74,83.04,168380.11,168380.11,13957614.2852,1
2026-05-01T08:00:00+08:00,1777593600000,83.04,83.64,83.02,83.57,312869.25,312869.25,26080638.1939,1
2026-05-01T10:00:00+08:00,1777600800000,83.58,84.37,83.42,83.87,697715.81,697715.81,58533433.4267,1
2026-05-01T12:00:00+08:00,1777608000000,83.87,84.22,83.64,84.03,485137.2,485137.2,40719554.1542,1
2026-05-01T14:00:00+08:00,1777615200000,84.03,84.15,83.63,83.92,495291.6,495291.6,41516050.8567,1
2026-05-01T16:00:00+08:00,1777622400000,83.92,84.27,83.86,83.92,339886.71,339886.71,28565417.7957,1
2026-05-01T18:00:00+08:00,1777629600000,83.92,84.18,83.64,83.99,228425.03,228425.03,19158667.0534,1
2026-05-01T20:00:00+08:00,1777636800000,83.99,84.82,83.88,84.57,853091.24,853091.24,71979893.4812,1
2026-05-01T22:00:00+08:00,1777644000000,84.57,84.7,83.82,84.42,716541.09,716541.09,60371347.7252,1
2026-05-02T00:00:00+08:00,1777651200000,84.41,84.59,83.86,84.19,377458.41,377458.41,31768646.6397,1
2026-05-02T02:00:00+08:00,1777658400000,84.18,84.28,83.73,83.83,211159.68,211159.68,17726969.9148,1
2026-05-02T04:00:00+08:00,1777665600000,83.84,83.88,83.26,83.67,328296.11,328296.11,27441178.7172,1
2026-05-02T06:00:00+08:00,1777672800000,83.67,83.85,83.51,83.71,250906.15,250906.15,20998162.7155,1
2026-05-02T08:00:00+08:00,1777680000000,83.71,84.01,83.38,84,354048.92,354048.92,29630385.8044,1
2026-05-02T10:00:00+08:00,1777687200000,84,84.2,83.66,83.76,513459.5,513459.5,43096328.7976,1
2026-05-02T12:00:00+08:00,1777694400000,83.76,83.79,83.49,83.63,227951.18,227951.18,19057373.9501,1
2026-05-02T14:00:00+08:00,1777701600000,83.63,83.8,83.51,83.67,154958.57,154958.57,12964034.3283,1
2026-05-02T16:00:00+08:00,1777708800000,83.67,84.11,83.57,83.95,264151.15,264151.15,22159617.5829,1
2026-05-02T18:00:00+08:00,1777716000000,83.95,83.96,83.46,83.64,271463.7,271463.7,22714263.2504,1
2026-05-02T20:00:00+08:00,1777723200000,83.63,84.04,83.62,83.89,479737.65,479737.65,40225202.8684,1
2026-05-02T22:00:00+08:00,1777730400000,83.89,84.04,83.84,83.99,112211.06,112211.06,9419301.3861,1
2026-05-03T00:00:00+08:00,1777737600000,83.99,84.23,83.95,84,211000.77,211000.77,17736288.9677,1
2026-05-03T02:00:00+08:00,1777744800000,83.99,84.26,83.88,84.18,97370.6,97370.6,8188132.4023,1
2026-05-03T04:00:00+08:00,1777752000000,84.18,84.95,84.04,84.52,401065.11,401065.11,33923786.5915,1
2026-05-03T06:00:00+08:00,1777759200000,84.51,84.61,84.02,84.24,378032.15,378032.15,31867673.7575,1
2026-05-03T08:00:00+08:00,1777766400000,84.24,84.28,83.69,83.71,364752.67,364752.67,30617923.8074,1
2026-05-03T10:00:00+08:00,1777773600000,83.7,83.77,83.53,83.61,265477.23,265477.23,22202325.6089,1
2026-05-03T12:00:00+08:00,1777780800000,83.6,83.79,83.52,83.69,230175.39,230175.39,19256786.6105,1
2026-05-03T14:00:00+08:00,1777788000000,83.69,83.96,83.53,83.81,244778.55,244778.55,20503545.7337,1
2026-05-03T16:00:00+08:00,1777795200000,83.82,84.06,83.76,84,220854.13,220854.13,18534451.6719,1
2026-05-03T18:00:00+08:00,1777802400000,84,84.14,83.68,83.89,267523.64,267523.64,22446880.5047,1
2026-05-03T20:00:00+08:00,1777809600000,83.9,84.2,83.9,84.04,219274.87,219274.87,18430798.8698,1
2026-05-03T22:00:00+08:00,1777816800000,84.04,84.4,84.03,84.11,284621.07,284621.07,23973976.9907,1
2026-05-04T00:00:00+08:00,1777824000000,84.11,84.28,83.94,84.15,193327.95,193327.95,16256005.0675,1
2026-05-04T02:00:00+08:00,1777831200000,84.15,84.47,84.05,84.32,120297.3,120297.3,10134759.0182,1
2026-05-04T04:00:00+08:00,1777838400000,84.33,84.7,83.79,84.1,369384.79,369384.79,31135152.2997,1
2026-05-04T06:00:00+08:00,1777845600000,84.1,84.96,83.82,83.87,660166.37,660166.37,55720731.2398,1
2026-05-04T08:00:00+08:00,1777852800000,83.87,84.88,83.3,84.73,1268276.69,1268276.69,106358591.3683,1
2026-05-04T10:00:00+08:00,1777860000000,84.73,85.58,84.68,85.37,1341879.07,1341879.07,114272113.0818,1
2026-05-04T12:00:00+08:00,1777867200000,85.38,85.87,85.29,85.34,803946.09,803946.09,68805092.1984,1
2026-05-04T14:00:00+08:00,1777874400000,85.33,85.37,84.44,84.82,805647.34,805647.34,68326198.5172,1
2026-05-04T16:00:00+08:00,1777881600000,84.81,85.18,84.56,84.99,365737.76,365737.76,31033756.503,1
2026-05-04T18:00:00+08:00,1777888800000,84.99,85.02,83.19,83.89,1856123.38,1856123.38,155620708.4317,1
2026-05-04T20:00:00+08:00,1777896000000,83.89,84.29,83.54,83.94,445324.86,445324.86,37382945.908,1
2026-05-04T22:00:00+08:00,1777903200000,83.94,85.29,83.72,84.43,1507592.7,1507592.7,127459919.9689,1
2026-05-05T00:00:00+08:00,1777910400000,84.44,85.19,83.92,84.91,754244.13,754244.13,63770009.6733,1
2026-05-05T02:00:00+08:00,1777917600000,84.91,85.02,84.33,84.41,332006.65,332006.65,28109716.8832,1
2026-05-05T04:00:00+08:00,1777924800000,84.42,84.46,84,84.37,238127.6,238127.6,20046488.3215,1
2026-05-05T06:00:00+08:00,1777932000000,84.37,84.51,83.95,84.03,220240.27,220240.27,18540133.7553,1
2026-05-05T08:00:00+08:00,1777939200000,84.03,84.43,83.97,84.37,283063.44,283063.44,23838686.8516,1
2026-05-05T10:00:00+08:00,1777946400000,84.36,84.94,84.3,84.73,376481.41,376481.41,31857220.0863,1
2026-05-05T12:00:00+08:00,1777953600000,84.73,85.13,84.56,84.89,569143.47,569143.47,48273609.9994,1
2026-05-05T14:00:00+08:00,1777960800000,84.9,85.04,84.51,84.83,510900.97,510900.97,43315324.9109,1
2026-05-05T16:00:00+08:00,1777968000000,84.84,84.87,84.41,84.5,259155.27,259155.27,21934306.985,1
2026-05-05T18:00:00+08:00,1777975200000,84.5,84.96,84.4,84.94,306850.08,306850.08,26010916.8882,1
2026-05-05T20:00:00+08:00,1777982400000,84.93,86.06,84.86,85.59,1087267.28,1087267.28,93000713.8455,1
2026-05-05T22:00:00+08:00,1777989600000,85.59,85.86,85.14,85.47,981020.56,981020.56,83858833.7253,1
2026-05-06T00:00:00+08:00,1777996800000,85.48,85.66,85,85.44,422833.93,422833.93,36073950.0355,1
2026-05-06T02:00:00+08:00,1778004000000,85.44,86.54,85.4,86.47,610956.44,610956.44,52568161.3851,1
2026-05-06T04:00:00+08:00,1778011200000,86.47,86.92,86.21,86.69,693466.75,693466.75,60047548.715,1
2026-05-06T06:00:00+08:00,1778018400000,86.7,86.96,86.12,86.24,538893.44,538893.44,46595205.9947,1
2026-05-06T08:00:00+08:00,1778025600000,86.24,87,86.06,86.81,563922.96,563922.96,48785932.2287,1
2026-05-06T10:00:00+08:00,1778032800000,86.81,87.43,86.34,87.29,646490.66,646490.66,56233232.8157,1
2026-05-06T12:00:00+08:00,1778040000000,87.29,87.42,86.63,87.35,643026.27,643026.27,55976147.7736,1
2026-05-06T14:00:00+08:00,1778047200000,87.35,87.88,87.12,87.66,576536.34,576536.34,50467314.3534,1
2026-05-06T16:00:00+08:00,1778054400000,87.65,89.62,87.6,89.44,1606019.7,1606019.7,142435785.1417,1
2026-05-06T18:00:00+08:00,1778061600000,89.43,90.04,89.17,89.81,868106.35,868106.35,77755664.2924,1
2026-05-06T20:00:00+08:00,1778068800000,89.82,89.92,88.02,88.28,1425821.91,1425821.91,126781023.227,1
2026-05-06T22:00:00+08:00,1778076000000,88.28,89.01,87.42,88.91,1195850.49,1195850.49,105510282.1417,1
2026-05-07T00:00:00+08:00,1778083200000,88.9,89.46,88.53,88.78,651692.77,651692.77,57965778.6499,1
2026-05-07T02:00:00+08:00,1778090400000,88.78,89.27,88.44,89.21,353646.9,353646.9,31430102.1977,1
2026-05-07T04:00:00+08:00,1778097600000,89.21,89.59,88.87,89.44,402181.35,402181.35,35916993.847,1
2026-05-07T06:00:00+08:00,1778104800000,89.44,89.51,88.61,89.11,327519.52,327519.52,29168436.5464,1
2026-05-07T08:00:00+08:00,1778112000000,89.12,89.22,87.82,88.26,871261.78,871261.78,76983960.9901,1
2026-05-07T10:00:00+08:00,1778119200000,88.27,88.34,87.6,87.71,609361.25,609361.25,53554041.8762,1
2026-05-07T12:00:00+08:00,1778126400000,87.71,88.87,87.65,88.62,631811.5,631811.5,55817250.7741,1
2026-05-07T14:00:00+08:00,1778133600000,88.62,90.39,88.18,90.12,1264866.87,1264866.87,113098521.1976,1
2026-05-07T16:00:00+08:00,1778140800000,90.12,90.22,89.15,89.41,794020.01,794020.01,71141861.1789,1
2026-05-07T18:00:00+08:00,1778148000000,89.42,89.65,88.71,89.5,662195.99,662195.99,59081381.6922,1
2026-05-07T20:00:00+08:00,1778155200000,89.51,90.04,88.31,88.6,1025981.54,1025981.54,91520136.9998,1
2026-05-07T22:00:00+08:00,1778162400000,88.6,88.86,87.74,88.26,1310825.4,1310825.4,115611296.9672,1
2026-05-08T00:00:00+08:00,1778169600000,88.26,88.82,87.9,88.75,779699.58,779699.58,68917157.0091,1
2026-05-08T02:00:00+08:00,1778176800000,88.76,89.04,88.16,88.4,490594.48,490594.48,43444990.7803,1
2026-05-08T04:00:00+08:00,1778184000000,88.4,88.82,87.61,87.93,463301.75,463301.75,40808871.9553,1
2026-05-08T06:00:00+08:00,1778191200000,87.93,88.45,87.64,88.39,377847.86,377847.86,33255327.2674,1
2026-05-08T08:00:00+08:00,1778198400000,88.4,88.61,87.87,88.09,373990,373990,33008817.965,1
2026-05-08T10:00:00+08:00,1778205600000,88.1,88.33,87.56,88.18,586010.76,586010.76,51501016.4075,1
2026-05-08T12:00:00+08:00,1778212800000,88.17,88.37,87.96,87.99,321857.78,321857.78,28380798.0073,1
2026-05-08T14:00:00+08:00,1778220000000,87.99,88.24,87.59,88.18,671712.76,671712.76,59048114.5784,1
2026-05-08T16:00:00+08:00,1778227200000,88.18,88.7,87.96,88.37,875080.89,875080.89,77292931.1564,1
2026-05-08T18:00:00+08:00,1778234400000,88.37,88.72,88.22,88.59,389075.78,389075.78,34451790.2777,1
2026-05-08T20:00:00+08:00,1778241600000,88.6,88.82,87.95,88.27,590952.61,590952.61,52227466.2944,1
2026-05-08T22:00:00+08:00,1778248800000,88.28,89.56,88.28,89.55,1241489.94,1241489.94,110447497.8771,1
2026-05-09T00:00:00+08:00,1778256000000,89.55,91.94,89.3,91.62,2080768.94,2080768.94,188910181.2506,1
2026-05-09T02:00:00+08:00,1778263200000,91.63,92.76,91.6,92.55,1444328.95,1444328.95,133287969.3609,1
2026-05-09T04:00:00+08:00,1778270400000,92.55,92.61,91.68,92.25,633588.76,633588.76,58387203.8001,1
2026-05-09T06:00:00+08:00,1778277600000,92.25,92.66,91.7,91.96,412820.33,412820.33,38031504.89,1
2026-05-09T08:00:00+08:00,1778284800000,91.96,93.8,91.8,93.42,1109903.41,1109903.41,103163039.6818,1
2026-05-09T10:00:00+08:00,1778292000000,93.43,93.74,93.18,93.57,586456.67,586456.67,54822696.9784,1
2026-05-09T12:00:00+08:00,1778299200000,93.57,94.12,92.77,93.68,1025645.97,1025645.97,95829506.7183,1
2026-05-09T14:00:00+08:00,1778306400000,93.69,94.07,93.15,93.68,841250.24,841250.24,78760912.2837,1
2026-05-09T16:00:00+08:00,1778313600000,93.68,93.89,92.99,93.24,573161.79,573161.79,53544022.1552,1
2026-05-09T18:00:00+08:00,1778320800000,93.24,93.63,93.05,93.55,327024.61,327024.61,30536164.9626,1
2026-05-09T20:00:00+08:00,1778328000000,93.55,93.68,92.95,93.41,372525.84,372525.84,34745739.3933,1
2026-05-09T22:00:00+08:00,1778335200000,93.4,93.41,92.33,92.95,832803.15,832803.15,77297285.5764,1
2026-05-10T00:00:00+08:00,1778342400000,92.95,93.48,92.63,93.16,784309.93,784309.93,72943689.6404,1
2026-05-10T02:00:00+08:00,1778349600000,93.16,93.6,93.1,93.46,265310.98,265310.98,24767752.802,1
2026-05-10T04:00:00+08:00,1778356800000,93.46,93.49,93.09,93.42,129237.51,129237.51,12055498.0543,1
2026-05-10T06:00:00+08:00,1778364000000,93.43,93.46,93,93.06,191529.12,191529.12,17847244.0803,1
2026-05-10T08:00:00+08:00,1778371200000,93.06,93.29,92.53,92.91,420239.6,420239.6,39027560.5109,1
2026-05-10T10:00:00+08:00,1778378400000,92.9,93.44,92.75,93.34,492403.98,492403.98,45823463.3239,1
2026-05-10T12:00:00+08:00,1778385600000,93.35,93.48,93.14,93.26,272300.2,272300.2,25409314.1007,1
2026-05-10T14:00:00+08:00,1778392800000,93.27,93.59,93.19,93.39,274167.38,274167.38,25609393.264,1
2026-05-10T16:00:00+08:00,1778400000000,93.39,94.82,93.35,94.26,1312561.05,1312561.05,123642310.1459,1
2026-05-10T18:00:00+08:00,1778407200000,94.26,94.33,92.85,93.49,1229774.64,1229774.64,115059978.1597,1
2026-05-10T20:00:00+08:00,1778414400000,93.5,93.94,93.15,93.72,591886.04,591886.04,55339062.3815,1
2026-05-10T22:00:00+08:00,1778421600000,93.71,94.68,93.62,94.48,985742.37,985742.37,92848371.3352,1
2026-05-11T00:00:00+08:00,1778428800000,94.48,96.47,94.08,96.44,2118376.01,2118376.01,201756490.27,1
2026-05-11T02:00:00+08:00,1778436000000,96.44,96.85,95.68,96.43,1244277.37,1244277.37,119978517.7967,1
2026-05-11T04:00:00+08:00,1778443200000,96.43,96.56,93.36,95.01,1879418.38,1879418.38,178234853.3099,1
2026-05-11T06:00:00+08:00,1778450400000,95,96.92,94.82,96.43,1303610.67,1303610.67,125186892.9528,1
2026-05-11T08:00:00+08:00,1778457600000,96.42,96.64,95.29,96.02,984920.22,984920.22,94549757.8309,1
2026-05-11T10:00:00+08:00,1778464800000,96.02,96.09,94.43,94.73,974506.81,974506.81,92678557.8703,1
2026-05-11T12:00:00+08:00,1778472000000,94.72,95.84,94.39,95.66,720179.61,720179.61,68527817.5499,1
2026-05-11T14:00:00+08:00,1778479200000,95.66,96.13,95.11,95.29,648121.26,648121.26,61941374.9012,1
2026-05-11T16:00:00+08:00,1778486400000,95.29,95.33,94.53,95.24,661033.04,661033.04,62772473.8451,1
2026-05-11T18:00:00+08:00,1778493600000,95.24,95.53,94.86,95.21,463734.65,463734.65,44166627.726,1
2026-05-11T20:00:00+08:00,1778500800000,95.22,95.43,94.46,95.16,976672.26,976672.26,92753149.376,1
2026-05-11T22:00:00+08:00,1778508000000,95.17,96.76,94.23,96.75,1910115.02,1910115.02,182242285.8199,1
2026-05-12T00:00:00+08:00,1778515200000,96.74,97.95,96.44,97.71,1926506.68,1926506.68,187631327.7508,1
2026-05-12T02:00:00+08:00,1778522400000,97.71,98.36,96.96,98.12,882831.63,882831.63,86220030.867,1
2026-05-12T04:00:00+08:00,1778529600000,98.12,98.32,97.25,97.33,459783.77,459783.77,44951989.9273,1
2026-05-12T06:00:00+08:00,1778536800000,97.33,97.78,97.04,97.3,361648.35,361648.35,35223090.4389,1
2026-05-12T08:00:00+08:00,1778544000000,97.3,97.61,95.45,96.22,1298330.67,1298330.67,125300151.6213,1
2026-05-12T10:00:00+08:00,1778551200000,96.21,96.66,95.99,96.09,487904.65,487904.65,47001689.813,1
2026-05-12T12:00:00+08:00,1778558400000,96.09,96.72,96.01,96.5,354535,354535,34165708.1778,1
2026-05-12T14:00:00+08:00,1778565600000,96.51,96.94,95.73,95.99,566497.66,566497.66,54494183.9174,1
2026-05-12T16:00:00+08:00,1778572800000,95.98,96.1,95.25,95.75,1037909.06,1037909.06,99273123.9471,1
2026-05-12T18:00:00+08:00,1778580000000,95.74,95.94,94.55,94.94,1103178.96,1103178.96,104889883.7046,1
2026-05-12T20:00:00+08:00,1778587200000,94.94,95.54,94.32,94.65,1269100.21,1269100.21,120549018.1541,1
2026-05-12T22:00:00+08:00,1778594400000,94.65,95.18,93.57,93.82,1388726.94,1388726.94,130895360.1601,1
2026-05-13T00:00:00+08:00,1778601600000,93.82,94.65,93.55,94.48,762993.77,762993.77,71814332.1045,1
2026-05-13T02:00:00+08:00,1778608800000,94.48,94.96,94.32,94.89,388635.61,388635.61,36785312.0696,1
2026-05-13T04:00:00+08:00,1778616000000,94.88,94.94,94.44,94.63,209266.75,209266.75,19822264.3185,1
2026-05-13T06:00:00+08:00,1778623200000,94.63,94.99,94.18,94.24,247036.54,247036.54,23358091.2342,1
2026-05-13T08:00:00+08:00,1778630400000,94.24,95.4,93.99,95.13,616705.58,616705.58,58472496.7867,1
2026-05-13T10:00:00+08:00,1778637600000,95.12,95.54,94.96,95.5,287973.37,287973.37,27433537.8802,1
2026-05-13T12:00:00+08:00,1778644800000,95.5,95.93,95.02,95.2,640277.04,640277.04,61103602.9246,1
2026-05-13T14:00:00+08:00,1778652000000,95.2,95.67,94.81,95.07,481485.22,481485.22,45835044.5309,1
2026-05-13T16:00:00+08:00,1778659200000,95.08,95.83,94.94,95.65,496361.35,496361.35,47410078.1437,1
2026-05-13T18:00:00+08:00,1778666400000,95.66,95.72,94.19,94.28,759332.56,759332.56,71885885.4714,1
2026-05-13T20:00:00+08:00,1778673600000,94.27,94.59,91.91,92.25,2518913.82,2518913.82,234006547.7286,1
2026-05-13T22:00:00+08:00,1778680800000,92.25,92.3,90.23,90.39,2164614.17,2164614.17,197809097.0928,1
2026-05-14T00:00:00+08:00,1778688000000,90.39,91.23,90.38,90.84,1266599.77,1266599.77,115083937.0689,1
2026-05-14T02:00:00+08:00,1778695200000,90.84,91.4,90.43,90.9,565958.27,565958.27,51460944.3667,1
2026-05-14T04:00:00+08:00,1778702400000,90.9,91.29,90.68,90.82,355486.09,355486.09,32347014.6031,1
2026-05-14T06:00:00+08:00,1778709600000,90.82,91.26,90.58,91.11,238115.73,238115.73,21674211.2177,1
2026-05-14T08:00:00+08:00,1778716800000,91.11,91.38,90.94,91.11,391005.37,391005.37,35644601.5459,1
2026-05-14T10:00:00+08:00,1778724000000,91.1,91.21,89.76,89.88,1016352.76,1016352.76,91804134.1248,1
2026-05-14T12:00:00+08:00,1778731200000,89.89,91.42,89.8,91.23,641896.71,641896.71,58209629.4486,1
2026-05-14T14:00:00+08:00,1778738400000,91.22,91.61,90.63,90.84,923669.65,923669.65,84168962.5592,1
2026-05-14T16:00:00+08:00,1778745600000,90.83,91.24,90.52,90.8,401304.06,401304.06,36473888.017,1
2026-05-14T18:00:00+08:00,1778752800000,90.79,91.09,90.56,90.58,339556.82,339556.82,30841149.014,1
2026-05-14T20:00:00+08:00,1778760000000,90.57,91.43,90.46,90.72,590856.86,590856.86,53798015.4233,1
2026-05-14T22:00:00+08:00,1778767200000,90.71,93.2,90.56,93.1,1433555.54,1433555.54,131986878.2923,1
2026-05-15T00:00:00+08:00,1778774400000,93.09,93.62,92.24,92.97,1432247.84,1432247.84,133187027.8439,1
2026-05-15T02:00:00+08:00,1778781600000,92.97,93.59,92.63,92.86,469070.49,469070.49,43709184.8021,1
2026-05-15T04:00:00+08:00,1778788800000,92.86,92.94,92.32,92.66,273964.73,273964.73,25376414.069,1
2026-05-15T06:00:00+08:00,1778796000000,92.67,92.87,92.03,92.11,332995.18,332995.18,30769459.5073,1
2026-05-15T08:00:00+08:00,1778803200000,92.1,92.61,91.64,91.69,620896.19,620896.19,57201603.971,1
2026-05-15T10:00:00+08:00,1778810400000,91.69,92.42,91.4,92,727478.32,727478.32,66833274.4281,1
2026-05-15T12:00:00+08:00,1778817600000,92,92,90.2,90.55,886041.89,886041.89,80600762.6902,1
2026-05-15T14:00:00+08:00,1778824800000,90.55,91.67,90.41,91.55,817697.88,817697.88,74546951.1059,1
2026-05-15T16:00:00+08:00,1778832000000,91.56,91.6,90.87,91.11,609996.49,609996.49,55624593.6713,1
2026-05-15T18:00:00+08:00,1778839200000,91.12,91.54,90.96,91.21,322377.94,322377.94,29420033.469,1
2026-05-15T20:00:00+08:00,1778846400000,91.2,91.22,88.61,88.85,1387377.64,1387377.64,124534610.4028,1
2026-05-15T22:00:00+08:00,1778853600000,88.85,89.5,88.47,88.99,874094.6,874094.6,77772949.225,1
2026-05-16T00:00:00+08:00,1778860800000,89,89.92,88.74,89.78,536367.1,536367.1,47962359.9514,1
2026-05-16T02:00:00+08:00,1778868000000,89.78,90.06,89.3,89.39,345131.57,345131.57,30953138.1481,1
2026-05-16T04:00:00+08:00,1778875200000,89.38,89.48,88.95,89.02,257124.81,257124.81,22940919.8123,1
2026-05-16T06:00:00+08:00,1778882400000,89.03,89.35,89.02,89.19,124823.59,124823.59,11136827.7065,1
2026-05-16T08:00:00+08:00,1778889600000,89.19,89.4,88.89,89.24,185158.04,185158.04,16510119.3305,1
2026-05-16T10:00:00+08:00,1778896800000,89.24,89.35,88.91,89,169183.02,169183.02,15074133.9636,1
2026-05-16T12:00:00+08:00,1778904000000,89,89.04,88.1,88.53,746741.03,746741.03,66087015.9166,1
2026-05-16T14:00:00+08:00,1778911200000,88.52,88.61,86.65,87.4,1110374.86,1110374.86,97197291.0421,1
2026-05-16T16:00:00+08:00,1778918400000,87.4,87.61,85.71,86,1164201.76,1164201.76,100538787.9031,1
2026-05-16T18:00:00+08:00,1778925600000,86,86.28,85.47,86.06,622165.94,622165.94,53435322.0427,1
2026-05-16T20:00:00+08:00,1778932800000,86.06,86.38,85.96,86.2,403016.25,403016.25,34726513.1869,1
2026-05-16T22:00:00+08:00,1778940000000,86.21,86.65,86.01,86.43,590205.69,590205.69,50919603.2688,1
2026-05-17T00:00:00+08:00,1778947200000,86.43,86.9,86.29,86.73,444699.47,444699.47,38500816.395,1
2026-05-17T02:00:00+08:00,1778954400000,86.72,86.91,86.56,86.63,134973.99,134973.99,11704290.5588,1
2026-05-17T04:00:00+08:00,1778961600000,86.64,86.84,86.43,86.54,148889.05,148889.05,12898114.2194,1
2026-05-17T06:00:00+08:00,1778968800000,86.53,86.65,86.39,86.49,101685.14,101685.14,8799350.2276,1
2026-05-17T08:00:00+08:00,1778976000000,86.49,86.68,85.51,85.7,530938.88,530938.88,45654233.79,1
2026-05-17T10:00:00+08:00,1778983200000,85.7,86.58,85.7,86.45,381560.75,381560.75,32839068.35,1
2026-05-17T12:00:00+08:00,1778990400000,86.45,87.24,86.41,86.86,375414.84,375414.84,32613525.69,1
2026-05-17T14:00:00+08:00,1778997600000,86.85,87.06,86.67,86.93,237887.54,237887.54,20658621.7,1
2026-05-17T16:00:00+08:00,1779004800000,86.93,86.98,86.52,86.83,354031.1,354031.1,30708221.6462,1
2026-05-17T18:00:00+08:00,1779012000000,86.83,87.23,86.72,86.84,465902.76,465902.76,40502571.7164,1
2026-05-17T20:00:00+08:00,1779019200000,86.84,86.97,86.25,86.35,353568.45,353568.45,30603165.5124,1
2026-05-17T22:00:00+08:00,1779026400000,86.35,86.44,85.85,86.38,335868.61,335868.61,28962662.116,1
2026-05-18T00:00:00+08:00,1779033600000,86.39,86.62,85.94,86.19,351775.73,351775.73,30348724.5469,1
2026-05-18T02:00:00+08:00,1779040800000,86.19,86.91,85.96,86.73,214611.91,214611.91,18555343.4444,1
2026-05-18T04:00:00+08:00,1779048000000,86.73,86.94,86.51,86.88,193101.77,193101.77,16748491.8329,1
2026-05-18T06:00:00+08:00,1779055200000,86.88,86.88,83.29,85.17,2328538.8,2328538.8,197245565.5805,1
2026-05-18T08:00:00+08:00,1779062400000,85.17,85.43,84.33,84.92,960143.39,960143.39,81483004.1892,1
2026-05-18T10:00:00+08:00,1779069600000,84.93,85.3,84.67,84.81,348617.82,348617.82,29620882.7482,1
2026-05-18T12:00:00+08:00,1779076800000,84.8,85.33,84.54,84.83,520743.1,520743.1,44252804.2333,1
2026-05-18T14:00:00+08:00,1779084000000,84.83,84.96,84.22,84.69,633864.78,633864.78,53612808.514,1
2026-05-18T16:00:00+08:00,1779091200000,84.7,84.95,84.41,84.43,244553.43,244553.43,20709427.049,1
2026-05-18T18:00:00+08:00,1779098400000,84.43,85.28,84.04,84.93,592010.98,592010.98,50055576.7819,1
2026-05-18T20:00:00+08:00,1779105600000,84.93,85.75,84.25,84.64,930886.49,930886.49,79182878.7029,1
2026-05-18T22:00:00+08:00,1779112800000,84.64,84.64,83.54,84.16,977106.23,977106.23,82070267.9877,1
2026-05-19T00:00:00+08:00,1779120000000,84.16,84.66,83.94,84.36,384196.29,384196.29,32383940.5961,1
2026-05-19T02:00:00+08:00,1779127200000,84.36,85.2,83.42,84.96,799421.24,799421.24,67375833.8763,1
2026-05-19T04:00:00+08:00,1779134400000,84.96,85.63,84.73,85.53,388414.69,388414.69,33088715.742,1
2026-05-19T06:00:00+08:00,1779141600000,85.53,85.74,85.21,85.34,276172.22,276172.22,23599107.9751,1
2026-05-19T08:00:00+08:00,1779148800000,85.34,85.95,84.83,84.83,377807.86,377807.86,32270971.251,1
2026-05-19T10:00:00+08:00,1779156000000,84.83,85.25,84.55,85.02,250542.47,250542.47,21269681.468,1
2026-05-19T12:00:00+08:00,1779163200000,85.02,85.27,84.4,85.14,494600.79,494600.79,41986334.7818,1
2026-05-19T14:00:00+08:00,1779170400000,85.13,85.58,85.06,85.43,335447.35,335447.35,28626429.2995,1
2026-05-19T16:00:00+08:00,1779177600000,85.43,85.55,84.41,84.7,567167.16,567167.16,48193391.8231,1
2026-05-19T18:00:00+08:00,1779184800000,84.7,84.82,84.21,84.32,323564.89,323564.89,27345125.6638,1
2026-05-19T20:00:00+08:00,1779192000000,84.32,85.06,84.21,84.75,472510.92,472510.92,40003820.2346,1
2026-05-19T22:00:00+08:00,1779199200000,84.75,84.9,83.62,84.33,691554.32,691554.32,58244197.5836,1
2026-05-20T00:00:00+08:00,1779206400000,84.32,84.99,84.09,84.64,326603.38,326603.38,27642706.525,1
2026-05-20T02:00:00+08:00,1779213600000,84.63,84.76,84.17,84.3,178517.91,178517.91,15074454.0639,1
2026-05-20T04:00:00+08:00,1779220800000,84.3,84.61,84.26,84.41,167936.06,167936.06,14184072.3787,1
2026-05-20T06:00:00+08:00,1779228000000,84.4,84.55,83.95,84.24,189513.95,189513.95,15962054.5345,1
2026-05-20T08:00:00+08:00,1779235200000,84.25,84.5,83.79,84.31,396465.68,396465.68,33330837.2965,1
2026-05-20T10:00:00+08:00,1779242400000,84.31,84.43,83.79,84.04,257524.46,257524.46,21656819.2824,1
2026-05-20T12:00:00+08:00,1779249600000,84.05,84.9,83.82,84.71,374936.17,374936.17,31659060.4104,1
2026-05-20T14:00:00+08:00,1779256800000,84.72,85.08,84.64,84.71,276906.86,276906.86,23492210.1834,1
2026-05-20T16:00:00+08:00,1779264000000,84.7,85.13,84.65,84.81,234598.74,234598.74,19918356.3712,1
2026-05-20T18:00:00+08:00,1779271200000,84.82,85.15,84.51,84.63,259391.04,259391.04,22010147.9439,1
2026-05-20T20:00:00+08:00,1779278400000,84.64,85.28,84.11,84.63,491708.13,491708.13,41610386.3435,1
2026-05-20T22:00:00+08:00,1779285600000,84.63,86.26,84.27,85.88,1509464.31,1509464.31,129226345.251,1
2026-05-21T00:00:00+08:00,1779292800000,85.88,87.03,85.48,86.46,1111745.05,1111745.05,96004939.8685,1
2026-05-21T02:00:00+08:00,1779300000000,86.46,86.52,85.57,86.13,553383.52,553383.52,47602993.7343,1
2026-05-21T04:00:00+08:00,1779307200000,86.12,86.29,85.48,85.92,325652.04,325652.04,28000509.9529,1
2026-05-21T06:00:00+08:00,1779314400000,85.92,86.17,85.56,86.1,211138.44,211138.44,18129496.6082,1
2026-05-21T08:00:00+08:00,1779321600000,86.1,86.99,86.04,86.5,443002.05,443002.05,38330520.769,1
2026-05-21T10:00:00+08:00,1779328800000,86.49,86.87,86.39,86.81,302272.7,302272.7,26198792.8379,1
2026-05-21T12:00:00+08:00,1779336000000,86.8,87.28,86.29,86.45,651109.41,651109.41,56540161.2697,1
2026-05-21T14:00:00+08:00,1779343200000,86.46,86.67,86.14,86.58,413781.9,413781.9,35746350.9734,1
2026-05-21T16:00:00+08:00,1779350400000,86.59,87.16,86.4,86.44,566858.55,566858.55,49212386.9325,1
2026-05-21T18:00:00+08:00,1779357600000,86.43,86.62,85.53,85.55,715955.84,715955.84,61514663.4748,1
2026-05-21T20:00:00+08:00,1779364800000,85.55,86.09,85.26,86.02,793107.7,793107.7,67932927.0142,1
2026-05-21T22:00:00+08:00,1779372000000,86.01,86.87,85.56,86.41,1000489.62,1000489.62,86332570.7656,1
2026-05-22T00:00:00+08:00,1779379200000,86.42,87.97,85.98,87.58,1332780.57,1332780.57,116249298.5867,1
2026-05-22T02:00:00+08:00,1779386400000,87.57,87.84,86.73,87.78,583406.45,583406.45,50983138.8877,1
2026-05-22T04:00:00+08:00,1779393600000,87.79,87.89,87.27,87.31,269861.27,269861.27,23624320.495,1
2026-05-22T06:00:00+08:00,1779400800000,87.31,87.44,86.95,87.3,257980.1,257980.1,22495572.7257,1
2026-05-22T08:00:00+08:00,1779408000000,87.29,87.3,86.54,87.03,279419.06,279419.06,24284108.399,1
2026-05-22T10:00:00+08:00,1779415200000,87.03,87.27,86.86,86.98,187168.55,187168.55,16292340.3815,1
2026-05-22T12:00:00+08:00,1779422400000,86.98,87.34,86.66,86.75,212882.59,212882.59,18517930.7905,1
2026-05-22T14:00:00+08:00,1779429600000,86.76,87.13,86.44,86.93,559531.14,559531.14,48531331.0273,1
2026-05-22T16:00:00+08:00,1779436800000,86.94,87.49,86.81,87.22,483459.57,483459.57,42145807.6588,1
2026-05-22T18:00:00+08:00,1779444000000,87.22,87.3,86.66,87.28,334260.26,334260.26,29080736.9555,1
2026-05-22T20:00:00+08:00,1779451200000,87.29,87.82,87.04,87.35,700536.78,700536.78,61261393.5103,1
2026-05-22T22:00:00+08:00,1779458400000,87.35,87.35,86.21,86.72,871411,871411,75554242.1445,1
2026-05-23T00:00:00+08:00,1779465600000,86.71,87.15,86.45,86.59,419736.06,419736.06,36432470.6685,1
2026-05-23T02:00:00+08:00,1779472800000,86.59,86.65,83.9,84.5,1708821.5,1708821.5,145346040.8091,1
2026-05-23T04:00:00+08:00,1779480000000,84.51,85.26,84.51,85.14,366963.07,366963.07,31146971.8161,1
2026-05-23T06:00:00+08:00,1779487200000,85.13,85.18,83.93,84.34,606822.34,606822.34,51307481.5261,1
2026-05-23T08:00:00+08:00,1779494400000,84.35,84.6,84.01,84.46,437975.76,437975.76,36938844.213,1
2026-05-23T10:00:00+08:00,1779501600000,84.47,84.69,84.14,84.62,305531.82,305531.82,25797217.1078,1
2026-05-23T12:00:00+08:00,1779508800000,84.63,84.65,84.11,84.4,195318.39,195318.39,16476608.3548,1
2026-05-23T14:00:00+08:00,1779516000000,84.41,84.44,81.35,82.19,1910848.8,1910848.8,158074711.1953,1
2026-05-23T16:00:00+08:00,1779523200000,82.2,82.31,81.66,81.94,1107719.19,1107719.19,90862567.3209,1
2026-05-23T18:00:00+08:00,1779530400000,81.95,82.41,81.94,82.22,271470.67,271470.67,22323628.8229,1
2026-05-23T20:00:00+08:00,1779537600000,82.22,83.46,82.07,83.17,703326.56,703326.56,58243804.792,1
2026-05-23T22:00:00+08:00,1779544800000,83.16,84.52,83.02,84.04,1265220.32,1265220.32,106159731.6554,1
2026-05-24T00:00:00+08:00,1779552000000,84.04,84.31,83.86,84.16,451245.98,451245.98,37940017.2276,1
2026-05-24T02:00:00+08:00,1779559200000,84.17,85.12,84.12,84.91,826548.78,826548.78,70051953.0277,1
2026-05-24T04:00:00+08:00,1779566400000,84.91,87.5,84.73,86.24,1645757.42,1645757.42,142085845.1102,1
2026-05-24T06:00:00+08:00,1779573600000,86.25,86.57,85.46,85.71,437644.6,437644.6,37563494.0822,1
2026-05-24T08:00:00+08:00,1779580800000,85.72,86.18,85.56,85.96,284518.17,284518.17,24436150.438,1
2026-05-24T10:00:00+08:00,1779588000000,85.97,86.07,85.57,85.75,239540.19,239540.19,20559141.998,1
2026-05-24T12:00:00+08:00,1779595200000,85.76,86.12,85.52,86.1,341446.39,341446.39,29315295.544,1
2026-05-24T14:00:00+08:00,1779602400000,86.1,86.68,85.88,86.03,401980.83,401980.83,34659274.8652,1
2026-05-24T16:00:00+08:00,1779609600000,86.03,87,85.97,86.49,547010.49,547010.49,47318375.8243,1
2026-05-24T18:00:00+08:00,1779616800000,86.5,86.9,86.19,86.62,701217.09,701217.09,60634206.3317,1
2026-05-24T20:00:00+08:00,1779624000000,86.63,86.64,85.67,85.86,335583.58,335583.58,28913537.6301,1
2026-05-24T22:00:00+08:00,1779631200000,85.86,85.97,84.39,85.26,753120.51,753120.51,64126443.1854,1
2026-05-25T00:00:00+08:00,1779638400000,85.26,85.85,85.13,85.6,370427.89,370427.89,31683279.5292,1
2026-05-25T02:00:00+08:00,1779645600000,85.6,85.63,85.17,85.32,218802.78,218802.78,18677005.6818,1
2026-05-25T04:00:00+08:00,1779652800000,85.32,85.38,83.57,83.89,688048.88,688048.88,58094965.956,1
2026-05-25T06:00:00+08:00,1779660000000,83.9,85.46,83.87,85.22,536408.3,536408.3,45585698.6446,1
2026-05-25T08:00:00+08:00,1779667200000,85.22,85.6,84.75,84.79,323953.39,323953.39,27628044.5177,1
2026-05-25T10:00:00+08:00,1779674400000,84.8,85.72,84.73,84.88,450768.38,450768.38,38392483.7294,1
2026-05-25T12:00:00+08:00,1779681600000,84.89,86.13,84.86,85.94,484394.33,484394.33,41511748.9172,1
2026-05-25T14:00:00+08:00,1779688800000,85.93,86.13,85.55,85.92,346220.71,346220.71,29703276.1628,1
2026-05-25T16:00:00+08:00,1779696000000,85.92,86.2,85.71,85.89,327268.08,327268.08,28126428.2096,1
2026-05-25T18:00:00+08:00,1779703200000,85.88,86.1,85.66,85.73,212860.39,212860.39,18288725.1496,1
2026-05-25T20:00:00+08:00,1779710400000,85.72,86.03,85.61,85.97,220716.94,220716.94,18950761.1698,1
2026-05-25T22:00:00+08:00,1779717600000,85.97,86.48,85.89,86.21,454595.2,454595.2,39188436.9998,1
2026-05-26T00:00:00+08:00,1779724800000,86.21,86.4,85.93,86.08,283630.05,283630.05,24429370.7034,1
2026-05-26T02:00:00+08:00,1779732000000,86.07,86.26,85.46,85.59,202540.96,202540.96,17385890.6091,1
2026-05-26T04:00:00+08:00,1779739200000,85.58,85.83,85.23,85.33,193832.52,193832.52,16560341.1353,1
2026-05-26T06:00:00+08:00,1779746400000,85.33,85.5,84.64,84.99,479274.13,479274.13,40728036.5267,1
2026-05-26T08:00:00+08:00,1779753600000,85,85.04,83.8,84.05,659800.46,659800.46,55600242.8771,1
2026-05-26T10:00:00+08:00,1779760800000,84.05,84.21,83.78,84.15,265329.22,265329.22,22288505.3445,1
2026-05-26T12:00:00+08:00,1779768000000,84.15,84.92,83.94,84.6,389521.01,389521.01,32895393.1378,1
2026-05-26T14:00:00+08:00,1779775200000,84.59,84.78,84.05,84.3,326812.25,326812.25,27565252.2287,1
2026-05-26T16:00:00+08:00,1779782400000,84.3,84.67,84.27,84.42,228789.8,228789.8,19318070.1857,1
2026-05-26T18:00:00+08:00,1779789600000,84.43,85.78,84.31,85.17,788157.8,788157.8,67288716.3484,1
2026-05-26T20:00:00+08:00,1779796800000,85.17,85.74,84.65,85.47,672477.44,672477.44,57232074.118,1
2026-05-26T22:00:00+08:00,1779804000000,85.48,86.1,83.95,84.42,1422718.26,1422718.26,121034974.9159,1
2026-05-27T00:00:00+08:00,1779811200000,84.42,84.52,83.08,83.52,1135512.69,1135512.69,95138418.557,1
2026-05-27T02:00:00+08:00,1779818400000,83.51,84.02,83.29,83.71,388273.35,388273.35,32495373.4372,1
2026-05-27T04:00:00+08:00,1779825600000,83.72,83.91,83.51,83.65,205174.1,205174.1,17184051.1884,1
2026-05-27T06:00:00+08:00,1779832800000,83.64,83.81,83.47,83.66,176809.66,176809.66,14791578.8885,1
2026-05-27T08:00:00+08:00,1779840000000,83.66,84.15,83.66,83.8,249717.62,249717.62,20953984.9916,1
2026-05-27T10:00:00+08:00,1779847200000,83.81,84.02,83.43,83.58,270527.55,270527.55,22646896.9543,1
2026-05-27T12:00:00+08:00,1779854400000,83.57,83.88,82.77,83.83,625539.21,625539.21,52107460.4199,1
2026-05-27T14:00:00+08:00,1779861600000,83.83,84.15,83.68,84.14,223382.24,223382.24,18747075.418,1
2026-05-27T16:00:00+08:00,1779868800000,84.14,84.38,83.56,83.74,316578.34,316578.34,26579866.4191,1
2026-05-27T18:00:00+08:00,1779876000000,83.73,84.18,83.62,83.87,245954.45,245954.45,20642362.4863,1
2026-05-27T20:00:00+08:00,1779883200000,83.88,84.64,82.92,83.58,842540.79,842540.79,70544717.2024,1
2026-05-27T22:00:00+08:00,1779890400000,83.58,84.78,83.17,84.4,1036077.76,1036077.76,87021563.1172,1
2026-05-28T00:00:00+08:00,1779897600000,84.39,84.7,83.11,83.36,675253.58,675253.58,56590977.0816,1
2026-05-28T02:00:00+08:00,1779904800000,83.36,84.09,83.15,83.88,356221.03,356221.03,29819132.3632,1
2026-05-28T04:00:00+08:00,1779912000000,83.87,84.1,82.06,82.42,634464.97,634464.97,52602232.2144,1
2026-05-28T06:00:00+08:00,1779919200000,82.42,82.97,82.14,82.38,490840.64,490840.64,40485814.6954,1
2026-05-28T08:00:00+08:00,1779926400000,82.37,82.72,81.87,82.22,527685.34,527685.34,43436706.8462,1
2026-05-28T10:00:00+08:00,1779933600000,82.23,82.39,80.45,80.65,1618199.73,1618199.73,131489548.7805,1
2026-05-28T12:00:00+08:00,1779940800000,80.65,80.93,79.93,80.64,1040164.62,1040164.62,83706505.0288,1
2026-05-28T14:00:00+08:00,1779948000000,80.64,81.24,80.46,81.2,444651.91,444651.91,35982275.8831,1
2026-05-28T16:00:00+08:00,1779955200000,81.2,81.25,80.77,81.16,264816.16,264816.16,21457518.5145,1
2026-05-28T18:00:00+08:00,1779962400000,81.17,81.27,80.53,80.82,393910.7,393910.7,31842467.4247,1
2026-05-28T20:00:00+08:00,1779969600000,80.83,81.33,80.48,80.75,568002.54,568002.54,45916941.0959,1
2026-05-28T22:00:00+08:00,1779976800000,80.74,81.61,79.94,81.09,1065691.22,1065691.22,86128105.147,1
2026-05-29T00:00:00+08:00,1779984000000,81.09,82.59,80.87,82.25,666662.37,666662.37,54588299.3363,1
2026-05-29T02:00:00+08:00,1779991200000,82.25,82.97,82.11,82.14,458951.54,458951.54,37906162.0493,1
2026-05-29T04:00:00+08:00,1779998400000,82.13,82.64,81.73,82.38,332765.9,332765.9,27380237.8616,1
2026-05-29T06:00:00+08:00,1780005600000,82.39,82.58,81.86,82.08,264311.3,264311.3,21698922.3962,1
2026-05-29T08:00:00+08:00,1780012800000,82.07,82.43,82.01,82.16,206988.58,206988.58,17021833.9199,1
2026-05-29T10:00:00+08:00,1780020000000,82.16,82.27,81.41,81.58,337175.83,337175.83,27562075.6285,1
2026-05-29T12:00:00+08:00,1780027200000,81.59,82.16,81.33,82.04,225710.63,225710.63,18460252.7153,1
2026-05-29T14:00:00+08:00,1780034400000,82.03,82.46,81.85,82.19,337563.36,337563.36,27741869.3102,1
2026-05-29T16:00:00+08:00,1780041600000,82.19,82.6,82.12,82.4,280133.26,280133.26,23068883.0822,1
2026-05-29T18:00:00+08:00,1780048800000,82.4,82.4,81.46,81.73,290426.02,290426.02,23804264.3834,1
2026-05-29T20:00:00+08:00,1780056000000,81.72,81.74,81.04,81.39,419618.66,419618.66,34166971.7371,1
2026-05-29T22:00:00+08:00,1780063200000,81.4,83.2,80.3,82.52,1680937.68,1680937.68,137524520.5674,1
2026-05-30T00:00:00+08:00,1780070400000,82.52,83.19,82.15,82.74,685874.84,685874.84,56782610.0334,1
2026-05-30T02:00:00+08:00,1780077600000,82.74,82.95,81.53,82.01,448870.86,448870.86,36882255.1519,1
2026-05-30T04:00:00+08:00,1780084800000,82.01,82.37,81.65,81.66,207729.78,207729.78,17049382.6575,1
2026-05-30T06:00:00+08:00,1780092000000,81.67,82.07,81.55,81.99,217448.97,217448.97,17791557.3674,1
2026-05-30T08:00:00+08:00,1780099200000,81.98,82.94,81.9,82.77,286050.77,286050.77,23593464.3457,1
2026-05-30T10:00:00+08:00,1780106400000,82.78,83.05,82.59,82.64,286709.55,286709.55,23750039.7634,1
2026-05-30T12:00:00+08:00,1780113600000,82.64,82.77,81.82,82.56,496905.94,496905.94,40908653.7967,1
2026-05-30T14:00:00+08:00,1780120800000,82.57,82.7,82.21,82.34,149940.95,149940.95,12360099.8502,1
2026-05-30T16:00:00+08:00,1780128000000,82.34,82.36,82.14,82.28,86880.79,86880.79,7146210.1126,1
2026-05-30T18:00:00+08:00,1780135200000,82.28,82.51,82.17,82.28,133141.23,133141.23,10965077.2498,1
2026-05-30T20:00:00+08:00,1780142400000,82.28,82.52,82.19,82.44,147480.18,147480.18,12145325.6927,1
2026-05-30T22:00:00+08:00,1780149600000,82.44,82.88,82.4,82.63,285078.71,285078.71,23545886.4106,1
2026-05-31T00:00:00+08:00,1780156800000,82.63,83.01,82.58,83,232028.44,232028.44,19215115.411,1
2026-05-31T02:00:00+08:00,1780164000000,83.01,83.1,82.73,82.94,168859.64,168859.64,14004293.2868,1
2026-05-31T04:00:00+08:00,1780171200000,82.95,83.14,82.81,82.97,138757.92,138757.92,11514098.2569,1
2026-05-31T06:00:00+08:00,1780178400000,82.97,82.97,82.4,82.69,242380.7,242380.7,20026642.8783,1
2026-05-31T08:00:00+08:00,1780185600000,82.69,83.18,82.57,82.97,245407.58,245407.58,20353048.5133,1
2026-05-31T10:00:00+08:00,1780192800000,82.97,83.39,82.83,83.19,277181.57,277181.57,23046349.7299,1
2026-05-31T12:00:00+08:00,1780200000000,83.19,83.25,82.94,82.98,122048.76,122048.76,10141917.0063,1
2026-05-31T14:00:00+08:00,1780207200000,82.99,82.99,82.46,82.63,211086.35,211086.35,17462310.2276,1
2026-05-31T16:00:00+08:00,1780214400000,82.63,83.02,82.54,82.69,193471.03,193471.03,16008648.1569,1
2026-05-31T18:00:00+08:00,1780221600000,82.69,82.81,82.43,82.69,226705.55,226705.55,18733534.9391,1
2026-05-31T20:00:00+08:00,1780228800000,82.69,83.08,82.52,82.72,169699.94,169699.94,14053405.4049,1
2026-05-31T22:00:00+08:00,1780236000000,82.71,82.72,81.72,81.83,689192.53,689192.53,56569245.8264,1
2026-06-01T00:00:00+08:00,1780243200000,81.83,82,81.37,81.81,429197.43,429197.43,35046296.0152,1
2026-06-01T02:00:00+08:00,1780250400000,81.81,81.82,81.29,81.54,175480.59,175480.59,14316090.2197,1
2026-06-01T04:00:00+08:00,1780257600000,81.55,82.34,81.55,82.26,226878.43,226878.43,18588956.4932,1
2026-06-01T06:00:00+08:00,1780264800000,82.27,82.88,81.91,82.4,449740.1,449740.1,37053962.1226,1
2026-06-01T08:00:00+08:00,1780272000000,82.41,83.08,81.68,81.71,611521.04,611521.04,50475732.2412,1
2026-06-01T10:00:00+08:00,1780279200000,81.71,82.94,81.57,82.58,488003.41,488003.41,40250060.1751,1
2026-06-01T12:00:00+08:00,1780286400000,82.59,82.73,81.56,81.77,466299.74,466299.74,38214005.5124,1
2026-06-01T14:00:00+08:00,1780293600000,81.77,81.81,80.57,80.66,672591.21,672591.21,54616634.597,1
2026-06-01T16:00:00+08:00,1780300800000,80.67,81.24,80.4,81.03,502912.45,502912.45,40666985.974,1
2026-06-01T18:00:00+08:00,1780308000000,81.04,81.18,80.57,80.78,327404.66,327404.66,26494634.73,1
2026-06-01T20:00:00+08:00,1780315200000,80.78,81.04,79.25,79.79,1351179.25,1351179.25,108344354.4943,1
2026-06-01T22:00:00+08:00,1780322400000,79.8,80.07,79.15,79.57,870827.42,870827.42,69350151.9772,1
2026-06-02T00:00:00+08:00,1780329600000,79.56,81.17,79.06,80.89,1048643.81,1048643.81,84149716.954,1
2026-06-02T02:00:00+08:00,1780336800000,80.88,81.29,80.53,81.16,339214.03,339214.03,27453127.6096,1
2026-06-02T04:00:00+08:00,1780344000000,81.15,81.24,80.47,80.64,422971.04,422971.04,34207704.8622,1
2026-06-02T06:00:00+08:00,1780351200000,80.64,81.59,80.28,81.24,560619.56,560619.56,45446568.5816,1
2026-06-02T08:00:00+08:00,1780358400000,81.24,81.26,79.99,80.07,429819.44,429819.44,34659323.5729,1
2026-06-02T10:00:00+08:00,1780365600000,80.08,81,79.32,80.87,680978.94,680978.94,54622766.7203,1
2026-06-02T12:00:00+08:00,1780372800000,80.87,80.98,79.5,79.59,538093.7,538093.7,43194600.4667,1
2026-06-02T14:00:00+08:00,1780380000000,79.58,79.89,79.09,79.63,700177.84,700177.84,55688840.1361,1
2026-06-02T16:00:00+08:00,1780387200000,79.62,79.76,78.72,79.05,656267.16,656267.16,51970875.0861,1
2026-06-02T18:00:00+08:00,1780394400000,79.05,79.45,78.81,78.9,398765.55,398765.55,31562897.143,1
2026-06-02T20:00:00+08:00,1780401600000,78.89,79.19,78.61,78.9,599686.58,599686.58,47319117.6006,1
2026-06-02T22:00:00+08:00,1780408800000,78.9,78.93,75.44,76.34,2944426.49,2944426.49,226826997.8804,1
2026-06-03T00:00:00+08:00,1780416000000,76.33,77.61,76.1,76.78,1030634.86,1030634.86,79277323.8255,1
2026-06-03T02:00:00+08:00,1780423200000,76.78,77.03,74.32,75.46,1285416.2,1285416.2,97073479.3153,1
2026-06-03T04:00:00+08:00,1780430400000,75.47,76.02,74.71,75.6,547809.71,547809.71,41315739.2226,1
2026-06-03T06:00:00+08:00,1780437600000,75.61,75.61,72.65,74.18,2112303.09,2112303.09,156146448.1091,1
2026-06-03T08:00:00+08:00,1780444800000,74.18,75.08,73.94,74.68,967239.76,967239.76,72169041.0422,1
2026-06-03T10:00:00+08:00,1780452000000,74.69,74.75,72.21,72.66,1292708,1292708,94926571.8336,1
2026-06-03T12:00:00+08:00,1780459200000,72.66,74.85,72.64,74.67,1223454.87,1223454.87,90591136.6515,1
2026-06-03T14:00:00+08:00,1780466400000,74.67,75.38,74.61,75.21,833936.44,833936.44,62569640.5215,1
2026-06-03T16:00:00+08:00,1780473600000,75.2,75.36,74.66,74.95,597017.43,597017.43,44759820.935,1
2026-06-03T18:00:00+08:00,1780480800000,74.94,75.66,74.91,75.07,572301.97,572301.97,43127548.8485,1
2026-06-03T20:00:00+08:00,1780488000000,75.07,75.32,74.34,74.52,715269.48,715269.48,53522826.759,1
2026-06-03T22:00:00+08:00,1780495200000,74.51,74.56,73.2,73.26,1265140.95,1265140.95,93535401.6648,1
2026-06-04T00:00:00+08:00,1780502400000,73.26,74.07,71.97,73.13,2023672.39,2023672.39,147466999.2137,1
2026-06-04T02:00:00+08:00,1780509600000,73.13,73.44,71.64,71.94,1171106.82,1171106.82,84807620.0166,1
2026-06-04T04:00:00+08:00,1780516800000,71.94,72.81,70.81,72.76,1529431.84,1529431.84,109752902.2186,1
2026-06-04T06:00:00+08:00,1780524000000,72.76,73.13,71.52,71.57,722613.58,722613.58,52094814.265,1
2026-06-04T08:00:00+08:00,1780531200000,71.58,72.06,68.34,68.57,2741570.58,2741570.58,191814552.6682,1
2026-06-04T10:00:00+08:00,1780538400000,68.57,71.58,66.59,71.42,3449369.18,3449369.18,238119615.6439,1
2026-06-04T12:00:00+08:00,1780545600000,71.42,71.72,69.84,70.29,1126042.89,1126042.89,79515405.055,1
2026-06-04T14:00:00+08:00,1780552800000,70.28,71.18,69.07,69.1,1054194.87,1054194.87,73879506.5163,1
2026-06-04T16:00:00+08:00,1780560000000,69.09,69.4,67.68,68.81,1762051.79,1762051.79,120829689.0045,1
2026-06-04T18:00:00+08:00,1780567200000,68.82,68.9,67.34,68.64,1515322.33,1515322.33,103189473.7585,1
2026-06-04T20:00:00+08:00,1780574400000,68.65,70.53,68.26,70.32,1696300.55,1696300.55,118024655.7455,1
2026-06-04T22:00:00+08:00,1780581600000,70.32,70.6,69.35,69.61,1024392.97,1024392.97,71607974.7553,1
2026-06-05T00:00:00+08:00,1780588800000,69.61,69.7,68.45,69.2,862055.78,862055.78,59614744.8,1
2026-06-05T02:00:00+08:00,1780596000000,69.2,69.85,68.6,69.05,725750.97,725750.97,50317216.7592,1
2026-06-05T04:00:00+08:00,1780603200000,69.04,69.1,67.55,67.74,721815.24,721815.24,49365057.1446,1
2026-06-05T06:00:00+08:00,1780610400000,67.73,68.88,67.51,68.81,812473.2,812473.2,55387231.6478,1
2026-06-05T08:00:00+08:00,1780617600000,68.81,69.06,67.51,68.45,1008768.93,1008768.93,68939928.5745,1
2026-06-05T10:00:00+08:00,1780624800000,68.46,68.57,66.88,67.05,1301017.95,1301017.95,87827220.5843,1
2026-06-05T12:00:00+08:00,1780632000000,67.06,68.04,66.01,66.17,1836870.19,1836870.19,123243845.1585,1
2026-06-05T14:00:00+08:00,1780639200000,66.17,66.5,63.75,66.12,3633098.53,3633098.53,236325332.7994,1
2026-06-05T16:00:00+08:00,1780646400000,66.12,66.55,65.03,66.5,1433294.98,1433294.98,94313752.0529,1
2026-06-05T18:00:00+08:00,1780653600000,66.49,66.77,65.76,66.02,989683.3,989683.3,65613278.6902,1
2026-06-05T20:00:00+08:00,1780660800000,66.02,66.78,64.24,64.28,1646777.78,1646777.78,108209607.1305,1
2026-06-05T22:00:00+08:00,1780668000000,64.28,65.82,63.72,64.21,3003713.76,3003713.76,194279081.9978,1
2026-06-06T00:00:00+08:00,1780675200000,64.2,66.02,63.11,65.06,2758829.96,2758829.96,178458577.5759,1
2026-06-06T02:00:00+08:00,1780682400000,65.06,65.35,61.39,63.38,2761195.61,2761195.61,174037648.8973,1
2026-06-06T04:00:00+08:00,1780689600000,63.38,65.36,62.63,64.84,1429341.46,1429341.46,91870459.974,1
2026-06-06T06:00:00+08:00,1780696800000,64.84,64.86,62.59,63.6,1310305.25,1310305.25,83733626.4599,1
2026-06-06T08:00:00+08:00,1780704000000,63.6,64.82,63.57,63.78,806349.04,806349.04,51843155.245,1
2026-06-06T10:00:00+08:00,1780711200000,63.78,63.89,62.48,62.79,929660.17,929660.17,58786586.5011,1
2026-06-06T12:00:00+08:00,1780718400000,62.79,63.07,60.02,62.55,3383018.69,3383018.69,207892837.0046,1
2026-06-06T14:00:00+08:00,1780725600000,62.56,63.31,62.02,62.74,1466995.74,1466995.74,92032353.0792,1
2026-06-06T16:00:00+08:00,1780732800000,62.75,63.55,62.43,62.65,890477.67,890477.67,56135848.1446,1
2026-06-06T18:00:00+08:00,1780740000000,62.65,62.66,61.13,62.38,1375699.06,1375699.06,85113906.519,1
2026-06-06T20:00:00+08:00,1780747200000,62.38,63.05,61.97,62.39,850437.27,850437.27,53182797.6888,1
2026-06-06T22:00:00+08:00,1780754400000,62.4,62.88,61.26,62,1042929.77,1042929.77,64710477.6901,1
2026-06-07T00:00:00+08:00,1780761600000,61.99,62.37,61.3,61.58,1072276.45,1072276.45,66267004.557,1
2026-06-07T02:00:00+08:00,1780768800000,61.57,62.15,61.36,61.58,579621.2,579621.2,35796336.1046,1
2026-06-07T04:00:00+08:00,1780776000000,61.58,62.33,61.31,61.86,604336.09,604336.09,37324272.2458,1
2026-06-07T06:00:00+08:00,1780783200000,61.85,62.27,61.41,62.15,470647.55,470647.55,29093322.6586,1
2026-06-07T08:00:00+08:00,1780790400000,62.16,63.81,61.91,63.62,1157879.03,1157879.03,72969184.7003,1
2026-06-07T10:00:00+08:00,1780797600000,63.62,64.18,63.02,63.78,900315.06,900315.06,57229062.7901,1
2026-06-07T12:00:00+08:00,1780804800000,63.78,64.44,63.24,64.2,956845.41,956845.41,61252143.0039,1
2026-06-07T14:00:00+08:00,1780812000000,64.2,64.96,63.97,64.87,932798.86,932798.86,60311696.2219,1
2026-06-07T16:00:00+08:00,1780819200000,64.87,66.04,64.43,64.96,1539207.32,1539207.32,100496317.6243,1
2026-06-07T18:00:00+08:00,1780826400000,64.97,65.16,64.35,64.97,870850.51,870850.51,56383790.7123,1
2026-06-07T20:00:00+08:00,1780833600000,64.96,65.03,63.58,64.28,1382484.41,1382484.41,88635493.7246,1
2026-06-07T22:00:00+08:00,1780840800000,64.27,65.29,64.26,64.93,753396.04,753396.04,48842582.3703,1
2026-06-08T00:00:00+08:00,1780848000000,64.92,65.58,64.69,65.25,624807.09,624807.09,40724029.8469,1
2026-06-08T02:00:00+08:00,1780855200000,65.26,65.53,63.56,63.87,921991.32,921991.32,59337833.0165,1
2026-06-08T04:00:00+08:00,1780862400000,63.87,64.86,63.67,64.55,517507.5,517507.5,33321853.7675,1
2026-06-08T06:00:00+08:00,1780869600000,64.56,67.9,64.45,66.46,2188384.03,2188384.03,145369479.2374,1
2026-06-08T08:00:00+08:00,1780876800000,66.45,67.07,65.33,66.13,1124404.78,1124404.78,74390508.3049,1
2026-06-08T10:00:00+08:00,1780884000000,66.13,66.7,66,66.3,673611.7,673611.7,44664772.5488,1
2026-06-08T12:00:00+08:00,1780891200000,66.3,66.37,64.92,65.28,734400.66,734400.66,48066845.3216,1
2026-06-08T14:00:00+08:00,1780898400000,65.28,66.18,65.23,66.07,655909.81,655909.81,43078110.2879,1
2026-06-08T16:00:00+08:00,1780905600000,66.06,66.34,65.4,66.31,590414.76,590414.76,38902736.5682,1
2026-06-08T18:00:00+08:00,1780912800000,66.32,67.02,65.75,66.64,912038.28,912038.28,60561811.0968,1
2026-06-08T20:00:00+08:00,1780920000000,66.65,67.28,65.9,66.74,1320352.41,1320352.41,88014966.2957,1
2026-06-08T22:00:00+08:00,1780927200000,66.74,67.78,66.39,67.14,1371069.06,1371069.06,92098829.2316,1
2026-06-09T00:00:00+08:00,1780934400000,67.15,67.72,66.5,67.34,859394.46,859394.46,57617641.7783,1
2026-06-09T02:00:00+08:00,1780941600000,67.34,67.78,67.11,67.42,578292.01,578292.01,39009875.9822,1
2026-06-09T04:00:00+08:00,1780948800000,67.42,68.14,66.88,67.43,739219.68,739219.68,49875518.3668,1
2026-06-09T06:00:00+08:00,1780956000000,67.43,67.43,66.6,66.79,545360.07,545360.07,36527016.5617,1
2026-06-09T08:00:00+08:00,1780963200000,66.78,66.84,65.23,65.93,1378062.52,1378062.52,90691023.6911,1
2026-06-09T10:00:00+08:00,1780970400000,65.93,66.06,65.48,65.98,398254.09,398254.09,26202729.7291,1
2026-06-09T12:00:00+08:00,1780977600000,65.97,67.37,65.77,67.15,1080691.55,1080691.55,72257442.7239,1
2026-06-09T14:00:00+08:00,1780984800000,67.15,67.44,66.57,66.85,600972.75,600972.75,40264810.0415,1
2026-06-09T16:00:00+08:00,1780992000000,66.86,66.89,66.01,66.14,841191.82,841191.82,55896043.0115,1
2026-06-09T18:00:00+08:00,1780999200000,66.14,66.45,65.85,66.07,660981.88,660981.88,43698805.2123,1
2026-06-09T20:00:00+08:00,1781006400000,66.07,66.48,65.55,65.8,1023900.84,1023900.84,67596084.3701,1
2026-06-09T22:00:00+08:00,1781013600000,65.8,65.96,64.22,64.29,2301262.22,2301262.22,149232964.1362,1
2026-06-10T00:00:00+08:00,1781020800000,64.28,65.14,63.51,64.76,1817447.83,1817447.83,116827917.1949,1
2026-06-10T02:00:00+08:00,1781028000000,64.76,65.63,64.63,65.37,746582.73,746582.73,48684348.062,1
2026-06-10T04:00:00+08:00,1781035200000,65.38,65.68,64.83,64.97,414978.23,414978.23,27106089.9507,1
2026-06-10T06:00:00+08:00,1781042400000,64.98,65.33,64.64,64.92,352570.62,352570.62,22896770.9283,1
2026-06-10T08:00:00+08:00,1781049600000,64.93,65.26,64.44,65.06,414882.66,414882.66,26950669.4367,1
2026-06-10T10:00:00+08:00,1781056800000,65.06,65.21,64.2,64.49,470661.39,470661.39,30381754.8044,1
2026-06-10T12:00:00+08:00,1781064000000,64.48,64.61,63.87,64.08,422745.52,422745.52,27128805.5416,1
2026-06-10T14:00:00+08:00,1781071200000,64.09,64.74,63.78,64.45,573711.38,573711.38,36869694.7233,1
2026-06-10T16:00:00+08:00,1781078400000,64.46,64.49,63.02,63.6,925322,925322,58866387.3018,1
2026-06-10T18:00:00+08:00,1781085600000,63.61,63.78,62.89,63.46,991027.14,991027.14,62781874.1316,1
2026-06-10T20:00:00+08:00,1781092800000,63.47,65.51,63.26,65.03,1794478.19,1794478.19,115673540.4955,1
2026-06-10T22:00:00+08:00,1781100000000,65.04,65.79,64.51,65.39,1423629.1,1423629.1,92586866.1441,1
2026-06-11T00:00:00+08:00,1781107200000,65.4,65.44,63.58,64,1143834.59,1143834.59,73686855.1386,1
2026-06-11T02:00:00+08:00,1781114400000,64.01,64.18,63.31,63.51,760708.7,760708.7,48438107.1893,1
2026-06-11T04:00:00+08:00,1781121600000,63.51,63.62,62.29,62.54,765805.19,765805.19,48257957.8061,1
2026-06-11T06:00:00+08:00,1781128800000,62.55,63.26,62.32,63.16,826966.04,826966.04,51891369.7246,1
2026-06-11T08:00:00+08:00,1781136000000,63.15,65.14,63.15,64.87,1041660.1,1041660.1,66985530.311,1
2026-06-11T10:00:00+08:00,1781143200000,64.87,65.46,64.29,65.23,914318.65,914318.65,59258350.6799,1
2026-06-11T12:00:00+08:00,1781150400000,65.22,65.32,64.87,64.94,450230.13,450230.13,29308484.0406,1
2026-06-11T14:00:00+08:00,1781157600000,64.93,65.4,64.74,65.01,582791.22,582791.22,37924382.0505,1
2026-06-11T16:00:00+08:00,1781164800000,65,65.52,64.99,65.35,776363.27,776363.27,50649314.933,1
2026-06-11T18:00:00+08:00,1781172000000,65.36,66.18,65.23,65.85,851826.28,851826.28,55934902.8327,1
2026-06-11T20:00:00+08:00,1781179200000,65.85,65.88,64.85,65.49,1483009.43,1483009.43,96789257.9442,1
2026-06-11T22:00:00+08:00,1781186400000,65.49,65.83,64.94,65.51,957916.75,957916.75,62626341.9416,1
2026-06-12T00:00:00+08:00,1781193600000,65.51,67.16,65,67.13,1562978.01,1562978.01,103280791.8747,1
2026-06-12T02:00:00+08:00,1781200800000,67.12,67.35,66.55,66.89,953419.8,953419.8,63813866.2545,1
2026-06-12T04:00:00+08:00,1781208000000,66.88,67.06,66.3,66.87,491244.55,491244.55,32784941.457,1
2026-06-12T06:00:00+08:00,1781215200000,66.87,67.1,66.64,66.88,323254.88,323254.88,21617615.2549,1
2026-06-12T08:00:00+08:00,1781222400000,66.87,67.07,66.37,66.65,376379.82,376379.82,25109289.6455,1
2026-06-12T10:00:00+08:00,1781229600000,66.64,67.25,66.63,66.98,396806.62,396806.62,26570356.6778,1
2026-06-12T12:00:00+08:00,1781236800000,66.97,67.2,66.6,66.69,392056.28,392056.28,26212503.5259,1
2026-06-12T14:00:00+08:00,1781244000000,66.69,66.78,65.89,66.27,684636.37,684636.37,45358733.8484,1
2026-06-12T16:00:00+08:00,1781251200000,66.27,67.45,66.26,67.14,681937.41,681937.41,45683173.8324,1
2026-06-12T18:00:00+08:00,1781258400000,67.13,67.32,66.55,66.89,461186.07,461186.07,30853703.1204,1
2026-06-12T20:00:00+08:00,1781265600000,66.9,66.97,66.33,66.67,774447.64,774447.64,51651172.4937,1
2026-06-12T22:00:00+08:00,1781272800000,66.68,68.76,66.58,67.2,2096407.38,2096407.38,141978636.3913,1
2026-06-13T00:00:00+08:00,1781280000000,67.21,68.17,67.02,67.35,925927.91,925927.91,62580021.732,1
2026-06-13T02:00:00+08:00,1781287200000,67.35,67.44,66.63,66.73,624714.64,624714.64,41886678.7215,1
2026-06-13T04:00:00+08:00,1781294400000,66.74,66.9,66.42,66.52,375429.92,375429.92,25020281.0269,1
2026-06-13T06:00:00+08:00,1781301600000,66.53,66.85,66.41,66.77,272194.54,272194.54,18124709.0427,1
2026-06-13T08:00:00+08:00,1781308800000,66.77,67.48,66.73,67.4,315157.89,315157.89,21145668.002,1
2026-06-13T10:00:00+08:00,1781316000000,67.41,67.46,66.63,66.83,356876.67,356876.67,23904403.3187,1
2026-06-13T12:00:00+08:00,1781323200000,66.84,66.93,66.46,66.75,354900.79,354900.79,23674550.816,1
2026-06-13T14:00:00+08:00,1781330400000,66.75,67.44,66.62,67.34,480058.96,480058.96,32210303.5976,1
2026-06-13T16:00:00+08:00,1781337600000,67.33,67.52,67.22,67.32,433424.1,433424.1,29190119.1682,1
2026-06-13T18:00:00+08:00,1781344800000,67.33,67.92,67.28,67.87,370793.95,370793.95,25079191.7795,1
2026-06-13T20:00:00+08:00,1781352000000,67.87,68.26,67.73,67.96,502923.77,502923.77,34164188.8787,1
2026-06-13T22:00:00+08:00,1781359200000,67.97,68.67,67.94,68.54,505267.99,505267.99,34537755.6839,1
2026-06-14T00:00:00+08:00,1781366400000,68.55,68.57,67.78,67.95,641619.7,641619.7,43648020.8853,1
2026-06-14T02:00:00+08:00,1781373600000,67.95,68.35,67.92,68.18,226735.25,226735.25,15448380.6381,1
2026-06-14T04:00:00+08:00,1781380800000,68.17,69.56,68,69.21,548466.36,548466.36,37769543.2998,1
2026-06-14T06:00:00+08:00,1781388000000,69.22,69.24,68.74,68.88,379780.61,379780.61,26196099.2733,1
2026-06-14T08:00:00+08:00,1781395200000,68.88,69.05,68.58,68.76,340346.75,340346.75,23421517.8165,1
2026-06-14T10:00:00+08:00,1781402400000,68.76,69.05,68.67,68.9,257305.45,257305.45,17716190.458,1
2026-06-14T12:00:00+08:00,1781409600000,68.9,68.96,67.98,68.21,581501.51,581501.51,39762215.1379,1
2026-06-14T14:00:00+08:00,1781416800000,68.22,68.46,67.99,68.18,253756.12,253756.12,17305294.971,1
2026-06-14T16:00:00+08:00,1781424000000,68.18,68.45,67.86,68.44,260107.68,260107.68,17731540.3363,1
2026-06-14T18:00:00+08:00,1781431200000,68.44,68.48,67.98,68.06,283693.98,283693.98,19358698.5076,1
2026-06-14T20:00:00+08:00,1781438400000,68.06,68.13,67.44,67.73,537629.23,537629.23,36414961.0866,1
2026-06-14T22:00:00+08:00,1781445600000,67.73,67.79,66.9,67.38,668110.82,668110.82,44958048.4796,1
2026-06-15T00:00:00+08:00,1781452800000,67.38,67.71,67.26,67.28,341276.82,341276.82,23042641.7075,1
2026-06-15T02:00:00+08:00,1781460000000,67.28,67.7,67.14,67.51,240647.92,240647.92,16225137.6389,1
2026-06-15T04:00:00+08:00,1781467200000,67.52,70.5,67.39,70.11,1148115.75,1148115.75,79467794.8171,1
2026-06-15T06:00:00+08:00,1781474400000,70.11,71.24,69.57,71.24,1374435.3,1374435.3,96800615.7392,1
2026-06-15T08:00:00+08:00,1781481600000,71.24,71.68,70.63,70.98,982236.71,982236.71,69914593.8991,1
2026-06-15T10:00:00+08:00,1781488800000,70.98,71.55,70.86,71.19,515349.96,515349.96,36698937.7478,1
2026-06-15T12:00:00+08:00,1781496000000,71.2,71.27,70.77,71.16,393002.61,393002.61,27914282.9581,1
2026-06-15T14:00:00+08:00,1781503200000,71.16,71.46,71.06,71.23,469608.6,469608.6,33469023.6015,1
2026-06-15T16:00:00+08:00,1781510400000,71.23,71.57,70.75,71.16,581913.4,581913.4,41443738.1179,1
2026-06-15T18:00:00+08:00,1781517600000,71.16,72.8,71.13,72.55,1622723.42,1622723.42,116925712.5316,1
2026-06-15T20:00:00+08:00,1781524800000,72.56,74.2,72.26,73.6,1896477.54,1896477.54,138943325.2655,1
2026-06-15T22:00:00+08:00,1781532000000,73.6,75.21,73.16,75.2,1364819.64,1364819.64,101304018.123,1
2026-06-16T00:00:00+08:00,1781539200000,75.2,76.05,74.63,75.25,1821348.01,1821348.01,137284166.5944,1
2026-06-16T02:00:00+08:00,1781546400000,75.24,75.76,74.51,75.23,890830.25,890830.25,66993057.8583,1
2026-06-16T04:00:00+08:00,1781553600000,75.22,75.41,74.26,74.42,504935.25,504935.25,37758265.6534,1
2026-06-16T06:00:00+08:00,1781560800000,74.42,74.55,73.57,73.94,612678.88,612678.88,45294898.3739,1
2026-06-16T08:00:00+08:00,1781568000000,73.93,74.36,73.8,73.82,425944.57,425944.57,31552229.2659,1
2026-06-16T10:00:00+08:00,1781575200000,73.83,73.84,72.72,73.69,1036993.57,1036993.57,75962532.2465,1
2026-06-16T12:00:00+08:00,1781582400000,73.7,73.91,73.14,73.61,684904.37,684904.37,50362809.6697,1
2026-06-16T14:00:00+08:00,1781589600000,73.61,74.49,73.61,74.41,732749.88,732749.88,54325947.8123,1
2026-06-16T16:00:00+08:00,1781596800000,74.41,75.61,74.29,74.79,1183411.95,1183411.95,88716665.1528,1
2026-06-16T18:00:00+08:00,1781604000000,74.8,75.07,74.33,74.62,620811.25,620811.25,46356739.5476,1
2026-06-16T20:00:00+08:00,1781611200000,74.63,75.51,73.81,73.94,1475562.4,1475562.4,110036307.1791,1
2026-06-16T22:00:00+08:00,1781618400000,73.95,74.26,72.28,73.25,1781675.24,1781675.24,130242553.4113,1
2026-06-17T00:00:00+08:00,1781625600000,73.25,73.8,72.96,73.63,608480.93,608480.93,44585646.8552,1
2026-06-17T02:00:00+08:00,1781632800000,73.64,74.31,73.45,73.81,726052.39,726052.39,53647803.7122,1
2026-06-17T04:00:00+08:00,1781640000000,73.8,74.2,73.63,73.88,277864.7,277864.7,20537378.3611,1
2026-06-17T06:00:00+08:00,1781647200000,73.89,74.08,73.37,73.5,253780.6,253780.6,18702704.075,1
2026-06-17T08:00:00+08:00,1781654400000,73.5,73.97,73.1,73.89,524284.22,524284.22,38522808.2268,1
2026-06-17T10:00:00+08:00,1781661600000,73.89,74.42,73.47,73.64,462144.94,462144.94,34160862.7735,1
2026-06-17T12:00:00+08:00,1781668800000,73.65,74.08,73.38,73.6,343756.78,343756.78,25333797.5215,1
2026-06-17T14:00:00+08:00,1781676000000,73.6,73.8,72.89,73.23,728947.36,728947.36,53397870.2337,1
2026-06-17T16:00:00+08:00,1781683200000,73.23,73.26,72.12,72.49,1138553.35,1138553.35,82615176.8004,1
2026-06-17T18:00:00+08:00,1781690400000,72.5,72.65,71.66,71.98,681809.85,681809.85,49136138.9336,1
2026-06-17T20:00:00+08:00,1781697600000,71.98,72.72,71.53,72.37,1112614.2,1112614.2,80313249.2419,1
2026-06-17T22:00:00+08:00,1781704800000,72.36,73.84,71.78,73.77,1328252.82,1328252.82,96695638.5009,1
2026-06-18T00:00:00+08:00,1781712000000,73.77,74.65,73.41,74.16,1028028.26,1028028.26,76014466.462,1
2026-06-18T02:00:00+08:00,1781719200000,74.16,74.34,71.36,71.62,2873712.46,2873712.46,209283237.5469,1
2026-06-18T04:00:00+08:00,1781726400000,71.61,72.2,71.27,71.58,634342.19,634342.19,45573583.8137,1
2026-06-18T06:00:00+08:00,1781733600000,71.58,72.09,70.76,71.99,504747.17,504747.17,36085659.4171,1
2026-06-18T08:00:00+08:00,1781740800000,72,72.59,71.97,72.18,536308.87,536308.87,38770467.3261,1
2026-06-18T10:00:00+08:00,1781748000000,72.19,72.64,71.45,71.61,720936.49,720936.49,51949542.0419,1
2026-06-18T12:00:00+08:00,1781755200000,71.6,71.67,70.58,71.08,977607.62,977607.62,69439253.5954,1
2026-06-18T14:00:00+08:00,1781762400000,71.07,71.79,70.93,71.72,559051.72,559051.72,39895982.6961,1
2026-06-18T16:00:00+08:00,1781769600000,71.72,72.12,71.57,71.8,480600.61,480600.61,34532953.069,1
2026-06-18T18:00:00+08:00,1781776800000,71.79,71.81,70.67,70.89,892163.04,892163.04,63508521.1278,1
2026-06-18T20:00:00+08:00,1781784000000,70.88,71.76,70.66,71.01,793384.09,793384.09,56475235.0767,1
2026-06-18T22:00:00+08:00,1781791200000,71.01,71.68,68.33,68.42,2758780.31,2758780.31,192604717.0817,1
2026-06-19T00:00:00+08:00,1781798400000,68.41,69.13,68.36,68.61,1269375.53,1269375.53,87285109.6253,1
2026-06-19T02:00:00+08:00,1781805600000,68.61,69.49,68.18,69.34,813348.25,813348.25,55946994.2704,1
2026-06-19T04:00:00+08:00,1781812800000,69.35,69.92,69.34,69.53,475725.38,475725.38,33137410.7946,1
2026-06-19T06:00:00+08:00,1781820000000,69.52,69.76,69.21,69.68,313554.35,313554.35,21785278.6972,1
2026-06-19T08:00:00+08:00,1781827200000,69.67,69.99,69.51,69.89,296053.44,296053.44,20648350.1981,1
2026-06-19T10:00:00+08:00,1781834400000,69.89,70.05,68.57,69.02,838371.21,838371.21,57969688.0817,1
2026-06-19T12:00:00+08:00,1781841600000,69.02,69.24,68.14,68.66,803376.46,803376.46,55089270.5818,1
2026-06-19T14:00:00+08:00,1781848800000,68.66,68.81,67.8,68.34,743776.2,743776.2,50831454.1185,1
2026-06-19T16:00:00+08:00,1781856000000,68.34,68.71,68.16,68.27,477677.45,477677.45,32684353.8031,1
2026-06-19T18:00:00+08:00,1781863200000,68.28,68.44,68,68.21,388791.54,388791.54,26521578.8193,1
2026-06-19T20:00:00+08:00,1781870400000,68.21,69.54,67.87,69.22,1191217.76,1191217.76,81847460.6161,1
2026-06-19T22:00:00+08:00,1781877600000,69.21,69.49,68.78,69.29,882859.85,882859.85,61028748.6513,1
2026-06-20T00:00:00+08:00,1781884800000,69.28,69.53,68.55,69.28,562588.4,562588.4,38887436.1782,1
2026-06-20T02:00:00+08:00,1781892000000,69.28,69.33,68.74,68.92,221329.48,221329.48,15262682.2072,1
2026-06-20T04:00:00+08:00,1781899200000,68.93,69.27,68.68,68.97,267658.49,267658.49,18462544.0518,1
2026-06-20T06:00:00+08:00,1781906400000,68.98,69.83,68.94,69.69,420500.61,420500.61,29200183.1989,1
2026-06-20T08:00:00+08:00,1781913600000,69.68,70.1,69.5,69.76,507955.75,507955.75,35439005.0192,1
2026-06-20T10:00:00+08:00,1781920800000,69.75,70.06,69.43,69.96,392592.15,392592.15,27384245.9825,1
2026-06-20T12:00:00+08:00,1781928000000,69.96,72.45,69.84,71.75,1662770.22,1662770.22,118583132.7861,1
2026-06-20T14:00:00+08:00,1781935200000,71.75,72.34,71.35,71.56,998184.61,998184.61,71717974.4013,1
2026-06-20T16:00:00+08:00,1781942400000,71.56,71.61,71.15,71.51,463136.4,463136.4,33072932.2103,1
2026-06-20T18:00:00+08:00,1781949600000,71.51,72.06,71.36,71.74,519520.41,519520.41,37231979.5802,1
2026-06-20T20:00:00+08:00,1781956800000,71.74,71.89,70.64,71.15,807114.94,807114.94,57488258.0186,1
2026-06-20T22:00:00+08:00,1781964000000,71.15,72.59,70.43,71.99,1600317.52,1600317.52,114593332.9201,1
2026-06-21T00:00:00+08:00,1781971200000,72,72.03,71.05,71.53,651522.69,651522.69,46580049.682,1
2026-06-21T02:00:00+08:00,1781978400000,71.53,71.95,71.49,71.82,418563.04,418563.04,30029817.8901,1
2026-06-21T04:00:00+08:00,1781985600000,71.82,72.42,71.66,72.35,321757.35,321757.35,23197740.6145,1
2026-06-21T06:00:00+08:00,1781992800000,72.35,74.26,72.31,73.19,1245261,1245261,91483412.3759,1
2026-06-21T08:00:00+08:00,1782000000000,73.19,73.27,72.84,73.14,602160.26,602160.26,44002450.7931,1
2026-06-21T10:00:00+08:00,1782007200000,73.14,73.82,73.03,73.58,597322.39,597322.39,43852618.109,1
2026-06-21T12:00:00+08:00,1782014400000,73.58,73.8,72.96,73.05,593648.57,593648.57,43544816.2762,1
2026-06-21T14:00:00+08:00,1782021600000,73.04,73.41,73,73.18,472260.14,472260.14,34581608.4954,1
2026-06-21T16:00:00+08:00,1782028800000,73.18,74.07,72.7,73.99,895621.76,895621.76,65694181.9004,1
2026-06-21T18:00:00+08:00,1782036000000,74,74.37,73.03,73.17,889024.16,889024.16,65535199.3053,1
2026-06-21T20:00:00+08:00,1782043200000,73.16,73.91,72.87,73.87,915379.15,915379.15,67213832.9434,1
2026-06-21T22:00:00+08:00,1782050400000,73.87,74.26,73.59,74.11,653521.82,653521.82,48340231.5731,1
2026-06-22T00:00:00+08:00,1782057600000,74.1,74.66,73.74,74.2,960427.95,960427.95,71348874.6087,1
2026-06-22T02:00:00+08:00,1782064800000,74.2,74.44,73.82,74.38,580115.92,580115.92,43006033.3406,1
2026-06-22T04:00:00+08:00,1782072000000,74.38,74.52,72.36,73.09,1471335.3,1471335.3,107628469.0548,1
2026-06-22T06:00:00+08:00,1782079200000,73.09,73.22,72.22,72.42,943785.09,943785.09,68641294.1449,1
2026-06-22T08:00:00+08:00,1782086400000,72.41,75,72.4,74.32,1758562.22,1758562.22,129826230.2907,1
2026-06-22T10:00:00+08:00,1782093600000,74.33,74.42,73.24,73.48,812721.5,812721.5,59986779.4626,1
2026-06-22T12:00:00+08:00,1782100800000,73.48,74.14,73.31,73.89,576647.95,576647.95,42556026.7356,1
2026-06-22T14:00:00+08:00,1782108000000,73.9,74.45,73.51,74.07,609692.9,609692.9,45098983.2924,1
2026-06-22T16:00:00+08:00,1782115200000,74.07,74.29,73.53,73.76,472720.31,472720.31,34926880.0595,1
2026-06-22T18:00:00+08:00,1782122400000,73.75,74.4,73.55,74.14,812461.99,812461.99,60121406.2865,1
2026-06-22T20:00:00+08:00,1782129600000,74.15,74.94,73.99,74.93,1211867.74,1211867.74,90224378.7383,1
2026-06-22T22:00:00+08:00,1782136800000,74.94,74.96,72.93,73.09,1613629.24,1613629.24,118735892.4635,1
2026-06-23T00:00:00+08:00,1782144000000,73.1,73.29,72.5,73.24,988010.56,988010.56,71949194.5476,1
2026-06-23T02:00:00+08:00,1782151200000,73.24,73.53,72.41,72.66,943412.8,943412.8,68731310.0738,1
2026-06-23T04:00:00+08:00,1782158400000,72.66,72.93,72.24,72.7,368271.22,368271.22,26739474.2245,1
2026-06-23T06:00:00+08:00,1782165600000,72.7,72.92,71.29,71.91,1019059.76,1019059.76,73231084.6625,1
2026-06-23T08:00:00+08:00,1782172800000,71.9,71.99,71.25,71.66,663731.77,663731.77,47571089.7417,1
2026-06-23T10:00:00+08:00,1782180000000,71.65,72,71.5,71.94,495529.75,495529.75,35583076.1473,1
2026-06-23T12:00:00+08:00,1782187200000,71.95,71.98,70.87,71,849612.58,849612.58,60574231.2557,1
2026-06-23T14:00:00+08:00,1782194400000,71,71.04,69.61,69.95,1922998.3,1922998.3,134997835.2649,1
2026-06-23T16:00:00+08:00,1782201600000,69.96,70.07,68.07,68.86,2294494.26,2294494.26,157968527.5088,1
2026-06-23T18:00:00+08:00,1782208800000,68.86,69.29,68.55,69.24,741021.22,741021.22,51119134.2031,1
2026-06-23T20:00:00+08:00,1782216000000,69.25,69.33,68.58,69.15,1055967.13,1055967.13,72857877.8226,1
2026-06-23T22:00:00+08:00,1782223200000,69.15,69.63,68.32,68.88,1262616.91,1262616.91,87194254.5063,1
2026-06-24T00:00:00+08:00,1782230400000,68.88,69.37,68.58,68.73,648890.88,648890.88,44770094.0124,1
2026-06-24T02:00:00+08:00,1782237600000,68.73,69.07,68.63,68.79,383814.72,383814.72,26419245.5966,1
2026-06-24T04:00:00+08:00,1782244800000,68.8,69.27,68.78,69.22,218528.42,218528.42,15092583.3028,1
2026-06-24T06:00:00+08:00,1782252000000,69.22,69.79,69.2,69.65,533204.95,533204.95,37050421.8874,1
2026-06-24T08:00:00+08:00,1782259200000,69.65,70.35,69.53,70.04,656301.76,656301.76,45924552.7217,1
2026-06-24T10:00:00+08:00,1782266400000,70.04,70.1,69.04,69.52,744806.44,744806.44,51790382.4872,1
2026-06-24T12:00:00+08:00,1782273600000,69.52,70.17,68.9,69.88,622728.78,622728.78,43342908.0351,1
2026-06-24T14:00:00+08:00,1782280800000,69.88,69.99,69.23,69.33,514503.73,514503.73,35820680.0774,1
2026-06-24T16:00:00+08:00,1782288000000,69.33,69.58,69.16,69.27,567678.71,567678.71,39371141.3055,1
2026-06-24T18:00:00+08:00,1782295200000,69.26,70.42,68.73,69.78,1274983.69,1274983.69,88430543.7089,1
2026-06-24T20:00:00+08:00,1782302400000,69.77,69.88,68.32,68.82,2311215.94,2311215.94,159436796.5465,1
2026-06-24T22:00:00+08:00,1782309600000,68.82,69.39,67.2,67.28,2342605.2,2342605.2,160037534.0994,1
2026-06-25T00:00:00+08:00,1782316800000,67.28,68,64.65,64.91,4260609.04,4260609.04,282552039.158,1
2026-06-25T02:00:00+08:00,1782324000000,64.92,66.45,64.77,66.08,1522534.18,1522534.18,100211055.9938,1
2026-06-25T04:00:00+08:00,1782331200000,66.08,68.08,65.93,68.03,1530205.02,1530205.02,102995745.1357,1
2026-06-25T06:00:00+08:00,1782338400000,68.02,68.57,67.64,68.08,529049.09,529049.09,35996917.215,1
2026-06-25T08:00:00+08:00,1782345600000,68.08,68.28,67.35,67.83,557302.3,557302.3,37749569.9341,1
2026-06-25T10:00:00+08:00,1782352800000,67.83,67.9,67.42,67.63,359250.22,359250.22,24299395.0845,1
2026-06-25T12:00:00+08:00,1782360000000,67.64,69.26,67.44,68.98,1409798.86,1409798.86,96739672.9125,1
2026-06-25T14:00:00+08:00,1782367200000,68.99,69.62,68.96,69.4,749038.34,749038.34,51938390.411,1
2026-06-25T16:00:00+08:00,1782374400000,69.4,69.4,68.76,68.79,498154.67,498154.67,34393126.7945,1
2026-06-25T18:00:00+08:00,1782381600000,68.79,68.85,67.96,68.13,867935.84,867935.84,59293329.6616,1
2026-06-25T20:00:00+08:00,1782388800000,68.14,68.89,63.98,64.19,3683226.01,3683226.01,245190000.4322,1
2026-06-25T22:00:00+08:00,1782396000000,64.19,67.11,64.18,66.27,3983678.09,3983678.09,262414298.2794,1
2026-06-26T00:00:00+08:00,1782403200000,66.27,67.34,65.59,67.09,1761477.48,1761477.48,117216478.9696,1
2026-06-26T02:00:00+08:00,1782410400000,67.08,67.11,65.6,66.16,1146779.69,1146779.69,75884070.5445,1
2026-06-26T04:00:00+08:00,1782417600000,66.16,67.27,66.03,67.24,685076.61,685076.61,45615252.3733,1
2026-06-26T06:00:00+08:00,1782424800000,67.24,68.79,66.89,67.67,1113557.47,1113557.47,75385684.3437,1
2026-06-26T08:00:00+08:00,1782432000000,67.67,68.07,67.09,67.28,768539.43,768539.43,51938215.3096,1
2026-06-26T10:00:00+08:00,1782439200000,67.28,68.46,65.87,68.17,2455947.46,2455947.46,164084206.3689,1
2026-06-26T12:00:00+08:00,1782446400000,68.17,68.47,67.92,68.32,1031553.06,1031553.06,70254395.4015,1
2026-06-26T14:00:00+08:00,1782453600000,68.32,70.97,67.95,70.74,2888062.83,2888062.83,201481555.3431,1
2026-06-26T16:00:00+08:00,1782460800000,70.75,70.84,68.81,68.97,1729341.04,1729341.04,120690959.2848,1
2026-06-26T18:00:00+08:00,1782468000000,68.98,69.22,68.35,68.58,910763.65,910763.65,62657362.2772,1
2026-06-26T20:00:00+08:00,1782475200000,68.58,70.91,68.14,70.67,2826708.66,2826708.66,195727694.3489,1
2026-06-26T22:00:00+08:00,1782482400000,70.68,72.2,70.2,72.01,3677390.76,3677390.76,261790664.0271,1
2026-06-27T00:00:00+08:00,1782489600000,72.01,73.6,71.97,72.54,2935632.98,2935632.98,213317248.3233,1
2026-06-27T02:00:00+08:00,1782496800000,72.55,73.9,72.34,72.98,1491231.31,1491231.31,109057165.0863,1
2026-06-27T04:00:00+08:00,1782504000000,72.98,73.65,71.74,71.94,1504607.65,1504607.65,109006799.2764,1
2026-06-27T06:00:00+08:00,1782511200000,71.94,72.06,71.4,71.86,572529.1,572529.1,41061203.7531,1
2026-06-27T08:00:00+08:00,1782518400000,71.87,72.7,71.31,71.4,963033.81,963033.81,69260598.574,1
2026-06-27T10:00:00+08:00,1782525600000,71.4,72.37,71.35,72.21,763390.16,763390.16,54966059.8692,1
2026-06-27T12:00:00+08:00,1782532800000,72.21,72.55,71.47,71.77,624567.55,624567.55,44956248.4332,1
2026-06-27T14:00:00+08:00,1782540000000,71.76,72.32,71.58,72.26,535165.8,535165.8,38560065.3239,1
2026-06-27T16:00:00+08:00,1782547200000,72.26,72.29,71.67,71.83,487758.4,487758.4,35108216.6327,1
2026-06-27T18:00:00+08:00,1782554400000,71.84,72.05,71.49,71.77,373241.8,373241.8,26793217.8604,1
2026-06-27T20:00:00+08:00,1782561600000,71.76,72.59,71.6,72.32,537191.45,537191.45,38769699.9463,1
2026-06-27T22:00:00+08:00,1782568800000,72.32,73.16,72.15,72.8,1082028.34,1082028.34,78723503.6004,1
2026-06-28T00:00:00+08:00,1782576000000,72.8,72.98,71.86,72,866974.18,866974.18,62696987.1451,1
2026-06-28T02:00:00+08:00,1782583200000,72,72.15,70.92,71.06,917091.11,917091.11,65500390.3186,1
2026-06-28T04:00:00+08:00,1782590400000,71.06,71.6,70.75,70.95,503545.72,503545.72,35854338.1232,1
2026-06-28T06:00:00+08:00,1782597600000,70.94,71.11,70.2,70.46,869509.31,869509.31,61432881.7427,1
2026-06-28T08:00:00+08:00,1782604800000,70.45,70.88,70.39,70.79,414978.94,414978.94,29308398.343,1
2026-06-28T10:00:00+08:00,1782612000000,70.79,70.97,70.44,70.82,453195.61,453195.61,32068442.7624,1
2026-06-28T12:00:00+08:00,1782619200000,70.81,70.95,70.1,70.5,624353.48,624353.48,44021904.1074,1
2026-06-28T14:00:00+08:00,1782626400000,70.5,71.06,70.13,71.04,574862.2,574862.2,40600629.6625,1
2026-06-28T16:00:00+08:00,1782633600000,71.03,72.16,71.01,71.49,1278493.38,1278493.38,91641667.18,1
2026-06-28T18:00:00+08:00,1782640800000,71.48,71.98,71.04,71.87,809994.43,809994.43,57913846.319,1
2026-06-28T20:00:00+08:00,1782648000000,71.87,72.38,71.27,71.7,828751.98,828751.98,59489856.0343,1
2026-06-28T22:00:00+08:00,1782655200000,71.7,72.17,71.41,72.04,705670.23,705670.23,50682907.2682,1
2026-06-29T00:00:00+08:00,1782662400000,72.05,72.09,70.91,71.51,1353970.43,1353970.43,96657872.3248,1
2026-06-29T02:00:00+08:00,1782669600000,71.51,71.68,70.2,70.67,728828.1,728828.1,51663193.8719,1
2026-06-29T04:00:00+08:00,1782676800000,70.67,71.24,70.15,70.41,611452.07,611452.07,43244307.6264,1
2026-06-29T06:00:00+08:00,1782684000000,70.42,71.75,69.68,71.35,1405040.69,1405040.69,99451458.6724,1
2026-06-29T08:00:00+08:00,1782691200000,71.35,71.67,70.3,71.44,1306073.81,1306073.81,92900976.4859,1
2026-06-29T10:00:00+08:00,1782698400000,71.45,73.3,70.45,72.65,2039755.54,2039755.54,147211186.2092,1
2026-06-29T12:00:00+08:00,1782705600000,72.64,72.66,70.96,72.28,1325309.87,1325309.87,95052339.1827,1
2026-06-29T14:00:00+08:00,1782712800000,72.28,73.09,72.03,72.67,1243743.18,1243743.18,90160514.2737,1
2026-06-29T16:00:00+08:00,1782720000000,72.67,73.13,72.33,72.88,962919.97,962919.97,70033382.1908,1
2026-06-29T18:00:00+08:00,1782727200000,72.89,73.63,72.19,72.49,1480321.57,1480321.57,107931549.5631,1
2026-06-29T20:00:00+08:00,1782734400000,72.49,74.51,72.08,73.69,3709619.52,3709619.52,272656552.3124,1
2026-06-29T22:00:00+08:00,1782741600000,73.69,74.41,72.28,73.87,2890330.87,2890330.87,212056752.058,1
2026-06-30T00:00:00+08:00,1782748800000,73.87,76.45,72.86,75.27,3596456.43,3596456.43,269119683.6983,1
2026-06-30T02:00:00+08:00,1782756000000,75.27,76.2,75.1,75.94,975498.01,975498.01,73794245.6193,1
2026-06-30T04:00:00+08:00,1782763200000,75.94,75.97,75.19,75.49,514461.64,514461.64,38846415.5495,1
2026-06-30T06:00:00+08:00,1782770400000,75.48,75.62,74.86,75.13,530442.5,530442.5,39888447.9522,1
2026-06-30T08:00:00+08:00,1782777600000,75.12,75.19,74.02,74.38,1230319.47,1230319.47,91566251.0618,1
2026-06-30T10:00:00+08:00,1782784800000,74.38,74.85,73.98,74.14,561701.27,561701.27,41803629.517,1
2026-06-30T12:00:00+08:00,1782792000000,74.15,74.22,73.65,74.2,909481.36,909481.36,67273028.3544,1
2026-06-30T14:00:00+08:00,1782799200000,74.19,74.23,73.81,74.12,560945.61,560945.61,41529909.6276,1
2026-06-30T16:00:00+08:00,1782806400000,74.11,74.18,73.27,73.76,1117523.81,1117523.81,82239735.7885,1
2026-06-30T18:00:00+08:00,1782813600000,73.76,73.86,73.28,73.35,525904.04,525904.04,38665285.7339,1
2026-06-30T20:00:00+08:00,1782820800000,73.35,73.38,71.86,72.84,2253291.36,2253291.36,163298798.7726,1
2026-06-30T22:00:00+08:00,1782828000000,72.84,74.18,72.54,73.1,2335973.51,2335973.51,171227718.1795,1
2026-07-01T00:00:00+08:00,1782835200000,73.1,73.89,72.69,73.15,1182870.31,1182870.31,86688812.2375,1
2026-07-01T02:00:00+08:00,1782842400000,73.16,73.95,72.91,73.71,734426.39,734426.39,53953690.8906,1
2026-07-01T04:00:00+08:00,1782849600000,73.7,73.91,73.16,73.46,416539.55,416539.55,30635516.1372,1
2026-07-01T06:00:00+08:00,1782856800000,73.47,73.72,73.23,73.63,255107.47,255107.47,18739670.3356,1
2026-07-01T08:00:00+08:00,1782864000000,73.63,74.33,72.19,73.9,1705733.97,1705733.97,125082175.4265,1
2026-07-01T10:00:00+08:00,1782871200000,73.9,75.65,73.73,75.44,1736137.23,1736137.23,129858896.7777,1
2026-07-01T12:00:00+08:00,1782878400000,75.44,75.83,75.1,75.21,1067898.95,1067898.95,80543934.4158,1
2026-07-01T14:00:00+08:00,1782885600000,75.21,75.23,73.91,74.84,1526054.68,1526054.68,113686811.6544,1
2026-07-01T16:00:00+08:00,1782892800000,74.84,75.55,74.42,75.43,1137217.49,1137217.49,85357427.0226,1
2026-07-01T18:00:00+08:00,1782900000000,75.42,75.53,74.59,74.79,976558.56,976558.56,73298102.305,1
2026-07-01T20:00:00+08:00,1782907200000,74.79,76.16,74.22,76,2401518.85,2401518.85,180412123.5116,1
2026-07-01T22:00:00+08:00,1782914400000,75.99,77.76,75.6,77.39,3118177.34,3118177.34,239751055.7423,1
2026-07-02T00:00:00+08:00,1782921600000,77.39,78.23,76.79,77.72,1818869.33,1818869.33,140973501.3159,1
2026-07-02T02:00:00+08:00,1782928800000,77.72,77.88,76.76,76.97,799274.28,799274.28,61856298.7087,1
2026-07-02T04:00:00+08:00,1782936000000,76.96,78.65,76.56,78.36,1359427.36,1359427.36,105529959.4588,1
2026-07-02T06:00:00+08:00,1782943200000,78.35,78.92,77.21,77.41,1332481.92,1332481.92,103910313.762,1
2026-07-02T08:00:00+08:00,1782950400000,77.42,78.67,76.86,78.15,1140512.49,1140512.49,88538812.8316,1
2026-07-02T10:00:00+08:00,1782957600000,78.15,78.94,77.76,78.67,1235917.9,1235917.9,96839940.7508,1
2026-07-02T12:00:00+08:00,1782964800000,78.66,78.68,77.73,78.07,762286.8,762286.8,59577464.2288,1
2026-07-02T14:00:00+08:00,1782972000000,78.07,78.6,77.54,77.96,1078609.77,1078609.77,84118389.8443,1
2026-07-02T16:00:00+08:00,1782979200000,77.96,79.75,77.9,79.42,1902352.69,1902352.69,150229991.364,1
2026-07-02T18:00:00+08:00,1782986400000,79.43,82.8,79.36,82.34,5022105.3,5022105.3,408938095.9278,1
2026-07-02T20:00:00+08:00,1782993600000,82.33,82.41,80.63,81.48,3371674.98,3371674.98,275019871.6541,1
2026-07-02T22:00:00+08:00,1783000800000,81.49,81.51,80.04,80.82,2007532.83,2007532.83,161909880.8874,1
2026-07-03T00:00:00+08:00,1783008000000,80.83,81.22,80.11,80.59,1353801.61,1353801.61,109221382.6256,1
2026-07-03T02:00:00+08:00,1783015200000,80.59,81.27,80.59,80.78,664469.42,664469.42,53792263.6446,1
2026-07-03T04:00:00+08:00,1783022400000,80.78,81.14,80.41,80.75,516651.42,516651.42,41730970.3409,1
2026-07-03T06:00:00+08:00,1783029600000,80.75,80.86,80.37,80.68,356182.05,356182.05,28706122.1523,1
2026-07-03T08:00:00+08:00,1783036800000,80.68,81.67,80.48,81.44,844784.87,844784.87,68473639.5632,1
2026-07-03T10:00:00+08:00,1783044000000,81.45,81.64,80.25,80.67,846733.55,846733.55,68453641.0714,1
2026-07-03T12:00:00+08:00,1783051200000,80.68,81.22,80.43,81.1,493813.35,493813.35,39891430.1821,1
2026-07-03T14:00:00+08:00,1783058400000,81.1,81.48,80.68,81.18,649262.48,649262.48,52637525.8346,1
2026-07-03T16:00:00+08:00,1783065600000,81.19,81.52,80.62,80.97,1021825.63,1021825.63,82827185.6179,1
2026-07-03T18:00:00+08:00,1783072800000,80.98,81.85,80.83,81.51,1266300.53,1266300.53,103053344.5708,1
2026-07-03T20:00:00+08:00,1783080000000,81.51,81.86,81.15,81.54,767492.55,767492.55,62560415.2111,1
2026-07-03T22:00:00+08:00,1783087200000,81.55,82.11,80.86,81.16,1125396.12,1125396.12,91590018.945,1
2026-07-04T00:00:00+08:00,1783094400000,81.17,81.99,81.02,81.75,850287.53,850287.53,69324062.3163,1
2026-07-04T02:00:00+08:00,1783101600000,81.76,83.23,81.6,82.44,1186118.47,1186118.47,97782851.7899,1
2026-07-04T04:00:00+08:00,1783108800000,82.45,83.02,82.13,82.62,1072236.22,1072236.22,88556141.758,1
2026-07-04T06:00:00+08:00,1783116000000,82.63,82.65,82.13,82.3,360068.68,360068.68,29649165.8879,1
2026-07-04T08:00:00+08:00,1783123200000,82.3,82.7,81.77,81.92,558078.22,558078.22,45871940.2384,1
2026-07-04T10:00:00+08:00,1783130400000,81.91,82.83,81.85,82.68,550834.89,550834.89,45348856.6081,1
2026-07-04T12:00:00+08:00,1783137600000,82.68,83.95,82.62,83.33,1577190.49,1577190.49,131489702.9181,1
2026-07-04T14:00:00+08:00,1783144800000,83.33,83.55,82.17,82.67,917629.22,917629.22,75891894.8105,1
2026-07-04T16:00:00+08:00,1783152000000,82.67,82.74,81.56,81.7,1071557.28,1071557.28,87907903.1715,1
2026-07-04T18:00:00+08:00,1783159200000,81.7,81.9,81.37,81.78,534562.95,534562.95,43656871.1059,1
2026-07-04T20:00:00+08:00,1783166400000,81.78,81.96,81.25,81.61,727359.91,727359.91,59334437.1651,1
2026-07-04T22:00:00+08:00,1783173600000,81.61,82.42,81.5,82.19,927658.23,927658.23,76078285.1208,1
2026-07-05T00:00:00+08:00,1783180800000,82.19,82.79,81.84,82.49,807656.59,807656.59,66452444.0954,1
2026-07-05T02:00:00+08:00,1783188000000,82.48,82.59,81.65,81.83,483035.37,483035.37,39653722.7651,1
2026-07-05T04:00:00+08:00,1783195200000,81.82,82.18,81.53,81.95,302601.26,302601.26,24771648.6205,1
2026-07-05T06:00:00+08:00,1783202400000,81.95,82,81.39,81.74,311844.63,311844.63,25477963.3176,1
2026-07-05T08:00:00+08:00,1783209600000,81.74,81.77,80.46,80.81,1140893.22,1140893.22,92441458.8529,1
2026-07-05T10:00:00+08:00,1783216800000,80.81,80.86,80.17,80.53,789737.61,789737.61,63540992.3618,1
2026-07-05T12:00:00+08:00,1783224000000,80.53,80.87,80.2,80.43,630822.5,630822.5,50817682.2015,1
2026-07-05T14:00:00+08:00,1783231200000,80.44,80.8,80.29,80.66,457453.12,457453.12,36830058.3767,1
2026-07-05T16:00:00+08:00,1783238400000,80.67,80.82,79.63,79.86,945291.76,945291.76,75720799.7787,1
2026-07-05T18:00:00+08:00,1783245600000,79.86,80.62,79.7,80.52,692486.62,692486.62,55580886.9719,1
2026-07-05T20:00:00+08:00,1783252800000,80.53,81.24,80.31,81.19,907550.34,907550.34,73397610.3546,1
2026-07-05T22:00:00+08:00,1783260000000,81.19,81.72,80.97,81.31,710413.74,710413.74,57763581.0865,1
2026-07-06T00:00:00+08:00,1783267200000,81.31,81.48,80.86,81.09,465629.82,465629.82,37778630.255,1
2026-07-06T02:00:00+08:00,1783274400000,81.1,81.23,80.73,80.99,272803.16,272803.16,22094640.3414,1
2026-07-06T04:00:00+08:00,1783281600000,81,82.25,80.74,81.74,605605.66,605605.66,49344178.0584,1
2026-07-06T06:00:00+08:00,1783288800000,81.74,82.4,81.4,81.55,1069977.44,1069977.44,87611482.9918,1
2026-07-06T08:00:00+08:00,1783296000000,81.55,82.32,81.07,81.5,1155113.26,1155113.26,94443712.5695,1
2026-07-06T10:00:00+08:00,1783303200000,81.51,81.66,80.4,80.77,1115425.72,1115425.72,90291164.8755,1
2026-07-06T12:00:00+08:00,1783310400000,80.77,80.97,80.11,80.37,713091.96,713091.96,57436354.6894,1
2026-07-06T14:00:00+08:00,1783317600000,80.37,81,80.21,80.79,653636.49,653636.49,52640790.0989,1
2026-07-06T16:00:00+08:00,1783324800000,80.79,81.05,80.02,80.05,683770.37,683770.37,54994278.0221,1
2026-07-06T18:00:00+08:00,1783332000000,80.05,80.96,80.02,80.33,784017.95,784017.95,63157268.2572,1
2026-07-06T20:00:00+08:00,1783339200000,80.33,80.89,79.17,80.11,3605367.71,3605367.71,288170437.7079,1
2026-07-06T22:00:00+08:00,1783346400000,80.11,81.49,79.81,81.45,1811429.42,1811429.42,146008924.2042,1
2026-07-07T00:00:00+08:00,1783353600000,81.45,82.4,81.23,81.6,1582445.56,1582445.56,129524005.3576,1
2026-07-07T02:00:00+08:00,1783360800000,81.6,82.26,81.26,82.02,562994.63,562994.63,46069490.1592,1
2026-07-07T04:00:00+08:00,1783368000000,82.02,83.74,81.63,82.78,1111654,1111654,92017160.2871,1
2026-07-07T06:00:00+08:00,1783375200000,82.79,82.85,81.85,81.9,413052.54,413052.54,33968790.7499,1
2026-07-07T08:00:00+08:00,1783382400000,81.9,82.45,81.76,81.86,722778.89,722778.89,59317262.6618,1
2026-07-07T10:00:00+08:00,1783389600000,81.86,81.95,80.84,81,830415.61,830415.61,67528208.1661,1
2026-07-07T12:00:00+08:00,1783396800000,81,81.21,80.41,81.06,810134.15,810134.15,65484117.6613,1
2026-07-07T14:00:00+08:00,1783404000000,81.05,81.7,80.76,81.45,727784.85,727784.85,59224573.4417,1
2026-07-07T16:00:00+08:00,1783411200000,81.45,81.55,81.08,81.27,799689.24,799689.24,65020628.5353,1
2026-07-07T18:00:00+08:00,1783418400000,81.27,81.54,80.62,81.27,735820.72,735820.72,59663493.1973,1
2026-07-07T20:00:00+08:00,1783425600000,81.28,81.95,80.6,80.79,1261836.6,1261836.6,102569703.4009,1
2026-07-07T22:00:00+08:00,1783432800000,80.78,82.32,80.43,82.06,1514488.89,1514488.89,123376670.6057,1
2026-07-08T00:00:00+08:00,1783440000000,82.07,82.75,81.77,82.67,829353.84,829353.84,68222234.3263,1
2026-07-08T02:00:00+08:00,1783447200000,82.67,82.67,80.72,81.33,1050392.53,1050392.53,85627017.1681,1
2026-07-08T04:00:00+08:00,1783454400000,81.33,81.45,80.5,80.78,460638.76,460638.76,37318201.0126,1
2026-07-08T06:00:00+08:00,1783461600000,80.77,81.09,80.27,80.52,508757.78,508757.78,41039517.2027,1
2026-07-08T08:00:00+08:00,1783468800000,80.52,80.74,78.78,79.04,1433999.77,1433999.77,114413050.094,1
2026-07-08T10:00:00+08:00,1783476000000,79.05,79.31,78.17,78.68,1129507.92,1129507.92,89010411.734,1
2026-07-08T12:00:00+08:00,1783483200000,78.69,78.89,78.3,78.39,563135.32,563135.32,44243323.879,1
2026-07-08T14:00:00+08:00,1783490400000,78.39,78.41,77.76,78.26,1107929.04,1107929.04,86538407.9558,1
2026-07-08T16:00:00+08:00,1783497600000,78.26,78.4,76.84,77.15,2016779.79,2016779.79,156115851.2233,1
2026-07-08T18:00:00+08:00,1783504800000,77.16,77.69,76.85,77.51,765943.95,765943.95,59209970.3387,1
2026-07-08T20:00:00+08:00,1783512000000,77.5,77.61,76.57,77.26,1417143.57,1417143.57,109226428.3272,1
2026-07-08T22:00:00+08:00,1783519200000,77.26,77.38,76.07,76.71,1552969,1552969,119172197.6512,1
2026-07-09T00:00:00+08:00,1783526400000,76.71,77.63,76.71,77.1,840266.93,840266.93,64825064.0276,1
2026-07-09T02:00:00+08:00,1783533600000,77.09,77.46,76.76,77.38,422220.05,422220.05,32555131.4875,1
2026-07-09T04:00:00+08:00,1783540800000,77.38,77.52,76.84,77.21,323178,323178,24942829.7535,1
2026-07-09T06:00:00+08:00,1783548000000,77.2,77.9,77.13,77.78,355788.37,355788.37,27574326.9921,1
2026-07-09T08:00:00+08:00,1783555200000,77.77,78.76,77.08,77.28,1394952.67,1394952.67,108510472.8192,1
2026-07-09T10:00:00+08:00,1783562400000,77.29,77.79,76.65,77.34,825734.84,825734.84,63758945.5665,1
2026-07-09T12:00:00+08:00,1783569600000,77.33,78.36,77.18,78.35,698920.33,698920.33,54414314.9229,1
2026-07-09T14:00:00+08:00,1783576800000,78.35,78.79,78.06,78.16,726233.84,726233.84,56900020.5626,1
2026-07-09T16:00:00+08:00,1783584000000,78.17,78.37,77.81,78.08,510551.23,510551.23,39843114.383,1
2026-07-09T18:00:00+08:00,1783591200000,78.09,78.16,77.27,77.57,651157.41,651157.41,50577364.3048,1
2026-07-09T20:00:00+08:00,1783598400000,77.57,78.46,77.27,78.18,1368171.33,1368171.33,106416301.284,1
2026-07-09T22:00:00+08:00,1783605600000,78.17,78.33,77.46,77.57,642803.94,642803.94,50016828.9284,1
2026-07-10T00:00:00+08:00,1783612800000,77.58,78.12,77.21,78.03,599801.91,599801.91,46589770.0615,1
2026-07-10T02:00:00+08:00,1783620000000,78.03,78.41,77.86,78.12,402016.87,402016.87,31417531.5366,1
2026-07-10T04:00:00+08:00,1783627200000,78.12,78.27,77.84,78.01,163706.61,163706.61,12778250.2887,1
2026-07-10T06:00:00+08:00,1783634400000,78,78.24,77.72,78,203542.93,203542.93,15879880.2887,1
2026-07-10T08:00:00+08:00,1783641600000,78,79.42,77.75,79.02,1089540.92,1089540.92,85701679.0527,1
2026-07-10T10:00:00+08:00,1783648800000,79.03,79.12,78.68,79.01,653211.59,653211.59,51536794.4245,1
2026-07-10T12:00:00+08:00,1783656000000,79.02,79.33,78.79,79.14,514117.92,514117.92,40624645.932,1
2026-07-10T14:00:00+08:00,1783663200000,79.13,79.19,78.7,78.82,338853.07,338853.07,26735425.3856,1
2026-07-10T16:00:00+08:00,1783670400000,78.83,79.38,78.75,79.17,916714.86,916714.86,72584450.907,1
2026-07-10T18:00:00+08:00,1783677600000,79.18,79.64,79.09,79.33,771615.3,771615.3,61255118.8547,1
2026-07-10T20:00:00+08:00,1783684800000,79.33,79.52,78.71,78.93,753761.65,753761.65,59593873.6458,1
2026-07-10T22:00:00+08:00,1783692000000,78.93,78.93,77.02,78.11,2371262.32,2371262.32,184695673.63,1
2026-07-11T00:00:00+08:00,1783699200000,78.1,78.24,77.54,77.54,645371.74,645371.74,50257110.3064,1
2026-07-11T02:00:00+08:00,1783706400000,77.54,78.04,77.3,77.85,566112.87,566112.87,43963680.3776,1
2026-07-11T04:00:00+08:00,1783713600000,77.86,78.07,77.67,77.94,279343.86,279343.86,21747743.8401,1
2026-07-11T06:00:00+08:00,1783720800000,77.94,78.32,77.88,78.08,299905.83,299905.83,23412378.1701,1
2026-07-11T08:00:00+08:00,1783728000000,78.08,78.08,77.41,77.49,339658.49,339658.49,26409715.0952,1
2026-07-11T10:00:00+08:00,1783735200000,77.5,77.83,77.44,77.73,218910.84,218910.84,17002943.389,1
2026-07-11T12:00:00+08:00,1783742400000,77.73,77.95,77.54,77.85,197446.98,197446.98,15350077.4234,1
2026-07-11T14:00:00+08:00,1783749600000,77.86,78.07,77.73,77.92,254606.96,254606.96,19846052.1132,1
2026-07-11T16:00:00+08:00,1783756800000,77.92,78.3,77.77,77.79,404695.45,404695.45,31579904.4801,1
2026-07-11T18:00:00+08:00,1783764000000,77.79,78.09,77.62,78.05,338581.18,338581.18,26374560.5016,1
2026-07-11T20:00:00+08:00,1783771200000,78.06,78.41,77.89,78.13,286707.48,286707.48,22395367.9432,1
2026-07-11T22:00:00+08:00,1783778400000,78.13,78.86,77.89,78.33,1125902.12,1125902.12,88252311.8576,1
2026-07-12T00:00:00+08:00,1783785600000,78.33,78.36,77.59,78.05,725851.24,725851.24,56600165.6604,1
2026-07-12T02:00:00+08:00,1783792800000,78.05,78.3,77.84,78.1,304442.97,304442.97,23762356.0108,1
2026-07-12T04:00:00+08:00,1783800000000,78.1,78.3,78.07,78.18,156705.42,156705.42,12252220.2869,1
2026-07-12T06:00:00+08:00,1783807200000,78.18,78.24,76.71,76.71,1064950.52,1064950.52,82254700.5082,1
2026-07-12T08:00:00+08:00,1783814400000,76.71,76.83,75.58,76.78,1620714.85,1620714.85,123567423.5801,1
2026-07-12T10:00:00+08:00,1783821600000,76.78,77.04,76.58,76.99,502495.31,502495.31,38603214.3325,1
2026-07-12T12:00:00+08:00,1783828800000,76.99,77.02,76.34,76.4,509104.96,509104.96,39014412.482,1
2026-07-12T14:00:00+08:00,1783836000000,76.39,76.67,75.8,76.47,842230.87,842230.87,64213762.1238,1
2026-07-12T16:00:00+08:00,1783843200000,76.46,76.87,76.34,76.71,509361.3,509361.3,39020673.6583,1
2026-07-12T18:00:00+08:00,1783850400000,76.72,77.23,76.48,76.88,398803.68,398803.68,30646472.8292,1
2026-07-12T20:00:00+08:00,1783857600000,76.88,77.44,76.74,77.11,559031.33,559031.33,43127517.3033,1
2026-07-12T22:00:00+08:00,1783864800000,77.11,77.7,76.92,77.42,841312.55,841312.55,65064766.1771,1
2026-07-13T00:00:00+08:00,1783872000000,77.43,77.64,77.16,77.3,416725.62,416725.62,32274971.9057,1
2026-07-13T02:00:00+08:00,1783879200000,77.3,77.76,77.2,77.63,233704.95,233704.95,18105481.8383,1
2026-07-13T04:00:00+08:00,1783886400000,77.63,77.68,76.92,77.07,308777.18,308777.18,23861699.7324,1
2026-07-13T06:00:00+08:00,1783893600000,77.06,77.06,76.41,76.87,613194.36,613194.36,47028060.4804,1
2026-07-13T08:00:00+08:00,1783900800000,76.87,78.19,76.22,76.26,1718916.27,1718916.27,132917616.8628,1
2026-07-13T10:00:00+08:00,1783908000000,76.27,76.63,75.39,75.82,1151109.35,1151109.35,87494293.7852,1
2026-07-13T12:00:00+08:00,1783915200000,75.82,76.43,75.66,76.35,707934.8,707934.8,53854014.8666,1
2026-07-13T14:00:00+08:00,1783922400000,76.36,76.63,76.18,76.38,502894.64,502894.64,38427061.4451,1
2026-07-13T16:00:00+08:00,1783929600000,76.39,76.86,76.31,76.58,378170.6,378170.6,28968467.8745,1
2026-07-13T18:00:00+08:00,1783936800000,76.59,76.59,76.05,76.3,522996.58,522996.58,39915129.9357,1
2026-07-13T20:00:00+08:00,1783944000000,76.31,76.37,75.05,75.37,1139895.29,1139895.29,86202585.8639,1
2026-07-13T22:00:00+08:00,1783951200000,75.36,76.28,75.28,75.77,1226695.55,1226695.55,93037375.4065,1
2026-07-14T00:00:00+08:00,1783958400000,75.76,75.99,74.48,74.54,1184604.07,1184604.07,89000238.1549,1
2026-07-14T02:00:00+08:00,1783965600000,74.54,75.18,74.49,75.15,491485.09,491485.09,36768959.7727,1
2026-07-14T04:00:00+08:00,1783972800000,75.14,75.31,74.04,74.36,627467.63,627467.63,46788031.7097,1
2026-07-14T06:00:00+08:00,1783980000000,74.36,74.96,74.35,74.95,361027.76,361027.76,26942077.5132,1
2026-07-14T08:00:00+08:00,1783987200000,74.95,75.52,74.78,75.25,594735.75,594735.75,44732137.1553,1
2026-07-14T10:00:00+08:00,1783994400000,75.26,75.29,74.5,75.11,517040.29,517040.29,38729379.6378,1
2026-07-14T12:00:00+08:00,1784001600000,75.11,75.44,75,75.36,377899.49,377899.49,28431318.3857,1
2026-07-14T14:00:00+08:00,1784008800000,75.37,75.39,74.86,74.93,335871.95,335871.95,25220751.0797,1
2026-07-14T16:00:00+08:00,1784016000000,74.93,75.36,74.81,75.03,404169.02,404169.02,30351493.6437,1
2026-07-14T18:00:00+08:00,1784023200000,75.03,75.57,74.92,75.34,528517.27,528517.27,39800540.1346,1
2026-07-14T20:00:00+08:00,1784030400000,75.35,77.7,75.13,76.9,2932959.84,2932959.84,224432883.8859,1
2026-07-14T22:00:00+08:00,1784037600000,76.9,77.92,76.62,77.33,1243471.8,1243471.8,96029577.1742,1
2026-07-15T00:00:00+08:00,1784044800000,77.34,77.62,76.76,77.13,714739.93,714739.93,55164949.3342,1
2026-07-15T02:00:00+08:00,1784052000000,77.14,77.5,76.95,77.14,353139.37,353139.37,27257367.6489,1
2026-07-15T04:00:00+08:00,1784059200000,77.13,77.38,76.9,77.18,298098.42,298098.42,22998012.688,1
2026-07-15T06:00:00+08:00,1784066400000,77.17,77.96,77.08,77.83,600864.38,600864.38,46662169.894,1
2026-07-15T08:00:00+08:00,1784073600000,77.84,77.89,77.23,77.4,399600.09,399600.09,30988464.4081,1
2026-07-15T10:00:00+08:00,1784080800000,77.39,77.86,76.96,77.75,548714.39,548714.39,42462728.8267,1
2026-07-15T12:00:00+08:00,1784088000000,77.75,78.28,77.49,78.21,730823.23,730823.23,56935447.7206,1
2026-07-15T14:00:00+08:00,1784095200000,78.22,78.66,77.36,77.36,1046890.73,1046890.73,81730095.1687,1
2026-07-15T16:00:00+08:00,1784102400000,77.37,77.86,77.19,77.44,648175.9,648175.9,50219680.6256,1
2026-07-15T18:00:00+08:00,1784109600000,77.44,77.67,77.16,77.49,374214.98,374214.98,28954416.578,1
2026-07-15T20:00:00+08:00,1784116800000,77.48,79,77.21,78.05,1803386.31,1803386.31,141066130.4979,1
2026-07-15T22:00:00+08:00,1784124000000,78.06,78.34,77.7,78.01,1044757.55,1044757.55,81515156.5666,1
2026-07-16T00:00:00+08:00,1784131200000,78.01,78.07,77.01,77.78,1113726.73,1113726.73,86363627.8023,1
2026-07-16T02:00:00+08:00,1784138400000,77.78,78.05,76.87,77.13,871548.9,871548.9,67477434.7103,1
2026-07-16T04:00:00+08:00,1784145600000,77.14,77.51,77.05,77.39,319242.86,319242.86,24678905.666,1
2026-07-16T06:00:00+08:00,1784152800000,77.39,77.7,77.15,77.24,273044.54,273044.54,21143891.4365,1
2026-07-16T08:00:00+08:00,1784160000000,77.23,77.46,76.63,77.05,688950.29,688950.29,52992670.5791,1
2026-07-16T10:00:00+08:00,1784167200000,77.05,77.25,76.75,76.91,345312.58,345312.58,26582003.6118,1
2026-07-16T12:00:00+08:00,1784174400000,76.9,77.46,76.54,77.43,582977.35,582977.35,44887740.8073,1
2026-07-16T14:00:00+08:00,1784181600000,77.43,77.59,76.12,76.39,989410.45,989410.45,75914704.7374,1
2026-07-16T16:00:00+08:00,1784188800000,76.38,76.45,75.57,75.99,1152856.93,1152856.93,87646496.782,1
2026-07-16T18:00:00+08:00,1784196000000,75.99,76.31,75.96,76.21,376469.21,376469.21,28655860.4954,1
2026-07-16T20:00:00+08:00,1784203200000,76.21,76.58,75.64,76.31,943191.39,943191.39,71788974.0455,1
2026-07-16T22:00:00+08:00,1784210400000,76.31,76.85,75.94,76.58,852500.59,852500.59,65202632.0164,1
2026-07-17T00:00:00+08:00,1784217600000,76.59,76.59,75.33,75.58,781316.26,781316.26,59329218.8738,1
2026-07-17T02:00:00+08:00,1784224800000,75.58,75.89,75.37,75.76,602172.33,602172.33,45541309.9172,1
2026-07-17T04:00:00+08:00,1784232000000,75.75,76.04,75.65,75.91,176133.82,176133.82,13358379.5633,1
2026-07-17T06:00:00+08:00,1784239200000,75.9,76,74.94,75.27,634108.92,634108.92,47775602.7066,1
2026-07-17T08:00:00+08:00,1784246400000,75.27,75.71,74.86,75.06,617960.53,617960.53,46504403.4219,1
2026-07-17T10:00:00+08:00,1784253600000,75.05,75.41,74.7,75.19,635745.36,635745.36,47716182.0814,1
2026-07-17T12:00:00+08:00,1784260800000,75.19,75.3,74.24,74.37,918440.06,918440.06,68609746.5956,1
2026-07-17T14:00:00+08:00,1784268000000,74.36,74.72,74.27,74.57,453830.49,453830.49,33823996.2623,1
2026-07-17T16:00:00+08:00,1784275200000,74.58,74.78,74.15,74.6,415025.17,415025.17,30915829.4231,1
2026-07-17T18:00:00+08:00,1784282400000,74.61,74.98,74.58,74.81,364666.74,364666.74,27263700.572,1
2026-07-17T20:00:00+08:00,1784289600000,74.82,74.83,73.32,74.29,1386830.39,1386830.39,102439020.8424,1
2026-07-17T22:00:00+08:00,1784296800000,74.29,74.78,73.76,74.72,1226067.57,1226067.57,91072714.7514,1
2026-07-18T00:00:00+08:00,1784304000000,74.72,75.55,74.56,75.18,825514.62,825514.62,61943491.8379,1
2026-07-18T02:00:00+08:00,1784311200000,75.19,75.36,74.81,75.15,306385.89,306385.89,23008198.5621,1
2026-07-18T04:00:00+08:00,1784318400000,75.15,75.19,74.84,74.97,194472.09,194472.09,14583150.2967,1
2026-07-18T06:00:00+08:00,1784325600000,74.97,75.09,74.8,74.99,170381.97,170381.97,12767913.1403,1
2026-07-18T08:00:00+08:00,1784332800000,74.98,75.23,74.94,75.17,179265.78,179265.78,13461151.9618,1
2026-07-18T10:00:00+08:00,1784340000000,75.18,75.42,75.1,75.33,216217.52,216217.52,16267209.9549,1
2026-07-18T12:00:00+08:00,1784347200000,75.34,75.34,74.82,74.89,210189.84,210189.84,15762759.7405,1
2026-07-18T14:00:00+08:00,1784354400000,74.89,75.05,74.85,74.92,163030.87,163030.87,12217510.9731,1
2026-07-18T16:00:00+08:00,1784361600000,74.92,75,74.59,74.8,351335.73,351335.73,26278665.9192,1
2026-07-18T18:00:00+08:00,1784368800000,74.8,74.97,74.75,74.91,165454.36,165454.36,12387318.0956,1
2026-07-18T20:00:00+08:00,1784376000000,74.9,75.14,74.45,74.69,543521.9,543521.9,40651077.8739,1
2026-07-18T22:00:00+08:00,1784383200000,74.7,75,74.61,74.92,245232.01,245232.01,18354497.1086,1
2026-07-19T00:00:00+08:00,1784390400000,74.91,75.36,74.79,75.3,366045.79,366045.79,27501903.8923,1
2026-07-19T02:00:00+08:00,1784397600000,75.31,75.62,75.14,75.4,405121.86,405121.86,30528944.3301,1
2026-07-19T04:00:00+08:00,1784404800000,75.4,75.6,75.28,75.44,183891,183891,13870505.9413,1
2026-07-19T06:00:00+08:00,1784412000000,75.43,75.58,75.33,75.46,117602.16,117602.16,8874423.6189,1
2026-07-19T08:00:00+08:00,1784419200000,75.47,75.69,75.39,75.64,215587.73,215587.73,16284800.0354,1
2026-07-19T10:00:00+08:00,1784426400000,75.64,76.55,75.63,75.91,908606.69,908606.69,69117233.2954,1
2026-07-19T12:00:00+08:00,1784433600000,75.92,76.06,75.67,75.93,260814.55,260814.55,19794482.743,1
2026-07-19T14:00:00+08:00,1784440800000,75.93,76.29,75.89,76.1,220555.94,220555.94,16778200.1741,1
2026-07-19T16:00:00+08:00,1784448000000,76.1,76.33,75.87,75.96,280735.54,280735.54,21360095.9087,1
2026-07-19T18:00:00+08:00,1784455200000,75.95,76.5,75.86,76.02,345641.55,345641.55,26333834.5007,1
2026-07-19T20:00:00+08:00,1784462400000,76.02,76.16,75.71,76.07,425739.72,425739.72,32325831.2141,1
2026-07-19T22:00:00+08:00,1784469600000,76.06,76.65,75.99,76.15,472000.96,472000.96,36014870.4761,1
2026-07-20T00:00:00+08:00,1784476800000,76.15,76.24,75.51,75.92,513197.2,513197.2,38963910.6735,1
2026-07-20T02:00:00+08:00,1784484000000,75.92,75.94,75.28,75.84,360965.48,360965.48,27290712.8733,1
2026-07-20T04:00:00+08:00,1784491200000,75.84,76.19,75.65,75.73,291294.94,291294.94,22115353.792,1
2026-07-20T06:00:00+08:00,1784498400000,75.73,76.54,75.57,76.34,491301.71,491301.71,37418251.4573,1
2026-07-20T08:00:00+08:00,1784505600000,76.33,77.38,76.08,76.34,1298166.02,1298166.02,99621543.3101,1
2026-07-20T10:00:00+08:00,1784512800000,76.33,77.16,76.31,76.71,569058.69,569058.69,43678355.1381,1
2026-07-20T12:00:00+08:00,1784520000000,76.71,76.9,75.72,75.87,681379.53,681379.53,51972947.6685,1
2026-07-20T14:00:00+08:00,1784527200000,75.88,76.2,75.44,76.17,695272.48,695272.48,52679507.5925,1
2026-07-20T16:00:00+08:00,1784534400000,76.17,76.75,75.85,76.42,759338.98,759338.98,57942317.6502,1
2026-07-20T18:00:00+08:00,1784541600000,76.43,77.2,76.27,77.1,821184.74,821184.74,63018133.1709,1
2026-07-20T20:00:00+08:00,1784548800000,77.09,77.11,76.08,76.24,993634.59,993634.59,76187669.9374,1
2026-07-20T22:00:00+08:00,1784556000000,76.24,77.9,75.73,77.72,1851868.28,1851868.28,142161630.6744,1
2026-07-21T00:00:00+08:00,1784563200000,77.73,77.88,77.31,77.7,740669.78,740669.78,57485669.9039,1
2026-07-21T02:00:00+08:00,1784570400000,77.7,78.36,77.25,77.6,1051995.83,1051995.83,81813451.0944,1
2026-07-21T04:00:00+08:00,1784577600000,77.6,78.02,77.49,77.69,289379.24,289379.24,22516791.0099,1
2026-07-21T06:00:00+08:00,1784584800000,77.7,77.84,77.38,77.8,239034.47,239034.47,18550054.6887,1
2026-07-21T08:00:00+08:00,1784592000000,77.81,78.24,77.71,77.81,344986.72,344986.72,26908584.2526,1
2026-07-21T10:00:00+08:00,1784599200000,77.81,78.53,77.61,78.16,495796.45,495796.45,38725806.5021,1
2026-07-21T12:00:00+08:00,1784606400000,78.16,78.66,77.96,78.41,548244.99,548244.99,42894213.24,1
2026-07-21T14:00:00+08:00,1784613600000,78.42,78.84,78.25,78.53,453847.49,453847.49,35668294.9054,1
2026-07-21T16:00:00+08:00,1784620800000,78.52,78.71,78.11,78.38,478652.61,478652.61,37514573.4201,1
2026-07-21T18:00:00+08:00,1784628000000,78.38,78.45,78.02,78.32,384533.41,384533.41,30084144.7104,1
2026-07-21T20:00:00+08:00,1784635200000,78.32,78.6,78.16,78.53,473948.99,473948.99,37150911.7868,1
2026-07-21T22:00:00+08:00,1784642400000,78.54,78.6,77.75,78.1,635801.15,635801.15,49638767.4785,1
2026-07-22T00:00:00+08:00,1784649600000,78.1,78.24,77.37,77.69,476824.27,476824.27,37122306.161,1
2026-07-22T02:00:00+08:00,1784656800000,77.69,77.96,77.56,77.83,254844.98,254844.98,19828698.9469,1
2026-07-22T04:00:00+08:00,1784664000000,77.83,78.12,77.75,78,214705.33,214705.33,16734973.6385,1
2026-07-22T06:00:00+08:00,1784671200000,78,78.16,77.76,78.09,179869.82,179869.82,14020998.5168,1
2026-07-22T08:00:00+08:00,1784678400000,78.09,78.55,78.06,78.3,430605.39,430605.39,33737679.3882,1
2026-07-22T10:00:00+08:00,1784685600000,78.31,78.48,77.75,77.83,289327.49,289327.49,22598598.596,1
2026-07-22T12:00:00+08:00,1784692800000,77.82,78.19,77.34,77.38,519570.57,519570.57,40374986.8597,1
2026-07-22T14:00:00+08:00,1784700000000,77.37,77.46,76.94,77.06,752833.97,752833.97,58077725.1244,1
2026-07-22T16:00:00+08:00,1784707200000,77.07,77.55,77,77.5,404157.45,404157.45,31248604.499,1
2026-07-22T18:00:00+08:00,1784714400000,77.5,77.76,77.4,77.52,295853.57,295853.57,22950868.4504,1
2026-07-22T20:00:00+08:00,1784721600000,77.52,77.93,76.99,77.84,786895.63,786895.63,60914381.8343,1
2026-07-22T22:00:00+08:00,1784728800000,77.83,78.83,77.36,78.41,1393796.25,1393796.25,108919472.0963,1
2026-07-23T00:00:00+08:00,1784736000000,78.42,78.79,78.06,78.18,731882.34,731882.34,57396312.7663,1
2026-07-23T02:00:00+08:00,1784743200000,78.19,78.26,77.26,77.62,590652.2,590652.2,45862596.6715,1
2026-07-23T04:00:00+08:00,1784750400000,77.61,78.02,77.53,77.98,288047.06,288047.06,22403082.173,1
2026-07-23T06:00:00+08:00,1784757600000,77.99,78.1,77.44,77.93,356097.94,356097.94,27701298.5039,1
2026-07-23T08:00:00+08:00,1784764800000,77.93,78.51,77.83,77.86,543965.93,543965.93,42532188.1038,1
2026-07-23T10:00:00+08:00,1784772000000,77.85,77.85,77.34,77.57,454346.92,454346.92,35240675.0756,1
2026-07-23T12:00:00+08:00,1784779200000,77.56,77.78,77.36,77.48,401416.01,401416.01,31130796.0919,1
2026-07-23T14:00:00+08:00,1784786400000,77.49,77.54,76.97,77.11,563152.83,563152.83,43479320.1728,1
2026-07-23T16:00:00+08:00,1784793600000,77.11,77.6,77.05,77.45,345651.97,345651.97,26746730.9628,1
2026-07-23T18:00:00+08:00,1784800800000,77.45,77.83,77.38,77.61,279259.08,279259.08,21688795.5847,1
2026-07-23T20:00:00+08:00,1784808000000,77.61,77.7,76.45,76.65,1301565.17,1301565.17,100119676.2339,1
2026-07-23T22:00:00+08:00,1784815200000,76.65,76.83,75.8,76.31,1109225.95,1109225.95,84586791.5979,1
2026-07-24T00:00:00+08:00,1784822400000,76.32,76.33,75.42,75.61,804837.01,804837.01,61094580.5316,1
2026-07-24T02:00:00+08:00,1784829600000,75.6,75.81,75.37,75.68,388945.45,388945.45,29416286.5421,1
2026-07-24T04:00:00+08:00,1784836800000,75.69,76.22,75.65,75.99,282596.57,282596.57,21479585.9162,1
2026-07-24T06:00:00+08:00,1784844000000,76,76.21,75.8,75.83,211904.53,211904.53,16111452.6592,1
2026-07-24T08:00:00+08:00,1784851200000,75.83,76.08,75.46,75.64,424202.36,424202.36,32130566.8333,1
2026-07-24T10:00:00+08:00,1784858400000,75.64,75.92,75.23,75.78,519608.2,519608.2,39293065.7771,1
2026-07-24T12:00:00+08:00,1784865600000,75.78,75.88,75.54,75.74,204916.2,204916.2,15517007.0998,1
2026-07-24T14:00:00+08:00,1784872800000,75.75,76.4,75.68,76.02,574761.57,574761.57,43689940.7411,1
2026-07-24T16:00:00+08:00,1784880000000,76.03,76.04,75.31,75.57,517443.46,517443.46,39125340.6192,1
2026-07-24T18:00:00+08:00,1784887200000,75.57,75.62,74.92,75.16,543107.81,543107.81,40859701.5069,1
2026-07-24T20:00:00+08:00,1784894400000,75.15,75.25,73.92,74.17,1452794.76,1452794.76,108251125.1459,1
2026-07-24T22:00:00+08:00,1784901600000,74.17,74.25,73.54,74,1350741.93,1350741.93,99855233.0149,1
2026-07-25T00:00:00+08:00,1784908800000,73.99,74.17,73.66,74.01,591785.66,591785.66,43751302.4073,1
2026-07-25T02:00:00+08:00,1784916000000,74,74.04,73.74,73.92,254702.29,254702.29,18824049.7248,1
2026-07-25T04:00:00+08:00,1784923200000,73.92,73.98,73.38,73.6,421981.31,421981.31,31081181.6251,1
2026-07-25T06:00:00+08:00,1784930400000,73.59,73.98,73.58,73.91,185856.4,185856.4,13724985.5014,1
2026-07-25T08:00:00+08:00,1784937600000,73.91,74.21,73.88,74.08,340427.73,340427.73,25204285.1994,1
2026-07-25T10:00:00+08:00,1784944800000,74.09,74.28,73.99,74.09,274194.44,274194.44,20321523.5075,1
2026-07-25T12:00:00+08:00,1784952000000,74.09,74.33,73.85,73.94,278226.62,278226.62,20628451.1917,1
2026-07-25T14:00:00+08:00,1784959200000,73.93,74.01,73.72,73.74,391003.07,391003.07,28879960.9734,1
2026-07-25T16:00:00+08:00,1784966400000,73.74,73.99,73.49,73.94,335873.41,335873.41,24775415.2834,1
2026-07-25T18:00:00+08:00,1784973600000,73.93,74,73.8,73.88,164683.06,164683.06,12171507.46,1
2026-07-25T20:00:00+08:00,1784980800000,73.88,74.15,73.82,73.93,236031.82,236031.82,17458128.2098,1
2026-07-25T22:00:00+08:00,1784988000000,73.94,74.28,73.73,74.13,579988.51,579988.51,42909061.699,1
2026-07-26T00:00:00+08:00,1784995200000,74.12,74.62,74.04,74.42,381929.55,381929.55,28397536.9391,1
2026-07-26T02:00:00+08:00,1785002400000,74.43,74.68,74.43,74.51,205391.49,205391.49,15313167.7485,1
2026-07-26T04:00:00+08:00,1785009600000,74.51,74.57,74.24,74.41,209517.19,209517.19,15592145.153,1
2026-07-26T06:00:00+08:00,1785016800000,74.41,74.5,74.26,74.48,180087.6,180087.6,13398808.9245,1
2026-07-26T08:00:00+08:00,1785024000000,74.48,74.93,74.42,74.78,438418.76,438418.76,32767676.6271,1
2026-07-26T10:00:00+08:00,1785031200000,74.78,75.03,74.67,74.99,299488.64,299488.64,22423801.7419,1
2026-07-26T12:00:00+08:00,1785038400000,74.99,75.19,74.9,74.97,345877.84,345877.84,25953775.1391,1
2026-07-26T14:00:00+08:00,1785045600000,74.97,75.11,74.7,74.83,313276.4,313276.4,23465706.9767,1
2026-07-26T16:00:00+08:00,1785052800000,74.83,75.25,74.8,75.03,331549.39,331549.39,24879987.7035,1
2026-07-26T18:00:00+08:00,1785060000000,75.02,75.21,74.84,74.91,262091.22,262091.22,19667832.6829,1
2026-07-26T20:00:00+08:00,1785067200000,74.91,75.1,74.72,74.89,357314.37,357314.37,26754127.0517,1
2026-07-26T22:00:00+08:00,1785074400000,74.89,75.46,74.85,75.44,575394.8,575394.8,43240423.0554,1
2026-07-27T00:00:00+08:00,1785081600000,75.45,75.95,75.24,75.34,499441.92,499441.92,37732676.9156,1
2026-07-27T02:00:00+08:00,1785088800000,75.34,75.42,75.2,75.29,140700.89,140700.89,10593268.7763,1
2026-07-27T04:00:00+08:00,1785096000000,75.29,75.73,75.26,75.6,165934.5,165934.5,12520299.0074,1
2026-07-27T06:00:00+08:00,1785103200000,75.61,77.08,75.61,76.73,1183742.48,1183742.48,90573316.3291,1
2026-07-27T08:00:00+08:00,1785110400000,76.74,76.76,75.95,76.49,599337.72,599337.72,45748562.129,1
2026-07-27T10:00:00+08:00,1785117600000,76.49,76.65,76.3,76.37,403593.9,403593.9,30861225.2913,1
2026-07-27T12:00:00+08:00,1785124800000,76.38,76.61,76.23,76.53,321690.15,321690.15,24573876.7067,1
2026-07-27T14:00:00+08:00,1785132000000,76.53,76.96,76.35,76.43,599963.53,599963.53,46015898.5323,1
2026-07-27T16:00:00+08:00,1785139200000,76.44,76.53,76.09,76.45,389287.1,389287.1,29708117.7748,1
2026-07-27T18:00:00+08:00,1785146400000,76.44,76.66,76.38,76.47,276282.35,276282.35,21145541.512,1
2026-07-27T20:00:00+08:00,1785153600000,76.47,77.47,76.2,76.87,1371110.67,1371110.67,105343186.2848,1
2026-07-27T22:00:00+08:00,1785160800000,76.86,76.95,74.94,75.22,1868189.4,1868189.4,141358346.313,1
2026-07-28T00:00:00+08:00,1785168000000,75.22,76.22,75.09,75.86,692306.62,692306.62,52435985.8944,1
2026-07-28T02:00:00+08:00,1785175200000,75.86,76.02,75.21,75.94,557077.04,557077.04,42125803.1693,1
2026-07-28T04:00:00+08:00,1785182400000,75.95,76.11,75.47,75.57,248389.53,248389.53,18827636.3108,1
2026-07-28T06:00:00+08:00,1785189600000,75.56,75.59,73.69,74.16,1131437.46,1131437.46,84187891.4608,1
2026-07-28T08:00:00+08:00,1785196800000,74.15,74.25,72.78,73.15,1137249.33,1137249.33,83478791.8168,1
2026-07-28T10:00:00+08:00,1785204000000,73.15,73.41,73.01,73.23,368344.41,368344.41,26978927.6192,1
2026-07-28T12:00:00+08:00,1785211200000,73.23,73.49,72.93,73.2,426535.47,426535.47,31228466.5895,1
2026-07-28T14:00:00+08:00,1785218400000,73.21,73.45,73.08,73.24,462946.97,462946.97,33925677.3001,1
2026-07-28T16:00:00+08:00,1785225600000,73.23,73.46,73.09,73.21,309674.96,309674.96,22696891.1232,1
2026-07-28T18:00:00+08:00,1785232800000,73.2,73.32,72.82,73.14,544927.93,544927.93,39830551.5128,1
2026-07-28T20:00:00+08:00,1785240000000,73.14,73.42,72.29,72.66,1042605.21,1042605.21,75935453.8086,1
2026-07-28T22:00:00+08:00,1785247200000,72.66,74.53,72.49,74.29,1464523.3,1464523.3,107853791.0741,1
2026-07-29T00:00:00+08:00,1785254400000,74.29,74.53,73.49,73.78,717856.6,717856.6,53092835.4714,1
2026-07-29T02:00:00+08:00,1785261600000,73.78,74.34,73.75,74.28,285906.13,285906.13,21154240.5671,1
2026-07-29T04:00:00+08:00,1785268800000,74.28,74.36,73.96,74.09,404454.95,404454.95,29990997.6853,1
2026-07-29T06:00:00+08:00,1785276000000,74.1,74.2,73.12,73.78,530605.7,530605.7,39038730.6364,1
2026-07-29T08:00:00+08:00,1785283200000,73.77,74.14,73.17,73.22,516234.25,516234.25,38083088.2756,1
2026-07-29T10:00:00+08:00,1785290400000,73.22,73.94,72.97,73.03,626160.19,626160.19,45954287.1129,1
2026-07-29T12:00:00+08:00,1785297600000,73.04,73.75,72.68,73.63,652522.08,652522.08,47783151.375,1
2026-07-29T14:00:00+08:00,1785304800000,73.63,74.24,73.48,74.21,401650.63,401650.63,29703957.0649,1
2026-07-29T16:00:00+08:00,1785312000000,74.21,74.29,73.65,74.08,426150.03,426150.03,31539023.0402,1
2026-07-29T18:00:00+08:00,1785319200000,74.09,74.09,73.74,73.91,227076,227076,16789619.3944,1
2026-07-29T20:00:00+08:00,1785326400000,73.91,73.91,73.27,73.68,545273.29,545273.29,40090667.6385,1
2026-07-29T22:00:00+08:00,1785333600000,73.68,73.88,72.93,73.09,568874.2,568874.2,41694894.2982,1
2026-07-30T00:00:00+08:00,1785340800000,73.09,73.93,72.85,73.9,646111.87,646111.87,47347797.8113,1
2026-07-30T02:00:00+08:00,1785348000000,73.9,74.5,72.69,72.7,1494733.23,1494733.23,110269590.1417,1
2026-07-30T04:00:00+08:00,1785355200000,72.71,73.17,72.27,73.14,907525.11,907525.11,65976420.4305,1
2026-07-30T06:00:00+08:00,1785362400000,73.15,73.76,73.14,73.63,450056.16,450056.16,33095061.2015,1
2026-07-30T08:00:00+08:00,1785369600000,73.63,74.19,73.1,73.97,577838.96,577838.96,42545625.6693,1
2026-07-30T10:00:00+08:00,1785376800000,73.98,74.1,73.62,73.66,263427.38,263427.38,19459933.5855,1
2026-07-30T12:00:00+08:00,1785384000000,73.67,73.83,73.38,73.65,293302.12,293302.12,21581089.6585,1
2026-07-30T14:00:00+08:00,1785391200000,73.66,73.77,73.35,73.38,276679.47,276679.47,20354903.4154,1
2026-07-30T16:00:00+08:00,1785398400000,73.38,74.18,73.25,73.99,530853.87,530853.87,39166675.9135,1
2026-07-30T18:00:00+08:00,1785405600000,74,74.29,73.77,74.18,376083.03,376083.03,27846890.2881,1
2026-07-30T20:00:00+08:00,1785412800000,74.18,74.87,74.02,74.64,889929.35,889929.35,66179410.8861,1
2026-07-30T22:00:00+08:00,1785420000000,74.64,74.82,74.25,74.62,600076.41,600076.41,44740742.1036,1
2026-07-31T00:00:00+08:00,1785427200000,74.62,74.85,74.38,74.71,311591.95,311591.95,23252732.0044,1
2026-07-31T02:00:00+08:00,1785434400000,74.71,74.94,74.45,74.73,241761.63,241761.63,18051827.8139,1
2026-07-31T04:00:00+08:00,1785441600000,74.74,74.87,74.39,74.46,280628.2,280628.2,20924237.1742,1
2026-07-31T06:00:00+08:00,1785448800000,74.45,74.96,74.35,74.45,367177.91,367177.91,27421769.5322,1
2026-07-31T08:00:00+08:00,1785456000000,74.46,75.27,74.23,74.37,763214.72,763214.72,57056446.3017,1
2026-07-31T10:00:00+08:00,1785463200000,74.36,74.53,73.83,74.1,586321.74,586321.74,43464674.4664,1
2026-07-31T12:00:00+08:00,1785470400000,74.1,74.28,73.69,74.2,431032.05,431032.05,31875980.9468,1
2026-07-31T14:00:00+08:00,1785477600000,74.19,74.5,73.46,73.62,556787.97,556787.97,41138607.9523,1
2026-07-31T16:00:00+08:00,1785484800000,73.62,73.77,73.34,73.45,457444.56,457444.56,33640745.3914,1
2026-07-31T18:00:00+08:00,1785492000000,73.44,73.68,73.24,73.52,305169.75,305169.75,22433752.6318,1
2026-07-31T20:00:00+08:00,1785499200000,73.53,73.78,73.12,73.24,537924.99,537924.99,39507767.4819,1
2026-07-31T22:00:00+08:00,1785506400000,73.25,73.65,72.74,73.07,1324719.95,1324719.95,96874843.4862,1
2026-08-01T00:00:00+08:00,1785513600000,73.07,73.4,72.94,73.32,314121.51,314121.51,22992931.247,1
2026-08-01T02:00:00+08:00,1785520800000,73.32,73.46,72.87,73.05,388033.8,388033.8,28373891.6974,1
2026-08-01T04:00:00+08:00,1785528000000,73.05,73.2,72.49,72.68,496692.23,496692.23,36174207.314,1
2026-08-01T06:00:00+08:00,1785535200000,72.68,72.91,72.62,72.82,177063.25,177063.25,12890894.928,1
2026-08-01T08:00:00+08:00,1785542400000,72.81,73.12,72.81,72.99,252753.03,252753.03,18450859.6609,1
2026-08-01T10:00:00+08:00,1785549600000,73,73.12,72.83,73.01,201313.2,201313.2,14694376.7158,1
2026-08-01T12:00:00+08:00,1785556800000,73,73.18,72.82,72.91,214452.65,214452.65,15661386.9425,1
2026-08-01T14:00:00+08:00,1785564000000,72.91,73.08,72.86,72.93,149286.77,149286.77,10890751.9892,1
2026-08-01T16:00:00+08:00,1785571200000,72.93,73.05,72.78,72.8,151592.63,151592.63,11055438.9544,1
2026-08-01T18:00:00+08:00,1785578400000,72.81,72.88,72.61,72.85,224932.42,224932.42,16368426.5476,1
2026-08-01T20:00:00+08:00,1785585600000,72.85,72.96,72.82,72.94,113749,113749,8291815.995,1
2026-08-01T22:00:00+08:00,1785592800000,72.93,73.01,72.68,72.75,319663.72,319663.72,23284986.9096,1
2026-08-02T00:00:00+08:00,1785600000000,72.75,72.9,71.58,71.88,1193365.88,1193365.88,86062546.7442,1
2026-08-02T02:00:00+08:00,1785607200000,71.89,71.94,70.51,71.22,1477965.62,1477965.62,105197714.8146,1
2026-08-02T04:00:00+08:00,1785614400000,71.21,71.82,71.15,71.8,369480.06,369480.06,26431618.7977,1
2026-08-02T06:00:00+08:00,1785621600000,71.8,72.04,71.77,71.9,250393.47,250393.47,18005004.9941,1
2026-08-02T08:00:00+08:00,1785628800000,71.89,72.71,71.88,72.6,511075.97,511075.97,36961873.7763,1
2026-08-02T10:00:00+08:00,1785636000000,72.6,73.37,72.53,73.15,815744.43,815744.43,59614403.041,1
2026-08-02T12:00:00+08:00,1785643200000,73.16,73.63,73.16,73.55,531336.11,531336.11,39013549.9629,1
2026-08-02T14:00:00+08:00,1785650400000,73.56,73.62,73.35,73.43,311482.92,311482.92,22881507.3487,1
2026-08-02T16:00:00+08:00,1785657600000,73.44,73.52,72.93,73.34,489953.54,489953.54,35888734.3404,1
2026-08-02T18:00:00+08:00,1785664800000,73.34,73.36,72.89,72.95,284346.19,284346.19,20792937.3362,1
2026-08-02T20:00:00+08:00,1785672000000,72.96,73.2,72.64,72.92,418031.05,418031.05,30481301.4293,1
2026-08-02T22:00:00+08:00,1785679200000,72.92,73.19,72.88,72.98,242463.65,242463.65,17716815.6315,1
2026-08-03T00:00:00+08:00,1785686400000,72.99,73.36,72.87,73.27,317661.97,317661.97,23233279.001,1
2026-08-03T02:00:00+08:00,1785693600000,73.28,73.83,73.2,73.69,421058.88,421058.88,30977897.482,1
2026-08-03T04:00:00+08:00,1785700800000,73.69,74.3,73.51,73.96,413442.7,413442.7,30550147.2587,1
2026-08-03T06:00:00+08:00,1785708000000,73.96,74.18,73.41,73.58,444526.92,444526.92,32780920.7779,1
2026-08-03T08:00:00+08:00,1785715200000,73.59,73.63,72.88,72.97,368884.61,368884.61,26996941.7862,1
2026-08-03T10:00:00+08:00,1785722400000,72.96,73.11,72.63,72.87,378858.17,378858.17,27631508.7029,1
2026-08-03T12:00:00+08:00,1785729600000,72.86,73.03,72.78,72.88,284483.84,284483.84,20738839.1361,1
2026-08-03T14:00:00+08:00,1785736800000,72.87,72.94,72.36,72.47,497539.91,497539.91,36108895.6737,1
2026-08-03T16:00:00+08:00,1785744000000,72.47,72.77,71.93,72.69,734657.61,734657.61,53102238.5967,1
2026-08-03T18:00:00+08:00,1785751200000,72.69,72.76,72.36,72.4,269669.25,269669.25,19564913.5856,1
2026-08-03T20:00:00+08:00,1785758400000,72.41,73.26,72.28,73.23,656449.41,656449.41,47727044.9269,1
2026-08-03T22:00:00+08:00,1785765600000,73.23,73.8,72.97,73.57,1013763.41,1013763.41,74487184.0621,1
2026-08-04T00:00:00+08:00,1785772800000,73.57,73.83,73.19,73.66,492805.63,492805.63,36242311.3179,1
2026-08-04T02:00:00+08:00,1785780000000,73.66,74.26,73.65,73.98,492764.03,492764.03,36460597.4648,1
2026-08-04T04:00:00+08:00,1785787200000,73.97,74.11,73.62,73.68,184180.72,184180.72,13597565.5963,1
2026-08-04T06:00:00+08:00,1785794400000,73.68,73.69,73.33,73.52,230352.74,230352.74,16923172.536,1
2026-08-04T08:00:00+08:00,1785801600000,73.53,73.76,72.99,73.73,467998.74,467998.74,34351531.854,1
2026-08-04T10:00:00+08:00,1785808800000,73.74,74.1,73.38,73.65,433121.71,433121.71,31924373.3391,1
2026-08-04T12:00:00+08:00,1785816000000,73.65,74.07,73.55,73.71,299551.87,299551.87,22106047.5114,1
2026-08-04T14:00:00+08:00,1785823200000,73.71,73.88,73.16,73.64,399775.87,399775.87,29374224.3054,1
2026-08-04T16:00:00+08:00,1785830400000,73.65,73.73,73.13,73.26,173262.47,173262.47,12709348.8711,1
2026-08-04T18:00:00+08:00,1785837600000,73.27,74,73.07,73.9,449380.46,449380.46,33072935.0741,1
2026-08-04T20:00:00+08:00,1785844800000,73.9,74.06,73.54,73.6,562653.53,562653.53,41536194.5537,1
2026-08-04T22:00:00+08:00,1785852000000,73.6,74.17,73.27,73.95,913743.45,913743.45,67346150.4322,1
2026-08-05T00:00:00+08:00,1785859200000,73.95,74.2,73.56,73.74,404554.65,404554.65,29893370.9092,1
2026-08-05T02:00:00+08:00,1785866400000,73.74,74.37,73.73,74.15,334590.36,334590.36,24820545.9369,1
2026-08-05T04:00:00+08:00,1785873600000,74.16,74.43,73.84,74.09,398578.81,398578.81,29544627.0894,1
2026-08-05T06:00:00+08:00,1785880800000,74.1,74.26,73.69,73.71,273020.83,273020.83,20194257.1566,1
2026-08-05T08:00:00+08:00,1785888000000,73.71,74.06,73.35,74.06,511810.22,511810.22,37704378.5514,1
2026-08-05T10:00:00+08:00,1785895200000,74.07,74.44,73.67,73.75,648100.36,648100.36,47980422.1393,1
2026-08-05T12:00:00+08:00,1785902400000,73.74,74.26,73.59,74.11,378373.24,378373.24,27968806.8186,1
2026-08-05T14:00:00+08:00,1785909600000,74.11,74.21,73.65,73.94,303382.52,303382.52,22408680.7117,1
2026-08-05T16:00:00+08:00,1785916800000,73.94,74.16,73.92,73.98,303931.34,303931.34,22506081.4919,1
2026-08-05T18:00:00+08:00,1785924000000,73.98,74.1,73.7,73.75,255817.71,255817.71,18896066.3392,1
2026-08-05T20:00:00+08:00,1785931200000,73.75,74.36,73.2,73.93,1144585.42,1144585.42,84429424.1065,1
2026-08-05T22:00:00+08:00,1785938400000,73.93,74.26,73.57,73.9,807610.5,807610.5,59729263.5291,1
2026-08-06T00:00:00+08:00,1785945600000,73.89,74.63,73.89,74.51,619475.28,619475.28,46038970.9101,1
2026-08-06T02:00:00+08:00,1785952800000,74.52,74.8,74.38,74.43,430032.61,430032.61,32047861.0511,1
2026-08-06T04:00:00+08:00,1785960000000,74.44,74.55,74.03,74.08,321412.97,321412.97,23875240.0261,1
2026-08-06T06:00:00+08:00,1785967200000,74.09,74.17,73.8,73.99,227618.58,227618.58,16838265.6505,1
2026-08-06T08:00:00+08:00,1785974400000,74,74.23,73.68,73.71,377815.46,377815.46,27929392.8357,1
2026-08-06T10:00:00+08:00,1785981600000,73.7,73.74,73.33,73.45,559174.12,559174.12,41098495.7256,1
2026-08-06T12:00:00+08:00,1785988800000,73.45,74.3,73.34,74.19,617583.12,617583.12,45652503.3714,1
2026-08-06T14:00:00+08:00,1785996000000,74.19,74.2,73.83,73.84,236156.84,236156.84,17476183.197,1
2026-08-06T16:00:00+08:00,1786003200000,73.84,74.07,73.15,73.27,745361.31,745361.31,54820261.5284,1
2026-08-06T18:00:00+08:00,1786010400000,73.27,73.53,73.12,73.41,495043.26,495043.26,36284690.0794,1
2026-08-06T20:00:00+08:00,1786017600000,73.41,73.43,72.8,73.2,686205.73,686205.73,50138264.6909,1
2026-08-06T22:00:00+08:00,1786024800000,73.19,73.6,73.05,73.26,500102.05,500102.05,36683132.0991,1
2026-08-07T00:00:00+08:00,1786032000000,73.27,73.51,73.02,73.14,258756.06,258756.06,18952407.7071,1
2026-08-07T02:00:00+08:00,1786039200000,73.14,73.19,72.5,72.76,437725.6,437725.6,31853194.2549,1
2026-08-07T04:00:00+08:00,1786046400000,72.75,72.95,72.74,72.82,257368.69,257368.69,18750392.8209,1
2026-08-07T06:00:00+08:00,1786053600000,72.82,72.85,72.27,72.64,337151.53,337151.53,24445797.0413,1
2026-08-07T08:00:00+08:00,1786060800000,72.64,72.83,72.51,72.7,254484.21,254484.21,18489005.4576,1
2026-08-07T10:00:00+08:00,1786068000000,72.7,72.9,72.43,72.58,307868.33,307868.33,22367733.924,1
2026-08-07T12:00:00+08:00,1786075200000,72.58,72.92,72.4,72.82,318803.18,318803.18,23161669.114,1
2026-08-07T14:00:00+08:00,1786082400000,72.82,73.03,72.69,72.87,350509.44,350509.44,25547235.8067,1
2026-08-07T16:00:00+08:00,1786089600000,72.87,73.71,72.87,73.58,719594.94,719594.94,52826206.2132,1
2026-08-07T18:00:00+08:00,1786096800000,73.58,73.74,73.45,73.58,368145.46,368145.46,27087791.3338,1
2026-08-07T20:00:00+08:00,1786104000000,73.58,74.33,73.58,74.09,1063212.16,1063212.16,78637661.0546,1
2026-08-07T22:00:00+08:00,1786111200000,74.08,74.2,73.53,73.86,640606.51,640606.51,47310353.5013,1
2026-08-08T00:00:00+08:00,1786118400000,73.85,74.09,73.15,73.39,509779.46,509779.46,37480724.2504,1
2026-08-08T02:00:00+08:00,1786125600000,73.4,74,73.23,73.98,283961.24,283961.24,20917194.6537,1
2026-08-08T04:00:00+08:00,1786132800000,73.98,74.06,73.57,73.62,294030.58,294030.58,21707864.6846,1
2026-08-08T06:00:00+08:00,1786140000000,73.62,73.76,73.56,73.63,135358.06,135358.06,9969209.1717,1
2026-08-08T08:00:00+08:00,1786147200000,73.64,73.94,73.54,73.85,198513.03,198513.03,14635824.1183,1
2026-08-08T10:00:00+08:00,1786154400000,73.84,74.98,73.8,74.81,728135.94,728135.94,54165441.6393,1
2026-08-08T12:00:00+08:00,1786161600000,74.81,75.13,74.44,74.62,663310.19,663310.19,49559267.1379,1
2026-08-08T14:00:00+08:00,1786168800000,74.61,74.8,74.53,74.77,275320.81,275320.81,20563687.9068,1
2026-08-08T16:00:00+08:00,1786176000000,74.78,75,74.65,74.83,312293.55,312293.55,23359493.9891,1
2026-08-08T18:00:00+08:00,1786183200000,74.83,75.66,74.82,75.55,951645.69,951645.69,71631012.8917,1
2026-08-08T20:00:00+08:00,1786190400000,75.56,75.63,75.31,75.5,514451.65,514451.65,38823754.1376,1
2026-08-08T22:00:00+08:00,1786197600000,75.49,76.79,75.49,76.35,1598940.41,1598940.41,121904527.1167,1
2026-08-09T00:00:00+08:00,1786204800000,76.35,76.47,76.11,76.34,384330.14,384330.14,29329948.345,1
2026-08-09T02:00:00+08:00,1786212000000,76.34,76.34,75.93,76.12,312997.83,312997.83,23821616.0368,1
2026-08-09T04:00:00+08:00,1786219200000,76.12,76.33,76.1,76.18,129303.08,129303.08,9854698.1935,1
2026-08-09T06:00:00+08:00,1786226400000,76.17,76.25,75.73,75.98,445504.7,445504.7,33827376.1586,1
2026-08-09T08:00:00+08:00,1786233600000,75.97,76.06,75.67,75.83,279749.65,279749.65,21229526.652,1
2026-08-09T10:00:00+08:00,1786240800000,75.83,76.02,75.72,75.95,291982.6,291982.6,22153085.5333,1
2026-08-09T12:00:00+08:00,1786248000000,75.95,76.09,75.84,75.96,160983.27,160983.27,12229227.143,1
2026-08-09T14:00:00+08:00,1786255200000,75.97,76.46,75.92,76.32,461859.25,461859.25,35230218.132,1
2026-08-09T16:00:00+08:00,1786262400000,76.32,76.58,76.07,76.42,557528.36,557528.36,42563234.6358,1
2026-08-09T18:00:00+08:00,1786269600000,76.42,76.63,76.3,76.46,271339.61,271339.61,20744059.0367,1
2026-08-09T20:00:00+08:00,1786276800000,76.47,76.87,76.27,76.53,470783.65,470783.65,36051592.6828,1
2026-08-09T22:00:00+08:00,1786284000000,76.54,77.44,76.53,77.39,1094759.85,1094759.85,84336164.7937,1
2026-08-10T00:00:00+08:00,1786291200000,77.38,77.55,77.04,77.14,593974.58,593974.58,45904915.6937,1
2026-08-10T02:00:00+08:00,1786298400000,77.13,77.32,77.03,77.19,176582.33,176582.33,13628755.8687,1
2026-08-10T04:00:00+08:00,1786305600000,77.19,77.47,77.03,77.31,170245.52,170245.52,13151393.5822,1
2026-08-10T06:00:00+08:00,1786312800000,77.32,77.84,76.16,76.24,1240314.94,1240314.94,95215707.9362,1
2026-08-10T08:00:00+08:00,1786320000000,76.23,77.14,76.2,76.88,866060.75,866060.75,66377336.9637,1
2026-08-10T10:00:00+08:00,1786327200000,76.88,76.9,76.32,76.59,462927.53,462927.53,35477502.6808,1
2026-08-10T12:00:00+08:00,1786334400000,76.6,76.93,76.4,76.84,273809.92,273809.92,20994619.5716,1
2026-08-10T14:00:00+08:00,1786341600000,76.85,77.1,76.78,76.95,392222.98,392222.98,30178271.1227,1
2026-08-10T16:00:00+08:00,1786348800000,76.95,77.12,76.51,76.52,466244.29,466244.29,35805322.8669,1
2026-08-10T18:00:00+08:00,1786356000000,76.53,77.02,76.5,77.01,309272.14,309272.14,23733337.4844,1
2026-08-10T20:00:00+08:00,1786363200000,77.01,77.1,76.08,76.28,920904.5,920904.5,70524565.184,1
2026-08-10T22:00:00+08:00,1786370400000,76.27,76.66,75.77,75.92,999408,999408,76101952.8726,1
2026-08-11T00:00:00+08:00,1786377600000,75.91,76.08,75.53,75.94,655037.19,655037.19,49655609.5814,1
2026-08-11T02:00:00+08:00,1786384800000,75.94,76.24,75.68,76.15,297825.18,297825.18,22621620.0894,1
2026-08-11T04:00:00+08:00,1786392000000,76.16,76.48,76.13,76.27,202376.46,202376.46,15447273.3741,1
2026-08-11T06:00:00+08:00,1786399200000,76.26,76.35,75.94,75.96,226369.85,226369.85,17231413.2903,1
2026-08-11T08:00:00+08:00,1786406400000,75.95,76.08,75.67,76.07,356341.09,356341.09,27034120.3802,1
2026-08-11T10:00:00+08:00,1786413600000,76.07,76.22,75.95,76.03,211250.85,211250.85,16074206.452,1
2026-08-11T12:00:00+08:00,1786420800000,76.04,76.19,75.74,75.77,240127.57,240127.57,18236068.3909,1
2026-08-11T14:00:00+08:00,1786428000000,75.77,76.01,75.38,75.66,653238.82,653238.82,49429428.2359,1
2026-08-11T16:00:00+08:00,1786435200000,75.65,75.94,75.58,75.85,347144.39,347144.39,26298038.3926,1
2026-08-11T18:00:00+08:00,1786442400000,75.85,76.32,75.72,76.17,409487.26,409487.26,31131413.0331,1
2026-08-11T20:00:00+08:00,1786449600000,76.17,76.21,75.68,75.97,501637.64,501637.64,38066974.9634,1
2026-08-11T22:00:00+08:00,1786456800000,75.96,76.11,74.58,74.88,1257622.29,1257622.29,94554704.4623,1
2026-08-12T00:00:00+08:00,1786464000000,74.88,75.18,74.75,75.13,374182.75,374182.75,28046358.4874,1
2026-08-12T02:00:00+08:00,1786471200000,75.12,75.67,75.01,75.61,361777.99,361777.99,27245799.7681,1
2026-08-12T04:00:00+08:00,1786478400000,75.61,76.4,75.6,76.39,606723.33,606723.33,46135430.8815,1
2026-08-12T06:00:00+08:00,1786485600000,76.4,76.64,76.15,76.26,405599.16,405599.16,30967028.1017,1
2026-08-12T08:00:00+08:00,1786492800000,76.26,76.55,76.18,76.39,310334.53,310334.53,23693811.2421,1
2026-08-12T10:00:00+08:00,1786500000000,76.39,76.57,76.22,76.38,362192.78,362192.78,27679352.0387,1
2026-08-12T12:00:00+08:00,1786507200000,76.39,76.55,76.1,76.28,276567.89,276567.89,21096575.5604,1
2026-08-12T14:00:00+08:00,1786514400000,76.28,76.32,75.91,76.22,333517.58,333517.58,25374927.9354,1
2026-08-12T16:00:00+08:00,1786521600000,76.23,76.86,76.08,76.69,646272.96,646272.96,49425568.1926,1
2026-08-12T18:00:00+08:00,1786528800000,76.7,76.83,76.6,76.79,534094.23,534094.23,40971761.4015,1
2026-08-12T20:00:00+08:00,1786536000000,76.79,77.3,76.01,76.19,1348715.45,1348715.45,103399591.5789,1
2026-08-12T22:00:00+08:00,1786543200000,76.19,76.21,75.33,75.72,945056.97,945056.97,71581753.9093,1
2026-08-13T00:00:00+08:00,1786550400000,75.71,76.02,75.52,75.88,267213.95,267213.95,20242635.3426,1
2026-08-13T02:00:00+08:00,1786557600000,75.87,76.07,75.55,75.73,204194.8,204194.8,15483948.0277,1
2026-08-13T04:00:00+08:00,1786564800000,75.72,75.98,75.4,75.42,290640.22,290640.22,21991190.7345,1
2026-08-13T06:00:00+08:00,1786572000000,75.42,75.63,75.3,75.58,316933.71,316933.71,23912085.5729,1
2026-08-13T08:00:00+08:00,1786579200000,75.58,75.85,75.43,75.59,287015.71,287015.71,21711640.8507,1
2026-08-13T10:00:00+08:00,1786586400000,75.59,76.27,75.48,76.21,526817.16,526817.16,40020167.8506,1
2026-08-13T12:00:00+08:00,1786593600000,76.21,76.59,75.98,76.48,462599.19,462599.19,35287721.1558,1
2026-08-13T14:00:00+08:00,1786600800000,76.48,76.5,76.27,76.41,315742.1,315742.1,24122013.2593,1
2026-08-13T16:00:00+08:00,1786608000000,76.41,76.45,75.83,76.12,412686.75,412686.75,31397169.8648,1
2026-08-13T18:00:00+08:00,1786615200000,76.12,76.14,75.51,75.61,520797.78,520797.78,39434786.8474,1
2026-08-13T20:00:00+08:00,1786622400000,75.6,76.33,75.58,76.16,535401.44,535401.44,40680238.1262,1
2026-08-13T22:00:00+08:00,1786629600000,76.15,76.55,75.59,75.6,680540.57,680540.57,51866280.8292,1
2026-08-14T00:00:00+08:00,1786636800000,75.6,75.9,75.06,75.72,1058110.85,1058110.85,79934158.8531,1
2026-08-14T02:00:00+08:00,1786644000000,75.72,76.25,75.64,76.16,305218,305218,23193344.6779,1
2026-08-14T04:00:00+08:00,1786651200000,76.15,76.3,76.07,76.17,215373.56,215373.56,16407439.6763,1
2026-08-14T06:00:00+08:00,1786658400000,76.17,76.41,76.11,76.23,186481.09,186481.09,14222717.6548,1
2026-08-14T08:00:00+08:00,1786665600000,76.23,76.29,75.87,76.05,228712.74,228712.74,17396622.3094,1
2026-08-14T10:00:00+08:00,1786672800000,76.06,76.18,75.7,75.73,239663.14,239663.14,18190441.1635,1
2026-08-14T12:00:00+08:00,1786680000000,75.72,76,75.7,75.88,173579.87,173579.87,13168182.9036,1
2026-08-14T14:00:00+08:00,1786687200000,75.88,75.89,75.45,75.53,353024.04,353024.04,26688662.1274,1
2026-08-14T16:00:00+08:00,1786694400000,75.53,75.84,75.37,75.45,387415.67,387415.67,29289043.5682,1
2026-08-14T18:00:00+08:00,1786701600000,75.46,75.61,75.3,75.5,318108.67,318108.67,24005160.8744,1
2026-08-14T20:00:00+08:00,1786708800000,75.5,75.56,75.19,75.32,315089.36,315089.36,23743748.1315,1
2026-08-14T22:00:00+08:00,1786716000000,75.33,75.72,75.01,75.61,513325.95,513325.95,38664638.6479,1
2026-08-15T00:00:00+08:00,1786723200000,75.6,75.66,75.11,75.25,328267.9,328267.9,24769679.4826,1
2026-08-15T02:00:00+08:00,1786730400000,75.25,75.26,74.62,74.96,703452.12,703452.12,52703634.9895,1
2026-08-15T04:00:00+08:00,1786737600000,74.95,75.2,74.92,75.14,187367.21,187367.21,14072150.8555,1
2026-08-15T06:00:00+08:00,1786744800000,75.15,75.37,74.93,75.35,199918.3,199918.3,15031621.9287,1
2026-08-15T08:00:00+08:00,1786752000000,75.36,75.43,75.25,75.37,165983.7,165983.7,12507058.9485,1
2026-08-15T10:00:00+08:00,1786759200000,75.37,75.68,75.35,75.36,281788.29,281788.29,21281961.2832,1
2026-08-15T12:00:00+08:00,1786766400000,75.36,75.56,75.24,75.3,289085.22,289085.22,21801822.3288,1
2026-08-15T14:00:00+08:00,1786773600000,75.3,75.45,75.16,75.2,169716.75,169716.75,12777944.9336,1
2026-08-15T16:00:00+08:00,1786780800000,75.2,75.27,74.99,75.19,255037.24,255037.24,19156795.7214,1
2026-08-15T18:00:00+08:00,1786788000000,75.2,75.32,75.16,75.21,143908.62,143908.62,10826323.5354,1
2026-08-15T20:00:00+08:00,1786795200000,75.2,75.53,75.16,75.52,153141.61,153141.61,11547035.9785,1
2026-08-15T22:00:00+08:00,1786802400000,75.51,75.54,75.32,75.47,189970.35,189970.35,14332554.0884,1
2026-08-16T00:00:00+08:00,1786809600000,75.48,75.64,75.36,75.61,149931.13,149931.13,11321469.0139,1
2026-08-16T02:00:00+08:00,1786816800000,75.62,75.64,75.46,75.51,108387.67,108387.67,8185185.9581,1
2026-08-16T04:00:00+08:00,1786824000000,75.51,75.7,75.37,75.58,133928.04,133928.04,10117417.4615,1
2026-08-16T06:00:00+08:00,1786831200000,75.58,75.65,75.27,75.3,191818.32,191818.32,14469114.1887,1
2026-08-16T08:00:00+08:00,1786838400000,75.3,75.46,75.21,75.38,163988.94,163988.94,12354557.7857,1
2026-08-16T10:00:00+08:00,1786845600000,75.38,75.62,75.22,75.52,203786.49,203786.49,15389756.8612,1
2026-08-16T12:00:00+08:00,1786852800000,75.53,75.57,75.3,75.32,165985.11,165985.11,12518023.6822,1
2026-08-16T14:00:00+08:00,1786860000000,75.31,75.5,75.25,75.43,133093.28,133093.28,10030009.2422,1
2026-08-16T16:00:00+08:00,1786867200000,75.43,75.45,75.23,75.29,128593.14,128593.14,9688532.7207,1
2026-08-16T18:00:00+08:00,1786874400000,75.29,75.3,75.13,75.23,168000.69,168000.69,12634719.5291,1
2026-08-16T20:00:00+08:00,1786881600000,75.23,75.37,75.15,75.27,111860.02,111860.02,8419407.1501,1
2026-08-16T22:00:00+08:00,1786888800000,75.26,75.6,75.2,75.52,206733.3,206733.3,15593268.0187,1
2026-08-17T00:00:00+08:00,1786896000000,75.53,75.68,75.23,75.23,280503.89,280503.89,21170543.3447,1
2026-08-17T02:00:00+08:00,1786903200000,75.23,75.32,74.98,75.18,248927.47,248927.47,18708124.2471,1
2026-08-17T04:00:00+08:00,1786910400000,75.18,75.29,73.92,74.29,844705.99,844705.99,62977470.7199,1
2026-08-17T06:00:00+08:00,1786917600000,74.28,74.61,74.11,74.56,343501.55,343501.55,25551068.8472,1
2026-08-17T08:00:00+08:00,1786924800000,74.55,75.31,74.38,75.05,551754.87,551754.87,41306096.8575,1
2026-08-17T10:00:00+08:00,1786932000000,75.05,75.55,75.01,75.46,476766.84,476766.84,35930346.9427,1
2026-08-17T12:00:00+08:00,1786939200000,75.45,75.6,75.34,75.36,263344.56,263344.56,19876407.9042,1
2026-08-17T14:00:00+08:00,1786946400000,75.35,75.97,75.3,75.74,527042.33,527042.33,39892662.1862,1
2026-08-17T16:00:00+08:00,1786953600000,75.75,75.78,75.13,75.31,508282.95,508282.95,38308040.1683,1
2026-08-17T18:00:00+08:00,1786960800000,75.32,75.88,75.26,75.65,373647.71,373647.71,28262035.0133,1
2026-08-17T20:00:00+08:00,1786968000000,75.65,75.74,75.25,75.59,506998.7,506998.7,38272068.4348,1
2026-08-17T22:00:00+08:00,1786975200000,75.59,76.18,75.46,76.05,526563.97,526563.97,39953299.6545,1
2026-08-18T00:00:00+08:00,1786982400000,76.06,76.1,75.65,75.87,332792.01,332792.01,25264352.6166,1
2026-08-18T02:00:00+08:00,1786989600000,75.87,76.12,75.7,75.77,168557.97,168557.97,12791890.9029,1
2026-08-18T04:00:00+08:00,1786996800000,75.76,76.07,75.58,75.92,179792.72,179792.72,13635220.5136,1
2026-08-18T06:00:00+08:00,1787004000000,75.92,76.08,75.66,75.97,177953.5,177953.5,13500737.8207,1
2026-08-18T08:00:00+08:00,1787011200000,75.98,76.05,75.53,75.58,309023.1,309023.1,23435263.2446,1
2026-08-18T10:00:00+08:00,1787018400000,75.57,75.62,75.17,75.46,451256.22,451256.22,34018112.7642,1
2026-08-18T12:00:00+08:00,1787025600000,75.46,75.92,75.36,75.68,374498.56,374498.56,28349154.5931,1
2026-08-18T14:00:00+08:00,1787032800000,75.68,76.23,75.6,76.05,451861.34,451861.34,34331953.1446,1
2026-08-18T16:00:00+08:00,1787040000000,76.06,76.15,75.81,75.91,289849.48,289849.48,22016758.5567,1
2026-08-18T18:00:00+08:00,1787047200000,75.91,76.42,75.76,76.27,467238.69,467238.69,35577009.9635,1
2026-08-18T20:00:00+08:00,1787054400000,76.28,76.49,76.01,76.18,477486.33,477486.33,36396189.5914,1
2026-08-18T22:00:00+08:00,1787061600000,76.17,77.3,76.09,77.16,1234941.83,1234941.83,94907016.3296,1
2026-08-19T00:00:00+08:00,1787068800000,77.17,77.29,76.81,76.85,396484.19,396484.19,30524739.0141,1
2026-08-19T02:00:00+08:00,1787076000000,76.85,77.38,76.83,77.13,279454.9,279454.9,21565646.3439,1
2026-08-19T04:00:00+08:00,1787083200000,77.14,77.18,76.7,76.96,369685.98,369685.98,28440654.3068,1
2026-08-19T06:00:00+08:00,1787090400000,76.95,77.2,76.84,77.01,447537.07,447537.07,34487081.0384,1
2026-08-19T08:00:00+08:00,1787097600000,77.02,77.06,76.66,76.75,383362.43,383362.43,29459163.7058,1
2026-08-19T10:00:00+08:00,1787104800000,76.75,77.07,76.65,76.95,248436.77,248436.77,19093197.0154,1
2026-08-19T12:00:00+08:00,1787112000000,76.95,77.09,76.73,76.76,238046.83,238046.83,18305685.7612,1
2026-08-19T14:00:00+08:00,1787119200000,76.76,77.14,76.6,76.91,416174.52,416174.52,32006369.1635,1
2026-08-19T16:00:00+08:00,1787126400000,76.92,77.65,76.87,77.28,657706.47,657706.47,50850221.9985,1
2026-08-19T18:00:00+08:00,1787133600000,77.27,77.58,77.17,77.5,330076.55,330076.55,25552350.8842,1
2026-08-19T20:00:00+08:00,1787140800000,77.49,78.76,77.38,78.36,1551716.74,1551716.74,121424062.8081,1
2026-08-19T22:00:00+08:00,1787148000000,78.37,83.07,78.31,81.81,5191686.39,5191686.39,420688517.7194,1
2026-08-20T00:00:00+08:00,1787155200000,81.8,82.36,80.97,81.63,1166054.12,1166054.12,95248295.3435,1
2026-08-20T02:00:00+08:00,1787162400000,81.63,82.5,81.24,82.32,835585.73,835585.73,68525490.6991,1
2026-08-20T04:00:00+08:00,1787169600000,82.33,87.31,82.24,86.62,3223604.32,3223604.32,274506919.8324,1
2026-08-20T06:00:00+08:00,1787176800000,86.63,86.84,84.88,85.38,1176494.28,1176494.28,100706513.9348,1
2026-08-20T08:00:00+08:00,1787184000000,85.38,85.79,84.63,85.36,815596.85,815596.85,69485075.4025,1
2026-08-20T10:00:00+08:00,1787191200000,85.35,85.44,83.95,84.48,634844.05,634844.05,53716558.8034,1
2026-08-20T12:00:00+08:00,1787198400000,84.47,85.07,84.42,84.93,378057.91,378057.91,32039512.2119,1
2026-08-20T14:00:00+08:00,1787205600000,84.94,86.17,84.68,86.14,788782.87,788782.87,67519026.5317,1
2026-08-20T16:00:00+08:00,1787212800000,86.13,87.97,86.01,87.32,1718897.05,1718897.05,150179062.8036,1
2026-08-20T18:00:00+08:00,1787220000000,87.31,88.08,86.94,87.17,861667.07,861667.07,75376649.9429,1
2026-08-20T20:00:00+08:00,1787227200000,87.17,87.48,86.13,86.54,1407183.04,1407183.04,122164395.9887,1
2026-08-20T22:00:00+08:00,1787234400000,86.55,87.47,86.13,87.33,1334434.06,1334434.06,115834753.5346,1
2026-08-21T00:00:00+08:00,1787241600000,87.34,87.93,86.84,87.45,1021516.88,1021516.88,89321890.71,1
2026-08-21T02:00:00+08:00,1787248800000,87.46,87.62,86.6,87.27,886169.08,886169.08,77182835.4406,1
2026-08-21T04:00:00+08:00,1787256000000,87.27,87.85,87.2,87.46,313667.76,313667.76,27442009.9352,1
2026-08-21T06:00:00+08:00,1787263200000,87.46,87.97,87.16,87.62,468082.93,468082.93,40961913.2254,1
2026-08-21T08:00:00+08:00,1787270400000,87.62,89.48,87.55,88.98,1518208.27,1518208.27,134288047.8233,1
2026-08-21T10:00:00+08:00,1787277600000,88.98,90.18,88.47,89.07,1616322.2,1616322.2,144383303.3044,1
2026-08-21T12:00:00+08:00,1787284800000,89.08,90.72,88.84,90.4,1023740.83,1023740.83,91880399.4079,1
2026-08-21T14:00:00+08:00,1787292000000,90.41,91.33,89.72,90.39,1588792.54,1588792.54,143753460.9741,1
2026-08-21T16:00:00+08:00,1787299200000,90.39,93.41,90.29,91.66,3079198.92,3079198.92,282263258.1644,1
2026-08-21T18:00:00+08:00,1787306400000,91.66,91.74,89.87,90.29,1247565.97,1247565.97,113339211.5012,1
2026-08-21T20:00:00+08:00,1787313600000,90.3,91.38,89.73,91.05,931701.55,931701.55,84424130.3611,1
2026-08-21T22:00:00+08:00,1787320800000,91.04,92.15,90.53,91.34,848796.66,848796.66,77593319.5604,1
2026-08-22T00:00:00+08:00,1787328000000,91.34,91.98,90.71,91.79,741644.61,741644.61,67856720.2481,1
2026-08-22T02:00:00+08:00,1787335200000,91.79,92.06,90.73,90.94,632446.38,632446.38,57797812.4441,1
2026-08-22T04:00:00+08:00,1787342400000,90.94,93.85,90.49,93.71,871747.59,871747.59,80618447.8678,1
2026-08-22T06:00:00+08:00,1787349600000,93.72,95,93.28,93.7,1757600.91,1757600.91,165342989.3048,1
2026-08-22T08:00:00+08:00,1787356800000,93.71,94.41,92.85,93.65,981482.88,981482.88,92012396.6684,1
2026-08-22T10:00:00+08:00,1787364000000,93.66,97.59,93.66,96.78,1935594.15,1935594.15,185879995.2962,1
2026-08-22T12:00:00+08:00,1787371200000,96.78,102.78,87.53,94.19,7315605.63,7315605.63,704867399.2595,1
2026-08-22T14:00:00+08:00,1787378400000,94.19,95.54,93.03,94.45,1189219.66,1189219.66,112187267.4978,1
2026-08-22T16:00:00+08:00,1787385600000,94.45,95,92.93,93.9,945669.91,945669.91,88758700.9279,1
2026-08-22T18:00:00+08:00,1787392800000,93.9,93.98,91.32,93.32,1158485.8,1158485.8,107279889.6475,1
2026-08-22T20:00:00+08:00,1787400000000,93.31,94.38,93.15,94.12,623263.49,623263.49,58533600.6597,1
2026-08-22T22:00:00+08:00,1787407200000,94.13,94.3,92.8,93.07,647944.74,647944.74,60520475.5415,1
2026-08-23T00:00:00+08:00,1787414400000,93.08,94.69,93.07,94.27,724994.22,724994.22,68248601.5665,1
2026-08-23T02:00:00+08:00,1787421600000,94.27,94.84,94.03,94.48,438042.19,438042.19,41356610.8813,1
2026-08-23T04:00:00+08:00,1787428800000,94.49,94.79,92.71,92.82,534654.43,534654.43,50108336.7183,1
2026-08-23T06:00:00+08:00,1787436000000,92.81,94.01,92.55,93.82,467112.45,467112.45,43689403.5453,1
2026-08-23T08:00:00+08:00,1787443200000,93.82,97.24,93.57,95.99,1567565.45,1567565.45,150405547.7362,1
2026-08-23T10:00:00+08:00,1787450400000,96,96.55,93.41,93.73,1607146.74,1607146.74,152093483.825,1
2026-08-23T12:00:00+08:00,1787457600000,93.72,94.1,91.52,92.3,1468250.63,1468250.63,136210228.2717,1
2026-08-23T14:00:00+08:00,1787464800000,92.3,92.98,91.76,92.47,752985.92,752985.92,69576437.8919,1
2026-08-23T16:00:00+08:00,1787472000000,92.48,93.55,92.3,93.32,483597.51,483597.51,45028644.3662,1
2026-08-23T18:00:00+08:00,1787479200000,93.32,94.79,93.28,94.6,561741.67,561741.67,52831770.3134,1
2026-08-23T20:00:00+08:00,1787486400000,94.6,95.82,94.06,95.37,784408.03,784408.03,74504125.6451,1
2026-08-23T22:00:00+08:00,1787493600000,95.37,95.87,93.05,95.32,1146277.07,1146277.07,108788855.8451,1
2026-08-24T00:00:00+08:00,1787500800000,95.32,95.69,94.75,95.08,492214.97,492214.97,46890741.7174,1
2026-08-24T02:00:00+08:00,1787508000000,95.08,95.47,94.77,95.04,352738.07,352738.07,33561997.2267,1
2026-08-24T04:00:00+08:00,1787515200000,95.05,96.24,94.72,95.33,444266.24,444266.24,42430533.3345,1
2026-08-24T06:00:00+08:00,1787522400000,95.33,95.87,94.75,95.42,559232.42,559232.42,53317873.2434,1
2026-08-24T08:00:00+08:00,1787529600000,95.43,95.56,93.62,93.84,1026008.35,1026008.35,97072076.1717,1
2026-08-24T10:00:00+08:00,1787536800000,93.84,95.03,93.37,93.63,658647.52,658647.52,61972252.0801,1
2026-08-24T12:00:00+08:00,1787544000000,93.63,94.65,93.43,94.25,666255.54,666255.54,62646142.7366,1
2026-08-24T14:00:00+08:00,1787551200000,94.25,95.43,93.77,94.09,769377.72,769377.72,72645977.6946,1
2026-08-24T16:00:00+08:00,1787558400000,94.1,94.88,93.21,94.64,705138.55,705138.55,66320384.5621,1
2026-08-24T18:00:00+08:00,1787565600000,94.65,96.31,94.21,95.82,1143541.19,1143541.19,108885927.7716,1
2026-08-24T20:00:00+08:00,1787572800000,95.82,96.62,94.12,94.99,1908034.3,1908034.3,182125476.389,1
2026-08-24T22:00:00+08:00,1787580000000,94.99,97.57,94.77,96.41,1678259.56,1678259.56,161653834.3088,1
2026-08-25T00:00:00+08:00,1787587200000,96.42,97.56,94.68,95.34,1499782,1499782,144022398.5323,1
2026-08-25T02:00:00+08:00,1787594400000,95.35,96.59,95.34,96.49,856867.5,856867.5,82220078.3748,1
2026-08-25T04:00:00+08:00,1787601600000,96.49,97.56,95.69,97.44,522568.92,522568.92,50517230.7268,1
2026-08-25T06:00:00+08:00,1787608800000,97.44,98.96,97.14,98.94,1227793.4,1227793.4,120294884.7444,1
2026-08-25T08:00:00+08:00,1787616000000,98.94,102.78,98.51,100.44,3392204.46,3392204.46,342281125.1034,1
2026-08-25T10:00:00+08:00,1787623200000,100.45,102.32,100.19,101.59,1448508.18,1448508.18,146964360.4073,1
2026-08-25T12:00:00+08:00,1787630400000,101.6,103.55,100.79,101.87,1320997.36,1320997.36,134512108.3182,1
2026-08-25T14:00:00+08:00,1787637600000,101.87,102.16,99.38,100.21,1284777.62,1284777.62,129722333.5573,1
2026-08-25T16:00:00+08:00,1787644800000,100.21,101.12,99.23,99.78,1189104.77,1189104.77,119247894.4134,1
2026-08-25T18:00:00+08:00,1787652000000,99.78,99.87,98.39,98.58,1007515.51,1007515.51,99930220.6136,1
2026-08-25T20:00:00+08:00,1787659200000,98.59,98.81,96.14,97.12,2262813.23,2262813.23,220843253.9904,1
2026-08-25T22:00:00+08:00,1787666400000,97.11,98.47,96.84,98.33,1124562.56,1124562.56,110039406.4916,1
2026-08-26T00:00:00+08:00,1787673600000,98.33,98.63,97.39,98.15,765281.12,765281.12,74974051.8816,1
2026-08-26T02:00:00+08:00,1787680800000,98.14,98.78,97.41,97.88,539997.76,539997.76,53016895.9012,1
2026-08-26T04:00:00+08:00,1787688000000,97.89,97.99,95.17,97.13,1398634.68,1398634.68,135128629.8841,1
2026-08-26T06:00:00+08:00,1787695200000,97.13,97.73,96.34,96.54,534894.24,534894.24,51944800.8341,1
2026-08-26T08:00:00+08:00,1787702400000,96.55,97.23,96.13,96.97,487284.04,487284.04,47098192.3937,1
2026-08-26T10:00:00+08:00,1787709600000,96.98,97.5,96.73,97.01,332824.35,332824.35,32318743.6107,1
2026-08-26T12:00:00+08:00,1787716800000,97,97.26,96.16,97.01,528551.33,528551.33,51146449.0815,1
2026-08-26T14:00:00+08:00,1787724000000,97.02,97.27,96.46,96.88,422031.99,422031.99,40875553.0083,1
2026-08-26T16:00:00+08:00,1787731200000,96.89,97.34,95.73,96.13,638312.14,638312.14,61577353.8172,1
2026-08-26T18:00:00+08:00,1787738400000,96.12,97.84,95.94,96.98,871718.31,871718.31,84647556.452,1
2026-08-26T20:00:00+08:00,1787745600000,96.98,97.52,95.8,96.51,1325111.25,1325111.25,127965362.1956,1
2026-08-26T22:00:00+08:00,1787752800000,96.5,96.93,94.88,95.88,1230579.16,1230579.16,117925074.8968,1
2026-08-27T00:00:00+08:00,1787760000000,95.87,97.36,95.4,96.92,897986.95,897986.95,86523425.4295,1
2026-08-27T02:00:00+08:00,1787767200000,96.93,97.11,96.26,96.75,455815.47,455815.47,44083351.882,1
2026-08-27T04:00:00+08:00,1787774400000,96.75,98.32,96.22,98.2,616557.5,616557.5,60052705.9497,1
2026-08-27T06:00:00+08:00,1787781600000,98.19,102.49,98,102.03,1985977.84,1985977.84,199325178.9037,1
2026-08-27T08:00:00+08:00,1787788800000,102.03,102.08,100.47,101.4,1271960.98,1271960.98,128770682.8519,1
2026-08-27T10:00:00+08:00,1787796000000,101.4,101.89,100.82,101.05,760178.77,760178.77,76998508.9512,1
2026-08-27T12:00:00+08:00,1787803200000,101.05,102.3,100.62,101.98,1272884.42,1272884.42,128856928.2156,1
2026-08-27T14:00:00+08:00,1787810400000,101.98,102.04,100.83,101.75,1179936.6,1179936.6,119561943.9864,1
2026-08-27T16:00:00+08:00,1787817600000,101.76,105.85,101.68,104.36,3696611.91,3696611.91,384838793.1756,1
2026-08-27T18:00:00+08:00,1787824800000,104.35,104.99,103.04,103.88,1693119.43,1693119.43,176119059.2224,1
2026-08-27T20:00:00+08:00,1787832000000,103.88,106.26,103.87,105.98,2057278.32,2057278.32,215673600.1174,1
2026-08-27T22:00:00+08:00,1787839200000,105.98,107.94,105.15,107.1,3540413.85,3540413.85,377575483.1065,1
2026-08-28T00:00:00+08:00,1787846400000,107.1,109.64,106.8,108.1,2716606.52,2716606.52,294464781.6457,1
2026-08-28T02:00:00+08:00,1787853600000,108.1,109.92,106.6,109.35,1962605.22,1962605.22,212447852.1111,1
2026-08-28T04:00:00+08:00,1787860800000,109.32,109.71,108.13,108.67,739025.28,739025.28,80441174.1339,1
2026-08-28T06:00:00+08:00,1787868000000,108.67,110.64,108.67,109.08,1102108.96,1102108.96,120756439.7032,1
2026-08-28T08:00:00+08:00,1787875200000,109.09,110.06,107.62,107.77,1333627.4,1333627.4,145420350.8178,1
2026-08-28T10:00:00+08:00,1787882400000,107.76,107.93,105.78,106.78,1627679.73,1627679.73,173854553.386,1
2026-08-28T12:00:00+08:00,1787889600000,106.77,107.72,106.19,107.14,965208.98,965208.98,103240226.8661,1
2026-08-28T14:00:00+08:00,1787896800000,107.15,107.79,106.21,106.31,815956.19,815956.19,87288078.3583,1
2026-08-28T16:00:00+08:00,1787904000000,106.31,106.86,105.42,105.89,909475.89,909475.89,96531814.0877,1
2026-08-28T18:00:00+08:00,1787911200000,105.89,106.77,104.45,105.76,1495291.87,1495291.87,157916848.1513,1
2026-08-28T20:00:00+08:00,1787918400000,105.75,105.96,104.43,105.09,1381137.9,1381137.9,145053717.5349,1
2026-08-28T22:00:00+08:00,1787925600000,105.09,107.87,103.52,105.16,4339292.12,4339292.12,457852333.9262,1
2026-08-29T00:00:00+08:00,1787932800000,105.17,105.68,102.86,104.62,2607608.21,2607608.21,272591586.5977,1
2026-08-29T02:00:00+08:00,1787940000000,104.62,104.68,102.2,103.36,1322010.99,1322010.99,136519193.9555,1
2026-08-29T04:00:00+08:00,1787947200000,103.36,104.28,102.74,103.4,541892.22,541892.22,56098215.963,1
2026-08-29T06:00:00+08:00,1787954400000,103.4,104.34,103.35,104.09,409998.39,409998.39,42625063.7474,1
2026-08-29T08:00:00+08:00,1787961600000,104.08,104.57,103.75,104.1,355368.38,355368.38,37005156.7638,1
2026-08-29T10:00:00+08:00,1787968800000,104.11,104.34,103.53,103.83,411036.09,411036.09,42728526.5367,1
2026-08-29T12:00:00+08:00,1787976000000,103.83,104.15,103.37,103.97,442475.12,442475.12,45910588.4912,1
2026-08-29T14:00:00+08:00,1787983200000,103.97,103.98,103.27,103.65,429117.29,429117.29,44452036.3958,1
2026-08-29T16:00:00+08:00,1787990400000,103.66,103.66,103.04,103.27,400949.74,400949.74,41435468.9333,1
2026-08-29T18:00:00+08:00,1787997600000,103.26,103.66,102.95,103.43,291621.31,291621.31,30140883.7966,1
2026-08-29T20:00:00+08:00,1788004800000,103.44,103.96,103.32,103.74,324623.12,324623.12,33640158.7656,1
2026-08-29T22:00:00+08:00,1788012000000,103.75,105.49,103.72,104.96,1209239.96,1209239.96,126814531.2817,1
2026-08-30T00:00:00+08:00,1788019200000,104.95,105.36,104.29,104.8,598415.74,598415.74,62758302.7828,1
2026-08-30T02:00:00+08:00,1788026400000,104.8,105.85,104.66,105.29,531672.43,531672.43,55957846.8802,1
2026-08-30T04:00:00+08:00,1788033600000,105.29,105.44,104.7,104.99,314958.63,314958.63,33101681.171,1
2026-08-30T06:00:00+08:00,1788040800000,104.98,105.71,104.82,105.54,248215.14,248215.14,26167033.6481,1
2026-08-30T08:00:00+08:00,1788048000000,105.54,105.64,104.94,105.16,424153.57,424153.57,44647432.474,1
2026-08-30T10:00:00+08:00,1788055200000,105.17,105.48,104.88,105.01,358860.1,358860.1,37745773.6312,1
2026-08-30T12:00:00+08:00,1788062400000,105.01,105.2,104.57,105.03,338420.31,338420.31,35500945.1467,1
2026-08-30T14:00:00+08:00,1788069600000,105.02,105.38,104.65,104.77,290301.44,290301.44,30474281.0047,1
2026-08-30T16:00:00+08:00,1788076800000,104.77,105,104.33,104.54,398362.49,398362.49,41693754.0692,1
2026-08-30T18:00:00+08:00,1788084000000,104.53,105.26,104.43,105.05,412914.65,412914.65,43319917.6366,1
2026-08-30T20:00:00+08:00,1788091200000,105.06,107.46,105,107.04,1780136.3,1780136.3,189191563.0539,1
2026-08-30T22:00:00+08:00,1788098400000,107.04,107.19,105.87,106.23,1014860.42,1014860.42,108148811.3498,1
2026-08-31T00:00:00+08:00,1788105600000,106.23,107.11,105.15,106.33,1589877.58,1589877.58,168905909.8163,1
2026-08-31T02:00:00+08:00,1788112800000,106.33,106.8,105.37,105.75,892613.92,892613.92,94839745.9645,1
2026-08-31T04:00:00+08:00,1788120000000,105.75,105.95,103.16,104.38,1289361.91,1289361.91,134748468.1729,1
2026-08-31T06:00:00+08:00,1788127200000,104.39,104.7,100.2,101.69,2426613.75,2426613.75,248024526.2309,1
2026-08-31T08:00:00+08:00,1788134400000,101.69,102.56,101.05,101.46,1167503.21,1167503.21,118876059.7439,1
2026-08-31T10:00:00+08:00,1788141600000,101.46,102.31,101.14,101.89,910515.33,910515.33,92658929.691,1
2026-08-31T12:00:00+08:00,1788148800000,101.89,102.99,100.83,102.58,1397091.96,1397091.96,142353228.2538,1
2026-08-31T14:00:00+08:00,1788156000000,102.58,103.15,102.26,102.9,694692.44,694692.44,71349559.9397,1
2026-08-31T16:00:00+08:00,1788163200000,102.9,103.44,102.37,103.01,721101.01,721101.01,74255971.4543,1
2026-08-31T18:00:00+08:00,1788170400000,103.02,104.12,102.57,103.33,916404.51,916404.51,94823613.3576,1
2026-08-31T20:00:00+08:00,1788177600000,103.33,103.7,102.05,102.31,1052424.16,1052424.16,108176520.3341,1
2026-08-31T22:00:00+08:00,1788184800000,102.31,103.89,102.14,102.81,1123412.07,1123412.07,115766071.9865,1
2026-09-01T00:00:00+08:00,1788192000000,102.8,103.76,102.37,103.56,804973.22,804973.22,82870719.0349,1
2026-09-01T02:00:00+08:00,1788199200000,103.56,104.97,103.32,103.55,970145.46,970145.46,101055463.0867,1
2026-09-01T04:00:00+08:00,1788206400000,103.56,104.26,103.16,103.59,494482.02,494482.02,51233131.4377,1
2026-09-01T06:00:00+08:00,1788213600000,103.59,103.72,102.81,103,303839.3,303839.3,31338220.2555,1
2026-09-01T08:00:00+08:00,1788220800000,103,103.5,102.62,103.2,525459.79,525459.79,54212744.858,1
2026-09-01T10:00:00+08:00,1788228000000,103.19,104.18,102.74,103.59,612909,612909,63420072.0151,1
2026-09-01T12:00:00+08:00,1788235200000,103.59,104.37,103.42,104.26,638574.64,638574.64,66357981.7988,1
2026-09-01T14:00:00+08:00,1788242400000,104.26,104.26,102.73,103.09,781430.96,781430.96,80829894.3278,1
2026-09-01T16:00:00+08:00,1788249600000,103.1,103.16,101.67,101.9,1119609.7,1119609.7,114429918.173,1
2026-09-01T18:00:00+08:00,1788256800000,101.9,102.67,101.88,102.22,705458.74,705458.74,72138856.772,1
2026-09-01T20:00:00+08:00,1788264000000,102.22,102.44,101.22,101.88,1099607.61,1099607.61,111959697.5456,1
2026-09-01T22:00:00+08:00,1788271200000,101.89,102.52,100.89,101.98,1086204.92,1086204.92,110603990.6219,1
2026-09-02T00:00:00+08:00,1788278400000,101.97,102,100.32,100.52,1226534.94,1226534.94,123869700.0028,1
2026-09-02T02:00:00+08:00,1788285600000,100.53,100.65,98.28,100.02,2248237.87,2248237.87,223660229.7821,1
2026-09-02T04:00:00+08:00,1788292800000,100.02,100.35,98.86,99.54,742647.52,742647.52,74032194.8766,1
2026-09-02T06:00:00+08:00,1788300000000,99.55,100.19,99.29,99.91,515686.63,515686.63,51437419.796,1
2026-09-02T08:00:00+08:00,1788307200000,99.92,100.19,98.42,99.03,771268.33,771268.33,76629028.6132,1
2026-09-02T10:00:00+08:00,1788314400000,99.03,100.65,98.7,100.23,1052232.9,1052232.9,105052393.8912,1
2026-09-02T12:00:00+08:00,1788321600000,100.24,100.37,99.68,100.21,495937.7,495937.7,49603481.1328,1
2026-09-02T14:00:00+08:00,1788328800000,100.22,100.38,99.59,99.78,448843.09,448843.09,44873516.6231,1
2026-09-02T16:00:00+08:00,1788336000000,99.77,99.97,98.09,98.58,1180751.82,1180751.82,116831523.5184,1
2026-09-02T18:00:00+08:00,1788343200000,98.57,98.62,97.31,98.05,1151517.02,1151517.02,112748285.8738,1
2026-09-02T20:00:00+08:00,1788350400000,98.05,99.61,97.53,99.15,1210600.73,1210600.73,119237160.9609,1
2026-09-02T22:00:00+08:00,1788357600000,99.15,99.75,98.37,99.26,1156715.52,1156715.52,114628300.9668,1
2026-09-03T00:00:00+08:00,1788364800000,99.25,99.76,98.14,99.25,1000431.3,1000431.3,98996990.0241,1
2026-09-03T02:00:00+08:00,1788372000000,99.26,99.64,99.01,99.38,547143.98,547143.98,54352222.1226,1
2026-09-03T04:00:00+08:00,1788379200000,99.38,99.99,99.27,99.6,554758.02,554758.02,55289196.8385,1
2026-09-03T06:00:00+08:00,1788386400000,99.6,100.48,99.15,100.37,496331.51,496331.51,49505139.2844,1
2026-09-03T08:00:00+08:00,1788393600000,100.38,100.57,99.09,100.11,828969.78,828969.78,82866350.1194,1
2026-09-03T10:00:00+08:00,1788400800000,100.1,101.33,99.89,100.47,1053834.16,1053834.16,106148981.9053,1
2026-09-03T12:00:00+08:00,1788408000000,100.47,100.98,99.65,100.81,987544.99,987544.99,99094583.966,1
2026-09-03T14:00:00+08:00,1788415200000,100.81,101.33,100.2,100.35,805123.57,805123.57,81151715.4113,1
2026-09-03T16:00:00+08:00,1788422400000,100.35,101.09,100.08,100.12,508151.83,508151.83,51095505.9028,1
2026-09-03T18:00:00+08:00,1788429600000,100.12,100.96,99.87,100.74,705591.08,705591.08,70853846.5745,1
2026-09-03T20:00:00+08:00,1788436800000,100.73,101.97,100.57,101.42,1487589.23,1487589.23,150766706.2045,1
2026-09-03T22:00:00+08:00,1788444000000,101.41,105.62,101.16,105.11,3385125.06,3385125.06,351482223.244,1
2026-09-04T00:00:00+08:00,1788451200000,105.11,105.16,103.8,105.04,954338.09,954338.09,99704103.3386,1
2026-09-04T02:00:00+08:00,1788458400000,105.04,105.89,104.56,105.25,629485.69,629485.69,66193158.9495,1
2026-09-04T04:00:00+08:00,1788465600000,105.24,105.69,104.7,105.15,584628.72,584628.72,61470827.2946,1
2026-09-04T06:00:00+08:00,1788472800000,105.15,105.26,103.51,103.87,953285.52,953285.52,99277158.0086,1
2026-09-04T08:00:00+08:00,1788480000000,103.87,104.32,103.15,103.75,971585.7,971585.7,100706488.8696,1
2026-09-04T10:00:00+08:00,1788487200000,103.74,104.08,103.28,103.63,360117.13,360117.13,37333901.0126,1
2026-09-04T12:00:00+08:00,1788494400000,103.63,104.3,103.38,103.64,571066.43,571066.43,59271505.5498,1
2026-09-04T14:00:00+08:00,1788501600000,103.63,103.99,103.27,103.55,586590.21,586590.21,60801275.9188,1
2026-09-04T16:00:00+08:00,1788508800000,103.55,104.76,103.16,103.99,1025235,1025235,106716198.7008,1
2026-09-04T18:00:00+08:00,1788516000000,104,104.44,103.49,104.02,539699.81,539699.81,56115163.9859,1
2026-09-04T20:00:00+08:00,1788523200000,104.03,104.4,100.08,101.59,3224719.89,3224719.89,328232081.1193,1
2026-09-04T22:00:00+08:00,1788530400000,101.59,101.75,100.22,101.37,990172.81,990172.81,100054008.4779,1
2026-09-05T00:00:00+08:00,1788537600000,101.37,102.06,101,101.19,688669.11,688669.11,69929711.7086,1
2026-09-05T02:00:00+08:00,1788544800000,101.19,101.88,101.16,101.61,308709.24,308709.24,31361767.5867,1
2026-09-05T04:00:00+08:00,1788552000000,101.62,101.86,101.37,101.5,313311.81,313311.81,31851739.9154,1
2026-09-05T06:00:00+08:00,1788559200000,101.5,101.91,101.49,101.86,162883.43,162883.43,16568343.2578,1
2026-09-05T08:00:00+08:00,1788566400000,101.86,102.13,101.66,101.8,289106.81,289106.81,29450276.7257,1
2026-09-05T10:00:00+08:00,1788573600000,101.8,101.95,101.62,101.81,217593.78,217593.78,22150651.7933,1
2026-09-05T12:00:00+08:00,1788580800000,101.82,101.88,101.54,101.82,291849.32,291849.32,29689818.5583,1
2026-09-05T14:00:00+08:00,1788588000000,101.82,102.56,101.76,102.15,379809.49,379809.49,38807925.0129,1
2026-09-05T16:00:00+08:00,1788595200000,102.15,102.77,102.03,102.48,323543.71,323543.71,33132098.2285,1
2026-09-05T18:00:00+08:00,1788602400000,102.48,102.65,102.15,102.29,311221.87,311221.87,31863526.555,1
2026-09-05T20:00:00+08:00,1788609600000,102.29,103.42,102.24,102.6,719158.63,719158.63,74022119.8555,1
2026-09-05T22:00:00+08:00,1788616800000,102.6,102.92,102.58,102.88,287155.76,287155.76,29505822.5043,1
2026-09-06T00:00:00+08:00,1788624000000,102.88,104.27,102.74,104.2,843407.87,843407.87,87365553.2285,1
2026-09-06T02:00:00+08:00,1788631200000,104.2,104.35,103.1,103.35,464423.54,464423.54,48166036.8166,1
2026-09-06T04:00:00+08:00,1788638400000,103.35,103.92,103.04,103.68,381178.8,381178.8,39419379.9267,1
2026-09-06T06:00:00+08:00,1788645600000,103.69,103.82,102.84,103.11,405104.86,405104.86,41835744.2368,1
2026-09-06T08:00:00+08:00,1788652800000,103.11,104.17,103.11,104,616756.88,616756.88,63897195.9757,1
2026-09-06T10:00:00+08:00,1788660000000,104,107.12,103.82,105.93,1617195.99,1617195.99,170763612.1682,1
2026-09-06T12:00:00+08:00,1788667200000,105.93,106.81,105.39,106.39,1007013.32,1007013.32,106817068.6475,1
2026-09-06T14:00:00+08:00,1788674400000,106.4,106.41,104.56,105.19,1132192.52,1132192.52,119185449.5038,1
2026-09-06T16:00:00+08:00,1788681600000,105.18,107.27,104.94,106.43,1240436.04,1240436.04,131631358.6912,1
2026-09-06T18:00:00+08:00,1788688800000,106.43,106.87,106.18,106.39,601199.91,601199.91,64032591.8157,1
2026-09-06T20:00:00+08:00,1788696000000,106.39,107.3,105.8,107.03,1140543.42,1140543.42,121588213.9962,1
2026-09-06T22:00:00+08:00,1788703200000,107.03,107.07,104.78,105.68,1522895.73,1522895.73,161031951.7328,1
2026-09-07T00:00:00+08:00,1788710400000,105.68,106.39,105.41,106.13,576189.6,576189.6,61041944.6768,1
2026-09-07T02:00:00+08:00,1788717600000,106.14,106.53,105.22,105.44,324505.49,324505.49,34372948.5096,1
2026-09-07T04:00:00+08:00,1788724800000,105.44,106.24,105.3,105.87,267821.46,267821.46,28338774.7681,1
2026-09-07T06:00:00+08:00,1788732000000,105.87,106.73,104.89,106.49,749987.85,749987.85,79456973.5092,1
2026-09-07T08:00:00+08:00,1788739200000,106.5,106.6,104.96,105.25,831023.44,831023.44,87879043.1926,1
2026-09-07T10:00:00+08:00,1788746400000,105.24,107.04,104.77,104.88,1290254.37,1290254.37,136324952.1434,1
2026-09-07T12:00:00+08:00,1788753600000,104.88,105.77,104.52,105.05,704347.11,704347.11,74051464.2083,1
2026-09-07T14:00:00+08:00,1788760800000,105.06,105.48,103.64,104.4,1082761.28,1082761.28,113222750.9537,1
2026-09-07T16:00:00+08:00,1788768000000,104.4,105.13,104.38,104.61,615985.03,615985.03,64515157.7201,1
2026-09-07T18:00:00+08:00,1788775200000,104.6,105.1,104.6,104.88,400054.81,400054.81,41957507.1102,1
2026-09-07T20:00:00+08:00,1788782400000,104.88,105.87,104.73,105.01,777955.27,777955.27,81968823.5875,1
2026-09-07T22:00:00+08:00,1788789600000,105.02,105.11,102.85,103.2,1500180.35,1500180.35,155897022.125,1
2026-09-08T00:00:00+08:00,1788796800000,103.21,104.19,103.13,103.94,564714.38,564714.38,58569764.572,1
2026-09-08T02:00:00+08:00,1788804000000,103.95,104.38,103.52,104.29,327211.41,327211.41,34006023.6081,1
2026-09-08T04:00:00+08:00,1788811200000,104.3,104.35,103.72,103.85,328969.28,328969.28,34203997.3274,1
2026-09-08T06:00:00+08:00,1788818400000,103.85,104.02,103.08,103.73,536035.08,536035.08,55561889.4152,1
2026-09-08T08:00:00+08:00,1788825600000,103.74,104.37,103.38,104.32,507368.76,507368.76,52707091.1385,1
2026-09-08T10:00:00+08:00,1788832800000,104.32,104.48,102.62,103.28,892024.01,892024.01,92253932.2924,1
2026-09-08T12:00:00+08:00,1788840000000,103.27,103.46,102.81,102.9,651182.47,651182.47,67173855.4557,1
2026-09-08T14:00:00+08:00,1788847200000,102.91,103.11,102.25,102.89,959487.94,959487.94,98532834.2786,1
2026-09-08T16:00:00+08:00,1788854400000,102.89,103.8,102.43,103.62,596740.03,596740.03,61563781.3759,1
2026-09-08T18:00:00+08:00,1788861600000,103.62,104.06,102.58,102.82,690420.48,690420.48,71279783.3184,1
2026-09-08T20:00:00+08:00,1788868800000,102.82,103.3,101.61,102.64,1006071.94,1006071.94,103006643.4451,1
2026-09-08T22:00:00+08:00,1788876000000,102.63,104.35,102.37,104.25,1031126.68,1031126.68,106585227.5169,1
2026-09-09T00:00:00+08:00,1788883200000,104.26,104.78,103.53,103.63,818262.47,818262.47,85146001.3527,1
2026-09-09T02:00:00+08:00,1788890400000,103.62,104.43,102.74,103.16,825040.13,825040.13,85300012.8131,1
2026-09-09T04:00:00+08:00,1788897600000,103.16,103.75,102.71,102.95,455986.29,455986.29,47044571.5792,1
2026-09-09T06:00:00+08:00,1788904800000,102.96,103.53,102.9,103.32,322893.42,322893.42,33346413.0808,1
2026-09-09T08:00:00+08:00,1788912000000,103.32,103.89,103.28,103.72,504728.9,504728.9,52307338.837,1
2026-09-09T10:00:00+08:00,1788919200000,103.72,103.97,102.91,103.23,559095.32,559095.32,57793170.4039,1
2026-09-09T12:00:00+08:00,1788926400000,103.23,104.68,103.23,104.02,1123537.25,1123537.25,116874541.4752,1
2026-09-09T14:00:00+08:00,1788933600000,104.02,105.15,103.93,104.52,672128.51,672128.51,70324665.2197,1
2026-09-09T16:00:00+08:00,1788940800000,104.53,105,103.38,103.44,773100.82,773100.82,80572376.6008,1
2026-09-09T18:00:00+08:00,1788948000000,103.44,104.27,103.24,104.18,721527.55,721527.55,74836083.7302,1
2026-09-09T20:00:00+08:00,1788955200000,104.17,104.78,103.45,103.74,1054605.43,1054605.43,109974848.4539,1
2026-09-09T22:00:00+08:00,1788962400000,103.74,104.14,101.98,103,1706568.18,1706568.18,175973429.994,1
2026-09-10T00:00:00+08:00,1788969600000,103.01,103.77,102.68,103.47,638626.01,638626.01,65921300.5586,1
2026-09-10T02:00:00+08:00,1788976800000,103.47,103.69,102.11,102.28,601376.59,601376.59,61948167.9863,1
2026-09-10T04:00:00+08:00,1788984000000,102.28,102.62,101.74,102.05,726212.9,726212.9,74248813.2137,1
2026-09-10T06:00:00+08:00,1788991200000,102.05,102.14,100.15,101.5,1126650.27,1126650.27,113929719.7504,1
2026-09-10T08:00:00+08:00,1788998400000,101.51,101.69,100.32,101,747354.92,747354.92,75502332.0069,1
2026-09-10T10:00:00+08:00,1789005600000,101,102.01,100.93,101.77,541859.82,541859.82,55056557.5014,1
2026-09-10T12:00:00+08:00,1789012800000,101.76,102.24,101.53,102.05,518479.2,518479.2,52853808.1881,1
2026-09-10T14:00:00+08:00,1789020000000,102.05,102.1,100.77,101.26,575784.37,575784.37,58373054.6451,1
2026-09-10T16:00:00+08:00,1789027200000,101.26,101.38,100.74,101.08,511094.24,511094.24,51674113.9727,1
2026-09-10T18:00:00+08:00,1789034400000,101.07,101.48,100.76,100.93,576769.48,576769.48,58341379.1424,1
2026-09-10T20:00:00+08:00,1789041600000,100.93,101.48,98.3,99.68,2907876.47,2907876.47,289810304.3778,1
2026-09-10T22:00:00+08:00,1789048800000,99.68,100.31,99.18,99.67,963623.74,963623.74,96163561.8863,1
2026-09-11T00:00:00+08:00,1789056000000,99.67,100.43,98.78,99.92,972416.13,972416.13,96892148.7894,1
2026-09-11T02:00:00+08:00,1789063200000,99.91,100.07,99.15,99.63,526649.57,526649.57,52484587.5443,1
2026-09-11T04:00:00+08:00,1789070400000,99.63,100.09,99.57,99.76,242353.31,242353.31,24218247.0879,1
2026-09-11T06:00:00+08:00,1789077600000,99.76,100.05,98.54,98.61,597056.5,597056.5,59220528.7155,1
2026-09-11T08:00:00+08:00,1789084800000,98.61,99.44,98.52,99.38,650405.12,650405.12,64401791.7534,1
2026-09-11T10:00:00+08:00,1789092000000,99.38,99.48,98.88,99.25,435416.89,435416.89,43187338.3897,1
2026-09-11T12:00:00+08:00,1789099200000,99.26,99.91,99.18,99.85,593005.42,593005.42,59096792.9613,1
2026-09-11T14:00:00+08:00,1789106400000,99.84,100.1,99.49,99.69,478798.25,478798.25,47773504.3227,1
2026-09-11T16:00:00+08:00,1789113600000,99.7,100.25,98.95,99.35,616673.3,616673.3,61419649.8208,1
2026-09-11T18:00:00+08:00,1789120800000,99.34,99.69,98.53,99.42,797557.44,797557.44,79022861.8543,1
2026-09-11T20:00:00+08:00,1789128000000,99.42,104.84,97.77,104.82,4330347.73,4330347.73,437377369.8642,1
2026-09-11T22:00:00+08:00,1789135200000,104.82,105.77,101.16,101.54,2774716.92,2774716.92,287347455.5911,1
2026-09-12T00:00:00+08:00,1789142400000,101.53,102.43,101.23,101.88,970718.26,970718.26,98953897.1261,1
2026-09-12T02:00:00+08:00,1789149600000,101.88,102.11,100.26,101.95,1199858.58,1199858.58,121433605.8502,1
2026-09-12T04:00:00+08:00,1789156800000,101.96,103.09,101.93,102.05,922368.41,922368.41,94540692.5802,1
2026-09-12T06:00:00+08:00,1789164000000,102.04,102.44,101.47,102.42,673371,673371,68689326.738,1
2026-09-12T08:00:00+08:00,1789171200000,102.42,102.53,101.72,101.94,439247.11,439247.11,44837182.2457,1
2026-09-12T10:00:00+08:00,1789178400000,101.94,102.04,101.41,101.59,401413.29,401413.29,40824208.1672,1
2026-09-12T12:00:00+08:00,1789185600000,101.58,101.87,101.32,101.59,396002.53,396002.53,40229779.2824,1
2026-09-12T14:00:00+08:00,1789192800000,101.6,101.92,101.46,101.62,292267.44,292267.44,29720598.836,1
2026-09-12T16:00:00+08:00,1789200000000,101.62,102.18,101.46,101.96,503241.47,503241.47,51243729.4252,1
2026-09-12T18:00:00+08:00,1789207200000,101.96,102.22,101.88,102.07,330259.08,330259.08,33696503.1937,1
2026-09-12T20:00:00+08:00,1789214400000,102.07,102.35,101.68,101.94,479262.26,479262.26,48878450.8253,1
2026-09-12T22:00:00+08:00,1789221600000,101.94,102.11,101.8,102.01,307533.17,307533.17,31356442.1682,1
2026-09-13T00:00:00+08:00,1789228800000,102.01,102.11,101.87,101.93,231607.44,231607.44,23624358.3905,1
2026-09-13T02:00:00+08:00,1789236000000,101.93,101.94,101.18,101.23,426670.12,426670.12,43338260.4375,1
2026-09-13T04:00:00+08:00,1789243200000,101.23,101.6,101.21,101.41,246221.69,246221.69,24969848.0449,1
2026-09-13T06:00:00+08:00,1789250400000,101.42,101.81,101.34,101.71,267852.05,267852.05,27209154.6931,1
2026-09-13T08:00:00+08:00,1789257600000,101.71,102.29,101.53,102.23,350086.12,350086.12,35681365.7807,1
2026-09-13T10:00:00+08:00,1789264800000,102.23,102.28,101.51,101.59,507683.56,507683.56,51719705.8403,1
2026-09-13T12:00:00+08:00,1789272000000,101.59,101.87,101.47,101.76,230870.43,230870.43,23475251.3178,1
2026-09-13T14:00:00+08:00,1789279200000,101.76,101.76,100.18,100.65,858818.25,858818.25,86770459.5667,1
2026-09-13T16:00:00+08:00,1789286400000,100.65,100.82,99.31,99.79,1022182.2,1022182.2,102203978.2644,1
2026-09-13T18:00:00+08:00,1789293600000,99.8,99.85,99.35,99.76,291157.55,291157.55,29011680.6742,1
2026-09-13T20:00:00+08:00,1789300800000,99.77,100.16,99.4,100.04,352472.13,352472.13,35149397.393,1
2026-09-13T22:00:00+08:00,1789308000000,100.05,100.78,100.05,100.18,608206.54,608206.54,61076591.1351,1
2026-09-14T00:00:00+08:00,1789315200000,100.18,101.19,100.18,100.96,450768.84,450768.84,45430337.8748,1
2026-09-14T02:00:00+08:00,1789322400000,100.96,101.3,100.8,100.92,232303.58,232303.58,23473172.6165,1
2026-09-14T04:00:00+08:00,1789329600000,100.92,101.57,100.91,101.28,298522.66,298522.66,30238794.4849,1
2026-09-14T06:00:00+08:00,1789336800000,101.28,101.28,99.12,99.21,1066388.72,1066388.72,106448935.9256,1
2026-09-14T08:00:00+08:00,1789344000000,99.22,100.18,98.92,100.12,691924.11,691924.11,68848378.7532,1
2026-09-14T10:00:00+08:00,1789351200000,100.12,101.29,99.9,100.93,702551.87,702551.87,70803306.1166,1
2026-09-14T12:00:00+08:00,1789358400000,100.93,101.32,100.82,101.07,340157.9,340157.9,34370880.4978,1
2026-09-14T14:00:00+08:00,1789365600000,101.08,101.97,101.04,101.55,617801.23,617801.23,62733144.0594,1
2026-09-14T16:00:00+08:00,1789372800000,101.55,102.31,101.17,101.9,779767.3,779767.3,79261521.0871,1
2026-09-14T18:00:00+08:00,1789380000000,101.91,101.97,101.25,101.32,559335.29,559335.29,56852268.9063,1
2026-09-14T20:00:00+08:00,1789387200000,101.33,101.97,100.61,101.31,1102634.93,1102634.93,111783214.9621,1
2026-09-14T22:00:00+08:00,1789394400000,101.31,102.24,101.12,101.91,901936.87,901936.87,91771561.9712,1
2026-09-15T00:00:00+08:00,1789401600000,101.91,103.27,101.81,103.02,979099.78,979099.78,100493308.6993,1
2026-09-15T02:00:00+08:00,1789408800000,103.02,103.82,102.85,103.21,886865.19,886865.19,91643772.7933,1
2026-09-15T04:00:00+08:00,1789416000000,103.22,104.78,102.91,103.15,1213045.98,1213045.98,126061869.9839,1
2026-09-15T06:00:00+08:00,1789423200000,103.15,103.53,102.38,102.5,513777.86,513777.86,52874254.1848,1
2026-09-15T08:00:00+08:00,1789430400000,102.49,102.81,102.1,102.21,421379.45,421379.45,43156072.5767,1
2026-09-15T10:00:00+08:00,1789437600000,102.2,102.35,101.2,101.5,498821.04,498821.04,50751257.4631,1
2026-09-15T12:00:00+08:00,1789444800000,101.49,101.65,100.52,101.26,611968.32,611968.32,61842246.5228,1
2026-09-15T14:00:00+08:00,1789452000000,101.26,101.54,100.28,100.38,595324.91,595324.91,60000459.7954,1
2026-09-15T16:00:00+08:00,1789459200000,100.37,101.04,100.01,100.76,578718.09,578718.09,58137393.3242,1
2026-09-15T18:00:00+08:00,1789466400000,100.77,101.03,100.34,100.77,461331.03,461331.03,46463988.6561,1
2026-09-15T20:00:00+08:00,1789473600000,100.77,101.34,99.58,100.52,1035852.73,1035852.73,104167244.4103,1
2026-09-15T22:00:00+08:00,1789480800000,100.51,100.71,97.88,99.32,1943757.49,1943757.49,192617734.7993,1
2026-09-16T00:00:00+08:00,1789488000000,99.32,100.66,98.63,100.16,809965.59,809965.59,80693025.7095,1
2026-09-16T02:00:00+08:00,1789495200000,100.16,100.3,95.66,97.82,3103185.16,3103185.16,303890494.3367,1
2026-09-16T04:00:00+08:00,1789502400000,97.83,98.03,96.44,96.49,757430.19,757430.19,73503547.1299,1
2026-09-16T06:00:00+08:00,1789509600000,96.48,97.61,96.24,96.81,622704.44,622704.44,60362244.0072,1
2026-09-16T08:00:00+08:00,1789516800000,96.82,97.25,96.33,96.43,522316.23,522316.23,50590443.3858,1
2026-09-16T10:00:00+08:00,1789524000000,96.42,97.54,96.39,97.19,606588.26,606588.26,58903892.9979,1
2026-09-16T12:00:00+08:00,1789531200000,97.2,97.69,96.81,97.19,663557.42,663557.42,64545662.1574,1
2026-09-16T14:00:00+08:00,1789538400000,97.19,97.49,96.85,96.91,401831.68,401831.68,39042814.7688,1
2026-09-16T16:00:00+08:00,1789545600000,96.9,97.29,96.32,97.23,726794.81,726794.81,70406667.7857,1
2026-09-16T18:00:00+08:00,1789552800000,97.24,98.26,96.96,97.95,717692.57,717692.57,69988745.0734,1
2026-09-16T20:00:00+08:00,1789560000000,97.95,98.05,96.83,97.11,678698.72,678698.72,66064738.7485,1
2026-09-16T22:00:00+08:00,1789567200000,97.12,97.56,96.57,97.04,738008.9,738008.9,71582045.6703,1
2026-09-17T00:00:00+08:00,1789574400000,97.05,97.46,96.05,96.99,827523.71,827523.71,80092059.1949,1
2026-09-17T02:00:00+08:00,1789581600000,97,98.88,96.21,98.03,2396377.99,2396377.99,234406921.6185,1
2026-09-17T04:00:00+08:00,1789588800000,98.03,98.86,97.97,98.34,456987.93,456987.93,44995010.9554,1
2026-09-17T06:00:00+08:00,1789596000000,98.34,98.79,97.33,98.6,570286.56,570286.56,55910743.9069,1
2026-09-17T08:00:00+08:00,1789603200000,98.6,99.61,98.4,99.18,611684.46,611684.46,60573181.6267,1
2026-09-17T10:00:00+08:00,1789610400000,99.19,100,98.77,99.91,594773.27,594773.27,59143501.9441,1
2026-09-17T12:00:00+08:00,1789617600000,99.9,100.05,99.09,99.5,539522.38,539522.38,53714969.2194,1
2026-09-17T14:00:00+08:00,1789624800000,99.5,100.31,99.43,99.98,481209.61,481209.61,48086987.4558,1
2026-09-17T16:00:00+08:00,1789632000000,99.98,100.81,99.82,100.18,809224.72,809224.72,81229843.478,1
2026-09-17T18:00:00+08:00,1789639200000,100.18,100.2,99.44,100.08,684572.49,684572.49,68322943.7579,1
2026-09-17T20:00:00+08:00,1789646400000,100.07,101.38,99.6,100.69,1398675.28,1398675.28,140588785.4338,1
2026-09-17T22:00:00+08:00,1789653600000,100.7,101.76,100.02,101.22,1405067.01,1405067.01,141970705.4436,1
2026-09-18T00:00:00+08:00,1789660800000,101.22,102.03,100.62,101.48,819186.61,819186.61,83042604.0516,1
2026-09-18T02:00:00+08:00,1789668000000,101.49,101.58,100.66,100.91,527079.63,527079.63,53230108.7791,1
2026-09-18T04:00:00+08:00,1789675200000,100.92,101.42,100.83,101.1,290355.88,290355.88,29374748.0411,1
2026-09-18T06:00:00+08:00,1789682400000,101.1,101.71,100.72,101.58,475397.96,475397.96,48164460.996,1
2026-09-18T08:00:00+08:00,1789689600000,101.57,102.86,100.83,102.42,777934.19,777934.19,79249327.257,1
2026-09-18T10:00:00+08:00,1789696800000,102.43,105.17,102.1,104.55,1636998.94,1636998.94,169780858.258,1
2026-09-18T12:00:00+08:00,1789704000000,104.55,106.16,104.39,105.31,1722530.04,1722530.04,181465057.8282,1
2026-09-18T14:00:00+08:00,1789711200000,105.31,106.12,105.28,105.74,1000179.9,1000179.9,105733320.7352,1
2026-09-18T16:00:00+08:00,1789718400000,105.75,106.62,105.07,106.38,1269173.02,1269173.02,134591185.2921,1
2026-09-18T18:00:00+08:00,1789725600000,106.38,106.64,105.38,105.7,910335.75,910335.75,96474201.7511,1
2026-09-18T20:00:00+08:00,1789732800000,105.71,109.38,105.37,108.49,2407468.76,2407468.76,258620403.5359,1
2026-09-18T22:00:00+08:00,1789740000000,108.49,111.6,108.36,111.12,3563001.79,3563001.79,392005498.8534,1
2026-09-19T00:00:00+08:00,1789747200000,111.11,112.72,111,112.58,1987893.8,1987893.8,222295048.0986,1
2026-09-19T02:00:00+08:00,1789754400000,112.59,114.29,112.01,114.17,1623369.79,1623369.79,183762489.1611,1
2026-09-19T04:00:00+08:00,1789761600000,114.17,114.19,112.99,113.16,852875.31,852875.31,96810809.751,1
2026-09-19T06:00:00+08:00,1789768800000,113.17,113.6,112.47,112.69,689717.24,689717.24,77975929.5076,1
2026-09-19T08:00:00+08:00,1789776000000,112.7,114.13,112.35,113.41,1006909.45,1006909.45,114070688.9118,1
2026-09-19T10:00:00+08:00,1789783200000,113.42,113.85,113.13,113.23,412148.54,412148.54,46780739.5699,1
2026-09-19T12:00:00+08:00,1789790400000,113.23,113.44,111.66,111.92,911753.51,911753.51,102626968.3987,1
2026-09-19T14:00:00+08:00,1789797600000,111.92,112.23,111.17,111.59,843059.95,843059.95,94172416.3165,1
2026-09-19T16:00:00+08:00,1789804800000,111.6,112.48,111.39,111.81,737356.55,737356.55,82581375.926,1
2026-09-19T18:00:00+08:00,1789812000000,111.81,112.12,111.58,111.87,449674.78,449674.78,50306354.3752,1
2026-09-19T20:00:00+08:00,1789819200000,111.86,112.04,111.22,111.6,599358.5,599358.5,66906508.3043,1
2026-09-19T22:00:00+08:00,1789826400000,111.61,112.19,111.43,111.62,659043.1,659043.1,73678330.879,1
2026-09-20T00:00:00+08:00,1789833600000,111.63,112.45,111.2,111.34,906567.48,906567.48,101288106.082,1
2026-09-20T02:00:00+08:00,1789840800000,111.35,111.6,110.55,111.13,974213.16,974213.16,108164472.1293,1
2026-09-20T04:00:00+08:00,1789848000000,111.14,111.35,110.1,110.51,652560.15,652560.15,72286103.9808,1
2026-09-20T06:00:00+08:00,1789855200000,110.51,111.15,109.97,111.01,562771.24,562771.24,62208585.1794,1
2026-09-20T08:00:00+08:00,1789862400000,111.01,111.11,109.67,110.14,603302.73,603302.73,66616092.013,1
2026-09-20T10:00:00+08:00,1789869600000,110.14,110.51,107.35,108.86,2173889.4,2173889.4,235900059.3711,1
2026-09-20T12:00:00+08:00,1789876800000,108.85,109.22,108.56,108.73,559024.35,559024.35,60840715.2447,1
2026-09-20T14:00:00+08:00,1789884000000,108.73,108.9,108.08,108.43,446779.99,446779.99,48485821.1141,1
2026-09-20T16:00:00+08:00,1789891200000,108.44,108.82,107.67,108.28,667024.46,667024.46,72245145.0859,1
2026-09-20T18:00:00+08:00,1789898400000,108.27,108.67,107.87,108.44,465464,465464,50354435.1489,1
2026-09-20T20:00:00+08:00,1789905600000,108.44,108.83,107.91,108.18,500556.48,500556.48,54211793.6527,1
2026-09-20T22:00:00+08:00,1789912800000,108.19,108.79,107.88,108.74,650515.2,650515.2,70439222.5935,1
2026-09-21T00:00:00+08:00,1789920000000,108.74,110.66,108.46,109.86,1719637.85,1719637.85,188776505.4121,1
2026-09-21T02:00:00+08:00,1789927200000,109.86,110.82,109.15,110.39,580298.07,580298.07,63798092.41,1
2026-09-21T04:00:00+08:00,1789934400000,110.39,110.59,109.01,109.84,592158.88,592158.88,65052536.1783,1
2026-09-21T06:00:00+08:00,1789941600000,109.84,111.42,109.56,111.12,682720.78,682720.78,75571527.5904,1
2026-09-21T08:00:00+08:00,1789948800000,111.12,113.44,110.66,110.92,1789081.04,1789081.04,200673938.4295,1
2026-09-21T10:00:00+08:00,1789956000000,110.91,111.96,110.65,111.51,648724.92,648724.92,72272569.9546,1
2026-09-21T12:00:00+08:00,1789963200000,111.51,112.19,110.98,111.72,456520.79,456520.79,50960033.9885,1
2026-09-21T14:00:00+08:00,1789970400000,111.72,112.56,111.34,112.08,625728.82,625728.82,70027513.6361,1
2026-09-21T16:00:00+08:00,1789977600000,112.07,116.83,112.03,115.87,3018054.39,3018054.39,347236714.4206,1
2026-09-21T18:00:00+08:00,1789984800000,115.87,117.15,115.42,116.76,1006544.9,1006544.9,116962680.8148,1
2026-09-21T20:00:00+08:00,1789992000000,116.76,118.35,116.12,117.98,1542918.75,1542918.75,180905229.6577,1
2026-09-21T22:00:00+08:00,1789999200000,117.98,119.1,117.29,117.87,2053393.5,2053393.5,242560228.0269,1
2026-09-22T00:00:00+08:00,1790006400000,117.87,118.27,116.61,117.15,1074106.44,1074106.44,126104972.4591,1
2026-09-22T02:00:00+08:00,1790013600000,117.15,118.43,116.81,118.31,633266.54,633266.54,74554792.7971,1
2026-09-22T04:00:00+08:00,1790020800000,118.31,119.96,118.15,119.06,869967.28,869967.28,103544666.343,1
2026-09-22T06:00:00+08:00,1790028000000,119.07,119.9,118.35,118.87,759527.68,759527.68,90430636.9504,1
2026-09-22T08:00:00+08:00,1790035200000,118.88,119.44,116.88,117.56,1263092.21,1263092.21,149332086.9337,1
2026-09-22T10:00:00+08:00,1790042400000,117.56,118.07,116.26,116.76,1100352.49,1100352.49,128717762.1363,1
2026-09-22T12:00:00+08:00,1790049600000,116.76,117.15,115.52,116.79,1222956.95,1222956.95,142368569.2146,1
2026-09-22T14:00:00+08:00,1790056800000,116.8,117.01,115.96,116.27,610306.52,610306.52,71086614.7764,1
2026-09-22T16:00:00+08:00,1790064000000,116.28,118,115.74,117.43,1149951.9,1149951.9,134584977.889,1
2026-09-22T18:00:00+08:00,1790071200000,117.43,117.46,116.33,117.26,772243.3,772243.3,90294591.7206,1
2026-09-22T20:00:00+08:00,1790078400000,117.27,117.95,116.75,117.92,976819.71,976819.71,114595421.7088,1
2026-09-22T22:00:00+08:00,1790085600000,117.93,117.93,115.83,117.31,1356819.66,1356819.66,158618938.0295,1
