open_time_beijing,timestamp_ms,open,high,low,close,vol,volCcy,volCcyQuote,confirm
2026-06-29T04:45:00+08:00,1782679500000,70.69,70.91,70.61,70.88,56828.73,56828.73,4022572.7284,1
2026-06-29T05:00:00+08:00,1782680400000,70.87,70.88,70.57,70.75,65668.06,65668.06,4648391.4523,1
2026-06-29T05:15:00+08:00,1782681300000,70.75,70.82,70.62,70.78,31387.49,31387.49,2219960.1512,1
2026-06-29T05:30:00+08:00,1782682200000,70.79,71.03,70.7,70.72,39713.62,39713.62,2815040.6412,1
2026-06-29T05:45:00+08:00,1782683100000,70.72,70.79,70.15,70.41,146499,146499,10308404.8519,1
2026-06-29T06:00:00+08:00,1782684000000,70.42,71.49,70.42,71,229200.11,229200.11,16290631.9855,1
2026-06-29T06:15:00+08:00,1782684900000,71,71.06,70.39,70.84,142996.78,142996.78,10113531.5461,1
2026-06-29T06:30:00+08:00,1782685800000,70.84,70.96,70.43,70.46,73819.86,73819.86,5213719.0324,1
2026-06-29T06:45:00+08:00,1782686700000,70.47,70.61,69.68,70.19,339086.16,339086.16,23744846.5677,1
2026-06-29T07:00:00+08:00,1782687600000,70.19,70.79,70.09,70.55,137153.22,137153.22,9669766.6147,1
2026-06-29T07:15:00+08:00,1782688500000,70.55,71.12,70.5,70.99,139823.76,139823.76,9908903.7962,1
2026-06-29T07:30:00+08:00,1782689400000,70.98,71.75,70.96,71.47,233620.8,233620.8,16692936.7088,1
2026-06-29T07:45:00+08:00,1782690300000,71.47,71.7,71.31,71.35,109340,109340,7817122.421,1
2026-06-29T08:00:00+08:00,1782691200000,71.35,71.55,70.88,71.39,186085.68,186085.68,13246355.6777,1
2026-06-29T08:15:00+08:00,1782692100000,71.38,71.45,70.68,70.69,166072.47,166072.47,11800774.07,1
2026-06-29T08:30:00+08:00,1782693000000,70.69,71.16,70.3,71.09,272395.41,272395.41,19243647.4231,1
2026-06-29T08:45:00+08:00,1782693900000,71.09,71.67,70.68,71.61,175914.16,175914.16,12537674.6974,1
2026-06-29T09:00:00+08:00,1782694800000,71.62,71.67,71.23,71.33,138803.45,138803.45,9917596.0507,1
2026-06-29T09:15:00+08:00,1782695700000,71.34,71.4,70.94,71.05,131803.7,131803.7,9374131.0685,1
2026-06-29T09:30:00+08:00,1782696600000,71.05,71.65,70.91,71.58,165014.99,165014.99,11774660.3548,1
2026-06-29T09:45:00+08:00,1782697500000,71.58,71.65,71.43,71.44,69983.95,69983.95,5006137.1437,1
2026-06-29T10:00:00+08:00,1782698400000,71.45,71.62,70.45,70.63,240844.67,240844.67,17091535.2538,1
2026-06-29T10:15:00+08:00,1782699300000,70.64,71.83,70.62,71.75,319254.1,319254.1,22753609.4123,1
2026-06-29T10:30:00+08:00,1782700200000,71.76,72.14,71.57,72.07,328529.64,328529.64,23598802.8164,1
2026-06-29T10:45:00+08:00,1782701100000,72.07,72.19,71.95,72.16,132607.16,132607.16,9556283.9291,1
2026-06-29T11:00:00+08:00,1782702000000,72.16,73.3,72.15,72.89,508131.48,508131.48,36985195.5361,1
2026-06-29T11:15:00+08:00,1782702900000,72.89,73.28,72.76,73.15,220273.21,220273.21,16090822.7437,1
2026-06-29T11:30:00+08:00,1782703800000,73.16,73.24,72.63,72.7,166336.66,166336.66,12135519.8439,1
2026-06-29T11:45:00+08:00,1782704700000,72.69,72.88,72.55,72.65,123778.62,123778.62,8999416.6739,1
2026-06-29T12:00:00+08:00,1782705600000,72.64,72.66,72.33,72.38,147658.16,147658.16,10707507.879,1
2026-06-29T12:15:00+08:00,1782706500000,72.38,72.43,72.1,72.35,102315.72,102315.72,7395488.6129,1
2026-06-29T12:30:00+08:00,1782707400000,72.35,72.38,71.74,71.86,141964.12,141964.12,10215514.0499,1
2026-06-29T12:45:00+08:00,1782708300000,71.86,71.88,71.59,71.65,139606.85,139606.85,10012580.1742,1
2026-06-29T13:00:00+08:00,1782709200000,71.65,71.72,70.96,71.21,343531.29,343531.29,24468987.009,1
2026-06-29T13:15:00+08:00,1782710100000,71.22,71.5,71.22,71.41,174933.85,174933.85,12489125.1643,1
2026-06-29T13:30:00+08:00,1782711000000,71.4,71.82,71.24,71.77,128260.53,128260.53,9176068.3932,1
2026-06-29T13:45:00+08:00,1782711900000,71.76,72.31,71.67,72.28,147039.35,147039.35,10587067.9002,1
2026-06-29T14:00:00+08:00,1782712800000,72.28,72.55,72.17,72.46,235666.48,235666.48,17047549.5277,1
2026-06-29T14:15:00+08:00,1782713700000,72.46,73.09,72.39,72.65,349954.47,349954.47,25448589.3996,1
2026-06-29T14:30:00+08:00,1782714600000,72.64,72.73,72.28,72.34,155737.77,155737.77,11285595.7739,1
2026-06-29T14:45:00+08:00,1782715500000,72.34,72.42,72.25,72.35,79379.49,79379.49,5741230.5605,1
2026-06-29T15:00:00+08:00,1782716400000,72.35,72.36,72.03,72.35,103018.92,103018.92,7437373.8069,1
2026-06-29T15:15:00+08:00,1782717300000,72.35,72.58,72.22,72.4,117842.98,117842.98,8533197.9612,1
2026-06-29T15:30:00+08:00,1782718200000,72.39,72.57,72.29,72.34,79018.45,79018.45,5721121.0411,1
2026-06-29T15:45:00+08:00,1782719100000,72.33,72.89,72.26,72.67,123124.62,123124.62,8945856.2028,1
2026-06-29T16:00:00+08:00,1782720000000,72.67,72.93,72.46,72.71,100185.24,100185.24,7283045.3771,1
2026-06-29T16:15:00+08:00,1782720900000,72.72,72.91,72.36,72.43,160165.96,160165.96,11634252.2444,1
2026-06-29T16:30:00+08:00,1782721800000,72.42,72.75,72.33,72.69,120677.17,120677.17,8759541.1554,1
2026-06-29T16:45:00+08:00,1782722700000,72.7,72.97,72.61,72.67,150133.71,150133.71,10926864.5558,1
2026-06-29T17:00:00+08:00,1782723600000,72.67,72.86,72.55,72.84,56776.33,56776.33,4128527.1049,1
2026-06-29T17:15:00+08:00,1782724500000,72.83,73.13,72.56,72.87,232063.48,232063.48,16897500.3379,1
2026-06-29T17:30:00+08:00,1782725400000,72.87,72.95,72.68,72.73,59450.84,59450.84,4328691.4492,1
2026-06-29T17:45:00+08:00,1782726300000,72.73,72.91,72.6,72.88,83467.24,83467.24,6074959.9661,1
2026-06-29T18:00:00+08:00,1782727200000,72.89,73.49,72.89,73.4,264411.79,264411.79,19364471.118,1
2026-06-29T18:15:00+08:00,1782728100000,73.4,73.63,73.29,73.37,141204.84,141204.84,10372602.8793,1
2026-06-29T18:30:00+08:00,1782729000000,73.37,73.39,73.08,73.19,151270.09,151270.09,11073926.0882,1
2026-06-29T18:45:00+08:00,1782729900000,73.19,73.31,73.14,73.18,90389,90389,6618326.3117,1
2026-06-29T19:00:00+08:00,1782730800000,73.19,73.22,72.57,72.59,212231.64,212231.64,15452290.2369,1
2026-06-29T19:15:00+08:00,1782731700000,72.59,72.71,72.4,72.69,164915.62,164915.62,11963490.0544,1
2026-06-29T19:30:00+08:00,1782732600000,72.69,73.16,72.33,72.39,293113.28,293113.28,21311663.8375,1
2026-06-29T19:45:00+08:00,1782733500000,72.39,72.53,72.19,72.49,162785.31,162785.31,11774779.0371,1
2026-06-29T20:00:00+08:00,1782734400000,72.49,74.15,72.08,73.93,823538.64,823538.64,60328980.1417,1
2026-06-29T20:15:00+08:00,1782735300000,73.92,74.1,73.63,73.98,308978.2,308978.2,22827180.5356,1
2026-06-29T20:30:00+08:00,1782736200000,73.97,74.51,73.16,73.35,599900.43,599900.43,44291796.5019,1
2026-06-29T20:45:00+08:00,1782737100000,73.36,73.61,73.02,73.47,219891.24,219891.24,16135352.6867,1
2026-06-29T21:00:00+08:00,1782738000000,73.47,74.3,73.46,74.11,305604.79,305604.79,22582061.1009,1
2026-06-29T21:15:00+08:00,1782738900000,74.12,74.3,73.53,73.53,229213.91,229213.91,16948332.1463,1
2026-06-29T21:30:00+08:00,1782739800000,73.52,74.13,72.85,72.91,568015.55,568015.55,41711279.8796,1
2026-06-29T21:45:00+08:00,1782740700000,72.9,73.73,72.73,73.69,654476.76,654476.76,47831569.3197,1
2026-06-29T22:00:00+08:00,1782741600000,73.69,73.96,72.45,72.49,589291.5,589291.5,43058383.0335,1
2026-06-29T22:15:00+08:00,1782742500000,72.5,73.31,72.28,73.16,496716.61,496716.61,36108207.1065,1
2026-06-29T22:30:00+08:00,1782743400000,73.17,73.61,72.88,72.99,240825.54,240825.54,17648431.0964,1
2026-06-29T22:45:00+08:00,1782744300000,73,73.86,72.87,73.7,324082.82,324082.82,23821401.1799,1
2026-06-29T23:00:00+08:00,1782745200000,73.71,73.73,72.75,73.2,269532.28,269532.28,19714931.89,1
2026-06-29T23:15:00+08:00,1782746100000,73.21,73.96,73.12,73.91,278065.09,278065.09,20451431.6507,1
2026-06-29T23:30:00+08:00,1782747000000,73.92,74.41,73.75,73.99,503090.48,503090.48,37294579.8363,1
2026-06-29T23:45:00+08:00,1782747900000,73.98,74.19,73.76,73.87,188726.55,188726.55,13959386.2647,1
2026-06-30T00:00:00+08:00,1782748800000,73.87,74.04,73.47,73.54,201529.35,201529.35,14864223.8613,1
2026-06-30T00:15:00+08:00,1782749700000,73.54,73.73,72.86,72.92,254570.2,254570.2,18635257.3531,1
2026-06-30T00:30:00+08:00,1782750600000,72.92,73.77,72.92,73.72,310939.9,310939.9,22808748.2596,1
2026-06-30T00:45:00+08:00,1782751500000,73.73,74.14,73.62,74,420349.52,420349.52,31082770.6574,1
2026-06-30T01:00:00+08:00,1782752400000,74,75.49,73.97,75.23,755069.99,755069.99,56442994.3353,1
2026-06-30T01:15:00+08:00,1782753300000,75.23,76.45,75,75.87,1173326.54,1173326.54,88937105.7198,1
2026-06-30T01:30:00+08:00,1782754200000,75.87,76.13,75.49,75.72,296378.61,296378.61,22443619.413,1
2026-06-30T01:45:00+08:00,1782755100000,75.71,75.84,75.22,75.27,184292.32,184292.32,13904964.0988,1
2026-06-30T02:00:00+08:00,1782756000000,75.27,75.8,75.1,75.6,228413.88,228413.88,17236488.0981,1
2026-06-30T02:15:00+08:00,1782756900000,75.6,75.67,75.16,75.19,106184.29,106184.29,8009014.8647,1
2026-06-30T02:30:00+08:00,1782757800000,75.2,75.73,75.13,75.69,104467.45,104467.45,7885380.8191,1
2026-06-30T02:45:00+08:00,1782758700000,75.69,75.72,75.36,75.57,60252.23,60252.23,4549146.7672,1
2026-06-30T03:00:00+08:00,1782759600000,75.56,75.79,75.38,75.45,95727.52,95727.52,7233381.8577,1
2026-06-30T03:15:00+08:00,1782760500000,75.46,76.17,75.42,76,212555.51,212555.51,16131277.7818,1
2026-06-30T03:30:00+08:00,1782761400000,76.01,76.03,75.63,75.95,62310.87,62310.87,4725870.5664,1
2026-06-30T03:45:00+08:00,1782762300000,75.95,76.2,75.83,75.94,105586.26,105586.26,8023684.8643,1
2026-06-30T04:00:00+08:00,1782763200000,75.94,75.97,75.55,75.7,74778.84,74778.84,5665396.2556,1
2026-06-30T04:15:00+08:00,1782764100000,75.7,75.71,75.45,75.49,53286.9,53286.9,4026193.5349,1
2026-06-30T04:30:00+08:00,1782765000000,75.49,75.67,75.34,75.39,82121.5,82121.5,6198770.7658,1
2026-06-30T04:45:00+08:00,1782765900000,75.39,75.49,75.23,75.34,84757.39,84757.39,6386663.2981,1
2026-06-30T05:00:00+08:00,1782766800000,75.33,75.66,75.19,75.5,107016.49,107016.49,8068523.4145,1
2026-06-30T05:15:00+08:00,1782767700000,75.5,75.57,75.4,75.4,20915.52,20915.52,1578630.2246,1
2026-06-30T05:30:00+08:00,1782768600000,75.4,75.75,75.4,75.59,56485.26,56485.26,4270456.1952,1
2026-06-30T05:45:00+08:00,1782769500000,75.59,75.68,75.41,75.49,35099.74,35099.74,2651781.8608,1
2026-06-30T06:00:00+08:00,1782770400000,75.48,75.61,75.4,75.55,60236.27,60236.27,4548412.8395,1
2026-06-30T06:15:00+08:00,1782771300000,75.55,75.62,75.25,75.35,53192.83,53192.83,4010524.3436,1
2026-06-30T06:30:00+08:00,1782772200000,75.35,75.38,75.14,75.3,59875.2,59875.2,4503931.7495,1
2026-06-30T06:45:00+08:00,1782773100000,75.3,75.45,75.03,75.24,84427.67,84427.67,6348562.2837,1
2026-06-30T07:00:00+08:00,1782774000000,75.24,75.4,75.22,75.33,31910.94,31910.94,2403592.7724,1
2026-06-30T07:15:00+08:00,1782774900000,75.34,75.35,75.03,75.16,49923.83,49923.83,3753208.0821,1
2026-06-30T07:30:00+08:00,1782775800000,75.16,75.16,74.86,74.99,105240.81,105240.81,7890344.0613,1
2026-06-30T07:45:00+08:00,1782776700000,74.99,75.24,74.98,75.13,85634.95,85634.95,6429871.8201,1
2026-06-30T08:00:00+08:00,1782777600000,75.12,75.19,74.88,74.96,67328.18,67328.18,5052280.8895,1
2026-06-30T08:15:00+08:00,1782778500000,74.97,75.05,74.55,74.59,92237.01,92237.01,6895802.6192,1
2026-06-30T08:30:00+08:00,1782779400000,74.6,74.62,74.07,74.34,404296.64,404296.64,30056498.678,1
2026-06-30T08:45:00+08:00,1782780300000,74.34,74.61,74.27,74.37,187349.97,187349.97,13942654.2521,1
2026-06-30T09:00:00+08:00,1782781200000,74.38,74.43,74.02,74.19,112751.45,112751.45,8366017.9338,1
2026-06-30T09:15:00+08:00,1782782100000,74.18,74.63,74.15,74.62,213357.24,213357.24,15876159.187,1
2026-06-30T09:30:00+08:00,1782783000000,74.62,74.62,74.16,74.26,107043.66,107043.66,7960741.1481,1
2026-06-30T09:45:00+08:00,1782783900000,74.26,74.4,74.22,74.38,45955.32,45955.32,3416096.3541,1
2026-06-30T10:00:00+08:00,1782784800000,74.38,74.38,73.98,74.06,81541.11,81541.11,6043441.6391,1
2026-06-30T10:15:00+08:00,1782785700000,74.06,74.32,74.03,74.31,41368.31,41368.31,3067526.5404,1
2026-06-30T10:30:00+08:00,1782786600000,74.31,74.53,74.16,74.52,64743.48,64743.48,4814657.5231,1
2026-06-30T10:45:00+08:00,1782787500000,74.53,74.8,74.52,74.56,92956.26,92956.26,6939147.1382,1
2026-06-30T11:00:00+08:00,1782788400000,74.56,74.72,74.53,74.63,35169.27,35169.27,2624572.0285,1
2026-06-30T11:15:00+08:00,1782789300000,74.63,74.85,74.48,74.57,101249.8,101249.8,7562580.7342,1
2026-06-30T11:30:00+08:00,1782790200000,74.57,74.6,74.3,74.41,67055.03,67055.03,4990803.8696,1
2026-06-30T11:45:00+08:00,1782791100000,74.42,74.42,74.09,74.14,77618.01,77618.01,5760900.0439,1
2026-06-30T12:00:00+08:00,1782792000000,74.15,74.22,73.73,74.09,372958.82,372958.82,27598228.9155,1
2026-06-30T12:15:00+08:00,1782792900000,74.1,74.15,73.65,73.92,204837.12,204837.12,15124241.7083,1
2026-06-30T12:30:00+08:00,1782793800000,73.92,74.15,73.92,74.03,65654.53,65654.53,4859530.7925,1
2026-06-30T12:45:00+08:00,1782794700000,74.04,74.06,73.94,74,54198.34,54198.34,4010910.7188,1
2026-06-30T13:00:00+08:00,1782795600000,74.01,74.13,73.9,74.02,42240.84,42240.84,3127445.4216,1
2026-06-30T13:15:00+08:00,1782796500000,74.02,74.07,73.82,73.94,58664.18,58664.18,4337513.156,1
2026-06-30T13:30:00+08:00,1782797400000,73.94,74.17,73.81,74.08,60162.3,60162.3,4451408.8667,1
2026-06-30T13:45:00+08:00,1782798300000,74.08,74.2,74.06,74.2,50765.23,50765.23,3763748.775,1
2026-06-30T14:00:00+08:00,1782799200000,74.19,74.23,73.97,74,37597.57,37597.57,2784554.1921,1
2026-06-30T14:15:00+08:00,1782800100000,74,74.22,73.85,74.2,83833.19,83833.19,6202542.001,1
2026-06-30T14:30:00+08:00,1782801000000,74.2,74.23,73.99,74.04,35044.85,35044.85,2596734.0683,1
2026-06-30T14:45:00+08:00,1782801900000,74.04,74.17,74.02,74.12,40582.1,40582.1,3006942.382,1
2026-06-30T15:00:00+08:00,1782802800000,74.12,74.2,73.81,73.93,103057.63,103057.63,7628868.6694,1
2026-06-30T15:15:00+08:00,1782803700000,73.93,74,73.85,73.87,41977.31,41977.31,3102562.4015,1
2026-06-30T15:30:00+08:00,1782804600000,73.88,74.04,73.87,74,56296.28,56296.28,4165586.2855,1
2026-06-30T15:45:00+08:00,1782805500000,73.99,74.16,73.95,74.12,162556.68,162556.68,12042119.6278,1
2026-06-30T16:00:00+08:00,1782806400000,74.11,74.18,73.87,73.87,90981.97,90981.97,6732714.2895,1
2026-06-30T16:15:00+08:00,1782807300000,73.87,74,73.79,73.97,51453.16,51453.16,3802559.2044,1
2026-06-30T16:30:00+08:00,1782808200000,73.96,74,73.34,73.52,331034.2,331034.2,24340917.6489,1
2026-06-30T16:45:00+08:00,1782809100000,73.53,73.64,73.27,73.58,318149.33,318149.33,23352134.4542,1
2026-06-30T17:00:00+08:00,1782810000000,73.59,73.78,73.54,73.78,124158.47,124158.47,9146401.4839,1
2026-06-30T17:15:00+08:00,1782810900000,73.78,73.8,73.56,73.58,79981.41,79981.41,5890143.6835,1
2026-06-30T17:30:00+08:00,1782811800000,73.59,73.75,73.49,73.7,58901.06,58901.06,4338048.6041,1
2026-06-30T17:45:00+08:00,1782812700000,73.7,73.84,73.68,73.76,62864.21,62864.21,4636816.42,1
2026-06-30T18:00:00+08:00,1782813600000,73.76,73.86,73.59,73.72,34004.98,34004.98,2507153.8132,1
2026-06-30T18:15:00+08:00,1782814500000,73.73,73.8,73.59,73.63,41142.65,41142.65,3031745.446,1
2026-06-30T18:30:00+08:00,1782815400000,73.62,73.64,73.44,73.59,73858.11,73858.11,5432802.5086,1
2026-06-30T18:45:00+08:00,1782816300000,73.6,73.78,73.54,73.65,38013.46,38013.46,2800503.8694,1
2026-06-30T19:00:00+08:00,1782817200000,73.65,73.74,73.59,73.66,23417.13,23417.13,1724882.9092,1
2026-06-30T19:15:00+08:00,1782818100000,73.66,73.69,73.35,73.42,77631.33,77631.33,5700542.6731,1
2026-06-30T19:30:00+08:00,1782819000000,73.42,73.54,73.28,73.5,130459.26,130459.26,9576622.7082,1
2026-06-30T19:45:00+08:00,1782819900000,73.5,73.69,73.28,73.35,107377.12,107377.12,7891031.8062,1
2026-06-30T20:00:00+08:00,1782820800000,73.35,73.38,72.89,72.93,204778.26,204778.26,14969371.1693,1
2026-06-30T20:15:00+08:00,1782821700000,72.93,73.01,72.54,72.64,277319.13,277319.13,20172821.5585,1
2026-06-30T20:30:00+08:00,1782822600000,72.63,72.71,72.36,72.46,187747.5,187747.5,13612968.4285,1
2026-06-30T20:45:00+08:00,1782823500000,72.47,72.51,72.01,72.05,288719.57,288719.57,20853277.7684,1
2026-06-30T21:00:00+08:00,1782824400000,72.05,72.47,71.86,72.36,413381,413381,29850238.1033,1
2026-06-30T21:15:00+08:00,1782825300000,72.37,72.55,72.34,72.48,165265.86,165265.86,11979109.672,1
2026-06-30T21:30:00+08:00,1782826200000,72.48,72.8,71.96,72.44,491251.53,491251.53,35528518.1158,1
2026-06-30T21:45:00+08:00,1782827100000,72.44,72.9,72.27,72.84,224828.51,224828.51,16332493.9568,1
2026-06-30T22:00:00+08:00,1782828000000,72.84,73.57,72.73,73.33,404817.67,404817.67,29675998.0364,1
2026-06-30T22:15:00+08:00,1782828900000,73.33,73.76,73.21,73.75,213655.68,213655.68,15708613.3424,1
2026-06-30T22:30:00+08:00,1782829800000,73.74,73.88,73.06,73.58,265705.33,265705.33,19522738.6139,1
2026-06-30T22:45:00+08:00,1782830700000,73.59,73.59,72.69,72.91,204242.27,204242.27,14909890.754,1
2026-06-30T23:00:00+08:00,1782831600000,72.92,73.14,72.54,72.97,246165.95,246165.95,17921634.4021,1
2026-06-30T23:15:00+08:00,1782832500000,72.96,73.4,72.61,73.18,331445.06,331445.06,24188564.2134,1
2026-06-30T23:30:00+08:00,1782833400000,73.18,73.48,72.99,73.28,155515.13,155515.13,11388427.9955,1
2026-06-30T23:45:00+08:00,1782834300000,73.28,74.18,73.05,73.1,514426.42,514426.42,37911850.8218,1
2026-07-01T00:00:00+08:00,1782835200000,73.1,73.62,72.8,72.88,329737.77,329737.77,24147871.4831,1
2026-07-01T00:15:00+08:00,1782836100000,72.87,73.02,72.69,72.77,177558.34,177558.34,12931955.6301,1
2026-07-01T00:30:00+08:00,1782837000000,72.78,73.28,72.72,73.04,94583.77,94583.77,6901479.314,1
2026-07-01T00:45:00+08:00,1782837900000,73.05,73.74,73.04,73.48,214406.01,214406.01,15756611.8786,1
2026-07-01T01:00:00+08:00,1782838800000,73.48,73.89,73.42,73.45,151687.93,151687.93,11179725.9462,1
2026-07-01T01:15:00+08:00,1782839700000,73.45,73.59,73.31,73.41,79124.18,79124.18,5811848.4772,1
2026-07-01T01:30:00+08:00,1782840600000,73.41,73.54,73.3,73.31,60342.44,60342.44,4428979.3061,1
2026-07-01T01:45:00+08:00,1782841500000,73.31,73.51,73.13,73.15,75429.87,75429.87,5530340.2022,1
2026-07-01T02:00:00+08:00,1782842400000,73.16,73.33,73.06,73.29,99674.01,99674.01,7295217.1409,1
2026-07-01T02:15:00+08:00,1782843300000,73.29,73.77,73.18,73.39,98397.71,98397.71,7228645.355,1
2026-07-01T02:30:00+08:00,1782844200000,73.39,73.42,72.91,73.25,106884.62,106884.62,7813422.1257,1
2026-07-01T02:45:00+08:00,1782845100000,73.25,73.68,73.24,73.55,88765.96,88765.96,6527859.4866,1
2026-07-01T03:00:00+08:00,1782846000000,73.55,73.72,73.42,73.54,60213.57,60213.57,4429002.3251,1
2026-07-01T03:15:00+08:00,1782846900000,73.54,73.54,73.31,73.53,45928.98,45928.98,3373572.5734,1
2026-07-01T03:30:00+08:00,1782847800000,73.52,73.95,73.48,73.78,126241.11,126241.11,9310405.6834,1
2026-07-01T03:45:00+08:00,1782848700000,73.78,73.79,73.49,73.71,108320.43,108320.43,7975566.2005,1
2026-07-01T04:00:00+08:00,1782849600000,73.7,73.91,73.6,73.83,72622.09,72622.09,5358846.8525,1
2026-07-01T04:15:00+08:00,1782850500000,73.83,73.83,73.53,73.68,56859.79,56859.79,4188444.4749,1
2026-07-01T04:30:00+08:00,1782851400000,73.67,73.75,73.49,73.57,32112.62,32112.62,2363787.8748,1
2026-07-01T04:45:00+08:00,1782852300000,73.57,73.89,73.54,73.66,54427.22,54427.22,4013390.721,1
2026-07-01T05:00:00+08:00,1782853200000,73.65,73.76,73.16,73.27,98895.1,98895.1,7257427.2348,1
2026-07-01T05:15:00+08:00,1782854100000,73.27,73.44,73.19,73.27,45008.37,45008.37,3299906.3117,1
2026-07-01T05:30:00+08:00,1782855000000,73.27,73.46,73.27,73.34,24227.98,24227.98,1778213.8177,1
2026-07-01T05:45:00+08:00,1782855900000,73.34,73.46,73.25,73.46,32386.38,32386.38,2375498.8498,1
2026-07-01T06:00:00+08:00,1782856800000,73.47,73.68,73.43,73.61,36785.87,36785.87,2705709.8584,1
2026-07-01T06:15:00+08:00,1782857700000,73.6,73.72,73.47,73.5,24007.72,24007.72,1767164.3232,1
2026-07-01T06:30:00+08:00,1782858600000,73.5,73.5,73.23,73.41,70347.94,70347.94,5159676.9945,1
2026-07-01T06:45:00+08:00,1782859500000,73.42,73.43,73.32,73.39,28745.76,28745.76,2108737.4682,1
2026-07-01T07:00:00+08:00,1782860400000,73.39,73.44,73.28,73.33,20637.71,20637.71,1513791.9016,1
2026-07-01T07:15:00+08:00,1782861300000,73.33,73.63,73.32,73.53,34124.61,34124.61,2507638.3481,1
2026-07-01T07:30:00+08:00,1782862200000,73.53,73.67,73.46,73.56,17804.34,17804.34,1309448.3882,1
2026-07-01T07:45:00+08:00,1782863100000,73.55,73.67,73.53,73.63,22653.52,22653.52,1667503.0534,1
2026-07-01T08:00:00+08:00,1782864000000,73.63,73.71,73.52,73.69,38401.76,38401.76,2828072.4748,1
2026-07-01T08:15:00+08:00,1782864900000,73.7,73.8,73.32,73.48,101783.17,101783.17,7479882.998,1
2026-07-01T08:30:00+08:00,1782865800000,73.47,73.87,73.47,73.58,87416.49,87416.49,6442556.5468,1
2026-07-01T08:45:00+08:00,1782866700000,73.59,73.8,73.53,73.6,48757.82,48757.82,3590756.0367,1
2026-07-01T09:00:00+08:00,1782867600000,73.6,73.63,72.19,72.83,529796.82,529796.82,38516773.7792,1
2026-07-01T09:15:00+08:00,1782868500000,72.83,73.45,72.67,73.21,318870.77,318870.77,23302279.7681,1
2026-07-01T09:30:00+08:00,1782869400000,73.21,74.33,73.18,74.15,365480.62,365480.62,27007229.1428,1
2026-07-01T09:45:00+08:00,1782870300000,74.15,74.27,73.74,73.9,215226.52,215226.52,15914624.6801,1
2026-07-01T10:00:00+08:00,1782871200000,73.9,74.23,73.73,74.1,132642.82,132642.82,9811530.4934,1
2026-07-01T10:15:00+08:00,1782872100000,74.1,74.56,74.04,74.45,212511.95,212511.95,15804564.4702,1
2026-07-01T10:30:00+08:00,1782873000000,74.46,74.98,74.4,74.95,330440.32,330440.32,24704503.5519,1
2026-07-01T10:45:00+08:00,1782873900000,74.95,74.98,74.65,74.73,189694.75,189694.75,14187362.0854,1
2026-07-01T11:00:00+08:00,1782874800000,74.74,74.87,74.53,74.61,110543.16,110543.16,8255228.3953,1
2026-07-01T11:15:00+08:00,1782875700000,74.61,74.62,74.31,74.5,115870.36,115870.36,8625945.4339,1
2026-07-01T11:30:00+08:00,1782876600000,74.51,75.19,74.37,74.77,185706.7,185706.7,13911653.5684,1
2026-07-01T11:45:00+08:00,1782877500000,74.76,75.65,74.76,75.44,458727.17,458727.17,34558108.7792,1
2026-07-01T12:00:00+08:00,1782878400000,75.44,75.6,75.29,75.32,187138.38,187138.38,14118504.2632,1
2026-07-01T12:15:00+08:00,1782879300000,75.33,75.43,75.19,75.39,104399.32,104399.32,7863810.3064,1
2026-07-01T12:30:00+08:00,1782880200000,75.38,75.76,75.31,75.54,178120.53,178120.53,13449910.1358,1
2026-07-01T12:45:00+08:00,1782881100000,75.53,75.83,75.48,75.51,145407.67,145407.67,11000655.4625,1
2026-07-01T13:00:00+08:00,1782882000000,75.51,75.75,75.36,75.44,118854.73,118854.73,8975082.3942,1
2026-07-01T13:15:00+08:00,1782882900000,75.45,75.6,75.11,75.14,141171.93,141171.93,10633160.9402,1
2026-07-01T13:30:00+08:00,1782883800000,75.14,75.36,75.1,75.31,107632.44,107632.44,8096704.49,1
2026-07-01T13:45:00+08:00,1782884700000,75.31,75.37,75.11,75.21,85173.95,85173.95,6406106.4235,1
2026-07-01T14:00:00+08:00,1782885600000,75.21,75.23,74.88,74.98,147738.69,147738.69,11080960.2417,1
2026-07-01T14:15:00+08:00,1782886500000,74.98,75.03,74.53,74.71,244800,244800,18295777.441,1
2026-07-01T14:30:00+08:00,1782887400000,74.71,74.75,73.91,74.22,402534.61,402534.61,29877134.2251,1
2026-07-01T14:45:00+08:00,1782888300000,74.23,74.33,73.97,74.28,171622.8,171622.8,12728050.3224,1
2026-07-01T15:00:00+08:00,1782889200000,74.29,74.41,74.06,74.4,101179.28,101179.28,7512245.0894,1
2026-07-01T15:15:00+08:00,1782890100000,74.4,74.78,74.21,74.55,187384.66,187384.66,13960906.6743,1
2026-07-01T15:30:00+08:00,1782891000000,74.54,74.92,74.37,74.68,182739.79,182739.79,13646723.0846,1
2026-07-01T15:45:00+08:00,1782891900000,74.68,74.93,74.6,74.84,88054.85,88054.85,6585014.5759,1
2026-07-01T16:00:00+08:00,1782892800000,74.84,75.04,74.6,74.8,172973.29,172973.29,12950199.0661,1
2026-07-01T16:15:00+08:00,1782893700000,74.8,74.89,74.48,74.62,105416.69,105416.69,7872533.4648,1
2026-07-01T16:30:00+08:00,1782894600000,74.62,74.84,74.42,74.82,116481.99,116481.99,8696443.0397,1
2026-07-01T16:45:00+08:00,1782895500000,74.82,75.49,74.64,75.41,200450.01,200450.01,15066094.3496,1
2026-07-01T17:00:00+08:00,1782896400000,75.42,75.42,75.1,75.13,141890.22,141890.22,10675390.3647,1
2026-07-01T17:15:00+08:00,1782897300000,75.13,75.38,75.03,75.14,106776.7,106776.7,8024270.8842,1
2026-07-01T17:30:00+08:00,1782898200000,75.14,75.32,75.06,75.15,88827.01,88827.01,6680091.6655,1
2026-07-01T17:45:00+08:00,1782899100000,75.16,75.55,75.04,75.43,204401.58,204401.58,15392404.188,1
2026-07-01T18:00:00+08:00,1782900000000,75.42,75.53,75.23,75.27,177501.68,177501.68,13377451.1799,1
2026-07-01T18:15:00+08:00,1782900900000,75.28,75.49,75.1,75.31,129479.08,129479.08,9747759.4539,1
2026-07-01T18:30:00+08:00,1782901800000,75.31,75.35,74.98,75.02,88663.24,88663.24,6661143.3503,1
2026-07-01T18:45:00+08:00,1782902700000,75.03,75.19,74.93,74.94,69854.7,69854.7,5244539.731,1
2026-07-01T19:00:00+08:00,1782903600000,74.95,75.12,74.63,75.1,210569.3,210569.3,15760807.722,1
2026-07-01T19:15:00+08:00,1782904500000,75.09,75.29,74.97,74.99,73191.59,73191.59,5498491.4909,1
2026-07-01T19:30:00+08:00,1782905400000,74.99,75.07,74.78,74.93,105546.74,105546.74,7904261.5849,1
2026-07-01T19:45:00+08:00,1782906300000,74.93,74.99,74.59,74.79,121752.23,121752.23,9103647.7921,1
2026-07-01T20:00:00+08:00,1782907200000,74.79,74.93,74.33,74.44,216013.89,216013.89,16110141.6022,1
2026-07-01T20:15:00+08:00,1782908100000,74.44,74.64,74.44,74.55,93516.22,93516.22,6972043.6663,1
2026-07-01T20:30:00+08:00,1782909000000,74.55,74.67,74.31,74.46,140506.23,140506.23,10460058.5342,1
2026-07-01T20:45:00+08:00,1782909900000,74.46,74.59,74.22,74.56,157696.87,157696.87,11736842.2713,1
2026-07-01T21:00:00+08:00,1782910800000,74.57,75,74.56,74.89,285355.3,285355.3,21352610.9774,1
2026-07-01T21:15:00+08:00,1782911700000,74.9,75.39,74.81,75.31,315003.18,315003.18,23664587.2355,1
2026-07-01T21:30:00+08:00,1782912600000,75.31,75.67,74.61,75.46,635802.23,635802.23,47834904.8345,1
2026-07-01T21:45:00+08:00,1782913500000,75.46,76.16,75.29,76,557624.93,557624.93,42280934.3902,1
2026-07-01T22:00:00+08:00,1782914400000,75.99,76.28,75.6,76.25,391738.03,391738.03,29752336.6324,1
2026-07-01T22:15:00+08:00,1782915300000,76.25,77.23,76.18,76.63,810978.28,810978.28,62290052.7442,1
2026-07-01T22:30:00+08:00,1782916200000,76.64,76.99,76.31,76.83,343675.21,343675.21,26353842.4148,1
2026-07-01T22:45:00+08:00,1782917100000,76.83,77.11,76.36,76.92,254776.65,254776.65,19572610.2074,1
2026-07-01T23:00:00+08:00,1782918000000,76.92,77.42,76.81,76.96,335678.73,335678.73,25894231.5061,1
2026-07-01T23:15:00+08:00,1782918900000,76.97,77.76,76.78,77.49,578407.21,578407.21,44753961.0122,1
2026-07-01T23:30:00+08:00,1782919800000,77.49,77.59,77.11,77.39,224567.24,224567.24,17358624.8898,1
2026-07-01T23:45:00+08:00,1782920700000,77.4,77.46,77.06,77.39,178355.99,178355.99,13775396.3354,1
2026-07-02T00:00:00+08:00,1782921600000,77.39,77.48,77.14,77.25,177947.42,177947.42,13759075.31,1
2026-07-02T00:15:00+08:00,1782922500000,77.25,78.23,77.23,77.72,525170.97,525170.97,40810697.6917,1
2026-07-02T00:30:00+08:00,1782923400000,77.72,77.78,77.43,77.61,218586.25,218586.25,16959785.6206,1
2026-07-02T00:45:00+08:00,1782924300000,77.62,77.62,76.83,77.13,257639.82,257639.82,19881358.18,1
2026-07-02T01:00:00+08:00,1782925200000,77.12,77.2,76.79,77.19,147820.62,147820.62,11385491.8573,1
2026-07-02T01:15:00+08:00,1782926100000,77.19,77.91,77.14,77.68,281056.74,281056.74,21806112.7301,1
2026-07-02T01:30:00+08:00,1782927000000,77.68,77.88,77.55,77.61,140744.63,140744.63,10936143.7894,1
2026-07-02T01:45:00+08:00,1782927900000,77.62,77.85,77.61,77.72,69902.88,69902.88,5434836.1368,1
2026-07-02T02:00:00+08:00,1782928800000,77.72,77.88,77.47,77.71,145919.11,145919.11,11337005.0628,1
2026-07-02T02:15:00+08:00,1782929700000,77.72,77.83,77.5,77.57,66381.14,66381.14,5151916.1246,1
2026-07-02T02:30:00+08:00,1782930600000,77.57,77.74,77.29,77.71,99219.2,99219.2,7697675.1714,1
2026-07-02T02:45:00+08:00,1782931500000,77.7,77.73,77.25,77.38,106775.94,106775.94,8263940.9018,1
2026-07-02T03:00:00+08:00,1782932400000,77.37,77.64,77.35,77.48,52884.76,52884.76,4098968.5212,1
2026-07-02T03:15:00+08:00,1782933300000,77.48,77.57,77.13,77.19,70184.54,70184.54,5427935.137,1
2026-07-02T03:30:00+08:00,1782934200000,77.2,77.37,77.15,77.29,94986.39,94986.39,7337884.5558,1
2026-07-02T03:45:00+08:00,1782935100000,77.3,77.3,76.76,76.97,162923.2,162923.2,12540973.2341,1
2026-07-02T04:00:00+08:00,1782936000000,76.96,77,76.65,76.81,117754.83,117754.83,9039991.2996,1
2026-07-02T04:15:00+08:00,1782936900000,76.81,76.88,76.56,76.84,153368.99,153368.99,11758116.4399,1
2026-07-02T04:30:00+08:00,1782937800000,76.84,77.28,76.79,77.19,176941.45,176941.45,13633280.8609,1
2026-07-02T04:45:00+08:00,1782938700000,77.2,77.47,77.2,77.38,111534.5,111534.5,8625651.8509,1
2026-07-02T05:00:00+08:00,1782939600000,77.38,78.26,77.38,77.84,262756.71,262756.71,20451668.9622,1
2026-07-02T05:15:00+08:00,1782940500000,77.84,77.89,77.64,77.79,78712.43,78712.43,6121778.7953,1
2026-07-02T05:30:00+08:00,1782941400000,77.79,78.64,77.77,78.16,280360.37,280360.37,21943471.0743,1
2026-07-02T05:45:00+08:00,1782942300000,78.16,78.65,78.1,78.36,177998.08,177998.08,13956000.1757,1
2026-07-02T06:00:00+08:00,1782943200000,78.35,78.36,78.16,78.25,67627.21,67627.21,5292871.786,1
2026-07-02T06:15:00+08:00,1782944100000,78.24,78.92,78.17,78.19,376298.07,376298.07,29586086.1322,1
2026-07-02T06:30:00+08:00,1782945000000,78.19,78.37,77.97,77.99,154020.66,154020.66,12035781.9384,1
2026-07-02T06:45:00+08:00,1782945900000,78,78.02,77.72,77.82,134941.76,134941.76,10505790.7296,1
2026-07-02T07:00:00+08:00,1782946800000,77.82,77.84,77.44,77.49,205324.18,205324.18,15937313.8036,1
2026-07-02T07:15:00+08:00,1782947700000,77.5,77.69,77.34,77.65,110208.05,110208.05,8545768.4286,1
2026-07-02T07:30:00+08:00,1782948600000,77.64,77.75,77.42,77.48,155452.39,155452.39,12053582.789,1
2026-07-02T07:45:00+08:00,1782949500000,77.48,77.58,77.21,77.41,128609.6,128609.6,9953118.1546,1
2026-07-02T08:00:00+08:00,1782950400000,77.42,77.43,77.08,77.27,180845.15,180845.15,13974009.875,1
2026-07-02T08:15:00+08:00,1782951300000,77.28,77.34,77.05,77.15,97653.55,97653.55,7535579.3381,1
2026-07-02T08:30:00+08:00,1782952200000,77.15,77.18,76.86,76.95,108487.69,108487.69,8353359.7114,1
2026-07-02T08:45:00+08:00,1782953100000,76.95,77.33,76.94,77.23,124492.97,124492.97,9608891.6274,1
2026-07-02T09:00:00+08:00,1782954000000,77.23,77.62,77.18,77.58,97340.62,97340.62,7535634.6771,1
2026-07-02T09:15:00+08:00,1782954900000,77.57,77.92,77.5,77.91,106943.79,106943.79,8312396.7316,1
2026-07-02T09:30:00+08:00,1782955800000,77.92,78.67,77.92,78.29,267343.66,267343.66,20922086.1846,1
2026-07-02T09:45:00+08:00,1782956700000,78.28,78.36,77.94,78.15,157405.06,157405.06,12296854.6864,1
2026-07-02T10:00:00+08:00,1782957600000,78.15,78.15,77.76,78.01,109984.15,109984.15,8575296.4964,1
2026-07-02T10:15:00+08:00,1782958500000,78,78.2,78,78.14,83391.8,83391.8,6514774.7114,1
2026-07-02T10:30:00+08:00,1782959400000,78.14,78.48,78.06,78.46,93279.61,93279.61,7306672.9466,1
2026-07-02T10:45:00+08:00,1782960300000,78.45,78.56,78.26,78.39,86753.65,86753.65,6802385.4489,1
2026-07-02T11:00:00+08:00,1782961200000,78.39,78.51,78.31,78.39,65837.74,65837.74,5162391.3457,1
2026-07-02T11:15:00+08:00,1782962100000,78.39,78.7,77.9,78.42,367421.1,367421.1,28737187.851,1
2026-07-02T11:30:00+08:00,1782963000000,78.41,78.6,78.19,78.49,154717.47,154717.47,12133929.0314,1
2026-07-02T11:45:00+08:00,1782963900000,78.49,78.94,78.33,78.67,274532.38,274532.38,21607302.9194,1
2026-07-02T12:00:00+08:00,1782964800000,78.66,78.68,78.31,78.45,135901.42,135901.42,10666253.4486,1
2026-07-02T12:15:00+08:00,1782965700000,78.45,78.46,78.2,78.25,114307.9,114307.9,8950209.4529,1
2026-07-02T12:30:00+08:00,1782966600000,78.25,78.25,78,78.16,111545.34,111545.34,8712080.205,1
2026-07-02T12:45:00+08:00,1782967500000,78.16,78.37,78.1,78.24,65502.14,65502.14,5125782.1583,1
2026-07-02T13:00:00+08:00,1782968400000,78.23,78.31,78.04,78.25,50385.54,50385.54,3939272.8023,1
2026-07-02T13:15:00+08:00,1782969300000,78.25,78.29,77.99,78.01,50717.03,50717.03,3962193.1245,1
2026-07-02T13:30:00+08:00,1782970200000,78.01,78.09,77.73,77.79,114151.29,114151.29,8890712.1905,1
2026-07-02T13:45:00+08:00,1782971100000,77.8,78.09,77.76,78.07,119776.14,119776.14,9330960.8467,1
2026-07-02T14:00:00+08:00,1782972000000,78.07,78.15,77.88,78.02,155453.14,155453.14,12127719.7216,1
2026-07-02T14:15:00+08:00,1782972900000,78.02,78.36,77.99,78.2,121131.02,121131.02,9474634.9559,1
2026-07-02T14:30:00+08:00,1782973800000,78.19,78.6,78.04,78.09,173404.22,173404.22,13584956.7518,1
2026-07-02T14:45:00+08:00,1782974700000,78.09,78.14,77.71,77.87,180753.22,180753.22,14079718.4293,1
2026-07-02T15:00:00+08:00,1782975600000,77.86,77.93,77.63,77.75,113469.92,113469.92,8826359.3531,1
2026-07-02T15:15:00+08:00,1782976500000,77.75,77.92,77.54,77.68,100316.29,100316.29,7795209.0925,1
2026-07-02T15:30:00+08:00,1782977400000,77.68,77.95,77.6,77.94,145154.44,145154.44,11294169.8954,1
2026-07-02T15:45:00+08:00,1782978300000,77.94,78.16,77.87,77.96,88927.52,88927.52,6935621.6447,1
2026-07-02T16:00:00+08:00,1782979200000,77.96,78.21,77.9,78.1,139048.81,139048.81,10857408.2359,1
2026-07-02T16:15:00+08:00,1782980100000,78.11,78.26,78.1,78.16,73534.19,73534.19,5749819.7711,1
2026-07-02T16:30:00+08:00,1782981000000,78.15,78.45,78.06,78.37,119130.59,119130.59,9327615.4261,1
2026-07-02T16:45:00+08:00,1782981900000,78.37,78.46,78.3,78.43,77560.38,77560.38,6080005.7272,1
2026-07-02T17:00:00+08:00,1782982800000,78.44,78.58,78.25,78.39,168144.48,168144.48,13184192.5198,1
2026-07-02T17:15:00+08:00,1782983700000,78.4,78.85,78.31,78.77,196253.74,196253.74,15431676.9524,1
2026-07-02T17:30:00+08:00,1782984600000,78.77,79.75,78.71,79.41,824758.5,824758.5,65457641.403,1
2026-07-02T17:45:00+08:00,1782985500000,79.41,79.66,79.19,79.42,303922,303922,24141631.3285,1
2026-07-02T18:00:00+08:00,1782986400000,79.43,79.83,79.36,79.63,184902.94,184902.94,14719297.8888,1
2026-07-02T18:15:00+08:00,1782987300000,79.64,80.56,79.39,80.19,791487.02,791487.02,63405863.026,1
2026-07-02T18:30:00+08:00,1782988200000,80.18,81.33,80.15,81.01,859214.22,859214.22,69409529.7313,1
2026-07-02T18:45:00+08:00,1782989100000,81.02,82.17,80.85,82.04,976154.91,976154.91,79611485.2524,1
2026-07-02T19:00:00+08:00,1782990000000,82.04,82.62,81.47,82.23,854832.81,854832.81,70180111.8302,1
2026-07-02T19:15:00+08:00,1782990900000,82.23,82.8,81.91,82.49,671626.77,671626.77,55314301.7305,1
2026-07-02T19:30:00+08:00,1782991800000,82.5,82.68,82.14,82.39,330114.7,330114.7,27199810.3489,1
2026-07-02T19:45:00+08:00,1782992700000,82.38,82.53,81.95,82.34,353771.93,353771.93,29097696.1197,1
2026-07-02T20:00:00+08:00,1782993600000,82.33,82.41,82.11,82.24,250520.01,250520.01,20603651.1819,1
2026-07-02T20:15:00+08:00,1782994500000,82.24,82.35,81.63,82.02,470901.71,470901.71,38566762.5567,1
2026-07-02T20:30:00+08:00,1782995400000,82.03,82.41,81.08,81.19,793868.07,793868.07,64705175.877,1
2026-07-02T20:45:00+08:00,1782996300000,81.18,81.47,81.17,81.36,231545.77,231545.77,18832656.7188,1
2026-07-02T21:00:00+08:00,1782997200000,81.35,81.66,81.2,81.42,248365.47,248365.47,20239272.8781,1
2026-07-02T21:15:00+08:00,1782998100000,81.41,81.65,80.63,80.92,492144.16,492144.16,39968172.7456,1
2026-07-02T21:30:00+08:00,1782999000000,80.93,81.82,80.74,81.75,637246.93,637246.93,51931241.2228,1
2026-07-02T21:45:00+08:00,1782999900000,81.74,81.96,81.31,81.48,247082.86,247082.86,20172938.4732,1
2026-07-02T22:00:00+08:00,1783000800000,81.49,81.51,81.03,81.26,285602.95,285602.95,23207228.4515,1
2026-07-02T22:15:00+08:00,1783001700000,81.26,81.43,80.37,80.56,432444.45,432444.45,34925546.9375,1
2026-07-02T22:30:00+08:00,1783002600000,80.56,80.89,80.36,80.5,245212.45,245212.45,19762029.4927,1
2026-07-02T22:45:00+08:00,1783003500000,80.49,80.84,80.09,80.5,460636.29,460636.29,37017695.5001,1
2026-07-02T23:00:00+08:00,1783004400000,80.51,80.64,80.04,80.32,179820.78,179820.78,14442146.7126,1
2026-07-02T23:15:00+08:00,1783005300000,80.32,80.75,80.2,80.63,153261.07,153261.07,12339310.4461,1
2026-07-02T23:30:00+08:00,1783006200000,80.64,80.83,80.49,80.71,129357.39,129357.39,10435693.3682,1
2026-07-02T23:45:00+08:00,1783007100000,80.71,80.88,80.52,80.82,121197.45,121197.45,9780229.9787,1
2026-07-03T00:00:00+08:00,1783008000000,80.83,81.07,80.61,80.96,186988.62,186988.62,15124502.8861,1
2026-07-03T00:15:00+08:00,1783008900000,80.97,80.98,80.33,80.49,185638.08,185638.08,14964588.5004,1
2026-07-03T00:30:00+08:00,1783009800000,80.49,80.69,80.11,80.22,249786.73,249786.73,20070459.5455,1
2026-07-03T00:45:00+08:00,1783010700000,80.21,80.73,80.19,80.51,177517.55,177517.55,14289797.8429,1
2026-07-03T01:00:00+08:00,1783011600000,80.51,80.96,80.46,80.88,232116.78,232116.78,18741421.6013,1
2026-07-03T01:15:00+08:00,1783012500000,80.89,81.22,80.84,81.08,152747.21,152747.21,12379947.8882,1
2026-07-03T01:30:00+08:00,1783013400000,81.07,81.07,80.64,80.84,97953.76,97953.76,7918104.1103,1
2026-07-03T01:45:00+08:00,1783014300000,80.84,80.9,80.55,80.59,71052.88,71052.88,5732560.2509,1
2026-07-03T02:00:00+08:00,1783015200000,80.59,81.1,80.59,81.04,76525.62,76525.62,6187026.1734,1
2026-07-03T02:15:00+08:00,1783016100000,81.04,81.05,80.81,80.91,69574.32,69574.32,5628496.1693,1
2026-07-03T02:30:00+08:00,1783017000000,80.9,81.08,80.82,81.02,59909.95,59909.95,4851105.3072,1
2026-07-03T02:45:00+08:00,1783017900000,81.02,81.22,80.87,80.97,136961.27,136961.27,11099273.0164,1
2026-07-03T03:00:00+08:00,1783018800000,80.98,81.07,80.85,81.04,77817.27,77817.27,6300826.1617,1
2026-07-03T03:15:00+08:00,1783019700000,81.04,81.04,80.72,80.82,72533.21,72533.21,5862405.4186,1
2026-07-03T03:30:00+08:00,1783020600000,80.83,81.04,80.8,81.03,44445.57,44445.57,3595632.1534,1
2026-07-03T03:45:00+08:00,1783021500000,81.03,81.27,80.78,80.78,126702.21,126702.21,10267499.2446,1
2026-07-03T04:00:00+08:00,1783022400000,80.78,80.83,80.54,80.75,99225.56,99225.56,8003517.7146,1
2026-07-03T04:15:00+08:00,1783023300000,80.76,80.82,80.55,80.58,36234.43,36234.43,2922799.4321,1
2026-07-03T04:30:00+08:00,1783024200000,80.59,80.81,80.54,80.75,119447.53,119447.53,9640944.0256,1
2026-07-03T04:45:00+08:00,1783025100000,80.75,81.1,80.75,80.98,69975.63,69975.63,5664279.0248,1
2026-07-03T05:00:00+08:00,1783026000000,80.97,81.14,80.89,81.05,55597.51,55597.51,4503909.5212,1
2026-07-03T05:15:00+08:00,1783026900000,81.04,81.08,80.88,80.88,37861.85,37861.85,3066688.1497,1
2026-07-03T05:30:00+08:00,1783027800000,80.88,80.95,80.64,80.71,31469.96,31469.96,2542812.7672,1
2026-07-03T05:45:00+08:00,1783028700000,80.71,80.77,80.41,80.75,66838.95,66838.95,5386019.7057,1
2026-07-03T06:00:00+08:00,1783029600000,80.75,80.82,80.41,80.45,57420.47,57420.47,4628251.9795,1
2026-07-03T06:15:00+08:00,1783030500000,80.44,80.65,80.37,80.62,50091.03,50091.03,4033383.2028,1
2026-07-03T06:30:00+08:00,1783031400000,80.61,80.73,80.47,80.51,44694.2,44694.2,3603008.1798,1
2026-07-03T06:45:00+08:00,1783032300000,80.51,80.86,80.44,80.62,56683.27,56683.27,4568938.031,1
2026-07-03T07:00:00+08:00,1783033200000,80.62,80.65,80.45,80.49,39527.48,39527.48,3183462.8961,1
2026-07-03T07:15:00+08:00,1783034100000,80.5,80.72,80.46,80.64,32869.38,32869.38,2649803.9089,1
2026-07-03T07:30:00+08:00,1783035000000,80.64,80.72,80.48,80.59,33845.6,33845.6,2727699.1119,1
2026-07-03T07:45:00+08:00,1783035900000,80.6,80.73,80.58,80.68,41050.62,41050.62,3311574.8423,1
2026-07-03T08:00:00+08:00,1783036800000,80.68,80.81,80.55,80.69,97370.14,97370.14,7857094.3056,1
2026-07-03T08:15:00+08:00,1783037700000,80.69,80.8,80.58,80.6,52933.77,52933.77,4270675.7084,1
2026-07-03T08:30:00+08:00,1783038600000,80.6,80.86,80.48,80.81,82996.47,82996.47,6694458.9761,1
2026-07-03T08:45:00+08:00,1783039500000,80.8,80.89,80.67,80.71,112064.94,112064.94,9054311.1788,1
2026-07-03T09:00:00+08:00,1783040400000,80.71,81.28,80.66,81.21,142575.57,142575.57,11550972.3848,1
2026-07-03T09:15:00+08:00,1783041300000,81.2,81.23,80.97,81.13,76117.31,76117.31,6175264.9895,1
2026-07-03T09:30:00+08:00,1783042200000,81.13,81.58,81.06,81.42,175115.88,175115.88,14257422.1916,1
2026-07-03T09:45:00+08:00,1783043100000,81.43,81.67,81.34,81.44,105610.79,105610.79,8613439.8284,1
2026-07-03T10:00:00+08:00,1783044000000,81.45,81.64,81.26,81.26,96591.1,96591.1,7865867.203,1
2026-07-03T10:15:00+08:00,1783044900000,81.27,81.49,81.09,81.1,87055.97,87055.97,7077062.2517,1
2026-07-03T10:30:00+08:00,1783045800000,81.1,81.13,80.72,80.79,153230.14,153230.14,12399235.6665,1
2026-07-03T10:45:00+08:00,1783046700000,80.8,80.84,80.61,80.77,85375.29,85375.29,6892467.0929,1
2026-07-03T11:00:00+08:00,1783047600000,80.76,80.76,80.25,80.39,182012.54,182012.54,14649443.4526,1
2026-07-03T11:15:00+08:00,1783048500000,80.4,80.94,80.38,80.87,128106.11,128106.11,10337849.8146,1
2026-07-03T11:30:00+08:00,1783049400000,80.88,80.93,80.55,80.61,57711.98,57711.98,4660734.1074,1
2026-07-03T11:45:00+08:00,1783050300000,80.61,80.77,80.58,80.67,56650.42,56650.42,4570981.4827,1
2026-07-03T12:00:00+08:00,1783051200000,80.68,80.73,80.44,80.62,43079.78,43079.78,3471123.6583,1
2026-07-03T12:15:00+08:00,1783052100000,80.63,80.63,80.44,80.59,25474.26,25474.26,2051707.1742,1
2026-07-03T12:30:00+08:00,1783053000000,80.59,80.77,80.53,80.73,44452.96,44452.96,3586834.7753,1
2026-07-03T12:45:00+08:00,1783053900000,80.74,80.77,80.44,80.47,60575.49,60575.49,4878161.5032,1
2026-07-03T13:00:00+08:00,1783054800000,80.47,80.7,80.43,80.66,72962.8,72962.8,5881118.7273,1
2026-07-03T13:15:00+08:00,1783055700000,80.67,80.87,80.56,80.79,59604.54,59604.54,4811471.5184,1
2026-07-03T13:30:00+08:00,1783056600000,80.8,81.2,80.75,81.04,133300.7,133300.7,10801136.1364,1
2026-07-03T13:45:00+08:00,1783057500000,81.04,81.22,80.97,81.1,54362.82,54362.82,4409876.689,1
2026-07-03T14:00:00+08:00,1783058400000,81.1,81.35,81.05,81.1,129292.76,129292.76,10499531.6073,1
2026-07-03T14:15:00+08:00,1783059300000,81.1,81.18,80.88,80.95,98680.95,98680.95,7993342.0646,1
2026-07-03T14:30:00+08:00,1783060200000,80.95,81.07,80.68,80.8,106929.6,106929.6,8647588.8303,1
2026-07-03T14:45:00+08:00,1783061100000,80.79,81.03,80.79,80.91,51416.75,51416.75,4159606.537,1
2026-07-03T15:00:00+08:00,1783062000000,80.91,80.99,80.76,80.88,45711.79,45711.79,3697490.3767,1
2026-07-03T15:15:00+08:00,1783062900000,80.87,81.07,80.87,81.06,32769.58,32769.58,2654956.7221,1
2026-07-03T15:30:00+08:00,1783063800000,81.06,81.28,80.98,81.24,86254.47,86254.47,6998764.3802,1
2026-07-03T15:45:00+08:00,1783064700000,81.24,81.48,81.15,81.18,98206.58,98206.58,7986245.3164,1
2026-07-03T16:00:00+08:00,1783065600000,81.19,81.31,81.07,81.13,84554.07,84554.07,6864862.5314,1
2026-07-03T16:15:00+08:00,1783066500000,81.13,81.23,80.94,81,157903.37,157903.37,12805961.144,1
2026-07-03T16:30:00+08:00,1783067400000,81.01,81.52,80.89,81.35,207172.3,207172.3,16845937.7308,1
2026-07-03T16:45:00+08:00,1783068300000,81.34,81.35,80.79,80.87,239480.8,239480.8,19383308.1444,1
2026-07-03T17:00:00+08:00,1783069200000,80.87,81.06,80.74,81.05,78897.9,78897.9,6384867.8355,1
2026-07-03T17:15:00+08:00,1783070100000,81.04,81.07,80.83,80.9,40900.01,40900.01,3310592.7315,1
2026-07-03T17:30:00+08:00,1783071000000,80.9,80.9,80.62,80.82,75279.23,75279.23,6077095.3331,1
2026-07-03T17:45:00+08:00,1783071900000,80.81,81.26,80.81,80.97,137637.95,137637.95,11154560.1672,1
2026-07-03T18:00:00+08:00,1783072800000,80.98,81.23,80.97,81.04,155662.05,155662.05,12622988.0386,1
2026-07-03T18:15:00+08:00,1783073700000,81.05,81.24,80.83,81.12,126072.92,126072.92,10222602.8069,1
2026-07-03T18:30:00+08:00,1783074600000,81.12,81.55,81.01,81.42,233062.97,233062.97,18943450.6847,1
2026-07-03T18:45:00+08:00,1783075500000,81.43,81.85,81.2,81.51,346988.79,346988.79,28305129.1955,1
2026-07-03T19:00:00+08:00,1783076400000,81.52,81.68,81.38,81.48,109753.38,109753.38,8946467.8226,1
2026-07-03T19:15:00+08:00,1783077300000,81.48,81.61,81.3,81.33,188228.68,188228.68,15338127.0831,1
2026-07-03T19:30:00+08:00,1783078200000,81.33,81.4,81.2,81.28,39648.13,39648.13,3223386.4755,1
2026-07-03T19:45:00+08:00,1783079100000,81.29,81.62,81.29,81.51,66883.61,66883.61,5451192.4639,1
2026-07-03T20:00:00+08:00,1783080000000,81.51,81.76,81.4,81.47,169764.29,169764.29,13848493.722,1
2026-07-03T20:15:00+08:00,1783080900000,81.47,81.48,81.15,81.28,101228.08,101228.08,8227165.3825,1
2026-07-03T20:30:00+08:00,1783081800000,81.28,81.38,81.2,81.32,55542.32,55542.32,4515428.3413,1
2026-07-03T20:45:00+08:00,1783082700000,81.32,81.53,81.32,81.49,40540.58,40540.58,3301819.6644,1
2026-07-03T21:00:00+08:00,1783083600000,81.5,81.71,81.48,81.56,95235.21,95235.21,7769672.7963,1
2026-07-03T21:15:00+08:00,1783084500000,81.56,81.67,81.38,81.61,63815.09,63815.09,5204392.4738,1
2026-07-03T21:30:00+08:00,1783085400000,81.62,81.67,81.38,81.61,122609.73,122609.73,9997709.1079,1
2026-07-03T21:45:00+08:00,1783086300000,81.61,81.86,81.42,81.54,118757.25,118757.25,9695733.7229,1
2026-07-03T22:00:00+08:00,1783087200000,81.55,81.56,80.88,80.99,185950.99,185950.99,15097698.3103,1
2026-07-03T22:15:00+08:00,1783088100000,80.99,81.25,80.86,81.23,167030.37,167030.37,13539195.675,1
2026-07-03T22:30:00+08:00,1783089000000,81.22,81.53,81.17,81.51,114753.56,114753.56,9336176.173,1
2026-07-03T22:45:00+08:00,1783089900000,81.51,81.77,81.39,81.64,95301.51,95301.51,7777833.623,1
2026-07-03T23:00:00+08:00,1783090800000,81.65,82.11,81.53,81.56,234557.3,234557.3,19189565.4221,1
2026-07-03T23:15:00+08:00,1783091700000,81.56,81.61,81.18,81.21,152807.99,152807.99,12436563.3516,1
2026-07-03T23:30:00+08:00,1783092600000,81.22,81.33,81.1,81.18,106873.87,106873.87,8681044.918,1
2026-07-03T23:45:00+08:00,1783093500000,81.19,81.31,81.1,81.16,68120.53,68120.53,5531941.472,1
2026-07-04T00:00:00+08:00,1783094400000,81.17,81.4,81.02,81.15,123731.39,123731.39,10048724.8272,1
2026-07-04T00:15:00+08:00,1783095300000,81.16,81.38,81.14,81.28,48340.79,48340.79,3928457.8617,1
2026-07-04T00:30:00+08:00,1783096200000,81.28,81.43,81.12,81.42,132750.15,132750.15,10797204.4579,1
2026-07-04T00:45:00+08:00,1783097100000,81.41,81.55,81.26,81.51,125399.43,125399.43,10213380.2442,1
2026-07-04T01:00:00+08:00,1783098000000,81.5,81.77,81.43,81.61,100503.75,100503.75,8202792.665,1
2026-07-04T01:15:00+08:00,1783098900000,81.62,81.99,81.61,81.76,210797.52,210797.52,17247993.9897,1
2026-07-04T01:30:00+08:00,1783099800000,81.77,81.82,81.54,81.66,70536.28,70536.28,5762770.8364,1
2026-07-04T01:45:00+08:00,1783100700000,81.65,81.78,81.6,81.75,38228.22,38228.22,3122737.4342,1
2026-07-04T02:00:00+08:00,1783101600000,81.76,81.79,81.6,81.68,56006.85,56006.85,4574157.3807,1
2026-07-04T02:15:00+08:00,1783102500000,81.68,81.88,81.67,81.74,51232.26,51232.26,4189696.7572,1
2026-07-04T02:30:00+08:00,1783103400000,81.74,81.93,81.7,81.92,42889.81,42889.81,3509616.4094,1
2026-07-04T02:45:00+08:00,1783104300000,81.92,82.4,81.83,82.08,211770.76,211770.76,17390204.539,1
2026-07-04T03:00:00+08:00,1783105200000,82.09,82.29,82.04,82.06,61454.28,61454.28,5047563.4425,1
2026-07-04T03:15:00+08:00,1783106100000,82.07,82.36,82.06,82.3,100806.33,100806.33,8291674.2458,1
2026-07-04T03:30:00+08:00,1783107000000,82.3,83.23,82.16,82.76,540468.74,540468.74,44753995.9622,1
2026-07-04T03:45:00+08:00,1783107900000,82.75,82.75,82.38,82.44,121489.44,121489.44,10025943.0531,1
2026-07-04T04:00:00+08:00,1783108800000,82.45,82.7,82.19,82.41,176829.81,176829.81,14578367.0858,1
2026-07-04T04:15:00+08:00,1783109700000,82.41,82.66,82.25,82.51,120457.29,120457.29,9934927.0519,1
2026-07-04T04:30:00+08:00,1783110600000,82.52,82.97,82.34,82.75,223187.86,223187.86,18451486.9174,1
2026-07-04T04:45:00+08:00,1783111500000,82.74,82.98,82.61,82.67,137166.76,137166.76,11351729.064,1
2026-07-04T05:00:00+08:00,1783112400000,82.67,83.02,82.59,82.59,144270.45,144270.45,11948620.3395,1
2026-07-04T05:15:00+08:00,1783113300000,82.6,82.69,82.3,82.35,73450.97,73450.97,6057083.7555,1
2026-07-04T05:30:00+08:00,1783114200000,82.36,82.43,82.13,82.36,99325.88,99325.88,8173128.3171,1
2026-07-04T05:45:00+08:00,1783115100000,82.36,82.82,82.35,82.62,97547.2,97547.2,8060799.2268,1
2026-07-04T06:00:00+08:00,1783116000000,82.63,82.65,82.33,82.34,60657.11,60657.11,5000551.1668,1
2026-07-04T06:15:00+08:00,1783116900000,82.34,82.54,82.33,82.37,47574.13,47574.13,3921796.2748,1
2026-07-04T06:30:00+08:00,1783117800000,82.37,82.41,82.22,82.41,77763.35,77763.35,6400932.5965,1
2026-07-04T06:45:00+08:00,1783118700000,82.41,82.41,82.21,82.31,26024.66,26024.66,2142097.5282,1
2026-07-04T07:00:00+08:00,1783119600000,82.31,82.36,82.13,82.2,42140.39,42140.39,3464921.3748,1
2026-07-04T07:15:00+08:00,1783120500000,82.21,82.35,82.15,82.22,37679.41,37679.41,3099316.9847,1
2026-07-04T07:30:00+08:00,1783121400000,82.21,82.47,82.21,82.38,42360.79,42360.79,3489686.1652,1
2026-07-04T07:45:00+08:00,1783122300000,82.38,82.41,82.26,82.3,25868.84,25868.84,2129863.7969,1
2026-07-04T08:00:00+08:00,1783123200000,82.3,82.7,82.22,82.54,116994.94,116994.94,9655962.6,1
2026-07-04T08:15:00+08:00,1783124100000,82.54,82.7,82.37,82.55,43608.14,43608.14,3598016.0075,1
2026-07-04T08:30:00+08:00,1783125000000,82.55,82.63,82.36,82.45,47319.02,47319.02,3902055.1348,1
2026-07-04T08:45:00+08:00,1783125900000,82.45,82.56,82.36,82.37,24326.07,24326.07,2005513.3708,1
2026-07-04T09:00:00+08:00,1783126800000,82.36,82.37,81.87,81.97,134363.39,134363.39,11018752.5483,1
2026-07-04T09:15:00+08:00,1783127700000,81.97,82.19,81.88,81.98,90178.77,90178.77,7397597.4074,1
2026-07-04T09:30:00+08:00,1783128600000,81.99,82.05,81.82,81.88,48900.01,48900.01,4006158.5126,1
2026-07-04T09:45:00+08:00,1783129500000,81.89,81.96,81.77,81.92,52387.88,52387.88,4287884.657,1
2026-07-04T10:00:00+08:00,1783130400000,81.91,82.09,81.85,82.02,58271.46,58271.46,4775884.2398,1
2026-07-04T10:15:00+08:00,1783131300000,82.01,82.04,81.91,82.04,31790.72,31790.72,2606091.2732,1
2026-07-04T10:30:00+08:00,1783132200000,82.03,82.18,81.89,82.15,42527.47,42527.47,3489144.503,1
2026-07-04T10:45:00+08:00,1783133100000,82.14,82.37,82.1,82.14,55703,55703,4580101.3468,1
2026-07-04T11:00:00+08:00,1783134000000,82.15,82.39,82,82.23,85434.59,85434.59,7025391.4543,1
2026-07-04T11:15:00+08:00,1783134900000,82.24,82.39,82.21,82.38,59445.16,59445.16,4891234.4453,1
2026-07-04T11:30:00+08:00,1783135800000,82.37,82.83,82.28,82.69,148705.14,148705.14,12282208.2284,1
2026-07-04T11:45:00+08:00,1783136700000,82.69,82.75,82.56,82.68,68957.35,68957.35,5698801.1173,1
2026-07-04T12:00:00+08:00,1783137600000,82.68,83.03,82.62,82.89,135179.4,135179.4,11198612.7312,1
2026-07-04T12:15:00+08:00,1783138500000,82.89,83.08,82.71,82.94,90035.85,90035.85,7466204.1983,1
2026-07-04T12:30:00+08:00,1783139400000,82.95,83.95,82.93,83.67,651198.19,651198.19,54417717.5355,1
2026-07-04T12:45:00+08:00,1783140300000,83.66,83.94,83.36,83.45,215022.71,215022.71,17992928.8089,1
2026-07-04T13:00:00+08:00,1783141200000,83.45,83.45,83.08,83.2,127706.38,127706.38,10629591.1177,1
2026-07-04T13:15:00+08:00,1783142100000,83.2,83.37,82.85,83.05,144410.63,144410.63,11998241.4367,1
2026-07-04T13:30:00+08:00,1783143000000,83.05,83.34,83,83.28,108834.63,108834.63,9053530.2241,1
2026-07-04T13:45:00+08:00,1783143900000,83.29,83.45,83.15,83.33,104802.7,104802.7,8732876.8657,1
2026-07-04T14:00:00+08:00,1783144800000,83.33,83.55,83.22,83.25,99423.5,99423.5,8293048.1243,1
2026-07-04T14:15:00+08:00,1783145700000,83.26,83.29,82.47,82.62,318920.96,318920.96,26408168.4514,1
2026-07-04T14:30:00+08:00,1783146600000,82.62,82.8,82.58,82.66,73758.5,73758.5,6099482.9976,1
2026-07-04T14:45:00+08:00,1783147500000,82.66,82.69,82.46,82.53,64443.69,64443.69,5320595.4705,1
2026-07-04T15:00:00+08:00,1783148400000,82.52,82.56,82.17,82.41,139800.06,139800.06,11511387.1193,1
2026-07-04T15:15:00+08:00,1783149300000,82.42,82.53,82.29,82.37,72775.89,72775.89,5997906.1513,1
2026-07-04T15:30:00+08:00,1783150200000,82.37,82.53,82.35,82.45,63953.61,63953.61,5272949.1192,1
2026-07-04T15:45:00+08:00,1783151100000,82.45,82.8,82.41,82.67,84553.01,84553.01,6988357.3769,1
2026-07-04T16:00:00+08:00,1783152000000,82.67,82.74,82.51,82.61,79406.5,79406.5,6557554.7978,1
2026-07-04T16:15:00+08:00,1783152900000,82.61,82.63,82.36,82.41,63459.6,63459.6,5233022.9226,1
2026-07-04T16:30:00+08:00,1783153800000,82.42,82.65,82.38,82.42,54762.42,54762.42,4518824.3983,1
2026-07-04T16:45:00+08:00,1783154700000,82.42,82.56,82.22,82.28,61930.94,61930.94,5099989.0355,1
2026-07-04T17:00:00+08:00,1783155600000,82.28,82.3,81.8,82.04,469118.1,469118.1,38457589.376,1
2026-07-04T17:15:00+08:00,1783156500000,82.04,82.12,81.9,81.96,72564.89,72564.89,5950212.2623,1
2026-07-04T17:30:00+08:00,1783157400000,81.97,81.98,81.56,81.63,182914.52,182914.52,14948630.2627,1
2026-07-04T17:45:00+08:00,1783158300000,81.63,81.8,81.59,81.7,87400.31,87400.31,7142080.1163,1
2026-07-04T18:00:00+08:00,1783159200000,81.7,81.8,81.63,81.78,52929.5,52929.5,4325698.997,1
2026-07-04T18:15:00+08:00,1783160100000,81.78,81.9,81.66,81.72,63296.35,63296.35,5177280.5203,1
2026-07-04T18:30:00+08:00,1783161000000,81.72,81.72,81.37,81.57,151800.26,151800.26,12377246.9094,1
2026-07-04T18:45:00+08:00,1783161900000,81.56,81.72,81.51,81.61,42101.5,42101.5,3436115.72,1
2026-07-04T19:00:00+08:00,1783162800000,81.61,81.74,81.49,81.66,55903.48,55903.48,4562452.6077,1
2026-07-04T19:15:00+08:00,1783163700000,81.66,81.78,81.62,81.71,71049.03,71049.03,5804125.8853,1
2026-07-04T19:30:00+08:00,1783164600000,81.71,81.88,81.68,81.82,64597.14,64597.14,5284092.5508,1
2026-07-04T19:45:00+08:00,1783165500000,81.83,81.86,81.72,81.78,32885.69,32885.69,2689857.9154,1
2026-07-04T20:00:00+08:00,1783166400000,81.78,81.96,81.71,81.78,91348.33,91348.33,7476051.7324,1
2026-07-04T20:15:00+08:00,1783167300000,81.78,81.81,81.5,81.62,115603.82,115603.82,9436955.5361,1
2026-07-04T20:30:00+08:00,1783168200000,81.62,81.67,81.25,81.46,175820.59,175820.59,14318675.1894,1
2026-07-04T20:45:00+08:00,1783169100000,81.47,81.62,81.35,81.57,55874.43,55874.43,4553082.568,1
2026-07-04T21:00:00+08:00,1783170000000,81.56,81.65,81.44,81.49,40869.4,40869.4,3332206.9493,1
2026-07-04T21:15:00+08:00,1783170900000,81.5,81.88,81.49,81.6,118766.94,118766.94,9701046.7725,1
2026-07-04T21:30:00+08:00,1783171800000,81.6,81.6,81.35,81.49,88860.88,88860.88,7238567.4902,1
2026-07-04T21:45:00+08:00,1783172700000,81.49,81.64,81.38,81.61,40215.52,40215.52,3277850.9272,1
2026-07-04T22:00:00+08:00,1783173600000,81.61,81.82,81.58,81.74,67698.76,67698.76,5530595.0514,1
2026-07-04T22:15:00+08:00,1783174500000,81.73,81.83,81.5,81.65,59499.79,59499.79,4857756.3362,1
2026-07-04T22:30:00+08:00,1783175400000,81.65,81.8,81.56,81.76,51822.03,51822.03,4233941.1168,1
2026-07-04T22:45:00+08:00,1783176300000,81.77,81.81,81.61,81.76,65142.97,65142.97,5323345.7929,1
2026-07-04T23:00:00+08:00,1783177200000,81.75,82.41,81.68,81.99,303137.9,303137.9,24880865.1115,1
2026-07-04T23:15:00+08:00,1783178100000,81.99,82.24,81.91,82.19,135359.84,135359.84,11107916.4066,1
2026-07-04T23:30:00+08:00,1783179000000,82.19,82.31,82.03,82.15,122539.09,122539.09,10070946.8391,1
2026-07-04T23:45:00+08:00,1783179900000,82.16,82.42,82.05,82.19,122457.85,122457.85,10072918.4663,1
2026-07-05T00:00:00+08:00,1783180800000,82.19,82.25,81.94,82,99153.07,99153.07,8136712.0398,1
2026-07-05T00:15:00+08:00,1783181700000,82,82.26,81.99,82.19,64336.12,64336.12,5283834.3708,1
2026-07-05T00:30:00+08:00,1783182600000,82.2,82.35,82.13,82.17,98730.42,98730.42,8120692.0743,1
2026-07-05T00:45:00+08:00,1783183500000,82.17,82.27,82.08,82.18,63661.48,63661.48,5231639.9088,1
2026-07-05T01:00:00+08:00,1783184400000,82.19,82.19,81.84,82.01,99331.23,99331.23,8146128.8093,1
2026-07-05T01:15:00+08:00,1783185300000,82.01,82.28,81.96,82.24,53605.42,53605.42,4404424.549,1
2026-07-05T01:30:00+08:00,1783186200000,82.25,82.61,82.19,82.44,185993.79,185993.79,15330296.8125,1
2026-07-05T01:45:00+08:00,1783187100000,82.43,82.79,82.35,82.49,142845.06,142845.06,11798715.5309,1
2026-07-05T02:00:00+08:00,1783188000000,82.48,82.59,82.34,82.52,78447.68,78447.68,6467847.9811,1
2026-07-05T02:15:00+08:00,1783188900000,82.53,82.55,82.04,82.25,111898.93,111898.93,9203132.2947,1
2026-07-05T02:30:00+08:00,1783189800000,82.25,82.25,82.1,82.12,40823.79,40823.79,3354066.8294,1
2026-07-05T02:45:00+08:00,1783190700000,82.11,82.3,82.09,82.21,32191.86,32191.86,2646324.6129,1
2026-07-05T03:00:00+08:00,1783191600000,82.21,82.3,81.65,81.75,98178.98,98178.98,8039064.2673,1
2026-07-05T03:15:00+08:00,1783192500000,81.75,81.93,81.73,81.85,49401.55,49401.55,4042728.6467,1
2026-07-05T03:30:00+08:00,1783193400000,81.85,81.99,81.73,81.97,30425.06,30425.06,2491236.9563,1
2026-07-05T03:45:00+08:00,1783194300000,81.96,81.97,81.69,81.83,41667.52,41667.52,3409321.1767,1
2026-07-05T04:00:00+08:00,1783195200000,81.82,81.94,81.72,81.87,24402.29,24402.29,1997016.8834,1
2026-07-05T04:15:00+08:00,1783196100000,81.87,81.99,81.53,81.68,97534.15,97534.15,7968174.4614,1
2026-07-05T04:30:00+08:00,1783197000000,81.68,82.06,81.68,82.03,46011.62,46011.62,3767169.1059,1
2026-07-05T04:45:00+08:00,1783197900000,82.03,82.11,81.87,81.92,25663.87,25663.87,2103867.87,1
2026-07-05T05:00:00+08:00,1783198800000,81.93,82.02,81.79,81.95,38197.65,38197.65,3128652.473,1
2026-07-05T05:15:00+08:00,1783199700000,81.95,82.1,81.94,82.06,32506.84,32506.84,2667032.3779,1
2026-07-05T05:30:00+08:00,1783200600000,82.05,82.18,81.91,81.98,23271.32,23271.32,1909589.996,1
2026-07-05T05:45:00+08:00,1783201500000,81.97,82,81.85,81.95,15013.52,15013.52,1230145.4529,1
2026-07-05T06:00:00+08:00,1783202400000,81.95,82,81.76,81.87,25448.89,25448.89,2083832.7035,1
2026-07-05T06:15:00+08:00,1783203300000,81.88,81.96,81.75,81.79,23285.34,23285.34,1905354.6866,1
2026-07-05T06:30:00+08:00,1783204200000,81.8,81.87,81.76,81.8,15336.46,15336.46,1254814.0757,1
2026-07-05T06:45:00+08:00,1783205100000,81.8,81.9,81.74,81.9,21379,21379,1749148.2624,1
2026-07-05T07:00:00+08:00,1783206000000,81.89,81.9,81.48,81.5,73589.06,73589.06,6009149.2654,1
2026-07-05T07:15:00+08:00,1783206900000,81.51,81.71,81.39,81.65,66011.65,66011.65,5382912.3842,1
2026-07-05T07:30:00+08:00,1783207800000,81.65,81.81,81.65,81.77,41024.54,41024.54,3353039.5891,1
2026-07-05T07:45:00+08:00,1783208700000,81.77,81.82,81.6,81.74,45769.69,45769.69,3739712.3507,1
2026-07-05T08:00:00+08:00,1783209600000,81.74,81.77,81.45,81.56,71250.62,71250.62,5811761.7114,1
2026-07-05T08:15:00+08:00,1783210500000,81.57,81.59,81.24,81.39,123944.04,123944.04,10084991.1127,1
2026-07-05T08:30:00+08:00,1783211400000,81.38,81.43,81.09,81.34,135263.82,135263.82,10988505.8255,1
2026-07-05T08:45:00+08:00,1783212300000,81.35,81.4,81.08,81.27,67410.84,67410.84,5475927.545,1
2026-07-05T09:00:00+08:00,1783213200000,81.28,81.43,81.15,81.17,101234.24,101234.24,8227877.0932,1
2026-07-05T09:15:00+08:00,1783214100000,81.16,81.17,80.58,81.01,350653.38,350653.38,28352202.5324,1
2026-07-05T09:30:00+08:00,1783215000000,81.01,81.01,80.46,80.82,228833.11,228833.11,18466539.4907,1
2026-07-05T09:45:00+08:00,1783215900000,80.81,80.92,80.71,80.81,62303.17,62303.17,5033653.542,1
2026-07-05T10:00:00+08:00,1783216800000,80.81,80.86,80.43,80.47,135309.56,135309.56,10902124.7816,1
2026-07-05T10:15:00+08:00,1783217700000,80.47,80.67,80.37,80.52,147602.46,147602.46,11881812.1596,1
2026-07-05T10:30:00+08:00,1783218600000,80.52,80.62,80.21,80.24,133951.94,133951.94,10774501.3936,1
2026-07-05T10:45:00+08:00,1783219500000,80.23,80.37,80.17,80.34,104857.31,104857.31,8416400.7298,1
2026-07-05T11:00:00+08:00,1783220400000,80.34,80.57,80.33,80.56,90992.5,90992.5,7322237.7432,1
2026-07-05T11:15:00+08:00,1783221300000,80.56,80.58,80.32,80.36,98221.87,98221.87,7902648.1558,1
2026-07-05T11:30:00+08:00,1783222200000,80.36,80.52,80.34,80.42,36841.48,36841.48,2963286.944,1
2026-07-05T11:45:00+08:00,1783223100000,80.42,80.56,80.41,80.53,41960.49,41960.49,3377980.4542,1
2026-07-05T12:00:00+08:00,1783224000000,80.53,80.56,80.36,80.51,67094.5,67094.5,5398799.2407,1
2026-07-05T12:15:00+08:00,1783224900000,80.5,80.65,80.5,80.65,125080.12,125080.12,10082547.9107,1
2026-07-05T12:30:00+08:00,1783225800000,80.64,80.87,80.63,80.8,165225.88,165225.88,13339176.3397,1
2026-07-05T12:45:00+08:00,1783226700000,80.8,80.81,80.54,80.54,51099.58,51099.58,4122354.9338,1
2026-07-05T13:00:00+08:00,1783227600000,80.54,80.54,80.39,80.46,60450.38,60450.38,4864400.2479,1
2026-07-05T13:15:00+08:00,1783228500000,80.47,80.53,80.37,80.46,34797.87,34797.87,2799320.7737,1
2026-07-05T13:30:00+08:00,1783229400000,80.46,80.54,80.2,80.25,71869.67,71869.67,5775430.366,1
2026-07-05T13:45:00+08:00,1783230300000,80.25,80.47,80.23,80.43,55204.5,55204.5,4435652.389,1
2026-07-05T14:00:00+08:00,1783231200000,80.44,80.46,80.29,80.4,37655.63,37655.63,3026414.352,1
2026-07-05T14:15:00+08:00,1783232100000,80.4,80.49,80.34,80.48,36100.72,36100.72,2903686.1331,1
2026-07-05T14:30:00+08:00,1783233000000,80.49,80.61,80.45,80.49,33720.63,33720.63,2715364.912,1
2026-07-05T14:45:00+08:00,1783233900000,80.48,80.6,80.43,80.55,41476.56,41476.56,3339969.6022,1
2026-07-05T15:00:00+08:00,1783234800000,80.55,80.6,80.36,80.41,99800.32,99800.32,8026688.5189,1
2026-07-05T15:15:00+08:00,1783235700000,80.4,80.47,80.32,80.37,46270.4,46270.4,3719696.091,1
2026-07-05T15:30:00+08:00,1783236600000,80.36,80.61,80.36,80.53,42491.09,42491.09,3421830.2253,1
2026-07-05T15:45:00+08:00,1783237500000,80.53,80.8,80.49,80.66,119937.77,119937.77,9676408.5422,1
2026-07-05T16:00:00+08:00,1783238400000,80.67,80.82,80.46,80.58,112778.76,112778.76,9092850.3628,1
2026-07-05T16:15:00+08:00,1783239300000,80.58,80.65,80.4,80.44,35114.95,35114.95,2825923.1341,1
2026-07-05T16:30:00+08:00,1783240200000,80.44,80.57,80.43,80.53,30368.81,30368.81,2444710.3827,1
2026-07-05T16:45:00+08:00,1783241100000,80.52,80.57,80.4,80.44,31173.47,31173.47,2509494.8608,1
2026-07-05T17:00:00+08:00,1783242000000,80.45,80.5,80.35,80.36,26147.24,26147.24,2102412.7507,1
2026-07-05T17:15:00+08:00,1783242900000,80.36,80.4,80.09,80.15,162881.49,162881.49,13061842.2753,1
2026-07-05T17:30:00+08:00,1783243800000,80.14,80.21,79.63,79.75,428162.21,428162.21,34212049.1046,1
2026-07-05T17:45:00+08:00,1783244700000,79.76,79.9,79.65,79.86,118664.83,118664.83,9471516.9077,1
2026-07-05T18:00:00+08:00,1783245600000,79.86,80.07,79.7,79.96,161259.09,161259.09,12891127.4528,1
2026-07-05T18:15:00+08:00,1783246500000,79.95,80.24,79.93,80.15,98949.17,98949.17,7927145.0172,1
2026-07-05T18:30:00+08:00,1783247400000,80.14,80.35,80.14,80.22,85046.7,85046.7,6824559.6923,1
2026-07-05T18:45:00+08:00,1783248300000,80.21,80.43,80.21,80.39,72520.75,72520.75,5827451.0117,1
2026-07-05T19:00:00+08:00,1783249200000,80.4,80.56,80.3,80.48,84936.43,84936.43,6833122.198,1
2026-07-05T19:15:00+08:00,1783250100000,80.48,80.52,80.32,80.4,72499.97,72499.97,5831106.1133,1
2026-07-05T19:30:00+08:00,1783251000000,80.39,80.62,80.34,80.53,77157.37,77157.37,6215138.388,1
2026-07-05T19:45:00+08:00,1783251900000,80.53,80.6,80.49,80.52,40117.14,40117.14,3231237.0986,1
2026-07-05T20:00:00+08:00,1783252800000,80.53,80.53,80.31,80.48,73961.59,73961.59,5947975.0964,1
2026-07-05T20:15:00+08:00,1783253700000,80.48,81.04,80.48,81,202713,202713,16375434.163,1
2026-07-05T20:30:00+08:00,1783254600000,81.01,81.24,80.75,80.76,273455.52,273455.52,22154391.7059,1
2026-07-05T20:45:00+08:00,1783255500000,80.77,80.88,80.7,80.71,57646.35,57646.35,4657642.0626,1
2026-07-05T21:00:00+08:00,1783256400000,80.72,80.97,80.63,80.84,50688.46,50688.46,4096015.1155,1
2026-07-05T21:15:00+08:00,1783257300000,80.85,80.87,80.63,80.74,69101.99,69101.99,5581223.2699,1
2026-07-05T21:30:00+08:00,1783258200000,80.74,81.09,80.69,81.09,83584.78,83584.78,6765781.9883,1
2026-07-05T21:45:00+08:00,1783259100000,81.09,81.19,81.01,81.19,96398.65,96398.65,7819146.953,1
2026-07-05T22:00:00+08:00,1783260000000,81.19,81.29,81.07,81.15,85982.38,85982.38,6979480.3729,1
2026-07-05T22:15:00+08:00,1783260900000,81.14,81.19,80.97,81.03,46438.61,46438.61,3764580.4063,1
2026-07-05T22:30:00+08:00,1783261800000,81.04,81.57,80.99,81.35,151416.35,151416.35,12315257.5151,1
2026-07-05T22:45:00+08:00,1783262700000,81.35,81.42,81.21,81.41,66761.91,66761.91,5428073.701,1
2026-07-05T23:00:00+08:00,1783263600000,81.41,81.72,81.24,81.25,159488.87,159488.87,12998138.7422,1
2026-07-05T23:15:00+08:00,1783264500000,81.25,81.34,81.11,81.2,91728.8,91728.8,7450812.6057,1
2026-07-05T23:30:00+08:00,1783265400000,81.21,81.5,81.07,81.11,73476.48,73476.48,5972365.4582,1
2026-07-05T23:45:00+08:00,1783266300000,81.11,81.41,81.07,81.31,35120.34,35120.34,2854872.2851,1
2026-07-06T00:00:00+08:00,1783267200000,81.31,81.48,81.2,81.21,93348.52,93348.52,7592236.9679,1
2026-07-06T00:15:00+08:00,1783268100000,81.22,81.24,81,81,61833.28,61833.28,5014034.049,1
2026-07-06T00:30:00+08:00,1783269000000,81.01,81.16,80.91,80.95,76227.75,76227.75,6177696.6466,1
2026-07-06T00:45:00+08:00,1783269900000,80.95,81.2,80.86,81.05,76772.76,76772.76,6220220.0005,1
2026-07-06T01:00:00+08:00,1783270800000,81.04,81.22,81,81.09,52041.56,52041.56,4221789.4947,1
2026-07-06T01:15:00+08:00,1783271700000,81.09,81.34,81.02,81.02,55809.56,55809.56,4532349.1104,1
2026-07-06T01:30:00+08:00,1783272600000,81.03,81.17,80.97,80.99,29852.67,29852.67,2420205.365,1
2026-07-06T01:45:00+08:00,1783273500000,80.99,81.15,80.97,81.09,19743.72,19743.72,1600098.6209,1
2026-07-06T02:00:00+08:00,1783274400000,81.1,81.2,81.05,81.13,30109.85,30109.85,2443311.9299,1
2026-07-06T02:15:00+08:00,1783275300000,81.13,81.23,81.11,81.12,13097.45,13097.45,1063157.9522,1
2026-07-06T02:30:00+08:00,1783276200000,81.12,81.18,81.04,81.16,19674.5,19674.5,1595776.5999,1
2026-07-06T02:45:00+08:00,1783277100000,81.15,81.23,80.95,80.96,33456.47,33456.47,2713469.0008,1
2026-07-06T03:00:00+08:00,1783278000000,80.96,81.07,80.89,81,31061.46,31061.46,2514839.2058,1
2026-07-06T03:15:00+08:00,1783278900000,81,81.06,80.73,80.91,88699.43,88699.43,7172647.8536,1
2026-07-06T03:30:00+08:00,1783279800000,80.92,81.04,80.86,80.99,32776.28,32776.28,2653298.3021,1
2026-07-06T03:45:00+08:00,1783280700000,81,81.09,80.92,80.99,23927.72,23927.72,1938139.4971,1
2026-07-06T04:00:00+08:00,1783281600000,81,81.13,80.95,81.05,27085.73,27085.73,2195131.6446,1
2026-07-06T04:15:00+08:00,1783282500000,81.05,81.06,80.92,80.97,21696.39,21696.39,1757112.5119,1
2026-07-06T04:30:00+08:00,1783283400000,80.98,81.01,80.91,80.98,18378.2,18378.2,1487875.2711,1
2026-07-06T04:45:00+08:00,1783284300000,80.98,81.06,80.93,81.03,16539.94,16539.94,1339483.0646,1
2026-07-06T05:00:00+08:00,1783285200000,81.04,81.06,80.74,80.92,65836.1,65836.1,5326537.7999,1
2026-07-06T05:15:00+08:00,1783286100000,80.92,81.54,80.91,81.47,110404.27,110404.27,8976954.4948,1
2026-07-06T05:30:00+08:00,1783287000000,81.47,82.25,81.46,81.61,218406.06,218406.06,17856622.6805,1
2026-07-06T05:45:00+08:00,1783287900000,81.6,81.99,81.44,81.74,127258.97,127258.97,10404460.591,1
2026-07-06T06:00:00+08:00,1783288800000,81.74,82.1,81.6,81.97,127358.91,127358.91,10420350.668,1
2026-07-06T06:15:00+08:00,1783289700000,81.98,82.4,81.86,82.12,332301.31,332301.31,27302818.1393,1
2026-07-06T06:30:00+08:00,1783290600000,82.12,82.32,81.6,81.64,186631.24,186631.24,15282428.7781,1
2026-07-06T06:45:00+08:00,1783291500000,81.63,81.85,81.6,81.78,67170.15,67170.15,5488206.458,1
2026-07-06T07:00:00+08:00,1783292400000,81.79,81.93,81.68,81.93,81705.34,81705.34,6682942.1835,1
2026-07-06T07:15:00+08:00,1783293300000,81.93,82.04,81.52,81.59,113880.17,113880.17,9311419.9466,1
2026-07-06T07:30:00+08:00,1783294200000,81.6,81.75,81.47,81.62,81147.43,81147.43,6622099.4337,1
2026-07-06T07:45:00+08:00,1783295100000,81.62,81.67,81.4,81.55,79782.89,79782.89,6501217.3846,1
2026-07-06T08:00:00+08:00,1783296000000,81.55,81.56,81.27,81.52,111783.2,111783.2,9102358.7506,1
2026-07-06T08:15:00+08:00,1783296900000,81.52,81.7,81.15,81.21,120674.67,120674.67,9824893.8927,1
2026-07-06T08:30:00+08:00,1783297800000,81.21,81.93,81.07,81.85,216153.83,216153.83,17630612.3198,1
2026-07-06T08:45:00+08:00,1783298700000,81.84,82.23,81.8,82.19,238350.45,238350.45,19555956.2018,1
2026-07-06T09:00:00+08:00,1783299600000,82.18,82.32,81.95,81.98,122363.25,122363.25,10049658.8091,1
2026-07-06T09:15:00+08:00,1783300500000,81.98,82.07,81.63,81.8,133900.72,133900.72,10958296.9481,1
2026-07-06T09:30:00+08:00,1783301400000,81.8,82.1,81.74,81.93,81213.12,81213.12,6658269.9272,1
2026-07-06T09:45:00+08:00,1783302300000,81.93,81.93,81.44,81.5,130674.02,130674.02,10663665.7202,1
2026-07-06T10:00:00+08:00,1783303200000,81.51,81.61,81.13,81.22,151196.55,151196.55,12303170.2308,1
2026-07-06T10:15:00+08:00,1783304100000,81.22,81.66,81.19,81.35,132777.41,132777.41,10812443.2754,1
2026-07-06T10:30:00+08:00,1783305000000,81.36,81.45,81.11,81.13,91947.2,91947.2,7474905.165,1
2026-07-06T10:45:00+08:00,1783305900000,81.14,81.24,80.8,80.99,139142.4,139142.4,11268905.4022,1
2026-07-06T11:00:00+08:00,1783306800000,80.98,81.03,80.82,80.9,97965.16,97965.16,7927672.2967,1
2026-07-06T11:15:00+08:00,1783307700000,80.9,80.96,80.4,80.65,255164.18,255164.18,20568068.7773,1
2026-07-06T11:30:00+08:00,1783308600000,80.65,80.8,80.43,80.55,186953.95,186953.95,15074115.2783,1
2026-07-06T11:45:00+08:00,1783309500000,80.55,80.79,80.52,80.77,60278.87,60278.87,4861884.4498,1
2026-07-06T12:00:00+08:00,1783310400000,80.77,80.91,80.66,80.89,82636.4,82636.4,6675872.1842,1
2026-07-06T12:15:00+08:00,1783311300000,80.89,80.96,80.68,80.74,65583.9,65583.9,5302576.6643,1
2026-07-06T12:30:00+08:00,1783312200000,80.73,80.97,80.68,80.85,57110.63,57110.63,4616690.9651,1
2026-07-06T12:45:00+08:00,1783313100000,80.85,80.96,80.76,80.78,43682.18,43682.18,3532354.2866,1
2026-07-06T13:00:00+08:00,1783314000000,80.78,80.79,80.5,80.54,99595.2,99595.2,8029496.0549,1
2026-07-06T13:15:00+08:00,1783314900000,80.54,80.6,80.14,80.21,186760.03,186760.03,15001443.5834,1
2026-07-06T13:30:00+08:00,1783315800000,80.21,80.5,80.11,80.41,121077.89,121077.89,9721324.6722,1
2026-07-06T13:45:00+08:00,1783316700000,80.41,80.52,80.35,80.37,56645.73,56645.73,4556596.2787,1
2026-07-06T14:00:00+08:00,1783317600000,80.37,80.49,80.27,80.45,52063.61,52063.61,4184864.5033,1
2026-07-06T14:15:00+08:00,1783318500000,80.45,80.49,80.23,80.35,46717.52,46717.52,3753489.0325,1
2026-07-06T14:30:00+08:00,1783319400000,80.34,80.41,80.21,80.41,75365.1,75365.1,6053108.3416,1
2026-07-06T14:45:00+08:00,1783320300000,80.41,80.43,80.22,80.32,47329.95,47329.95,3800874.5221,1
2026-07-06T15:00:00+08:00,1783321200000,80.31,80.56,80.23,80.36,116452.98,116452.98,9365264.8502,1
2026-07-06T15:15:00+08:00,1783322100000,80.37,80.72,80.34,80.63,111299.2,111299.2,8968074.5952,1
2026-07-06T15:30:00+08:00,1783323000000,80.63,80.93,80.56,80.89,104420.58,104420.58,8432000.5053,1
2026-07-06T15:45:00+08:00,1783323900000,80.88,81,80.75,80.79,99987.55,99987.55,8083113.7487,1
2026-07-06T16:00:00+08:00,1783324800000,80.79,81.05,80.73,80.76,98370.07,98370.07,7959134.7441,1
2026-07-06T16:15:00+08:00,1783325700000,80.76,80.81,80.58,80.69,87541.58,87541.58,7061603.4552,1
2026-07-06T16:30:00+08:00,1783326600000,80.68,80.7,80.25,80.35,117613.1,117613.1,9455281.9566,1
2026-07-06T16:45:00+08:00,1783327500000,80.36,80.46,80.3,80.46,56199.23,56199.23,4518759.0421,1
2026-07-06T17:00:00+08:00,1783328400000,80.45,80.46,80.34,80.34,31897.77,31897.77,2564958.9437,1
2026-07-06T17:15:00+08:00,1783329300000,80.35,80.43,80.27,80.38,73324.76,73324.76,5891399.7617,1
2026-07-06T17:30:00+08:00,1783330200000,80.39,80.39,80.12,80.23,120736.99,120736.99,9684661.8013,1
2026-07-06T17:45:00+08:00,1783331100000,80.22,80.22,80.02,80.05,98086.87,98086.87,7858478.3174,1
2026-07-06T18:00:00+08:00,1783332000000,80.05,80.24,80.02,80.21,99417.03,99417.03,7968331.4983,1
2026-07-06T18:15:00+08:00,1783332900000,80.21,80.4,80.2,80.38,67831.4,67831.4,5449161.2435,1
2026-07-06T18:30:00+08:00,1783333800000,80.38,80.68,80.35,80.55,140198.44,140198.44,11291847.9133,1
2026-07-06T18:45:00+08:00,1783334700000,80.55,80.63,80.51,80.62,70320.95,70320.95,5666557.07,1
2026-07-06T19:00:00+08:00,1783335600000,80.63,80.77,80.6,80.61,86791.45,86791.45,7003292.8582,1
2026-07-06T19:15:00+08:00,1783336500000,80.61,80.9,80.61,80.74,72724.14,72724.14,5875285.8591,1
2026-07-06T19:30:00+08:00,1783337400000,80.74,80.96,80.72,80.9,66178.02,66178.02,5352336.3741,1
2026-07-06T19:45:00+08:00,1783338300000,80.89,80.95,80.31,80.33,180556.52,180556.52,14550455.4407,1
2026-07-06T20:00:00+08:00,1783339200000,80.33,80.51,79.22,80.17,1109344.66,1109344.66,88580804.1125,1
2026-07-06T20:15:00+08:00,1783340100000,80.18,80.63,80.14,80.21,374887.86,374887.86,30137079.4576,1
2026-07-06T20:30:00+08:00,1783341000000,80.21,80.47,79.74,79.91,264817.48,264817.48,21209686.5856,1
2026-07-06T20:45:00+08:00,1783341900000,79.91,79.95,79.39,79.41,432937.43,432937.43,34518530.3263,1
2026-07-06T21:00:00+08:00,1783342800000,79.41,79.63,79.17,79.4,373347.78,373347.78,29628749.084,1
2026-07-06T21:15:00+08:00,1783343700000,79.41,79.53,79.2,79.41,175386.83,175386.83,13915268.3815,1
2026-07-06T21:30:00+08:00,1783344600000,79.4,80.43,79.3,80.32,390166.39,390166.39,31167924.1233,1
2026-07-06T21:45:00+08:00,1783345500000,80.33,80.89,80.1,80.11,484479.28,484479.28,39012395.6371,1
2026-07-06T22:00:00+08:00,1783346400000,80.11,80.26,79.97,80.1,234774.06,234774.06,18808780.1006,1
2026-07-06T22:15:00+08:00,1783347300000,80.1,80.74,79.81,80.32,336307.51,336307.51,26997511.3905,1
2026-07-06T22:30:00+08:00,1783348200000,80.31,80.47,80.09,80.3,156236.59,156236.59,12543073.3207,1
2026-07-06T22:45:00+08:00,1783349100000,80.3,80.35,80.03,80.26,83675.43,83675.43,6712540.5801,1
2026-07-06T23:00:00+08:00,1783350000000,80.26,80.84,80.24,80.66,238310.2,238310.2,19192518.6755,1
2026-07-06T23:15:00+08:00,1783350900000,80.65,80.77,80.33,80.77,156751.98,156751.98,12621674.1714,1
2026-07-06T23:30:00+08:00,1783351800000,80.76,81.37,80.41,81.32,292870.64,292870.64,23719694.2356,1
2026-07-06T23:45:00+08:00,1783352700000,81.33,81.49,81.02,81.45,312503.01,312503.01,25413131.7298,1
2026-07-07T00:00:00+08:00,1783353600000,81.45,82.18,81.23,81.92,561265.43,561265.43,45881830.8545,1
2026-07-07T00:15:00+08:00,1783354500000,81.92,82.4,81.63,81.77,371309.69,371309.69,30446824.2416,1
2026-07-07T00:30:00+08:00,1783355400000,81.77,82.13,81.73,82.02,129135.94,129135.94,10581308.2108,1
2026-07-07T00:45:00+08:00,1783356300000,82.01,82.12,81.86,82.06,59379.78,59379.78,4869971.5164,1
2026-07-07T01:00:00+08:00,1783357200000,82.07,82.14,81.73,81.93,122964.31,122964.31,10077506.0859,1
2026-07-07T01:15:00+08:00,1783358100000,81.93,82.14,81.83,81.97,85513.9,85513.9,7009809.0146,1
2026-07-07T01:30:00+08:00,1783359000000,81.98,82.03,81.5,81.52,173020.98,173020.98,14138988.9416,1
2026-07-07T01:45:00+08:00,1783359900000,81.52,81.82,81.4,81.6,79855.53,79855.53,6517766.4922,1
2026-07-07T02:00:00+08:00,1783360800000,81.6,81.78,81.32,81.35,76294.34,76294.34,6222699.0168,1
2026-07-07T02:15:00+08:00,1783361700000,81.35,81.69,81.26,81.52,55582.76,55582.76,4528927.1417,1
2026-07-07T02:30:00+08:00,1783362600000,81.53,81.95,81.48,81.81,88365.2,88365.2,7219067.5075,1
2026-07-07T02:45:00+08:00,1783363500000,81.8,82.26,81.76,81.94,161360.72,161360.72,13235401.9019,1
2026-07-07T03:00:00+08:00,1783364400000,81.95,81.98,81.76,81.88,69167.32,69167.32,5663541.1018,1
2026-07-07T03:15:00+08:00,1783365300000,81.88,82.06,81.85,82.03,36275.63,36275.63,2973061.4337,1
2026-07-07T03:30:00+08:00,1783366200000,82.04,82.13,81.9,82.05,34668.38,34668.38,2843178.6677,1
2026-07-07T03:45:00+08:00,1783367100000,82.04,82.07,81.82,82.02,41280.28,41280.28,3383613.3881,1
2026-07-07T04:00:00+08:00,1783368000000,82.02,82.03,81.63,81.73,63100.51,63100.51,5158369.1994,1
2026-07-07T04:15:00+08:00,1783368900000,81.74,81.93,81.73,81.91,21314.71,21314.71,1743879.7098,1
2026-07-07T04:30:00+08:00,1783369800000,81.92,82.12,81.89,81.96,30159.09,30159.09,2473477.739,1
2026-07-07T04:45:00+08:00,1783370700000,81.95,82.21,81.86,82.05,37157,37157,3048121.9639,1
2026-07-07T05:00:00+08:00,1783371600000,82.04,83.74,82,82.92,694421.16,694421.16,57637876.1501,1
2026-07-07T05:15:00+08:00,1783372500000,82.92,83.07,82.55,82.64,112586.79,112586.79,9322520.1064,1
2026-07-07T05:30:00+08:00,1783373400000,82.63,82.8,82.42,82.59,94810.53,94810.53,7827709.0161,1
2026-07-07T05:45:00+08:00,1783374300000,82.59,82.86,82.43,82.78,58104.21,58104.21,4805206.4024,1
2026-07-07T06:00:00+08:00,1783375200000,82.79,82.85,82.57,82.64,46279.27,46279.27,3826466.3206,1
2026-07-07T06:15:00+08:00,1783376100000,82.63,82.68,82.33,82.34,44262.28,44262.28,3651132.341,1
2026-07-07T06:30:00+08:00,1783377000000,82.34,82.51,82.31,82.37,39848.96,39848.96,3284347.0359,1
2026-07-07T06:45:00+08:00,1783377900000,82.36,82.44,82.21,82.29,55470.89,55470.89,4565548.6146,1
2026-07-07T07:00:00+08:00,1783378800000,82.29,82.38,82.2,82.27,37612.03,37612.03,3094380.7996,1
2026-07-07T07:15:00+08:00,1783379700000,82.26,82.27,81.91,82.09,88895.92,88895.92,7291758.4945,1
2026-07-07T07:30:00+08:00,1783380600000,82.09,82.13,81.93,81.99,56467.06,56467.06,4632399.2767,1
2026-07-07T07:45:00+08:00,1783381500000,81.99,82.01,81.85,81.9,44216.13,44216.13,3622757.867,1
2026-07-07T08:00:00+08:00,1783382400000,81.9,81.99,81.79,81.83,72208.34,72208.34,5912342.056,1
2026-07-07T08:15:00+08:00,1783383300000,81.83,82.39,81.77,82.29,147102.14,147102.14,12088436.6529,1
2026-07-07T08:30:00+08:00,1783384200000,82.29,82.45,82.12,82.28,110088.06,110088.06,9055084.2668,1
2026-07-07T08:45:00+08:00,1783385100000,82.28,82.42,82.17,82.3,56655.59,56655.59,4663529.8003,1
2026-07-07T09:00:00+08:00,1783386000000,82.31,82.32,81.78,82.1,130626.17,130626.17,10713903.0366,1
2026-07-07T09:15:00+08:00,1783386900000,82.09,82.15,81.84,81.88,50990.63,50990.63,4180189.5074,1
2026-07-07T09:30:00+08:00,1783387800000,81.88,82,81.76,81.96,97658.17,97658.17,7994879.6675,1
2026-07-07T09:45:00+08:00,1783388700000,81.96,82.14,81.81,81.86,57449.79,57449.79,4708897.6743,1
2026-07-07T10:00:00+08:00,1783389600000,81.86,81.95,81.72,81.79,49081.11,49081.11,4015756.2611,1
2026-07-07T10:15:00+08:00,1783390500000,81.78,81.88,81.48,81.54,95765.66,95765.66,7816671.1644,1
2026-07-07T10:30:00+08:00,1783391400000,81.55,81.58,81.31,81.55,168472.46,168472.46,13718110.6652,1
2026-07-07T10:45:00+08:00,1783392300000,81.55,81.63,81.19,81.3,123557.13,123557.13,10050225.4141,1
2026-07-07T11:00:00+08:00,1783393200000,81.3,81.43,81.19,81.26,94627.82,94627.82,7696216.8666,1
2026-07-07T11:15:00+08:00,1783394100000,81.26,81.31,81.1,81.12,84749.5,84749.5,6879655.1909,1
2026-07-07T11:30:00+08:00,1783395000000,81.13,81.23,81.02,81.12,68839.12,68839.12,5584048.5886,1
2026-07-07T11:45:00+08:00,1783395900000,81.12,81.12,80.84,81,145322.81,145322.81,11767524.0152,1
2026-07-07T12:00:00+08:00,1783396800000,81,81.05,80.85,80.87,68460.53,68460.53,5540818.135,1
2026-07-07T12:15:00+08:00,1783397700000,80.88,81,80.72,80.96,105795.95,105795.95,8552415.8312,1
2026-07-07T12:30:00+08:00,1783398600000,80.96,81.01,80.73,80.75,53473.48,53473.48,4324629.8572,1
2026-07-07T12:45:00+08:00,1783399500000,80.76,80.89,80.6,80.86,113130.57,113130.57,9133260.9189,1
2026-07-07T13:00:00+08:00,1783400400000,80.86,80.89,80.44,80.48,116163.64,116163.64,9368567.3399,1
2026-07-07T13:15:00+08:00,1783401300000,80.47,80.63,80.41,80.57,80936.48,80936.48,6515539.1804,1
2026-07-07T13:30:00+08:00,1783402200000,80.57,81.01,80.57,80.94,90962.65,90962.65,7356537.1724,1
2026-07-07T13:45:00+08:00,1783403100000,80.95,81.21,80.91,81.06,181210.85,181210.85,14692349.2263,1
2026-07-07T14:00:00+08:00,1783404000000,81.05,81.18,80.76,80.89,74715.85,74715.85,6047418.5068,1
2026-07-07T14:15:00+08:00,1783404900000,80.89,81.06,80.88,81.03,46908.5,46908.5,3797608.4579,1
2026-07-07T14:30:00+08:00,1783405800000,81.02,81.39,80.97,81.33,125641.45,125641.45,10209109.6551,1
2026-07-07T14:45:00+08:00,1783406700000,81.34,81.62,81.28,81.51,132214.64,132214.64,10770223.3535,1
2026-07-07T15:00:00+08:00,1783407600000,81.5,81.7,81.41,81.66,120642.34,120642.34,9842392.2148,1
2026-07-07T15:15:00+08:00,1783408500000,81.66,81.7,81.52,81.54,63865.44,63865.44,5210785.4892,1
2026-07-07T15:30:00+08:00,1783409400000,81.55,81.64,81.28,81.58,99626.36,99626.36,8113039.533,1
2026-07-07T15:45:00+08:00,1783410300000,81.58,81.66,81.43,81.45,64170.27,64170.27,5233996.2314,1
2026-07-07T16:00:00+08:00,1783411200000,81.45,81.54,81.11,81.37,213990.31,213990.31,17399853.981,1
2026-07-07T16:15:00+08:00,1783412100000,81.38,81.53,81.32,81.45,49431.06,49431.06,4025594.2248,1
2026-07-07T16:30:00+08:00,1783413000000,81.46,81.51,81.26,81.51,68382.09,68382.09,5562967.5256,1
2026-07-07T16:45:00+08:00,1783413900000,81.52,81.55,81.18,81.22,116692.33,116692.33,9492188.5246,1
2026-07-07T17:00:00+08:00,1783414800000,81.23,81.45,81.08,81.44,134290.31,134290.31,10913955.7701,1
2026-07-07T17:15:00+08:00,1783415700000,81.44,81.44,81.13,81.14,36868.2,36868.2,2997207.1064,1
2026-07-07T17:30:00+08:00,1783416600000,81.14,81.34,81.09,81.32,78655.69,78655.69,6386289.4742,1
2026-07-07T17:45:00+08:00,1783417500000,81.33,81.4,81.17,81.27,101379.25,101379.25,8242571.9286,1
2026-07-07T18:00:00+08:00,1783418400000,81.27,81.54,81.23,81.28,127774.94,127774.94,10400834.0475,1
2026-07-07T18:15:00+08:00,1783419300000,81.27,81.52,80.96,81.08,104411.34,104411.34,8480591.1951,1
2026-07-07T18:30:00+08:00,1783420200000,81.08,81.14,80.8,81.08,141049.4,141049.4,11423268.9168,1
2026-07-07T18:45:00+08:00,1783421100000,81.09,81.11,80.92,80.95,50240.96,50240.96,4069940.2157,1
2026-07-07T19:00:00+08:00,1783422000000,80.95,80.96,80.62,80.81,143674.02,143674.02,11609239.5173,1
2026-07-07T19:15:00+08:00,1783422900000,80.82,81.06,80.8,80.95,39051.94,39051.94,3160902.8709,1
2026-07-07T19:30:00+08:00,1783423800000,80.94,81.11,80.81,81.1,32765.64,32765.64,2652282.3173,1
2026-07-07T19:45:00+08:00,1783424700000,81.1,81.36,81.1,81.27,96852.48,96852.48,7866434.1167,1
2026-07-07T20:00:00+08:00,1783425600000,81.28,81.89,81.25,81.78,285743.08,285743.08,23328744.441,1
2026-07-07T20:15:00+08:00,1783426500000,81.77,81.95,81.67,81.83,87476.35,87476.35,7156253.4912,1
2026-07-07T20:30:00+08:00,1783427400000,81.84,81.86,81.52,81.64,101335.21,101335.21,8271635.7606,1
2026-07-07T20:45:00+08:00,1783428300000,81.64,81.64,81.38,81.4,62704.51,62704.51,5107531.4338,1
2026-07-07T21:00:00+08:00,1783429200000,81.39,81.57,81.11,81.23,166091.53,166091.53,13504455.2384,1
2026-07-07T21:15:00+08:00,1783430100000,81.23,81.3,80.82,80.89,128640.37,128640.37,10419957.3301,1
2026-07-07T21:30:00+08:00,1783431000000,80.9,81.11,80.6,80.92,221136.33,221136.33,17873312.537,1
2026-07-07T21:45:00+08:00,1783431900000,80.93,81.33,80.64,80.79,208709.22,208709.22,16907813.1688,1
2026-07-07T22:00:00+08:00,1783432800000,80.78,81.14,80.53,80.81,132856.98,132856.98,10738989.6221,1
2026-07-07T22:15:00+08:00,1783433700000,80.8,81.11,80.67,81.11,120611.25,120611.25,9759718.9542,1
2026-07-07T22:30:00+08:00,1783434600000,81.12,81.3,80.43,80.84,238185.72,238185.72,19247163.5,1
2026-07-07T22:45:00+08:00,1783435500000,80.84,81.88,80.84,81.75,333840.95,333840.95,27186393.0104,1
2026-07-07T23:00:00+08:00,1783436400000,81.75,81.85,81.45,81.52,174576.38,174576.38,14255860.1847,1
2026-07-07T23:15:00+08:00,1783437300000,81.51,82.08,81.49,81.94,148548.48,148548.48,12156420.8169,1
2026-07-07T23:30:00+08:00,1783438200000,81.93,82.29,81.82,81.95,210931.39,210931.39,17304538.4484,1
2026-07-07T23:45:00+08:00,1783439100000,81.95,82.32,81.94,82.06,154937.74,154937.74,12727586.069,1
2026-07-08T00:00:00+08:00,1783440000000,82.07,82.11,81.77,81.91,122974.58,122974.58,10075031.717,1
2026-07-08T00:15:00+08:00,1783440900000,81.91,82.42,81.79,82.21,166930.36,166930.36,13720572.9233,1
2026-07-08T00:30:00+08:00,1783441800000,82.21,82.3,82.02,82.22,57308.06,57308.06,4707487.3514,1
2026-07-08T00:45:00+08:00,1783442700000,82.22,82.53,82.11,82.16,105215.37,105215.37,8663805.4099,1
2026-07-08T01:00:00+08:00,1783443600000,82.16,82.43,82.03,82.33,48877.5,48877.5,4019892.834,1
2026-07-08T01:15:00+08:00,1783444500000,82.34,82.64,82.08,82.54,181418.26,181418.26,14927093.165,1
2026-07-08T01:30:00+08:00,1783445400000,82.54,82.75,82.37,82.74,92070.4,92070.4,7600778.6694,1
2026-07-08T01:45:00+08:00,1783446300000,82.75,82.75,82.48,82.67,54559.31,54559.31,4507572.2563,1
2026-07-08T02:00:00+08:00,1783447200000,82.67,82.67,82.24,82.24,68771.09,68771.09,5664813.7085,1
2026-07-08T02:15:00+08:00,1783448100000,82.25,82.34,81.95,82,124232.41,124232.41,10203393.658,1
2026-07-08T02:30:00+08:00,1783449000000,82,82.21,81.91,82.2,85421.39,85421.39,7008495.4759,1
2026-07-08T02:45:00+08:00,1783449900000,82.21,82.28,81.2,81.25,296732.11,296732.11,24203341.6905,1
2026-07-08T03:00:00+08:00,1783450800000,81.25,81.41,80.87,81.03,177850.39,177850.39,14427586.305,1
2026-07-08T03:15:00+08:00,1783451700000,81.03,81.16,80.72,81.06,171691.24,171691.24,13894830.1667,1
2026-07-08T03:30:00+08:00,1783452600000,81.07,81.45,81.07,81.38,52909.6,52909.6,4302336.7717,1
2026-07-08T03:45:00+08:00,1783453500000,81.38,81.53,81.23,81.33,72784.3,72784.3,5922219.3918,1
2026-07-08T04:00:00+08:00,1783454400000,81.33,81.45,81.13,81.4,108714.32,108714.32,8839991.9413,1
2026-07-08T04:15:00+08:00,1783455300000,81.4,81.45,81.19,81.3,45275.66,45275.66,3680388.343,1
2026-07-08T04:30:00+08:00,1783456200000,81.29,81.32,81.08,81.1,32670.12,32670.12,2652428.4277,1
2026-07-08T04:45:00+08:00,1783457100000,81.11,81.13,80.97,81.13,23227.9,23227.9,1882501.7909,1
2026-07-08T05:00:00+08:00,1783458000000,81.12,81.38,81.12,81.26,30307.01,30307.01,2462506.621,1
2026-07-08T05:15:00+08:00,1783458900000,81.26,81.26,80.61,80.85,94251.99,94251.99,7619017.6944,1
2026-07-08T05:30:00+08:00,1783459800000,80.86,80.86,80.5,80.63,89640.66,89640.66,7229023.6047,1
2026-07-08T05:45:00+08:00,1783460700000,80.62,80.86,80.56,80.78,36551.1,36551.1,2952342.5896,1
2026-07-08T06:00:00+08:00,1783461600000,80.77,80.79,80.27,80.76,236120.76,236120.76,19005745.4566,1
2026-07-08T06:15:00+08:00,1783462500000,80.77,80.96,80.66,80.74,41136.21,41136.21,3323341.4302,1
2026-07-08T06:30:00+08:00,1783463400000,80.74,81.03,80.7,80.95,44227.53,44227.53,3579488.807,1
2026-07-08T06:45:00+08:00,1783464300000,80.95,80.96,80.75,80.81,27778.41,27778.41,2245432.9576,1
2026-07-08T07:00:00+08:00,1783465200000,80.8,80.99,80.79,80.92,30224.87,30224.87,2445287.6183,1
2026-07-08T07:15:00+08:00,1783466100000,80.92,81.09,80.91,81.05,31137.45,31137.45,2522422.2092,1
2026-07-08T07:30:00+08:00,1783467000000,81.05,81.07,80.61,80.62,40057.3,40057.3,3235273.4886,1
2026-07-08T07:45:00+08:00,1783467900000,80.61,80.77,80.45,80.52,58075.25,58075.25,4682525.2352,1
2026-07-08T08:00:00+08:00,1783468800000,80.52,80.72,80.48,80.61,85041.35,85041.35,6852986.0446,1
2026-07-08T08:15:00+08:00,1783469700000,80.62,80.74,80.41,80.6,122882.46,122882.46,9901687.3997,1
2026-07-08T08:30:00+08:00,1783470600000,80.6,80.65,80.34,80.52,103128.73,103128.73,8303501.3585,1
2026-07-08T08:45:00+08:00,1783471500000,80.52,80.55,80.31,80.34,85920,85920,6907127.9088,1
2026-07-08T09:00:00+08:00,1783472400000,80.35,80.39,80.15,80.36,143768.25,143768.25,11541105.9264,1
2026-07-08T09:15:00+08:00,1783473300000,80.35,80.35,80.01,80.02,75963.83,75963.83,6088359.6887,1
2026-07-08T09:30:00+08:00,1783474200000,80.03,80.05,78.78,79.26,673512.16,673512.16,53428458.7809,1
2026-07-08T09:45:00+08:00,1783475100000,79.27,79.41,78.91,79.04,143782.99,143782.99,11389822.9864,1
2026-07-08T10:00:00+08:00,1783476000000,79.05,79.14,78.68,78.89,194804.02,194804.02,15366770.5606,1
2026-07-08T10:15:00+08:00,1783476900000,78.88,78.97,78.66,78.87,180675.01,180675.01,14243252.6767,1
2026-07-08T10:30:00+08:00,1783477800000,78.86,78.92,78.17,78.91,321484.83,321484.83,25234938.0228,1
2026-07-08T10:45:00+08:00,1783478700000,78.92,79.14,78.89,79.02,105532.15,105532.15,8337671.6682,1
2026-07-08T11:00:00+08:00,1783479600000,79.03,79.31,79.01,79.23,108371.06,108371.06,8578310.7198,1
2026-07-08T11:15:00+08:00,1783480500000,79.23,79.27,79.12,79.19,55790.99,55790.99,4418731.0775,1
2026-07-08T11:30:00+08:00,1783481400000,79.19,79.2,78.88,79,45021.54,45021.54,3556483.676,1
2026-07-08T11:45:00+08:00,1783482300000,79,79,78.57,78.68,117828.32,117828.32,9274253.3324,1
2026-07-08T12:00:00+08:00,1783483200000,78.69,78.76,78.51,78.67,79073.19,79073.19,6218444.7829,1
2026-07-08T12:15:00+08:00,1783484100000,78.67,78.88,78.66,78.83,44036.45,44036.45,3468783.5346,1
2026-07-08T12:30:00+08:00,1783485000000,78.84,78.89,78.61,78.64,46250.74,46250.74,3641792.7257,1
2026-07-08T12:45:00+08:00,1783485900000,78.63,78.66,78.34,78.61,84357.18,84357.18,6621669.7013,1
2026-07-08T13:00:00+08:00,1783486800000,78.6,78.77,78.46,78.66,84478.62,84478.62,6644265.0848,1
2026-07-08T13:15:00+08:00,1783487700000,78.66,78.78,78.51,78.57,42036.15,42036.15,3305819.8176,1
2026-07-08T13:30:00+08:00,1783488600000,78.58,78.62,78.38,78.38,73742,73742,5787167.4252,1
2026-07-08T13:45:00+08:00,1783489500000,78.39,78.47,78.3,78.39,109160.99,109160.99,8555380.8069,1
2026-07-08T14:00:00+08:00,1783490400000,78.39,78.41,78.19,78.31,121773.38,121773.38,9533359.5044,1
2026-07-08T14:15:00+08:00,1783491300000,78.31,78.35,78.08,78.23,109477.43,109477.43,8561132.6091,1
2026-07-08T14:30:00+08:00,1783492200000,78.23,78.29,77.89,78.01,178979.72,178979.72,13969851.0539,1
2026-07-08T14:45:00+08:00,1783493100000,78.02,78.34,77.96,78.16,176020.44,176020.44,13764551.1231,1
2026-07-08T15:00:00+08:00,1783494000000,78.17,78.21,77.76,78.11,232870.35,232870.35,18150646.5075,1
2026-07-08T15:15:00+08:00,1783494900000,78.11,78.2,77.92,78.1,119687.03,119687.03,9341463.3856,1
2026-07-08T15:30:00+08:00,1783495800000,78.1,78.21,78.01,78.15,87984.42,87984.42,6873608.7566,1
2026-07-08T15:45:00+08:00,1783496700000,78.16,78.31,78.07,78.26,81136.27,81136.27,6343795.0156,1
2026-07-08T16:00:00+08:00,1783497600000,78.26,78.4,78.2,78.3,150752.87,150752.87,11803378.4216,1
2026-07-08T16:15:00+08:00,1783498500000,78.3,78.35,77.11,77.17,665122.84,665122.84,51575063.4155,1
2026-07-08T16:30:00+08:00,1783499400000,77.17,77.38,76.84,77.1,425366.66,425366.66,32778411.7042,1
2026-07-08T16:45:00+08:00,1783500300000,77.1,77.69,77.09,77.23,276416.29,276416.29,21405575.8135,1
2026-07-08T17:00:00+08:00,1783501200000,77.23,77.34,77.13,77.22,169465.51,169465.51,13091480.3825,1
2026-07-08T17:15:00+08:00,1783502100000,77.22,77.25,76.97,77.21,87936.16,87936.16,6779106.8639,1
2026-07-08T17:30:00+08:00,1783503000000,77.2,77.53,77.17,77.32,148776.63,148776.63,11506821.5409,1
2026-07-08T17:45:00+08:00,1783503900000,77.31,77.33,77.1,77.15,92942.83,92942.83,7176013.0812,1
2026-07-08T18:00:00+08:00,1783504800000,77.16,77.27,76.85,77.06,106793.17,106793.17,8224130.4682,1
2026-07-08T18:15:00+08:00,1783505700000,77.05,77.36,76.97,77.36,59941.1,59941.1,4626524.6074,1
2026-07-08T18:30:00+08:00,1783506600000,77.35,77.46,77.27,77.32,74541.46,74541.46,5767845.4268,1
2026-07-08T18:45:00+08:00,1783507500000,77.32,77.36,77.2,77.29,31959.94,31959.94,2469864.7412,1
2026-07-08T19:00:00+08:00,1783508400000,77.28,77.35,77.15,77.19,113034.88,113034.88,8733226.3659,1
2026-07-08T19:15:00+08:00,1783509300000,77.19,77.23,77.05,77.13,65114.91,65114.91,5021497.6206,1
2026-07-08T19:30:00+08:00,1783510200000,77.13,77.69,77.06,77.52,131012.85,131012.85,10141406.3336,1
2026-07-08T19:45:00+08:00,1783511100000,77.51,77.63,77.4,77.51,183545.64,183545.64,14225474.775,1
2026-07-08T20:00:00+08:00,1783512000000,77.5,77.61,77.35,77.48,96638.6,96638.6,7489477.1441,1
2026-07-08T20:15:00+08:00,1783512900000,77.48,77.55,77.38,77.46,45558.89,45558.89,3529152.7437,1
2026-07-08T20:30:00+08:00,1783513800000,77.47,77.49,77.26,77.27,46577.78,46577.78,3601931.7715,1
2026-07-08T20:45:00+08:00,1783514700000,77.27,77.37,76.91,76.98,211408.19,211408.19,16306513.3297,1
2026-07-08T21:00:00+08:00,1783515600000,76.98,77.05,76.72,76.89,286798.99,286798.99,22043756.6295,1
2026-07-08T21:15:00+08:00,1783516500000,76.88,76.92,76.57,76.81,174466.22,174466.22,13390653.8667,1
2026-07-08T21:30:00+08:00,1783517400000,76.82,77.43,76.82,77.26,278262.99,278262.99,21462920.6406,1
2026-07-08T21:45:00+08:00,1783518300000,77.26,77.42,76.86,77.26,277431.91,277431.91,21402022.2014,1
2026-07-08T22:00:00+08:00,1783519200000,77.26,77.38,77.06,77.21,150105.96,150105.96,11589483.2302,1
2026-07-08T22:15:00+08:00,1783520100000,77.2,77.36,76.82,77.05,180093.47,180093.47,13881822.182,1
2026-07-08T22:30:00+08:00,1783521000000,77.04,77.1,76.85,76.93,76561.72,76561.72,5892131.0707,1
2026-07-08T22:45:00+08:00,1783521900000,76.94,77.2,76.65,77.07,243130.59,243130.59,18701064.3546,1
2026-07-08T23:00:00+08:00,1783522800000,77.07,77.11,76.68,76.68,129711.85,129711.85,9967132.288,1
2026-07-08T23:15:00+08:00,1783523700000,76.68,76.79,76.07,76.35,531129.7,531129.7,40590902.4455,1
2026-07-08T23:30:00+08:00,1783524600000,76.34,76.63,76.29,76.49,110818.45,110818.45,8477687.6445,1
2026-07-08T23:45:00+08:00,1783525500000,76.49,76.78,76.42,76.71,131417.26,131417.26,10071974.4357,1
2026-07-09T00:00:00+08:00,1783526400000,76.71,76.97,76.71,76.92,130160.18,130160.18,10000530.0628,1
2026-07-09T00:15:00+08:00,1783527300000,76.92,77.17,76.84,76.99,86873.2,86873.2,6687238.1134,1
2026-07-09T00:30:00+08:00,1783528200000,76.98,77.3,76.79,77.24,148074.99,148074.99,11411704.4137,1
2026-07-09T00:45:00+08:00,1783529100000,77.24,77.33,77.17,77.25,135229.54,135229.54,10444030.5254,1
2026-07-09T01:00:00+08:00,1783530000000,77.25,77.28,77.06,77.06,82871.39,82871.39,6394579.0711,1
2026-07-09T01:15:00+08:00,1783530900000,77.06,77.57,77.06,77.55,98693.53,98693.53,7637439.5257,1
2026-07-09T01:30:00+08:00,1783531800000,77.55,77.63,77.32,77.36,82928.01,82928.01,6427713.2992,1
2026-07-09T01:45:00+08:00,1783532700000,77.36,77.37,77,77.1,75436.09,75436.09,5821829.0163,1
2026-07-09T02:00:00+08:00,1783533600000,77.09,77.33,77.05,77.26,46913.27,46913.27,3622257.322,1
2026-07-09T02:15:00+08:00,1783534500000,77.26,77.28,77.04,77.09,29289.16,29289.16,2260174.0845,1
2026-07-09T02:30:00+08:00,1783535400000,77.09,77.09,76.76,76.94,99098.55,99098.55,7618163.0876,1
2026-07-09T02:45:00+08:00,1783536300000,76.93,77.3,76.9,77.1,45487.9,45487.9,3507903.8697,1
2026-07-09T03:00:00+08:00,1783537200000,77.1,77.23,76.96,76.97,24023.62,24023.62,1851289.6494,1
2026-07-09T03:15:00+08:00,1783538100000,76.96,77.13,76.9,77.09,52151.95,52151.95,4016192.4773,1
2026-07-09T03:30:00+08:00,1783539000000,77.09,77.32,77.07,77.3,43517.07,43517.07,3361270.6195,1
2026-07-09T03:45:00+08:00,1783539900000,77.3,77.46,77.1,77.38,81738.53,81738.53,6317880.3775,1
2026-07-09T04:00:00+08:00,1783540800000,77.38,77.52,77.26,77.4,72473.1,72473.1,5609038.0543,1
2026-07-09T04:15:00+08:00,1783541700000,77.39,77.4,77.26,77.34,19985.68,19985.68,1545788.7775,1
2026-07-09T04:30:00+08:00,1783542600000,77.34,77.36,77.03,77.11,43804.41,43804.41,3378787.0074,1
2026-07-09T04:45:00+08:00,1783543500000,77.1,77.19,77.01,77.13,30784.37,30784.37,2373681.8461,1
2026-07-09T05:00:00+08:00,1783544400000,77.13,77.15,76.91,76.95,36359.71,36359.71,2800723.5265,1
2026-07-09T05:15:00+08:00,1783545300000,76.95,77.09,76.84,77.08,31605.89,31605.89,2432456.4607,1
2026-07-09T05:30:00+08:00,1783546200000,77.08,77.22,76.97,77.14,63812.27,63812.27,4921408.8746,1
2026-07-09T05:45:00+08:00,1783547100000,77.14,77.29,77.13,77.21,24352.57,24352.57,1880945.2064,1
2026-07-09T06:00:00+08:00,1783548000000,77.2,77.47,77.14,77.23,47405.63,47405.63,3665614.3232,1
2026-07-09T06:15:00+08:00,1783548900000,77.23,77.36,77.13,77.36,33544.51,33544.51,2591145.4738,1
2026-07-09T06:30:00+08:00,1783549800000,77.36,77.43,77.25,77.42,21500.07,21500.07,1662587.6989,1
2026-07-09T06:45:00+08:00,1783550700000,77.41,77.54,77.38,77.5,39339.71,39339.71,3047145.9785,1
2026-07-09T07:00:00+08:00,1783551600000,77.5,77.62,77.42,77.57,27656.01,27656.01,2144236.5847,1
2026-07-09T07:15:00+08:00,1783552500000,77.58,77.58,77.41,77.53,35489.88,35489.88,2749870.8675,1
2026-07-09T07:30:00+08:00,1783553400000,77.52,77.59,77.38,77.56,46229.32,46229.32,3582351.7572,1
2026-07-09T07:45:00+08:00,1783554300000,77.56,77.9,77.5,77.78,104623.24,104623.24,8131374.3083,1
2026-07-09T08:00:00+08:00,1783555200000,77.77,77.85,77.55,77.71,144696.64,144696.64,11235608.9438,1
2026-07-09T08:15:00+08:00,1783556100000,77.71,77.76,77.48,77.62,57592.47,57592.47,4470421.8016,1
2026-07-09T08:30:00+08:00,1783557000000,77.62,77.75,77.49,77.57,33748.73,33748.73,2619483.0952,1
2026-07-09T08:45:00+08:00,1783557900000,77.57,77.71,77.46,77.66,77728.07,77728.07,6032366.3742,1
2026-07-09T09:00:00+08:00,1783558800000,77.67,78.76,77.6,78.31,381500.33,381500.33,29826514.884,1
2026-07-09T09:15:00+08:00,1783559700000,78.31,78.45,78.07,78.11,106648.36,106648.36,8346728.8717,1
2026-07-09T09:30:00+08:00,1783560600000,78.11,78.17,77.47,77.61,228280.1,228280.1,17734623.6271,1
2026-07-09T09:45:00+08:00,1783561500000,77.61,77.73,77.08,77.28,364757.97,364757.97,28244725.2216,1
2026-07-09T10:00:00+08:00,1783562400000,77.29,77.79,77.16,77.77,188957.43,188957.43,14645907.8633,1
2026-07-09T10:15:00+08:00,1783563300000,77.77,77.79,77.52,77.61,54350.97,54350.97,4221041.965,1
2026-07-09T10:30:00+08:00,1783564200000,77.6,77.63,77.23,77.26,66834.58,66834.58,5171330.4576,1
2026-07-09T10:45:00+08:00,1783565100000,77.26,77.29,76.92,77.01,215530.63,215530.63,16609803.4381,1
2026-07-09T11:00:00+08:00,1783566000000,77.02,77.07,76.81,76.93,69291.37,69291.37,5330379.6741,1
2026-07-09T11:15:00+08:00,1783566900000,76.92,77.12,76.65,77.01,108384.7,108384.7,8329706.4663,1
2026-07-09T11:30:00+08:00,1783567800000,77.01,77.33,77.01,77.19,75259.74,75259.74,5810305.2023,1
2026-07-09T11:45:00+08:00,1783568700000,77.19,77.37,77.12,77.34,47125.42,47125.42,3640470.4998,1
2026-07-09T12:00:00+08:00,1783569600000,77.33,77.39,77.2,77.2,44815.14,44815.14,3464076.4482,1
2026-07-09T12:15:00+08:00,1783570500000,77.2,77.36,77.18,77.32,34218.96,34218.96,2644322.9181,1
2026-07-09T12:30:00+08:00,1783571400000,77.32,77.78,77.32,77.76,97054.87,97054.87,7531151.277,1
2026-07-09T12:45:00+08:00,1783572300000,77.76,78,77.66,77.94,91955.11,91955.11,7158533.6932,1
2026-07-09T13:00:00+08:00,1783573200000,77.94,78.27,77.74,78.1,121196,121196,9453042.307,1
2026-07-09T13:15:00+08:00,1783574100000,78.1,78.15,77.69,77.85,97299.68,97299.68,7583326.6549,1
2026-07-09T13:30:00+08:00,1783575000000,77.85,78.04,77.69,77.97,99422.04,99422.04,7749309.9632,1
2026-07-09T13:45:00+08:00,1783575900000,77.96,78.36,77.93,78.35,112958.53,112958.53,8830551.6613,1
2026-07-09T14:00:00+08:00,1783576800000,78.35,78.44,78.06,78.14,108488.99,108488.99,8491046.6247,1
2026-07-09T14:15:00+08:00,1783577700000,78.15,78.57,78.09,78.4,106892.34,106892.34,8380485.0549,1
2026-07-09T14:30:00+08:00,1783578600000,78.41,78.47,78.2,78.39,69795.71,69795.71,5466598.9862,1
2026-07-09T14:45:00+08:00,1783579500000,78.39,78.46,78.32,78.44,40524.68,40524.68,3176751.6133,1
2026-07-09T15:00:00+08:00,1783580400000,78.43,78.79,78.26,78.39,170345.75,170345.75,13370624.4228,1
2026-07-09T15:15:00+08:00,1783581300000,78.39,78.45,78.15,78.25,79906.23,79906.23,6252872.8196,1
2026-07-09T15:30:00+08:00,1783582200000,78.25,78.29,78.09,78.29,66366.48,66366.48,5188871.7017,1
2026-07-09T15:45:00+08:00,1783583100000,78.29,78.57,78.1,78.16,83913.66,83913.66,6572769.3394,1
2026-07-09T16:00:00+08:00,1783584000000,78.17,78.2,78.02,78.1,92810.68,92810.68,7246903.2455,1
2026-07-09T16:15:00+08:00,1783584900000,78.1,78.34,77.87,78.33,122184.38,122184.38,9538246.4736,1
2026-07-09T16:30:00+08:00,1783585800000,78.33,78.37,78.18,78.26,33417.19,33417.19,2615243.1673,1
2026-07-09T16:45:00+08:00,1783586700000,78.25,78.25,78,78.07,39356.4,39356.4,3073742.9911,1
2026-07-09T17:00:00+08:00,1783587600000,78.06,78.15,77.92,77.96,55272.31,55272.31,4310410.1088,1
2026-07-09T17:15:00+08:00,1783588500000,77.96,78.02,77.86,77.97,57914.52,57914.52,4513938.2692,1
2026-07-09T17:30:00+08:00,1783589400000,77.96,78.07,77.81,77.84,67573.56,67573.56,5266393.4016,1
2026-07-09T17:45:00+08:00,1783590300000,77.85,78.12,77.81,78.08,42022.19,42022.19,3278236.7259,1
2026-07-09T18:00:00+08:00,1783591200000,78.09,78.16,78.01,78.07,36828.97,36828.97,2875978.7604,1
2026-07-09T18:15:00+08:00,1783592100000,78.06,78.09,77.91,77.99,93831.43,93831.43,7319848.2381,1
2026-07-09T18:30:00+08:00,1783593000000,77.98,78.05,77.93,77.99,50453.9,50453.9,3934580.2556,1
2026-07-09T18:45:00+08:00,1783593900000,77.98,77.99,77.44,77.65,176166.05,176166.05,13677970.8955,1
2026-07-09T19:00:00+08:00,1783594800000,77.65,77.73,77.53,77.68,54061.05,54061.05,4197538.0268,1
2026-07-09T19:15:00+08:00,1783595700000,77.68,77.68,77.33,77.37,99321.57,99321.57,7694533.9841,1
2026-07-09T19:30:00+08:00,1783596600000,77.38,77.42,77.27,77.37,56124.34,56124.34,4340568.3404,1
2026-07-09T19:45:00+08:00,1783597500000,77.36,77.66,77.32,77.57,84370.1,84370.1,6536345.8039,1
2026-07-09T20:00:00+08:00,1783598400000,77.57,77.77,77.39,77.57,130916.2,130916.2,10161194.6004,1
2026-07-09T20:15:00+08:00,1783599300000,77.57,77.74,77.51,77.66,224953.97,224953.97,17468736.6636,1
2026-07-09T20:30:00+08:00,1783600200000,77.66,78.18,77.64,77.74,325501.77,325501.77,25353663.3138,1
2026-07-09T20:45:00+08:00,1783601100000,77.75,77.76,77.31,77.6,153416.17,153416.17,11899916.3921,1
2026-07-09T21:00:00+08:00,1783602000000,77.59,78.06,77.59,77.97,71107.16,71107.16,5539123.1487,1
2026-07-09T21:15:00+08:00,1783602900000,77.97,77.98,77.62,77.69,87191.16,87191.16,6783403.5311,1
2026-07-09T21:30:00+08:00,1783603800000,77.69,78.05,77.27,78.04,201535.55,201535.55,15637345.8652,1
2026-07-09T21:45:00+08:00,1783604700000,78.04,78.46,77.76,78.18,173549.35,173549.35,13572917.7691,1
2026-07-09T22:00:00+08:00,1783605600000,78.17,78.33,77.91,78.02,91308.15,91308.15,7131962.3674,1
2026-07-09T22:15:00+08:00,1783606500000,78.01,78.01,77.63,77.86,104385.21,104385.21,8119358.3715,1
2026-07-09T22:30:00+08:00,1783607400000,77.86,77.87,77.52,77.69,65506.7,65506.7,5088919.3041,1
2026-07-09T22:45:00+08:00,1783608300000,77.68,77.94,77.58,77.84,72220.76,72220.76,5616892.6814,1
2026-07-09T23:00:00+08:00,1783609200000,77.84,78.03,77.62,77.96,65565.82,65565.82,5105267.9597,1
2026-07-09T23:15:00+08:00,1783610100000,77.96,78.15,77.73,77.75,83251.1,83251.1,6487979.421,1
2026-07-09T23:30:00+08:00,1783611000000,77.75,77.87,77.58,77.61,82080.49,82080.49,6377256.9768,1
2026-07-09T23:45:00+08:00,1783611900000,77.61,77.71,77.46,77.57,78485.71,78485.71,6089191.8465,1
2026-07-10T00:00:00+08:00,1783612800000,77.58,77.78,77.48,77.56,119845.64,119845.64,9303104.782,1
2026-07-10T00:15:00+08:00,1783613700000,77.56,77.58,77.21,77.43,136524.9,136524.9,10561342.4349,1
2026-07-10T00:30:00+08:00,1783614600000,77.44,77.7,77.43,77.63,56030.59,56030.59,4347272.0659,1
2026-07-10T00:45:00+08:00,1783615500000,77.63,77.69,77.45,77.65,38099.79,38099.79,2956004.8341,1
2026-07-10T01:00:00+08:00,1783616400000,77.65,77.83,77.63,77.66,43353.53,43353.53,3369707.1424,1
2026-07-10T01:15:00+08:00,1783617300000,77.65,77.97,77.65,77.75,49934.11,49934.11,3887237.2094,1
2026-07-10T01:30:00+08:00,1783618200000,77.74,78.12,77.59,78.07,95807.04,95807.04,7467633.3889,1
2026-07-10T01:45:00+08:00,1783619100000,78.07,78.1,77.91,78.03,60206.31,60206.31,4697468.2039,1
2026-07-10T02:00:00+08:00,1783620000000,78.03,78.41,77.96,78.24,118043.5,118043.5,9230910.2794,1
2026-07-10T02:15:00+08:00,1783620900000,78.24,78.38,78.05,78.24,76584.67,76584.67,5989373.0298,1
2026-07-10T02:30:00+08:00,1783621800000,78.24,78.24,78.03,78.12,58064.74,58064.74,4537083.4248,1
2026-07-10T02:45:00+08:00,1783622700000,78.12,78.21,77.98,78.16,33227.48,33227.48,2595454.0392,1
2026-07-10T03:00:00+08:00,1783623600000,78.16,78.17,77.97,77.98,26125.12,26125.12,2039661.1334,1
2026-07-10T03:15:00+08:00,1783624500000,77.97,78.12,77.86,78.09,36214.14,36214.14,2823826.6486,1
2026-07-10T03:30:00+08:00,1783625400000,78.09,78.27,78.04,78.26,27470.04,27470.04,2147209.1902,1
2026-07-10T03:45:00+08:00,1783626300000,78.27,78.27,78.01,78.12,26287.18,26287.18,2054013.7912,1
2026-07-10T04:00:00+08:00,1783627200000,78.12,78.15,77.95,77.99,21516.93,21516.93,1679029.3678,1
2026-07-10T04:15:00+08:00,1783628100000,78,78.17,77.94,78.11,20348.89,20348.89,1587800.9355,1
2026-07-10T04:30:00+08:00,1783629000000,78.12,78.27,78.08,78.22,15614.56,15614.56,1220985.0817,1
2026-07-10T04:45:00+08:00,1783629900000,78.22,78.23,77.99,78.1,34600.26,34600.26,2700620.4436,1
2026-07-10T05:00:00+08:00,1783630800000,78.11,78.25,78.02,78.08,24663.33,24663.33,1927272.0192,1
2026-07-10T05:15:00+08:00,1783631700000,78.08,78.15,77.95,78,10282.67,10282.67,802359.2555,1
2026-07-10T05:30:00+08:00,1783632600000,77.99,78.06,77.84,77.88,19901.38,19901.38,1551790.9208,1
2026-07-10T05:45:00+08:00,1783633500000,77.88,78.04,77.87,78.01,16778.59,16778.59,1308392.2646,1
2026-07-10T06:00:00+08:00,1783634400000,78,78.13,77.94,78.04,29068.88,29068.88,2268433.7167,1
2026-07-10T06:15:00+08:00,1783635300000,78.04,78.17,78.03,78.14,21846.09,21846.09,1706553.6361,1
2026-07-10T06:30:00+08:00,1783636200000,78.14,78.24,78.02,78.18,19572.11,19572.11,1529491.4911,1
2026-07-10T06:45:00+08:00,1783637100000,78.18,78.24,78.05,78.06,22818.74,22818.74,1782956.8154,1
2026-07-10T07:00:00+08:00,1783638000000,78.06,78.16,77.96,77.97,13289.6,13289.6,1037305.3555,1
2026-07-10T07:15:00+08:00,1783638900000,77.96,78.08,77.72,78,67297.36,67297.36,5242431.6956,1
2026-07-10T07:30:00+08:00,1783639800000,78,78.04,77.89,78.02,17186.08,17186.08,1340063.539,1
2026-07-10T07:45:00+08:00,1783640700000,78.02,78.11,77.97,78,12464.07,12464.07,972644.0393,1
2026-07-10T08:00:00+08:00,1783641600000,78,78.01,77.75,77.95,49775.93,49775.93,3878114.1929,1
2026-07-10T08:15:00+08:00,1783642500000,77.95,78.11,77.85,77.94,43238.51,43238.51,3370406.1614,1
2026-07-10T08:30:00+08:00,1783643400000,77.95,78.09,77.75,77.93,88169.73,88169.73,6867141.2041,1
2026-07-10T08:45:00+08:00,1783644300000,77.93,78.08,77.81,78.07,33564.5,33564.5,2616444.6063,1
2026-07-10T09:00:00+08:00,1783645200000,78.08,78.18,77.89,78.18,39249.57,39249.57,3064308.0358,1
2026-07-10T09:15:00+08:00,1783646100000,78.17,78.63,78.15,78.42,187238.33,187238.33,14681321.1411,1
2026-07-10T09:30:00+08:00,1783647000000,78.43,78.47,78.25,78.36,52479.32,52479.32,4111946.3661,1
2026-07-10T09:45:00+08:00,1783647900000,78.36,79.42,78.34,79.02,595825.03,595825.03,47111997.345,1
2026-07-10T10:00:00+08:00,1783648800000,79.03,79.11,78.79,78.95,169491.62,169491.62,13378895.2349,1
2026-07-10T10:15:00+08:00,1783649700000,78.95,78.97,78.79,78.84,80783.62,80783.62,6371601.0177,1
2026-07-10T10:30:00+08:00,1783650600000,78.84,78.99,78.79,78.9,56232.75,56232.75,4435942.1327,1
2026-07-10T10:45:00+08:00,1783651500000,78.91,79.12,78.86,79,61352.32,61352.32,4848012.4667,1
2026-07-10T11:00:00+08:00,1783652400000,79,79,78.68,78.79,71557.46,71557.46,5639923.6857,1
2026-07-10T11:15:00+08:00,1783653300000,78.79,78.91,78.68,78.79,82920.69,82920.69,6533248.1866,1
2026-07-10T11:30:00+08:00,1783654200000,78.79,78.98,78.7,78.95,58101.69,58101.69,4582279.5885,1
2026-07-10T11:45:00+08:00,1783655100000,78.95,79.08,78.88,79.01,72771.44,72771.44,5746892.1117,1
2026-07-10T12:00:00+08:00,1783656000000,79.02,79.07,78.93,79.01,84892.42,84892.42,6706038.9238,1
2026-07-10T12:15:00+08:00,1783656900000,79.01,79.06,78.84,78.85,43012.5,43012.5,3396339.3381,1
2026-07-10T12:30:00+08:00,1783657800000,78.85,79.04,78.79,78.94,67300.82,67300.82,5312286.2256,1
2026-07-10T12:45:00+08:00,1783658700000,78.95,79.04,78.9,78.92,46541.84,46541.84,3675114.0211,1
2026-07-10T13:00:00+08:00,1783659600000,78.93,78.99,78.82,78.88,56748.72,56748.72,4477711.2927,1
2026-07-10T13:15:00+08:00,1783660500000,78.89,79.04,78.88,79.04,61490.42,61490.42,4855609.3438,1
2026-07-10T13:30:00+08:00,1783661400000,79.04,79.33,78.97,79.2,124674.33,124674.33,9870046.2925,1
2026-07-10T13:45:00+08:00,1783662300000,79.19,79.21,79.07,79.14,29456.87,29456.87,2331500.4944,1
2026-07-10T14:00:00+08:00,1783663200000,79.13,79.19,79.05,79.08,33402.29,33402.29,2642204.2371,1
2026-07-10T14:15:00+08:00,1783664100000,79.07,79.08,78.83,78.89,60458.73,60458.73,4771247.2432,1
2026-07-10T14:30:00+08:00,1783665000000,78.9,78.99,78.87,78.92,51766.97,51766.97,4085755.4774,1
2026-07-10T14:45:00+08:00,1783665900000,78.92,78.97,78.82,78.86,34483.95,34483.95,2720108.065,1
2026-07-10T15:00:00+08:00,1783666800000,78.87,79.03,78.78,79.02,47180.37,47180.37,3722219.5903,1
2026-07-10T15:15:00+08:00,1783667700000,79.03,79.04,78.93,78.94,21934.23,21934.23,1732363.7974,1
2026-07-10T15:30:00+08:00,1783668600000,78.95,78.95,78.75,78.75,46139.87,46139.87,3636027.1574,1
2026-07-10T15:45:00+08:00,1783669500000,78.75,78.84,78.7,78.82,43486.66,43486.66,3425499.8178,1
2026-07-10T16:00:00+08:00,1783670400000,78.83,78.95,78.75,78.93,48232.71,48232.71,3803615.704,1
2026-07-10T16:15:00+08:00,1783671300000,78.93,79.35,78.93,79.3,185798.38,185798.38,14712793.1348,1
2026-07-10T16:30:00+08:00,1783672200000,79.31,79.38,79.22,79.32,91129.02,91129.02,7227335.755,1
2026-07-10T16:45:00+08:00,1783673100000,79.32,79.36,79.15,79.16,177239.78,177239.78,14047572.7339,1
2026-07-10T17:00:00+08:00,1783674000000,79.15,79.19,78.89,78.96,121815.84,121815.84,9631904.8125,1
2026-07-10T17:15:00+08:00,1783674900000,78.96,79.19,78.95,79.16,51255.39,51255.39,4053092.8009,1
2026-07-10T17:30:00+08:00,1783675800000,79.16,79.29,79.1,79.29,168368.52,168368.52,13335870.088,1
2026-07-10T17:45:00+08:00,1783676700000,79.28,79.34,79.1,79.17,72875.22,72875.22,5772265.8779,1
2026-07-10T18:00:00+08:00,1783677600000,79.18,79.23,79.09,79.13,39967.84,39967.84,3163015.4665,1
2026-07-10T18:15:00+08:00,1783678500000,79.13,79.64,79.12,79.58,187286.47,187286.47,14874676.0333,1
2026-07-10T18:30:00+08:00,1783679400000,79.57,79.6,79.38,79.49,109579.62,109579.62,8712439.8857,1
2026-07-10T18:45:00+08:00,1783680300000,79.5,79.52,79.34,79.34,85468.56,85468.56,6787356.6053,1
2026-07-10T19:00:00+08:00,1783681200000,79.35,79.52,79.26,79.4,186829.15,186829.15,14827886.2229,1
2026-07-10T19:15:00+08:00,1783682100000,79.4,79.48,79.27,79.33,56999.07,56999.07,4526297.8341,1
2026-07-10T19:30:00+08:00,1783683000000,79.33,79.33,79.14,79.27,54667.37,54667.37,4331629.4538,1
2026-07-10T19:45:00+08:00,1783683900000,79.27,79.41,79.22,79.33,50817.22,50817.22,4031817.3531,1
2026-07-10T20:00:00+08:00,1783684800000,79.33,79.52,79.13,79.39,129915.39,129915.39,10307401.9466,1
2026-07-10T20:15:00+08:00,1783685700000,79.39,79.4,79.2,79.31,41273.9,41273.9,3272479.6929,1
2026-07-10T20:30:00+08:00,1783686600000,79.3,79.31,78.96,78.97,109658.65,109658.65,8677357.1188,1
2026-07-10T20:45:00+08:00,1783687500000,78.98,79,78.86,78.87,88192.57,88192.57,6961034.1575,1
2026-07-10T21:00:00+08:00,1783688400000,78.86,78.96,78.81,78.85,45738.81,45738.81,3608107.6954,1
2026-07-10T21:15:00+08:00,1783689300000,78.84,78.93,78.79,78.84,65811.63,65811.63,5189746.9284,1
2026-07-10T21:30:00+08:00,1783690200000,78.84,79.04,78.71,78.92,139431.98,139431.98,11000121.0868,1
2026-07-10T21:45:00+08:00,1783691100000,78.91,79.3,78.91,78.93,133738.72,133738.72,10577625.0194,1
2026-07-10T22:00:00+08:00,1783692000000,78.93,78.93,78.18,78.22,287213.32,287213.32,22544653.2839,1
2026-07-10T22:15:00+08:00,1783692900000,78.23,78.29,77.54,77.7,518018.93,518018.93,40349813.3138,1
2026-07-10T22:30:00+08:00,1783693800000,77.71,77.91,77.02,77.71,670235.67,670235.67,51910538.648,1
2026-07-10T22:45:00+08:00,1783694700000,77.71,78.24,77.58,77.85,408584.29,408584.29,31850082.1088,1
2026-07-10T23:00:00+08:00,1783695600000,77.85,78.21,77.73,77.89,158908.87,158908.87,12395152.9432,1
2026-07-10T23:15:00+08:00,1783696500000,77.89,78.33,77.89,78.27,200801.68,200801.68,15687201.9625,1
2026-07-10T23:30:00+08:00,1783697400000,78.28,78.32,77.95,78.1,68929.44,68929.44,5385298.2237,1
2026-07-10T23:45:00+08:00,1783698300000,78.11,78.19,77.94,78.11,58570.12,58570.12,4572933.1461,1
2026-07-11T00:00:00+08:00,1783699200000,78.1,78.14,77.86,78.1,195377.52,195377.52,15240001.8208,1
2026-07-11T00:15:00+08:00,1783700100000,78.11,78.24,77.86,77.9,62610.98,62610.98,4885266.4476,1
2026-07-11T00:30:00+08:00,1783701000000,77.9,77.97,77.61,77.82,71998.91,71998.91,5598908.3634,1
2026-07-11T00:45:00+08:00,1783701900000,77.81,78.18,77.77,78.11,46172.22,46172.22,3599688.5224,1
2026-07-11T01:00:00+08:00,1783702800000,78.11,78.14,77.76,77.77,69935.4,69935.4,5447882.2364,1
2026-07-11T01:15:00+08:00,1783703700000,77.76,77.86,77.65,77.79,69743.13,69743.13,5424627.5669,1
2026-07-11T01:30:00+08:00,1783704600000,77.79,77.8,77.61,77.69,78733.54,78733.54,6117348.2668,1
2026-07-11T01:45:00+08:00,1783705500000,77.69,77.77,77.54,77.54,50800.04,50800.04,3943387.0821,1
2026-07-11T02:00:00+08:00,1783706400000,77.54,77.85,77.53,77.63,74114.45,74114.45,5759227.4391,1
2026-07-11T02:15:00+08:00,1783707300000,77.62,77.75,77.55,77.64,58299.94,58299.94,4527443.7427,1
2026-07-11T02:30:00+08:00,1783708200000,77.65,77.72,77.42,77.44,67202.49,67202.49,5209915.5294,1
2026-07-11T02:45:00+08:00,1783709100000,77.44,77.5,77.3,77.5,112477,112477,8703818.6665,1
2026-07-11T03:00:00+08:00,1783710000000,77.49,77.69,77.41,77.65,46015.4,46015.4,3567742.6842,1
2026-07-11T03:15:00+08:00,1783710900000,77.64,77.81,77.56,77.76,54709.26,54709.26,4250522.2778,1
2026-07-11T03:30:00+08:00,1783711800000,77.76,78.04,77.73,77.92,98276.41,98276.41,7658871.1985,1
2026-07-11T03:45:00+08:00,1783712700000,77.92,77.99,77.84,77.85,55017.92,55017.92,4286138.8394,1
2026-07-11T04:00:00+08:00,1783713600000,77.86,77.9,77.73,77.88,32963.81,32963.81,2564842.9908,1
2026-07-11T04:15:00+08:00,1783714500000,77.88,77.96,77.67,77.76,66787.62,66787.62,5195009.9623,1
2026-07-11T04:30:00+08:00,1783715400000,77.76,77.93,77.74,77.85,28543.74,28543.74,2221985.369,1
2026-07-11T04:45:00+08:00,1783716300000,77.84,77.87,77.7,77.71,19357.13,19357.13,1505802.9143,1
2026-07-11T05:00:00+08:00,1783717200000,77.71,77.91,77.69,77.86,35715.2,35715.2,2779696.3421,1
2026-07-11T05:15:00+08:00,1783718100000,77.86,77.95,77.8,77.92,20736.23,20736.23,1615027.6336,1
2026-07-11T05:30:00+08:00,1783719000000,77.92,78.07,77.92,77.98,36586.75,36586.75,2853469.8407,1
2026-07-11T05:45:00+08:00,1783719900000,77.99,77.99,77.86,77.94,38653.38,38653.38,3011908.7873,1
2026-07-11T06:00:00+08:00,1783720800000,77.94,78.32,77.89,78.02,84521.94,84521.94,6604035.8992,1
2026-07-11T06:15:00+08:00,1783721700000,78.02,78.06,77.91,78.02,18299.98,18299.98,1427221.341,1
2026-07-11T06:30:00+08:00,1783722600000,78.02,78.08,77.97,78.01,26262.32,26262.32,2049027.7031,1
2026-07-11T06:45:00+08:00,1783723500000,78.01,78.21,77.99,78.11,39206.59,39206.59,3063030.7658,1
2026-07-11T07:00:00+08:00,1783724400000,78.11,78.16,77.88,77.99,44372.36,44372.36,3460241.9667,1
2026-07-11T07:15:00+08:00,1783725300000,77.99,78.08,77.95,78.05,32052.07,32052.07,2501531.6811,1
2026-07-11T07:30:00+08:00,1783726200000,78.04,78.07,77.97,78.07,22321.35,22321.35,1741504.9444,1
2026-07-11T07:45:00+08:00,1783727100000,78.07,78.1,78.01,78.08,32869.22,32869.22,2565783.8688,1
2026-07-11T08:00:00+08:00,1783728000000,78.08,78.08,77.85,77.89,43848.11,43848.11,3418628.2037,1
2026-07-11T08:15:00+08:00,1783728900000,77.89,77.98,77.78,77.91,28979.32,28979.32,2256306.7324,1
2026-07-11T08:30:00+08:00,1783729800000,77.91,77.93,77.75,77.89,28319.89,28319.89,2204142.8535,1
2026-07-11T08:45:00+08:00,1783730700000,77.89,77.9,77.74,77.79,24470.3,24470.3,1903605.3656,1
2026-07-11T09:00:00+08:00,1783731600000,77.79,77.84,77.69,77.75,31622.07,31622.07,2458509.8568,1
2026-07-11T09:15:00+08:00,1783732500000,77.74,78.02,77.74,77.95,33594.41,33594.41,2617303.6718,1
2026-07-11T09:30:00+08:00,1783733400000,77.96,78.02,77.41,77.49,112830.39,112830.39,8759258.8337,1
2026-07-11T09:45:00+08:00,1783734300000,77.5,77.67,77.47,77.49,35994,35994,2791959.5777,1
2026-07-11T10:00:00+08:00,1783735200000,77.5,77.63,77.44,77.53,38088.98,38088.98,2953111.4373,1
2026-07-11T10:15:00+08:00,1783736100000,77.54,77.66,77.52,77.61,11742.94,11742.94,911205.6328,1
2026-07-11T10:30:00+08:00,1783737000000,77.62,77.74,77.58,77.72,30173.29,30173.29,2343273.718,1
2026-07-11T10:45:00+08:00,1783737900000,77.72,77.78,77.68,77.73,28621.81,28621.81,2224924.1346,1
2026-07-11T11:00:00+08:00,1783738800000,77.74,77.76,77.61,77.73,23055.29,23055.29,1791003.4454,1
2026-07-11T11:15:00+08:00,1783739700000,77.73,77.78,77.56,77.66,40347.46,40347.46,3134404.6399,1
2026-07-11T11:30:00+08:00,1783740600000,77.65,77.82,77.62,77.79,26584.92,26584.92,2066339.3063,1
2026-07-11T11:45:00+08:00,1783741500000,77.8,77.83,77.72,77.73,20296.15,20296.15,1578681.0747,1
2026-07-11T12:00:00+08:00,1783742400000,77.73,77.79,77.6,77.69,25641.15,25641.15,1991900.6017,1
2026-07-11T12:15:00+08:00,1783743300000,77.69,77.74,77.6,77.65,23091.9,23091.9,1793173.8326,1
2026-07-11T12:30:00+08:00,1783744200000,77.64,77.81,77.64,77.72,19160.58,19160.58,1489686.7015,1
2026-07-11T12:45:00+08:00,1783745100000,77.72,77.77,77.62,77.68,17669.61,17669.61,1372605.1746,1
2026-07-11T13:00:00+08:00,1783746000000,77.68,77.76,77.54,77.7,29255.33,29255.33,2271452.1492,1
2026-07-11T13:15:00+08:00,1783746900000,77.7,77.84,77.66,77.81,17394.02,17394.02,1352995.928,1
2026-07-11T13:30:00+08:00,1783747800000,77.81,77.95,77.77,77.82,52106.02,52106.02,4056911.2697,1
2026-07-11T13:45:00+08:00,1783748700000,77.82,77.87,77.75,77.85,13128.37,13128.37,1021351.7661,1
2026-07-11T14:00:00+08:00,1783749600000,77.86,77.86,77.73,77.77,29063.14,29063.14,2260440.6544,1
2026-07-11T14:15:00+08:00,1783750500000,77.78,78,77.76,77.92,64153.78,64153.78,4999882.0937,1
2026-07-11T14:30:00+08:00,1783751400000,77.92,78.07,77.92,78.02,35100.29,35100.29,2738515.2294,1
2026-07-11T14:45:00+08:00,1783752300000,78.02,78.07,77.92,78,29023.72,29023.72,2263653.4312,1
2026-07-11T15:00:00+08:00,1783753200000,77.99,78.05,77.88,77.93,41333.15,41333.15,3222435.5679,1
2026-07-11T15:15:00+08:00,1783754100000,77.93,78.04,77.92,77.98,19647.23,19647.23,1532052.8059,1
2026-07-11T15:30:00+08:00,1783755000000,77.99,78.04,77.94,77.94,18373.34,18373.34,1432964.3452,1
2026-07-11T15:45:00+08:00,1783755900000,77.94,77.97,77.92,77.92,17912.31,17912.31,1396107.9855,1
2026-07-11T16:00:00+08:00,1783756800000,77.92,78.03,77.89,77.97,30410.85,30410.85,2370791.8499,1
2026-07-11T16:15:00+08:00,1783757700000,77.97,78.03,77.96,77.97,17414.02,17414.02,1358267.4726,1
2026-07-11T16:30:00+08:00,1783758600000,77.97,78.17,77.96,78.02,59113.16,59113.16,4614302.0941,1
2026-07-11T16:45:00+08:00,1783759500000,78.02,78.12,77.97,78.12,28739.73,28739.73,2243541.9866,1
2026-07-11T17:00:00+08:00,1783760400000,78.12,78.3,78.07,78.08,107566.56,107566.56,8410765.7352,1
2026-07-11T17:15:00+08:00,1783761300000,78.09,78.16,77.99,78.04,37463.69,37463.69,2924248.2674,1
2026-07-11T17:30:00+08:00,1783762200000,78.04,78.05,77.85,77.92,45972.93,45972.93,3583368.9895,1
2026-07-11T17:45:00+08:00,1783763100000,77.92,77.95,77.77,77.79,78014.51,78014.51,6074618.0848,1
2026-07-11T18:00:00+08:00,1783764000000,77.79,77.88,77.62,77.88,103533.84,103533.84,8050496.9504,1
2026-07-11T18:15:00+08:00,1783764900000,77.88,77.89,77.73,77.89,28778.41,28778.41,2239108.1092,1
2026-07-11T18:30:00+08:00,1783765800000,77.89,77.98,77.8,77.91,42963.91,42963.91,3346249.4974,1
2026-07-11T18:45:00+08:00,1783766700000,77.91,78.05,77.91,78.02,65980.81,65980.81,5146859.5284,1
2026-07-11T19:00:00+08:00,1783767600000,78.02,78.05,77.93,78.02,34851.82,34851.82,2718022.3738,1
2026-07-11T19:15:00+08:00,1783768500000,78.01,78.03,77.94,77.99,17642.67,17642.67,1375876.4162,1
2026-07-11T19:30:00+08:00,1783769400000,78,78.07,77.95,78.02,13649.17,13649.17,1064795.5208,1
2026-07-11T19:45:00+08:00,1783770300000,78.03,78.09,78,78.05,31180.55,31180.55,2433152.1054,1
2026-07-11T20:00:00+08:00,1783771200000,78.06,78.18,77.93,78.05,47285.76,47285.76,3690609.7223,1
2026-07-11T20:15:00+08:00,1783772100000,78.05,78.08,77.96,78.04,16512.44,16512.44,1288167.213,1
2026-07-11T20:30:00+08:00,1783773000000,78.03,78.06,77.89,77.91,37343.46,37343.46,2911822.0549,1
2026-07-11T20:45:00+08:00,1783773900000,77.92,78.06,77.91,78.03,16744.98,16744.98,1306328.6147,1
2026-07-11T21:00:00+08:00,1783774800000,78.04,78.06,77.98,78.05,18362.39,18362.39,1432689.5816,1
2026-07-11T21:15:00+08:00,1783775700000,78.06,78.23,78.02,78.18,54315.41,54315.41,4245020.6715,1
2026-07-11T21:30:00+08:00,1783776600000,78.17,78.41,78.1,78.13,62330.78,62330.78,4877677.0591,1
2026-07-11T21:45:00+08:00,1783777500000,78.12,78.22,78.1,78.13,33812.26,33812.26,2643053.0261,1
2026-07-11T22:00:00+08:00,1783778400000,78.13,78.28,78.11,78.22,41718.31,41718.31,3263326.7251,1
2026-07-11T22:15:00+08:00,1783779300000,78.22,78.48,78.2,78.33,82996.39,82996.39,6504374.856,1
2026-07-11T22:30:00+08:00,1783780200000,78.33,78.7,78.32,78.53,194869.04,194869.04,15303980.3491,1
2026-07-11T22:45:00+08:00,1783781100000,78.54,78.56,78.42,78.45,33631.8,33631.8,2639783.985,1
2026-07-11T23:00:00+08:00,1783782000000,78.45,78.71,78.45,78.57,93516.35,93516.35,7350573.1041,1
2026-07-11T23:15:00+08:00,1783782900000,78.57,78.86,78.48,78.69,145944.48,145944.48,11487524.2059,1
2026-07-11T23:30:00+08:00,1783783800000,78.69,78.7,78.08,78.17,285711.67,285711.67,22365710.7515,1
2026-07-11T23:45:00+08:00,1783784700000,78.17,78.41,77.89,78.33,247514.08,247514.08,19337037.8809,1
2026-07-12T00:00:00+08:00,1783785600000,78.33,78.36,78.09,78.27,78512.51,78512.51,6140691.5501,1
2026-07-12T00:15:00+08:00,1783786500000,78.28,78.28,78.02,78.12,126585.35,126585.35,9890837.0403,1
2026-07-12T00:30:00+08:00,1783787400000,78.12,78.22,77.73,77.78,216076.03,216076.03,16835885.9126,1
2026-07-12T00:45:00+08:00,1783788300000,77.78,77.93,77.59,77.9,131954.77,131954.77,10261342.5881,1
2026-07-12T01:00:00+08:00,1783789200000,77.91,77.94,77.79,77.89,35635.54,35635.54,2775436.2465,1
2026-07-12T01:15:00+08:00,1783790100000,77.89,78,77.79,77.99,30815.95,30815.95,2400206.061,1
2026-07-12T01:30:00+08:00,1783791000000,77.99,78.17,77.96,78.1,67536.14,67536.14,5272537.7535,1
2026-07-12T01:45:00+08:00,1783791900000,78.1,78.16,77.98,78.05,38734.95,38734.95,3023228.5083,1
2026-07-12T02:00:00+08:00,1783792800000,78.05,78.09,77.97,78.03,43260.66,43260.66,3376386.301,1
2026-07-12T02:15:00+08:00,1783793700000,78.03,78.3,78.02,78.17,42066.34,42066.34,3289353.3822,1
2026-07-12T02:30:00+08:00,1783794600000,78.17,78.2,78.07,78.13,44177.36,44177.36,3451483.6788,1
2026-07-12T02:45:00+08:00,1783795500000,78.12,78.12,78,78.04,33756.49,33756.49,2634713.182,1
2026-07-12T03:00:00+08:00,1783796400000,78.05,78.08,78,78.02,28218.93,28218.93,2202157.182,1
2026-07-12T03:15:00+08:00,1783797300000,78.02,78.07,77.84,77.86,42679.46,42679.46,3327430.482,1
2026-07-12T03:30:00+08:00,1783798200000,77.87,78.03,77.84,77.98,36159.35,36159.35,2818650.2844,1
2026-07-12T03:45:00+08:00,1783799100000,77.98,78.11,77.92,78.1,34124.38,34124.38,2662181.5184,1
2026-07-12T04:00:00+08:00,1783800000000,78.1,78.16,78.07,78.12,18909.99,18909.99,1477079.9803,1
2026-07-12T04:15:00+08:00,1783800900000,78.11,78.19,78.11,78.18,16062.16,16062.16,1255301.2332,1
2026-07-12T04:30:00+08:00,1783801800000,78.19,78.24,78.13,78.18,13330.68,13330.68,1042276.08,1
2026-07-12T04:45:00+08:00,1783802700000,78.18,78.21,78.11,78.12,8276.18,8276.18,646785.3078,1
2026-07-12T05:00:00+08:00,1783803600000,78.12,78.27,78.12,78.24,33620.52,33620.52,2629652.7411,1
2026-07-12T05:15:00+08:00,1783804500000,78.24,78.3,78.16,78.19,30182.26,30182.26,2361197.804,1
2026-07-12T05:30:00+08:00,1783805400000,78.2,78.25,78.1,78.16,22237.36,22237.36,1738448.4579,1
2026-07-12T05:45:00+08:00,1783806300000,78.15,78.26,78.12,78.18,14086.27,14086.27,1101478.6826,1
2026-07-12T06:00:00+08:00,1783807200000,78.18,78.24,78.04,78.18,22646.79,22646.79,1769819.5537,1
2026-07-12T06:15:00+08:00,1783808100000,78.17,78.17,77.69,77.89,106260.45,106260.45,8269640.0149,1
2026-07-12T06:30:00+08:00,1783809000000,77.9,78.01,77.82,77.92,56632.48,56632.48,4413657.8115,1
2026-07-12T06:45:00+08:00,1783809900000,77.91,77.93,77.73,77.84,33142.26,33142.26,2578922.2069,1
2026-07-12T07:00:00+08:00,1783810800000,77.84,77.88,77.4,77.55,118977.24,118977.24,9228250.6937,1
2026-07-12T07:15:00+08:00,1783811700000,77.54,77.55,76.8,76.93,403247.92,403247.92,31085557.4733,1
2026-07-12T07:30:00+08:00,1783812600000,76.93,77,76.71,76.94,213786.04,213786.04,16431740.6579,1
2026-07-12T07:45:00+08:00,1783813500000,76.94,77.08,76.71,76.71,110257.34,110257.34,8477112.0963,1
2026-07-12T08:00:00+08:00,1783814400000,76.71,76.82,76.33,76.36,295594.31,295594.31,22625319.3768,1
2026-07-12T08:15:00+08:00,1783815300000,76.35,76.52,76.28,76.3,118024.33,118024.33,9018105.8563,1
2026-07-12T08:30:00+08:00,1783816200000,76.3,76.31,75.58,75.98,554299.52,554299.52,42052768.0437,1
2026-07-12T08:45:00+08:00,1783817100000,75.99,76.11,75.85,76.05,116695.03,116695.03,8868914.4318,1
2026-07-12T09:00:00+08:00,1783818000000,76.05,76.31,75.98,76.13,117425.4,117425.4,8941896.4304,1
2026-07-12T09:15:00+08:00,1783818900000,76.12,76.66,76.07,76.57,213700.12,213700.12,16339304.1388,1
2026-07-12T09:30:00+08:00,1783819800000,76.56,76.81,76.53,76.77,142056.62,142056.62,10891650.4075,1
2026-07-12T09:45:00+08:00,1783820700000,76.77,76.83,76.69,76.78,62919.52,62919.52,4829464.8948,1
2026-07-12T10:00:00+08:00,1783821600000,76.78,76.8,76.58,76.67,77695.55,77695.55,5959119.7692,1
2026-07-12T10:15:00+08:00,1783822500000,76.66,76.85,76.64,76.8,62332.38,62332.38,4785938.0548,1
2026-07-12T10:30:00+08:00,1783823400000,76.81,76.84,76.65,76.7,33554.43,33554.43,2575271.3261,1
2026-07-12T10:45:00+08:00,1783824300000,76.7,76.86,76.68,76.79,69769.65,69769.65,5355933.6977,1
2026-07-12T11:00:00+08:00,1783825200000,76.79,76.92,76.66,76.84,71963.67,71963.67,5528658.7353,1
2026-07-12T11:15:00+08:00,1783826100000,76.84,76.97,76.77,76.93,71668.92,71668.92,5509367.0772,1
2026-07-12T11:30:00+08:00,1783827000000,76.94,77.04,76.85,76.9,80160.45,80160.45,6169304.6316,1
2026-07-12T11:45:00+08:00,1783827900000,76.9,77,76.86,76.99,35350.26,35350.26,2719621.0406,1
2026-07-12T12:00:00+08:00,1783828800000,76.99,77.02,76.82,76.87,53352.87,53352.87,4102962.7324,1
2026-07-12T12:15:00+08:00,1783829700000,76.86,77.02,76.76,76.83,53980.97,53980.97,4149825.6408,1
2026-07-12T12:30:00+08:00,1783830600000,76.83,76.86,76.58,76.75,93969.68,93969.68,7206098.5652,1
2026-07-12T12:45:00+08:00,1783831500000,76.75,76.76,76.56,76.67,54530.17,54530.17,4177717.2589,1
2026-07-12T13:00:00+08:00,1783832400000,76.67,76.77,76.61,76.67,49947.77,49947.77,3831193.8613,1
2026-07-12T13:15:00+08:00,1783833300000,76.68,76.68,76.35,76.4,104399.35,104399.35,7984075.0075,1
2026-07-12T13:30:00+08:00,1783834200000,76.4,76.5,76.34,76.49,69535.94,69535.94,5315986.6843,1
2026-07-12T13:45:00+08:00,1783835100000,76.49,76.5,76.39,76.4,29388.21,29388.21,2246552.7316,1
2026-07-12T14:00:00+08:00,1783836000000,76.39,76.39,75.95,75.99,203458.52,203458.52,15488540.692,1
2026-07-12T14:15:00+08:00,1783836900000,75.99,76.11,75.8,75.9,147693.2,147693.2,11221232.6843,1
2026-07-12T14:30:00+08:00,1783837800000,75.89,76.19,75.85,76.18,113287.88,113287.88,8616102.8694,1
2026-07-12T14:45:00+08:00,1783838700000,76.18,76.35,76.15,76.31,59369.5,59369.5,4527250.0788,1
2026-07-12T15:00:00+08:00,1783839600000,76.32,76.53,76.27,76.51,99700.25,99700.25,7622020.0054,1
2026-07-12T15:15:00+08:00,1783840500000,76.51,76.67,76.46,76.5,137182.07,137182.07,10503822.9786,1
2026-07-12T15:30:00+08:00,1783841400000,76.5,76.53,76.44,76.47,42329.84,42329.84,3237187.2735,1
2026-07-12T15:45:00+08:00,1783842300000,76.47,76.51,76.38,76.47,39209.61,39209.61,2997605.5418,1
2026-07-12T16:00:00+08:00,1783843200000,76.46,76.8,76.42,76.66,90403.66,90403.66,6926695.5443,1
2026-07-12T16:15:00+08:00,1783844100000,76.66,76.75,76.56,76.59,68979.28,68979.28,5285344.1036,1
2026-07-12T16:30:00+08:00,1783845000000,76.58,76.65,76.56,76.65,24192.18,24192.18,1853140.7832,1
2026-07-12T16:45:00+08:00,1783845900000,76.65,76.69,76.55,76.66,43329.7,43329.7,3320258.3637,1
2026-07-12T17:00:00+08:00,1783846800000,76.67,76.71,76.53,76.54,42000.99,42000.99,3218434.1491,1
2026-07-12T17:15:00+08:00,1783847700000,76.55,76.55,76.34,76.49,122320.24,122320.24,9351900.9304,1
2026-07-12T17:30:00+08:00,1783848600000,76.5,76.86,76.49,76.8,79377.4,79377.4,6089149.381,1
2026-07-12T17:45:00+08:00,1783849500000,76.81,76.87,76.69,76.71,38757.85,38757.85,2975750.403,1
2026-07-12T18:00:00+08:00,1783850400000,76.72,76.73,76.61,76.69,47763.9,47763.9,3662472.2342,1
2026-07-12T18:15:00+08:00,1783851300000,76.69,76.82,76.62,76.73,28671.37,28671.37,2199949.1485,1
2026-07-12T18:30:00+08:00,1783852200000,76.74,76.78,76.66,76.71,22469.97,22469.97,1724222.1031,1
2026-07-12T18:45:00+08:00,1783853100000,76.72,76.74,76.65,76.67,19181.06,19181.06,1470934.2742,1
2026-07-12T19:00:00+08:00,1783854000000,76.68,76.73,76.48,76.62,43392.09,43392.09,3322933.2894,1
2026-07-12T19:15:00+08:00,1783854900000,76.63,76.82,76.62,76.79,44488.97,44488.97,3414639.5974,1
2026-07-12T19:30:00+08:00,1783855800000,76.8,76.96,76.8,76.93,63585.09,63585.09,4889657.2264,1
2026-07-12T19:45:00+08:00,1783856700000,76.92,77.23,76.88,76.88,129251.23,129251.23,9961664.956,1
2026-07-12T20:00:00+08:00,1783857600000,76.88,77.02,76.74,77.02,80507.69,80507.69,6187152.9649,1
2026-07-12T20:15:00+08:00,1783858500000,77.02,77.1,76.96,77.06,55814.72,55814.72,4299851.142,1
2026-07-12T20:30:00+08:00,1783859400000,77.07,77.16,77.02,77.12,50827.01,50827.01,3918532.7248,1
2026-07-12T20:45:00+08:00,1783860300000,77.12,77.21,77.01,77.14,50899.95,50899.95,3924260.2174,1
2026-07-12T21:00:00+08:00,1783861200000,77.13,77.44,77.07,77.27,166339.84,166339.84,12857731.7476,1
2026-07-12T21:15:00+08:00,1783862100000,77.26,77.32,77.14,77.24,52702.8,52702.8,4069559.7217,1
2026-07-12T21:30:00+08:00,1783863000000,77.24,77.35,77.2,77.23,60650.93,60650.93,4685317.7795,1
2026-07-12T21:45:00+08:00,1783863900000,77.23,77.27,77.08,77.11,41288.39,41288.39,3185111.0054,1
2026-07-12T22:00:00+08:00,1783864800000,77.11,77.13,76.92,76.96,93794.39,93794.39,7225093.853,1
2026-07-12T22:15:00+08:00,1783865700000,76.96,77.01,76.93,76.99,62909.65,62909.65,4842360.3699,1
2026-07-12T22:30:00+08:00,1783866600000,76.99,77.18,76.99,77.16,39595.97,39595.97,3053441.7479,1
2026-07-12T22:45:00+08:00,1783867500000,77.16,77.7,77.12,77.5,273316.88,273316.88,21175777.4327,1
2026-07-12T23:00:00+08:00,1783868400000,77.5,77.59,77.34,77.48,114308.83,114308.83,8854753.8581,1
2026-07-12T23:15:00+08:00,1783869300000,77.48,77.55,77.35,77.51,48078.96,48078.96,3722723.9759,1
2026-07-12T23:30:00+08:00,1783870200000,77.5,77.54,77.24,77.3,73660.02,73660.02,5696004.0053,1
2026-07-12T23:45:00+08:00,1783871100000,77.3,77.5,77.27,77.42,135647.85,135647.85,10494610.9343,1
2026-07-13T00:00:00+08:00,1783872000000,77.43,77.64,77.35,77.36,144892.48,144892.48,11227685.9006,1
2026-07-13T00:15:00+08:00,1783872900000,77.36,77.55,77.35,77.52,45870.68,45870.68,3553748.6736,1
2026-07-13T00:30:00+08:00,1783873800000,77.52,77.54,77.34,77.46,23179.29,23179.29,1794603.8827,1
2026-07-13T00:45:00+08:00,1783874700000,77.47,77.62,77.45,77.49,60242,60242,4670926.9632,1
2026-07-13T01:00:00+08:00,1783875600000,77.49,77.54,77.41,77.45,19178.94,19178.94,1485838.996,1
2026-07-13T01:15:00+08:00,1783876500000,77.45,77.46,77.37,77.38,22448.84,22448.84,1737830.0381,1
2026-07-13T01:30:00+08:00,1783877400000,77.37,77.57,77.36,77.5,21658.99,21658.99,1677959.8957,1
2026-07-13T01:45:00+08:00,1783878300000,77.51,77.51,77.16,77.3,79254.4,79254.4,6126377.5558,1
2026-07-13T02:00:00+08:00,1783879200000,77.3,77.44,77.25,77.32,34400.01,34400.01,2659674.2517,1
2026-07-13T02:15:00+08:00,1783880100000,77.32,77.38,77.2,77.32,25848.33,25848.33,1997425.0775,1
2026-07-13T02:30:00+08:00,1783881000000,77.32,77.54,77.31,77.49,51141.19,51141.19,3961220.1299,1
2026-07-13T02:45:00+08:00,1783881900000,77.49,77.6,77.48,77.54,22824.84,22824.84,1770141.0924,1
2026-07-13T03:00:00+08:00,1783882800000,77.53,77.6,77.43,77.48,24159.48,24159.48,1872803.5805,1
2026-07-13T03:15:00+08:00,1783883700000,77.48,77.59,77.47,77.52,18227.78,18227.78,1413284.0393,1
2026-07-13T03:30:00+08:00,1783884600000,77.52,77.53,77.39,77.44,15171.64,15171.64,1175012.3356,1
2026-07-13T03:45:00+08:00,1783885500000,77.44,77.76,77.43,77.63,41931.68,41931.68,3255921.3314,1
2026-07-13T04:00:00+08:00,1783886400000,77.63,77.68,77.5,77.53,16572.23,16572.23,1285478.6739,1
2026-07-13T04:15:00+08:00,1783887300000,77.54,77.54,77.43,77.48,10445.29,10445.29,809395.4484,1
2026-07-13T04:30:00+08:00,1783888200000,77.48,77.56,77.4,77.54,15507.94,15507.94,1201425.0043,1
2026-07-13T04:45:00+08:00,1783889100000,77.54,77.56,77.4,77.41,26692.35,26692.35,2067312.863,1
2026-07-13T05:00:00+08:00,1783890000000,77.42,77.65,77.4,77.5,39784.56,39784.56,3084347.6378,1
2026-07-13T05:15:00+08:00,1783890900000,77.5,77.52,77.17,77.24,59593.89,59593.89,4606710.046,1
2026-07-13T05:30:00+08:00,1783891800000,77.23,77.24,77.03,77.18,63435.53,63435.53,4893403.0558,1
2026-07-13T05:45:00+08:00,1783892700000,77.17,77.24,76.92,77.07,76745.39,76745.39,5913627.0032,1
2026-07-13T06:00:00+08:00,1783893600000,77.06,77.06,76.51,76.66,241935.23,241935.23,18563148.4371,1
2026-07-13T06:15:00+08:00,1783894500000,76.65,76.74,76.41,76.66,91023.87,91023.87,6970171.822,1
2026-07-13T06:30:00+08:00,1783895400000,76.66,76.77,76.54,76.55,47405.94,47405.94,3633001.7678,1
2026-07-13T06:45:00+08:00,1783896300000,76.55,76.77,76.44,76.71,46511.08,46511.08,3563115.8232,1
2026-07-13T07:00:00+08:00,1783897200000,76.72,76.78,76.6,76.73,43463.25,43463.25,3332503.6524,1
2026-07-13T07:15:00+08:00,1783898100000,76.72,76.78,76.67,76.74,38616.4,38616.4,2962626.5797,1
2026-07-13T07:30:00+08:00,1783899000000,76.74,76.82,76.62,76.76,39255.72,39255.72,3011780.2104,1
2026-07-13T07:45:00+08:00,1783899900000,76.76,76.91,76.62,76.87,64982.87,64982.87,4991712.1878,1
2026-07-13T08:00:00+08:00,1783900800000,76.87,78.19,76.77,77.99,517884.62,517884.62,40223625.5126,1
2026-07-13T08:15:00+08:00,1783901700000,77.99,78.16,77.65,77.67,196598.9,196598.9,15314673.7106,1
2026-07-13T08:30:00+08:00,1783902600000,77.67,77.73,76.86,77.14,254099.81,254099.81,19629374.0908,1
2026-07-13T08:45:00+08:00,1783903500000,77.14,77.58,77.12,77.46,117499.7,117499.7,9095394.9912,1
2026-07-13T09:00:00+08:00,1783904400000,77.46,77.62,76.91,77.25,149601.45,149601.45,11552588.0345,1
2026-07-13T09:15:00+08:00,1783905300000,77.25,77.48,76.94,76.99,105451.06,105451.06,8135603.6644,1
2026-07-13T09:30:00+08:00,1783906200000,76.99,77.07,76.74,76.98,123908.08,123908.08,9527765.9513,1
2026-07-13T09:45:00+08:00,1783907100000,76.98,76.99,76.22,76.26,253872.65,253872.65,19438590.9074,1
2026-07-13T10:00:00+08:00,1783908000000,76.27,76.43,76.08,76.37,186691.58,186691.58,14238122.5423,1
2026-07-13T10:15:00+08:00,1783908900000,76.37,76.61,76.31,76.54,155966.85,155966.85,11926804.2461,1
2026-07-13T10:30:00+08:00,1783909800000,76.54,76.63,76.36,76.54,54016.22,54016.22,4133105.9552,1
2026-07-13T10:45:00+08:00,1783910700000,76.53,76.61,76.39,76.44,25647.3,25647.3,1961647.6357,1
2026-07-13T11:00:00+08:00,1783911600000,76.44,76.45,75.71,75.91,273615.91,273615.91,20779373.2242,1
2026-07-13T11:15:00+08:00,1783912500000,75.9,76.09,75.59,76.05,154505.65,154505.65,11714087.9298,1
2026-07-13T11:30:00+08:00,1783913400000,76.04,76.06,75.39,75.7,250009.32,250009.32,18901205.3894,1
2026-07-13T11:45:00+08:00,1783914300000,75.7,75.88,75.67,75.82,50656.52,50656.52,3839946.8625,1
2026-07-13T12:00:00+08:00,1783915200000,75.82,75.96,75.66,75.9,97630.02,97630.02,7399574.4912,1
2026-07-13T12:15:00+08:00,1783916100000,75.9,76.1,75.89,76.06,67008.87,67008.87,5093476.7868,1
2026-07-13T12:30:00+08:00,1783917000000,76.06,76.06,75.8,75.92,64475.39,64475.39,4895707.9386,1
2026-07-13T12:45:00+08:00,1783917900000,75.91,76.08,75.84,75.87,55989.66,55989.66,4254334.1365,1
2026-07-13T13:00:00+08:00,1783918800000,75.88,76.38,75.69,76.25,149205.93,149205.93,11357665.8406,1
2026-07-13T13:15:00+08:00,1783919700000,76.26,76.39,76.03,76.08,87803.58,87803.58,6690834.9543,1
2026-07-13T13:30:00+08:00,1783920600000,76.08,76.43,75.84,76.35,141591.11,141591.11,10786552.7699,1
2026-07-13T13:45:00+08:00,1783921500000,76.34,76.38,76.24,76.35,44230.24,44230.24,3375867.9487,1
2026-07-13T14:00:00+08:00,1783922400000,76.36,76.55,76.25,76.27,59019.44,59019.44,4510597.1626,1
2026-07-13T14:15:00+08:00,1783923300000,76.26,76.46,76.23,76.46,45333.85,45333.85,3459160.0332,1
2026-07-13T14:30:00+08:00,1783924200000,76.46,76.53,76.26,76.46,68231.51,68231.51,5214777.6573,1
2026-07-13T14:45:00+08:00,1783925100000,76.45,76.5,76.25,76.29,41144.06,41144.06,3141113.3677,1
2026-07-13T15:00:00+08:00,1783926000000,76.29,76.48,76.18,76.38,90387.66,90387.66,6900820.1937,1
2026-07-13T15:15:00+08:00,1783926900000,76.39,76.62,76.26,76.55,77363.8,77363.8,5915367.4057,1
2026-07-13T15:30:00+08:00,1783927800000,76.55,76.63,76.4,76.41,74083.32,74083.32,5670142.7445,1
2026-07-13T15:45:00+08:00,1783928700000,76.4,76.45,76.31,76.38,47331,47331,3615082.8804,1
2026-07-13T16:00:00+08:00,1783929600000,76.39,76.5,76.34,76.45,45856.32,45856.32,3504250.5634,1
2026-07-13T16:15:00+08:00,1783930500000,76.45,76.51,76.35,76.44,34318.11,34318.11,2622920.3679,1
2026-07-13T16:30:00+08:00,1783931400000,76.43,76.64,76.31,76.64,33515.33,33515.33,2563134.1944,1
2026-07-13T16:45:00+08:00,1783932300000,76.64,76.86,76.58,76.68,129039.34,129039.34,9900108.7446,1
2026-07-13T17:00:00+08:00,1783933200000,76.68,76.68,76.59,76.66,46533.71,46533.71,3566508.2907,1
2026-07-13T17:15:00+08:00,1783934100000,76.67,76.67,76.56,76.62,31158.13,31158.13,2387005.8365,1
2026-07-13T17:30:00+08:00,1783935000000,76.61,76.68,76.57,76.66,37914.13,37914.13,2904919.9291,1
2026-07-13T17:45:00+08:00,1783935900000,76.67,76.67,76.57,76.58,19835.53,19835.53,1519619.9479,1
2026-07-13T18:00:00+08:00,1783936800000,76.59,76.59,76.2,76.21,112574.44,112574.44,8596837.9162,1
2026-07-13T18:15:00+08:00,1783937700000,76.22,76.41,76.15,76.27,69695.74,69695.74,5315234.0095,1
2026-07-13T18:30:00+08:00,1783938600000,76.27,76.37,76.09,76.13,74615.08,74615.08,5687678.0241,1
2026-07-13T18:45:00+08:00,1783939500000,76.14,76.3,76.05,76.24,66481.92,66481.92,5065035.3098,1
2026-07-13T19:00:00+08:00,1783940400000,76.25,76.55,76.25,76.39,95297.27,95297.27,7282006.768,1
2026-07-13T19:15:00+08:00,1783941300000,76.39,76.47,76.27,76.41,37224.17,37224.17,2843115.2546,1
2026-07-13T19:30:00+08:00,1783942200000,76.4,76.45,76.26,76.38,45067.42,45067.42,3441511.2687,1
2026-07-13T19:45:00+08:00,1783943100000,76.37,76.49,76.3,76.3,22040.54,22040.54,1683711.3848,1
2026-07-13T20:00:00+08:00,1783944000000,76.31,76.37,75.97,76.05,92224.09,92224.09,7021108.0102,1
2026-07-13T20:15:00+08:00,1783944900000,76.05,76.15,75.92,75.94,92117.79,92117.79,7004476.2362,1
2026-07-13T20:30:00+08:00,1783945800000,75.94,76,75.7,75.8,154571.03,154571.03,11721319.1674,1
2026-07-13T20:45:00+08:00,1783946700000,75.8,75.9,75.77,75.83,56739.8,56739.8,4303547.963,1
2026-07-13T21:00:00+08:00,1783947600000,75.82,75.92,75.64,75.65,90426.15,90426.15,6851911.6626,1
2026-07-13T21:15:00+08:00,1783948500000,75.65,75.68,75.47,75.57,125573.14,125573.14,9490865.2773,1
2026-07-13T21:30:00+08:00,1783949400000,75.57,75.83,75.18,75.33,312672.36,312672.36,23589793.3439,1
2026-07-13T21:45:00+08:00,1783950300000,75.33,75.43,75.05,75.37,215570.93,215570.93,16219564.2033,1
2026-07-13T22:00:00+08:00,1783951200000,75.36,75.78,75.34,75.77,176095.49,176095.49,13306107.6207,1
2026-07-13T22:15:00+08:00,1783952100000,75.77,76.13,75.28,75.83,370914.6,370914.6,28108786.4106,1
2026-07-13T22:30:00+08:00,1783953000000,75.82,76.05,75.62,75.96,158811.47,158811.47,12050927.0619,1
2026-07-13T22:45:00+08:00,1783953900000,75.96,76.14,75.93,76.12,111108.76,111108.76,8448222.7695,1
2026-07-13T23:00:00+08:00,1783954800000,76.12,76.23,75.93,75.96,88134.72,88134.72,6701231.5483,1
2026-07-13T23:15:00+08:00,1783955700000,75.97,76.28,75.96,76.14,86150.54,86150.54,6561999.1487,1
2026-07-13T23:30:00+08:00,1783956600000,76.13,76.19,75.7,75.8,114895.99,114895.99,8719026.6293,1
2026-07-13T23:45:00+08:00,1783957500000,75.79,75.9,75.71,75.77,120583.98,120583.98,9141074.2175,1
2026-07-14T00:00:00+08:00,1783958400000,75.76,75.99,75.69,75.83,92628.61,92628.61,7025445.4679,1
2026-07-14T00:15:00+08:00,1783959300000,75.84,75.84,75.39,75.43,157450.82,157450.82,11896336.3815,1
2026-07-14T00:30:00+08:00,1783960200000,75.44,75.44,75.19,75.39,155975.98,155975.98,11747623.2664,1
2026-07-14T00:45:00+08:00,1783961100000,75.39,75.48,75.14,75.25,61844.78,61844.78,4654839.3767,1
2026-07-14T01:00:00+08:00,1783962000000,75.25,75.43,75.14,75.36,76804.62,76804.62,5783459.8672,1
2026-07-14T01:15:00+08:00,1783962900000,75.35,75.38,75.24,75.28,34866.95,34866.95,2625686.8979,1
2026-07-14T01:30:00+08:00,1783963800000,75.28,75.33,74.54,75.06,398847.92,398847.92,29854282.314,1
2026-07-14T01:45:00+08:00,1783964700000,75.06,75.11,74.48,74.54,206184.39,206184.39,15412564.5833,1
2026-07-14T02:00:00+08:00,1783965600000,74.54,74.84,74.53,74.71,107960.24,107960.24,8062389.414,1
2026-07-14T02:15:00+08:00,1783966500000,74.71,74.93,74.49,74.88,90174.91,90174.91,6739079.5962,1
2026-07-14T02:30:00+08:00,1783967400000,74.87,74.88,74.71,74.86,43041.56,43041.56,3219912.4271,1
2026-07-14T02:45:00+08:00,1783968300000,74.86,75.01,74.79,74.81,46173.34,46173.34,3457481.1384,1
2026-07-14T03:00:00+08:00,1783969200000,74.81,74.87,74.75,74.84,27194.99,27194.99,2034713.5052,1
2026-07-14T03:15:00+08:00,1783970100000,74.83,74.91,74.7,74.72,58943.88,58943.88,4407782.3741,1
2026-07-14T03:30:00+08:00,1783971000000,74.72,75,74.72,74.99,50693.96,50693.96,3796761.4848,1
2026-07-14T03:45:00+08:00,1783971900000,74.99,75.18,74.87,75.15,67302.21,67302.21,5050839.8329,1
2026-07-14T04:00:00+08:00,1783972800000,75.14,75.31,75.03,75.05,56115.96,56115.96,4217865.5079,1
2026-07-14T04:15:00+08:00,1783973700000,75.06,75.06,74.74,74.91,69694.83,69694.83,5222168.4662,1
2026-07-14T04:30:00+08:00,1783974600000,74.91,74.96,74.68,74.7,61361.98,61361.98,4592447.7576,1
2026-07-14T04:45:00+08:00,1783975500000,74.7,74.76,74.54,74.76,38666.1,38666.1,2886247.2451,1
2026-07-14T05:00:00+08:00,1783976400000,74.76,74.76,74.38,74.57,107468.31,107468.31,8006308.9824,1
2026-07-14T05:15:00+08:00,1783977300000,74.57,74.57,74.41,74.46,57732.3,57732.3,4301296.7902,1
2026-07-14T05:30:00+08:00,1783978200000,74.46,74.5,74.04,74.28,159020.15,159020.15,11807081.5905,1
2026-07-14T05:45:00+08:00,1783979100000,74.27,74.44,74.2,74.36,77408,77408,5754615.3698,1
2026-07-14T06:00:00+08:00,1783980000000,74.36,74.62,74.35,74.57,56968.79,56968.79,4244955.559,1
2026-07-14T06:15:00+08:00,1783980900000,74.57,74.7,74.55,74.61,32095.22,32095.22,2395534.3036,1
2026-07-14T06:30:00+08:00,1783981800000,74.6,74.66,74.45,74.58,52828.33,52828.33,3938848.1751,1
2026-07-14T06:45:00+08:00,1783982700000,74.59,74.63,74.41,74.48,28048.41,28048.41,2089624.8078,1
2026-07-14T07:00:00+08:00,1783983600000,74.47,74.53,74.36,74.51,37509.6,37509.6,2791481.6133,1
2026-07-14T07:15:00+08:00,1783984500000,74.51,74.83,74.5,74.68,38746.1,38746.1,2894365.4937,1
2026-07-14T07:30:00+08:00,1783985400000,74.68,74.79,74.61,74.62,51031.86,51031.86,3811594.5695,1
2026-07-14T07:45:00+08:00,1783986300000,74.62,74.96,74.6,74.95,63799.45,63799.45,4775672.9912,1
2026-07-14T08:00:00+08:00,1783987200000,74.95,75.19,74.78,75.11,109730.59,109730.59,8228484.7152,1
2026-07-14T08:15:00+08:00,1783988100000,75.1,75.18,74.99,75.12,84569.6,84569.6,6349523.7349,1
2026-07-14T08:30:00+08:00,1783989000000,75.12,75.22,74.96,74.99,45730.87,45730.87,3434748.4683,1
2026-07-14T08:45:00+08:00,1783989900000,75,75.45,74.99,75.39,117707.39,117707.39,8867111.1122,1
2026-07-14T09:00:00+08:00,1783990800000,75.4,75.42,75.27,75.31,101615.38,101615.38,7656583.5683,1
2026-07-14T09:15:00+08:00,1783991700000,75.3,75.52,75.24,75.28,64945.05,64945.05,4896285.8196,1
2026-07-14T09:30:00+08:00,1783992600000,75.27,75.31,75.16,75.21,51278.14,51278.14,3857205.0525,1
2026-07-14T09:45:00+08:00,1783993500000,75.2,75.36,75.2,75.25,19158.73,19158.73,1442194.6843,1
2026-07-14T10:00:00+08:00,1783994400000,75.26,75.29,75.1,75.1,52778.07,52778.07,3967755.0208,1
2026-07-14T10:15:00+08:00,1783995300000,75.11,75.13,74.82,74.88,88692.27,88692.27,6648066.6422,1
2026-07-14T10:30:00+08:00,1783996200000,74.88,75.19,74.84,75.17,49077.95,49077.95,3681860.1254,1
2026-07-14T10:45:00+08:00,1783997100000,75.16,75.24,75,75.02,39783.5,39783.5,2988630.3575,1
2026-07-14T11:00:00+08:00,1783998000000,75.03,75.1,74.6,74.69,92714.75,92714.75,6933795.0905,1
2026-07-14T11:15:00+08:00,1783998900000,74.69,74.79,74.5,74.79,90882.45,90882.45,6781943.734,1
2026-07-14T11:30:00+08:00,1783999800000,74.79,75.02,74.75,74.91,58534.76,58534.76,4382449.7164,1
2026-07-14T11:45:00+08:00,1784000700000,74.91,75.12,74.91,75.11,44576.54,44576.54,3344878.951,1
2026-07-14T12:00:00+08:00,1784001600000,75.11,75.31,75.04,75.07,65068.16,65068.16,4891616.3264,1
2026-07-14T12:15:00+08:00,1784002500000,75.07,75.2,75,75.12,39673.48,39673.48,2980131.8461,1
2026-07-14T12:30:00+08:00,1784003400000,75.12,75.28,75.08,75.12,40670.62,40670.62,3057823.718,1
2026-07-14T12:45:00+08:00,1784004300000,75.13,75.19,75.04,75.1,37669.67,37669.67,2828834.7618,1
2026-07-14T13:00:00+08:00,1784005200000,75.11,75.4,75.06,75.35,61209.87,61209.87,4607078.869,1
2026-07-14T13:15:00+08:00,1784006100000,75.35,75.43,75.22,75.37,61507.92,61507.92,4635088.8209,1
2026-07-14T13:30:00+08:00,1784007000000,75.37,75.44,75.2,75.33,47792.85,47792.85,3599447.1934,1
2026-07-14T13:45:00+08:00,1784007900000,75.34,75.38,75.28,75.36,24306.92,24306.92,1831296.8501,1
2026-07-14T14:00:00+08:00,1784008800000,75.37,75.39,75.15,75.19,61992.87,61992.87,4664121.9173,1
2026-07-14T14:15:00+08:00,1784009700000,75.19,75.29,75.16,75.17,20520.79,20520.79,1543536.5404,1
2026-07-14T14:30:00+08:00,1784010600000,75.17,75.29,75.1,75.24,23279.07,23279.07,1750612.2714,1
2026-07-14T14:45:00+08:00,1784011500000,75.23,75.24,75.05,75.1,31977.15,31977.15,2401943.806,1
2026-07-14T15:00:00+08:00,1784012400000,75.1,75.13,74.95,75,72027.15,72027.15,5404536.2112,1
2026-07-14T15:15:00+08:00,1784013300000,75.01,75.21,74.95,75.18,43007.29,43007.29,3228826.4281,1
2026-07-14T15:30:00+08:00,1784014200000,75.18,75.19,74.98,75.01,25242.47,25242.47,1894744.694,1
2026-07-14T15:45:00+08:00,1784015100000,75.02,75.02,74.86,74.93,57825.16,57825.16,4332429.2113,1
2026-07-14T16:00:00+08:00,1784016000000,74.93,75.03,74.81,75.01,61638.84,61638.84,4618692.2686,1
2026-07-14T16:15:00+08:00,1784016900000,75.02,75.33,75.02,75.28,58632.72,58632.72,4408127.7602,1
2026-07-14T16:30:00+08:00,1784017800000,75.27,75.36,75.2,75.28,50223.6,50223.6,3781450.8422,1
2026-07-14T16:45:00+08:00,1784018700000,75.29,75.3,75.1,75.13,42541.93,42541.93,3197295.2926,1
2026-07-14T17:00:00+08:00,1784019600000,75.13,75.24,75.12,75.2,40831.56,40831.56,3069538.9469,1
2026-07-14T17:15:00+08:00,1784020500000,75.2,75.27,75.06,75.07,43732.77,43732.77,3287202.8766,1
2026-07-14T17:30:00+08:00,1784021400000,75.07,75.12,74.83,74.96,78422.98,78422.98,5877495.6722,1
2026-07-14T17:45:00+08:00,1784022300000,74.95,75.11,74.91,75.03,28144.62,28144.62,2111689.9844,1
2026-07-14T18:00:00+08:00,1784023200000,75.03,75.25,75.02,75.2,56554.11,56554.11,4249287.9852,1
2026-07-14T18:15:00+08:00,1784024100000,75.19,75.24,75,75.05,45681.49,45681.49,3430108.1364,1
2026-07-14T18:30:00+08:00,1784025000000,75.05,75.28,74.92,75.23,72295.95,72295.95,5432513.9081,1
2026-07-14T18:45:00+08:00,1784025900000,75.24,75.57,75.21,75.43,138532.65,138532.65,10441180.1754,1
2026-07-14T19:00:00+08:00,1784026800000,75.43,75.44,75.29,75.42,58986.55,58986.55,4444602.3016,1
2026-07-14T19:15:00+08:00,1784027700000,75.43,75.55,75.35,75.49,70560.16,70560.16,5323944.9285,1
2026-07-14T19:30:00+08:00,1784028600000,75.5,75.55,75.36,75.37,43538.64,43538.64,3286134.6557,1
2026-07-14T19:45:00+08:00,1784029500000,75.37,75.44,75.3,75.34,42367.72,42367.72,3192768.0437,1
2026-07-14T20:00:00+08:00,1784030400000,75.35,75.39,75.13,75.18,75543.37,75543.37,5683888.3674,1
2026-07-14T20:15:00+08:00,1784031300000,75.18,75.59,75.16,75.38,137076.3,137076.3,10334916.9239,1
2026-07-14T20:30:00+08:00,1784032200000,75.38,76.34,75.33,76.04,876544.95,876544.95,66585058.8323,1
2026-07-14T20:45:00+08:00,1784033100000,76.04,76.94,76.04,76.83,503025.96,503025.96,38524933.6514,1
2026-07-14T21:00:00+08:00,1784034000000,76.83,76.9,76.45,76.53,301092.75,301092.75,23086255.4921,1
2026-07-14T21:15:00+08:00,1784034900000,76.53,77.7,76.53,77.41,582272.74,582272.74,44957528.6549,1
2026-07-14T21:30:00+08:00,1784035800000,77.41,77.46,76.99,77.05,267948.54,267948.54,20688410.9745,1
2026-07-14T21:45:00+08:00,1784036700000,77.05,77.22,76.77,76.9,189455.23,189455.23,14571890.9894,1
2026-07-14T22:00:00+08:00,1784037600000,76.9,77.06,76.62,76.96,151823.51,151823.51,11659904.3152,1
2026-07-14T22:15:00+08:00,1784038500000,76.96,77.06,76.67,76.83,123568.87,123568.87,9497660.2764,1
2026-07-14T22:30:00+08:00,1784039400000,76.84,77.22,76.76,77.03,147175.8,147175.8,11337333.1277,1
2026-07-14T22:45:00+08:00,1784040300000,77.03,77.45,76.91,77.32,119040.76,119040.76,9184350.5141,1
2026-07-14T23:00:00+08:00,1784041200000,77.32,77.44,77.17,77.25,194043.12,194043.12,14997584.0626,1
2026-07-14T23:15:00+08:00,1784042100000,77.25,77.49,77.13,77.44,102335.52,102335.52,7911146.9354,1
2026-07-14T23:30:00+08:00,1784043000000,77.43,77.68,77.28,77.44,231743.32,231743.32,17962876.9733,1
2026-07-14T23:45:00+08:00,1784043900000,77.45,77.92,77.25,77.33,173740.9,173740.9,13478720.9695,1
2026-07-15T00:00:00+08:00,1784044800000,77.34,77.46,77.06,77.28,113139.92,113139.92,8740219.1013,1
2026-07-15T00:15:00+08:00,1784045700000,77.28,77.56,77.19,77.48,118758.11,118758.11,9191563.8705,1
2026-07-15T00:30:00+08:00,1784046600000,77.47,77.62,77.4,77.43,68929.84,68929.84,5343346.6004,1
2026-07-15T00:45:00+08:00,1784047500000,77.43,77.48,77.23,77.24,55739.75,55739.75,4311702.9354,1
2026-07-15T01:00:00+08:00,1784048400000,77.24,77.27,76.76,77.02,180221.23,180221.23,13875532.2336,1
2026-07-15T01:15:00+08:00,1784049300000,77.02,77.1,76.82,77.05,78535.08,78535.08,6043642.0497,1
2026-07-15T01:30:00+08:00,1784050200000,77.05,77.08,76.91,77.07,47318.41,47318.41,3642684.1374,1
2026-07-15T01:45:00+08:00,1784051100000,77.06,77.24,76.94,77.13,52097.59,52097.59,4016258.4059,1
2026-07-15T02:00:00+08:00,1784052000000,77.14,77.32,76.96,76.97,46569.62,46569.62,3593906.0953,1
2026-07-15T02:15:00+08:00,1784052900000,76.98,77.11,76.95,77.02,28814.78,28814.78,2219131.414,1
2026-07-15T02:30:00+08:00,1784053800000,77.02,77.29,76.96,77.16,74881.34,74881.34,5776558.1077,1
2026-07-15T02:45:00+08:00,1784054700000,77.16,77.3,77.15,77.25,28403.07,28403.07,2193521.3304,1
2026-07-15T03:00:00+08:00,1784055600000,77.24,77.39,77.21,77.38,19549.71,19549.71,1511209.0293,1
2026-07-15T03:15:00+08:00,1784056500000,77.37,77.5,77.24,77.25,54100.65,54100.65,4184669.0714,1
2026-07-15T03:30:00+08:00,1784057400000,77.25,77.25,77.06,77.17,68694.52,68694.52,5299252.3544,1
2026-07-15T03:45:00+08:00,1784058300000,77.17,77.24,77.08,77.14,32125.68,32125.68,2479120.2464,1
2026-07-15T04:00:00+08:00,1784059200000,77.13,77.17,76.9,76.9,26145.68,26145.68,2013994.5607,1
2026-07-15T04:15:00+08:00,1784060100000,76.9,77,76.9,76.93,21897.01,21897.01,1685045.2274,1
2026-07-15T04:30:00+08:00,1784061000000,76.92,76.98,76.9,76.98,26318,26318,2024991.8825,1
2026-07-15T04:45:00+08:00,1784061900000,76.98,77.16,76.97,77.13,25184.27,25184.27,1940832.7732,1
2026-07-15T05:00:00+08:00,1784062800000,77.13,77.3,77.1,77.28,122759.62,122759.62,9477504.6962,1
2026-07-15T05:15:00+08:00,1784063700000,77.29,77.32,77.17,77.24,22586.64,22586.64,1745116.9658,1
2026-07-15T05:30:00+08:00,1784064600000,77.24,77.38,77.19,77.26,34449.5,34449.5,2662579.9653,1
2026-07-15T05:45:00+08:00,1784065500000,77.27,77.27,77.13,77.18,18757.7,18757.7,1447946.6169,1
2026-07-15T06:00:00+08:00,1784066400000,77.17,77.27,77.08,77.13,30280.76,30280.76,2336527.953,1
2026-07-15T06:15:00+08:00,1784067300000,77.14,77.61,77.09,77.53,102534.04,102534.04,7940028.1017,1
2026-07-15T06:30:00+08:00,1784068200000,77.54,77.96,77.53,77.76,157172.38,157172.38,12226833.2249,1
2026-07-15T06:45:00+08:00,1784069100000,77.76,77.88,77.57,77.58,77232.72,77232.72,5999812.5738,1
2026-07-15T07:00:00+08:00,1784070000000,77.58,77.95,77.5,77.86,133977.03,133977.03,10414158.1858,1
2026-07-15T07:15:00+08:00,1784070900000,77.87,77.87,77.57,77.67,34049.07,34049.07,2645588.841,1
2026-07-15T07:30:00+08:00,1784071800000,77.66,77.74,77.58,77.69,36239.31,36239.31,2815024.2449,1
2026-07-15T07:45:00+08:00,1784072700000,77.69,77.83,77.68,77.83,29379.07,29379.07,2284196.7689,1
2026-07-15T08:00:00+08:00,1784073600000,77.84,77.89,77.64,77.65,48123.05,48123.05,3742576.5413,1
2026-07-15T08:15:00+08:00,1784074500000,77.66,77.71,77.56,77.57,50136.69,50136.69,3891557.4778,1
2026-07-15T08:30:00+08:00,1784075400000,77.58,77.58,77.43,77.48,60906.1,60906.1,4719659.5007,1
2026-07-15T08:45:00+08:00,1784076300000,77.48,77.67,77.48,77.63,21563.6,21563.6,1672909.0518,1
2026-07-15T09:00:00+08:00,1784077200000,77.63,77.68,77.43,77.55,37956.08,37956.08,2944186.4402,1
2026-07-15T09:15:00+08:00,1784078100000,77.54,77.8,77.52,77.76,32708.43,32708.43,2539566.8193,1
2026-07-15T09:30:00+08:00,1784079000000,77.76,77.78,77.44,77.5,52448.66,52448.66,4068660.1141,1
2026-07-15T09:45:00+08:00,1784079900000,77.51,77.53,77.23,77.4,95757.48,95757.48,7409348.4629,1
2026-07-15T10:00:00+08:00,1784080800000,77.39,77.56,77.28,77.37,36027.02,36027.02,2788091.2078,1
2026-07-15T10:15:00+08:00,1784081700000,77.36,77.38,77.09,77.11,84318.62,84318.62,6512115.6415,1
2026-07-15T10:30:00+08:00,1784082600000,77.11,77.18,76.96,77.18,97423.47,97423.47,7508331.7185,1
2026-07-15T10:45:00+08:00,1784083500000,77.18,77.27,77.09,77.25,56001.32,56001.32,4322724.7405,1
2026-07-15T11:00:00+08:00,1784084400000,77.26,77.5,77.18,77.43,57780.34,57780.34,4469322.9097,1
2026-07-15T11:15:00+08:00,1784085300000,77.43,77.5,77.39,77.48,39213.26,39213.26,3036521.9925,1
2026-07-15T11:30:00+08:00,1784086200000,77.47,77.76,77.47,77.64,108565.91,108565.91,8429980.8821,1
2026-07-15T11:45:00+08:00,1784087100000,77.64,77.86,77.61,77.75,69384.45,69384.45,5395639.7341,1
2026-07-15T12:00:00+08:00,1784088000000,77.75,77.82,77.66,77.68,65653.49,65653.49,5102652.0394,1
2026-07-15T12:15:00+08:00,1784088900000,77.68,77.77,77.57,77.57,34011.44,34011.44,2641394.5647,1
2026-07-15T12:30:00+08:00,1784089800000,77.58,77.92,77.49,77.88,60750.66,60750.66,4725145.115,1
2026-07-15T12:45:00+08:00,1784090700000,77.89,78.14,77.89,77.96,176700.54,176700.54,13786314.8713,1
2026-07-15T13:00:00+08:00,1784091600000,77.96,78.07,77.71,77.74,149600.21,149600.21,11655060.9523,1
2026-07-15T13:15:00+08:00,1784092500000,77.73,77.85,77.61,77.61,50581.95,50581.95,3930785.3168,1
2026-07-15T13:30:00+08:00,1784093400000,77.61,77.99,77.6,77.84,81041.71,81041.71,6306269.281,1
2026-07-15T13:45:00+08:00,1784094300000,77.84,78.28,77.79,78.21,112483.23,112483.23,8787825.5801,1
2026-07-15T14:00:00+08:00,1784095200000,78.22,78.43,78.07,78.39,227697.94,227697.94,17824334.3663,1
2026-07-15T14:15:00+08:00,1784096100000,78.39,78.46,78.21,78.27,140822.17,140822.17,11033587.5025,1
2026-07-15T14:30:00+08:00,1784097000000,78.28,78.66,78.22,78.26,185896.37,185896.37,14583395.5688,1
2026-07-15T14:45:00+08:00,1784097900000,78.27,78.32,77.88,77.89,119754.11,119754.11,9351514.7304,1
2026-07-15T15:00:00+08:00,1784098800000,77.89,77.96,77.75,77.91,98732.83,98732.83,7686353.4788,1
2026-07-15T15:15:00+08:00,1784099700000,77.91,77.94,77.43,77.48,141283.31,141283.31,10967740.1096,1
2026-07-15T15:30:00+08:00,1784100600000,77.49,77.61,77.44,77.54,65150.71,65150.71,5051442.4093,1
2026-07-15T15:45:00+08:00,1784101500000,77.53,77.55,77.36,77.36,67553.29,67553.29,5231727.003,1
2026-07-15T16:00:00+08:00,1784102400000,77.37,77.49,77.28,77.4,138333.02,138333.02,10703982.7705,1
2026-07-15T16:15:00+08:00,1784103300000,77.4,77.49,77.19,77.36,130491.59,130491.59,10091856.2341,1
2026-07-15T16:30:00+08:00,1784104200000,77.36,77.49,77.3,77.49,65652.88,65652.88,5080641.6283,1
2026-07-15T16:45:00+08:00,1784105100000,77.49,77.59,77.44,77.53,85583.02,85583.02,6634495.9931,1
2026-07-15T17:00:00+08:00,1784106000000,77.53,77.77,77.53,77.7,73828.72,73828.72,5732831.3986,1
2026-07-15T17:15:00+08:00,1784106900000,77.69,77.86,77.69,77.76,52284.68,52284.68,4066911.343,1
2026-07-15T17:30:00+08:00,1784107800000,77.76,77.78,77.49,77.53,60448.47,60448.47,4690767.1655,1
2026-07-15T17:45:00+08:00,1784108700000,77.52,77.57,77.38,77.44,41553.52,41553.52,3218194.0925,1
2026-07-15T18:00:00+08:00,1784109600000,77.44,77.67,77.39,77.58,47493.5,47493.5,3684048.6793,1
2026-07-15T18:15:00+08:00,1784110500000,77.59,77.63,77.26,77.28,67404.7,67404.7,5216136.9065,1
2026-07-15T18:30:00+08:00,1784111400000,77.28,77.34,77.16,77.31,108996.49,108996.49,8421520.4192,1
2026-07-15T18:45:00+08:00,1784112300000,77.31,77.38,77.28,77.33,27775.31,27775.31,2147987.1314,1
2026-07-15T19:00:00+08:00,1784113200000,77.33,77.44,77.3,77.43,19889.48,19889.48,1539184.4948,1
2026-07-15T19:15:00+08:00,1784114100000,77.42,77.46,77.29,77.35,26249.01,26249.01,2030758.5037,1
2026-07-15T19:30:00+08:00,1784115000000,77.35,77.44,77.33,77.4,19588.86,19588.86,1516065.4435,1
2026-07-15T19:45:00+08:00,1784115900000,77.4,77.49,77.35,77.49,56817.63,56817.63,4398714.9996,1
2026-07-15T20:00:00+08:00,1784116800000,77.48,77.51,77.21,77.42,53264.23,53264.23,4120156.326,1
2026-07-15T20:15:00+08:00,1784117700000,77.42,77.47,77.22,77.4,48012.25,48012.25,3714024.9383,1
2026-07-15T20:30:00+08:00,1784118600000,77.39,77.82,77.35,77.6,196990.1,196990.1,15285521.6674,1
2026-07-15T20:45:00+08:00,1784119500000,77.6,78.28,77.58,78.24,294071.25,294071.25,22950389.8056,1
2026-07-15T21:00:00+08:00,1784120400000,78.23,79,78.18,78.8,408627.89,408627.89,32150108.6948,1
2026-07-15T21:15:00+08:00,1784121300000,78.79,78.99,78.44,78.64,189091.24,189091.24,14889358.4132,1
2026-07-15T21:30:00+08:00,1784122200000,78.63,78.94,78.38,78.44,212203.29,212203.29,16689329.3928,1
2026-07-15T21:45:00+08:00,1784123100000,78.43,78.44,77.62,78.05,401126.06,401126.06,31267241.2598,1
2026-07-15T22:00:00+08:00,1784124000000,78.06,78.34,78.04,78.06,140792.37,140792.37,11009841.5719,1
2026-07-15T22:15:00+08:00,1784124900000,78.06,78.31,77.72,78.09,246936.15,246936.15,19254593.787,1
2026-07-15T22:30:00+08:00,1784125800000,78.09,78.18,77.83,77.91,173567.36,173567.36,13535689.7021,1
2026-07-15T22:45:00+08:00,1784126700000,77.91,78.18,77.77,78.17,79285.9,79285.9,6182280.6712,1
2026-07-15T23:00:00+08:00,1784127600000,78.16,78.21,77.87,77.89,107257.2,107257.2,8369087.909,1
2026-07-15T23:15:00+08:00,1784128500000,77.89,78.15,77.7,78.02,129795.76,129795.76,10117359.7321,1
2026-07-15T23:30:00+08:00,1784129400000,78.01,78.18,77.86,78.08,77005.75,77005.75,6010454.1463,1
2026-07-15T23:45:00+08:00,1784130300000,78.08,78.17,77.88,78.01,90117.06,90117.06,7035849.047,1
2026-07-16T00:00:00+08:00,1784131200000,78.01,78.07,77.44,77.49,169225.83,169225.83,13145947.1385,1
2026-07-16T00:15:00+08:00,1784132100000,77.5,77.7,77.33,77.67,169847.33,169847.33,13161063.1268,1
2026-07-16T00:30:00+08:00,1784133000000,77.68,77.69,77.01,77.33,210865.3,210865.3,16285088.9398,1
2026-07-16T00:45:00+08:00,1784133900000,77.34,77.65,77.29,77.58,179758.34,179758.34,13929989.5405,1
2026-07-16T01:00:00+08:00,1784134800000,77.58,77.75,77.52,77.55,79018.81,79018.81,6136372.4258,1
2026-07-16T01:15:00+08:00,1784135700000,77.55,77.72,77.44,77.67,103342.13,103342.13,8021669.6285,1
2026-07-16T01:30:00+08:00,1784136600000,77.66,77.81,77.57,77.74,72542.65,72542.65,5637379.9657,1
2026-07-16T01:45:00+08:00,1784137500000,77.75,78.01,77.61,77.78,129126.34,129126.34,10046117.0367,1
2026-07-16T02:00:00+08:00,1784138400000,77.78,78.05,77.71,78.03,84598.3,84598.3,6587882.176,1
2026-07-16T02:15:00+08:00,1784139300000,78.03,78.03,77.84,77.93,60794.81,60794.81,4737194.9878,1
2026-07-16T02:30:00+08:00,1784140200000,77.93,78.04,77.78,77.8,44138.07,44138.07,3438116.3774,1
2026-07-16T02:45:00+08:00,1784141100000,77.8,77.86,77.47,77.55,106942.98,106942.98,8308319.6536,1
2026-07-16T03:00:00+08:00,1784142000000,77.55,77.68,77.42,77.5,103486.2,103486.2,8025344.6037,1
2026-07-16T03:15:00+08:00,1784142900000,77.5,77.51,77.07,77.16,103503.21,103503.21,7990195.2369,1
2026-07-16T03:30:00+08:00,1784143800000,77.15,77.32,77.13,77.25,150747.41,150747.41,11642494.2007,1
2026-07-16T03:45:00+08:00,1784144700000,77.26,77.27,76.87,77.13,217337.92,217337.92,16747887.4742,1
2026-07-16T04:00:00+08:00,1784145600000,77.14,77.28,77.05,77.16,81144.33,81144.33,6262175.587,1
2026-07-16T04:15:00+08:00,1784146500000,77.17,77.43,77.16,77.37,58935.9,58935.9,4558495.1496,1
2026-07-16T04:30:00+08:00,1784147400000,77.37,77.51,77.35,77.41,43708.87,43708.87,3384576.1101,1
2026-07-16T04:45:00+08:00,1784148300000,77.42,77.43,77.33,77.33,18986.1,18986.1,1469277.7753,1
2026-07-16T05:00:00+08:00,1784149200000,77.33,77.49,77.23,77.37,36105.28,36105.28,2793065.3797,1
2026-07-16T05:15:00+08:00,1784150100000,77.37,77.42,77.29,77.33,18469.6,18469.6,1428774.5458,1
2026-07-16T05:30:00+08:00,1784151000000,77.32,77.35,77.2,77.28,50414.34,50414.34,3895032.6495,1
2026-07-16T05:45:00+08:00,1784151900000,77.29,77.39,77.27,77.39,11478.44,11478.44,887508.469,1
2026-07-16T06:00:00+08:00,1784152800000,77.39,77.55,77.25,77.45,43241.79,43241.79,3348178.6867,1
2026-07-16T06:15:00+08:00,1784153700000,77.45,77.63,77.41,77.63,30455.02,30455.02,2360087.2671,1
2026-07-16T06:30:00+08:00,1784154600000,77.64,77.7,77.47,77.47,28674.92,28674.92,2225412.9192,1
2026-07-16T06:45:00+08:00,1784155500000,77.47,77.68,77.4,77.45,49824.09,49824.09,3863716.352,1
2026-07-16T07:00:00+08:00,1784156400000,77.44,77.58,77.43,77.5,17128.06,17128.06,1327724.2781,1
2026-07-16T07:15:00+08:00,1784157300000,77.5,77.55,77.34,77.4,27680.34,27680.34,2142874.6168,1
2026-07-16T07:30:00+08:00,1784158200000,77.39,77.49,77.22,77.24,26971.24,26971.24,2085556.8893,1
2026-07-16T07:45:00+08:00,1784159100000,77.24,77.32,77.15,77.24,49069.08,49069.08,3790340.4273,1
2026-07-16T08:00:00+08:00,1784160000000,77.23,77.46,77.2,77.41,43979.6,43979.6,3401778.3575,1
2026-07-16T08:15:00+08:00,1784160900000,77.41,77.43,76.95,76.98,83904.5,83904.5,6466961.1026,1
2026-07-16T08:30:00+08:00,1784161800000,76.99,77.06,76.63,76.69,180006.84,180006.84,13826478.589,1
2026-07-16T08:45:00+08:00,1784162700000,76.69,76.97,76.64,76.89,65943.41,65943.41,5065727.9071,1
2026-07-16T09:00:00+08:00,1784163600000,76.89,77.05,76.82,76.87,63178.62,63178.62,4862286.4122,1
2026-07-16T09:15:00+08:00,1784164500000,76.87,76.89,76.65,76.78,91567.98,91567.98,7031126.0901,1
2026-07-16T09:30:00+08:00,1784165400000,76.78,77.12,76.72,76.77,103323.68,103323.68,7945379.2028,1
2026-07-16T09:45:00+08:00,1784166300000,76.77,77.11,76.75,77.05,57045.66,57045.66,4392932.9178,1
2026-07-16T10:00:00+08:00,1784167200000,77.05,77.06,76.9,76.93,27214.7,27214.7,2095266.0774,1
2026-07-16T10:15:00+08:00,1784168100000,76.93,77.04,76.81,76.99,22699.62,22699.62,1746271.8665,1
2026-07-16T10:30:00+08:00,1784169000000,76.99,77.06,76.88,77,29959.63,29959.63,2306247.1137,1
2026-07-16T10:45:00+08:00,1784169900000,77,77.11,76.99,77.09,32826.66,32826.66,2529244.3165,1
2026-07-16T11:00:00+08:00,1784170800000,77.08,77.25,77.02,77.15,58782.89,58782.89,4535299.8157,1
2026-07-16T11:15:00+08:00,1784171700000,77.15,77.15,76.88,76.99,58743.73,58743.73,4521692.2393,1
2026-07-16T11:30:00+08:00,1784172600000,76.98,77.06,76.92,76.93,30061.31,30061.31,2314610.1364,1
2026-07-16T11:45:00+08:00,1784173500000,76.93,76.94,76.75,76.91,85024.04,85024.04,6533372.0463,1
2026-07-16T12:00:00+08:00,1784174400000,76.9,76.98,76.7,76.94,60994.68,60994.68,4687749.9241,1
2026-07-16T12:15:00+08:00,1784175300000,76.94,76.94,76.68,76.83,60638.74,60638.74,4655535.595,1
2026-07-16T12:30:00+08:00,1784176200000,76.82,76.92,76.77,76.87,47363.22,47363.22,3640096.0929,1
2026-07-16T12:45:00+08:00,1784177100000,76.87,76.88,76.54,76.77,114067.16,114067.16,8745775.665,1
2026-07-16T13:00:00+08:00,1784178000000,76.78,76.91,76.69,76.91,31144.46,31144.46,2391854.4965,1
2026-07-16T13:15:00+08:00,1784178900000,76.91,77.3,76.9,77.22,86318.84,86318.84,6658392.3671,1
2026-07-16T13:30:00+08:00,1784179800000,77.22,77.46,77.09,77.31,98625.99,98625.99,7622759.7089,1
2026-07-16T13:45:00+08:00,1784180700000,77.32,77.46,77.29,77.43,83824.26,83824.26,6485576.9578,1
2026-07-16T14:00:00+08:00,1784181600000,77.43,77.59,77.34,77.4,107978.55,107978.55,8360981.1441,1
2026-07-16T14:15:00+08:00,1784182500000,77.4,77.41,77.26,77.32,47629.69,47629.69,3683294.4582,1
2026-07-16T14:30:00+08:00,1784183400000,77.32,77.36,77.06,77.2,53355.12,53355.12,4117781.7629,1
2026-07-16T14:45:00+08:00,1784184300000,77.21,77.37,77.18,77.29,26219.48,26219.48,2026757.4159,1
2026-07-16T15:00:00+08:00,1784185200000,77.29,77.3,77.18,77.19,29023.73,29023.73,2241873.8695,1
2026-07-16T15:15:00+08:00,1784186100000,77.2,77.21,76.94,76.98,138196.42,138196.42,10650843.4392,1
2026-07-16T15:30:00+08:00,1784187000000,76.99,76.99,76.12,76.27,410783.93,410783.93,31388560.5088,1
2026-07-16T15:45:00+08:00,1784187900000,76.28,76.41,76.14,76.39,176223.53,176223.53,13444612.1388,1
2026-07-16T16:00:00+08:00,1784188800000,76.38,76.45,75.72,75.73,334785.96,334785.96,25457466.956,1
2026-07-16T16:15:00+08:00,1784189700000,75.73,76.25,75.57,76.23,366628.9,366628.9,27815871.9678,1
2026-07-16T16:30:00+08:00,1784190600000,76.24,76.41,76.12,76.15,140055.59,140055.59,10680923.7421,1
2026-07-16T16:45:00+08:00,1784191500000,76.15,76.29,75.99,76.12,98289.91,98289.91,7481174.6379,1
2026-07-16T17:00:00+08:00,1784192400000,76.12,76.22,76.03,76.1,55715.66,55715.66,4242071.593,1
2026-07-16T17:15:00+08:00,1784193300000,76.1,76.17,76,76.03,48167.14,48167.14,3664342.3121,1
2026-07-16T17:30:00+08:00,1784194200000,76.03,76.15,76,76.09,35235.7,35235.7,2681097.477,1
2026-07-16T17:45:00+08:00,1784195100000,76.09,76.11,75.95,75.99,73978.07,73978.07,5623548.0961,1
2026-07-16T18:00:00+08:00,1784196000000,75.99,76.19,75.96,76.13,54322.27,54322.27,4132906.0338,1
2026-07-16T18:15:00+08:00,1784196900000,76.12,76.27,76.11,76.23,31748.47,31748.47,2419079.3048,1
2026-07-16T18:30:00+08:00,1784197800000,76.24,76.31,76.14,76.15,42807.44,42807.44,3262802.005,1
2026-07-16T18:45:00+08:00,1784198700000,76.15,76.18,76.08,76.15,19537.53,19537.53,1487373.1883,1
2026-07-16T19:00:00+08:00,1784199600000,76.15,76.19,75.99,76.14,44061.65,44061.65,3351760.7425,1
2026-07-16T19:15:00+08:00,1784200500000,76.15,76.2,76,76.04,25275.43,25275.43,1923451.2314,1
2026-07-16T19:30:00+08:00,1784201400000,76.03,76.22,76,76.19,37169.34,37169.34,2828458.1745,1
2026-07-16T19:45:00+08:00,1784202300000,76.2,76.24,75.99,76.21,121547.08,121547.08,9250029.8151,1
2026-07-16T20:00:00+08:00,1784203200000,76.21,76.22,76.05,76.08,58117.07,58117.07,4423699.804,1
2026-07-16T20:15:00+08:00,1784204100000,76.08,76.19,75.92,76.18,80166.42,80166.42,6094948.5471,1
2026-07-16T20:30:00+08:00,1784205000000,76.19,76.24,75.64,75.75,200347.11,200347.11,15190997.8397,1
2026-07-16T20:45:00+08:00,1784205900000,75.75,76.02,75.7,75.87,116054.63,116054.63,8806610.6941,1
2026-07-16T21:00:00+08:00,1784206800000,75.86,76.11,75.86,76.08,46942.44,46942.44,3566775.5419,1
2026-07-16T21:15:00+08:00,1784207700000,76.08,76.38,76.06,76.37,141273.61,141273.61,10773159.1039,1
2026-07-16T21:30:00+08:00,1784208600000,76.38,76.58,76.21,76.21,200547.12,200547.12,15326747.6995,1
2026-07-16T21:45:00+08:00,1784209500000,76.22,76.39,76.08,76.31,99742.99,99742.99,7606034.8153,1
2026-07-16T22:00:00+08:00,1784210400000,76.31,76.74,76.27,76.61,134654.9,134654.9,10312233.9916,1
2026-07-16T22:15:00+08:00,1784211300000,76.6,76.75,76.4,76.6,73200.07,73200.07,5605814.1629,1
2026-07-16T22:30:00+08:00,1784212200000,76.59,76.7,76.49,76.62,49353.96,49353.96,3779408.4875,1
2026-07-16T22:45:00+08:00,1784213100000,76.62,76.65,76.12,76.47,135720.68,135720.68,10365758.2395,1
2026-07-16T23:00:00+08:00,1784214000000,76.46,76.5,75.94,76,112809.07,112809.07,8591064.0012,1
2026-07-16T23:15:00+08:00,1784214900000,76.01,76.85,75.97,76.68,153624.48,153624.48,11745697.6797,1
2026-07-16T23:30:00+08:00,1784215800000,76.67,76.78,76.45,76.53,126360.78,126360.78,9686122.453,1
2026-07-16T23:45:00+08:00,1784216700000,76.53,76.82,76.47,76.58,66776.65,66776.65,5116533.001,1
2026-07-17T00:00:00+08:00,1784217600000,76.59,76.59,76.17,76.28,93543.63,93543.63,7141882.0587,1
2026-07-17T00:15:00+08:00,1784218500000,76.27,76.39,76.16,76.34,84296.12,84296.12,6431703.3335,1
2026-07-17T00:30:00+08:00,1784219400000,76.33,76.49,76.09,76.12,91279.81,91279.81,6961251.0394,1
2026-07-17T00:45:00+08:00,1784220300000,76.11,76.3,76.05,76.24,32050.1,32050.1,2441757.9557,1
2026-07-17T01:00:00+08:00,1784221200000,76.23,76.24,75.76,75.77,80506.34,80506.34,6115728.9771,1
2026-07-17T01:15:00+08:00,1784222100000,75.77,75.97,75.66,75.84,122363.44,122363.44,9274932.85,1
2026-07-17T01:30:00+08:00,1784223000000,75.83,76.01,75.77,75.82,61068.32,61068.32,4634667.1237,1
2026-07-17T01:45:00+08:00,1784223900000,75.82,75.88,75.33,75.58,216208.5,216208.5,16327295.5357,1
2026-07-17T02:00:00+08:00,1784224800000,75.58,75.83,75.46,75.68,385391.16,385391.16,29133431.7057,1
2026-07-17T02:15:00+08:00,1784225700000,75.69,75.88,75.63,75.76,43370.91,43370.91,3287376.1786,1
2026-07-17T02:30:00+08:00,1784226600000,75.77,75.77,75.37,75.49,45381.52,45381.52,3426939.6941,1
2026-07-17T02:45:00+08:00,1784227500000,75.49,75.73,75.47,75.67,21268.79,21268.79,1607993.5743,1
2026-07-17T03:00:00+08:00,1784228400000,75.68,75.8,75.59,75.63,25834.89,25834.89,1955707.5294,1
2026-07-17T03:15:00+08:00,1784229300000,75.62,75.77,75.57,75.75,26991.88,26991.88,2041776.5829,1
2026-07-17T03:30:00+08:00,1784230200000,75.75,75.89,75.72,75.76,18522.14,18522.14,1404253.7136,1
2026-07-17T03:45:00+08:00,1784231100000,75.75,75.88,75.68,75.76,35411.04,35411.04,2683830.9386,1
2026-07-17T04:00:00+08:00,1784232000000,75.75,75.81,75.68,75.7,16222.8,16222.8,1228780.8711,1
2026-07-17T04:15:00+08:00,1784232900000,75.71,75.84,75.65,75.78,8994.94,8994.94,681466.6863,1
2026-07-17T04:30:00+08:00,1784233800000,75.79,75.85,75.69,75.76,40735.51,40735.51,3086564.5708,1
2026-07-17T04:45:00+08:00,1784234700000,75.75,75.83,75.69,75.75,8592.77,8592.77,650947.006,1
2026-07-17T05:00:00+08:00,1784235600000,75.75,75.96,75.73,75.94,39804.21,39804.21,3020216.412,1
2026-07-17T05:15:00+08:00,1784236500000,75.93,75.97,75.84,75.86,9454.21,9454.21,717493.3514,1
2026-07-17T05:30:00+08:00,1784237400000,75.86,76.04,75.81,75.94,29302.36,29302.36,2225310.6348,1
2026-07-17T05:45:00+08:00,1784238300000,75.93,75.97,75.83,75.91,23027.02,23027.02,1747600.0309,1
2026-07-17T06:00:00+08:00,1784239200000,75.9,76,75.87,75.93,32864.96,32864.96,2495698.0078,1
2026-07-17T06:15:00+08:00,1784240100000,75.93,75.93,75.52,75.56,60704.2,60704.2,4596309.9904,1
2026-07-17T06:30:00+08:00,1784241000000,75.56,75.75,75.48,75.59,80740.73,80740.73,6105784.8367,1
2026-07-17T06:45:00+08:00,1784241900000,75.58,75.62,75.11,75.29,164038.38,164038.38,12352387.3957,1
2026-07-17T07:00:00+08:00,1784242800000,75.29,75.38,75.18,75.33,52406.37,52406.37,3944933.8046,1
2026-07-17T07:15:00+08:00,1784243700000,75.33,75.36,74.94,75.12,163594.06,163594.06,12284132.4171,1
2026-07-17T07:30:00+08:00,1784244600000,75.11,75.25,75.05,75.24,56387.92,56387.92,4237185.2827,1
2026-07-17T07:45:00+08:00,1784245500000,75.24,75.35,75.16,75.27,23372.3,23372.3,1759170.9716,1
2026-07-17T08:00:00+08:00,1784246400000,75.27,75.35,75.16,75.2,52748.32,52748.32,3969486.6293,1
2026-07-17T08:15:00+08:00,1784247300000,75.2,75.4,75.18,75.26,35441.92,35441.92,2669134.4713,1
2026-07-17T08:30:00+08:00,1784248200000,75.27,75.29,74.86,75.28,133889.76,133889.76,10052928.8244,1
2026-07-17T08:45:00+08:00,1784249100000,75.29,75.52,75.28,75.52,66457.97,66457.97,5010553.7226,1
2026-07-17T09:00:00+08:00,1784250000000,75.52,75.71,75.45,75.65,73608.32,73608.32,5565451.8018,1
2026-07-17T09:15:00+08:00,1784250900000,75.64,75.69,75.39,75.64,53505.84,53505.84,4041932.2618,1
2026-07-17T09:30:00+08:00,1784251800000,75.65,75.65,75.22,75.23,52654.72,52654.72,3967637.1816,1
2026-07-17T09:45:00+08:00,1784252700000,75.22,75.23,74.9,75.06,149653.68,149653.68,11227278.5291,1
2026-07-17T10:00:00+08:00,1784253600000,75.05,75.19,74.88,75.17,92936.92,92936.92,6974905.0569,1
2026-07-17T10:15:00+08:00,1784254500000,75.17,75.23,75.02,75.06,45345.28,45345.28,3406350.1256,1
2026-07-17T10:30:00+08:00,1784255400000,75.06,75.1,74.7,74.85,177982.5,177982.5,13320050.2901,1
2026-07-17T10:45:00+08:00,1784256300000,74.85,74.98,74.79,74.95,65645.96,65645.96,4915661.7718,1
2026-07-17T11:00:00+08:00,1784257200000,74.96,75.25,74.94,75.19,60505.7,60505.7,4544922.6146,1
2026-07-17T11:15:00+08:00,1784258100000,75.19,75.41,75.17,75.34,102002.11,102002.11,7682269.3513,1
2026-07-17T11:30:00+08:00,1784259000000,75.34,75.38,75.2,75.26,52620.71,52620.71,3962105.7212,1
2026-07-17T11:45:00+08:00,1784259900000,75.26,75.27,75.11,75.19,38706.18,38706.18,2909917.1499,1
2026-07-17T12:00:00+08:00,1784260800000,75.19,75.19,75.03,75.05,38190.6,38190.6,2867496.5293,1
2026-07-17T12:15:00+08:00,1784261700000,75.06,75.1,74.71,74.89,113780.73,113780.73,8516906.4705,1
2026-07-17T12:30:00+08:00,1784262600000,74.89,75.14,74.84,75.09,54102.6,54102.6,4056190.679,1
2026-07-17T12:45:00+08:00,1784263500000,75.09,75.3,75.09,75.19,36213.65,36213.65,2724184.6482,1
2026-07-17T13:00:00+08:00,1784264400000,75.18,75.18,75,75.14,43562.24,43562.24,3270789.898,1
2026-07-17T13:15:00+08:00,1784265300000,75.14,75.14,74.77,74.79,66309.33,66309.33,4966176.9239,1
2026-07-17T13:30:00+08:00,1784266200000,74.78,74.9,74.57,74.68,237696.46,237696.46,17763356.4229,1
2026-07-17T13:45:00+08:00,1784267100000,74.68,74.69,74.24,74.37,328584.45,328584.45,24444645.0238,1
2026-07-17T14:00:00+08:00,1784268000000,74.36,74.6,74.27,74.51,107090.84,107090.84,7971210.8032,1
2026-07-17T14:15:00+08:00,1784268900000,74.52,74.71,74.41,74.68,87651.07,87651.07,6536172.3409,1
2026-07-17T14:30:00+08:00,1784269800000,74.67,74.68,74.55,74.58,49813.57,49813.57,3716866.2553,1
2026-07-17T14:45:00+08:00,1784270700000,74.58,74.59,74.44,74.55,47626.08,47626.08,3549869.9833,1
2026-07-17T15:00:00+08:00,1784271600000,74.56,74.59,74.46,74.5,25080.52,25080.52,1869030.6747,1
2026-07-17T15:15:00+08:00,1784272500000,74.49,74.54,74.37,74.53,50054.9,50054.9,3726510.9011,1
2026-07-17T15:30:00+08:00,1784273400000,74.53,74.67,74.41,74.63,35181.25,35181.25,2622524.9267,1
2026-07-17T15:45:00+08:00,1784274300000,74.63,74.72,74.55,74.57,51332.26,51332.26,3831810.3771,1
2026-07-17T16:00:00+08:00,1784275200000,74.58,74.64,74.47,74.61,42244.07,42244.07,3149861.0607,1
2026-07-17T16:15:00+08:00,1784276100000,74.62,74.62,74.3,74.48,50123.74,50123.74,3731107.5902,1
2026-07-17T16:30:00+08:00,1784277000000,74.47,74.47,74.15,74.43,110074.82,110074.82,8175400.818,1
2026-07-17T16:45:00+08:00,1784277900000,74.43,74.61,74.42,74.48,44879.87,44879.87,3344685.2061,1
2026-07-17T17:00:00+08:00,1784278800000,74.48,74.6,74.43,74.6,33630.1,33630.1,2506182.3681,1
2026-07-17T17:15:00+08:00,1784279700000,74.6,74.66,74.46,74.63,33456.45,33456.45,2495250.9892,1
2026-07-17T17:30:00+08:00,1784280600000,74.62,74.78,74.59,74.74,39127.57,39127.57,2922839.3196,1
2026-07-17T17:45:00+08:00,1784281500000,74.74,74.75,74.58,74.6,61488.55,61488.55,4590502.0712,1
2026-07-17T18:00:00+08:00,1784282400000,74.61,74.79,74.58,74.79,84427.97,84427.97,6305184.3533,1
2026-07-17T18:15:00+08:00,1784283300000,74.79,74.81,74.66,74.7,36714.23,36714.23,2743714.7605,1
2026-07-17T18:30:00+08:00,1784284200000,74.7,74.8,74.67,74.78,33316.86,33316.86,2490643.5907,1
2026-07-17T18:45:00+08:00,1784285100000,74.79,74.85,74.75,74.75,33873.42,33873.42,2533621.758,1
2026-07-17T19:00:00+08:00,1784286000000,74.75,74.81,74.64,74.66,28393.57,28393.57,2121500.8645,1
2026-07-17T19:15:00+08:00,1784286900000,74.65,74.8,74.6,74.76,32344.27,32344.27,2415970.9982,1
2026-07-17T19:30:00+08:00,1784287800000,74.77,74.98,74.7,74.87,85688.56,85688.56,6415018.0322,1
2026-07-17T19:45:00+08:00,1784288700000,74.87,74.91,74.77,74.81,29907.86,29907.86,2238046.2146,1
2026-07-17T20:00:00+08:00,1784289600000,74.82,74.83,74.63,74.66,33806.22,33806.22,2526283.0209,1
2026-07-17T20:15:00+08:00,1784290500000,74.67,74.77,74.57,74.61,39118.04,39118.04,2920754.6383,1
2026-07-17T20:30:00+08:00,1784291400000,74.62,74.63,74.32,74.41,74666.78,74666.78,5561755.2124,1
2026-07-17T20:45:00+08:00,1784292300000,74.41,74.47,74.32,74.35,54364.96,54364.96,4045110.8626,1
2026-07-17T21:00:00+08:00,1784293200000,74.34,74.35,73.51,73.7,480789.53,480789.53,35501390.9817,1
2026-07-17T21:15:00+08:00,1784294100000,73.69,73.86,73.59,73.79,167510.8,167510.8,12351820.3783,1
2026-07-17T21:30:00+08:00,1784295000000,73.8,73.94,73.32,73.47,346892.91,346892.91,25520611.2971,1
2026-07-17T21:45:00+08:00,1784295900000,73.46,74.31,73.34,74.29,189681.15,189681.15,14011294.4511,1
2026-07-17T22:00:00+08:00,1784296800000,74.29,74.78,74.23,74.58,200512.39,200512.39,14935979.8699,1
2026-07-17T22:15:00+08:00,1784297700000,74.58,74.68,74.35,74.42,115937.82,115937.82,8638086.417,1
2026-07-17T22:30:00+08:00,1784298600000,74.43,74.55,74.03,74.38,366928.2,366928.2,27220792.1576,1
2026-07-17T22:45:00+08:00,1784299500000,74.38,74.39,74.16,74.28,62758.2,62758.2,4661836.0326,1
2026-07-17T23:00:00+08:00,1784300400000,74.28,74.28,73.83,73.94,136252.88,136252.88,10087947.6808,1
2026-07-17T23:15:00+08:00,1784301300000,73.94,74.23,73.76,74.21,98216.23,98216.23,7267836.8324,1
2026-07-17T23:30:00+08:00,1784302200000,74.22,74.47,74.05,74.39,158359.26,158359.26,11766767.3829,1
2026-07-17T23:45:00+08:00,1784303100000,74.38,74.73,74.29,74.72,87102.59,87102.59,6493468.3782,1
2026-07-18T00:00:00+08:00,1784304000000,74.72,74.91,74.59,74.77,138413.57,138413.57,10345752.7449,1
2026-07-18T00:15:00+08:00,1784304900000,74.77,74.89,74.56,74.77,95656.78,95656.78,7145652.978,1
2026-07-18T00:30:00+08:00,1784305800000,74.78,75.05,74.71,75.01,88507.29,88507.29,6627513.6467,1
2026-07-18T00:45:00+08:00,1784306700000,75,75.08,74.86,74.88,94166.27,94166.27,7057520.8334,1
2026-07-18T01:00:00+08:00,1784307600000,74.89,75.55,74.89,75.26,232049.03,232049.03,17474081.5539,1
2026-07-18T01:15:00+08:00,1784308500000,75.26,75.37,75.13,75.23,90058.22,90058.22,6776296.425,1
2026-07-18T01:30:00+08:00,1784309400000,75.23,75.29,75.1,75.16,48095.51,48095.51,3615415.5223,1
2026-07-18T01:45:00+08:00,1784310300000,75.15,75.32,75.12,75.18,38567.95,38567.95,2901258.1337,1
2026-07-18T02:00:00+08:00,1784311200000,75.19,75.25,75.1,75.21,20910.42,20910.42,1572067.1868,1
2026-07-18T02:15:00+08:00,1784312100000,75.21,75.21,74.96,75.06,45703.08,45703.08,3429419.4151,1
2026-07-18T02:30:00+08:00,1784313000000,75.06,75.14,74.93,75.06,30412.15,30412.15,2281122.5398,1
2026-07-18T02:45:00+08:00,1784313900000,75.05,75.36,75.05,75.28,53293.5,53293.5,4009345.6639,1
2026-07-18T03:00:00+08:00,1784314800000,75.27,75.33,74.98,75,39822.34,39822.34,2993400.3577,1
2026-07-18T03:15:00+08:00,1784315700000,74.99,75.03,74.81,74.99,37865.74,37865.74,2836777.777,1
2026-07-18T03:30:00+08:00,1784316600000,74.99,75.14,74.96,75.13,40918.93,40918.93,3071408.1932,1
2026-07-18T03:45:00+08:00,1784317500000,75.13,75.21,75.05,75.15,37459.73,37459.73,2814657.4286,1
2026-07-18T04:00:00+08:00,1784318400000,75.15,75.16,74.89,74.98,32371.01,32371.01,2426414.2209,1
2026-07-18T04:15:00+08:00,1784319300000,74.97,75.04,74.93,75.01,19013.16,19013.16,1425458.2484,1
2026-07-18T04:30:00+08:00,1784320200000,75.01,75.04,74.84,75.01,37925.66,37925.66,2840809.9289,1
2026-07-18T04:45:00+08:00,1784321100000,75.01,75.11,74.9,75.04,19646.42,19646.42,1473654.0683,1
2026-07-18T05:00:00+08:00,1784322000000,75.05,75.19,75.04,75.08,22637.11,22637.11,1700561.5321,1
2026-07-18T05:15:00+08:00,1784322900000,75.08,75.16,75.05,75.09,10861.83,10861.83,815789.2407,1
2026-07-18T05:30:00+08:00,1784323800000,75.09,75.09,74.92,74.93,22255.98,22255.98,1668729.5372,1
2026-07-18T05:45:00+08:00,1784324700000,74.93,75.01,74.91,74.97,29760.92,29760.92,2231733.5202,1
2026-07-18T06:00:00+08:00,1784325600000,74.97,75.08,74.88,74.9,26249.44,26249.44,1967481.9494,1
2026-07-18T06:15:00+08:00,1784326500000,74.9,74.93,74.8,74.86,16789.3,16789.3,1256694.9699,1
2026-07-18T06:30:00+08:00,1784327400000,74.86,74.92,74.83,74.9,27984.11,27984.11,2094774.1229,1
2026-07-18T06:45:00+08:00,1784328300000,74.9,74.99,74.9,74.99,18385.23,18385.23,1378151.8152,1
2026-07-18T07:00:00+08:00,1784329200000,74.99,74.99,74.8,74.87,24099.68,24099.68,1804561.815,1
2026-07-18T07:15:00+08:00,1784330100000,74.87,75,74.86,75,6158.26,6158.26,461454.3023,1
2026-07-18T07:30:00+08:00,1784331000000,75,75.09,74.96,74.99,32249.57,32249.57,2419941.7675,1
2026-07-18T07:45:00+08:00,1784331900000,74.99,75.04,74.95,74.99,18466.38,18466.38,1384852.3981,1
2026-07-18T08:00:00+08:00,1784332800000,74.98,75.17,74.94,75.16,25876.66,25876.66,1941294.8447,1
2026-07-18T08:15:00+08:00,1784333700000,75.15,75.23,75.1,75.16,49172.34,49172.34,3695838.9974,1
2026-07-18T08:30:00+08:00,1784334600000,75.16,75.17,75.04,75.06,19300.13,19300.13,1449336.7745,1
2026-07-18T08:45:00+08:00,1784335500000,75.06,75.11,75.02,75.05,15024.96,15024.96,1127641.5378,1
2026-07-18T09:00:00+08:00,1784336400000,75.06,75.1,75.01,75.04,37021.27,37021.27,2778140.5553,1
2026-07-18T09:15:00+08:00,1784337300000,75.04,75.18,75.01,75.15,13720.14,13720.14,1030079.2232,1
2026-07-18T09:30:00+08:00,1784338200000,75.15,75.16,75.04,75.11,8599.63,8599.63,645763.2103,1
2026-07-18T09:45:00+08:00,1784339100000,75.11,75.2,75.11,75.17,10550.65,10550.65,793056.8186,1
2026-07-18T10:00:00+08:00,1784340000000,75.18,75.23,75.1,75.21,26593.97,26593.97,1999263.3036,1
2026-07-18T10:15:00+08:00,1784340900000,75.21,75.31,75.21,75.27,28792.49,28792.49,2167076.8093,1
2026-07-18T10:30:00+08:00,1784341800000,75.27,75.42,75.26,75.26,45117.67,45117.67,3399470.2518,1
2026-07-18T10:45:00+08:00,1784342700000,75.26,75.28,75.16,75.16,28476.1,28476.1,2141670.7724,1
2026-07-18T11:00:00+08:00,1784343600000,75.16,75.27,75.16,75.2,28320.2,28320.2,2129659.3332,1
2026-07-18T11:15:00+08:00,1784344500000,75.2,75.24,75.11,75.12,25064.15,25064.15,1883733.0669,1
2026-07-18T11:30:00+08:00,1784345400000,75.12,75.25,75.11,75.2,22001.73,22001.73,1654521.4784,1
2026-07-18T11:45:00+08:00,1784346300000,75.2,75.34,75.17,75.33,11851.21,11851.21,891814.9393,1
2026-07-18T12:00:00+08:00,1784347200000,75.34,75.34,75.2,75.21,13641.15,13641.15,1026784.6613,1
2026-07-18T12:15:00+08:00,1784348100000,75.22,75.22,75.12,75.2,10388.13,10388.13,780778.04,1
2026-07-18T12:30:00+08:00,1784349000000,75.19,75.2,75.01,75.04,22271.14,22271.14,1672124.8364,1
2026-07-18T12:45:00+08:00,1784349900000,75.04,75.11,75.04,75.06,18322.79,18322.79,1375307.6022,1
2026-07-18T13:00:00+08:00,1784350800000,75.06,75.07,74.92,74.93,36696.23,36696.23,2751682.6808,1
2026-07-18T13:15:00+08:00,1784351700000,74.94,75.05,74.91,74.99,36216.95,36216.95,2714991.8753,1
2026-07-18T13:30:00+08:00,1784352600000,74.99,75.01,74.89,74.91,22691.72,22691.72,1700332.2663,1
2026-07-18T13:45:00+08:00,1784353500000,74.91,74.97,74.82,74.89,49961.73,49961.73,3740757.7782,1
2026-07-18T14:00:00+08:00,1784354400000,74.89,74.94,74.87,74.93,15029.52,15029.52,1125786.9163,1
2026-07-18T14:15:00+08:00,1784355300000,74.93,75.05,74.92,75.01,33372.96,33372.96,2502601.6512,1
2026-07-18T14:30:00+08:00,1784356200000,75.01,75.01,74.91,75,13954.23,13954.23,1046006.1001,1
2026-07-18T14:45:00+08:00,1784357100000,74.99,75.04,74.93,74.93,8546.12,8546.12,640939.7481,1
2026-07-18T15:00:00+08:00,1784358000000,74.92,75.01,74.86,74.88,30625.82,30625.82,2294324.9669,1
2026-07-18T15:15:00+08:00,1784358900000,74.87,74.94,74.86,74.9,20316.74,20316.74,1521434.6215,1
2026-07-18T15:30:00+08:00,1784359800000,74.9,75,74.85,74.99,23965.28,23965.28,1795851.2934,1
2026-07-18T15:45:00+08:00,1784360700000,75,75.01,74.88,74.92,17220.2,17220.2,1290565.6756,1
2026-07-18T16:00:00+08:00,1784361600000,74.92,74.93,74.74,74.86,72187.91,72187.91,5400703.9195,1
2026-07-18T16:15:00+08:00,1784362500000,74.86,74.96,74.86,74.94,15583.46,15583.46,1167329.3467,1
2026-07-18T16:30:00+08:00,1784363400000,74.94,75,74.87,74.88,40809.29,40809.29,3059043.8211,1
2026-07-18T16:45:00+08:00,1784364300000,74.88,74.96,74.87,74.92,23131.32,23131.32,1732874.8745,1
2026-07-18T17:00:00+08:00,1784365200000,74.93,74.96,74.79,74.84,36784.26,36784.26,2753266.3655,1
2026-07-18T17:15:00+08:00,1784366100000,74.83,74.84,74.62,74.63,95098.27,95098.27,7105468.7074,1
2026-07-18T17:30:00+08:00,1784367000000,74.64,74.74,74.59,74.7,46514.26,46514.26,3472834.3922,1
2026-07-18T17:45:00+08:00,1784367900000,74.7,74.81,74.7,74.8,21226.96,21226.96,1587144.4923,1
2026-07-18T18:00:00+08:00,1784368800000,74.8,74.86,74.78,74.78,22691.1,22691.1,1697722.6489,1
2026-07-18T18:15:00+08:00,1784369700000,74.78,74.88,74.75,74.88,22092.04,22092.04,1652518.7554,1
2026-07-18T18:30:00+08:00,1784370600000,74.87,74.91,74.79,74.82,19361.24,19361.24,1449314.5633,1
2026-07-18T18:45:00+08:00,1784371500000,74.82,74.86,74.81,74.85,5480.69,5480.69,410182.0946,1
2026-07-18T19:00:00+08:00,1784372400000,74.86,74.92,74.85,74.89,27771.94,27771.94,2079501.0042,1
2026-07-18T19:15:00+08:00,1784373300000,74.9,74.97,74.88,74.96,24355.33,24355.33,1824868.9716,1
2026-07-18T19:30:00+08:00,1784374200000,74.97,74.97,74.84,74.88,30630.58,30630.58,2293835.0833,1
2026-07-18T19:45:00+08:00,1784375100000,74.88,74.97,74.86,74.91,13071.44,13071.44,979374.9743,1
2026-07-18T20:00:00+08:00,1784376000000,74.9,75.14,74.9,74.96,94847.66,94847.66,7114802.2167,1
2026-07-18T20:15:00+08:00,1784376900000,74.95,74.97,74.67,74.69,97757.76,97757.76,7311657.7226,1
2026-07-18T20:30:00+08:00,1784377800000,74.69,74.92,74.67,74.91,70722.59,70722.59,5289378.4236,1
2026-07-18T20:45:00+08:00,1784378700000,74.91,75.05,74.91,74.94,60444.4,60444.4,4532369.8775,1
2026-07-18T21:00:00+08:00,1784379600000,74.94,74.94,74.61,74.62,67603.38,67603.38,5055081.4843,1
2026-07-18T21:15:00+08:00,1784380500000,74.63,74.7,74.45,74.66,105966.92,105966.92,7899622.0037,1
2026-07-18T21:30:00+08:00,1784381400000,74.66,74.73,74.62,74.69,31410.42,31410.42,2345407.4536,1
2026-07-18T21:45:00+08:00,1784382300000,74.69,74.7,74.62,74.69,14768.77,14768.77,1102758.6919,1
2026-07-18T22:00:00+08:00,1784383200000,74.7,74.78,74.61,74.77,35914.36,35914.36,2682815.5318,1
2026-07-18T22:15:00+08:00,1784384100000,74.76,74.87,74.69,74.86,16542.92,16542.92,1236932.4138,1
2026-07-18T22:30:00+08:00,1784385000000,74.86,74.92,74.77,74.92,37905.57,37905.57,2836573.594,1
2026-07-18T22:45:00+08:00,1784385900000,74.92,74.97,74.86,74.95,38256.66,38256.66,2865891.3988,1
2026-07-18T23:00:00+08:00,1784386800000,74.95,74.95,74.81,74.86,21297.74,21297.74,1594930.5269,1
2026-07-18T23:15:00+08:00,1784387700000,74.87,74.96,74.8,74.83,26124.37,26124.37,1956096.0087,1
2026-07-18T23:30:00+08:00,1784388600000,74.82,74.93,74.8,74.81,29220.65,29220.65,2187060.9728,1
2026-07-18T23:45:00+08:00,1784389500000,74.81,75,74.76,74.92,39969.74,39969.74,2994196.6618,1
2026-07-19T00:00:00+08:00,1784390400000,74.91,75.01,74.79,75,29280.12,29280.12,2193837.444,1
2026-07-19T00:15:00+08:00,1784391300000,75,75.05,74.89,74.96,29535.72,29535.72,2214993.2845,1
2026-07-19T00:30:00+08:00,1784392200000,74.97,75.1,74.96,75.01,38889.33,38889.33,2917870.4409,1
2026-07-19T00:45:00+08:00,1784393100000,75.01,75.24,75,75.13,94862.3,94862.3,7127183.8646,1
2026-07-19T01:00:00+08:00,1784394000000,75.12,75.15,75.01,75.1,19711.35,19711.35,1479813.4497,1
2026-07-19T01:15:00+08:00,1784394900000,75.1,75.35,75.04,75.07,77271.95,77271.95,5810945.9826,1
2026-07-19T01:30:00+08:00,1784395800000,75.07,75.33,75.07,75.27,33641.1,33641.1,2530564.5243,1
2026-07-19T01:45:00+08:00,1784396700000,75.27,75.36,75.22,75.3,42853.92,42853.92,3226694.9017,1
2026-07-19T02:00:00+08:00,1784397600000,75.31,75.54,75.23,75.26,160536.76,160536.76,12099759.9275,1
2026-07-19T02:15:00+08:00,1784398500000,75.26,75.62,75.22,75.42,103680.81,103680.81,7822077.3452,1
2026-07-19T02:30:00+08:00,1784399400000,75.42,75.43,75.14,75.14,31753.06,31753.06,2389157.3901,1
2026-07-19T02:45:00+08:00,1784400300000,75.14,75.27,75.14,75.24,21362.34,21362.34,1606647.5475,1
2026-07-19T03:00:00+08:00,1784401200000,75.24,75.29,75.19,75.23,14456.14,14456.14,1087736.1421,1
2026-07-19T03:15:00+08:00,1784402100000,75.24,75.42,75.19,75.22,37810.91,37810.91,2847999.6478,1
2026-07-19T03:30:00+08:00,1784403000000,75.23,75.32,75.21,75.31,13998.26,13998.26,1053579.2079,1
2026-07-19T03:45:00+08:00,1784403900000,75.31,75.4,75.3,75.4,21523.58,21523.58,1621987.122,1
2026-07-19T04:00:00+08:00,1784404800000,75.4,75.45,75.33,75.45,30332.31,30332.31,2286413.7945,1
2026-07-19T04:15:00+08:00,1784405700000,75.44,75.54,75.37,75.37,34940.96,34940.96,2636480.4196,1
2026-07-19T04:30:00+08:00,1784406600000,75.37,75.38,75.29,75.33,10265.03,10265.03,773169.6589,1
2026-07-19T04:45:00+08:00,1784407500000,75.33,75.44,75.28,75.42,9747.2,9747.2,734417.6598,1
2026-07-19T05:00:00+08:00,1784408400000,75.42,75.54,75.39,75.54,31451.18,31451.18,2373415.0129,1
2026-07-19T05:15:00+08:00,1784409300000,75.54,75.6,75.41,75.46,30246.46,30246.46,2283974.3886,1
2026-07-19T05:30:00+08:00,1784410200000,75.46,75.47,75.33,75.33,13711.51,13711.51,1033713.827,1
2026-07-19T05:45:00+08:00,1784411100000,75.34,75.48,75.3,75.44,23196.35,23196.35,1748921.18,1
2026-07-19T06:00:00+08:00,1784412000000,75.43,75.58,75.39,75.5,22360.49,22360.49,1688591.0459,1
2026-07-19T06:15:00+08:00,1784412900000,75.5,75.54,75.4,75.42,10744.08,10744.08,810806.2531,1
2026-07-19T06:30:00+08:00,1784413800000,75.41,75.46,75.33,75.44,19455.75,19455.75,1466580.5104,1
2026-07-19T06:45:00+08:00,1784414700000,75.45,75.54,75.41,75.52,21537.65,21537.65,1625383.8868,1
2026-07-19T07:00:00+08:00,1784415600000,75.51,75.53,75.36,75.39,10503.28,10503.28,792431.9477,1
2026-07-19T07:15:00+08:00,1784416500000,75.4,75.54,75.39,75.52,14083.64,14083.64,1063073.6211,1
2026-07-19T07:30:00+08:00,1784417400000,75.52,75.53,75.43,75.43,9499.07,9499.07,716938.9133,1
2026-07-19T07:45:00+08:00,1784418300000,75.44,75.49,75.4,75.46,9418.2,9418.2,710617.4406,1
2026-07-19T08:00:00+08:00,1784419200000,75.47,75.5,75.43,75.45,28637.62,28637.62,2160974.4272,1
2026-07-19T08:15:00+08:00,1784420100000,75.45,75.54,75.39,75.43,32641.57,32641.57,2462895.4133,1
2026-07-19T08:30:00+08:00,1784421000000,75.44,75.5,75.43,75.49,8917.99,8917.99,672956.4117,1
2026-07-19T08:45:00+08:00,1784421900000,75.49,75.64,75.46,75.58,43340.9,43340.9,3274728.3917,1
2026-07-19T09:00:00+08:00,1784422800000,75.59,75.61,75.52,75.57,27661.24,27661.24,2090335.7003,1
2026-07-19T09:15:00+08:00,1784423700000,75.57,75.62,75.53,75.55,36583.67,36583.67,2765237.4301,1
2026-07-19T09:30:00+08:00,1784424600000,75.54,75.56,75.48,75.55,14408.95,14408.95,1088143.3675,1
2026-07-19T09:45:00+08:00,1784425500000,75.56,75.69,75.55,75.64,23395.79,23395.79,1769528.8936,1
2026-07-19T10:00:00+08:00,1784426400000,75.64,76.22,75.63,76.05,272818.57,272818.57,20717609.3225,1
2026-07-19T10:15:00+08:00,1784427300000,76.05,76.18,75.89,75.99,106509.47,106509.47,8097533.7998,1
2026-07-19T10:30:00+08:00,1784428200000,75.99,76.55,75.99,76.23,207951.83,207951.83,15878406.8533,1
2026-07-19T10:45:00+08:00,1784429100000,76.22,76.31,76.15,76.15,68202.72,68202.72,5199326.3205,1
2026-07-19T11:00:00+08:00,1784430000000,76.15,76.4,75.97,75.99,79456.92,79456.92,6051377.2298,1
2026-07-19T11:15:00+08:00,1784430900000,75.98,75.99,75.76,75.84,116004.65,116004.65,8797851.5824,1
2026-07-19T11:30:00+08:00,1784431800000,75.85,75.94,75.82,75.87,34283.75,34283.75,2601378.2956,1
2026-07-19T11:45:00+08:00,1784432700000,75.87,75.92,75.81,75.91,23378.78,23378.78,1773749.8915,1
2026-07-19T12:00:00+08:00,1784433600000,75.92,75.92,75.67,75.74,71766.51,71766.51,5438244.7575,1
2026-07-19T12:15:00+08:00,1784434500000,75.75,75.87,75.74,75.87,27397.51,27397.51,2076551.8742,1
2026-07-19T12:30:00+08:00,1784435400000,75.86,76.04,75.83,75.95,39223.04,39223.04,2979290.7151,1
2026-07-19T12:45:00+08:00,1784436300000,75.95,76.01,75.88,75.95,36143.27,36143.27,2745156.9857,1
2026-07-19T13:00:00+08:00,1784437200000,75.95,76.06,75.95,76.05,30044.31,30044.31,2283593.0368,1
2026-07-19T13:15:00+08:00,1784438100000,76.05,76.06,75.93,75.95,19935.67,19935.67,1514774.2912,1
2026-07-19T13:30:00+08:00,1784439000000,75.95,75.95,75.84,75.91,13893.44,13893.44,1054316.1387,1
2026-07-19T13:45:00+08:00,1784439900000,75.92,76.02,75.92,75.93,22410.8,22410.8,1702554.9438,1
2026-07-19T14:00:00+08:00,1784440800000,75.93,76,75.89,75.97,14503.21,14503.21,1101250.5714,1
2026-07-19T14:15:00+08:00,1784441700000,75.97,76.06,75.93,75.97,21677.63,21677.63,1647691.4208,1
2026-07-19T14:30:00+08:00,1784442600000,75.97,76.05,75.93,76.03,28112.6,28112.6,2135934.4246,1
2026-07-19T14:45:00+08:00,1784443500000,76.03,76.11,75.97,76.06,37042.1,37042.1,2817278.2627,1
2026-07-19T15:00:00+08:00,1784444400000,76.07,76.09,75.96,76.02,17230.15,17230.15,1309843.206,1
2026-07-19T15:15:00+08:00,1784445300000,76.02,76.19,76,76.13,25907.62,25907.62,1971976.9691,1
2026-07-19T15:30:00+08:00,1784446200000,76.14,76.29,76.11,76.22,40207.93,40207.93,3063822.5818,1
2026-07-19T15:45:00+08:00,1784447100000,76.22,76.22,76.03,76.1,35874.7,35874.7,2730402.7377,1
2026-07-19T16:00:00+08:00,1784448000000,76.1,76.26,76.03,76.21,35347.43,35347.43,2690556.4999,1
2026-07-19T16:15:00+08:00,1784448900000,76.22,76.22,76.1,76.16,16677.76,16677.76,1270050.614,1
2026-07-19T16:30:00+08:00,1784449800000,76.16,76.25,76.1,76.22,28711.12,28711.12,2187528.2603,1
2026-07-19T16:45:00+08:00,1784450700000,76.22,76.33,76.17,76.23,39883.22,39883.22,3041285.637,1
2026-07-19T17:00:00+08:00,1784451600000,76.24,76.27,76.08,76.09,33937.68,33937.68,2585283.2559,1
2026-07-19T17:15:00+08:00,1784452500000,76.09,76.09,75.87,75.99,57016.53,57016.53,4330981.8341,1
2026-07-19T17:30:00+08:00,1784453400000,76,76.08,75.88,75.94,47047.31,47047.31,3574507.6442,1
2026-07-19T17:45:00+08:00,1784454300000,75.93,76.01,75.92,75.96,22114.49,22114.49,1679902.1633,1
2026-07-19T18:00:00+08:00,1784455200000,75.95,76.03,75.86,75.97,28462.46,28462.46,2161726.2378,1
2026-07-19T18:15:00+08:00,1784456100000,75.96,76.05,75.93,76.04,23451.61,23451.61,1781994.1138,1
2026-07-19T18:30:00+08:00,1784457000000,76.05,76.18,76,76.16,32361.01,32361.01,2462439.0644,1
2026-07-19T18:45:00+08:00,1784457900000,76.16,76.5,76.16,76.23,103548.73,103548.73,7903278.2458,1
2026-07-19T19:00:00+08:00,1784458800000,76.23,76.37,76.12,76.24,52890.15,52890.15,4031420.1991,1
2026-07-19T19:15:00+08:00,1784459700000,76.25,76.38,76.2,76.24,41413.74,41413.74,3158547.6696,1
2026-07-19T19:30:00+08:00,1784460600000,76.23,76.26,76.11,76.17,28817.32,28817.32,2194806.1578,1
2026-07-19T19:45:00+08:00,1784461500000,76.18,76.19,76.01,76.02,34696.53,34696.53,2639622.8124,1
2026-07-19T20:00:00+08:00,1784462400000,76.02,76.03,75.73,75.74,109900.81,109900.81,8338977.8229,1
2026-07-19T20:15:00+08:00,1784463300000,75.74,76.16,75.71,75.95,100618.31,100618.31,7639627.8125,1
2026-07-19T20:30:00+08:00,1784464200000,75.95,76.14,75.94,76.02,24771.58,24771.58,1883925.7673,1
2026-07-19T20:45:00+08:00,1784465100000,76.02,76.02,75.88,76,37479.32,37479.32,2846270.1558,1
2026-07-19T21:00:00+08:00,1784466000000,76,76.02,75.84,75.88,67326.27,67326.27,5110039.4336,1
2026-07-19T21:15:00+08:00,1784466900000,75.88,76,75.84,75.98,42360.51,42360.51,3215837.7364,1
2026-07-19T21:30:00+08:00,1784467800000,75.98,76.08,75.95,75.97,23517.17,23517.17,1787698.1849,1
2026-07-19T21:45:00+08:00,1784468700000,75.96,76.12,75.94,76.07,19765.75,19765.75,1503454.3007,1
2026-07-19T22:00:00+08:00,1784469600000,76.06,76.26,76.06,76.22,47129.02,47129.02,3589507.3316,1
2026-07-19T22:15:00+08:00,1784470500000,76.23,76.26,75.99,76.21,47249.25,47249.25,3595589.9524,1
2026-07-19T22:30:00+08:00,1784471400000,76.21,76.47,76.2,76.33,67278.38,67278.38,5136282.7963,1
2026-07-19T22:45:00+08:00,1784472300000,76.34,76.65,76.32,76.38,138469.27,138469.27,10593207.43,1
2026-07-19T23:00:00+08:00,1784473200000,76.38,76.44,76.17,76.27,83494.88,83494.88,6369226.8708,1
2026-07-19T23:15:00+08:00,1784474100000,76.26,76.3,76.06,76.06,39642.83,39642.83,3019506.326,1
2026-07-19T23:30:00+08:00,1784475000000,76.07,76.23,76.05,76.16,27465.63,27465.63,2091222.3885,1
2026-07-19T23:45:00+08:00,1784475900000,76.15,76.25,76.12,76.15,21271.7,21271.7,1620327.3805,1
2026-07-20T00:00:00+08:00,1784476800000,76.15,76.24,75.96,76.07,76589.95,76589.95,5826979.2599,1
2026-07-20T00:15:00+08:00,1784477700000,76.07,76.15,76.01,76.05,26083.06,26083.06,1984248.6272,1
2026-07-20T00:30:00+08:00,1784478600000,76.05,76.05,75.88,75.92,60161.46,60161.46,4568546.5816,1
2026-07-20T00:45:00+08:00,1784479500000,75.92,75.95,75.8,75.86,62776.68,62776.68,4763143.7758,1
2026-07-20T01:00:00+08:00,1784480400000,75.85,76.14,75.51,76.11,204455.4,204455.4,15499700.712,1
2026-07-20T01:15:00+08:00,1784481300000,76.11,76.19,75.96,76.06,33993.94,33993.94,2585958.3139,1
2026-07-20T01:30:00+08:00,1784482200000,76.06,76.17,75.94,75.96,23980.28,23980.28,1824407.2401,1
2026-07-20T01:45:00+08:00,1784483100000,75.96,76.02,75.91,75.92,25156.43,25156.43,1910926.163,1
2026-07-20T02:00:00+08:00,1784484000000,75.92,75.94,75.28,75.62,203807.33,203807.33,15401841.0037,1
2026-07-20T02:15:00+08:00,1784484900000,75.63,75.65,75.49,75.52,42818.39,42818.39,3235616.4075,1
2026-07-20T02:30:00+08:00,1784485800000,75.52,75.7,75.46,75.63,32410.09,32410.09,2449859.7376,1
2026-07-20T02:45:00+08:00,1784486700000,75.64,75.71,75.56,75.71,18720.41,18720.41,1415560.6479,1
2026-07-20T03:00:00+08:00,1784487600000,75.71,75.81,75.58,75.78,23312.86,23312.86,1765034.6065,1
2026-07-20T03:15:00+08:00,1784488500000,75.78,75.82,75.73,75.79,18273.82,18273.82,1384660.7698,1
2026-07-20T03:30:00+08:00,1784489400000,75.79,75.85,75.72,75.73,9564.61,9564.61,724864.3527,1
2026-07-20T03:45:00+08:00,1784490300000,75.72,75.84,75.69,75.84,12057.97,12057.97,913275.3476,1
2026-07-20T04:00:00+08:00,1784491200000,75.84,75.98,75.84,75.89,38355.06,38355.06,2911430.6951,1
2026-07-20T04:15:00+08:00,1784492100000,75.9,75.94,75.83,75.91,7597.63,7597.63,576562.0977,1
2026-07-20T04:30:00+08:00,1784493000000,75.92,76.05,75.9,75.99,20507.28,20507.28,1558129.6147,1
2026-07-20T04:45:00+08:00,1784493900000,76,76.11,75.95,76.09,25957.26,25957.26,1974111.1902,1
2026-07-20T05:00:00+08:00,1784494800000,76.1,76.19,76.06,76.14,47927.48,47927.48,3648357.8559,1
2026-07-20T05:15:00+08:00,1784495700000,76.13,76.16,75.92,76,21355.68,21355.68,1623031.5764,1
2026-07-20T05:30:00+08:00,1784496600000,76,76,75.7,75.76,87692.65,87692.65,6650352.2244,1
2026-07-20T05:45:00+08:00,1784497500000,75.77,75.86,75.65,75.73,41901.9,41901.9,3173378.5376,1
2026-07-20T06:00:00+08:00,1784498400000,75.73,76.15,75.57,76.08,86540.97,86540.97,6564974.2312,1
2026-07-20T06:15:00+08:00,1784499300000,76.09,76.4,76.07,76.1,100912.13,100912.13,7694192.5046,1
2026-07-20T06:30:00+08:00,1784500200000,76.09,76.22,75.98,76.21,37557.36,37557.36,2858047.6288,1
2026-07-20T06:45:00+08:00,1784501100000,76.2,76.21,76.04,76.05,18711.17,18711.17,1424325.1452,1
2026-07-20T07:00:00+08:00,1784502000000,76.05,76.13,75.83,76.11,50583.29,50583.29,3842410.257,1
2026-07-20T07:15:00+08:00,1784502900000,76.11,76.32,76.01,76.23,48474.26,48474.26,3692763.5109,1
2026-07-20T07:30:00+08:00,1784503800000,76.22,76.53,76.21,76.51,113086.59,113086.59,8635552.2335,1
2026-07-20T07:45:00+08:00,1784504700000,76.52,76.54,76.27,76.34,35435.94,35435.94,2705985.9461,1
2026-07-20T08:00:00+08:00,1784505600000,76.33,76.89,76.08,76.82,306488.62,306488.62,23479381.5812,1
2026-07-20T08:15:00+08:00,1784506500000,76.82,77.1,76.53,76.69,205203.65,205203.65,15771568.73,1
2026-07-20T08:30:00+08:00,1784507400000,76.69,77.04,76.56,76.91,73434.28,73434.28,5641147.2896,1
2026-07-20T08:45:00+08:00,1784508300000,76.9,76.98,76.27,76.52,184122.28,184122.28,14107832.0043,1
2026-07-20T09:00:00+08:00,1784509200000,76.53,77.38,76.52,76.96,219100.3,219100.3,16867958.8033,1
2026-07-20T09:15:00+08:00,1784510100000,76.97,77.19,76.68,76.89,111168.22,111168.22,8550832.5851,1
2026-07-20T09:30:00+08:00,1784511000000,76.89,76.94,76.48,76.64,88496.93,88496.93,6789360.9494,1
2026-07-20T09:45:00+08:00,1784511900000,76.63,76.69,76.22,76.34,110151.74,110151.74,8413461.3672,1
2026-07-20T10:00:00+08:00,1784512800000,76.33,76.94,76.31,76.78,134293.45,134293.45,10306333.4711,1
2026-07-20T10:15:00+08:00,1784513700000,76.78,76.81,76.39,76.45,82135.09,82135.09,6286745.5105,1
2026-07-20T10:30:00+08:00,1784514600000,76.45,76.93,76.42,76.79,55052.45,55052.45,4222242.6605,1
2026-07-20T10:45:00+08:00,1784515500000,76.8,77.16,76.78,76.93,104967.1,104967.1,8084139.8254,1
2026-07-20T11:00:00+08:00,1784516400000,76.92,77.06,76.79,76.92,46167.12,46167.12,3551365.9277,1
2026-07-20T11:15:00+08:00,1784517300000,76.92,76.99,76.5,76.54,65373.86,65373.86,5011382.9019,1
2026-07-20T11:30:00+08:00,1784518200000,76.53,76.81,76.49,76.79,47857.92,47857.92,3668159.3943,1
2026-07-20T11:45:00+08:00,1784519100000,76.8,76.84,76.6,76.71,33211.7,33211.7,2547985.4467,1
2026-07-20T12:00:00+08:00,1784520000000,76.71,76.73,76.33,76.4,72961.64,72961.64,5582098.5716,1
2026-07-20T12:15:00+08:00,1784520900000,76.4,76.57,76.24,76.52,69592.84,69592.84,5314083.435,1
2026-07-20T12:30:00+08:00,1784521800000,76.53,76.9,76.52,76.74,97164.35,97164.35,7455598.7339,1
2026-07-20T12:45:00+08:00,1784522700000,76.74,76.82,76.4,76.41,67507.88,67507.88,5171415.5809,1
2026-07-20T13:00:00+08:00,1784523600000,76.42,76.45,75.72,76.04,185074.16,185074.16,14081988.9679,1
2026-07-20T13:15:00+08:00,1784524500000,76.03,76.23,75.88,76.03,94173.58,94173.58,7162506.98,1
2026-07-20T13:30:00+08:00,1784525400000,76.03,76.12,75.9,75.93,53922.81,53922.81,4097298.4811,1
2026-07-20T13:45:00+08:00,1784526300000,75.93,75.93,75.75,75.87,40982.27,40982.27,3107956.9181,1
2026-07-20T14:00:00+08:00,1784527200000,75.88,76,75.81,75.96,54176.72,54176.72,4112184.9491,1
2026-07-20T14:15:00+08:00,1784528100000,75.96,76.01,75.8,75.95,34298.18,34298.18,2604044.5268,1
2026-07-20T14:30:00+08:00,1784529000000,75.94,75.99,75.44,75.75,248057.43,248057.43,18771079.2405,1
2026-07-20T14:45:00+08:00,1784529900000,75.74,75.78,75.54,75.58,89676.76,89676.76,6784539.7217,1
2026-07-20T15:00:00+08:00,1784530800000,75.59,75.73,75.58,75.69,47668.23,47668.23,3606257.289,1
2026-07-20T15:15:00+08:00,1784531700000,75.69,75.94,75.47,75.92,92604.95,92604.95,7012023.3877,1
2026-07-20T15:30:00+08:00,1784532600000,75.91,76.04,75.83,76.04,55087.29,55087.29,4182857.4088,1
2026-07-20T15:45:00+08:00,1784533500000,76.04,76.2,75.97,76.17,73702.92,73702.92,5606521.0689,1
2026-07-20T16:00:00+08:00,1784534400000,76.17,76.31,76.05,76.24,96438.26,96438.26,7348956.2053,1
2026-07-20T16:15:00+08:00,1784535300000,76.24,76.4,76.17,76.24,93301.39,93301.39,7118298.7945,1
2026-07-20T16:30:00+08:00,1784536200000,76.24,76.3,75.85,75.86,169202.2,169202.2,12867184.2474,1
2026-07-20T16:45:00+08:00,1784537100000,75.86,76.2,75.86,76.11,50090.13,50090.13,3809713.1717,1
2026-07-20T17:00:00+08:00,1784538000000,76.1,76.2,76.02,76.17,39863.24,39863.24,3034393.3147,1
2026-07-20T17:15:00+08:00,1784538900000,76.17,76.55,76.16,76.55,81234.63,81234.63,6205609.3198,1
2026-07-20T17:30:00+08:00,1784539800000,76.55,76.75,76.5,76.57,145916.69,145916.69,11181088.4526,1
2026-07-20T17:45:00+08:00,1784540700000,76.58,76.68,76.42,76.42,83292.44,83292.44,6377074.1442,1
2026-07-20T18:00:00+08:00,1784541600000,76.43,76.46,76.32,76.44,52972.62,52972.62,4046515.6663,1
2026-07-20T18:15:00+08:00,1784542500000,76.43,76.65,76.37,76.51,46563.64,46563.64,3562804.8285,1
2026-07-20T18:30:00+08:00,1784543400000,76.51,76.52,76.37,76.47,26822.96,26822.96,2050664.2504,1
2026-07-20T18:45:00+08:00,1784544300000,76.48,76.48,76.3,76.32,36038.82,36038.82,2752530.4162,1
2026-07-20T19:00:00+08:00,1784545200000,76.32,76.59,76.27,76.52,76865.81,76865.81,5875240.7426,1
2026-07-20T19:15:00+08:00,1784546100000,76.53,76.57,76.33,76.36,74238.79,74238.79,5673743.622,1
2026-07-20T19:30:00+08:00,1784547000000,76.35,77.15,76.34,76.94,370080.36,370080.36,28454417.9295,1
2026-07-20T19:45:00+08:00,1784547900000,76.95,77.2,76.94,77.1,137601.74,137601.74,10602215.7154,1
2026-07-20T20:00:00+08:00,1784548800000,77.09,77.11,76.67,76.83,168906.51,168906.51,12980470.0975,1
2026-07-20T20:15:00+08:00,1784549700000,76.83,76.91,76.71,76.81,77005.56,77005.56,5914765.6753,1
2026-07-20T20:30:00+08:00,1784550600000,76.81,76.89,76.61,76.63,86705.64,86705.64,6655870.3867,1
2026-07-20T20:45:00+08:00,1784551500000,76.63,76.86,76.62,76.71,47661.42,47661.42,3657232.9429,1
2026-07-20T21:00:00+08:00,1784552400000,76.7,76.78,76.66,76.66,49724.96,49724.96,3815432.8295,1
2026-07-20T21:15:00+08:00,1784553300000,76.67,76.78,76.53,76.71,56631.02,56631.02,4341106.8767,1
2026-07-20T21:30:00+08:00,1784554200000,76.71,77.09,76.63,76.88,157220.49,157220.49,12085844.5108,1
2026-07-20T21:45:00+08:00,1784555100000,76.88,76.9,76.08,76.24,349778.99,349778.99,26736946.618,1
2026-07-20T22:00:00+08:00,1784556000000,76.24,76.4,75.95,76.07,257146.45,257146.45,19592941.3628,1
2026-07-20T22:15:00+08:00,1784556900000,76.07,76.32,75.73,76.31,277097.87,277097.87,21052061.8241,1
2026-07-20T22:30:00+08:00,1784557800000,76.31,76.35,76.11,76.2,90425.02,90425.02,6894113.3852,1
2026-07-20T22:45:00+08:00,1784558700000,76.19,76.43,75.96,76.1,124987.44,124987.44,9517096.8928,1
2026-07-20T23:00:00+08:00,1784559600000,76.11,77.05,76.05,77.01,257763.41,257763.41,19766959.9249,1
2026-07-20T23:15:00+08:00,1784560500000,77.01,77.1,76.84,76.98,195730.28,195730.28,15062822.6152,1
2026-07-20T23:30:00+08:00,1784561400000,76.98,77.32,76.8,77.24,161063.79,161063.79,12423015.1309,1
2026-07-20T23:45:00+08:00,1784562300000,77.24,77.9,77.24,77.72,487654.02,487654.02,37852619.5385,1
2026-07-21T00:00:00+08:00,1784563200000,77.73,77.81,77.53,77.76,137467.27,137467.27,10674327.4676,1
2026-07-21T00:15:00+08:00,1784564100000,77.76,77.84,77.46,77.56,97144.14,97144.14,7537684.9574,1
2026-07-21T00:30:00+08:00,1784565000000,77.56,77.71,77.4,77.54,158076.37,158076.37,12263265.227,1
2026-07-21T00:45:00+08:00,1784565900000,77.54,77.77,77.54,77.63,80583.94,80583.94,6260392.3818,1
2026-07-21T01:00:00+08:00,1784566800000,77.62,77.7,77.55,77.58,56150.72,56150.72,4358858.4215,1
2026-07-21T01:15:00+08:00,1784567700000,77.57,77.63,77.49,77.56,30284.23,30284.23,2348552.5946,1
2026-07-21T01:30:00+08:00,1784568600000,77.56,77.57,77.31,77.36,59473.43,59473.43,4605003.6606,1
2026-07-21T01:45:00+08:00,1784569500000,77.37,77.88,77.37,77.7,121489.68,121489.68,9437585.1934,1
2026-07-21T02:00:00+08:00,1784570400000,77.7,78.36,77.7,78.17,319106.42,319106.42,24908815.4935,1
2026-07-21T02:15:00+08:00,1784571300000,78.18,78.33,77.92,78.03,93356.74,93356.74,7291170.7619,1
2026-07-21T02:30:00+08:00,1784572200000,78.02,78.02,77.7,77.72,83305.8,83305.8,6488686.25,1
2026-07-21T02:45:00+08:00,1784573100000,77.71,77.79,77.55,77.63,109778.64,109778.64,8528509.9838,1
2026-07-21T03:00:00+08:00,1784574000000,77.63,77.7,77.33,77.35,139437.4,139437.4,10814546.6825,1
2026-07-21T03:15:00+08:00,1784574900000,77.35,77.59,77.25,77.5,155033.61,155033.61,12005501.5327,1
2026-07-21T03:30:00+08:00,1784575800000,77.5,77.56,77.32,77.5,65427.39,65427.39,5065029.588,1
2026-07-21T03:45:00+08:00,1784576700000,77.51,77.65,77.43,77.6,86549.83,86549.83,6711190.802,1
2026-07-21T04:00:00+08:00,1784577600000,77.6,77.68,77.49,77.66,41029.72,41029.72,3184378.2455,1
2026-07-21T04:15:00+08:00,1784578500000,77.66,77.83,77.6,77.79,34820.26,34820.26,2706167.0143,1
2026-07-21T04:30:00+08:00,1784579400000,77.8,78.02,77.76,77.84,63985.97,63985.97,4984971.4407,1
2026-07-21T04:45:00+08:00,1784580300000,77.85,77.92,77.78,77.85,27267.24,27267.24,2123238.3477,1
2026-07-21T05:00:00+08:00,1784581200000,77.84,77.96,77.79,77.88,35815.99,35815.99,2789615.9546,1
2026-07-21T05:15:00+08:00,1784582100000,77.87,77.99,77.85,77.9,16289.1,16289.1,1269233.8923,1
2026-07-21T05:30:00+08:00,1784583000000,77.9,77.99,77.83,77.87,19980.61,19980.61,1556790.3855,1
2026-07-21T05:45:00+08:00,1784583900000,77.88,77.91,77.66,77.69,50190.35,50190.35,3902395.7293,1
2026-07-21T06:00:00+08:00,1784584800000,77.7,77.8,77.57,77.71,48067.1,48067.1,3732627.0733,1
2026-07-21T06:15:00+08:00,1784585700000,77.71,77.71,77.56,77.62,17033.57,17033.57,1322394.6228,1
2026-07-21T06:30:00+08:00,1784586600000,77.62,77.67,77.41,77.45,52254.23,52254.23,4051018.2718,1
2026-07-21T06:45:00+08:00,1784587500000,77.45,77.49,77.39,77.4,14105.36,14105.36,1092287.5935,1
2026-07-21T07:00:00+08:00,1784588400000,77.41,77.6,77.38,77.51,24024.02,24024.02,1861620.8874,1
2026-07-21T07:15:00+08:00,1784589300000,77.51,77.72,77.5,77.68,39584.9,39584.9,3073052.8132,1
2026-07-21T07:30:00+08:00,1784590200000,77.69,77.78,77.61,77.72,16001.49,16001.49,1243366.2893,1
2026-07-21T07:45:00+08:00,1784591100000,77.72,77.84,77.64,77.8,27963.8,27963.8,2173687.1374,1
2026-07-21T08:00:00+08:00,1784592000000,77.81,77.92,77.71,77.8,30058.57,30058.57,2338171.1666,1
2026-07-21T08:15:00+08:00,1784592900000,77.8,78.04,77.73,77.94,56253.52,56253.52,4384678.3345,1
2026-07-21T08:30:00+08:00,1784593800000,77.93,78.21,77.92,78.17,63297.65,63297.65,4941795.0283,1
2026-07-21T08:45:00+08:00,1784594700000,78.17,78.24,78.06,78.06,47640.61,47640.61,3723473.0637,1
2026-07-21T09:00:00+08:00,1784595600000,78.07,78.19,77.96,78.1,45362.37,45362.37,3542072.0748,1
2026-07-21T09:15:00+08:00,1784596500000,78.1,78.1,77.89,77.94,45682.68,45682.68,3562014.5044,1
2026-07-21T09:30:00+08:00,1784597400000,77.94,78.05,77.85,77.91,25964.24,25964.24,2023205.455,1
2026-07-21T09:45:00+08:00,1784598300000,77.91,77.99,77.79,77.81,30727.08,30727.08,2393174.6253,1
2026-07-21T10:00:00+08:00,1784599200000,77.81,78.01,77.73,77.79,65290.13,65290.13,5081780.9656,1
2026-07-21T10:15:00+08:00,1784600100000,77.8,77.83,77.61,77.72,40428.84,40428.84,3141009.3952,1
2026-07-21T10:30:00+08:00,1784601000000,77.72,77.97,77.71,77.95,62881.64,62881.64,4897850.2252,1
2026-07-21T10:45:00+08:00,1784601900000,77.96,78.25,77.88,77.99,47945.22,47945.22,3743242.5995,1
2026-07-21T11:00:00+08:00,1784602800000,77.99,78.53,77.96,78.25,169856.78,169856.78,13305349.6062,1
2026-07-21T11:15:00+08:00,1784603700000,78.25,78.31,78.13,78.25,55309.24,55309.24,4325937.6769,1
2026-07-21T11:30:00+08:00,1784604600000,78.25,78.34,78.15,78.21,31331.47,31331.47,2451909.6184,1
2026-07-21T11:45:00+08:00,1784605500000,78.21,78.25,78.11,78.16,22753.13,22753.13,1778726.4151,1
2026-07-21T12:00:00+08:00,1784606400000,78.16,78.37,78.08,78.08,64520.3,64520.3,5046083.5574,1
2026-07-21T12:15:00+08:00,1784607300000,78.09,78.23,77.96,78,78764.47,78764.47,6148408.7884,1
2026-07-21T12:30:00+08:00,1784608200000,78,78.22,77.98,78.09,99619.73,99619.73,7779684.1098,1
2026-07-21T12:45:00+08:00,1784609100000,78.1,78.14,78.03,78.1,23775.08,23775.08,1856318.9965,1
2026-07-21T13:00:00+08:00,1784610000000,78.09,78.25,78.07,78.22,23853.66,23853.66,1864976.7142,1
2026-07-21T13:15:00+08:00,1784610900000,78.21,78.37,78.08,78.34,105357.95,105357.95,8242254.8153,1
2026-07-21T13:30:00+08:00,1784611800000,78.34,78.43,78.3,78.39,33582.66,33582.66,2632251.5735,1
2026-07-21T13:45:00+08:00,1784612700000,78.39,78.66,78.34,78.41,118771.14,118771.14,9324234.6849,1
2026-07-21T14:00:00+08:00,1784613600000,78.42,78.58,78.25,78.36,48282.5,48282.5,3787013.5901,1
2026-07-21T14:15:00+08:00,1784614500000,78.36,78.46,78.27,78.4,21317.99,21317.99,1670530.4486,1
2026-07-21T14:30:00+08:00,1784615400000,78.41,78.84,78.38,78.66,159630.93,159630.93,12560693.0389,1
2026-07-21T14:45:00+08:00,1784616300000,78.65,78.69,78.5,78.61,57496.4,57496.4,4519445.0547,1
2026-07-21T15:00:00+08:00,1784617200000,78.61,78.72,78.54,78.64,32829.82,32829.82,2581365.5223,1
2026-07-21T15:15:00+08:00,1784618100000,78.64,78.67,78.43,78.52,46573.44,46573.44,3658688.9573,1
2026-07-21T15:30:00+08:00,1784619000000,78.53,78.64,78.45,78.46,41685.77,41685.77,3273879.8029,1
2026-07-21T15:45:00+08:00,1784619900000,78.47,78.63,78.45,78.53,46030.64,46030.64,3616678.4906,1
2026-07-21T16:00:00+08:00,1784620800000,78.52,78.58,78.34,78.56,65463.03,65463.03,5135732.4124,1
2026-07-21T16:15:00+08:00,1784621700000,78.57,78.71,78.33,78.37,103655.88,103655.88,8139713.9261,1
2026-07-21T16:30:00+08:00,1784622600000,78.37,78.47,78.32,78.4,78906.82,78906.82,6184957.2936,1
2026-07-21T16:45:00+08:00,1784623500000,78.39,78.44,78.29,78.32,48384.27,48384.27,3791802.6955,1
2026-07-21T17:00:00+08:00,1784624400000,78.32,78.32,78.11,78.23,71436.41,71436.41,5586176.7307,1
2026-07-21T17:15:00+08:00,1784625300000,78.23,78.27,78.15,78.22,51816.71,51816.71,4052672.9597,1
2026-07-21T17:30:00+08:00,1784626200000,78.23,78.4,78.22,78.39,30327.62,30327.62,2375972.7762,1
2026-07-21T17:45:00+08:00,1784627100000,78.39,78.46,78.33,78.38,28661.87,28661.87,2247544.6259,1
2026-07-21T18:00:00+08:00,1784628000000,78.38,78.45,78.32,78.36,40959.52,40959.52,3210587.2593,1
2026-07-21T18:15:00+08:00,1784628900000,78.35,78.41,78.27,78.35,55997.22,55997.22,4386456.343,1
2026-07-21T18:30:00+08:00,1784629800000,78.35,78.4,78.23,78.24,41149.78,41149.78,3223339.6859,1
2026-07-21T18:45:00+08:00,1784630700000,78.24,78.3,78.02,78.15,83207.22,83207.22,6500273.3872,1
2026-07-21T19:00:00+08:00,1784631600000,78.15,78.19,78.05,78.11,44394.11,44394.11,3468027.2433,1
2026-07-21T19:15:00+08:00,1784632500000,78.11,78.21,78.07,78.2,57088.42,57088.42,4461395.9268,1
2026-07-21T19:30:00+08:00,1784633400000,78.2,78.34,78.19,78.3,39886.07,39886.07,3122304.9069,1
2026-07-21T19:45:00+08:00,1784634300000,78.31,78.39,78.28,78.32,21851.07,21851.07,1711759.958,1
2026-07-21T20:00:00+08:00,1784635200000,78.32,78.47,78.24,78.35,39650.1,39650.1,3106533.3459,1
2026-07-21T20:15:00+08:00,1784636100000,78.34,78.5,78.23,78.25,84174.98,84174.98,6595759.045,1
2026-07-21T20:30:00+08:00,1784637000000,78.25,78.5,78.23,78.37,63839.64,63839.64,5004194.0202,1
2026-07-21T20:45:00+08:00,1784637900000,78.38,78.49,78.36,78.46,32578.41,32578.41,2554786.944,1
2026-07-21T21:00:00+08:00,1784638800000,78.47,78.59,78.38,78.49,37189.76,37189.76,2919959.9169,1
2026-07-21T21:15:00+08:00,1784639700000,78.5,78.53,78.27,78.36,43019.14,43019.14,3371725.3075,1
2026-07-21T21:30:00+08:00,1784640600000,78.37,78.44,78.16,78.21,74956.32,74956.32,5869520.2846,1
2026-07-21T21:45:00+08:00,1784641500000,78.22,78.6,78.2,78.53,98540.64,98540.64,7728432.9227,1
2026-07-21T22:00:00+08:00,1784642400000,78.54,78.6,78.32,78.44,101949.77,101949.77,7998168.6517,1
2026-07-21T22:15:00+08:00,1784643300000,78.44,78.46,77.93,78.08,140871.08,140871.08,11010116.2806,1
2026-07-21T22:30:00+08:00,1784644200000,78.08,78.24,77.86,78.1,68258.96,68258.96,5326876.704,1
2026-07-21T22:45:00+08:00,1784645100000,78.1,78.19,77.91,77.96,44513,44513,3473973.0707,1
2026-07-21T23:00:00+08:00,1784646000000,77.96,78.01,77.75,77.86,156580.25,156580.25,12189904.1388,1
2026-07-21T23:15:00+08:00,1784646900000,77.86,78.08,77.85,77.91,39803.35,39803.35,3103396.1598,1
2026-07-21T23:30:00+08:00,1784647800000,77.92,78.1,77.8,77.92,51600.36,51600.36,4021469.1382,1
2026-07-21T23:45:00+08:00,1784648700000,77.92,78.13,77.88,78.1,32224.38,32224.38,2514863.3347,1
2026-07-22T00:00:00+08:00,1784649600000,78.1,78.24,77.96,78.04,55036.46,55036.46,4299988.0065,1
2026-07-22T00:15:00+08:00,1784650500000,78.04,78.08,77.94,77.96,47981.01,47981.01,3742505.2949,1
2026-07-22T00:30:00+08:00,1784651400000,77.97,78.15,77.92,78.05,55170.11,55170.11,4307047.0574,1
2026-07-22T00:45:00+08:00,1784652300000,78.04,78.2,77.98,78.17,35826.25,35826.25,2797644.1969,1
2026-07-22T01:00:00+08:00,1784653200000,78.16,78.21,77.94,77.97,29598.37,29598.37,2312026.8205,1
2026-07-22T01:15:00+08:00,1784654100000,77.96,77.99,77.79,77.85,36258.95,36258.95,2823922.4846,1
2026-07-22T01:30:00+08:00,1784655000000,77.84,77.92,77.8,77.89,22773.32,22773.32,1773260.9769,1
2026-07-22T01:45:00+08:00,1784655900000,77.89,77.9,77.37,77.69,194179.8,194179.8,15065911.3233,1
2026-07-22T02:00:00+08:00,1784656800000,77.69,77.86,77.56,77.8,41568.45,41568.45,3229719.5053,1
2026-07-22T02:15:00+08:00,1784657700000,77.8,77.95,77.77,77.85,22614.11,22614.11,1760947.9209,1
2026-07-22T02:30:00+08:00,1784658600000,77.84,77.96,77.69,77.92,27769.8,27769.8,2161362.9097,1
2026-07-22T02:45:00+08:00,1784659500000,77.92,77.96,77.77,77.82,14841.03,14841.03,1155611.0919,1
2026-07-22T03:00:00+08:00,1784660400000,77.82,77.87,77.7,77.71,24226.09,24226.09,1884450.2712,1
2026-07-22T03:15:00+08:00,1784661300000,77.71,77.93,77.68,77.86,41906.24,41906.24,3261554.076,1
2026-07-22T03:30:00+08:00,1784662200000,77.86,77.96,77.85,77.85,20355.25,20355.25,1585711.7505,1
2026-07-22T03:45:00+08:00,1784663100000,77.85,77.87,77.68,77.83,61564.01,61564.01,4789341.4214,1
2026-07-22T04:00:00+08:00,1784664000000,77.83,77.96,77.77,77.88,24496.5,24496.5,1907868.258,1
2026-07-22T04:15:00+08:00,1784664900000,77.88,77.88,77.79,77.85,9512.06,9512.06,740395.9536,1
2026-07-22T04:30:00+08:00,1784665800000,77.85,78.07,77.85,77.97,53022.62,53022.62,4133383.52,1
2026-07-22T04:45:00+08:00,1784666700000,77.97,78.01,77.82,77.86,27128.51,27128.51,2113071.5716,1
2026-07-22T05:00:00+08:00,1784667600000,77.86,78.03,77.75,77.97,34189.71,34189.71,2663044.7644,1
2026-07-22T05:15:00+08:00,1784668500000,77.98,78.03,77.93,77.95,11960.57,11960.57,932599.1088,1
2026-07-22T05:30:00+08:00,1784669400000,77.95,78.12,77.92,78.06,37549.48,37549.48,2930374.6978,1
2026-07-22T05:45:00+08:00,1784670300000,78.07,78.08,77.96,78,16845.88,16845.88,1314235.7643,1
2026-07-22T06:00:00+08:00,1784671200000,78,78.03,77.87,77.94,29800.86,29800.86,2323814.2425,1
2026-07-22T06:15:00+08:00,1784672100000,77.94,77.99,77.85,77.95,16765.03,16765.03,1306284.1076,1
2026-07-22T06:30:00+08:00,1784673000000,77.95,78.03,77.88,77.92,21768.52,21768.52,1696890.9607,1
2026-07-22T06:45:00+08:00,1784673900000,77.91,77.96,77.8,77.95,21866.34,21866.34,1702753.4283,1
2026-07-22T07:00:00+08:00,1784674800000,77.94,77.94,77.76,77.76,25151.27,25151.27,1957692.3448,1
2026-07-22T07:15:00+08:00,1784675700000,77.77,77.92,77.77,77.92,9866.26,9866.26,767892.8771,1
2026-07-22T07:30:00+08:00,1784676600000,77.91,78.05,77.88,78.01,19912.94,19912.94,1552861.3252,1
2026-07-22T07:45:00+08:00,1784677500000,78.02,78.16,78.01,78.09,34738.6,34738.6,2712809.2306,1
2026-07-22T08:00:00+08:00,1784678400000,78.09,78.48,78.06,78.47,112010.98,112010.98,8770413.1377,1
2026-07-22T08:15:00+08:00,1784679300000,78.46,78.54,78.32,78.38,72728.88,72728.88,5702819.0999,1
2026-07-22T08:30:00+08:00,1784680200000,78.38,78.53,78.29,78.5,38806.21,38806.21,3044495.2723,1
2026-07-22T08:45:00+08:00,1784681100000,78.49,78.55,78.38,78.4,39019.36,39019.36,3061133.906,1
2026-07-22T09:00:00+08:00,1784682000000,78.39,78.47,78.29,78.29,48137.89,48137.89,3773166.232,1
2026-07-22T09:15:00+08:00,1784682900000,78.3,78.34,78.1,78.22,65275.98,65275.98,5106038.0526,1
2026-07-22T09:30:00+08:00,1784683800000,78.22,78.35,78.16,78.27,19352.62,19352.62,1514641.3768,1
2026-07-22T09:45:00+08:00,1784684700000,78.27,78.49,78.24,78.3,35273.47,35273.47,2764972.3109,1
2026-07-22T10:00:00+08:00,1784685600000,78.31,78.36,78.15,78.32,27045.71,27045.71,2116793.5954,1
2026-07-22T10:15:00+08:00,1784686500000,78.32,78.48,78.29,78.36,34340.03,34340.03,2691985.9739,1
2026-07-22T10:30:00+08:00,1784687400000,78.36,78.36,78.13,78.22,24663.86,24663.86,1929430.9824,1
2026-07-22T10:45:00+08:00,1784688300000,78.22,78.26,78.04,78.07,49343.16,49343.16,3854435.0428,1
2026-07-22T11:00:00+08:00,1784689200000,78.07,78.19,77.9,77.9,54888.2,54888.2,4283350.7262,1
2026-07-22T11:15:00+08:00,1784690100000,77.91,78.13,77.9,78.1,34033.62,34033.62,2655090.3907,1
2026-07-22T11:30:00+08:00,1784691000000,78.11,78.13,77.9,78,23169.8,23169.8,1807035.748,1
2026-07-22T11:45:00+08:00,1784691900000,78.01,78.13,77.75,77.83,41843.11,41843.11,3260476.1366,1
2026-07-22T12:00:00+08:00,1784692800000,77.82,78.09,77.78,78.05,43667.47,43667.47,3403484.3697,1
2026-07-22T12:15:00+08:00,1784693700000,78.05,78.17,78.04,78.12,28741.54,28741.54,2245031.6121,1
2026-07-22T12:30:00+08:00,1784694600000,78.12,78.19,78.02,78.17,29175.62,29175.62,2278047.8241,1
2026-07-22T12:45:00+08:00,1784695500000,78.17,78.18,78,78.02,38427.26,38427.26,2999623.5054,1
2026-07-22T13:00:00+08:00,1784696400000,78.02,78.03,77.79,77.87,48108.96,48108.96,3746861.6501,1
2026-07-22T13:15:00+08:00,1784697300000,77.86,77.87,77.46,77.48,183972.16,183972.16,14274653.1621,1
2026-07-22T13:30:00+08:00,1784698200000,77.49,77.65,77.44,77.49,71013.86,71013.86,5505160.5119,1
2026-07-22T13:45:00+08:00,1784699100000,77.48,77.58,77.34,77.38,76463.7,76463.7,5922124.2243,1
2026-07-22T14:00:00+08:00,1784700000000,77.37,77.46,77.13,77.24,198571.87,198571.87,15344942.9745,1
2026-07-22T14:15:00+08:00,1784700900000,77.23,77.23,76.96,77.08,140119.22,140119.22,10800896.0314,1
2026-07-22T14:30:00+08:00,1784701800000,77.07,77.26,76.94,77.2,101239.15,101239.15,7805757.9753,1
2026-07-22T14:45:00+08:00,1784702700000,77.19,77.26,77.05,77.24,31876.17,31876.17,2459666.2128,1
2026-07-22T15:00:00+08:00,1784703600000,77.23,77.27,77.12,77.18,52134.76,52134.76,4024183.653,1
2026-07-22T15:15:00+08:00,1784704500000,77.17,77.25,77.09,77.23,70890.54,70890.54,5470686.7416,1
2026-07-22T15:30:00+08:00,1784705400000,77.24,77.26,76.94,77.09,104669.75,104669.75,8061342.6747,1
2026-07-22T15:45:00+08:00,1784706300000,77.08,77.12,76.97,77.06,53332.51,53332.51,4110248.8611,1
2026-07-22T16:00:00+08:00,1784707200000,77.07,77.25,77,77.18,74358.79,74358.79,5735301.2783,1
2026-07-22T16:15:00+08:00,1784708100000,77.18,77.48,77.15,77.34,97647.91,97647.91,7552418.3754,1
2026-07-22T16:30:00+08:00,1784709000000,77.34,77.39,77.26,77.26,55421.35,55421.35,4284782.997,1
2026-07-22T16:45:00+08:00,1784709900000,77.26,77.42,77.26,77.38,22339.84,22339.84,1728070.0119,1
2026-07-22T17:00:00+08:00,1784710800000,77.38,77.52,77.32,77.34,36892.31,36892.31,2856489.2985,1
2026-07-22T17:15:00+08:00,1784711700000,77.35,77.44,77.3,77.37,32397.47,32397.47,2506601.4793,1
2026-07-22T17:30:00+08:00,1784712600000,77.37,77.41,77.24,77.37,42226.26,42226.26,3264560.0743,1
2026-07-22T17:45:00+08:00,1784713500000,77.38,77.55,77.31,77.5,42873.52,42873.52,3320380.9843,1
2026-07-22T18:00:00+08:00,1784714400000,77.5,77.56,77.4,77.45,26103.35,26103.35,2022374.0669,1
2026-07-22T18:15:00+08:00,1784715300000,77.45,77.6,77.4,77.55,26319.18,26319.18,2040164.4042,1
2026-07-22T18:30:00+08:00,1784716200000,77.56,77.61,77.49,77.57,22090.04,22090.04,1712778.2378,1
2026-07-22T18:45:00+08:00,1784717100000,77.58,77.69,77.54,77.62,58358.52,58358.52,4529218.367,1
2026-07-22T19:00:00+08:00,1784718000000,77.62,77.7,77.57,77.62,42339.01,42339.01,3286608.6826,1
2026-07-22T19:15:00+08:00,1784718900000,77.62,77.76,77.53,77.63,40482.01,40482.01,3143790.307,1
2026-07-22T19:30:00+08:00,1784719800000,77.63,77.7,77.43,77.47,57841.92,57841.92,4485509.595,1
2026-07-22T19:45:00+08:00,1784720700000,77.48,77.61,77.47,77.52,22319.54,22319.54,1730424.7899,1
2026-07-22T20:00:00+08:00,1784721600000,77.52,77.52,77.28,77.39,72575.16,72575.16,5614802.7784,1
2026-07-22T20:15:00+08:00,1784722500000,77.38,77.42,77.13,77.16,59224.01,59224.01,4573514.9228,1
2026-07-22T20:30:00+08:00,1784723400000,77.15,77.25,77.11,77.17,66423.17,66423.17,5126693.9368,1
2026-07-22T20:45:00+08:00,1784724300000,77.17,77.29,76.99,77.2,137420.4,137420.4,10595988.1454,1
2026-07-22T21:00:00+08:00,1784725200000,77.2,77.31,77.09,77.28,63252.9,63252.9,4884379.1168,1
2026-07-22T21:15:00+08:00,1784726100000,77.28,77.3,77.18,77.24,32703.93,32703.93,2526410.3118,1
2026-07-22T21:30:00+08:00,1784727000000,77.25,77.78,77.17,77.76,180890.24,180890.24,14024057.9692,1
2026-07-22T21:45:00+08:00,1784727900000,77.76,77.93,77.68,77.84,174405.82,174405.82,13568534.6531,1
2026-07-22T22:00:00+08:00,1784728800000,77.83,78.41,77.78,78.02,333672.65,333672.65,26058671.075,1
2026-07-22T22:15:00+08:00,1784729700000,78.01,78.01,77.37,77.43,236581.08,236581.08,18375367.5871,1
2026-07-22T22:30:00+08:00,1784730600000,77.43,77.88,77.36,77.66,100945.36,100945.36,7842081.812,1
2026-07-22T22:45:00+08:00,1784731500000,77.65,77.85,77.61,77.85,32600.44,32600.44,2534159.373,1
2026-07-22T23:00:00+08:00,1784732400000,77.85,78.4,77.85,78.35,176135.98,176135.98,13765322.9094,1
2026-07-22T23:15:00+08:00,1784733300000,78.35,78.83,78.22,78.64,300547.88,300547.88,23593272.8226,1
2026-07-22T23:30:00+08:00,1784734200000,78.65,78.73,78.37,78.49,138958.61,138958.61,10917822.9863,1
2026-07-22T23:45:00+08:00,1784735100000,78.49,78.59,78.34,78.41,74354.25,74354.25,5832773.5309,1
2026-07-23T00:00:00+08:00,1784736000000,78.42,78.54,78.32,78.37,64445.7,64445.7,5054560.1374,1
2026-07-23T00:15:00+08:00,1784736900000,78.37,78.37,78.06,78.17,119863.59,119863.59,9371398.0818,1
2026-07-23T00:30:00+08:00,1784737800000,78.17,78.79,78.14,78.63,239066.2,239066.2,18783407.7207,1
2026-07-23T00:45:00+08:00,1784738700000,78.62,78.68,78.41,78.54,99533.54,99533.54,7816701.4306,1
2026-07-23T01:00:00+08:00,1784739600000,78.54,78.61,78.45,78.49,33615.11,33615.11,2639598.6468,1
2026-07-23T01:15:00+08:00,1784740500000,78.49,78.51,78.11,78.23,90861.31,90861.31,7111531.5283,1
2026-07-23T01:30:00+08:00,1784741400000,78.23,78.49,78.2,78.42,40577.35,40577.35,3180792.3403,1
2026-07-23T01:45:00+08:00,1784742300000,78.43,78.47,78.15,78.18,43919.54,43919.54,3438322.8804,1
2026-07-23T02:00:00+08:00,1784743200000,78.19,78.26,77.96,78.05,54423.22,54423.22,4249264.6374,1
2026-07-23T02:15:00+08:00,1784744100000,78.05,78.1,77.76,77.79,69975.12,69975.12,5451315.27,1
2026-07-23T02:30:00+08:00,1784745000000,77.79,77.79,77.41,77.46,166436.06,166436.06,12907037.0833,1
2026-07-23T02:45:00+08:00,1784745900000,77.46,77.74,77.43,77.7,53223.61,53223.61,4132567.0351,1
2026-07-23T03:00:00+08:00,1784746800000,77.71,77.78,77.26,77.4,74149.69,74149.69,5743603.294,1
2026-07-23T03:15:00+08:00,1784747700000,77.4,77.71,77.38,77.59,75534.32,75534.32,5860960.9973,1
2026-07-23T03:30:00+08:00,1784748600000,77.59,77.71,77.48,77.48,38439.35,38439.35,2982139.8192,1
2026-07-23T03:45:00+08:00,1784749500000,77.49,77.68,77.46,77.62,58470.83,58470.83,4535708.5352,1
2026-07-23T04:00:00+08:00,1784750400000,77.61,77.84,77.53,77.82,103061.28,103061.28,8004123.2956,1
2026-07-23T04:15:00+08:00,1784751300000,77.82,77.91,77.76,77.86,44069.6,44069.6,3430134.4614,1
2026-07-23T04:30:00+08:00,1784752200000,77.85,77.91,77.75,77.86,15428.91,15428.91,1200810.1409,1
2026-07-23T04:45:00+08:00,1784753100000,77.85,77.85,77.7,77.76,10133.32,10133.32,788044.0057,1
2026-07-23T05:00:00+08:00,1784754000000,77.75,77.83,77.71,77.71,25966.24,25966.24,2019686.1385,1
2026-07-23T05:15:00+08:00,1784754900000,77.72,77.77,77.63,77.66,16176.79,16176.79,1256691.5564,1
2026-07-23T05:30:00+08:00,1784755800000,77.66,78.02,77.65,77.95,53125.25,53125.25,4138095.402,1
2026-07-23T05:45:00+08:00,1784756700000,77.95,78.02,77.87,77.98,20085.67,20085.67,1565497.1725,1
2026-07-23T06:00:00+08:00,1784757600000,77.99,78.1,77.82,78.03,57334.77,57334.77,4471926.8802,1
2026-07-23T06:15:00+08:00,1784758500000,78.03,78.04,77.9,78.01,15260.4,15260.4,1190209.2045,1
2026-07-23T06:30:00+08:00,1784759400000,78.02,78.02,77.66,77.72,89907.65,89907.65,6994999.7757,1
2026-07-23T06:45:00+08:00,1784760300000,77.72,78.01,77.72,77.96,15132.8,15132.8,1178724.3767,1
2026-07-23T07:00:00+08:00,1784761200000,77.96,77.98,77.5,77.53,75734.11,75734.11,5885596.5604,1
2026-07-23T07:15:00+08:00,1784762100000,77.53,77.71,77.44,77.69,56919.21,56919.21,4414728.181,1
2026-07-23T07:30:00+08:00,1784763000000,77.69,77.78,77.64,77.76,14163.71,14163.71,1100811.8269,1
2026-07-23T07:45:00+08:00,1784763900000,77.75,77.96,77.74,77.93,31645.29,31645.29,2464301.6985,1
2026-07-23T08:00:00+08:00,1784764800000,77.93,78.36,77.93,78.26,129799.38,129799.38,10146483.4337,1
2026-07-23T08:15:00+08:00,1784765700000,78.26,78.51,78.22,78.38,123972.99,123972.99,9717508.4195,1
2026-07-23T08:30:00+08:00,1784766600000,78.38,78.42,78.25,78.28,49035.78,49035.78,3841425.2552,1
2026-07-23T08:45:00+08:00,1784767500000,78.29,78.39,78.18,78.21,52187.25,52187.25,4085616.1168,1
2026-07-23T09:00:00+08:00,1784768400000,78.21,78.37,78.12,78.18,31254.07,31254.07,2444842.097,1
2026-07-23T09:15:00+08:00,1784769300000,78.17,78.2,77.99,78.03,57192.05,57192.05,4465118.5072,1
2026-07-23T09:30:00+08:00,1784770200000,78.03,78.06,77.83,77.86,69786.53,69786.53,5437061.5318,1
2026-07-23T09:45:00+08:00,1784771100000,77.86,77.95,77.83,77.86,30737.88,30737.88,2394132.7426,1
2026-07-23T10:00:00+08:00,1784772000000,77.85,77.85,77.6,77.6,70945.29,70945.29,5513427.2831,1
2026-07-23T10:15:00+08:00,1784772900000,77.59,77.64,77.34,77.46,141340.91,141340.91,10951389.2801,1
2026-07-23T10:30:00+08:00,1784773800000,77.46,77.64,77.42,77.59,58532.34,58532.34,4539068.5099,1
2026-07-23T10:45:00+08:00,1784774700000,77.59,77.74,77.55,77.71,42239.3,42239.3,3280090.1482,1
2026-07-23T11:00:00+08:00,1784775600000,77.71,77.74,77.44,77.52,55172.93,55172.93,4279543.3234,1
2026-07-23T11:15:00+08:00,1784776500000,77.51,77.63,77.42,77.53,37729.08,37729.08,2924227.478,1
2026-07-23T11:30:00+08:00,1784777400000,77.53,77.66,77.52,77.6,22939.65,22939.65,1779669.3963,1
2026-07-23T11:45:00+08:00,1784778300000,77.61,77.62,77.47,77.57,25447.42,25447.42,1973259.6566,1
2026-07-23T12:00:00+08:00,1784779200000,77.56,77.65,77.48,77.64,38396.02,38396.02,2978741.3207,1
2026-07-23T12:15:00+08:00,1784780100000,77.65,77.77,77.55,77.75,49412.56,49412.56,3837567.0011,1
2026-07-23T12:30:00+08:00,1784781000000,77.74,77.78,77.52,77.58,84597.01,84597.01,6566750.3847,1
2026-07-23T12:45:00+08:00,1784781900000,77.57,77.66,77.4,77.49,59063.66,59063.66,4576047.1471,1
2026-07-23T13:00:00+08:00,1784782800000,77.5,77.53,77.38,77.45,47919.2,47919.2,3710569.6548,1
2026-07-23T13:15:00+08:00,1784783700000,77.46,77.61,77.36,77.61,55068.45,55068.45,4266955.8942,1
2026-07-23T13:30:00+08:00,1784784600000,77.61,77.69,77.54,77.57,46708.29,46708.29,3624850.2039,1
2026-07-23T13:45:00+08:00,1784785500000,77.58,77.61,77.42,77.48,20250.82,20250.82,1569314.4854,1
2026-07-23T14:00:00+08:00,1784786400000,77.49,77.54,77.35,77.43,41868.18,41868.18,3241663.9805,1
2026-07-23T14:15:00+08:00,1784787300000,77.43,77.51,77.31,77.48,51456.38,51456.38,3982581.5976,1
2026-07-23T14:30:00+08:00,1784788200000,77.48,77.52,77.41,77.47,26264.19,26264.19,2034501.9888,1
2026-07-23T14:45:00+08:00,1784789100000,77.47,77.54,77.46,77.53,22413.04,22413.04,1737206.4488,1
2026-07-23T15:00:00+08:00,1784790000000,77.53,77.53,76.97,77.17,205934.73,205934.73,15890818.6468,1
2026-07-23T15:15:00+08:00,1784790900000,77.18,77.18,77.03,77.14,93246.33,93246.33,7190180.1402,1
2026-07-23T15:30:00+08:00,1784791800000,77.13,77.15,77.04,77.05,79316.75,79316.75,6114376.1029,1
2026-07-23T15:45:00+08:00,1784792700000,77.04,77.18,77,77.11,42653.23,42653.23,3287991.2672,1
2026-07-23T16:00:00+08:00,1784793600000,77.11,77.29,77.05,77.27,61273.91,61273.91,4729064.584,1
2026-07-23T16:15:00+08:00,1784794500000,77.27,77.34,77.18,77.3,41943.24,41943.24,3241067.7544,1
2026-07-23T16:30:00+08:00,1784795400000,77.3,77.42,77.3,77.4,56699.95,56699.95,4386193.2544,1
2026-07-23T16:45:00+08:00,1784796300000,77.4,77.45,77.34,77.43,34491.9,34491.9,2669183.3034,1
2026-07-23T17:00:00+08:00,1784797200000,77.42,77.54,77.35,77.49,51428.67,51428.67,3984930.0789,1
2026-07-23T17:15:00+08:00,1784798100000,77.5,77.6,77.48,77.53,30869.78,30869.78,2393931.5445,1
2026-07-23T17:30:00+08:00,1784799000000,77.53,77.56,77.48,77.55,19745.99,19745.99,1530687.6883,1
2026-07-23T17:45:00+08:00,1784799900000,77.55,77.56,77.41,77.45,49198.53,49198.53,3811672.7549,1
2026-07-23T18:00:00+08:00,1784800800000,77.45,77.53,77.38,77.52,21882.28,21882.28,1695073.9271,1
2026-07-23T18:15:00+08:00,1784801700000,77.53,77.73,77.48,77.71,43761.26,43761.26,3397560.2398,1
2026-07-23T18:30:00+08:00,1784802600000,77.72,77.76,77.67,77.7,51661.18,51661.18,4015394.234,1
2026-07-23T18:45:00+08:00,1784803500000,77.71,77.72,77.64,77.69,25923.04,25923.04,2013745.6459,1
2026-07-23T19:00:00+08:00,1784804400000,77.7,77.83,77.65,77.81,33391.19,33391.19,2596523.5966,1
2026-07-23T19:15:00+08:00,1784805300000,77.81,77.82,77.66,77.67,24872.25,24872.25,1933446.6485,1
2026-07-23T19:30:00+08:00,1784806200000,77.67,77.71,77.59,77.61,33181.29,33181.29,2576108.3409,1
2026-07-23T19:45:00+08:00,1784807100000,77.61,77.69,77.55,77.61,44586.59,44586.59,3460942.9519,1
2026-07-23T20:00:00+08:00,1784808000000,77.61,77.68,77.54,77.61,49925.63,49925.63,3874005.9696,1
2026-07-23T20:15:00+08:00,1784808900000,77.61,77.7,77.46,77.48,86157.35,86157.35,6681593.8468,1
2026-07-23T20:30:00+08:00,1784809800000,77.47,77.48,76.77,76.84,397941.47,397941.47,30667147.5793,1
2026-07-23T20:45:00+08:00,1784810700000,76.83,76.94,76.45,76.89,316666.89,316666.89,24281081.024,1
2026-07-23T21:00:00+08:00,1784811600000,76.9,76.96,76.65,76.69,127672.6,127672.6,9801163.1527,1
2026-07-23T21:15:00+08:00,1784812500000,76.69,76.78,76.51,76.64,83095.88,83095.88,6369466.2654,1
2026-07-23T21:30:00+08:00,1784813400000,76.64,76.98,76.59,76.95,95278.62,95278.62,7318580.5587,1
2026-07-23T21:45:00+08:00,1784814300000,76.94,77.03,76.65,76.65,144826.73,144826.73,11126637.8374,1
2026-07-23T22:00:00+08:00,1784815200000,76.65,76.83,76.55,76.78,78791.59,78791.59,6043320.3114,1
2026-07-23T22:15:00+08:00,1784816100000,76.77,76.8,76.54,76.71,82963.01,82963.01,6361244.6048,1
2026-07-23T22:30:00+08:00,1784817000000,76.71,76.82,76.59,76.63,50949.88,50949.88,3906679.5329,1
2026-07-23T22:45:00+08:00,1784817900000,76.62,76.64,76.29,76.39,153647.86,153647.86,11737790.0925,1
2026-07-23T23:00:00+08:00,1784818800000,76.39,76.4,75.81,75.89,329062.27,329062.27,25023161.3702,1
2026-07-23T23:15:00+08:00,1784819700000,75.9,76.34,75.8,76.21,245182.6,245182.6,18654982.0159,1
2026-07-23T23:30:00+08:00,1784820600000,76.21,76.38,76.1,76.27,70090.56,70090.56,5343359.0733,1
2026-07-23T23:45:00+08:00,1784821500000,76.26,76.41,76.14,76.31,98538.18,98538.18,7516254.5969,1
2026-07-24T00:00:00+08:00,1784822400000,76.32,76.33,75.93,76.06,187176.96,187176.96,14241664.3299,1
2026-07-24T00:15:00+08:00,1784823300000,76.05,76.17,75.77,76.12,164998.75,164998.75,12534143.8021,1
2026-07-24T00:30:00+08:00,1784824200000,76.12,76.13,75.93,76.01,47386.12,47386.12,3602791.5431,1
2026-07-24T00:45:00+08:00,1784825100000,76.01,76.09,75.96,75.96,30525.2,30525.2,2320985.0662,1
2026-07-24T01:00:00+08:00,1784826000000,75.97,76.03,75.82,75.96,44821.77,44821.77,3402999.7703,1
2026-07-24T01:15:00+08:00,1784826900000,75.96,76.14,75.89,76.06,62678.42,62678.42,4765426.9725,1
2026-07-24T01:30:00+08:00,1784827800000,76.06,76.1,75.89,75.95,35244.21,35244.21,2678194.6286,1
2026-07-24T01:45:00+08:00,1784828700000,75.95,75.98,75.42,75.61,232005.58,232005.58,17548374.4189,1
2026-07-24T02:00:00+08:00,1784829600000,75.6,75.72,75.53,75.71,91261.7,91261.7,6902322.5209,1
2026-07-24T02:15:00+08:00,1784830500000,75.7,75.79,75.58,75.77,46484.32,46484.32,3518230.9499,1
2026-07-24T02:30:00+08:00,1784831400000,75.77,75.81,75.56,75.67,30546.73,30546.73,2312656.5054,1
2026-07-24T02:45:00+08:00,1784832300000,75.67,75.81,75.67,75.77,21972.44,21972.44,1664543.182,1
2026-07-24T03:00:00+08:00,1784833200000,75.77,75.8,75.47,75.54,36828.22,36828.22,2785945.3537,1
2026-07-24T03:15:00+08:00,1784834100000,75.55,75.74,75.52,75.73,29150.46,29150.46,2204921.95,1
2026-07-24T03:30:00+08:00,1784835000000,75.73,75.79,75.55,75.58,20984.37,20984.37,1588131.2113,1
2026-07-24T03:45:00+08:00,1784835900000,75.58,75.73,75.37,75.68,111717.21,111717.21,8439534.8689,1
2026-07-24T04:00:00+08:00,1784836800000,75.69,76.03,75.65,75.98,71388.53,71388.53,5417676.9649,1
2026-07-24T04:15:00+08:00,1784837700000,75.98,76.14,75.96,76.09,38602.06,38602.06,2936181.879,1
2026-07-24T04:30:00+08:00,1784838600000,76.08,76.12,76.01,76.03,32485.99,32485.99,2470937.3819,1
2026-07-24T04:45:00+08:00,1784839500000,76.02,76.12,76.01,76.08,17685.3,17685.3,1345090.7652,1
2026-07-24T05:00:00+08:00,1784840400000,76.07,76.22,75.91,75.96,56550.72,56550.72,4304013.0958,1
2026-07-24T05:15:00+08:00,1784841300000,75.95,76.05,75.86,75.99,31717.58,31717.58,2408868.8907,1
2026-07-24T05:30:00+08:00,1784842200000,75.98,76.06,75.96,76.01,24195.77,24195.77,1839214.239,1
2026-07-24T05:45:00+08:00,1784843100000,76.01,76.04,75.92,75.99,9970.62,9970.62,757602.6997,1
2026-07-24T06:00:00+08:00,1784844000000,76,76.06,75.87,75.91,31193.33,31193.33,2369495.64,1
2026-07-24T06:15:00+08:00,1784844900000,75.91,76.16,75.8,76.05,41349.38,41349.38,3142511.8958,1
2026-07-24T06:30:00+08:00,1784845800000,76.05,76.19,76.05,76.15,25101.78,25101.78,1911044.128,1
2026-07-24T06:45:00+08:00,1784846700000,76.15,76.18,76.07,76.13,11661.83,11661.83,887753.1519,1
2026-07-24T07:00:00+08:00,1784847600000,76.13,76.19,76.1,76.12,18521.66,18521.66,1410163.7046,1
2026-07-24T07:15:00+08:00,1784848500000,76.13,76.21,76.11,76.15,18891.05,18891.05,1438699.9052,1
2026-07-24T07:30:00+08:00,1784849400000,76.16,76.17,76.03,76.06,24689.96,24689.96,1878481.1583,1
2026-07-24T07:45:00+08:00,1784850300000,76.06,76.08,75.82,75.83,40495.54,40495.54,3073303.0754,1
2026-07-24T08:00:00+08:00,1784851200000,75.83,75.85,75.6,75.69,97407.16,97407.16,7374668.7567,1
2026-07-24T08:15:00+08:00,1784852100000,75.68,75.85,75.67,75.7,28280.09,28280.09,2141693.1693,1
2026-07-24T08:30:00+08:00,1784853000000,75.71,75.74,75.46,75.62,86978.02,86978.02,6575833.562,1
2026-07-24T08:45:00+08:00,1784853900000,75.63,75.81,75.62,75.79,50309.04,50309.04,3810633.6906,1
2026-07-24T09:00:00+08:00,1784854800000,75.78,75.98,75.73,75.85,30956.03,30956.03,2348995.226,1
2026-07-24T09:15:00+08:00,1784855700000,75.85,76.08,75.8,75.88,39811.94,39811.94,3022826.5797,1
2026-07-24T09:30:00+08:00,1784856600000,75.88,75.99,75.83,75.86,31736.29,31736.29,2409173.8672,1
2026-07-24T09:45:00+08:00,1784857500000,75.85,75.85,75.62,75.64,58723.79,58723.79,4446741.9818,1
2026-07-24T10:00:00+08:00,1784858400000,75.64,75.87,75.64,75.85,59389.06,59389.06,4499218.1731,1
2026-07-24T10:15:00+08:00,1784859300000,75.85,75.88,75.67,75.74,38060.42,38060.42,2884108.5248,1
2026-07-24T10:30:00+08:00,1784860200000,75.74,75.75,75.4,75.52,107362.45,107362.45,8106700.0578,1
2026-07-24T10:45:00+08:00,1784861100000,75.52,75.53,75.23,75.48,122746.17,122746.17,9248680.2318,1
2026-07-24T11:00:00+08:00,1784862000000,75.49,75.8,75.43,75.76,46256.17,46256.17,3501024.9797,1
2026-07-24T11:15:00+08:00,1784862900000,75.77,75.92,75.76,75.85,87811.77,87811.77,6659207.7948,1
2026-07-24T11:30:00+08:00,1784863800000,75.84,75.89,75.68,75.84,34994.1,34994.1,2651443.7103,1
2026-07-24T11:45:00+08:00,1784864700000,75.84,75.86,75.75,75.78,22988.06,22988.06,1742682.3048,1
2026-07-24T12:00:00+08:00,1784865600000,75.78,75.81,75.64,75.65,28632.15,28632.15,2168708.2411,1
2026-07-24T12:15:00+08:00,1784866500000,75.65,75.78,75.6,75.75,31913.67,31913.67,2415748.184,1
2026-07-24T12:30:00+08:00,1784867400000,75.75,75.79,75.61,75.68,12769.65,12769.65,966575.8394,1
2026-07-24T12:45:00+08:00,1784868300000,75.68,75.7,75.57,75.63,14999.15,14999.15,1134303.354,1
2026-07-24T13:00:00+08:00,1784869200000,75.63,75.79,75.54,75.73,27730.67,27730.67,2098554.1843,1
2026-07-24T13:15:00+08:00,1784870100000,75.73,75.88,75.72,75.81,46074.41,46074.41,3492127.6508,1
2026-07-24T13:30:00+08:00,1784871000000,75.8,75.81,75.64,75.8,18621.36,18621.36,1409659.097,1
2026-07-24T13:45:00+08:00,1784871900000,75.8,75.82,75.66,75.74,24175.14,24175.14,1831330.5492,1
2026-07-24T14:00:00+08:00,1784872800000,75.75,75.83,75.68,75.82,19099.64,19099.64,1446552.4066,1
2026-07-24T14:15:00+08:00,1784873700000,75.82,75.98,75.79,75.81,60202.31,60202.31,4567742.5221,1
2026-07-24T14:30:00+08:00,1784874600000,75.81,75.92,75.74,75.79,62801.17,62801.17,4762271.9067,1
2026-07-24T14:45:00+08:00,1784875500000,75.78,75.83,75.73,75.79,20292.48,20292.48,1537496.7263,1
2026-07-24T15:00:00+08:00,1784876400000,75.8,76.4,75.8,76.33,175577.58,175577.58,13373421.5834,1
2026-07-24T15:15:00+08:00,1784877300000,76.33,76.34,76.06,76.09,84412.26,84412.26,6430332.5845,1
2026-07-24T15:30:00+08:00,1784878200000,76.1,76.19,75.73,75.78,103741.15,103741.15,7878969.8279,1
2026-07-24T15:45:00+08:00,1784879100000,75.79,76.04,75.78,76.02,48634.98,48634.98,3693153.1836,1
2026-07-24T16:00:00+08:00,1784880000000,76.03,76.04,75.9,75.97,29005.64,29005.64,2203400.3161,1
2026-07-24T16:15:00+08:00,1784880900000,75.97,75.97,75.65,75.78,73345.04,73345.04,5558567.2252,1
2026-07-24T16:30:00+08:00,1784881800000,75.78,75.88,75.78,75.86,30228.6,30228.6,2292702.6554,1
2026-07-24T16:45:00+08:00,1784882700000,75.86,75.87,75.71,75.74,26313.93,26313.93,1993811.8761,1
2026-07-24T17:00:00+08:00,1784883600000,75.73,75.8,75.42,75.45,147286.03,147286.03,11133444.5926,1
2026-07-24T17:15:00+08:00,1784884500000,75.45,75.54,75.31,75.5,122831.17,122831.17,9264582.3785,1
2026-07-24T17:30:00+08:00,1784885400000,75.5,75.56,75.39,75.54,51196.52,51196.52,3864370.7579,1
2026-07-24T17:45:00+08:00,1784886300000,75.53,75.63,75.51,75.57,37236.53,37236.53,2814460.8174,1
2026-07-24T18:00:00+08:00,1784887200000,75.57,75.62,75.4,75.42,30920.67,30920.67,2334327.7482,1
2026-07-24T18:15:00+08:00,1784888100000,75.43,75.53,75.35,75.49,56564.68,56564.68,4267160.5134,1
2026-07-24T18:30:00+08:00,1784889000000,75.49,75.57,75.44,75.46,28824.75,28824.75,2176520.6264,1
2026-07-24T18:45:00+08:00,1784889900000,75.45,75.53,75.33,75.44,22734.18,22734.18,1714950.2367,1
2026-07-24T19:00:00+08:00,1784890800000,75.43,75.45,75.27,75.32,46571.92,46571.92,3509620.3712,1
2026-07-24T19:15:00+08:00,1784891700000,75.33,75.47,75.16,75.27,90386.83,90386.83,6803859.0371,1
2026-07-24T19:30:00+08:00,1784892600000,75.27,75.29,75.08,75.11,96558.61,96558.61,7256328.2137,1
2026-07-24T19:45:00+08:00,1784893500000,75.11,75.19,74.92,75.16,170546.17,170546.17,12796934.7602,1
2026-07-24T20:00:00+08:00,1784894400000,75.15,75.2,75.03,75.14,44271.1,44271.1,3325332.513,1
2026-07-24T20:15:00+08:00,1784895300000,75.15,75.25,75.11,75.12,67863.67,67863.67,5101732.0806,1
2026-07-24T20:30:00+08:00,1784896200000,75.12,75.21,74.91,74.94,44459.46,44459.46,3336182.976,1
2026-07-24T20:45:00+08:00,1784897100000,74.93,75,74.74,74.82,154546.19,154546.19,11567568.3375,1
2026-07-24T21:00:00+08:00,1784898000000,74.81,74.88,74.19,74.47,469420.66,469420.66,34976271.3054,1
2026-07-24T21:15:00+08:00,1784898900000,74.47,74.69,74.4,74.49,133737.18,133737.18,9972622.9093,1
2026-07-24T21:30:00+08:00,1784899800000,74.5,74.54,74.26,74.46,191652.84,191652.84,14260415.338,1
2026-07-24T21:45:00+08:00,1784900700000,74.45,74.53,73.92,74.17,346843.66,346843.66,25710999.6861,1
2026-07-24T22:00:00+08:00,1784901600000,74.17,74.22,73.93,73.93,174120.55,174120.55,12897653.3826,1
2026-07-24T22:15:00+08:00,1784902500000,73.93,74.01,73.6,73.91,315564.52,315564.52,23283157.0788,1
2026-07-24T22:30:00+08:00,1784903400000,73.92,73.93,73.65,73.69,96091.18,96091.18,7089627.0432,1
2026-07-24T22:45:00+08:00,1784904300000,73.68,74.02,73.54,73.99,190462.67,190462.67,14052143.4212,1
2026-07-24T23:00:00+08:00,1784905200000,73.99,74.1,73.64,74.09,135870.86,135870.86,10036874.4482,1
2026-07-24T23:15:00+08:00,1784906100000,74.08,74.16,73.87,74.11,204475.81,204475.81,15140934.6123,1
2026-07-24T23:30:00+08:00,1784907000000,74.1,74.25,74.05,74.08,153230.94,153230.94,11363865.9861,1
2026-07-24T23:45:00+08:00,1784907900000,74.07,74.13,73.93,74,80925.4,80925.4,5990977.0425,1
2026-07-25T00:00:00+08:00,1784908800000,73.99,74.17,73.91,74.03,106589.85,106589.85,7891479.3076,1
2026-07-25T00:15:00+08:00,1784909700000,74.04,74.14,73.96,73.99,48337.99,48337.99,3578549.6029,1
2026-07-25T00:30:00+08:00,1784910600000,73.98,74,73.76,73.77,86134.46,86134.46,6363478.5054,1
2026-07-25T00:45:00+08:00,1784911500000,73.77,73.94,73.66,73.86,126512.78,126512.78,9335375.8732,1
2026-07-25T01:00:00+08:00,1784912400000,73.86,73.94,73.81,73.92,75885.81,75885.81,5605598.4052,1
2026-07-25T01:15:00+08:00,1784913300000,73.91,74.09,73.9,74.06,56896.74,56896.74,4210200.66,1
2026-07-25T01:30:00+08:00,1784914200000,74.06,74.11,74,74.04,44248.97,44248.97,3277374.1444,1
2026-07-25T01:45:00+08:00,1784915100000,74.04,74.05,73.89,74.01,47179.06,47179.06,3489245.9086,1
2026-07-25T02:00:00+08:00,1784916000000,74,74.03,73.92,74.03,18031.79,18031.79,1333952.0331,1
2026-07-25T02:15:00+08:00,1784916900000,74.03,74.04,73.91,73.96,15882.55,15882.55,1174889.3202,1
2026-07-25T02:30:00+08:00,1784917800000,73.95,73.99,73.85,73.92,46508.88,46508.88,3437948.9666,1
2026-07-25T02:45:00+08:00,1784918700000,73.91,74.03,73.89,73.94,23308.24,23308.24,1723958.7291,1
2026-07-25T03:00:00+08:00,1784919600000,73.94,73.96,73.74,73.79,56306.17,56306.17,4155548.393,1
2026-07-25T03:15:00+08:00,1784920500000,73.78,73.94,73.78,73.92,22160.02,22160.02,1637341.559,1
2026-07-25T03:30:00+08:00,1784921400000,73.92,74.01,73.85,73.94,26339.1,26339.1,1947546.9824,1
2026-07-25T03:45:00+08:00,1784922300000,73.94,74,73.86,73.92,46165.54,46165.54,3412863.7414,1
2026-07-25T04:00:00+08:00,1784923200000,73.92,73.98,73.82,73.91,24952.73,24952.73,1844070.8795,1
2026-07-25T04:15:00+08:00,1784924100000,73.9,73.96,73.86,73.87,14923.63,14923.63,1102996.6209,1
2026-07-25T04:30:00+08:00,1784925000000,73.87,73.87,73.71,73.78,61581.24,61581.24,4543997.408,1
2026-07-25T04:45:00+08:00,1784925900000,73.78,73.81,73.67,73.71,35481.4,35481.4,2616676.7957,1
2026-07-25T05:00:00+08:00,1784926800000,73.72,73.8,73.41,73.53,146150.89,146150.89,10748805.8626,1
2026-07-25T05:15:00+08:00,1784927700000,73.52,73.66,73.38,73.66,63563.7,63563.7,4673907.845,1
2026-07-25T05:30:00+08:00,1784928600000,73.66,73.75,73.61,73.69,49836.95,49836.95,3672293.4562,1
2026-07-25T05:45:00+08:00,1784929500000,73.68,73.77,73.58,73.6,25490.77,25490.77,1878432.7572,1
2026-07-25T06:00:00+08:00,1784930400000,73.59,73.78,73.58,73.77,25975.42,25975.42,1914528.2054,1
2026-07-25T06:15:00+08:00,1784931300000,73.76,73.83,73.75,73.82,23006.04,23006.04,1697492.3102,1
2026-07-25T06:30:00+08:00,1784932200000,73.81,73.93,73.81,73.89,26329.45,26329.45,1945372.1656,1
2026-07-25T06:45:00+08:00,1784933100000,73.89,73.93,73.87,73.88,20786.82,20786.82,1535988.8567,1
2026-07-25T07:00:00+08:00,1784934000000,73.88,73.98,73.83,73.86,35635.31,35635.31,2633611.7546,1
2026-07-25T07:15:00+08:00,1784934900000,73.85,73.87,73.8,73.86,14817.81,14817.81,1094060.985,1
2026-07-25T07:30:00+08:00,1784935800000,73.87,73.94,73.81,73.89,24350.26,24350.26,1798863.9932,1
2026-07-25T07:45:00+08:00,1784936700000,73.88,73.92,73.86,73.91,14955.29,14955.29,1105067.2307,1
2026-07-25T08:00:00+08:00,1784937600000,73.91,73.98,73.88,73.97,29809.2,29809.2,2203974.5511,1
2026-07-25T08:15:00+08:00,1784938500000,73.96,74.02,73.9,74.01,27792.25,27792.25,2055329.3296,1
2026-07-25T08:30:00+08:00,1784939400000,74.01,74.11,73.95,73.99,67915.5,67915.5,5028093.9395,1
2026-07-25T08:45:00+08:00,1784940300000,73.99,74.08,73.91,74.08,47714.07,47714.07,3530243.6962,1
2026-07-25T09:00:00+08:00,1784941200000,74.08,74.2,73.98,74.04,60539.05,60539.05,4486376.6138,1
2026-07-25T09:15:00+08:00,1784942100000,74.03,74.05,73.96,73.99,34049.5,34049.5,2519799.8447,1
2026-07-25T09:30:00+08:00,1784943000000,73.99,74.18,73.97,74.18,30243.97,30243.97,2239824.0836,1
2026-07-25T09:45:00+08:00,1784943900000,74.17,74.21,74.05,74.08,42364.19,42364.19,3140643.1409,1
2026-07-25T10:00:00+08:00,1784944800000,74.09,74.16,74.05,74.07,29983.42,29983.42,2222010.7371,1
2026-07-25T10:15:00+08:00,1784945700000,74.07,74.15,74,74.12,26486.12,26486.12,1961559.7782,1
2026-07-25T10:30:00+08:00,1784946600000,74.12,74.16,74.05,74.07,36669.76,36669.76,2717515.9553,1
2026-07-25T10:45:00+08:00,1784947500000,74.08,74.09,74,74.06,24577.35,24577.35,1819597.1007,1
2026-07-25T11:00:00+08:00,1784948400000,74.06,74.16,73.99,74.1,33224.12,33224.12,2461505.6826,1
2026-07-25T11:15:00+08:00,1784949300000,74.1,74.28,74.06,74.17,56657.57,56657.57,4203402.0201,1
2026-07-25T11:30:00+08:00,1784950200000,74.17,74.2,74.11,74.15,26110.16,26110.16,1936373.0814,1
2026-07-25T11:45:00+08:00,1784951100000,74.15,74.15,74.04,74.09,40485.94,40485.94,2999559.1521,1
2026-07-25T12:00:00+08:00,1784952000000,74.09,74.25,74.08,74.24,27250.11,27250.11,2021094.6346,1
2026-07-25T12:15:00+08:00,1784952900000,74.25,74.33,74.21,74.23,48754.46,48754.46,3620848.3475,1
2026-07-25T12:30:00+08:00,1784953800000,74.24,74.28,74.18,74.23,45200.98,45200.98,3355291.0901,1
2026-07-25T12:45:00+08:00,1784954700000,74.22,74.28,74.2,74.27,26053.89,26053.89,1934207.2581,1
2026-07-25T13:00:00+08:00,1784955600000,74.27,74.3,74.15,74.17,17282.39,17282.39,1282772.2691,1
2026-07-25T13:15:00+08:00,1784956500000,74.17,74.22,74.13,74.17,23236.18,23236.18,1723567.0311,1
2026-07-25T13:30:00+08:00,1784957400000,74.16,74.17,73.99,74,29837.24,29837.24,2209834.7898,1
2026-07-25T13:45:00+08:00,1784958300000,73.99,74,73.85,73.94,60611.37,60611.37,4480835.7714,1
2026-07-25T14:00:00+08:00,1784959200000,73.93,73.99,73.89,73.97,57616.03,57616.03,4259769.3121,1
2026-07-25T14:15:00+08:00,1784960100000,73.97,73.98,73.78,73.83,105410.34,105410.34,7786177.4459,1
2026-07-25T14:30:00+08:00,1784961000000,73.83,73.91,73.72,73.83,111882.84,111882.84,8258288.186,1
2026-07-25T14:45:00+08:00,1784961900000,73.83,73.99,73.79,73.99,23647.6,23647.6,1747586.4086,1
2026-07-25T15:00:00+08:00,1784962800000,73.99,74.01,73.88,73.91,28635.52,28635.52,2117868.0231,1
2026-07-25T15:15:00+08:00,1784963700000,73.91,73.91,73.8,73.82,17070.95,17070.95,1260847.435,1
2026-07-25T15:30:00+08:00,1784964600000,73.82,73.86,73.78,73.83,19849.58,19849.58,1465099.8789,1
2026-07-25T15:45:00+08:00,1784965500000,73.83,73.86,73.73,73.74,26890.21,26890.21,1984324.2838,1
2026-07-25T16:00:00+08:00,1784966400000,73.74,73.75,73.49,73.69,125932.19,125932.19,9272124.7676,1
2026-07-25T16:15:00+08:00,1784967300000,73.69,73.82,73.69,73.81,31138.59,31138.59,2296902.9625,1
2026-07-25T16:30:00+08:00,1784968200000,73.81,73.83,73.71,73.76,13081.08,13081.08,964998.2966,1
2026-07-25T16:45:00+08:00,1784969100000,73.76,73.78,73.68,73.74,30831.3,30831.3,2273208.9977,1
2026-07-25T17:00:00+08:00,1784970000000,73.75,73.85,73.7,73.84,23027.77,23027.77,1699271.3965,1
2026-07-25T17:15:00+08:00,1784970900000,73.83,73.95,73.83,73.95,32705.65,32705.65,2416529.9468,1
2026-07-25T17:30:00+08:00,1784971800000,73.95,73.99,73.88,73.92,53423.09,53423.09,3949293.8196,1
2026-07-25T17:45:00+08:00,1784972700000,73.92,73.99,73.92,73.94,25733.74,25733.74,1903085.0961,1
2026-07-25T18:00:00+08:00,1784973600000,73.93,73.97,73.91,73.96,19608.38,19608.38,1449782.1663,1
2026-07-25T18:15:00+08:00,1784974500000,73.96,73.98,73.86,73.94,20230.42,20230.42,1495445.6663,1
2026-07-25T18:30:00+08:00,1784975400000,73.93,73.95,73.87,73.87,13005.99,13005.99,961340.6845,1
2026-07-25T18:45:00+08:00,1784976300000,73.88,73.94,73.85,73.93,19024.68,19024.68,1405710.6926,1
2026-07-25T19:00:00+08:00,1784977200000,73.94,74,73.91,73.95,25280.59,25280.59,1869873.3625,1
2026-07-25T19:15:00+08:00,1784978100000,73.96,73.98,73.86,73.89,27421.52,27421.52,2026750.6524,1
2026-07-25T19:30:00+08:00,1784979000000,73.88,73.94,73.8,73.86,32854.96,32854.96,2426579.1964,1
2026-07-25T19:45:00+08:00,1784979900000,73.86,73.9,73.85,73.88,7256.52,7256.52,536025.039,1
2026-07-25T20:00:00+08:00,1784980800000,73.88,73.89,73.82,73.88,17167.53,17167.53,1267769.671,1
2026-07-25T20:15:00+08:00,1784981700000,73.88,73.94,73.84,73.88,11416.12,11416.12,843460.898,1
2026-07-25T20:30:00+08:00,1784982600000,73.89,73.9,73.82,73.88,24611.61,24611.61,1817853.8958,1
2026-07-25T20:45:00+08:00,1784983500000,73.89,73.92,73.85,73.92,16863.25,16863.25,1246022.1108,1
2026-07-25T21:00:00+08:00,1784984400000,73.91,73.97,73.89,73.9,39838.6,39838.6,2945648.7647,1
2026-07-25T21:15:00+08:00,1784985300000,73.91,74.04,73.9,73.95,23128.78,23128.78,1711012.4828,1
2026-07-25T21:30:00+08:00,1784986200000,73.95,74.12,73.91,74.07,54847.54,54847.54,4060062.6451,1
2026-07-25T21:45:00+08:00,1784987100000,74.06,74.15,73.92,73.93,48158.39,48158.39,3566297.7416,1
2026-07-25T22:00:00+08:00,1784988000000,73.94,73.94,73.73,73.84,85074.65,85074.65,6278800.504,1
2026-07-25T22:15:00+08:00,1784988900000,73.84,73.86,73.76,73.8,49143.45,49143.45,3627023.7358,1
2026-07-25T22:30:00+08:00,1784989800000,73.8,73.94,73.8,73.92,129778.56,129778.56,9587967.0496,1
2026-07-25T22:45:00+08:00,1784990700000,73.93,74.05,73.87,73.99,65480.89,65480.89,4843387.291,1
2026-07-25T23:00:00+08:00,1784991600000,74,74.18,73.96,74.15,114479.25,114479.25,8481863.535,1
2026-07-25T23:15:00+08:00,1784992500000,74.15,74.28,74.12,74.14,75779.12,75779.12,5621686.4225,1
2026-07-25T23:30:00+08:00,1784993400000,74.14,74.23,74.1,74.18,43503.92,43503.92,3226235.4365,1
2026-07-25T23:45:00+08:00,1784994300000,74.18,74.2,74.12,74.13,16748.67,16748.67,1242097.7246,1
2026-07-26T00:00:00+08:00,1784995200000,74.12,74.25,74.08,74.25,43860.69,43860.69,3253256.3331,1
2026-07-26T00:15:00+08:00,1784996100000,74.25,74.25,74.04,74.12,30720.59,30720.59,2277538.5121,1
2026-07-26T00:30:00+08:00,1784997000000,74.12,74.32,74.12,74.29,43296.45,43296.45,3214830.1884,1
2026-07-26T00:45:00+08:00,1784997900000,74.3,74.39,74.2,74.29,68971.09,68971.09,5124997.0111,1
2026-07-26T01:00:00+08:00,1784998800000,74.29,74.34,74.26,74.3,24401.28,24401.28,1812950.1797,1
2026-07-26T01:15:00+08:00,1784999700000,74.29,74.54,74.29,74.43,48781.82,48781.82,3631525.9141,1
2026-07-26T01:30:00+08:00,1785000600000,74.44,74.58,74.39,74.57,54445.9,54445.9,4056489.2716,1
2026-07-26T01:45:00+08:00,1785001500000,74.57,74.62,74.39,74.42,67451.73,67451.73,5025949.529,1
2026-07-26T02:00:00+08:00,1785002400000,74.43,74.63,74.43,74.49,56442.49,56442.49,4207294.8573,1
2026-07-26T02:15:00+08:00,1785003300000,74.48,74.53,74.43,74.53,20710.16,20710.16,1542511.452,1
2026-07-26T02:30:00+08:00,1785004200000,74.52,74.59,74.48,74.51,28832.52,28832.52,2149349.591,1
2026-07-26T02:45:00+08:00,1785005100000,74.52,74.67,74.51,74.61,30682.25,30682.25,2289213.592,1
2026-07-26T03:00:00+08:00,1785006000000,74.62,74.68,74.57,74.64,21903.55,21903.55,1634401.2327,1
2026-07-26T03:15:00+08:00,1785006900000,74.64,74.64,74.55,74.56,12093.49,12093.49,902044.3326,1
2026-07-26T03:30:00+08:00,1785007800000,74.56,74.57,74.5,74.54,15308.18,15308.18,1140968.6964,1
2026-07-26T03:45:00+08:00,1785008700000,74.54,74.58,74.48,74.51,19418.85,19418.85,1447383.9945,1
2026-07-26T04:00:00+08:00,1785009600000,74.51,74.53,74.4,74.47,45598.29,45598.29,3395389.0965,1
2026-07-26T04:15:00+08:00,1785010500000,74.47,74.5,74.38,74.46,31929.71,31929.71,2376420.2222,1
2026-07-26T04:30:00+08:00,1785011400000,74.45,74.46,74.39,74.42,12443.41,12443.41,925970.6714,1
2026-07-26T04:45:00+08:00,1785012300000,74.43,74.43,74.35,74.41,14334.52,14334.52,1066299.2328,1
2026-07-26T05:00:00+08:00,1785013200000,74.41,74.41,74.24,74.31,24776.5,24776.5,1841191.8561,1
2026-07-26T05:15:00+08:00,1785014100000,74.31,74.39,74.25,74.38,18483.02,18483.02,1373607.2278,1
2026-07-26T05:30:00+08:00,1785015000000,74.38,74.52,74.35,74.48,35410.06,35410.06,2636472.1356,1
2026-07-26T05:45:00+08:00,1785015900000,74.47,74.57,74.4,74.41,26541.68,26541.68,1976794.7106,1
2026-07-26T06:00:00+08:00,1785016800000,74.41,74.45,74.37,74.41,16427.54,16427.54,1222415.0055,1
2026-07-26T06:15:00+08:00,1785017700000,74.41,74.42,74.34,74.35,13811.91,13811.91,1027351.987,1
2026-07-26T06:30:00+08:00,1785018600000,74.35,74.41,74.26,74.39,28538.87,28538.87,2121129.5325,1
2026-07-26T06:45:00+08:00,1785019500000,74.39,74.49,74.36,74.45,15181.16,15181.16,1129900.2388,1
2026-07-26T07:00:00+08:00,1785020400000,74.45,74.46,74.4,74.42,31575.67,31575.67,2350189.8018,1
2026-07-26T07:15:00+08:00,1785021300000,74.42,74.43,74.34,74.4,30791.72,30791.72,2290115.6769,1
2026-07-26T07:30:00+08:00,1785022200000,74.4,74.5,74.39,74.39,17413.08,17413.08,1296268.9693,1
2026-07-26T07:45:00+08:00,1785023100000,74.39,74.49,74.38,74.48,26347.65,26347.65,1961437.7127,1
2026-07-26T08:00:00+08:00,1785024000000,74.48,74.63,74.42,74.6,42312.76,42312.76,3154308.6962,1
2026-07-26T08:15:00+08:00,1785024900000,74.6,74.93,74.58,74.85,158131.86,158131.86,11826918.1532,1
2026-07-26T08:30:00+08:00,1785025800000,74.85,74.87,74.63,74.65,93321.31,93321.31,6977390.7575,1
2026-07-26T08:45:00+08:00,1785026700000,74.65,74.77,74.61,74.74,30176.84,30176.84,2253805.792,1
2026-07-26T09:00:00+08:00,1785027600000,74.74,74.78,74.66,74.74,32428.46,32428.46,2423139.7297,1
2026-07-26T09:15:00+08:00,1785028500000,74.74,74.74,74.63,74.65,25224.08,25224.08,1883554.9547,1
2026-07-26T09:30:00+08:00,1785029400000,74.64,74.76,74.64,74.74,15175.59,15175.59,1133706.6432,1
2026-07-26T09:45:00+08:00,1785030300000,74.74,74.86,74.71,74.78,41647.86,41647.86,3114851.9006,1
2026-07-26T10:00:00+08:00,1785031200000,74.78,74.84,74.68,74.75,54567.87,54567.87,4080955.2707,1
2026-07-26T10:15:00+08:00,1785032100000,74.75,74.8,74.69,74.76,14742.57,14742.57,1101795.5121,1
2026-07-26T10:30:00+08:00,1785033000000,74.77,74.79,74.67,74.75,14930.46,14930.46,1115868.5358,1
2026-07-26T10:45:00+08:00,1785033900000,74.74,74.9,74.74,74.86,39780.17,39780.17,2977650.1701,1
2026-07-26T11:00:00+08:00,1785034800000,74.86,75.03,74.78,74.97,91532.09,91532.09,6858660.8345,1
2026-07-26T11:15:00+08:00,1785035700000,74.97,74.97,74.86,74.88,25210.46,25210.46,1888365.1173,1
2026-07-26T11:30:00+08:00,1785036600000,74.89,74.97,74.86,74.91,26221.51,26221.51,1964715.1609,1
2026-07-26T11:45:00+08:00,1785037500000,74.9,74.99,74.9,74.99,32503.51,32503.51,2435791.1405,1
2026-07-26T12:00:00+08:00,1785038400000,74.99,75.11,74.91,74.94,63363.31,63363.31,4753126.7095,1
2026-07-26T12:15:00+08:00,1785039300000,74.93,75.13,74.9,75.1,67300.5,67300.5,5048349.7609,1
2026-07-26T12:30:00+08:00,1785040200000,75.1,75.16,75.03,75.15,62205.37,62205.37,4671522.752,1
2026-07-26T12:45:00+08:00,1785041100000,75.16,75.19,74.98,75.03,42320.36,42320.36,3176331.5171,1
2026-07-26T13:00:00+08:00,1785042000000,75.03,75.13,74.95,75.1,28969.01,28969.01,2174171.5461,1
2026-07-26T13:15:00+08:00,1785042900000,75.1,75.11,74.99,74.99,24215.38,24215.38,1817528.3064,1
2026-07-26T13:30:00+08:00,1785043800000,75,75.08,74.9,75.07,33022.91,33022.91,2476442.8245,1
2026-07-26T13:45:00+08:00,1785044700000,75.08,75.08,74.96,74.97,24481,24481,1836301.7226,1
2026-07-26T14:00:00+08:00,1785045600000,74.97,75.02,74.79,74.83,57700.93,57700.93,4322874.9116,1
2026-07-26T14:15:00+08:00,1785046500000,74.84,74.86,74.7,74.73,62540.73,62540.73,4676050.7364,1
2026-07-26T14:30:00+08:00,1785047400000,74.74,74.9,74.71,74.9,40588.77,40588.77,3036965.9884,1
2026-07-26T14:45:00+08:00,1785048300000,74.9,75.1,74.9,75.08,37957.39,37957.39,2847396.9058,1
2026-07-26T15:00:00+08:00,1785049200000,75.08,75.11,74.95,74.99,57641.86,57641.86,4324921.5375,1
2026-07-26T15:15:00+08:00,1785050100000,74.99,75.01,74.89,74.89,19142.08,19142.08,1434516.8295,1
2026-07-26T15:30:00+08:00,1785051000000,74.89,74.95,74.84,74.84,19505.61,19505.61,1461000.502,1
2026-07-26T15:45:00+08:00,1785051900000,74.84,74.9,74.81,74.83,18199.03,18199.03,1361979.5655,1
2026-07-26T16:00:00+08:00,1785052800000,74.83,74.92,74.8,74.89,35046.59,35046.59,2623790.7487,1
2026-07-26T16:15:00+08:00,1785053700000,74.89,74.92,74.8,74.87,10025.45,10025.45,750511.2239,1
2026-07-26T16:30:00+08:00,1785054600000,74.87,74.91,74.83,74.9,11939.44,11939.44,893867.8105,1
2026-07-26T16:45:00+08:00,1785055500000,74.9,75.02,74.87,74.95,41210.47,41210.47,3089667.821,1
2026-07-26T17:00:00+08:00,1785056400000,74.95,75.08,74.94,74.97,25003.94,25003.94,1875346.0881,1
2026-07-26T17:15:00+08:00,1785057300000,74.97,75.06,74.97,75.02,26345.16,26345.16,1976431.5219,1
2026-07-26T17:30:00+08:00,1785058200000,75.02,75.25,74.97,75.1,133325.4,133325.4,10017058.9284,1
2026-07-26T17:45:00+08:00,1785059100000,75.11,75.15,75.02,75.03,48652.94,48652.94,3653313.561,1
2026-07-26T18:00:00+08:00,1785060000000,75.02,75.14,74.98,75.1,29645.81,29645.81,2224504.6681,1
2026-07-26T18:15:00+08:00,1785060900000,75.1,75.15,75.06,75.09,10550.21,10550.21,792419.7725,1
2026-07-26T18:30:00+08:00,1785061800000,75.08,75.18,75.08,75.17,32398.51,32398.51,2434424.2621,1
2026-07-26T18:45:00+08:00,1785062700000,75.18,75.21,75.06,75.08,49286.95,49286.95,3703791.5281,1
2026-07-26T19:00:00+08:00,1785063600000,75.07,75.13,75.01,75.07,28016.29,28016.29,2103158.6542,1
2026-07-26T19:15:00+08:00,1785064500000,75.07,75.07,75.01,75.02,13449.88,13449.88,1009293.6632,1
2026-07-26T19:30:00+08:00,1785065400000,75.01,75.05,74.86,74.88,71226.77,71226.77,5339663.3659,1
2026-07-26T19:45:00+08:00,1785066300000,74.87,74.92,74.84,74.91,27516.8,27516.8,2060576.7688,1
2026-07-26T20:00:00+08:00,1785067200000,74.91,75.1,74.88,75,70811.44,70811.44,5311525.1809,1
2026-07-26T20:15:00+08:00,1785068100000,75,75.03,74.83,74.95,58174.82,58174.82,4359087.8916,1
2026-07-26T20:30:00+08:00,1785069000000,74.95,74.95,74.79,74.83,28504.35,28504.35,2133243.1104,1
2026-07-26T20:45:00+08:00,1785069900000,74.82,74.86,74.77,74.83,33656.53,33656.53,2518043.7795,1
2026-07-26T21:00:00+08:00,1785070800000,74.83,74.86,74.72,74.76,58390.74,58390.74,4365578.8599,1
2026-07-26T21:15:00+08:00,1785071700000,74.76,74.92,74.75,74.81,38664.49,38664.49,2893633.9997,1
2026-07-26T21:30:00+08:00,1785072600000,74.81,74.9,74.72,74.9,34309.5,34309.5,2567000.0299,1
2026-07-26T21:45:00+08:00,1785073500000,74.91,74.93,74.82,74.89,34802.5,34802.5,2606014.1998,1
2026-07-26T22:00:00+08:00,1785074400000,74.89,75.2,74.88,75.09,116563.29,116563.29,8753939.0013,1
2026-07-26T22:15:00+08:00,1785075300000,75.08,75.08,74.86,74.88,44991.34,44991.34,3372192.4523,1
2026-07-26T22:30:00+08:00,1785076200000,74.88,74.99,74.85,74.94,47260.05,47260.05,3541006.6717,1
2026-07-26T22:45:00+08:00,1785077100000,74.94,75.04,74.92,75,23770.71,23770.71,1782601.6112,1
2026-07-26T23:00:00+08:00,1785078000000,75,75.13,74.92,74.94,38234.74,38234.74,2867885.1427,1
2026-07-26T23:15:00+08:00,1785078900000,74.94,75.36,74.93,75.17,155045.19,155045.19,11659550.9774,1
2026-07-26T23:30:00+08:00,1785079800000,75.17,75.38,75.12,75.32,72490.34,72490.34,5457427.9752,1
2026-07-26T23:45:00+08:00,1785080700000,75.32,75.46,75.26,75.44,77039.14,77039.14,5805819.2236,1
2026-07-27T00:00:00+08:00,1785081600000,75.45,75.48,75.26,75.38,68409.78,68409.78,5156985.2742,1
2026-07-27T00:15:00+08:00,1785082500000,75.38,75.69,75.38,75.64,88828.65,88828.65,6710203.8347,1
2026-07-27T00:30:00+08:00,1785083400000,75.65,75.95,75.58,75.61,147029.98,147029.98,11140482.7181,1
2026-07-27T00:45:00+08:00,1785084300000,75.62,75.69,75.48,75.48,56035.62,56035.62,4235579.6175,1
2026-07-27T01:00:00+08:00,1785085200000,75.48,75.54,75.34,75.54,47898.32,47898.32,3613805.3276,1
2026-07-27T01:15:00+08:00,1785086100000,75.54,75.56,75.24,75.29,44026.05,44026.05,3318272.6628,1
2026-07-27T01:30:00+08:00,1785087000000,75.29,75.39,75.27,75.34,27908.87,27908.87,2102678.3071,1
2026-07-27T01:45:00+08:00,1785087900000,75.33,75.39,75.31,75.34,19304.65,19304.65,1454669.1736,1
2026-07-27T02:00:00+08:00,1785088800000,75.34,75.37,75.23,75.26,33426.17,33426.17,2516482.2241,1
2026-07-27T02:15:00+08:00,1785089700000,75.27,75.38,75.26,75.28,12574.75,12574.75,947003.3811,1
2026-07-27T02:30:00+08:00,1785090600000,75.29,75.36,75.24,75.32,17980.63,17980.63,1354230.1181,1
2026-07-27T02:45:00+08:00,1785091500000,75.32,75.41,75.29,75.35,17456.82,17456.82,1315188.8864,1
2026-07-27T03:00:00+08:00,1785092400000,75.35,75.42,75.21,75.21,26861.62,26861.62,2022571.7933,1
2026-07-27T03:15:00+08:00,1785093300000,75.21,75.28,75.21,75.24,12579.25,12579.25,946337.889,1
2026-07-27T03:30:00+08:00,1785094200000,75.24,75.29,75.2,75.22,10723.1,10723.1,806753.961,1
2026-07-27T03:45:00+08:00,1785095100000,75.23,75.3,75.21,75.29,9098.55,9098.55,684700.5233,1
2026-07-27T04:00:00+08:00,1785096000000,75.29,75.36,75.29,75.32,23814.34,23814.34,1793963.0805,1
2026-07-27T04:15:00+08:00,1785096900000,75.32,75.34,75.28,75.31,11821.41,11821.41,890222.8695,1
2026-07-27T04:30:00+08:00,1785097800000,75.32,75.36,75.29,75.32,9626.9,9626.9,724980.3583,1
2026-07-27T04:45:00+08:00,1785098700000,75.32,75.32,75.26,75.3,6983.1,6983.1,525718.6396,1
2026-07-27T05:00:00+08:00,1785099600000,75.3,75.44,75.28,75.36,28982.89,28982.89,2184379.5081,1
2026-07-27T05:15:00+08:00,1785100500000,75.36,75.68,75.35,75.58,35910.1,35910.1,2711694.6652,1
2026-07-27T05:30:00+08:00,1785101400000,75.58,75.63,75.47,75.5,19010.84,19010.84,1436108.6214,1
2026-07-27T05:45:00+08:00,1785102300000,75.51,75.73,75.5,75.6,29784.92,29784.92,2253231.2648,1
2026-07-27T06:00:00+08:00,1785103200000,75.61,76.18,75.61,76.06,183130.35,183130.35,13915939.3053,1
2026-07-27T06:15:00+08:00,1785104100000,76.06,76.39,76.06,76.34,198803.67,198803.67,15156207.3345,1
2026-07-27T06:30:00+08:00,1785105000000,76.34,76.77,76.3,76.61,165705.49,165705.49,12683088.2599,1
2026-07-27T06:45:00+08:00,1785105900000,76.62,76.7,76.49,76.67,84148.79,84148.79,6447490.797,1
2026-07-27T07:00:00+08:00,1785106800000,76.67,77.08,76.57,76.77,277179.95,277179.95,21303752.8473,1
2026-07-27T07:15:00+08:00,1785107700000,76.77,76.97,76.63,76.63,121963.06,121963.06,9359207.8528,1
2026-07-27T07:30:00+08:00,1785108600000,76.64,76.69,76.46,76.66,71098.1,71098.1,5444972.779,1
2026-07-27T07:45:00+08:00,1785109500000,76.67,76.73,76.58,76.73,81713.07,81713.07,6262657.1533,1
2026-07-27T08:00:00+08:00,1785110400000,76.74,76.76,76.46,76.56,60017.2,60017.2,4596636.2011,1
2026-07-27T08:15:00+08:00,1785111300000,76.57,76.57,76.33,76.46,114693.11,114693.11,8765795.2556,1
2026-07-27T08:30:00+08:00,1785112200000,76.46,76.51,76.35,76.38,76751.19,76751.19,5864099.1157,1
2026-07-27T08:45:00+08:00,1785113100000,76.38,76.49,76.14,76.28,72630.19,72630.19,5540331.6019,1
2026-07-27T09:00:00+08:00,1785114000000,76.29,76.42,76.2,76.23,43758.55,43758.55,3339905.9711,1
2026-07-27T09:15:00+08:00,1785114900000,76.23,76.27,76.12,76.18,67383.47,67383.47,5134708.2714,1
2026-07-27T09:30:00+08:00,1785115800000,76.19,76.32,75.95,76.22,107923.86,107923.86,8215742.9048,1
2026-07-27T09:45:00+08:00,1785116700000,76.22,76.5,76.18,76.49,56180.15,56180.15,4291342.8074,1
2026-07-27T10:00:00+08:00,1785117600000,76.49,76.58,76.39,76.46,86550.86,86550.86,6619398.9798,1
2026-07-27T10:15:00+08:00,1785118500000,76.46,76.59,76.41,76.53,52489.91,52489.91,4015937.6669,1
2026-07-27T10:30:00+08:00,1785119400000,76.53,76.65,76.4,76.56,96963.99,96963.99,7423142.5673,1
2026-07-27T10:45:00+08:00,1785120300000,76.56,76.6,76.33,76.4,31832.57,31832.57,2432949.4065,1
2026-07-27T11:00:00+08:00,1785121200000,76.41,76.52,76.34,76.4,36160.59,36160.59,2761579.4374,1
2026-07-27T11:15:00+08:00,1785122100000,76.4,76.5,76.37,76.43,28865.22,28865.22,2206537.5499,1
2026-07-27T11:30:00+08:00,1785123000000,76.42,76.47,76.32,76.46,32550.05,32550.05,2485921.7611,1
2026-07-27T11:45:00+08:00,1785123900000,76.46,76.47,76.3,76.37,38180.71,38180.71,2915757.9224,1
2026-07-27T12:00:00+08:00,1785124800000,76.38,76.5,76.3,76.38,59329.84,59329.84,4531503.4613,1
2026-07-27T12:15:00+08:00,1785125700000,76.38,76.61,76.31,76.36,65212.65,65212.65,4986569.8577,1
2026-07-27T12:30:00+08:00,1785126600000,76.36,76.4,76.24,76.39,33969.53,33969.53,2592666.6331,1
2026-07-27T12:45:00+08:00,1785127500000,76.4,76.4,76.27,76.27,30800.04,30800.04,2350717.8252,1
2026-07-27T13:00:00+08:00,1785128400000,76.28,76.44,76.23,76.42,17649.25,17649.25,1346698.8601,1
2026-07-27T13:15:00+08:00,1785129300000,76.42,76.47,76.3,76.41,37565.18,37565.18,2870106.8715,1
2026-07-27T13:30:00+08:00,1785130200000,76.41,76.44,76.31,76.34,41306.71,41306.71,3155281.3785,1
2026-07-27T13:45:00+08:00,1785131100000,76.34,76.61,76.27,76.53,35856.95,35856.95,2740331.8193,1
2026-07-27T14:00:00+08:00,1785132000000,76.53,76.96,76.49,76.85,210618.83,210618.83,16171261.5985,1
2026-07-27T14:15:00+08:00,1785132900000,76.85,76.92,76.63,76.65,80770.77,80770.77,6198096.3375,1
2026-07-27T14:30:00+08:00,1785133800000,76.66,76.9,76.61,76.83,60810.73,60810.73,4667421.238,1
2026-07-27T14:45:00+08:00,1785134700000,76.83,76.84,76.62,76.7,77160.78,77160.78,5918408.0153,1
2026-07-27T15:00:00+08:00,1785135600000,76.69,76.73,76.54,76.67,65532.89,65532.89,5023034.693,1
2026-07-27T15:15:00+08:00,1785136500000,76.68,76.68,76.52,76.53,15132.25,15132.25,1159293.0682,1
2026-07-27T15:30:00+08:00,1785137400000,76.53,76.53,76.35,76.5,58487.85,58487.85,4471444.4172,1
2026-07-27T15:45:00+08:00,1785138300000,76.5,76.59,76.43,76.43,31449.43,31449.43,2406939.1646,1
2026-07-27T16:00:00+08:00,1785139200000,76.44,76.47,76.26,76.34,82918.61,82918.61,6332181.4,1
2026-07-27T16:15:00+08:00,1785140100000,76.35,76.4,76.25,76.36,37317.63,37317.63,2848585.3019,1
2026-07-27T16:30:00+08:00,1785141000000,76.35,76.37,76.25,76.26,32124.27,32124.27,2450818.066,1
2026-07-27T16:45:00+08:00,1785141900000,76.27,76.35,76.19,76.26,42990.62,42990.62,3279315.4409,1
2026-07-27T17:00:00+08:00,1785142800000,76.27,76.27,76.09,76.16,66921.07,66921.07,5095827.4379,1
2026-07-27T17:15:00+08:00,1785143700000,76.16,76.34,76.15,76.33,33523.18,33523.18,2555945.6028,1
2026-07-27T17:30:00+08:00,1785144600000,76.32,76.48,76.27,76.42,63145.22,63145.22,4825018.1437,1
2026-07-27T17:45:00+08:00,1785145500000,76.43,76.53,76.4,76.45,30346.5,30346.5,2320426.3816,1
2026-07-27T18:00:00+08:00,1785146400000,76.44,76.47,76.38,76.46,33276.54,33276.54,2543430.3415,1
2026-07-27T18:15:00+08:00,1785147300000,76.46,76.6,76.45,76.55,42848.72,42848.72,3278387.3332,1
2026-07-27T18:30:00+08:00,1785148200000,76.56,76.63,76.51,76.62,31266.7,31266.7,2394014.3227,1
2026-07-27T18:45:00+08:00,1785149100000,76.61,76.64,76.53,76.57,20822.33,20822.33,1594590.2749,1
2026-07-27T19:00:00+08:00,1785150000000,76.58,76.58,76.45,76.54,22510.43,22510.43,1722286.0014,1
2026-07-27T19:15:00+08:00,1785150900000,76.53,76.63,76.47,76.47,40481.73,40481.73,3098937.6696,1
2026-07-27T19:30:00+08:00,1785151800000,76.46,76.66,76.45,76.58,44177.81,44177.81,3383831.4796,1
2026-07-27T19:45:00+08:00,1785152700000,76.58,76.59,76.47,76.47,40898.09,40898.09,3130064.0891,1
2026-07-27T20:00:00+08:00,1785153600000,76.47,76.74,76.46,76.52,61542.17,61542.17,4716091.1542,1
2026-07-27T20:15:00+08:00,1785154500000,76.52,76.62,76.34,76.34,110247.91,110247.91,8427970.2919,1
2026-07-27T20:30:00+08:00,1785155400000,76.34,76.85,76.2,76.82,197342.34,197342.34,15089475.8439,1
2026-07-27T20:45:00+08:00,1785156300000,76.82,77.03,76.76,76.81,271274.79,271274.79,20855607.2575,1
2026-07-27T21:00:00+08:00,1785157200000,76.82,76.93,76.58,76.59,88630.98,88630.98,6803679.7972,1
2026-07-27T21:15:00+08:00,1785158100000,76.59,76.65,76.41,76.46,60478.52,60478.52,4627900.9918,1
2026-07-27T21:30:00+08:00,1785159000000,76.47,77.47,76.43,77.33,356648.88,356648.88,27475280.5454,1
2026-07-27T21:45:00+08:00,1785159900000,77.33,77.44,76.75,76.87,224945.08,224945.08,17347180.4029,1
2026-07-27T22:00:00+08:00,1785160800000,76.86,76.95,76.66,76.89,138132.27,138132.27,10608997.7985,1
2026-07-27T22:15:00+08:00,1785161700000,76.89,76.95,75.75,75.77,462703.12,462703.12,35253002.4196,1
2026-07-27T22:30:00+08:00,1785162600000,75.77,75.78,75.01,75.04,605861.7,605861.7,45675731.803,1
2026-07-27T22:45:00+08:00,1785163500000,75.04,75.6,74.94,75.42,284207.81,284207.81,21394820.0231,1
2026-07-27T23:00:00+08:00,1785164400000,75.43,75.56,75.27,75.51,104776.45,104776.45,7904236.206,1
2026-07-27T23:15:00+08:00,1785165300000,75.5,75.56,75.21,75.32,75184,75184,5667416.6089,1
2026-07-27T23:30:00+08:00,1785166200000,75.31,75.43,75.03,75.38,134530.41,134530.41,10123840.8735,1
2026-07-27T23:45:00+08:00,1785167100000,75.39,75.43,75.22,75.22,62793.64,62793.64,4730300.5804,1
2026-07-28T00:00:00+08:00,1785168000000,75.22,75.33,75.14,75.23,67193,67193,5055871.2088,1
2026-07-28T00:15:00+08:00,1785168900000,75.23,75.71,75.09,75.64,148490.99,148490.99,11210676.8958,1
2026-07-28T00:30:00+08:00,1785169800000,75.65,75.86,75.64,75.78,131450.59,131450.59,9959715.4223,1
2026-07-28T00:45:00+08:00,1785170700000,75.79,75.94,75.71,75.9,102063.83,102063.83,7742203.5821,1
2026-07-28T01:00:00+08:00,1785171600000,75.9,75.98,75.76,75.92,49510.02,49510.02,3755880.8635,1
2026-07-28T01:15:00+08:00,1785172500000,75.91,76.22,75.86,75.96,96867.83,96867.83,7367383.0559,1
2026-07-28T01:30:00+08:00,1785173400000,75.96,76.12,75.91,75.92,44834.96,44834.96,3408848.3269,1
2026-07-28T01:45:00+08:00,1785174300000,75.92,75.92,75.77,75.86,51895.4,51895.4,3935406.5391,1
2026-07-28T02:00:00+08:00,1785175200000,75.86,75.95,75.72,75.74,39900.22,39900.22,3024857.6408,1
2026-07-28T02:15:00+08:00,1785176100000,75.73,75.74,75.49,75.57,91067.05,91067.05,6882464.5777,1
2026-07-28T02:30:00+08:00,1785177000000,75.57,75.59,75.21,75.39,151560.31,151560.31,11419643.7885,1
2026-07-28T02:45:00+08:00,1785177900000,75.38,75.56,75.24,75.55,43287.8,43287.8,3265377.2027,1
2026-07-28T03:00:00+08:00,1785178800000,75.56,75.96,75.45,75.83,70476.95,70476.95,5338468.7344,1
2026-07-28T03:15:00+08:00,1785179700000,75.84,75.9,75.69,75.78,43939.59,43939.59,3330937.0004,1
2026-07-28T03:30:00+08:00,1785180600000,75.79,75.94,75.73,75.77,31898.38,31898.38,2419421.1689,1
2026-07-28T03:45:00+08:00,1785181500000,75.77,76.02,75.7,75.94,84946.74,84946.74,6444633.0559,1
2026-07-28T04:00:00+08:00,1785182400000,75.95,76.07,75.81,75.86,48671.73,48671.73,3696096.8506,1
2026-07-28T04:15:00+08:00,1785183300000,75.85,76.11,75.76,76.06,31088.57,31088.57,2360075.6254,1
2026-07-28T04:30:00+08:00,1785184200000,76.06,76.06,75.81,75.83,27054.57,27054.57,2054041.6222,1
2026-07-28T04:45:00+08:00,1785185100000,75.83,75.95,75.76,75.93,33368.04,33368.04,2529757.7061,1
2026-07-28T05:00:00+08:00,1785186000000,75.93,75.95,75.8,75.87,27474.52,27474.52,2084807.7642,1
2026-07-28T05:15:00+08:00,1785186900000,75.87,75.87,75.53,75.55,22588.36,22588.36,1710295.5989,1
2026-07-28T05:30:00+08:00,1785187800000,75.54,75.63,75.49,75.55,37701.07,37701.07,2848588.3708,1
2026-07-28T05:45:00+08:00,1785188700000,75.55,75.64,75.47,75.57,20442.67,20442.67,1543972.7726,1
2026-07-28T06:00:00+08:00,1785189600000,75.56,75.59,75.28,75.38,42159.79,42159.79,3178177.6907,1
2026-07-28T06:15:00+08:00,1785190500000,75.37,75.41,75.11,75.2,43669.66,43669.66,3287145.3502,1
2026-07-28T06:30:00+08:00,1785191400000,75.2,75.34,74.61,74.68,266484.79,266484.79,19962041.6251,1
2026-07-28T06:45:00+08:00,1785192300000,74.68,74.69,73.95,74.02,330026.97,330026.97,24527453.3769,1
2026-07-28T07:00:00+08:00,1785193200000,74.01,74.08,73.69,74.03,243733.39,243733.39,18011843.5873,1
2026-07-28T07:15:00+08:00,1785194100000,74.02,74.38,73.91,74.24,71977.37,71977.37,5339230.2899,1
2026-07-28T07:30:00+08:00,1785195000000,74.24,74.34,73.91,73.97,74226.77,74226.77,5501144.6988,1
2026-07-28T07:45:00+08:00,1785195900000,73.97,74.19,73.93,74.16,59158.72,59158.72,4380854.8419,1
2026-07-28T08:00:00+08:00,1785196800000,74.15,74.25,73.88,74.02,93341.56,93341.56,6914066.0844,1
2026-07-28T08:15:00+08:00,1785197700000,74.02,74.12,73.71,73.93,98228.12,98228.12,7257904.8433,1
2026-07-28T08:30:00+08:00,1785198600000,73.94,74.04,73.79,73.91,42620.74,42620.74,3151827.0198,1
2026-07-28T08:45:00+08:00,1785199500000,73.91,73.94,73.62,73.66,113636.64,113636.64,8381301.1303,1
2026-07-28T09:00:00+08:00,1785200400000,73.66,73.7,72.78,73.24,492854.3,492854.3,36062333.4666,1
2026-07-28T09:15:00+08:00,1785201300000,73.24,73.37,72.94,73.3,132259.67,132259.67,9671874.7374,1
2026-07-28T09:30:00+08:00,1785202200000,73.3,73.44,73.11,73.26,90785.67,90785.67,6653456.5622,1
2026-07-28T09:45:00+08:00,1785203100000,73.26,73.39,73.1,73.15,73522.63,73522.63,5386027.9728,1
2026-07-28T10:00:00+08:00,1785204000000,73.15,73.28,73.01,73.28,75749.9,75749.9,5540715.7894,1
2026-07-28T10:15:00+08:00,1785204900000,73.27,73.41,73.19,73.33,40026.38,40026.38,2934773.8737,1
2026-07-28T10:30:00+08:00,1785205800000,73.32,73.37,73.18,73.22,35867.45,35867.45,2628604.6998,1
2026-07-28T10:45:00+08:00,1785206700000,73.22,73.36,73.13,73.32,69655.81,69655.81,5104672.1007,1
2026-07-28T11:00:00+08:00,1785207600000,73.31,73.37,73.17,73.27,34238.43,34238.43,2508714.578,1
2026-07-28T11:15:00+08:00,1785208500000,73.27,73.34,73.2,73.22,28343.27,28343.27,2076421.9572,1
2026-07-28T11:30:00+08:00,1785209400000,73.22,73.33,73.11,73.32,46724.89,46724.89,3421550.8455,1
2026-07-28T11:45:00+08:00,1785210300000,73.32,73.33,73.14,73.23,37738.28,37738.28,2763473.7749,1
2026-07-28T12:00:00+08:00,1785211200000,73.23,73.23,73.1,73.14,51047.32,51047.32,3734614.3965,1
2026-07-28T12:15:00+08:00,1785212100000,73.14,73.21,73.06,73.06,57537.82,57537.82,4207170.8604,1
2026-07-28T12:30:00+08:00,1785213000000,73.07,73.13,72.93,73.11,71764.68,71764.68,5240582.9278,1
2026-07-28T12:45:00+08:00,1785213900000,73.1,73.24,73.1,73.16,43196.7,43196.7,3161229.8659,1
2026-07-28T13:00:00+08:00,1785214800000,73.16,73.34,73.14,73.29,42600.42,42600.42,3122046.6978,1
2026-07-28T13:15:00+08:00,1785215700000,73.28,73.49,73.28,73.37,74410.56,74410.56,5459956.1337,1
2026-07-28T13:30:00+08:00,1785216600000,73.38,73.41,73.2,73.39,41924.64,41924.64,3072459.0874,1
2026-07-28T13:45:00+08:00,1785217500000,73.4,73.42,73.2,73.2,44053.33,44053.33,3230406.62,1
2026-07-28T14:00:00+08:00,1785218400000,73.21,73.21,73.08,73.15,50206.93,50206.93,3672092.0037,1
2026-07-28T14:15:00+08:00,1785219300000,73.15,73.34,73.14,73.31,51075.96,51075.96,3741142.6399,1
2026-07-28T14:30:00+08:00,1785220200000,73.3,73.44,73.3,73.44,42457.23,42457.23,3115794.5876,1
2026-07-28T14:45:00+08:00,1785221100000,73.43,73.45,73.36,73.39,97866.75,97866.75,7184434.6037,1
2026-07-28T15:00:00+08:00,1785222000000,73.39,73.45,73.32,73.4,31287.98,31287.98,2295744.5492,1
2026-07-28T15:15:00+08:00,1785222900000,73.4,73.44,73.32,73.39,24264.26,24264.26,1780522.9066,1
2026-07-28T15:30:00+08:00,1785223800000,73.38,73.38,73.16,73.17,41717.83,41717.83,3056302.6713,1
2026-07-28T15:45:00+08:00,1785224700000,73.17,73.27,73.08,73.24,124070.03,124070.03,9079643.3381,1
2026-07-28T16:00:00+08:00,1785225600000,73.23,73.34,73.18,73.23,46762,46762,3426301.4236,1
2026-07-28T16:15:00+08:00,1785226500000,73.24,73.3,73.09,73.25,58844.72,58844.72,4307625.85,1
2026-07-28T16:30:00+08:00,1785227400000,73.25,73.34,73.18,73.32,18498.02,18498.02,1355288.4441,1
2026-07-28T16:45:00+08:00,1785228300000,73.32,73.4,73.27,73.31,30269.22,30269.22,2219984.2351,1
2026-07-28T17:00:00+08:00,1785229200000,73.31,73.4,73.24,73.39,28018.1,28018.1,2054424.0581,1
2026-07-28T17:15:00+08:00,1785230100000,73.38,73.46,73.32,73.38,43439.13,43439.13,3188289.6244,1
2026-07-28T17:30:00+08:00,1785231000000,73.38,73.44,73.32,73.33,36973.1,36973.1,2712757.447,1
2026-07-28T17:45:00+08:00,1785231900000,73.33,73.36,73.15,73.21,46870.67,46870.67,3432220.0409,1
2026-07-28T18:00:00+08:00,1785232800000,73.2,73.29,73.11,73.12,42857.5,42857.5,3136156.7444,1
2026-07-28T18:15:00+08:00,1785233700000,73.12,73.25,73.08,73.17,41504.98,41504.98,3036577.2546,1
2026-07-28T18:30:00+08:00,1785234600000,73.16,73.28,73.14,73.24,52684.56,52684.56,3857656.1044,1
2026-07-28T18:45:00+08:00,1785235500000,73.24,73.27,73.09,73.11,34968.63,34968.63,2558715.7848,1
2026-07-28T19:00:00+08:00,1785236400000,73.11,73.14,72.87,72.87,130675.87,130675.87,9535367.8379,1
2026-07-28T19:15:00+08:00,1785237300000,72.87,73.26,72.82,73.03,131340.29,131340.29,9595747.0921,1
2026-07-28T19:30:00+08:00,1785238200000,73.02,73.32,73,73.04,82739.77,82739.77,6051426.144,1
2026-07-28T19:45:00+08:00,1785239100000,73.04,73.21,73.04,73.14,28156.33,28156.33,2058904.5506,1
2026-07-28T20:00:00+08:00,1785240000000,73.14,73.24,73.07,73.19,22541.13,22541.13,1649416.2436,1
2026-07-28T20:15:00+08:00,1785240900000,73.19,73.26,73.12,73.18,17051.4,17051.4,1248053.6758,1
2026-07-28T20:30:00+08:00,1785241800000,73.19,73.29,73.09,73.28,69770.56,69770.56,5104991.825,1
2026-07-28T20:45:00+08:00,1785242700000,73.28,73.42,73.2,73.34,100143.92,100143.92,7344376.556,1
2026-07-28T21:00:00+08:00,1785243600000,73.33,73.39,73.16,73.23,87161.97,87161.97,6389365.0282,1
2026-07-28T21:15:00+08:00,1785244500000,73.23,73.27,72.95,72.95,50964.48,50964.48,3725061.41,1
2026-07-28T21:30:00+08:00,1785245400000,72.95,73.07,72.33,72.62,506940.23,506940.23,36834041.2484,1
2026-07-28T21:45:00+08:00,1785246300000,72.61,72.76,72.29,72.66,188031.52,188031.52,13640147.8216,1
2026-07-28T22:00:00+08:00,1785247200000,72.66,72.95,72.64,72.72,109337.03,109337.03,7961872.8131,1
2026-07-28T22:15:00+08:00,1785248100000,72.71,72.95,72.49,72.9,151628.86,151628.86,11027850.918,1
2026-07-28T22:30:00+08:00,1785249000000,72.91,73.14,72.79,73.05,129341.14,129341.14,9440889.5443,1
2026-07-28T22:45:00+08:00,1785249900000,73.05,73.45,73.04,73.36,144467.82,144467.82,10590100.9741,1
2026-07-28T23:00:00+08:00,1785250800000,73.37,73.69,73.25,73.62,176540.87,176540.87,12974793.8301,1
2026-07-28T23:15:00+08:00,1785251700000,73.62,74.5,73.46,74.22,436425.47,436425.47,32324155.2634,1
2026-07-28T23:30:00+08:00,1785252600000,74.21,74.53,74.13,74.46,144865.92,144865.92,10766558.8616,1
2026-07-28T23:45:00+08:00,1785253500000,74.46,74.53,74.06,74.29,171916.19,171916.19,12767568.8695,1
2026-07-29T00:00:00+08:00,1785254400000,74.29,74.3,74.04,74.1,80756.25,80756.25,5987621.5235,1
2026-07-29T00:15:00+08:00,1785255300000,74.11,74.3,74.05,74.17,76968.91,76968.91,5707557.2534,1
2026-07-29T00:30:00+08:00,1785256200000,74.17,74.33,74,74.25,59454.11,59454.11,4408893.2509,1
2026-07-29T00:45:00+08:00,1785257100000,74.25,74.53,74.17,74.37,58274.49,58274.49,4335370.3511,1
2026-07-29T01:00:00+08:00,1785258000000,74.37,74.39,73.92,73.92,70745.61,70745.61,5244384.9881,1
2026-07-29T01:15:00+08:00,1785258900000,73.93,73.97,73.74,73.8,178895.02,178895.02,13215725.9614,1
2026-07-29T01:30:00+08:00,1785259800000,73.79,73.8,73.49,73.6,143992.85,143992.85,10599161.5706,1
2026-07-29T01:45:00+08:00,1785260700000,73.6,73.79,73.59,73.78,48769.36,48769.36,3594120.5724,1
2026-07-29T02:00:00+08:00,1785261600000,73.78,74.02,73.77,73.8,66785.77,66785.77,4934908.6377,1
2026-07-29T02:15:00+08:00,1785262500000,73.8,73.9,73.77,73.79,23079.77,23079.77,1703775.265,1
2026-07-29T02:30:00+08:00,1785263400000,73.79,73.89,73.75,73.86,33972.49,33972.49,2508295.2515,1
2026-07-29T02:45:00+08:00,1785264300000,73.85,73.91,73.75,73.84,16229.49,16229.49,1198416.3893,1
2026-07-29T03:00:00+08:00,1785265200000,73.83,73.97,73.83,73.88,13113.86,13113.86,969213.9661,1
2026-07-29T03:15:00+08:00,1785266100000,73.87,74,73.78,73.99,26530.05,26530.05,1959545.6047,1
2026-07-29T03:30:00+08:00,1785267000000,74,74.22,74,74.14,46459.31,46459.31,3444186.1833,1
2026-07-29T03:45:00+08:00,1785267900000,74.14,74.34,74.1,74.28,59735.39,59735.39,4435899.2695,1
2026-07-29T04:00:00+08:00,1785268800000,74.28,74.33,74.07,74.15,71658.15,71658.15,5316458.0052,1
2026-07-29T04:15:00+08:00,1785269700000,74.14,74.3,74.06,74.07,76288.24,76288.24,5661661.2969,1
2026-07-29T04:30:00+08:00,1785270600000,74.07,74.15,74,74.05,33373.19,33373.19,2471403.5912,1
2026-07-29T04:45:00+08:00,1785271500000,74.04,74.05,73.96,74,12685.96,12685.96,938739.1657,1
2026-07-29T05:00:00+08:00,1785272400000,74.01,74.14,73.96,74.04,51304.1,51304.1,3798195.2289,1
2026-07-29T05:15:00+08:00,1785273300000,74.04,74.14,74.01,74.13,15497.69,15497.69,1147879.2648,1
2026-07-29T05:30:00+08:00,1785274200000,74.14,74.3,74.06,74.3,20799.73,20799.73,1543424.7028,1
2026-07-29T05:45:00+08:00,1785275100000,74.3,74.36,74.08,74.09,122847.89,122847.89,9113236.4298,1
2026-07-29T06:00:00+08:00,1785276000000,74.1,74.2,73.97,74.07,39421.25,39421.25,2920846.7524,1
2026-07-29T06:15:00+08:00,1785276900000,74.07,74.15,73.91,73.93,26062.09,26062.09,1929095.5261,1
2026-07-29T06:30:00+08:00,1785277800000,73.93,73.93,73.69,73.73,63439.94,63439.94,4681004.1263,1
2026-07-29T06:45:00+08:00,1785278700000,73.72,73.72,73.37,73.4,94018.53,94018.53,6909374.1005,1
2026-07-29T07:00:00+08:00,1785279600000,73.39,73.43,73.2,73.38,94826.95,94826.95,6952558.9414,1
2026-07-29T07:15:00+08:00,1785280500000,73.38,73.41,73.12,73.27,54656.62,54656.62,4004310.3559,1
2026-07-29T07:30:00+08:00,1785281400000,73.27,73.62,73.26,73.57,70481,70481,5179104.3964,1
2026-07-29T07:45:00+08:00,1785282300000,73.57,73.81,73.49,73.78,87699.32,87699.32,6462436.4374,1
2026-07-29T08:00:00+08:00,1785283200000,73.77,74.14,73.77,74,105468.66,105468.66,7801796.758,1
2026-07-29T08:15:00+08:00,1785284100000,74,74.13,73.83,73.91,99431.65,99431.65,7358262.503,1
2026-07-29T08:30:00+08:00,1785285000000,73.91,73.98,73.71,73.89,73481.07,73481.07,5426101.3401,1
2026-07-29T08:45:00+08:00,1785285900000,73.89,74.04,73.71,73.74,41761.71,41761.71,3084803.7211,1
2026-07-29T09:00:00+08:00,1785286800000,73.73,73.75,73.47,73.5,52460.17,52460.17,3860455.0937,1
2026-07-29T09:15:00+08:00,1785287700000,73.51,73.76,73.44,73.66,45616.72,45616.72,3358466.6228,1
2026-07-29T09:30:00+08:00,1785288600000,73.65,73.68,73.36,73.42,39379.2,39379.2,2895448.1319,1
2026-07-29T09:45:00+08:00,1785289500000,73.42,73.42,73.17,73.22,58635.07,58635.07,4297754.105,1
2026-07-29T10:00:00+08:00,1785290400000,73.22,73.39,73.02,73.3,71026.63,71026.63,5200058.5987,1
2026-07-29T10:15:00+08:00,1785291300000,73.3,73.68,73.1,73.68,122840.69,122840.69,9014994.9587,1
2026-07-29T10:30:00+08:00,1785292200000,73.68,73.94,73.6,73.81,115845.33,115845.33,8544141.0387,1
2026-07-29T10:45:00+08:00,1785293100000,73.81,73.81,73.56,73.65,44807.38,44807.38,3299938.3703,1
2026-07-29T11:00:00+08:00,1785294000000,73.65,73.72,73.4,73.53,49481.2,49481.2,3639884.4641,1
2026-07-29T11:15:00+08:00,1785294900000,73.53,73.56,73.19,73.21,60470.68,60470.68,4435654.1413,1
2026-07-29T11:30:00+08:00,1785295800000,73.21,73.33,73.02,73.15,82199.89,82199.89,6010643.2414,1
2026-07-29T11:45:00+08:00,1785296700000,73.14,73.23,72.97,73.03,79488.39,79488.39,5808972.2997,1
2026-07-29T12:00:00+08:00,1785297600000,73.04,73.26,72.68,73.01,211498.21,211498.21,15425294.2587,1
2026-07-29T12:15:00+08:00,1785298500000,73.01,73.2,72.84,73.14,76611.31,76611.31,5592685.8925,1
2026-07-29T12:30:00+08:00,1785299400000,73.14,73.45,73.06,73.18,100105.62,100105.62,7335223.3139,1
2026-07-29T12:45:00+08:00,1785300300000,73.18,73.42,73.16,73.4,31746.88,31746.88,2327019.0975,1
2026-07-29T13:00:00+08:00,1785301200000,73.4,73.57,73.36,73.53,68617.62,68617.62,5041158.8709,1
2026-07-29T13:15:00+08:00,1785302100000,73.52,73.54,73.29,73.49,56142.07,56142.07,4121703.3911,1
2026-07-29T13:30:00+08:00,1785303000000,73.48,73.75,73.42,73.66,76339.83,76339.83,5622468.5362,1
2026-07-29T13:45:00+08:00,1785303900000,73.67,73.73,73.62,73.63,31460.54,31460.54,2317598.0142,1
2026-07-29T14:00:00+08:00,1785304800000,73.63,73.66,73.48,73.63,35629.18,35629.18,2621430.7383,1
2026-07-29T14:15:00+08:00,1785305700000,73.62,73.97,73.58,73.94,55514.35,55514.35,4098760.5111,1
2026-07-29T14:30:00+08:00,1785306600000,73.95,74.04,73.91,74.04,66620.42,66620.42,4928388.9162,1
2026-07-29T14:45:00+08:00,1785307500000,74.04,74.04,73.94,74.02,41564.93,41564.93,3075568.145,1
2026-07-29T15:00:00+08:00,1785308400000,74.03,74.06,73.93,74,42926.48,42926.48,3175784.6291,1
2026-07-29T15:15:00+08:00,1785309300000,73.99,74.11,73.93,74.11,56025.22,56025.22,4145630.6473,1
2026-07-29T15:30:00+08:00,1785310200000,74.1,74.13,73.96,74,35510.1,35510.1,2628440.2665,1
2026-07-29T15:45:00+08:00,1785311100000,74,74.24,73.95,74.21,67859.95,67859.95,5029953.2114,1
2026-07-29T16:00:00+08:00,1785312000000,74.21,74.29,73.9,73.92,116826.32,116826.32,8662898.2372,1
2026-07-29T16:15:00+08:00,1785312900000,73.93,73.96,73.65,73.71,72628.64,72628.64,5358497.7477,1
2026-07-29T16:30:00+08:00,1785313800000,73.72,74.09,73.68,74.07,59139.38,59139.38,4369776.9839,1
2026-07-29T16:45:00+08:00,1785314700000,74.08,74.19,73.87,73.9,45560.46,45560.46,3373484.9371,1
2026-07-29T17:00:00+08:00,1785315600000,73.9,74,73.87,73.98,41264.73,41264.73,3050802.254,1
2026-07-29T17:15:00+08:00,1785316500000,73.99,74.05,73.93,74.03,16506.63,16506.63,1221556.7918,1
2026-07-29T17:30:00+08:00,1785317400000,74.03,74.28,74.03,74.1,47697.55,47697.55,3536809.9246,1
2026-07-29T17:45:00+08:00,1785318300000,74.1,74.16,74,74.08,26526.32,26526.32,1965196.1639,1
2026-07-29T18:00:00+08:00,1785319200000,74.09,74.09,73.96,73.99,46420.77,46420.77,3436267.7445,1
2026-07-29T18:15:00+08:00,1785320100000,74,74.06,73.95,73.96,26222.67,26222.67,1940238.6242,1
2026-07-29T18:30:00+08:00,1785321000000,73.96,74.05,73.89,74.03,27586.96,27586.96,2040461.2765,1
2026-07-29T18:45:00+08:00,1785321900000,74.02,74.03,73.74,73.86,42268.81,42268.81,3121600.1597,1
2026-07-29T19:00:00+08:00,1785322800000,73.86,74.04,73.83,74.02,25223.69,25223.69,1865055.5041,1
2026-07-29T19:15:00+08:00,1785323700000,74.02,74.05,73.89,73.89,20228.16,20228.16,1496101.6345,1
2026-07-29T19:30:00+08:00,1785324600000,73.9,73.92,73.78,73.81,22575.53,22575.53,1667061.7664,1
2026-07-29T19:45:00+08:00,1785325500000,73.81,73.95,73.79,73.91,16549.41,16549.41,1222832.6845,1
2026-07-29T20:00:00+08:00,1785326400000,73.91,73.91,73.74,73.74,25092.29,25092.29,1851755.0071,1
2026-07-29T20:15:00+08:00,1785327300000,73.74,73.74,73.4,73.49,126932.65,126932.65,9335096.7438,1
2026-07-29T20:30:00+08:00,1785328200000,73.49,73.55,73.4,73.52,43606.72,43606.72,3204104.9763,1
2026-07-29T20:45:00+08:00,1785329100000,73.52,73.6,73.42,73.49,38648.08,38648.08,2841350.3298,1
2026-07-29T21:00:00+08:00,1785330000000,73.48,73.58,73.42,73.51,40568.6,40568.6,2981611.0342,1
2026-07-29T21:15:00+08:00,1785330900000,73.51,73.55,73.37,73.53,51434.18,51434.18,3777870.622,1
2026-07-29T21:30:00+08:00,1785331800000,73.52,73.74,73.42,73.66,96396.52,96396.52,7093590.0845,1
2026-07-29T21:45:00+08:00,1785332700000,73.66,73.69,73.27,73.68,122594.25,122594.25,9005288.8408,1
2026-07-29T22:00:00+08:00,1785333600000,73.68,73.88,73.4,73.43,98780.96,98780.96,7278923.9636,1
2026-07-29T22:15:00+08:00,1785334500000,73.44,73.56,73.1,73.27,123573.7,123573.7,9055998.303,1
2026-07-29T22:30:00+08:00,1785335400000,73.27,73.41,73.04,73.13,70825.24,70825.24,5181291.3739,1
2026-07-29T22:45:00+08:00,1785336300000,73.12,73.42,73.09,73.23,60067.81,60067.81,4401334.2009,1
2026-07-29T23:00:00+08:00,1785337200000,73.23,73.38,73.17,73.28,26434.77,26434.77,1937061.6824,1
2026-07-29T23:15:00+08:00,1785338100000,73.28,73.34,73.07,73.27,50463.15,50463.15,3694756.732,1
2026-07-29T23:30:00+08:00,1785339000000,73.27,73.41,73.09,73.1,63301.14,63301.14,4636516.2336,1
2026-07-29T23:45:00+08:00,1785339900000,73.1,73.18,72.93,73.09,75427.43,75427.43,5509011.8088,1
2026-07-30T00:00:00+08:00,1785340800000,73.09,73.1,72.9,73.06,90440.12,90440.12,6603303.8253,1
2026-07-30T00:15:00+08:00,1785341700000,73.07,73.34,72.98,73.19,61849.36,61849.36,4524952.2025,1
2026-07-30T00:30:00+08:00,1785342600000,73.18,73.22,72.85,72.95,83990.3,83990.3,6132439.0477,1
2026-07-30T00:45:00+08:00,1785343500000,72.95,73.25,72.91,73.24,43656.77,43656.77,3192658.6697,1
2026-07-30T01:00:00+08:00,1785344400000,73.23,73.53,73.22,73.49,166049.24,166049.24,12184311.8583,1
2026-07-30T01:15:00+08:00,1785345300000,73.5,73.5,73.23,73.24,32391.18,32391.18,2374603.6897,1
2026-07-30T01:30:00+08:00,1785346200000,73.24,73.35,73.14,73.35,33946.51,33946.51,2486777.7509,1
2026-07-30T01:45:00+08:00,1785347100000,73.36,73.93,73.29,73.9,133788.39,133788.39,9848750.7672,1
2026-07-30T02:00:00+08:00,1785348000000,73.9,74.39,73.85,74.05,421110.58,421110.58,31217978.8023,1
2026-07-30T02:15:00+08:00,1785348900000,74.05,74.13,73.76,73.88,106757.95,106757.95,7896226.3397,1
2026-07-30T02:30:00+08:00,1785349800000,73.88,74.24,73.38,74.19,215317.52,215317.52,15887177.869,1
2026-07-30T02:45:00+08:00,1785350700000,74.18,74.5,74.1,74.21,116214.8,116214.8,8634602.7507,1
2026-07-30T03:00:00+08:00,1785351600000,74.21,74.34,73.79,73.89,91454.63,91454.63,6770492.4014,1
2026-07-30T03:15:00+08:00,1785352500000,73.9,74.13,73.42,73.52,161188.63,161188.63,11892963.025,1
2026-07-30T03:30:00+08:00,1785353400000,73.53,73.64,73.21,73.3,120718.47,120718.47,8866420.532,1
2026-07-30T03:45:00+08:00,1785354300000,73.3,73.31,72.69,72.7,261970.65,261970.65,19103728.4216,1
2026-07-30T04:00:00+08:00,1785355200000,72.71,72.95,72.39,72.9,343769.14,343769.14,24969846.9229,1
2026-07-30T04:15:00+08:00,1785356100000,72.91,73.07,72.46,72.7,125968.7,125968.7,9174191.4664,1
2026-07-30T04:30:00+08:00,1785357000000,72.71,73.17,72.62,72.98,57059.76,57059.76,4159171.1793,1
2026-07-30T04:45:00+08:00,1785357900000,72.97,73.03,72.56,72.61,47342.68,47342.68,3444733.949,1
2026-07-30T05:00:00+08:00,1785358800000,72.6,72.72,72.27,72.71,173319.93,173319.93,12557203.7211,1
2026-07-30T05:15:00+08:00,1785359700000,72.72,72.92,72.54,72.91,46776.58,46776.58,3401968.3664,1
2026-07-30T05:30:00+08:00,1785360600000,72.9,73.05,72.86,72.98,59643.94,59643.94,4352614.4364,1
2026-07-30T05:45:00+08:00,1785361500000,72.98,73.15,72.83,73.14,53644.38,53644.38,3916690.389,1
2026-07-30T06:00:00+08:00,1785362400000,73.15,73.68,73.14,73.58,109205.16,109205.16,8017374.8651,1
2026-07-30T06:15:00+08:00,1785363300000,73.57,73.76,73.51,73.65,89193.77,89193.77,6569980.6187,1
2026-07-30T06:30:00+08:00,1785364200000,73.66,73.68,73.46,73.61,45933.02,45933.02,3378600.429,1
2026-07-30T06:45:00+08:00,1785365100000,73.61,73.64,73.51,73.59,19132.92,19132.92,1407671.2856,1
2026-07-30T07:00:00+08:00,1785366000000,73.6,73.62,73.36,73.4,107536.61,107536.61,7903700.1133,1
2026-07-30T07:15:00+08:00,1785366900000,73.4,73.71,73.4,73.57,39284.78,39284.78,2890830.1664,1
2026-07-30T07:30:00+08:00,1785367800000,73.58,73.64,73.45,73.6,19143.94,19143.94,1408061.392,1
2026-07-30T07:45:00+08:00,1785368700000,73.61,73.69,73.59,73.63,20625.96,20625.96,1518842.3314,1
2026-07-30T08:00:00+08:00,1785369600000,73.63,73.83,73.6,73.74,34815.64,34815.64,2567420.117,1
2026-07-30T08:15:00+08:00,1785370500000,73.74,73.83,73.66,73.77,32404.88,32404.88,2389916.3031,1
2026-07-30T08:30:00+08:00,1785371400000,73.77,73.77,73.16,73.17,122274.08,122274.08,8974992.9338,1
2026-07-30T08:45:00+08:00,1785372300000,73.17,73.32,73.1,73.25,70282.67,70282.67,5145102.3771,1
2026-07-30T09:00:00+08:00,1785373200000,73.26,73.73,73.22,73.39,85349.03,85349.03,6270112.8302,1
2026-07-30T09:15:00+08:00,1785374100000,73.39,73.66,73.36,73.6,26130.3,26130.3,1920958.8212,1
2026-07-30T09:30:00+08:00,1785375000000,73.6,74.03,73.6,73.9,124362.79,124362.79,9187798.0466,1
2026-07-30T09:45:00+08:00,1785375900000,73.9,74.19,73.86,73.97,82219.57,82219.57,6089324.2403,1
2026-07-30T10:00:00+08:00,1785376800000,73.98,74.1,73.95,73.96,56374.07,56374.07,4173725.9394,1
2026-07-30T10:15:00+08:00,1785377700000,73.97,74.1,73.94,73.97,21564.11,21564.11,1595864.479,1
2026-07-30T10:30:00+08:00,1785378600000,73.97,73.99,73.82,73.98,30727.89,30727.89,2270633.759,1
2026-07-30T10:45:00+08:00,1785379500000,73.97,74,73.77,73.79,18479.96,18479.96,1365122.8702,1
2026-07-30T11:00:00+08:00,1785380400000,73.8,73.95,73.69,73.8,48438.52,48438.52,3574173.3236,1
2026-07-30T11:15:00+08:00,1785381300000,73.8,73.97,73.77,73.85,38881.36,38881.36,2871809.0217,1
2026-07-30T11:30:00+08:00,1785382200000,73.85,73.86,73.65,73.67,25979.48,25979.48,1915322.9359,1
2026-07-30T11:45:00+08:00,1785383100000,73.67,73.74,73.62,73.66,22981.99,22981.99,1693281.2567,1
2026-07-30T12:00:00+08:00,1785384000000,73.67,73.7,73.54,73.56,27004.37,27004.37,1987238.5516,1
2026-07-30T12:15:00+08:00,1785384900000,73.56,73.6,73.45,73.52,40350.34,40350.34,2966454.2788,1
2026-07-30T12:30:00+08:00,1785385800000,73.53,73.7,73.46,73.54,59219.01,59219.01,4356912.9038,1
2026-07-30T12:45:00+08:00,1785386700000,73.54,73.61,73.46,73.48,24471.58,24471.58,1799636.2368,1
2026-07-30T13:00:00+08:00,1785387600000,73.48,73.54,73.38,73.48,52730.48,52730.48,3874635.4938,1
2026-07-30T13:15:00+08:00,1785388500000,73.48,73.58,73.44,73.53,18689.31,18689.31,1373689.0351,1
2026-07-30T13:30:00+08:00,1785389400000,73.53,73.83,73.52,73.74,34607.06,34607.06,2551338.2274,1
2026-07-30T13:45:00+08:00,1785390300000,73.73,73.82,73.57,73.65,36229.97,36229.97,2671184.9312,1
2026-07-30T14:00:00+08:00,1785391200000,73.66,73.71,73.56,73.6,13817.76,13817.76,1017575.5893,1
2026-07-30T14:15:00+08:00,1785392100000,73.61,73.66,73.48,73.64,38748.25,38748.25,2850872.0424,1
2026-07-30T14:30:00+08:00,1785393000000,73.65,73.65,73.54,73.61,24898.51,24898.51,1832574.3863,1
2026-07-30T14:45:00+08:00,1785393900000,73.61,73.63,73.43,73.49,21345.06,21345.06,1569115.8571,1
2026-07-30T15:00:00+08:00,1785394800000,73.48,73.77,73.47,73.68,77660.01,77660.01,5718660.4866,1
2026-07-30T15:15:00+08:00,1785395700000,73.68,73.76,73.59,73.61,23868.51,23868.51,1758482.1824,1
2026-07-30T15:30:00+08:00,1785396600000,73.62,73.64,73.42,73.51,31541.59,31541.59,2318571.1938,1
2026-07-30T15:45:00+08:00,1785397500000,73.52,73.52,73.35,73.38,44799.78,44799.78,3289051.6775,1
2026-07-30T16:00:00+08:00,1785398400000,73.38,73.45,73.25,73.38,84217.39,84217.39,6177295.1149,1
2026-07-30T16:15:00+08:00,1785399300000,73.37,73.79,73.34,73.68,78244.76,78244.76,5758932.5934,1
2026-07-30T16:30:00+08:00,1785400200000,73.68,73.75,73.59,73.73,42196.71,42196.71,3108975.8333,1
2026-07-30T16:45:00+08:00,1785401100000,73.73,73.78,73.66,73.76,44752.38,44752.38,3299277.5624,1
2026-07-30T17:00:00+08:00,1785402000000,73.76,73.97,73.75,73.96,76636.25,76636.25,5660869.5117,1
2026-07-30T17:15:00+08:00,1785402900000,73.96,74.04,73.89,73.99,62430.97,62430.97,4617595.4413,1
2026-07-30T17:30:00+08:00,1785403800000,74,74.18,74,74.04,93760.18,93760.18,6945582.4656,1
2026-07-30T17:45:00+08:00,1785404700000,74.03,74.09,73.97,73.99,48615.23,48615.23,3598147.3909,1
2026-07-30T18:00:00+08:00,1785405600000,74,74.16,73.99,74.03,48129.11,48129.11,3565437.5522,1
2026-07-30T18:15:00+08:00,1785406500000,74.03,74.08,74.01,74.02,33189.44,33189.44,2457717.1138,1
2026-07-30T18:30:00+08:00,1785407400000,74.03,74.08,73.98,74.05,25401.45,25401.45,1880415.4049,1
2026-07-30T18:45:00+08:00,1785408300000,74.06,74.08,73.77,73.86,76918.64,76918.64,5680772.9878,1
2026-07-30T19:00:00+08:00,1785409200000,73.85,74.04,73.84,73.99,41868.34,41868.34,3096670.725,1
2026-07-30T19:15:00+08:00,1785410100000,73.99,74.08,73.95,74.03,22169.45,22169.45,1640994.2221,1
2026-07-30T19:30:00+08:00,1785411000000,74.03,74.15,73.97,74.08,31419.92,31419.92,2327548.6675,1
2026-07-30T19:45:00+08:00,1785411900000,74.09,74.29,74.07,74.18,96986.68,96986.68,7197333.6148,1
2026-07-30T20:00:00+08:00,1785412800000,74.18,74.33,74.17,74.24,90201.85,90201.85,6697265.937,1
2026-07-30T20:15:00+08:00,1785413700000,74.24,74.26,74.08,74.13,132113.19,132113.19,9796643.5657,1
2026-07-30T20:30:00+08:00,1785414600000,74.14,74.31,74.02,74.19,85306.96,85306.96,6327698.484,1
2026-07-30T20:45:00+08:00,1785415500000,74.19,74.44,74.17,74.35,87653.06,87653.06,6513864.1761,1
2026-07-30T21:00:00+08:00,1785416400000,74.35,74.41,74.25,74.35,63349.95,63349.95,4708727.3253,1
2026-07-30T21:15:00+08:00,1785417300000,74.35,74.35,74.2,74.2,42166.8,42166.8,3131643.2726,1
2026-07-30T21:30:00+08:00,1785418200000,74.2,74.42,74.07,74.39,115901.33,115901.33,8597253.1727,1
2026-07-30T21:45:00+08:00,1785419100000,74.39,74.87,74.36,74.64,273236.21,273236.21,20406314.9527,1
2026-07-30T22:00:00+08:00,1785420000000,74.64,74.74,74.33,74.4,115949.05,115949.05,8641967.7576,1
2026-07-30T22:15:00+08:00,1785420900000,74.4,74.67,74.25,74.59,125573.71,125573.71,9353545.6061,1
2026-07-30T22:30:00+08:00,1785421800000,74.58,74.72,74.54,74.67,52575.54,52575.54,3924227.9916,1
2026-07-30T22:45:00+08:00,1785422700000,74.67,74.75,74.46,74.6,56366.12,56366.12,4206560.9369,1
2026-07-30T23:00:00+08:00,1785423600000,74.6,74.82,74.48,74.6,54517.56,54517.56,4068622.0859,1
2026-07-30T23:15:00+08:00,1785424500000,74.59,74.82,74.47,74.48,98606.92,98606.92,7354338.5775,1
2026-07-30T23:30:00+08:00,1785425400000,74.49,74.61,74.42,74.55,56516.97,56516.97,4211563.5193,1
2026-07-30T23:45:00+08:00,1785426300000,74.56,74.64,74.48,74.62,39970.54,39970.54,2979915.6287,1
2026-07-31T00:00:00+08:00,1785427200000,74.62,74.8,74.59,74.67,50895.42,50895.42,3801706.9162,1
2026-07-31T00:15:00+08:00,1785428100000,74.68,74.76,74.63,74.68,43908.61,43908.61,3279331.719,1
2026-07-31T00:30:00+08:00,1785429000000,74.67,74.7,74.42,74.44,50118.61,50118.61,3737596.8476,1
2026-07-31T00:45:00+08:00,1785429900000,74.43,74.59,74.42,74.54,24092.53,24092.53,1794649.3691,1
2026-07-31T01:00:00+08:00,1785430800000,74.55,74.61,74.38,74.44,36987.25,36987.25,2755018.3984,1
2026-07-31T01:15:00+08:00,1785431700000,74.45,74.61,74.42,74.53,18881.4,18881.4,1407356.3692,1
2026-07-31T01:30:00+08:00,1785432600000,74.54,74.76,74.45,74.72,29307.62,29307.62,2186516.4571,1
2026-07-31T01:45:00+08:00,1785433500000,74.72,74.85,74.64,74.71,57400.51,57400.51,4290555.9278,1
2026-07-31T02:00:00+08:00,1785434400000,74.71,74.94,74.71,74.72,51497.32,51497.32,3852965.9997,1
2026-07-31T02:15:00+08:00,1785435300000,74.72,74.78,74.63,74.69,27817.92,27817.92,2078601.0043,1
2026-07-31T02:30:00+08:00,1785436200000,74.69,74.71,74.51,74.56,21306.01,21306.01,1589162.5955,1
2026-07-31T02:45:00+08:00,1785437100000,74.56,74.6,74.45,74.49,24449.13,24449.13,1821795.9735,1
2026-07-31T03:00:00+08:00,1785438000000,74.49,74.73,74.48,74.71,22200.82,22200.82,1657018.241,1
2026-07-31T03:15:00+08:00,1785438900000,74.71,74.72,74.59,74.65,29966.99,29966.99,2236935.2184,1
2026-07-31T03:30:00+08:00,1785439800000,74.65,74.65,74.54,74.62,9801.26,9801.26,731157.6023,1
2026-07-31T03:45:00+08:00,1785440700000,74.62,74.79,74.5,74.73,54722.18,54722.18,4084191.1792,1
2026-07-31T04:00:00+08:00,1785441600000,74.74,74.87,74.6,74.61,75451.95,75451.95,5640839.0922,1
2026-07-31T04:15:00+08:00,1785442500000,74.6,74.65,74.52,74.54,9730.55,9730.55,725660.4819,1
2026-07-31T04:30:00+08:00,1785443400000,74.54,74.6,74.42,74.52,82840.1,82840.1,6172267.3456,1
2026-07-31T04:45:00+08:00,1785444300000,74.53,74.55,74.41,74.45,11766.58,11766.58,875924.3339,1
2026-07-31T05:00:00+08:00,1785445200000,74.45,74.57,74.42,74.49,40483.48,40483.48,3015996.4935,1
2026-07-31T05:15:00+08:00,1785446100000,74.49,74.55,74.39,74.41,17965.95,17965.95,1337533.0642,1
2026-07-31T05:30:00+08:00,1785447000000,74.41,74.52,74.4,74.46,29057.77,29057.77,2163657.9192,1
2026-07-31T05:45:00+08:00,1785447900000,74.46,74.53,74.39,74.46,13331.82,13331.82,992358.4437,1
2026-07-31T06:00:00+08:00,1785448800000,74.45,74.74,74.35,74.67,48047.42,48047.42,3582237.4665,1
2026-07-31T06:15:00+08:00,1785449700000,74.67,74.85,74.64,74.8,21742.67,21742.67,1624875.5494,1
2026-07-31T06:30:00+08:00,1785450600000,74.81,74.84,74.68,74.78,37972.78,37972.78,2838782.8671,1
2026-07-31T06:45:00+08:00,1785451500000,74.79,74.81,74.69,74.7,11346.94,11346.94,848153.8194,1
2026-07-31T07:00:00+08:00,1785452400000,74.7,74.74,74.63,74.72,16018.66,16018.66,1196497.414,1
2026-07-31T07:15:00+08:00,1785453300000,74.71,74.73,74.62,74.65,9044.79,9044.79,675387.3206,1
2026-07-31T07:30:00+08:00,1785454200000,74.64,74.96,74.61,74.67,122622.88,122622.88,9172008.3527,1
2026-07-31T07:45:00+08:00,1785455100000,74.68,74.7,74.42,74.45,100381.77,100381.77,7483826.7425,1
2026-07-31T08:00:00+08:00,1785456000000,74.46,74.61,74.45,74.57,38238.19,38238.19,2849821.8779,1
2026-07-31T08:15:00+08:00,1785456900000,74.57,74.57,74.44,74.53,30262.95,30262.95,2254813.7648,1
2026-07-31T08:30:00+08:00,1785457800000,74.52,74.59,74.41,74.5,42958.93,42958.93,3199026.7871,1
2026-07-31T08:45:00+08:00,1785458700000,74.51,74.52,74.39,74.46,25206.44,25206.44,1876130.1677,1
2026-07-31T09:00:00+08:00,1785459600000,74.46,75.27,74.46,75.17,299444.02,299444.02,22454535.7148,1
2026-07-31T09:15:00+08:00,1785460500000,75.17,75.19,74.86,75.07,79409.64,79409.64,5957120.8024,1
2026-07-31T09:30:00+08:00,1785461400000,75.07,75.08,74.7,74.72,65223.9,65223.9,4881923.1348,1
2026-07-31T09:45:00+08:00,1785462300000,74.71,74.77,74.23,74.37,182470.65,182470.65,13583074.0522,1
2026-07-31T10:00:00+08:00,1785463200000,74.36,74.53,74.29,74.31,67470.61,67470.61,5018207.3386,1
2026-07-31T10:15:00+08:00,1785464100000,74.3,74.32,74.15,74.17,100749.15,100749.15,7475785.4822,1
2026-07-31T10:30:00+08:00,1785465000000,74.17,74.27,74.04,74.07,102892.06,102892.06,7629281.1121,1
2026-07-31T10:45:00+08:00,1785465900000,74.07,74.2,74.04,74.11,48717.53,48717.53,3611121.3957,1
2026-07-31T11:00:00+08:00,1785466800000,74.11,74.12,73.83,73.98,134021.3,134021.3,9911667.873,1
2026-07-31T11:15:00+08:00,1785467700000,73.97,74.32,73.92,74.17,75274.97,75274.97,5577410.3524,1
2026-07-31T11:30:00+08:00,1785468600000,74.18,74.22,74.05,74.14,22290.76,22290.76,1652374.4471,1
2026-07-31T11:45:00+08:00,1785469500000,74.14,74.23,74.08,74.1,34905.36,34905.36,2588826.4653,1
2026-07-31T12:00:00+08:00,1785470400000,74.1,74.11,73.94,73.97,47145.4,47145.4,3490418.6468,1
2026-07-31T12:15:00+08:00,1785471300000,73.98,73.99,73.7,73.8,97904.19,97904.19,7226230.2218,1
2026-07-31T12:30:00+08:00,1785472200000,73.8,73.83,73.7,73.75,33983.2,33983.2,2506682.3268,1
2026-07-31T12:45:00+08:00,1785473100000,73.75,73.84,73.69,73.79,50796.88,50796.88,3747182.2595,1
2026-07-31T13:00:00+08:00,1785474000000,73.79,74.08,73.79,74.06,72428.87,72428.87,5358092.4917,1
2026-07-31T13:15:00+08:00,1785474900000,74.06,74.28,74.04,74.14,57211.36,57211.36,4244532.9702,1
2026-07-31T13:30:00+08:00,1785475800000,74.14,74.21,74.02,74.03,54838.26,54838.26,4063587.8152,1
2026-07-31T13:45:00+08:00,1785476700000,74.04,74.2,74.02,74.2,16723.89,16723.89,1239254.2148,1
2026-07-31T14:00:00+08:00,1785477600000,74.19,74.38,74.14,74.3,49183.22,49183.22,3654157.9401,1
2026-07-31T14:15:00+08:00,1785478500000,74.31,74.42,74.25,74.42,42133.76,42133.76,3131468.8839,1
2026-07-31T14:30:00+08:00,1785479400000,74.42,74.5,74.07,74.08,65411.76,65411.76,4859401.45,1
2026-07-31T14:45:00+08:00,1785480300000,74.09,74.17,73.96,74.06,51875.88,51875.88,3841580.9222,1
2026-07-31T15:00:00+08:00,1785481200000,74.06,74.06,73.61,73.74,113163.91,113163.91,8351903.2085,1
2026-07-31T15:15:00+08:00,1785482100000,73.74,73.8,73.49,73.49,97318.11,97318.11,7164636.3871,1
2026-07-31T15:30:00+08:00,1785483000000,73.49,73.67,73.46,73.62,94048.5,94048.5,6920084.1785,1
2026-07-31T15:45:00+08:00,1785483900000,73.62,73.72,73.62,73.62,43652.83,43652.83,3215374.982,1
2026-07-31T16:00:00+08:00,1785484800000,73.62,73.72,73.57,73.69,48912.64,48912.64,3601742.4865,1
2026-07-31T16:15:00+08:00,1785485700000,73.68,73.74,73.57,73.69,37964.28,37964.28,2795477.8827,1
2026-07-31T16:30:00+08:00,1785486600000,73.7,73.7,73.47,73.59,39176.34,39176.34,2882723.5834,1
2026-07-31T16:45:00+08:00,1785487500000,73.59,73.77,73.57,73.61,62584.61,62584.61,4610888.4299,1
2026-07-31T17:00:00+08:00,1785488400000,73.62,73.66,73.57,73.62,31919.3,31919.3,2349732.6654,1
2026-07-31T17:15:00+08:00,1785489300000,73.62,73.62,73.4,73.43,91942.46,91942.46,6756935.2993,1
2026-07-31T17:30:00+08:00,1785490200000,73.44,73.52,73.34,73.46,118669.48,118669.48,8712504.9033,1
2026-07-31T17:45:00+08:00,1785491100000,73.46,73.55,73.41,73.45,26275.45,26275.45,1930740.1409,1
2026-07-31T18:00:00+08:00,1785492000000,73.44,73.52,73.24,73.5,68434.4,68434.4,5021653.5039,1
2026-07-31T18:15:00+08:00,1785492900000,73.49,73.62,73.46,73.59,41863.48,41863.48,3078954.4733,1
2026-07-31T18:30:00+08:00,1785493800000,73.58,73.62,73.48,73.53,55541.24,55541.24,4085144.7777,1
2026-07-31T18:45:00+08:00,1785494700000,73.54,73.62,73.46,73.53,52485.5,52485.5,3860637.3537,1
2026-07-31T19:00:00+08:00,1785495600000,73.53,73.68,73.51,73.52,33687.36,33687.36,2479459.826,1
2026-07-31T19:15:00+08:00,1785496500000,73.53,73.65,73.45,73.55,23538.58,23538.58,1731566.0812,1
2026-07-31T19:30:00+08:00,1785497400000,73.55,73.56,73.44,73.45,17104.46,17104.46,1256962.7468,1
2026-07-31T19:45:00+08:00,1785498300000,73.45,73.53,73.42,73.52,12514.73,12514.73,919373.8692,1
2026-07-31T20:00:00+08:00,1785499200000,73.53,73.55,73.32,73.43,42014.08,42014.08,3084176.7299,1
2026-07-31T20:15:00+08:00,1785500100000,73.43,73.6,73.39,73.56,35676.91,35676.91,2623296.8865,1
2026-07-31T20:30:00+08:00,1785501000000,73.55,73.55,73.38,73.45,64172.84,64172.84,4714369.8325,1
2026-07-31T20:45:00+08:00,1785501900000,73.44,73.6,73.42,73.6,27099.13,27099.13,1992618.8606,1
2026-07-31T21:00:00+08:00,1785502800000,73.6,73.72,73.58,73.66,44834.64,44834.64,3302628.8787,1
2026-07-31T21:15:00+08:00,1785503700000,73.67,73.77,73.65,73.76,41326.64,41326.64,3047254.1379,1
2026-07-31T21:30:00+08:00,1785504600000,73.77,73.78,73.34,73.35,113755.12,113755.12,8364284.6681,1
2026-07-31T21:45:00+08:00,1785505500000,73.35,73.43,73.12,73.24,169045.63,169045.63,12379137.4877,1
2026-07-31T22:00:00+08:00,1785506400000,73.25,73.47,72.74,73.45,434103.8,434103.8,31709547.2857,1
2026-07-31T22:15:00+08:00,1785507300000,73.45,73.65,73.22,73.26,280840.6,280840.6,20639234.3794,1
2026-07-31T22:30:00+08:00,1785508200000,73.26,73.32,72.85,72.96,176059.54,176059.54,12871196.9846,1
2026-07-31T22:45:00+08:00,1785509100000,72.95,73.15,72.79,73,153514.47,153514.47,11202086.2234,1
2026-07-31T23:00:00+08:00,1785510000000,73,73.04,72.84,72.95,69438.67,69438.67,5065269.0577,1
2026-07-31T23:15:00+08:00,1785510900000,72.95,73.09,72.83,72.94,59753.67,59753.67,4359471.6275,1
2026-07-31T23:30:00+08:00,1785511800000,72.94,73.18,72.87,73.04,95903.89,95903.89,7004101.7392,1
2026-07-31T23:45:00+08:00,1785512700000,73.04,73.12,72.89,73.07,55105.31,55105.31,4023936.1887,1
2026-08-01T00:00:00+08:00,1785513600000,73.07,73.26,73.05,73.1,59920.73,59920.73,4383417.5975,1
2026-08-01T00:15:00+08:00,1785514500000,73.11,73.2,72.94,73.18,46696.23,46696.23,3413306.9501,1
2026-08-01T00:30:00+08:00,1785515400000,73.17,73.19,73.01,73.09,43951.04,43951.04,3211885.2813,1
2026-08-01T00:45:00+08:00,1785516300000,73.1,73.31,73.09,73.27,43472.85,43472.85,3183144.798,1
2026-08-01T01:00:00+08:00,1785517200000,73.26,73.31,73.13,73.27,29165.88,29165.88,2135702.9293,1
2026-08-01T01:15:00+08:00,1785518100000,73.27,73.36,73.2,73.29,27483.54,27483.54,2013555.234,1
2026-08-01T01:30:00+08:00,1785519000000,73.28,73.4,73.24,73.29,41080.61,41080.61,3012399.6379,1
2026-08-01T01:45:00+08:00,1785519900000,73.28,73.4,73.28,73.32,22350.63,22350.63,1639518.8189,1
2026-08-01T02:00:00+08:00,1785520800000,73.32,73.46,73.24,73.26,60310.57,60310.57,4424486.9616,1
2026-08-01T02:15:00+08:00,1785521700000,73.26,73.43,73.17,73.17,33166.46,33166.46,2430813.7296,1
2026-08-01T02:30:00+08:00,1785522600000,73.17,73.19,72.9,73.04,71527.35,71527.35,5221795.1618,1
2026-08-01T02:45:00+08:00,1785523500000,73.03,73.19,73.02,73.08,25733.52,25733.52,1880810.1405,1
2026-08-01T03:00:00+08:00,1785524400000,73.07,73.16,73.01,73.06,13554.05,13554.05,990546.9474,1
2026-08-01T03:15:00+08:00,1785525300000,73.05,73.07,72.9,72.98,42950.95,42950.95,3133145.5456,1
2026-08-01T03:30:00+08:00,1785526200000,72.97,73.05,72.87,73.04,38424.56,38424.56,2802699.8199,1
2026-08-01T03:45:00+08:00,1785527100000,73.03,73.29,73.03,73.05,102366.34,102366.34,7489593.391,1
2026-08-01T04:00:00+08:00,1785528000000,73.05,73.2,73.03,73.07,50089.84,50089.84,3661729.3937,1
2026-08-01T04:15:00+08:00,1785528900000,73.07,73.14,73.04,73.08,8834.43,8834.43,645621.2658,1
2026-08-01T04:30:00+08:00,1785529800000,73.08,73.09,72.92,72.97,29448.75,29448.75,2149558.2802,1
2026-08-01T04:45:00+08:00,1785530700000,72.97,73.02,72.9,72.92,64254.57,64254.57,4687581.9814,1
2026-08-01T05:00:00+08:00,1785531600000,72.92,73.02,72.84,73.02,28607.97,28607.97,2086953.7965,1
2026-08-01T05:15:00+08:00,1785532500000,73.01,73.06,72.96,72.98,13545.56,13545.56,989282.0449,1
2026-08-01T05:30:00+08:00,1785533400000,72.99,73.02,72.91,73,11695.34,11695.34,853601.9068,1
2026-08-01T05:45:00+08:00,1785534300000,73,73.04,72.49,72.68,290215.77,290215.77,21099878.6447,1
2026-08-01T06:00:00+08:00,1785535200000,72.68,72.86,72.62,72.79,65449.32,65449.32,4761390.1331,1
2026-08-01T06:15:00+08:00,1785536100000,72.79,72.83,72.77,72.83,18038.63,18038.63,1313235.604,1
2026-08-01T06:30:00+08:00,1785537000000,72.82,72.9,72.8,72.89,10000.86,10000.86,728711.5415,1
2026-08-01T06:45:00+08:00,1785537900000,72.88,72.89,72.78,72.79,15547.89,15547.89,1132324.7623,1
2026-08-01T07:00:00+08:00,1785538800000,72.79,72.91,72.79,72.87,19049.93,19049.93,1388348.0661,1
2026-08-01T07:15:00+08:00,1785539700000,72.87,72.91,72.83,72.84,9527.56,9527.56,694321.1714,1
2026-08-01T07:30:00+08:00,1785540600000,72.85,72.9,72.8,72.83,15726.99,15726.99,1145678.2664,1
2026-08-01T07:45:00+08:00,1785541500000,72.82,72.85,72.74,72.82,23722.07,23722.07,1726885.3832,1
2026-08-01T08:00:00+08:00,1785542400000,72.81,72.94,72.81,72.91,26831.17,26831.17,1955704.3603,1
2026-08-01T08:15:00+08:00,1785543300000,72.9,72.98,72.86,72.95,18785.24,18785.24,1370009.2738,1
2026-08-01T08:30:00+08:00,1785544200000,72.95,73.06,72.89,73.02,71381.03,71381.03,5210526.926,1
2026-08-01T08:45:00+08:00,1785545100000,73.02,73.12,72.91,72.97,70092.76,70092.76,5120048.9093,1
2026-08-01T09:00:00+08:00,1785546000000,72.97,73.05,72.97,73.04,18675.42,18675.42,1363874.602,1
2026-08-01T09:15:00+08:00,1785546900000,73.05,73.1,73.01,73.04,18513.11,18513.11,1352384.17,1
2026-08-01T09:30:00+08:00,1785547800000,73.04,73.05,73,73.02,6608.73,6608.73,482619.9405,1
2026-08-01T09:45:00+08:00,1785548700000,73.02,73.04,72.94,72.99,21865.57,21865.57,1595691.479,1
2026-08-01T10:00:00+08:00,1785549600000,73,73.08,72.97,73.02,16524.85,16524.85,1206695.2342,1
2026-08-01T10:15:00+08:00,1785550500000,73.01,73.12,73.01,73.1,34361.59,34361.59,2510903.6228,1
2026-08-01T10:30:00+08:00,1785551400000,73.1,73.11,72.96,72.98,28528.72,28528.72,2083875.7335,1
2026-08-01T10:45:00+08:00,1785552300000,72.99,73.05,72.97,73.04,20910.15,20910.15,1526906.4294,1
2026-08-01T11:00:00+08:00,1785553200000,73.05,73.06,72.93,72.94,30649.6,30649.6,2236921.2075,1
2026-08-01T11:15:00+08:00,1785554100000,72.94,72.97,72.88,72.88,23092.09,23092.09,1684096.2006,1
2026-08-01T11:30:00+08:00,1785555000000,72.88,72.93,72.83,72.9,23417.18,23417.18,1706785.0744,1
2026-08-01T11:45:00+08:00,1785555900000,72.91,73.01,72.88,73.01,23829.02,23829.02,1738193.2134,1
2026-08-01T12:00:00+08:00,1785556800000,73,73.08,73,73.07,18582.08,18582.08,1357212.4578,1
2026-08-01T12:15:00+08:00,1785557700000,73.06,73.1,73.03,73.06,14584.71,14584.71,1065760.3647,1
2026-08-01T12:30:00+08:00,1785558600000,73.07,73.1,73.02,73.09,14890.57,14890.57,1087760.6588,1
2026-08-01T12:45:00+08:00,1785559500000,73.1,73.18,73.09,73.13,27770.51,27770.51,2030738.0185,1
2026-08-01T13:00:00+08:00,1785560400000,73.13,73.16,73.1,73.15,41965.28,41965.28,3068998.1891,1
2026-08-01T13:15:00+08:00,1785561300000,73.15,73.16,73,73.02,21377.3,21377.3,1561670.7624,1
2026-08-01T13:30:00+08:00,1785562200000,73.01,73.06,72.88,72.9,34314.93,34314.93,2503251.8356,1
2026-08-01T13:45:00+08:00,1785563100000,72.91,72.92,72.82,72.91,40967.27,40967.27,2985994.6556,1
2026-08-01T14:00:00+08:00,1785564000000,72.91,72.95,72.86,72.94,25385.38,25385.38,1850519.5302,1
2026-08-01T14:15:00+08:00,1785564900000,72.94,73,72.92,72.96,20407.89,20407.89,1489091.6998,1
2026-08-01T14:30:00+08:00,1785565800000,72.97,72.99,72.93,72.95,9488.66,9488.66,692265.0649,1
2026-08-01T14:45:00+08:00,1785566700000,72.95,72.99,72.92,72.95,11442.82,11442.82,834793.2374,1
2026-08-01T15:00:00+08:00,1785567600000,72.95,73.08,72.95,73.05,16567.5,16567.5,1209950.3431,1
2026-08-01T15:15:00+08:00,1785568500000,73.05,73.06,72.95,72.96,15217.93,15217.93,1110866.804,1
2026-08-01T15:30:00+08:00,1785569400000,72.95,72.97,72.88,72.93,35962.9,35962.9,2622834.2246,1
2026-08-01T15:45:00+08:00,1785570300000,72.94,72.97,72.91,72.93,14813.69,14813.69,1080431.0852,1
2026-08-01T16:00:00+08:00,1785571200000,72.93,72.97,72.92,72.95,9835.37,9835.37,717380.1519,1
2026-08-01T16:15:00+08:00,1785572100000,72.94,73.05,72.94,73.01,14942.65,14942.65,1090548.9743,1
2026-08-01T16:30:00+08:00,1785573000000,73,73.03,72.95,72.96,10162.73,10162.73,741680.4391,1
2026-08-01T16:45:00+08:00,1785573900000,72.95,73.02,72.94,73,10577.91,10577.91,772095.304,1
2026-08-01T17:00:00+08:00,1785574800000,73,73.05,72.92,72.93,37666.35,37666.35,2748270.8021,1
2026-08-01T17:15:00+08:00,1785575700000,72.93,72.98,72.91,72.91,9341.68,9341.68,681359.1135,1
2026-08-01T17:30:00+08:00,1785576600000,72.91,72.95,72.89,72.93,22999.48,22999.48,1677020.2481,1
2026-08-01T17:45:00+08:00,1785577500000,72.93,72.94,72.78,72.8,36066.46,36066.46,2627083.9214,1
2026-08-01T18:00:00+08:00,1785578400000,72.81,72.85,72.61,72.76,92960.12,92960.12,6758642.8518,1
2026-08-01T18:15:00+08:00,1785579300000,72.76,72.86,72.72,72.79,22174.93,22174.93,1614617.1112,1
2026-08-01T18:30:00+08:00,1785580200000,72.79,72.85,72.75,72.85,15736.48,15736.48,1145261.3928,1
2026-08-01T18:45:00+08:00,1785581100000,72.84,72.85,72.77,72.8,8529.44,8529.44,620965.4462,1
2026-08-01T19:00:00+08:00,1785582000000,72.8,72.84,72.74,72.84,28567.93,28567.93,2079522.7359,1
2026-08-01T19:15:00+08:00,1785582900000,72.84,72.88,72.79,72.84,21914.87,21914.87,1596244.2625,1
2026-08-01T19:30:00+08:00,1785583800000,72.83,72.86,72.8,72.84,15767,15767,1148388.6342,1
2026-08-01T19:45:00+08:00,1785584700000,72.84,72.88,72.83,72.85,19281.65,19281.65,1404784.113,1
2026-08-01T20:00:00+08:00,1785585600000,72.85,72.9,72.82,72.84,23664.02,23664.02,1724199.5903,1
2026-08-01T20:15:00+08:00,1785586500000,72.84,72.9,72.83,72.9,8636.16,8636.16,629189.4821,1
2026-08-01T20:30:00+08:00,1785587400000,72.9,72.91,72.84,72.85,14616.98,14616.98,1065318.0602,1
2026-08-01T20:45:00+08:00,1785588300000,72.85,72.91,72.84,72.9,7515.94,7515.94,547826.5947,1
2026-08-01T21:00:00+08:00,1785589200000,72.89,72.96,72.88,72.94,18827.13,18827.13,1372937.2142,1
2026-08-01T21:15:00+08:00,1785590100000,72.95,72.95,72.88,72.88,10345.2,10345.2,754258.0868,1
2026-08-01T21:30:00+08:00,1785591000000,72.88,72.96,72.87,72.95,22655.34,22655.34,1652113.5343,1
2026-08-01T21:45:00+08:00,1785591900000,72.94,72.95,72.88,72.94,7488.23,7488.23,545973.4324,1
2026-08-01T22:00:00+08:00,1785592800000,72.93,73.01,72.83,72.83,41313.32,41313.32,3012611.8112,1
2026-08-01T22:15:00+08:00,1785593700000,72.83,72.94,72.82,72.94,27197.73,27197.73,1981700.3613,1
2026-08-01T22:30:00+08:00,1785594600000,72.93,72.96,72.88,72.95,21854.81,21854.81,1593916.4976,1
2026-08-01T22:45:00+08:00,1785595500000,72.95,72.99,72.9,72.99,21623.54,21623.54,1577180.3404,1
2026-08-01T23:00:00+08:00,1785596400000,72.98,72.99,72.92,72.95,20824.13,20824.13,1519178.0199,1
2026-08-01T23:15:00+08:00,1785597300000,72.95,72.95,72.79,72.8,32611.41,32611.41,2375574.2497,1
2026-08-01T23:30:00+08:00,1785598200000,72.8,72.82,72.68,72.78,78951.97,78951.97,5744459.5069,1
2026-08-01T23:45:00+08:00,1785599100000,72.77,72.84,72.75,72.75,75286.81,75286.81,5480366.1226,1
2026-08-02T00:00:00+08:00,1785600000000,72.75,72.85,72.69,72.79,21969.23,21969.23,1598670.2706,1
2026-08-02T00:15:00+08:00,1785600900000,72.78,72.87,72.76,72.84,16523.03,16523.03,1203324.04,1
2026-08-02T00:30:00+08:00,1785601800000,72.84,72.9,72.8,72.81,12301.34,12301.34,896260.5256,1
2026-08-02T00:45:00+08:00,1785602700000,72.8,72.82,72.43,72.66,148675.74,148675.74,10787633.3223,1
2026-08-02T01:00:00+08:00,1785603600000,72.65,72.75,72.35,72.47,95751.17,95751.17,6948222.4462,1
2026-08-02T01:15:00+08:00,1785604500000,72.46,72.47,72.03,72.13,317463.64,317463.64,22925398.5748,1
2026-08-02T01:30:00+08:00,1785605400000,72.12,72.12,71.58,71.9,471640.5,471640.5,33876752.8177,1
2026-08-02T01:45:00+08:00,1785606300000,71.9,71.9,71.63,71.88,109041.23,109041.23,7826284.747,1
2026-08-02T02:00:00+08:00,1785607200000,71.89,71.94,71.66,71.8,104398.3,104398.3,7496741.9308,1
2026-08-02T02:15:00+08:00,1785608100000,71.8,71.81,71.4,71.49,267563.61,267563.61,19151822.9609,1
2026-08-02T02:30:00+08:00,1785609000000,71.49,71.49,70.92,71.14,481067.3,481067.3,34228133.597,1
2026-08-02T02:45:00+08:00,1785609900000,71.15,71.15,70.51,71.04,408932.56,408932.56,28946381.8485,1
2026-08-02T03:00:00+08:00,1785610800000,71.04,71.28,71,71.21,91378.19,91378.19,6503826.6917,1
2026-08-02T03:15:00+08:00,1785611700000,71.2,71.27,71.07,71.2,73260.14,73260.14,5212638.455,1
2026-08-02T03:30:00+08:00,1785612600000,71.2,71.28,71.12,71.18,25987.52,25987.52,1850353.0045,1
2026-08-02T03:45:00+08:00,1785613500000,71.17,71.31,71.16,71.22,25378,25378,1807816.3262,1
2026-08-02T04:00:00+08:00,1785614400000,71.21,71.39,71.15,71.34,36935.48,36935.48,2632941.255,1
2026-08-02T04:15:00+08:00,1785615300000,71.34,71.47,71.33,71.39,47363.88,47363.88,3381529.1482,1
2026-08-02T04:30:00+08:00,1785616200000,71.39,71.49,71.29,71.41,50486.55,50486.55,3604019.4353,1
2026-08-02T04:45:00+08:00,1785617100000,71.41,71.51,71.37,71.51,28342.12,28342.12,2025084.0057,1
2026-08-02T05:00:00+08:00,1785618000000,71.51,71.75,71.5,71.65,107530,107530,7702931.7354,1
2026-08-02T05:15:00+08:00,1785618900000,71.65,71.74,71.55,71.66,40112.51,40112.51,2873973.2843,1
2026-08-02T05:30:00+08:00,1785619800000,71.66,71.77,71.63,71.75,38112.08,38112.08,2732783.0235,1
2026-08-02T05:45:00+08:00,1785620700000,71.74,71.82,71.74,71.8,20597.44,20597.44,1478356.9103,1
2026-08-02T06:00:00+08:00,1785621600000,71.8,71.97,71.8,71.88,55431.59,55431.59,3985026.2183,1
2026-08-02T06:15:00+08:00,1785622500000,71.89,71.95,71.81,71.94,18353.65,18353.65,1319484.147,1
2026-08-02T06:30:00+08:00,1785623400000,71.94,71.95,71.86,71.92,10235.1,10235.1,736073.9718,1
2026-08-02T06:45:00+08:00,1785624300000,71.91,71.94,71.84,71.86,24087.86,24087.86,1731555.7096,1
2026-08-02T07:00:00+08:00,1785625200000,71.87,72.04,71.86,71.94,76838.32,76838.32,5530992.4643,1
2026-08-02T07:15:00+08:00,1785626100000,71.94,71.94,71.77,71.78,28934.81,28934.81,2078309.9346,1
2026-08-02T07:30:00+08:00,1785627000000,71.78,71.88,71.78,71.88,18635.3,18635.3,1338641.2414,1
2026-08-02T07:45:00+08:00,1785627900000,71.87,71.91,71.84,71.9,17876.84,17876.84,1284921.3071,1
2026-08-02T08:00:00+08:00,1785628800000,71.89,72.06,71.88,72.04,60247.1,60247.1,4337060.7673,1
2026-08-02T08:15:00+08:00,1785629700000,72.05,72.1,71.98,72.01,55549.59,55549.59,4001973.4762,1
2026-08-02T08:30:00+08:00,1785630600000,72,72.06,71.96,72.01,22690.94,22690.94,1633887.6399,1
2026-08-02T08:45:00+08:00,1785631500000,72.01,72.07,71.97,72.07,20016.14,20016.14,1441383.1177,1
2026-08-02T09:00:00+08:00,1785632400000,72.07,72.52,72.06,72.46,152347.49,152347.49,11019743.82,1
2026-08-02T09:15:00+08:00,1785633300000,72.46,72.58,72.39,72.48,58737.22,58737.22,4257118.1736,1
2026-08-02T09:30:00+08:00,1785634200000,72.48,72.71,72.43,72.6,114163.82,114163.82,8286896.2674,1
2026-08-02T09:45:00+08:00,1785635100000,72.6,72.64,72.57,72.6,27323.67,27323.67,1983810.5142,1
2026-08-02T10:00:00+08:00,1785636000000,72.6,73.37,72.53,73.18,298834.62,298834.62,21825373.1251,1
2026-08-02T10:15:00+08:00,1785636900000,73.19,73.28,73.05,73.05,178596.17,178596.17,13068333.1629,1
2026-08-02T10:30:00+08:00,1785637800000,73.06,73.08,72.89,72.97,91484.99,91484.99,6673697.1899,1
2026-08-02T10:45:00+08:00,1785638700000,72.96,73.12,72.95,73.09,54585.13,54585.13,3987870.0873,1
2026-08-02T11:00:00+08:00,1785639600000,73.1,73.19,73.04,73.09,56502.66,56502.66,4130589.8735,1
2026-08-02T11:15:00+08:00,1785640500000,73.09,73.19,73.05,73.06,53209.03,53209.03,3890908.764,1
2026-08-02T11:30:00+08:00,1785641400000,73.06,73.2,73.05,73.17,43036.93,43036.93,3148449.2101,1
2026-08-02T11:45:00+08:00,1785642300000,73.17,73.21,73.11,73.15,39494.9,39494.9,2889181.6282,1
2026-08-02T12:00:00+08:00,1785643200000,73.16,73.27,73.16,73.19,69638.81,69638.81,5098945.4232,1
2026-08-02T12:15:00+08:00,1785644100000,73.2,73.42,73.2,73.32,84574.66,84574.66,6202585.037,1
2026-08-02T12:30:00+08:00,1785645000000,73.33,73.37,73.26,73.27,34588.81,34588.81,2535813.6718,1
2026-08-02T12:45:00+08:00,1785645900000,73.27,73.51,73.26,73.49,69818.8,69818.8,5126862.374,1
2026-08-02T13:00:00+08:00,1785646800000,73.48,73.63,73.45,73.46,148608.17,148608.17,10926574.2538,1
2026-08-02T13:15:00+08:00,1785647700000,73.47,73.63,73.43,73.5,39442.28,39442.28,2899939.8801,1
2026-08-02T13:30:00+08:00,1785648600000,73.5,73.55,73.43,73.48,54769.2,54769.2,4024228.2997,1
2026-08-02T13:45:00+08:00,1785649500000,73.48,73.6,73.47,73.55,29895.38,29895.38,2198601.0233,1
2026-08-02T14:00:00+08:00,1785650400000,73.56,73.62,73.45,73.46,74632.19,74632.19,5487144.3286,1
2026-08-02T14:15:00+08:00,1785651300000,73.46,73.56,73.45,73.53,37787.34,37787.34,2777106.7482,1
2026-08-02T14:30:00+08:00,1785652200000,73.52,73.56,73.47,73.51,25252.45,25252.45,1856437.7475,1
2026-08-02T14:45:00+08:00,1785653100000,73.51,73.51,73.38,73.41,46220.04,46220.04,3393858.8391,1
2026-08-02T15:00:00+08:00,1785654000000,73.41,73.42,73.35,73.39,51051.85,51051.85,3746640.7444,1
2026-08-02T15:15:00+08:00,1785654900000,73.39,73.47,73.37,73.45,19074.97,19074.97,1400622.9125,1
2026-08-02T15:30:00+08:00,1785655800000,73.44,73.45,73.4,73.45,22206.48,22206.48,1630641.7863,1
2026-08-02T15:45:00+08:00,1785656700000,73.45,73.47,73.4,73.43,35257.6,35257.6,2589054.2421,1
2026-08-02T16:00:00+08:00,1785657600000,73.44,73.52,73.35,73.39,69703.37,69703.37,5118429.9913,1
2026-08-02T16:15:00+08:00,1785658500000,73.38,73.42,73.28,73.3,51144.93,51144.93,3751671.675,1
2026-08-02T16:30:00+08:00,1785659400000,73.3,73.36,73.12,73.22,128874.53,128874.53,9439952.4584,1
2026-08-02T16:45:00+08:00,1785660300000,73.22,73.27,73.12,73.15,39485.55,39485.55,2889975.9322,1
2026-08-02T17:00:00+08:00,1785661200000,73.14,73.29,72.93,73.29,121182.1,121182.1,8856183.4852,1
2026-08-02T17:15:00+08:00,1785662100000,73.29,73.33,73.24,73.26,35418.33,35418.33,2595776.945,1
2026-08-02T17:30:00+08:00,1785663000000,73.27,73.36,73.25,73.27,21015.87,21015.87,1540322.6998,1
2026-08-02T17:45:00+08:00,1785663900000,73.27,73.39,73.27,73.34,23128.86,23128.86,1696421.1535,1
2026-08-02T18:00:00+08:00,1785664800000,73.34,73.34,73.2,73.21,15461.1,15461.1,1132975.9088,1
2026-08-02T18:15:00+08:00,1785665700000,73.2,73.36,73.1,73.16,51535.67,51535.67,3773670.9589,1
2026-08-02T18:30:00+08:00,1785666600000,73.17,73.26,73.16,73.22,25500.91,25500.91,1866645.8552,1
2026-08-02T18:45:00+08:00,1785667500000,73.23,73.27,73.21,73.23,16600.88,16600.88,1215737.2484,1
2026-08-02T19:00:00+08:00,1785668400000,73.24,73.26,73.16,73.2,19490.02,19490.02,1426699.6471,1
2026-08-02T19:15:00+08:00,1785669300000,73.2,73.27,73.13,73.16,18788.3,18788.3,1375224.6119,1
2026-08-02T19:30:00+08:00,1785670200000,73.16,73.18,73,73.05,45670.18,45670.18,3338583.5773,1
2026-08-02T19:45:00+08:00,1785671100000,73.05,73.13,72.89,72.95,91299.13,91299.13,6663399.5286,1
2026-08-02T20:00:00+08:00,1785672000000,72.96,73.16,72.95,73.16,57827.21,57827.21,4224062.4986,1
2026-08-02T20:15:00+08:00,1785672900000,73.16,73.2,73.1,73.1,33108.84,33108.84,2421915.1923,1
2026-08-02T20:30:00+08:00,1785673800000,73.11,73.15,72.95,73.02,30458.36,30458.36,2224531.1137,1
2026-08-02T20:45:00+08:00,1785674700000,73.01,73.03,72.85,72.85,56324.61,56324.61,4108204.178,1
2026-08-02T21:00:00+08:00,1785675600000,72.85,72.94,72.82,72.94,40123.81,40123.81,2924726.858,1
2026-08-02T21:15:00+08:00,1785676500000,72.94,72.96,72.86,72.87,33801.76,33801.76,2464677.2707,1
2026-08-02T21:30:00+08:00,1785677400000,72.86,72.91,72.64,72.83,113837.94,113837.94,8282210.888,1
2026-08-02T21:45:00+08:00,1785678300000,72.83,72.96,72.82,72.92,52548.52,52548.52,3830973.43,1
2026-08-02T22:00:00+08:00,1785679200000,72.92,73.05,72.88,73.04,39043.29,39043.29,2848993.177,1
2026-08-02T22:15:00+08:00,1785680100000,73.04,73.12,73.03,73.12,39241.79,39241.79,2867915.3235,1
2026-08-02T22:30:00+08:00,1785681000000,73.13,73.19,73.06,73.19,34449.67,34449.67,2519709.6597,1
2026-08-02T22:45:00+08:00,1785681900000,73.19,73.19,73.03,73.05,18601.78,18601.78,1359624.4627,1
2026-08-02T23:00:00+08:00,1785682800000,73.06,73.17,73.02,73.17,39748.48,39748.48,2905650.8941,1
2026-08-02T23:15:00+08:00,1785683700000,73.17,73.17,73.07,73.07,18364.34,18364.34,1342738.1377,1
2026-08-02T23:30:00+08:00,1785684600000,73.07,73.17,73.01,73.03,30874.71,30874.71,2255957.244,1
2026-08-02T23:45:00+08:00,1785685500000,73.03,73.06,72.96,72.98,22139.59,22139.59,1616226.7328,1
2026-08-03T00:00:00+08:00,1785686400000,72.99,73,72.87,72.9,40874.94,40874.94,2980480.5435,1
2026-08-03T00:15:00+08:00,1785687300000,72.89,73.02,72.89,73,35624.07,35624.07,2599385.9052,1
2026-08-03T00:30:00+08:00,1785688200000,73.01,73.27,73,73.19,111507.66,111507.66,8158923.4459,1
2026-08-03T00:45:00+08:00,1785689100000,73.19,73.22,73.1,73.1,23672.7,23672.7,1731847.5456,1
2026-08-03T01:00:00+08:00,1785690000000,73.1,73.23,73.05,73.22,30543.41,30543.41,2234401.593,1
2026-08-03T01:15:00+08:00,1785690900000,73.22,73.36,73.19,73.21,32461.07,32461.07,2378364.5246,1
2026-08-03T01:30:00+08:00,1785691800000,73.2,73.33,73.2,73.32,21657.71,21657.71,1586539.6386,1
2026-08-03T01:45:00+08:00,1785692700000,73.33,73.36,73.26,73.27,21320.41,21320.41,1563335.8046,1
2026-08-03T02:00:00+08:00,1785693600000,73.28,73.37,73.2,73.28,41270.02,41270.02,3025045.3529,1
2026-08-03T02:15:00+08:00,1785694500000,73.27,73.37,73.25,73.34,13305.36,13305.36,975579.6971,1
2026-08-03T02:30:00+08:00,1785695400000,73.34,73.83,73.34,73.67,175118.73,175118.73,12890309.7354,1
2026-08-03T02:45:00+08:00,1785696300000,73.67,73.73,73.51,73.52,52568.19,52568.19,3870092.5404,1
2026-08-03T03:00:00+08:00,1785697200000,73.52,73.63,73.48,73.51,37031.97,37031.97,2724082.4455,1
2026-08-03T03:15:00+08:00,1785698100000,73.51,73.62,73.5,73.58,39480.06,39480.06,2904289.3836,1
2026-08-03T03:30:00+08:00,1785699000000,73.57,73.66,73.55,73.64,18108.43,18108.43,1333030.5789,1
2026-08-03T03:45:00+08:00,1785699900000,73.64,73.75,73.63,73.69,44176.12,44176.12,3255467.7482,1
2026-08-03T04:00:00+08:00,1785700800000,73.69,73.71,73.53,73.62,33969.79,33969.79,2500313.1251,1
2026-08-03T04:15:00+08:00,1785701700000,73.62,73.65,73.51,73.55,12892.47,12892.47,948607.7093,1
2026-08-03T04:30:00+08:00,1785702600000,73.55,73.6,73.54,73.59,7658.12,7658.12,563458.0382,1
2026-08-03T04:45:00+08:00,1785703500000,73.58,73.69,73.56,73.65,17471.12,17471.12,1286506.3132,1
2026-08-03T05:00:00+08:00,1785704400000,73.65,73.77,73.63,73.68,48586.99,48586.99,3582069.5569,1
2026-08-03T05:15:00+08:00,1785705300000,73.68,73.77,73.64,73.75,25346.68,25346.68,1868389.2677,1
2026-08-03T05:30:00+08:00,1785706200000,73.74,74.11,73.71,73.98,140402.95,140402.95,10380763.908,1
2026-08-03T05:45:00+08:00,1785707100000,73.98,74.3,73.87,73.96,127114.58,127114.58,9420039.3403,1
2026-08-03T06:00:00+08:00,1785708000000,73.96,74.18,73.96,74.04,63283.06,63283.06,4687119.5363,1
2026-08-03T06:15:00+08:00,1785708900000,74.04,74.17,73.86,73.91,51894.31,51894.31,3840689.5092,1
2026-08-03T06:30:00+08:00,1785709800000,73.91,73.93,73.62,73.8,121921.34,121921.34,8989619.2573,1
2026-08-03T06:45:00+08:00,1785710700000,73.8,73.83,73.6,73.61,82814.32,82814.32,6102510.3893,1
2026-08-03T07:00:00+08:00,1785711600000,73.61,73.62,73.46,73.5,39241.63,39241.63,2885179.8628,1
2026-08-03T07:15:00+08:00,1785712500000,73.49,73.61,73.44,73.53,23108.24,23108.24,1699415.5227,1
2026-08-03T07:30:00+08:00,1785713400000,73.54,73.6,73.48,73.53,15454.7,15454.7,1136529.9944,1
2026-08-03T07:45:00+08:00,1785714300000,73.53,73.6,73.41,73.58,46809.32,46809.32,3439856.7059,1
2026-08-03T08:00:00+08:00,1785715200000,73.59,73.63,73.38,73.42,73843.68,73843.68,5424903.2019,1
2026-08-03T08:15:00+08:00,1785716100000,73.43,73.46,73.21,73.23,27253.78,27253.78,1998898.4199,1
2026-08-03T08:30:00+08:00,1785717000000,73.24,73.35,73.15,73.2,69419.68,69419.68,5085036.7693,1
2026-08-03T08:45:00+08:00,1785717900000,73.21,73.23,73.13,73.19,24181.95,24181.95,1769647.9389,1
2026-08-03T09:00:00+08:00,1785718800000,73.18,73.22,72.95,73.07,55592.02,55592.02,4063589.2166,1
2026-08-03T09:15:00+08:00,1785719700000,73.07,73.12,72.94,73.01,41833.18,41833.18,3054837.1853,1
2026-08-03T09:30:00+08:00,1785720600000,73,73.06,72.92,72.99,30245.55,30245.55,2207102.7085,1
2026-08-03T09:45:00+08:00,1785721500000,72.99,73.01,72.88,72.97,46514.77,46514.77,3392926.3458,1
2026-08-03T10:00:00+08:00,1785722400000,72.96,73.03,72.86,72.97,58607.22,58607.22,4275734.2545,1
2026-08-03T10:15:00+08:00,1785723300000,72.97,73.11,72.92,72.95,41251.28,41251.28,3012935.6296,1
2026-08-03T10:30:00+08:00,1785724200000,72.94,73.1,72.91,73.04,41003.12,41003.12,2994313.861,1
2026-08-03T10:45:00+08:00,1785725100000,73.04,73.08,72.94,72.99,21019.4,21019.4,1534620.8509,1
2026-08-03T11:00:00+08:00,1785726000000,72.98,73.08,72.95,72.97,37952.76,37952.76,2771268.194,1
2026-08-03T11:15:00+08:00,1785726900000,72.97,73.05,72.95,72.99,18291.83,18291.83,1334977.2147,1
2026-08-03T11:30:00+08:00,1785727800000,72.99,73,72.91,72.94,22241.18,22241.18,1622207.835,1
2026-08-03T11:45:00+08:00,1785728700000,72.93,72.96,72.63,72.87,138491.38,138491.38,10085450.8632,1
2026-08-03T12:00:00+08:00,1785729600000,72.86,72.95,72.8,72.88,38147.66,38147.66,2780485.8954,1
2026-08-03T12:15:00+08:00,1785730500000,72.88,73.03,72.87,72.89,26848.78,26848.78,1959117.572,1
2026-08-03T12:30:00+08:00,1785731400000,72.89,73.03,72.89,73.02,21194.42,21194.42,1546965.4158,1
2026-08-03T12:45:00+08:00,1785732300000,73.02,73.02,72.8,72.81,26022.46,26022.46,1896558.6024,1
2026-08-03T13:00:00+08:00,1785733200000,72.8,73.01,72.79,73,54764.61,54764.61,3993129.008,1
2026-08-03T13:15:00+08:00,1785734100000,72.99,72.99,72.85,72.86,58498.37,58498.37,4265160.5584,1
2026-08-03T13:30:00+08:00,1785735000000,72.86,72.89,72.79,72.8,29749.5,29749.5,2166806.0309,1
2026-08-03T13:45:00+08:00,1785735900000,72.79,72.88,72.78,72.88,29258.04,29258.04,2130616.0532,1
2026-08-03T14:00:00+08:00,1785736800000,72.87,72.94,72.85,72.89,18571.16,18571.16,1353796.1672,1
2026-08-03T14:15:00+08:00,1785737700000,72.89,72.9,72.8,72.81,20446.14,20446.14,1489159.451,1
2026-08-03T14:30:00+08:00,1785738600000,72.82,72.83,72.5,72.52,128634.8,128634.8,9342692.3198,1
2026-08-03T14:45:00+08:00,1785739500000,72.52,72.65,72.47,72.55,123542.28,123542.28,8962819.4104,1
2026-08-03T15:00:00+08:00,1785740400000,72.55,72.6,72.5,72.5,49676.03,49676.03,3603980.8579,1
2026-08-03T15:15:00+08:00,1785741300000,72.5,72.59,72.36,72.56,101024.75,101024.75,7320382.2142,1
2026-08-03T15:30:00+08:00,1785742200000,72.57,72.65,72.5,72.51,24323.95,24323.95,1765647.7129,1
2026-08-03T15:45:00+08:00,1785743100000,72.5,72.54,72.45,72.47,31320.8,31320.8,2270417.5403,1
2026-08-03T16:00:00+08:00,1785744000000,72.47,72.53,72.38,72.48,42439.76,42439.76,3074706.1419,1
2026-08-03T16:15:00+08:00,1785744900000,72.48,72.49,71.95,72.03,282048.6,282048.6,20352876.5854,1
2026-08-03T16:30:00+08:00,1785745800000,72.03,72.19,71.93,72.18,109718.7,109718.7,7909208.4601,1
2026-08-03T16:45:00+08:00,1785746700000,72.19,72.36,72.15,72.33,50638.2,50638.2,3659287.772,1
2026-08-03T17:00:00+08:00,1785747600000,72.33,72.35,72.28,72.31,60533.21,60533.21,4377128.1653,1
2026-08-03T17:15:00+08:00,1785748500000,72.3,72.42,72.3,72.41,47825.38,47825.38,3461440.6546,1
2026-08-03T17:30:00+08:00,1785749400000,72.41,72.52,72.4,72.5,39852.99,39852.99,2888027.7537,1
2026-08-03T17:45:00+08:00,1785750300000,72.5,72.77,72.49,72.69,101600.77,101600.77,7379563.0637,1
2026-08-03T18:00:00+08:00,1785751200000,72.69,72.76,72.62,72.62,43435.25,43435.25,3155935.5944,1
2026-08-03T18:15:00+08:00,1785752100000,72.62,72.7,72.56,72.57,51874.23,51874.23,3767541.2063,1
2026-08-03T18:30:00+08:00,1785753000000,72.57,72.63,72.52,72.61,24917.53,24917.53,1808053.7694,1
2026-08-03T18:45:00+08:00,1785753900000,72.62,72.63,72.47,72.57,26363.47,26363.47,1912628.9794,1
2026-08-03T19:00:00+08:00,1785754800000,72.57,72.59,72.36,72.42,36324.54,36324.54,2631047.4053,1
2026-08-03T19:15:00+08:00,1785755700000,72.42,72.58,72.38,72.44,39626.64,39626.64,2873478.4764,1
2026-08-03T19:30:00+08:00,1785756600000,72.44,72.61,72.43,72.52,18990.83,18990.83,1377765.7016,1
2026-08-03T19:45:00+08:00,1785757500000,72.53,72.53,72.37,72.4,28136.76,28136.76,2038462.4528,1
2026-08-03T20:00:00+08:00,1785758400000,72.41,72.48,72.29,72.47,67076.63,67076.63,4855253.8983,1
2026-08-03T20:15:00+08:00,1785759300000,72.47,72.52,72.41,72.43,20526.72,20526.72,1487505.4111,1
2026-08-03T20:30:00+08:00,1785760200000,72.43,72.47,72.37,72.47,15133.13,15133.13,1095963.6303,1
2026-08-03T20:45:00+08:00,1785761100000,72.47,72.5,72.37,72.38,18883.38,18883.38,1367832.6745,1
2026-08-03T21:00:00+08:00,1785762000000,72.38,72.45,72.35,72.39,36348.21,36348.21,2631754.7563,1
2026-08-03T21:15:00+08:00,1785762900000,72.4,72.74,72.39,72.46,96627.49,96627.49,7013671.9789,1
2026-08-03T21:30:00+08:00,1785763800000,72.47,72.87,72.28,72.77,157273.39,157273.39,11419572.0971,1
2026-08-03T21:45:00+08:00,1785764700000,72.76,73.26,72.62,73.23,244580.46,244580.46,17855490.4804,1
2026-08-03T22:00:00+08:00,1785765600000,73.23,73.33,73.04,73.12,177614.38,177614.38,12996732.428,1
2026-08-03T22:15:00+08:00,1785766500000,73.12,73.66,72.97,73.6,181242.18,181242.18,13300889.6872,1
2026-08-03T22:30:00+08:00,1785767400000,73.61,73.71,73.45,73.58,177957.24,177957.24,13093267.6761,1
2026-08-03T22:45:00+08:00,1785768300000,73.57,73.77,73.39,73.75,135538.15,135538.15,9973500.557,1
2026-08-03T23:00:00+08:00,1785769200000,73.76,73.8,73.42,73.52,90209.76,90209.76,6640528.778,1
2026-08-03T23:15:00+08:00,1785770100000,73.52,73.68,73.5,73.57,74688.23,74688.23,5495784.3534,1
2026-08-03T23:30:00+08:00,1785771000000,73.58,73.72,73.48,73.55,112325.18,112325.18,8264412.4313,1
2026-08-03T23:45:00+08:00,1785771900000,73.56,73.67,73.42,73.57,64188.29,64188.29,4722068.1511,1
2026-08-04T00:00:00+08:00,1785772800000,73.57,73.78,73.43,73.55,122472.72,122472.72,9012432.9612,1
2026-08-04T00:15:00+08:00,1785773700000,73.55,73.69,73.5,73.53,48381.35,48381.35,3560633.1953,1
2026-08-04T00:30:00+08:00,1785774600000,73.54,73.54,73.19,73.28,77627.74,77627.74,5693597.4342,1
2026-08-04T00:45:00+08:00,1785775500000,73.28,73.49,73.28,73.39,42495.92,42495.92,3117780.0252,1
2026-08-04T01:00:00+08:00,1785776400000,73.39,73.64,73.28,73.58,46466.48,46466.48,3413838.8013,1
2026-08-04T01:15:00+08:00,1785777300000,73.59,73.83,73.5,73.59,94018.57,94018.57,6925686.4887,1
2026-08-04T01:30:00+08:00,1785778200000,73.6,73.76,73.54,73.68,31277.71,31277.71,2304317.9911,1
2026-08-04T01:45:00+08:00,1785779100000,73.69,73.76,73.58,73.66,30065.14,30065.14,2214024.4209,1
2026-08-04T02:00:00+08:00,1785780000000,73.66,74.09,73.65,74.03,136031.29,136031.29,10054813.8204,1
2026-08-04T02:15:00+08:00,1785780900000,74.03,74.26,73.92,73.95,111851.36,111851.36,8288609.6668,1
2026-08-04T02:30:00+08:00,1785781800000,73.95,74.05,73.9,73.94,30228.63,30228.63,2235629.3335,1
2026-08-04T02:45:00+08:00,1785782700000,73.94,74.04,73.83,73.93,71201.96,71201.96,5264620.8428,1
2026-08-04T03:00:00+08:00,1785783600000,73.94,74.04,73.91,73.98,46770.08,46770.08,3460029.9187,1
2026-08-04T03:15:00+08:00,1785784500000,73.97,74.1,73.95,74.04,30761.12,30761.12,2277325.048,1
2026-08-04T03:30:00+08:00,1785785400000,74.04,74.14,73.93,74.01,33234.81,33234.81,2460531.1941,1
2026-08-04T03:45:00+08:00,1785786300000,74,74.09,73.95,73.98,32684.78,32684.78,2419037.6405,1
2026-08-04T04:00:00+08:00,1785787200000,73.97,74.02,73.87,73.97,31916.56,31916.56,2360126.6104,1
2026-08-04T04:15:00+08:00,1785788100000,73.97,74.11,73.95,73.98,10718.46,10718.46,793529.3107,1
2026-08-04T04:30:00+08:00,1785789000000,73.98,73.99,73.91,73.95,15639.15,15639.15,1156366.9875,1
2026-08-04T04:45:00+08:00,1785789900000,73.95,73.96,73.73,73.82,45327.92,45327.92,3346217.074,1
2026-08-04T05:00:00+08:00,1785790800000,73.82,73.84,73.69,73.74,23381.37,23381.37,1724501.4317,1
2026-08-04T05:15:00+08:00,1785791700000,73.75,73.8,73.68,73.75,17188.3,17188.3,1267350.6365,1
2026-08-04T05:30:00+08:00,1785792600000,73.75,73.79,73.72,73.76,23720.96,23720.96,1749338.2538,1
2026-08-04T05:45:00+08:00,1785793500000,73.76,73.76,73.62,73.68,16288,16288,1200135.2917,1
2026-08-04T06:00:00+08:00,1785794400000,73.68,73.69,73.33,73.51,89546.61,89546.61,6577722.4701,1
2026-08-04T06:15:00+08:00,1785795300000,73.51,73.68,73.5,73.52,35081.54,35081.54,2581207.6563,1
2026-08-04T06:30:00+08:00,1785796200000,73.52,73.53,73.37,73.39,21968.71,21968.71,1613883.6486,1
2026-08-04T06:45:00+08:00,1785797100000,73.4,73.52,73.36,73.51,16459.39,16459.39,1208671.0479,1
2026-08-04T07:00:00+08:00,1785798000000,73.5,73.51,73.35,73.38,17400.94,17400.94,1277435.0526,1
2026-08-04T07:15:00+08:00,1785798900000,73.38,73.48,73.37,73.47,17923.67,17923.67,1316129.0225,1
2026-08-04T07:30:00+08:00,1785799800000,73.47,73.48,73.37,73.46,19702.28,19702.28,1446419.5669,1
2026-08-04T07:45:00+08:00,1785800700000,73.46,73.53,73.44,73.52,12269.6,12269.6,901704.0711,1
2026-08-04T08:00:00+08:00,1785801600000,73.53,73.6,73.42,73.5,49774.68,49774.68,3659438.1383,1
2026-08-04T08:15:00+08:00,1785802500000,73.5,73.55,73.38,73.43,49508.77,49508.77,3637279.0421,1
2026-08-04T08:30:00+08:00,1785803400000,73.42,73.42,73.04,73.18,91798.57,91798.57,6716875.8219,1
2026-08-04T08:45:00+08:00,1785804300000,73.18,73.22,72.99,73.04,32417.02,32417.02,2369328.6393,1
2026-08-04T09:00:00+08:00,1785805200000,73.04,73.18,73.02,73.1,30173.5,30173.5,2206068.8466,1
2026-08-04T09:15:00+08:00,1785806100000,73.1,73.23,73.05,73.16,24297.16,24297.16,1776884.8868,1
2026-08-04T09:30:00+08:00,1785807000000,73.16,73.73,73.16,73.66,114477.93,114477.93,8418575.5921,1
2026-08-04T09:45:00+08:00,1785807900000,73.66,73.76,73.56,73.73,75551.11,75551.11,5567080.8869,1
2026-08-04T10:00:00+08:00,1785808800000,73.74,73.83,73.68,73.73,35218.35,35218.35,2597591.6943,1
2026-08-04T10:15:00+08:00,1785809700000,73.73,73.8,73.64,73.73,30084.06,30084.06,2217887.1685,1
2026-08-04T10:30:00+08:00,1785810600000,73.72,74.1,73.71,73.93,98472.86,98472.86,7280115.2523,1
2026-08-04T10:45:00+08:00,1785811500000,73.93,73.96,73.81,73.83,36913.19,36913.19,2726868.9675,1
2026-08-04T11:00:00+08:00,1785812400000,73.83,73.87,73.55,73.56,43958.34,43958.34,3239192.4332,1
2026-08-04T11:15:00+08:00,1785813300000,73.56,73.56,73.38,73.52,110344.59,110344.59,8107419.3486,1
2026-08-04T11:30:00+08:00,1785814200000,73.52,73.72,73.52,73.7,46442.32,46442.32,3420353.3922,1
2026-08-04T11:45:00+08:00,1785815100000,73.7,73.76,73.64,73.65,31688,31688,2334945.0825,1
2026-08-04T12:00:00+08:00,1785816000000,73.65,73.68,73.55,73.61,23689.36,23689.36,1744092.5712,1
2026-08-04T12:15:00+08:00,1785816900000,73.62,73.77,73.61,73.68,29297.05,29297.05,2159392.2334,1
2026-08-04T12:30:00+08:00,1785817800000,73.68,73.9,73.66,73.88,22231.98,22231.98,1640565.5599,1
2026-08-04T12:45:00+08:00,1785818700000,73.89,74.07,73.77,73.79,119254.83,119254.83,8813634.2047,1
2026-08-04T13:00:00+08:00,1785819600000,73.79,73.85,73.67,73.67,34177.92,34177.92,2520986.0667,1
2026-08-04T13:15:00+08:00,1785820500000,73.67,73.79,73.65,73.7,26552.56,26552.56,1957425.5689,1
2026-08-04T13:30:00+08:00,1785821400000,73.7,73.77,73.69,73.76,29519.64,29519.64,2176790.5284,1
2026-08-04T13:45:00+08:00,1785822300000,73.76,73.76,73.7,73.71,14828.53,14828.53,1093160.7782,1
2026-08-04T14:00:00+08:00,1785823200000,73.71,73.81,73.65,73.77,32127.46,32127.46,2368950.8983,1
2026-08-04T14:15:00+08:00,1785824100000,73.76,73.88,73.64,73.64,35929.44,35929.44,2650161.5942,1
2026-08-04T14:30:00+08:00,1785825000000,73.65,73.67,73.37,73.39,65257.2,65257.2,4797041.6295,1
2026-08-04T14:45:00+08:00,1785825900000,73.4,73.44,73.36,73.4,31239.85,31239.85,2292720.7956,1
2026-08-04T15:00:00+08:00,1785826800000,73.4,73.45,73.32,73.36,32665.53,32665.53,2397233.5607,1
2026-08-04T15:15:00+08:00,1785827700000,73.35,73.38,73.16,73.37,110797.17,110797.17,8117985.1055,1
2026-08-04T15:30:00+08:00,1785828600000,73.37,73.61,73.37,73.52,61938.81,61938.81,4553816.6818,1
2026-08-04T15:45:00+08:00,1785829500000,73.51,73.71,73.51,73.64,29820.41,29820.41,2196314.0398,1
2026-08-04T16:00:00+08:00,1785830400000,73.65,73.73,73.52,73.53,24442.09,24442.09,1799297.3632,1
2026-08-04T16:15:00+08:00,1785831300000,73.52,73.53,73.33,73.41,30847.69,30847.69,2265116.5822,1
2026-08-04T16:30:00+08:00,1785832200000,73.41,73.42,73.25,73.42,29931.78,29931.78,2195506.4379,1
2026-08-04T16:45:00+08:00,1785833100000,73.41,73.41,73.29,73.32,15727.53,15727.53,1153772.7138,1
2026-08-04T17:00:00+08:00,1785834000000,73.32,73.32,73.2,73.21,23386.82,23386.82,1713205.198,1
2026-08-04T17:15:00+08:00,1785834900000,73.21,73.27,73.13,73.22,26517.6,26517.6,1941423.6667,1
2026-08-04T17:30:00+08:00,1785835800000,73.22,73.28,73.16,73.23,16771.43,16771.43,1228154.4508,1
2026-08-04T17:45:00+08:00,1785836700000,73.23,73.27,73.2,73.26,5637.53,5637.53,412872.4585,1
2026-08-04T18:00:00+08:00,1785837600000,73.27,73.29,73.14,73.17,23065.33,23065.33,1688085.4057,1
2026-08-04T18:15:00+08:00,1785838500000,73.18,73.28,73.07,73.08,28239.75,28239.75,2065252.4281,1
2026-08-04T18:30:00+08:00,1785839400000,73.09,73.34,73.07,73.34,25243.87,25243.87,1847290.8449,1
2026-08-04T18:45:00+08:00,1785840300000,73.33,73.67,73.29,73.57,113081.33,113081.33,8313795.3089,1
2026-08-04T19:00:00+08:00,1785841200000,73.57,73.64,73.5,73.57,37948.67,37948.67,2791868.7473,1
2026-08-04T19:15:00+08:00,1785842100000,73.56,73.72,73.5,73.7,50460.63,50460.63,3713936.4252,1
2026-08-04T19:30:00+08:00,1785843000000,73.69,73.83,73.63,73.8,53455.34,53455.34,3940421.9012,1
2026-08-04T19:45:00+08:00,1785843900000,73.79,74,73.75,73.9,117885.54,117885.54,8712284.0128,1
2026-08-04T20:00:00+08:00,1785844800000,73.9,73.91,73.75,73.76,60651.43,60651.43,4476374.0412,1
2026-08-04T20:15:00+08:00,1785845700000,73.75,73.89,73.71,73.87,31991.66,31991.66,2361236.3354,1
2026-08-04T20:30:00+08:00,1785846600000,73.88,74.06,73.81,73.93,89149.41,89149.41,6592198.9296,1
2026-08-04T20:45:00+08:00,1785847500000,73.94,73.94,73.77,73.78,28295.18,28295.18,2089027.1421,1
2026-08-04T21:00:00+08:00,1785848400000,73.78,73.87,73.67,73.8,53590.21,53590.21,3953266.5144,1
2026-08-04T21:15:00+08:00,1785849300000,73.8,73.93,73.69,73.82,92344.24,92344.24,6816139.6197,1
2026-08-04T21:30:00+08:00,1785850200000,73.82,74.02,73.74,73.92,83998.65,83998.65,6210673.6413,1
2026-08-04T21:45:00+08:00,1785851100000,73.92,73.93,73.54,73.6,122632.75,122632.75,9037278.33,1
2026-08-04T22:00:00+08:00,1785852000000,73.6,73.8,73.37,73.6,118612.05,118612.05,8725249.3425,1
2026-08-04T22:15:00+08:00,1785852900000,73.59,73.62,73.27,73.5,140204.05,140204.05,10290389.9889,1
2026-08-04T22:30:00+08:00,1785853800000,73.51,73.9,73.47,73.83,122010,122010,8987533.5102,1
2026-08-04T22:45:00+08:00,1785854700000,73.83,73.86,73.67,73.78,86638.85,86638.85,6391765.6926,1
2026-08-04T23:00:00+08:00,1785855600000,73.79,73.98,73.68,73.82,83286.9,83286.9,6149387.8522,1
2026-08-04T23:15:00+08:00,1785856500000,73.82,73.84,73.54,73.58,70340.54,70340.54,5184285.1527,1
2026-08-04T23:30:00+08:00,1785857400000,73.59,73.89,73.37,73.89,93486.81,93486.81,6876780.4558,1
2026-08-04T23:45:00+08:00,1785858300000,73.88,74.17,73.84,73.95,199164.25,199164.25,14740758.4373,1
2026-08-05T00:00:00+08:00,1785859200000,73.95,73.97,73.77,73.85,59534.06,59534.06,4397842.0104,1
2026-08-05T00:15:00+08:00,1785860100000,73.85,73.97,73.79,73.8,29429.49,29429.49,2174634.8854,1
2026-08-05T00:30:00+08:00,1785861000000,73.8,73.88,73.61,73.7,31288.24,31288.24,2306678.0766,1
2026-08-05T00:45:00+08:00,1785861900000,73.7,73.75,73.56,73.68,45011.21,45011.21,3315385.9648,1
2026-08-05T01:00:00+08:00,1785862800000,73.69,74.2,73.68,74.01,103067.23,103067.23,7627748.8895,1
2026-08-05T01:15:00+08:00,1785863700000,74.02,74.09,73.89,74.07,46921.98,46921.98,3470960.4196,1
2026-08-05T01:30:00+08:00,1785864600000,74.08,74.11,73.99,74.03,32683.52,32683.52,2420389.8233,1
2026-08-05T01:45:00+08:00,1785865500000,74.03,74.06,73.7,73.74,56618.92,56618.92,4179730.8396,1
2026-08-05T02:00:00+08:00,1785866400000,73.74,74.1,73.73,74.09,32231,32231,2384199.26,1
2026-08-05T02:15:00+08:00,1785867300000,74.1,74.37,74.07,74.26,104053.44,104053.44,7725711.6553,1
2026-08-05T02:30:00+08:00,1785868200000,74.26,74.3,74,74.13,41025.76,41025.76,3041887.061,1
2026-08-05T02:45:00+08:00,1785869100000,74.13,74.2,74.08,74.13,16371.12,16371.12,1213634.4891,1
2026-08-05T03:00:00+08:00,1785870000000,74.13,74.33,74.08,74.32,36762.35,36762.35,2728250.3352,1
2026-08-05T03:15:00+08:00,1785870900000,74.31,74.36,74.11,74.12,27601.77,27601.77,2048083.478,1
2026-08-05T03:30:00+08:00,1785871800000,74.13,74.33,74.1,74.22,32452.87,32452.87,2408265.8419,1
2026-08-05T03:45:00+08:00,1785872700000,74.22,74.25,74.09,74.15,44092.05,44092.05,3270513.8164,1
2026-08-05T04:00:00+08:00,1785873600000,74.16,74.2,74.03,74.2,76796.91,76796.91,5691597.3812,1
2026-08-05T04:15:00+08:00,1785874500000,74.19,74.19,73.84,74.05,68483.85,68483.85,5066801.1468,1
2026-08-05T04:30:00+08:00,1785875400000,74.06,74.43,74.04,74.37,59082.55,59082.55,4389908.85,1
2026-08-05T04:45:00+08:00,1785876300000,74.37,74.37,74.15,74.23,50204.98,50204.98,3728250.4914,1
2026-08-05T05:00:00+08:00,1785877200000,74.23,74.24,73.99,74,42810.21,42810.21,3173535.6117,1
2026-08-05T05:15:00+08:00,1785878100000,74.01,74.14,73.97,74.03,38420.99,38420.99,2845679.5999,1
2026-08-05T05:30:00+08:00,1785879000000,74.02,74.11,73.99,74.07,34576.95,34576.95,2560267.275,1
2026-08-05T05:45:00+08:00,1785879900000,74.06,74.11,74.01,74.09,28202.37,28202.37,2088586.7334,1
2026-08-05T06:00:00+08:00,1785880800000,74.1,74.12,73.94,74.09,26108.08,26108.08,1932775.8864,1
2026-08-05T06:15:00+08:00,1785881700000,74.1,74.15,74.03,74.13,9841.53,9841.53,729102.9471,1
2026-08-05T06:30:00+08:00,1785882600000,74.12,74.18,74.01,74.03,13979.33,13979.33,1035886.0297,1
2026-08-05T06:45:00+08:00,1785883500000,74.02,74.06,73.96,74.06,11825.01,11825.01,875144.2049,1
2026-08-05T07:00:00+08:00,1785884400000,74.06,74.23,73.92,74.19,58920.86,58920.86,4367265.7407,1
2026-08-05T07:15:00+08:00,1785885300000,74.19,74.26,73.85,73.86,53990.51,53990.51,3995949.5178,1
2026-08-05T07:30:00+08:00,1785886200000,73.86,73.9,73.74,73.83,68046.58,68046.58,5022449.0908,1
2026-08-05T07:45:00+08:00,1785887100000,73.83,73.85,73.69,73.71,30308.93,30308.93,2235683.7392,1
2026-08-05T08:00:00+08:00,1785888000000,73.71,73.76,73.57,73.62,103739.2,103739.2,7639101.7934,1
2026-08-05T08:15:00+08:00,1785888900000,73.62,73.65,73.52,73.62,42630.73,42630.73,3136727.7137,1
2026-08-05T08:30:00+08:00,1785889800000,73.62,73.77,73.47,73.54,53695.65,53695.65,3953155.3833,1
2026-08-05T08:45:00+08:00,1785890700000,73.54,73.58,73.43,73.47,30669.49,30669.49,2253992.5139,1
2026-08-05T09:00:00+08:00,1785891600000,73.48,73.56,73.35,73.53,75387.61,75387.61,5536788.3277,1
2026-08-05T09:15:00+08:00,1785892500000,73.52,73.69,73.46,73.69,57794.68,57794.68,4254630.1546,1
2026-08-05T09:30:00+08:00,1785893400000,73.68,74.05,73.68,73.86,84044.7,84044.7,6206751.8132,1
2026-08-05T09:45:00+08:00,1785894300000,73.85,74.06,73.84,74.06,63848.16,63848.16,4723230.8516,1
2026-08-05T10:00:00+08:00,1785895200000,74.07,74.36,74.04,74.19,120407.21,120407.21,8931721.9229,1
2026-08-05T10:15:00+08:00,1785896100000,74.19,74.21,74.02,74.16,78599.16,78599.16,5825113.3688,1
2026-08-05T10:30:00+08:00,1785897000000,74.15,74.35,74.14,74.35,61510.66,61510.66,4567589.1486,1
2026-08-05T10:45:00+08:00,1785897900000,74.35,74.44,74.12,74.17,68378.42,68378.42,5079967.0375,1
2026-08-05T11:00:00+08:00,1785898800000,74.16,74.26,74.02,74.03,63353.87,63353.87,4694791.563,1
2026-08-05T11:15:00+08:00,1785899700000,74.02,74.03,73.69,73.71,181959.62,181959.62,13431048.1493,1
2026-08-05T11:30:00+08:00,1785900600000,73.71,73.81,73.67,73.77,58002.7,58002.7,4278268.4536,1
2026-08-05T11:45:00+08:00,1785901500000,73.77,73.78,73.73,73.75,15888.72,15888.72,1171922.4956,1
2026-08-05T12:00:00+08:00,1785902400000,73.74,73.78,73.64,73.65,25055.95,25055.95,1846546.5939,1
2026-08-05T12:15:00+08:00,1785903300000,73.66,73.7,73.59,73.65,33880.39,33880.39,2494407.4975,1
2026-08-05T12:30:00+08:00,1785904200000,73.65,73.82,73.65,73.74,51924.61,51924.61,3829513.4585,1
2026-08-05T12:45:00+08:00,1785905100000,73.73,73.8,73.7,73.76,20414.88,20414.88,1505733.6386,1
2026-08-05T13:00:00+08:00,1785906000000,73.76,74.06,73.71,73.92,85010.28,85010.28,6283055.0365,1
2026-08-05T13:15:00+08:00,1785906900000,73.93,74.26,73.9,74.12,73554.74,73554.74,5450391.4557,1
2026-08-05T13:30:00+08:00,1785907800000,74.12,74.12,74.01,74.12,59481.63,59481.63,4405996.3244,1
2026-08-05T13:45:00+08:00,1785908700000,74.12,74.17,74.06,74.11,29050.76,29050.76,2153162.8135,1
2026-08-05T14:00:00+08:00,1785909600000,74.11,74.11,74,74.05,16780.58,16780.58,1242405.1471,1
2026-08-05T14:15:00+08:00,1785910500000,74.05,74.1,74.01,74.09,16745.71,16745.71,1240184.0832,1
2026-08-05T14:30:00+08:00,1785911400000,74.08,74.21,74.08,74.08,29799.02,29799.02,2209371.592,1
2026-08-05T14:45:00+08:00,1785912300000,74.08,74.09,73.94,73.96,38518.33,38518.33,2851105.1032,1
2026-08-05T15:00:00+08:00,1785913200000,73.97,74,73.81,73.87,33273.78,33273.78,2458513.1908,1
2026-08-05T15:15:00+08:00,1785914100000,73.87,73.87,73.65,73.68,78175.1,78175.1,5763521.2947,1
2026-08-05T15:30:00+08:00,1785915000000,73.69,73.74,73.66,73.66,53882.76,53882.76,3971748.3628,1
2026-08-05T15:45:00+08:00,1785915900000,73.66,73.95,73.66,73.94,36207.24,36207.24,2671831.9379,1
2026-08-05T16:00:00+08:00,1785916800000,73.94,74.08,73.94,73.98,75754.63,75754.63,5607485.1218,1
2026-08-05T16:15:00+08:00,1785917700000,73.99,74.13,73.92,74.11,39474.47,39474.47,2922363.9209,1
2026-08-05T16:30:00+08:00,1785918600000,74.11,74.12,73.97,74.02,64542.6,64542.6,4778430.1445,1
2026-08-05T16:45:00+08:00,1785919500000,74.01,74.1,73.95,74.03,24614.64,24614.64,1822230.2846,1
2026-08-05T17:00:00+08:00,1785920400000,74.04,74.07,73.97,74.06,15024.05,15024.05,1112416.4993,1
2026-08-05T17:15:00+08:00,1785921300000,74.06,74.16,74.05,74.11,41462.51,41462.51,3073432.6948,1
2026-08-05T17:30:00+08:00,1785922200000,74.11,74.16,74.08,74.09,18236.71,18236.71,1351850.3914,1
2026-08-05T17:45:00+08:00,1785923100000,74.09,74.1,73.96,73.98,24821.73,24821.73,1837872.4346,1
2026-08-05T18:00:00+08:00,1785924000000,73.98,74.03,73.89,73.95,41700.82,41700.82,3084611.2123,1
2026-08-05T18:15:00+08:00,1785924900000,73.95,74.07,73.87,74.02,22513.73,22513.73,1664950.811,1
2026-08-05T18:30:00+08:00,1785925800000,74.03,74.1,73.97,74,14871.07,14871.07,1100673.2698,1
2026-08-05T18:45:00+08:00,1785926700000,74,74.03,73.75,73.82,53755.11,53755.11,3968983.2199,1
2026-08-05T19:00:00+08:00,1785927600000,73.82,73.97,73.8,73.9,31948.7,31948.7,2360694.9197,1
2026-08-05T19:15:00+08:00,1785928500000,73.9,73.91,73.76,73.77,40521.29,40521.29,2991343.3885,1
2026-08-05T19:30:00+08:00,1785929400000,73.76,73.86,73.7,73.75,22454.79,22454.79,1656368.4378,1
2026-08-05T19:45:00+08:00,1785930300000,73.75,73.76,73.7,73.75,28052.2,28052.2,2068441.0802,1
2026-08-05T20:00:00+08:00,1785931200000,73.75,73.94,73.68,73.84,48956.67,48956.67,3612583.0503,1
2026-08-05T20:15:00+08:00,1785932100000,73.84,74.36,73.81,74.25,198896.78,198896.78,14740076.4506,1
2026-08-05T20:30:00+08:00,1785933000000,74.24,74.29,74.06,74.11,61842.11,61842.11,4585320.0811,1
2026-08-05T20:45:00+08:00,1785933900000,74.1,74.12,73.95,74.02,51390.01,51390.01,3805118.3769,1
2026-08-05T21:00:00+08:00,1785934800000,74.03,74.06,73.68,73.83,102852.02,102852.02,7593125.4963,1
2026-08-05T21:15:00+08:00,1785935700000,73.83,73.87,73.69,73.74,82075.19,82075.19,6057614.4097,1
2026-08-05T21:30:00+08:00,1785936600000,73.73,73.81,73.2,73.65,435066.04,435066.04,31987486.0441,1
2026-08-05T21:45:00+08:00,1785937500000,73.65,73.94,73.48,73.93,163506.6,163506.6,12048100.1975,1
2026-08-05T22:00:00+08:00,1785938400000,73.93,74.11,73.75,73.98,150919.06,150919.06,11163114.6676,1
2026-08-05T22:15:00+08:00,1785939300000,73.99,74.09,73.72,73.78,88113.62,88113.62,6511460.7526,1
2026-08-05T22:30:00+08:00,1785940200000,73.77,73.86,73.57,73.77,93277.58,93277.58,6873721.7635,1
2026-08-05T22:45:00+08:00,1785941100000,73.77,74.02,73.65,73.92,72891.6,72891.6,5379640.2071,1
2026-08-05T23:00:00+08:00,1785942000000,73.92,74.19,73.85,74.01,125775.41,125775.41,9317531.1554,1
2026-08-05T23:15:00+08:00,1785942900000,74.01,74.04,73.8,73.99,82012.83,82012.83,6061116.6789,1
2026-08-05T23:30:00+08:00,1785943800000,73.99,74.26,73.99,74.13,132194.07,132194.07,9802345.8717,1
2026-08-05T23:45:00+08:00,1785944700000,74.13,74.15,73.89,73.9,62426.33,62426.33,4620332.4323,1
2026-08-06T00:00:00+08:00,1785945600000,73.89,74.15,73.89,74.15,49252.04,49252.04,3644907.4379,1
2026-08-06T00:15:00+08:00,1785946500000,74.16,74.4,74.09,74.37,113534.06,113534.06,8431354.2977,1
2026-08-06T00:30:00+08:00,1785947400000,74.36,74.4,74.22,74.31,131424.6,131424.6,9770724.1638,1
2026-08-06T00:45:00+08:00,1785948300000,74.3,74.3,74.14,74.24,60298.49,60298.49,4474522.2183,1
2026-08-06T01:00:00+08:00,1785949200000,74.24,74.38,74.13,74.17,40225.83,40225.83,2987241.0088,1
2026-08-06T01:15:00+08:00,1785950100000,74.16,74.21,74.08,74.16,31156.76,31156.76,2309640.4843,1
2026-08-06T01:30:00+08:00,1785951000000,74.16,74.63,74.11,74.49,144317.04,144317.04,10749306.3178,1
2026-08-06T01:45:00+08:00,1785951900000,74.5,74.59,74.46,74.51,49266.46,49266.46,3671274.9815,1
2026-08-06T02:00:00+08:00,1785952800000,74.52,74.59,74.39,74.56,90627.94,90627.94,6752129.5017,1
2026-08-06T02:15:00+08:00,1785953700000,74.56,74.8,74.45,74.49,110432.24,110432.24,8239968.8243,1
2026-08-06T02:30:00+08:00,1785954600000,74.48,74.65,74.41,74.62,43764.5,43764.5,3262837.4214,1
2026-08-06T02:45:00+08:00,1785955500000,74.63,74.65,74.44,74.49,39349.22,39349.22,2931367.3863,1
2026-08-06T03:00:00+08:00,1785956400000,74.49,74.6,74.45,74.51,38328.6,38328.6,2856270.9535,1
2026-08-06T03:15:00+08:00,1785957300000,74.5,74.51,74.4,74.43,20951.74,20951.74,1559669.6464,1
2026-08-06T03:30:00+08:00,1785958200000,74.43,74.49,74.4,74.44,32382.63,32382.63,2410656.4973,1
2026-08-06T03:45:00+08:00,1785959100000,74.44,74.55,74.38,74.43,54195.74,54195.74,4034960.8202,1
2026-08-06T04:00:00+08:00,1785960000000,74.44,74.51,74.26,74.5,87429.4,87429.4,6501919.6178,1
2026-08-06T04:15:00+08:00,1785960900000,74.51,74.55,74.35,74.39,51149.39,51149.39,3808090.3138,1
2026-08-06T04:30:00+08:00,1785961800000,74.39,74.49,74.33,74.49,15495.46,15495.46,1152454.0022,1
2026-08-06T04:45:00+08:00,1785962700000,74.49,74.5,74.33,74.34,14063.06,14063.06,1046320.2195,1
2026-08-06T05:00:00+08:00,1785963600000,74.35,74.36,74.13,74.28,63756.9,63756.9,4731941.2179,1
2026-08-06T05:15:00+08:00,1785964500000,74.28,74.28,74.04,74.09,38143.14,38143.14,2827023.6281,1
2026-08-06T05:30:00+08:00,1785965400000,74.1,74.17,74.03,74.1,36821.59,36821.59,2728691.7867,1
2026-08-06T05:45:00+08:00,1785966300000,74.1,74.18,74.08,74.08,14554.03,14554.03,1078799.2401,1
2026-08-06T06:00:00+08:00,1785967200000,74.09,74.17,73.98,74.06,34983.27,34983.27,2590772.9439,1
2026-08-06T06:15:00+08:00,1785968100000,74.05,74.16,73.96,74.02,25757.59,25757.59,1907333.5158,1
2026-08-06T06:30:00+08:00,1785969000000,74.02,74.05,73.97,74,16331.26,16331.26,1208602.8476,1
2026-08-06T06:45:00+08:00,1785969900000,74.01,74.09,73.97,73.97,18458.25,18458.25,1366385.5703,1
2026-08-06T07:00:00+08:00,1785970800000,73.97,73.98,73.8,73.91,54191.9,54191.9,4003202.8984,1
2026-08-06T07:15:00+08:00,1785971700000,73.9,74.02,73.87,73.99,39751.18,39751.18,2938964.4324,1
2026-08-06T07:30:00+08:00,1785972600000,73.99,74.07,73.98,74.02,17673.67,17673.67,1308523.6403,1
2026-08-06T07:45:00+08:00,1785973500000,74.02,74.04,73.93,73.99,20471.46,20471.46,1514479.8018,1
2026-08-06T08:00:00+08:00,1785974400000,74,74.13,74,74.06,62377.2,62377.2,4618998.5088,1
2026-08-06T08:15:00+08:00,1785975300000,74.06,74.23,74.03,74.15,36886.08,36886.08,2735334.3522,1
2026-08-06T08:30:00+08:00,1785976200000,74.15,74.18,74.05,74.05,22611.15,22611.15,1675845.5304,1
2026-08-06T08:45:00+08:00,1785977100000,74.06,74.1,74,74.02,27794.36,27794.36,2057938.6562,1
2026-08-06T09:00:00+08:00,1785978000000,74.02,74.07,73.95,74.02,24587.43,24587.43,1819706.9152,1
2026-08-06T09:15:00+08:00,1785978900000,74.01,74.03,73.71,73.74,124025.75,124025.75,9153318.5196,1
2026-08-06T09:30:00+08:00,1785979800000,73.73,73.85,73.68,73.74,51474.98,51474.98,3796968.8193,1
2026-08-06T09:45:00+08:00,1785980700000,73.74,73.9,73.7,73.71,28058.51,28058.51,2071281.534,1
2026-08-06T10:00:00+08:00,1785981600000,73.7,73.74,73.55,73.56,94508.97,94508.97,6961372.4755,1
2026-08-06T10:15:00+08:00,1785982500000,73.56,73.6,73.36,73.39,145277.95,145277.95,10670973.3459,1
2026-08-06T10:30:00+08:00,1785983400000,73.39,73.57,73.33,73.56,88475.88,88475.88,6497516.2754,1
2026-08-06T10:45:00+08:00,1785984300000,73.57,73.57,73.45,73.5,51674.89,51674.89,3799016.7883,1
2026-08-06T11:00:00+08:00,1785985200000,73.49,73.52,73.39,73.52,53318.09,53318.09,3916934.454,1
2026-08-06T11:15:00+08:00,1785986100000,73.52,73.52,73.43,73.5,34424.2,34424.2,2529233.4228,1
2026-08-06T11:30:00+08:00,1785987000000,73.51,73.55,73.42,73.43,37658.9,37658.9,2767999.4937,1
2026-08-06T11:45:00+08:00,1785987900000,73.42,73.54,73.4,73.45,53835.24,53835.24,3955449.47,1
2026-08-06T12:00:00+08:00,1785988800000,73.45,73.56,73.34,73.55,54716.29,54716.29,4017803.3328,1
2026-08-06T12:15:00+08:00,1785989700000,73.55,73.78,73.54,73.75,125180.23,125180.23,9219227.9235,1
2026-08-06T12:30:00+08:00,1785990600000,73.75,73.84,73.68,73.69,46476.08,46476.08,3428340.5457,1
2026-08-06T12:45:00+08:00,1785991500000,73.7,73.82,73.64,73.81,25587.37,25587.37,1886438.3281,1
2026-08-06T13:00:00+08:00,1785992400000,73.82,74.29,73.81,74.17,169875,169875,12584970.0735,1
2026-08-06T13:15:00+08:00,1785993300000,74.18,74.3,74.07,74.1,117336.83,117336.83,8704670.4038,1
2026-08-06T13:30:00+08:00,1785994200000,74.1,74.15,74.03,74.13,48464.15,48464.15,3590995.2032,1
2026-08-06T13:45:00+08:00,1785995100000,74.13,74.19,74.09,74.19,29947.17,29947.17,2220057.5608,1
2026-08-06T14:00:00+08:00,1785996000000,74.19,74.2,73.96,73.98,66881.96,66881.96,4954221.999,1
2026-08-06T14:15:00+08:00,1785996900000,73.98,74.1,73.9,74.02,49628.8,49628.8,3671479.0098,1
2026-08-06T14:30:00+08:00,1785997800000,74.03,74.07,73.98,74.07,17822.23,17822.23,1319167.9512,1
2026-08-06T14:45:00+08:00,1785998700000,74.07,74.07,73.97,74.01,13782.28,13782.28,1020062.286,1
2026-08-06T15:00:00+08:00,1785999600000,74,74.05,73.94,74.05,20449.81,20449.81,1512943.0022,1
2026-08-06T15:15:00+08:00,1786000500000,74.04,74.09,73.97,74.03,23881.59,23881.59,1768055.3555,1
2026-08-06T15:30:00+08:00,1786001400000,74.03,74.04,73.86,73.87,22992.11,22992.11,1699929.1508,1
2026-08-06T15:45:00+08:00,1786002300000,73.88,73.91,73.83,73.84,20718.06,20718.06,1530324.4425,1
2026-08-06T16:00:00+08:00,1786003200000,73.84,73.87,73.71,73.74,46218.68,46218.68,3410134.6375,1
2026-08-06T16:15:00+08:00,1786004100000,73.74,73.79,73.67,73.77,68644.58,68644.58,5060244.1668,1
2026-08-06T16:30:00+08:00,1786005000000,73.77,73.89,73.73,73.84,40453.46,40453.46,2985288.095,1
2026-08-06T16:45:00+08:00,1786005900000,73.83,74.07,73.83,73.95,47058.8,47058.8,3480856.2566,1
2026-08-06T17:00:00+08:00,1786006800000,73.95,73.96,73.56,73.58,90864.34,90864.34,6702501.8689,1
2026-08-06T17:15:00+08:00,1786007700000,73.57,73.65,73.46,73.49,145616.98,145616.98,10709027.2891,1
2026-08-06T17:30:00+08:00,1786008600000,73.49,73.49,73.26,73.32,171977.42,171977.42,12618227.6182,1
2026-08-06T17:45:00+08:00,1786009500000,73.32,73.32,73.15,73.27,134527.05,134527.05,9853981.5963,1
2026-08-06T18:00:00+08:00,1786010400000,73.27,73.3,73.12,73.15,121516.37,121516.37,8893767.1706,1
2026-08-06T18:15:00+08:00,1786011300000,73.15,73.38,73.14,73.35,93551.46,93551.46,6858345.3994,1
2026-08-06T18:30:00+08:00,1786012200000,73.36,73.4,73.28,73.29,43054.3,43054.3,3157853.1831,1
2026-08-06T18:45:00+08:00,1786013100000,73.29,73.32,73.19,73.28,41021.87,41021.87,3004392.6213,1
2026-08-06T19:00:00+08:00,1786014000000,73.28,73.36,73.14,73.34,77105.73,77105.73,5646716.8269,1
2026-08-06T19:15:00+08:00,1786014900000,73.34,73.44,73.33,73.35,37934.9,37934.9,2784653.6508,1
2026-08-06T19:30:00+08:00,1786015800000,73.35,73.53,73.35,73.49,38585.8,38585.8,2834942.8834,1
2026-08-06T19:45:00+08:00,1786016700000,73.5,73.5,73.4,73.41,42272.83,42272.83,3104018.3439,1
2026-08-06T20:00:00+08:00,1786017600000,73.41,73.43,73.24,73.24,53662.33,53662.33,3936420.5614,1
2026-08-06T20:15:00+08:00,1786018500000,73.23,73.37,73.19,73.35,37955.63,37955.63,2781820.5872,1
2026-08-06T20:30:00+08:00,1786019400000,73.36,73.4,73.26,73.31,31666.66,31666.66,2322103.4287,1
2026-08-06T20:45:00+08:00,1786020300000,73.31,73.32,73.08,73.1,42908.16,42908.16,3140525.8729,1
2026-08-06T21:00:00+08:00,1786021200000,73.1,73.16,72.82,72.93,209840.18,209840.18,15306145.6606,1
2026-08-06T21:15:00+08:00,1786022100000,72.93,72.95,72.81,72.92,87582.04,87582.04,6383087.6234,1
2026-08-06T21:30:00+08:00,1786023000000,72.92,73.25,72.8,73.21,143531.8,143531.8,10479501.4703,1
2026-08-06T21:45:00+08:00,1786023900000,73.2,73.28,73.13,73.2,79058.93,79058.93,5788659.4864,1
2026-08-06T22:00:00+08:00,1786024800000,73.19,73.27,73.11,73.18,54592.8,54592.8,3995272.4217,1
2026-08-06T22:15:00+08:00,1786025700000,73.17,73.34,73.13,73.13,67024.71,67024.71,4907205.9357,1
2026-08-06T22:30:00+08:00,1786026600000,73.14,73.54,73.05,73.49,110678.61,110678.61,8114667.7577,1
2026-08-06T22:45:00+08:00,1786027500000,73.48,73.53,73.3,73.43,69736.1,69736.1,5119493.3146,1
2026-08-06T23:00:00+08:00,1786028400000,73.42,73.59,73.39,73.46,59868.63,59868.63,4400992.093,1
2026-08-06T23:15:00+08:00,1786029300000,73.46,73.52,73.3,73.49,48061.34,48061.34,3528542.9127,1
2026-08-06T23:30:00+08:00,1786030200000,73.48,73.6,73.35,73.36,36824.19,36824.19,2705528.2048,1
2026-08-06T23:45:00+08:00,1786031100000,73.35,73.51,73.25,73.26,53315.67,53315.67,3911429.4589,1
2026-08-07T00:00:00+08:00,1786032000000,73.27,73.35,73.05,73.1,68167.71,68167.71,4990161.1766,1
2026-08-07T00:15:00+08:00,1786032900000,73.11,73.27,73.08,73.27,34529.76,34529.76,2527010.6313,1
2026-08-07T00:30:00+08:00,1786033800000,73.26,73.45,73.21,73.36,24887.99,24887.99,1824927.5092,1
2026-08-07T00:45:00+08:00,1786034700000,73.37,73.43,73.3,73.41,36123.5,36123.5,2650720.1622,1
2026-08-07T01:00:00+08:00,1786035600000,73.4,73.51,73.39,73.39,16300.98,16300.98,1197263.4,1
2026-08-07T01:15:00+08:00,1786036500000,73.39,73.42,73.29,73.29,18566.8,18566.8,1361983.9136,1
2026-08-07T01:30:00+08:00,1786037400000,73.29,73.34,73.02,73.11,36149.02,36149.02,2643664.4233,1
2026-08-07T01:45:00+08:00,1786038300000,73.11,73.17,73.05,73.14,24030.3,24030.3,1756676.4909,1
2026-08-07T02:00:00+08:00,1786039200000,73.14,73.15,72.91,73.04,43077.76,43077.76,3144544.9589,1
2026-08-07T02:15:00+08:00,1786040100000,73.03,73.19,73,73.07,26135.73,26135.73,1910167.895,1
2026-08-07T02:30:00+08:00,1786041000000,73.07,73.08,72.84,72.85,35686.89,35686.89,2602143.8976,1
2026-08-07T02:45:00+08:00,1786041900000,72.85,72.94,72.66,72.78,94002.54,94002.54,6839473.0706,1
2026-08-07T03:00:00+08:00,1786042800000,72.78,72.82,72.71,72.73,47625.32,47625.32,3465523.5543,1
2026-08-07T03:15:00+08:00,1786043700000,72.73,72.74,72.5,72.57,116529.31,116529.31,8458742.0265,1
2026-08-07T03:30:00+08:00,1786044600000,72.57,72.73,72.54,72.72,25676.13,25676.13,1865344.6002,1
2026-08-07T03:45:00+08:00,1786045500000,72.73,72.9,72.71,72.76,48991.92,48991.92,3567254.2518,1
2026-08-07T04:00:00+08:00,1786046400000,72.75,72.93,72.75,72.91,23242.98,23242.98,1693485.8366,1
2026-08-07T04:15:00+08:00,1786047300000,72.91,72.91,72.79,72.85,38228.72,38228.72,2784622.0064,1
2026-08-07T04:30:00+08:00,1786048200000,72.85,72.95,72.81,72.89,27789.78,27789.78,2025205.0594,1
2026-08-07T04:45:00+08:00,1786049100000,72.89,72.89,72.8,72.81,15937.35,15937.35,1160913.9704,1
2026-08-07T05:00:00+08:00,1786050000000,72.81,72.94,72.74,72.93,35028.5,35028.5,2551349.0845,1
2026-08-07T05:15:00+08:00,1786050900000,72.93,72.95,72.83,72.91,26752.13,26752.13,1950650.2983,1
2026-08-07T05:30:00+08:00,1786051800000,72.91,72.95,72.75,72.9,81291.29,81291.29,5921286.9283,1
2026-08-07T05:45:00+08:00,1786052700000,72.9,72.91,72.81,72.82,9097.94,9097.94,662879.637,1
2026-08-07T06:00:00+08:00,1786053600000,72.82,72.85,72.69,72.78,24523.49,24523.49,1784503.1356,1
2026-08-07T06:15:00+08:00,1786054500000,72.79,72.81,72.61,72.66,18292.94,18292.94,1329547.9004,1
2026-08-07T06:30:00+08:00,1786055400000,72.65,72.73,72.63,72.67,17317.61,17317.61,1258690.2568,1
2026-08-07T06:45:00+08:00,1786056300000,72.67,72.69,72.63,72.64,14507.64,14507.64,1054162.4104,1
2026-08-07T07:00:00+08:00,1786057200000,72.64,72.69,72.6,72.62,32681.51,32681.51,2374012.6627,1
2026-08-07T07:15:00+08:00,1786058100000,72.63,72.63,72.27,72.35,129201.58,129201.58,9354665.127,1
2026-08-07T07:30:00+08:00,1786059000000,72.35,72.41,72.29,72.41,50170.34,50170.34,3630666.2418,1
2026-08-07T07:45:00+08:00,1786059900000,72.41,72.67,72.36,72.64,50456.42,50456.42,3659549.3066,1
2026-08-07T08:00:00+08:00,1786060800000,72.64,72.77,72.57,72.58,65346.43,65346.43,4749256.0557,1
2026-08-07T08:15:00+08:00,1786061700000,72.59,72.65,72.53,72.6,28273.64,28273.64,2052430.7355,1
2026-08-07T08:30:00+08:00,1786062600000,72.61,72.7,72.51,72.63,26255.48,26255.48,1906011.6383,1
2026-08-07T08:45:00+08:00,1786063500000,72.64,72.66,72.53,72.62,20111.98,20111.98,1460131.286,1
2026-08-07T09:00:00+08:00,1786064400000,72.61,72.79,72.6,72.62,27433.49,27433.49,1994593.4755,1
2026-08-07T09:15:00+08:00,1786065300000,72.63,72.73,72.58,72.71,24504.89,24504.89,1779991.8432,1
2026-08-07T09:30:00+08:00,1786066200000,72.71,72.83,72.55,72.64,50537.74,50537.74,3673089.3327,1
2026-08-07T09:45:00+08:00,1786067100000,72.63,72.72,72.62,72.7,12020.56,12020.56,873501.0907,1
2026-08-07T10:00:00+08:00,1786068000000,72.7,72.75,72.43,72.73,74731.31,74731.31,5425985.1137,1
2026-08-07T10:15:00+08:00,1786068900000,72.73,72.9,72.55,72.57,65914.45,65914.45,4795019.3151,1
2026-08-07T10:30:00+08:00,1786069800000,72.57,72.69,72.53,72.65,27792.68,27792.68,2017949.6113,1
2026-08-07T10:45:00+08:00,1786070700000,72.64,72.75,72.63,72.66,32359.82,32359.82,2352537.5512,1
2026-08-07T11:00:00+08:00,1786071600000,72.65,72.71,72.57,72.57,25881.99,25881.99,1880003.2886,1
2026-08-07T11:15:00+08:00,1786072500000,72.58,72.72,72.56,72.65,45886.95,45886.95,3332760.0046,1
2026-08-07T11:30:00+08:00,1786073400000,72.64,72.72,72.63,72.66,12855.08,12855.08,934309.2121,1
2026-08-07T11:45:00+08:00,1786074300000,72.67,72.7,72.49,72.58,22446.05,22446.05,1629169.8274,1
2026-08-07T12:00:00+08:00,1786075200000,72.58,72.64,72.46,72.58,24789.17,24789.17,1799188.4361,1
2026-08-07T12:15:00+08:00,1786076100000,72.58,72.76,72.58,72.69,28168.31,28168.31,2047486.819,1
2026-08-07T12:30:00+08:00,1786077000000,72.69,72.75,72.63,72.68,23221.53,23221.53,1688168.8624,1
2026-08-07T12:45:00+08:00,1786077900000,72.68,72.7,72.54,72.64,28766.72,28766.72,2089116.5531,1
2026-08-07T13:00:00+08:00,1786078800000,72.63,72.71,72.61,72.66,23630.9,23630.9,1716999.606,1
2026-08-07T13:15:00+08:00,1786079700000,72.65,72.67,72.5,72.53,45215.57,45215.57,3281842.8374,1
2026-08-07T13:30:00+08:00,1786080600000,72.52,72.67,72.4,72.65,69675.56,69675.56,5052285.1791,1
2026-08-07T13:45:00+08:00,1786081500000,72.65,72.92,72.65,72.82,75335.42,75335.42,5486580.8209,1
2026-08-07T14:00:00+08:00,1786082400000,72.82,72.93,72.78,72.91,48248.24,48248.24,3515197.9392,1
2026-08-07T14:15:00+08:00,1786083300000,72.92,73.03,72.88,72.98,80938.99,80938.99,5904675.4531,1
2026-08-07T14:30:00+08:00,1786084200000,72.98,73,72.86,72.88,29666.31,29666.31,2163301.1168,1
2026-08-07T14:45:00+08:00,1786085100000,72.89,72.92,72.75,72.8,31224.63,31224.63,2273461.8581,1
2026-08-07T15:00:00+08:00,1786086000000,72.79,72.95,72.69,72.93,59254.89,59254.89,4313477.5547,1
2026-08-07T15:15:00+08:00,1786086900000,72.93,72.96,72.87,72.91,55050.13,55050.13,4014099.9403,1
2026-08-07T15:30:00+08:00,1786087800000,72.92,72.98,72.88,72.89,24039.42,24039.42,1752868.5199,1
2026-08-07T15:45:00+08:00,1786088700000,72.89,72.94,72.87,72.87,22086.83,22086.83,1610153.4246,1
2026-08-07T16:00:00+08:00,1786089600000,72.87,72.98,72.87,72.96,24345.32,24345.32,1775120.2666,1
2026-08-07T16:15:00+08:00,1786090500000,72.95,72.98,72.89,72.91,19883.54,19883.54,1450055.8599,1
2026-08-07T16:30:00+08:00,1786091400000,72.91,73.28,72.91,73.22,67801.82,67801.82,4955510.1616,1
2026-08-07T16:45:00+08:00,1786092300000,73.21,73.23,73.11,73.15,49004.15,49004.15,3585365.4732,1
2026-08-07T17:00:00+08:00,1786093200000,73.15,73.38,73.14,73.34,97641.06,97641.06,7154762.5829,1
2026-08-07T17:15:00+08:00,1786094100000,73.34,73.62,73.33,73.48,152039.1,152039.1,11171730.6223,1
2026-08-07T17:30:00+08:00,1786095000000,73.48,73.71,73.48,73.62,145149.08,145149.08,10684222.5283,1
2026-08-07T17:45:00+08:00,1786095900000,73.63,73.7,73.5,73.58,163730.87,163730.87,12049438.7184,1
2026-08-07T18:00:00+08:00,1786096800000,73.58,73.73,73.58,73.6,64185.13,64185.13,4726814.2843,1
2026-08-07T18:15:00+08:00,1786097700000,73.6,73.6,73.5,73.58,29321.29,29321.29,2156579.2434,1
2026-08-07T18:30:00+08:00,1786098600000,73.58,73.6,73.46,73.46,73560.94,73560.94,5406932.4678,1
2026-08-07T18:45:00+08:00,1786099500000,73.46,73.52,73.45,73.5,19038.13,19038.13,1399119.0992,1
2026-08-07T19:00:00+08:00,1786100400000,73.5,73.65,73.49,73.51,76593.68,76593.68,5637011.982,1
2026-08-07T19:15:00+08:00,1786101300000,73.52,73.74,73.49,73.58,56600.59,56600.59,4167318.8308,1
2026-08-07T19:30:00+08:00,1786102200000,73.57,73.62,73.52,73.6,28758.18,28758.18,2115713.3975,1
2026-08-07T19:45:00+08:00,1786103100000,73.6,73.64,73.54,73.58,20087.52,20087.52,1478302.0288,1
2026-08-07T20:00:00+08:00,1786104000000,73.58,74.07,73.58,73.9,171624.46,171624.46,12677549.6023,1
2026-08-07T20:15:00+08:00,1786104900000,73.91,73.96,73.84,73.96,123917.29,123917.29,9157292.6709,1
2026-08-07T20:30:00+08:00,1786105800000,73.97,74.31,73.59,73.76,267949.82,267949.82,19808242.0011,1
2026-08-07T20:45:00+08:00,1786106700000,73.76,73.99,73.76,73.86,61419.36,61419.36,4537580.6723,1
2026-08-07T21:00:00+08:00,1786107600000,73.87,73.91,73.75,73.8,76323.75,76323.75,5634876.7969,1
2026-08-07T21:15:00+08:00,1786108500000,73.8,73.92,73.76,73.83,38967.11,38967.11,2876930.2513,1
2026-08-07T21:30:00+08:00,1786109400000,73.83,74.24,73.78,74.18,145191.34,145191.34,10755099.4288,1
2026-08-07T21:45:00+08:00,1786110300000,74.18,74.33,74.04,74.09,177819.03,177819.03,13190089.631,1
2026-08-07T22:00:00+08:00,1786111200000,74.08,74.12,73.62,73.65,180693.67,180693.67,13345274.9646,1
2026-08-07T22:15:00+08:00,1786112100000,73.65,74.09,73.56,74.09,105630.17,105630.17,7802065.7169,1
2026-08-07T22:30:00+08:00,1786113000000,74.09,74.2,73.92,73.92,82399.69,82399.69,6103284.7355,1
2026-08-07T22:45:00+08:00,1786113900000,73.92,73.98,73.53,73.69,108427.96,108427.96,7994745.9379,1
2026-08-07T23:00:00+08:00,1786114800000,73.69,73.92,73.66,73.82,54542.96,54542.96,4024795.3669,1
2026-08-07T23:15:00+08:00,1786115700000,73.82,73.82,73.67,73.73,37602.36,37602.36,2773632.7168,1
2026-08-07T23:30:00+08:00,1786116600000,73.73,73.94,73.7,73.88,48404.5,48404.5,3574785.9121,1
2026-08-07T23:45:00+08:00,1786117500000,73.89,73.92,73.81,73.86,22905.2,22905.2,1691768.1506,1
2026-08-08T00:00:00+08:00,1786118400000,73.85,74.09,73.85,74.05,38149.22,38149.22,2822073.8335,1
2026-08-08T00:15:00+08:00,1786119300000,74.05,74.05,73.79,73.82,57638.81,57638.81,4259579.9145,1
2026-08-08T00:30:00+08:00,1786120200000,73.82,73.86,73.69,73.76,52204.12,52204.12,3850562.9696,1
2026-08-08T00:45:00+08:00,1786121100000,73.75,73.79,73.53,73.54,50875.94,50875.94,3747046.6121,1
2026-08-08T01:00:00+08:00,1786122000000,73.54,73.54,73.27,73.27,123279.97,123279.97,9050522.0246,1
2026-08-08T01:15:00+08:00,1786122900000,73.28,73.38,73.22,73.24,69298.41,69298.41,5079251.2228,1
2026-08-08T01:30:00+08:00,1786123800000,73.24,73.42,73.15,73.34,82669.18,82669.18,6058113.0829,1
2026-08-08T01:45:00+08:00,1786124700000,73.34,73.4,73.18,73.39,35663.81,35663.81,2613574.5904,1
2026-08-08T02:00:00+08:00,1786125600000,73.4,73.55,73.37,73.48,38222.52,38222.52,2807914.2571,1
2026-08-08T02:15:00+08:00,1786126500000,73.49,73.55,73.44,73.46,13037.46,13037.46,958113.033,1
2026-08-08T02:30:00+08:00,1786127400000,73.45,73.49,73.24,73.24,22573.22,22573.22,1655945.4824,1
2026-08-08T02:45:00+08:00,1786128300000,73.24,73.39,73.23,73.38,17529.34,17529.34,1285143.6011,1
2026-08-08T03:00:00+08:00,1786129200000,73.38,73.66,73.37,73.61,46848.21,46848.21,3446944.7093,1
2026-08-08T03:15:00+08:00,1786130100000,73.62,73.86,73.61,73.79,47938.03,47938.03,3535639.6365,1
2026-08-08T03:30:00+08:00,1786131000000,73.79,73.86,73.75,73.8,29656.77,29656.77,2188961.8077,1
2026-08-08T03:45:00+08:00,1786131900000,73.81,74,73.8,73.98,68155.69,68155.69,5038532.1266,1
2026-08-08T04:00:00+08:00,1786132800000,73.98,74.06,73.92,74.03,39558.73,39558.73,2927094.0011,1
2026-08-08T04:15:00+08:00,1786133700000,74.03,74.06,73.95,73.95,47925.25,47925.25,3547288.6703,1
2026-08-08T04:30:00+08:00,1786134600000,73.95,73.96,73.8,73.81,44374.18,44374.18,3277836.5696,1
2026-08-08T04:45:00+08:00,1786135500000,73.81,73.84,73.76,73.8,19238.51,19238.51,1419697.9292,1
2026-08-08T05:00:00+08:00,1786136400000,73.79,73.84,73.74,73.79,25354.41,25354.41,1870748.1915,1
2026-08-08T05:15:00+08:00,1786137300000,73.79,73.86,73.6,73.69,65326.93,65326.93,4814888.8554,1
2026-08-08T05:30:00+08:00,1786138200000,73.69,73.82,73.66,73.71,35592.32,35592.32,2623856.3024,1
2026-08-08T05:45:00+08:00,1786139100000,73.72,73.72,73.57,73.62,16660.25,16660.25,1226454.1651,1
2026-08-08T06:00:00+08:00,1786140000000,73.62,73.67,73.56,73.67,20848.18,20848.18,1534804.3808,1
2026-08-08T06:15:00+08:00,1786140900000,73.67,73.7,73.65,73.65,12957.59,12957.59,954542.2952,1
2026-08-08T06:30:00+08:00,1786141800000,73.66,73.66,73.56,73.58,15818.66,15818.66,1164274.1208,1
2026-08-08T06:45:00+08:00,1786142700000,73.57,73.62,73.56,73.61,12420.17,12420.17,913993.8616,1
2026-08-08T07:00:00+08:00,1786143600000,73.62,73.72,73.61,73.71,22613.45,22613.45,1666098.3785,1
2026-08-08T07:15:00+08:00,1786144500000,73.72,73.72,73.6,73.6,10938.97,10938.97,805934.0724,1
2026-08-08T07:30:00+08:00,1786145400000,73.6,73.71,73.59,73.7,21954.67,21954.67,1617123.8234,1
2026-08-08T07:45:00+08:00,1786146300000,73.71,73.76,73.63,73.63,17806.37,17806.37,1312438.239,1
2026-08-08T08:00:00+08:00,1786147200000,73.64,73.7,73.58,73.61,42404.74,42404.74,3122507.443,1
2026-08-08T08:15:00+08:00,1786148100000,73.61,73.63,73.54,73.63,27198.66,27198.66,2001147.1013,1
2026-08-08T08:30:00+08:00,1786149000000,73.63,73.67,73.6,73.67,9326.99,9326.99,686858.2215,1
2026-08-08T08:45:00+08:00,1786149900000,73.67,73.73,73.63,73.69,15723.24,15723.24,1158614.3384,1
2026-08-08T09:00:00+08:00,1786150800000,73.69,73.75,73.65,73.72,20882.91,20882.91,1538937.99,1
2026-08-08T09:15:00+08:00,1786151700000,73.72,73.8,73.69,73.79,14595.56,14595.56,1076635.2392,1
2026-08-08T09:30:00+08:00,1786152600000,73.79,73.94,73.77,73.93,45345.98,45345.98,3349146.5079,1
2026-08-08T09:45:00+08:00,1786153500000,73.93,73.94,73.84,73.85,23034.95,23034.95,1701977.277,1
2026-08-08T10:00:00+08:00,1786154400000,73.84,73.94,73.83,73.93,17284.36,17284.36,1277332.0826,1
2026-08-08T10:15:00+08:00,1786155300000,73.92,73.93,73.89,73.92,16630.63,16630.63,1229213.8111,1
2026-08-08T10:30:00+08:00,1786156200000,73.91,73.95,73.91,73.91,35206.48,35206.48,2602845.4667,1
2026-08-08T10:45:00+08:00,1786157100000,73.91,73.91,73.8,73.82,31736.47,31736.47,2343203.278,1
2026-08-08T11:00:00+08:00,1786158000000,73.82,73.94,73.81,73.93,15697.49,15697.49,1159819.8806,1
2026-08-08T11:15:00+08:00,1786158900000,73.93,74.17,73.93,74.13,69632.07,69632.07,5156255.4258,1
2026-08-08T11:30:00+08:00,1786159800000,74.12,74.53,74.12,74.44,228351.89,228351.89,16980597.7387,1
2026-08-08T11:45:00+08:00,1786160700000,74.43,74.98,74.4,74.81,313596.55,313596.55,23416173.9558,1
2026-08-08T12:00:00+08:00,1786161600000,74.81,75.13,74.61,74.66,268081.29,268081.29,20072605.939,1
2026-08-08T12:15:00+08:00,1786162500000,74.66,74.73,74.55,74.57,70904.71,70904.71,5291397.4667,1
2026-08-08T12:30:00+08:00,1786163400000,74.56,74.71,74.55,74.62,87267.48,87267.48,6513895.2786,1
2026-08-08T12:45:00+08:00,1786164300000,74.63,74.66,74.57,74.61,50112.76,50112.76,3738928.2574,1
2026-08-08T13:00:00+08:00,1786165200000,74.6,74.61,74.55,74.56,31339.97,31339.97,2337052.4583,1
2026-08-08T13:15:00+08:00,1786166100000,74.56,74.68,74.48,74.64,50126.92,50126.92,3738431.5789,1
2026-08-08T13:30:00+08:00,1786167000000,74.65,74.73,74.55,74.55,58374.22,58374.22,4357245.3437,1
2026-08-08T13:45:00+08:00,1786167900000,74.56,74.62,74.44,74.62,47102.84,47102.84,3509710.8153,1
2026-08-08T14:00:00+08:00,1786168800000,74.61,74.65,74.53,74.61,30863.12,30863.12,2302531.3865,1
2026-08-08T14:15:00+08:00,1786169700000,74.61,74.71,74.55,74.71,27434.71,27434.71,2047751.7471,1
2026-08-08T14:30:00+08:00,1786170600000,74.71,74.72,74.63,74.68,36545.74,36545.74,2729256.0092,1
2026-08-08T14:45:00+08:00,1786171500000,74.69,74.79,74.66,74.67,37510.58,37510.58,2802976.5355,1
2026-08-08T15:00:00+08:00,1786172400000,74.68,74.8,74.67,74.68,70419.66,70419.66,5263605.114,1
2026-08-08T15:15:00+08:00,1786173300000,74.67,74.69,74.62,74.67,27673.18,27673.18,2066029.9766,1
2026-08-08T15:30:00+08:00,1786174200000,74.66,74.71,74.62,74.67,17332.71,17332.71,1294103.6343,1
2026-08-08T15:45:00+08:00,1786175100000,74.67,74.78,74.66,74.77,27541.11,27541.11,2057433.5036,1
2026-08-08T16:00:00+08:00,1786176000000,74.78,74.8,74.73,74.77,26771.95,26771.95,2001258.5364,1
2026-08-08T16:15:00+08:00,1786176900000,74.77,74.79,74.66,74.79,36737.17,36737.17,2744824.6216,1
2026-08-08T16:30:00+08:00,1786177800000,74.78,74.88,74.74,74.75,40830.17,40830.17,3054366.2323,1
2026-08-08T16:45:00+08:00,1786178700000,74.74,74.81,74.65,74.77,54832.95,54832.95,4096744.7522,1
2026-08-08T17:00:00+08:00,1786179600000,74.77,74.84,74.76,74.8,23530.68,23530.68,1760074.3327,1
2026-08-08T17:15:00+08:00,1786180500000,74.8,74.92,74.8,74.9,28124.67,28124.67,2105701.0543,1
2026-08-08T17:30:00+08:00,1786181400000,74.9,75,74.79,74.81,76971.51,76971.51,5763411.006,1
2026-08-08T17:45:00+08:00,1786182300000,74.81,74.88,74.79,74.83,24494.45,24494.45,1833113.4536,1
2026-08-08T18:00:00+08:00,1786183200000,74.83,74.94,74.82,74.87,47134.65,47134.65,3529975.711,1
2026-08-08T18:15:00+08:00,1786184100000,74.88,74.98,74.86,74.94,31089.25,31089.25,2328855.7276,1
2026-08-08T18:30:00+08:00,1786185000000,74.94,74.99,74.9,74.98,21137.31,21137.31,1584126.1532,1
2026-08-08T18:45:00+08:00,1786185900000,74.99,75.14,74.98,75.04,95797.26,95797.26,7188701.0762,1
2026-08-08T19:00:00+08:00,1786186800000,75.04,75.64,75.01,75.39,405860,405860,30575898.1763,1
2026-08-08T19:15:00+08:00,1786187700000,75.4,75.41,75.21,75.21,109338.67,109338.67,8232216.1647,1
2026-08-08T19:30:00+08:00,1786188600000,75.22,75.24,75.15,75.19,52313.39,52313.39,3933863.1178,1
2026-08-08T19:45:00+08:00,1786189500000,75.2,75.66,75.17,75.55,188975.16,188975.16,14257376.7649,1
2026-08-08T20:00:00+08:00,1786190400000,75.56,75.63,75.41,75.55,182599.55,182599.55,13793307.724,1
2026-08-08T20:15:00+08:00,1786191300000,75.54,75.55,75.31,75.34,117428.76,117428.76,8853596.6636,1
2026-08-08T20:30:00+08:00,1786192200000,75.34,75.46,75.33,75.45,44991.26,44991.26,3392107.1214,1
2026-08-08T20:45:00+08:00,1786193100000,75.45,75.55,75.37,75.4,46895.47,46895.47,3539877.453,1
2026-08-08T21:00:00+08:00,1786194000000,75.4,75.49,75.38,75.39,28642.35,28642.35,2160188.675,1
2026-08-08T21:15:00+08:00,1786194900000,75.39,75.48,75.39,75.48,22617.88,22617.88,1706218.0486,1
2026-08-08T21:30:00+08:00,1786195800000,75.47,75.48,75.4,75.44,36674.68,36674.68,2766587.8627,1
2026-08-08T21:45:00+08:00,1786196700000,75.44,75.52,75.43,75.5,34601.7,34601.7,2611870.5893,1
2026-08-08T22:00:00+08:00,1786197600000,75.49,75.74,75.49,75.6,114021.99,114021.99,8622266.7532,1
2026-08-08T22:15:00+08:00,1786198500000,75.6,75.87,75.55,75.77,166931.95,166931.95,12643453.7101,1
2026-08-08T22:30:00+08:00,1786199400000,75.78,76.12,75.75,75.91,216028.92,216028.92,16408940.9531,1
2026-08-08T22:45:00+08:00,1786200300000,75.92,76.6,75.92,76.44,412228.4,412228.4,31479977.1932,1
2026-08-08T23:00:00+08:00,1786201200000,76.45,76.66,76.37,76.62,275654.19,275654.19,21090221.4153,1
2026-08-08T23:15:00+08:00,1786202100000,76.63,76.79,76.45,76.47,193870.39,193870.39,14850699.6225,1
2026-08-08T23:30:00+08:00,1786203000000,76.48,76.48,76.28,76.31,120210.33,120210.33,9178450.6292,1
2026-08-08T23:45:00+08:00,1786203900000,76.3,76.44,76.18,76.35,99994.24,99994.24,7630516.8401,1
2026-08-09T00:00:00+08:00,1786204800000,76.35,76.47,76.3,76.31,73095.88,73095.88,5582635.8388,1
2026-08-09T00:15:00+08:00,1786205700000,76.31,76.42,76.2,76.26,55582.92,55582.92,4239842.7307,1
2026-08-09T00:30:00+08:00,1786206600000,76.27,76.28,76.11,76.23,49881.34,49881.34,3800551.3567,1
2026-08-09T00:45:00+08:00,1786207500000,76.23,76.36,76.2,76.34,33266.09,33266.09,2537343.0964,1
2026-08-09T01:00:00+08:00,1786208400000,76.34,76.37,76.23,76.32,59199.42,59199.42,4517426.0694,1
2026-08-09T01:15:00+08:00,1786209300000,76.33,76.4,76.27,76.39,38076.2,38076.2,2906406.0589,1
2026-08-09T01:30:00+08:00,1786210200000,76.39,76.46,76.29,76.35,47120.65,47120.65,3599602.3193,1
2026-08-09T01:45:00+08:00,1786211100000,76.36,76.39,76.32,76.34,28107.64,28107.64,2146140.8748,1
2026-08-09T02:00:00+08:00,1786212000000,76.34,76.34,76.2,76.23,30800.09,30800.09,2348672.6865,1
2026-08-09T02:15:00+08:00,1786212900000,76.23,76.24,76.01,76.03,89512.55,89512.55,6814086.2688,1
2026-08-09T02:30:00+08:00,1786213800000,76.04,76.17,76.03,76.1,46695.68,46695.68,3553084.5843,1
2026-08-09T02:45:00+08:00,1786214700000,76.1,76.15,76.06,76.1,17759.02,17759.02,1351555.0795,1
2026-08-09T03:00:00+08:00,1786215600000,76.1,76.11,76.03,76.05,18725.12,18725.12,1424189.633,1
2026-08-09T03:15:00+08:00,1786216500000,76.05,76.08,75.95,75.95,38311.09,38311.09,2911867.86,1
2026-08-09T03:30:00+08:00,1786217400000,75.95,76.06,75.93,76.06,18444.22,18444.22,1401310.3488,1
2026-08-09T03:45:00+08:00,1786218300000,76.06,76.26,76.04,76.12,52750.06,52750.06,4016849.5759,1
2026-08-09T04:00:00+08:00,1786219200000,76.12,76.22,76.1,76.21,16455.59,16455.59,1253195.2518,1
2026-08-09T04:15:00+08:00,1786220100000,76.21,76.25,76.11,76.14,15800.93,15800.93,1203576.1081,1
2026-08-09T04:30:00+08:00,1786221000000,76.15,76.22,76.14,76.21,8945.69,8945.69,681440.6573,1
2026-08-09T04:45:00+08:00,1786221900000,76.21,76.23,76.16,76.23,12006.55,12006.55,914811.6021,1
2026-08-09T05:00:00+08:00,1786222800000,76.23,76.33,76.21,76.25,18301,18301,1395718.8398,1
2026-08-09T05:15:00+08:00,1786223700000,76.24,76.33,76.24,76.29,25788.75,25788.75,1967447.9785,1
2026-08-09T05:30:00+08:00,1786224600000,76.28,76.29,76.15,76.2,14481.85,14481.85,1103797.2536,1
2026-08-09T05:45:00+08:00,1786225500000,76.19,76.23,76.11,76.18,17522.72,17522.72,1334710.5023,1
2026-08-09T06:00:00+08:00,1786226400000,76.17,76.22,76.14,76.14,22683,22683,1728051.8195,1
2026-08-09T06:15:00+08:00,1786227300000,76.14,76.25,76.14,76.2,15271.94,15271.94,1163949.8256,1
2026-08-09T06:30:00+08:00,1786228200000,76.2,76.22,76.08,76.09,23858.43,23858.43,1816934.4012,1
2026-08-09T06:45:00+08:00,1786229100000,76.09,76.09,75.81,75.87,181663.93,181663.93,13790747.7719,1
2026-08-09T07:00:00+08:00,1786230000000,75.87,75.89,75.74,75.8,91400.9,91400.9,6929655.5636,1
2026-08-09T07:15:00+08:00,1786230900000,75.79,75.89,75.73,75.85,47135,47135,3574434.3235,1
2026-08-09T07:30:00+08:00,1786231800000,75.85,76.06,75.84,76.03,33906.72,33906.72,2575183.9222,1
2026-08-09T07:45:00+08:00,1786232700000,76.04,76.05,75.95,75.98,29584.78,29584.78,2248418.5311,1
2026-08-09T08:00:00+08:00,1786233600000,75.97,76.03,75.93,75.95,48524.16,48524.16,3686968.2783,1
2026-08-09T08:15:00+08:00,1786234500000,75.96,75.97,75.86,75.89,20752.74,20752.74,1575376.6592,1
2026-08-09T08:30:00+08:00,1786235400000,75.88,75.98,75.85,75.92,28026.91,28026.91,2127890.1265,1
2026-08-09T08:45:00+08:00,1786236300000,75.92,75.98,75.81,75.98,25030.02,25030.02,1899165.2658,1
2026-08-09T09:00:00+08:00,1786237200000,75.98,76.06,75.88,75.91,48396.22,48396.22,3676429.525,1
2026-08-09T09:15:00+08:00,1786238100000,75.92,75.92,75.72,75.73,40242.88,40242.88,3050771.3739,1
2026-08-09T09:30:00+08:00,1786239000000,75.73,75.83,75.67,75.83,41749.91,41749.91,3163113.1444,1
2026-08-09T09:45:00+08:00,1786239900000,75.83,75.9,75.78,75.83,27026.81,27026.81,2049812.2789,1
2026-08-09T10:00:00+08:00,1786240800000,75.83,75.86,75.75,75.85,19911.69,19911.69,1509392.872,1
2026-08-09T10:15:00+08:00,1786241700000,75.84,75.91,75.78,75.89,16146.66,16146.66,1224840.6642,1
2026-08-09T10:30:00+08:00,1786242600000,75.89,75.96,75.85,75.85,49761.41,49761.41,3777231.7774,1
2026-08-09T10:45:00+08:00,1786243500000,75.85,75.9,75.77,75.83,44143.51,44143.51,3346309.811,1
2026-08-09T11:00:00+08:00,1786244400000,75.83,75.83,75.74,75.75,33527.92,33527.92,2540420.5685,1
2026-08-09T11:15:00+08:00,1786245300000,75.75,75.98,75.72,75.95,61231.94,61231.94,4645083.9741,1
2026-08-09T11:30:00+08:00,1786246200000,75.95,76.02,75.93,75.94,41165.86,41165.86,3127440.4215,1
2026-08-09T11:45:00+08:00,1786247100000,75.95,76.01,75.93,75.95,26093.61,26093.61,1982365.4446,1
2026-08-09T12:00:00+08:00,1786248000000,75.95,76.09,75.93,76.07,29661.03,29661.03,2255231.5114,1
2026-08-09T12:15:00+08:00,1786248900000,76.07,76.08,75.97,76.04,26396.08,26396.08,2006344.156,1
2026-08-09T12:30:00+08:00,1786249800000,76.03,76.04,75.91,76,14330.3,14330.3,1088527.1551,1
2026-08-09T12:45:00+08:00,1786250700000,75.99,76,75.91,75.93,19881.87,19881.87,1509818.2618,1
2026-08-09T13:00:00+08:00,1786251600000,75.94,75.98,75.92,75.93,14913.23,14913.23,1132781.8857,1
2026-08-09T13:15:00+08:00,1786252500000,75.93,75.98,75.9,75.9,9987.46,9987.46,758339.6372,1
2026-08-09T13:30:00+08:00,1786253400000,75.9,75.92,75.84,75.9,23148.19,23148.19,1756599.8825,1
2026-08-09T13:45:00+08:00,1786254300000,75.9,75.99,75.89,75.96,22665.11,22665.11,1721584.6533,1
2026-08-09T14:00:00+08:00,1786255200000,75.97,76,75.92,75.97,23305.07,23305.07,1770393.5948,1
2026-08-09T14:15:00+08:00,1786256100000,75.98,76.27,75.97,76.21,62452.4,62452.4,4754737.2449,1
2026-08-09T14:30:00+08:00,1786257000000,76.2,76.38,76.2,76.28,73546.52,73546.52,5611704.979,1
2026-08-09T14:45:00+08:00,1786257900000,76.28,76.46,76.27,76.37,107377.87,107377.87,8200923.1399,1
2026-08-09T15:00:00+08:00,1786258800000,76.38,76.41,76.28,76.4,62580.5,62580.5,4776881.0369,1
2026-08-09T15:15:00+08:00,1786259700000,76.41,76.45,76.27,76.33,45406.07,45406.07,3466359.0181,1
2026-08-09T15:30:00+08:00,1786260600000,76.33,76.33,76.19,76.22,56925.96,56925.96,4340997.7706,1
2026-08-09T15:45:00+08:00,1786261500000,76.23,76.32,76.22,76.32,30264.86,30264.86,2308221.3478,1
2026-08-09T16:00:00+08:00,1786262400000,76.32,76.54,76.28,76.39,73660.57,73660.57,5629140.0671,1
2026-08-09T16:15:00+08:00,1786263300000,76.4,76.4,76.31,76.34,18005.77,18005.77,1374633.6137,1
2026-08-09T16:30:00+08:00,1786264200000,76.35,76.41,76.09,76.1,74515,74515,5679265.2691,1
2026-08-09T16:45:00+08:00,1786265100000,76.09,76.29,76.07,76.27,90532.47,90532.47,6896449.3414,1
2026-08-09T17:00:00+08:00,1786266000000,76.28,76.43,76.25,76.42,69384.87,69384.87,5297171.1459,1
2026-08-09T17:15:00+08:00,1786266900000,76.42,76.43,76.22,76.23,31542.56,31542.56,2407268.5463,1
2026-08-09T17:30:00+08:00,1786267800000,76.22,76.58,76.21,76.44,168428.74,168428.74,12876392.0276,1
2026-08-09T17:45:00+08:00,1786268700000,76.44,76.44,76.35,76.42,31458.38,31458.38,2402914.6247,1
2026-08-09T18:00:00+08:00,1786269600000,76.42,76.53,76.39,76.53,43901.23,43901.23,3356148.5086,1
2026-08-09T18:15:00+08:00,1786270500000,76.53,76.63,76.46,76.48,61984.32,61984.32,4746122.1283,1
2026-08-09T18:30:00+08:00,1786271400000,76.49,76.51,76.38,76.4,39270.15,39270.15,3001561.9373,1
2026-08-09T18:45:00+08:00,1786272300000,76.4,76.4,76.33,76.34,23879.65,23879.65,1823734.81,1
2026-08-09T19:00:00+08:00,1786273200000,76.35,76.42,76.3,76.39,40745.05,40745.05,3111391.0903,1
2026-08-09T19:15:00+08:00,1786274100000,76.4,76.45,76.35,76.43,22895.11,22895.11,1749234.2816,1
2026-08-09T19:30:00+08:00,1786275000000,76.42,76.51,76.39,76.44,27182.75,27182.75,2078009.0321,1
2026-08-09T19:45:00+08:00,1786275900000,76.45,76.5,76.42,76.46,11481.35,11481.35,877857.2485,1
2026-08-09T20:00:00+08:00,1786276800000,76.47,76.57,76.38,76.48,76014.69,76014.69,5814002.4492,1
2026-08-09T20:15:00+08:00,1786277700000,76.48,76.5,76.38,76.39,16844.61,16844.61,1287695.2429,1
2026-08-09T20:30:00+08:00,1786278600000,76.39,76.39,76.27,76.3,37307.24,37307.24,2847248.9825,1
2026-08-09T20:45:00+08:00,1786279500000,76.29,76.37,76.29,76.32,30701.17,30701.17,2343268.5995,1
2026-08-09T21:00:00+08:00,1786280400000,76.33,76.63,76.31,76.55,54688.68,54688.68,4184730.4975,1
2026-08-09T21:15:00+08:00,1786281300000,76.56,76.87,76.55,76.68,176488.2,176488.2,13541158.136,1
2026-08-09T21:30:00+08:00,1786282200000,76.69,76.72,76.6,76.65,46159.43,46159.43,3538340.1432,1
2026-08-09T21:45:00+08:00,1786283100000,76.66,76.66,76.53,76.53,32579.63,32579.63,2495148.632,1
2026-08-09T22:00:00+08:00,1786284000000,76.54,76.69,76.53,76.64,43707.28,43707.28,3349191.6274,1
2026-08-09T22:15:00+08:00,1786284900000,76.64,76.66,76.54,76.65,23055.07,23055.07,1766250.4313,1
2026-08-09T22:30:00+08:00,1786285800000,76.65,76.94,76.63,76.73,96614.7,96614.7,7418170.6221,1
2026-08-09T22:45:00+08:00,1786286700000,76.72,77.08,76.67,77,252209.93,252209.93,19401180.0655,1
2026-08-09T23:00:00+08:00,1786287600000,77,77.04,76.84,76.9,119116.04,119116.04,9165442.5587,1
2026-08-09T23:15:00+08:00,1786288500000,76.9,76.91,76.81,76.89,27564.51,27564.51,2118789.668,1
2026-08-09T23:30:00+08:00,1786289400000,76.89,77.34,76.87,77.23,267854.59,267854.59,20668578.4724,1
2026-08-09T23:45:00+08:00,1786290300000,77.23,77.44,77.07,77.39,264637.73,264637.73,20448561.3483,1
2026-08-10T00:00:00+08:00,1786291200000,77.38,77.55,77.24,77.26,249116.27,249116.27,19279861.9653,1
2026-08-10T00:15:00+08:00,1786292100000,77.27,77.33,77.04,77.04,105409.55,105409.55,8136289.8622,1
2026-08-10T00:30:00+08:00,1786293000000,77.05,77.32,77.04,77.22,80613.84,80613.84,6225161.3637,1
2026-08-10T00:45:00+08:00,1786293900000,77.23,77.31,77.21,77.28,26870.51,26870.51,2076039.8234,1
2026-08-10T01:00:00+08:00,1786294800000,77.29,77.3,77.17,77.25,26735.58,26735.58,2064736.6941,1
2026-08-10T01:15:00+08:00,1786295700000,77.24,77.3,77.18,77.23,27128.16,27128.16,2095486.5426,1
2026-08-10T01:30:00+08:00,1786296600000,77.22,77.29,77.15,77.28,32308.66,32308.66,2494972.7456,1
2026-08-10T01:45:00+08:00,1786297500000,77.29,77.29,77.09,77.14,45792.01,45792.01,3532366.6968,1
2026-08-10T02:00:00+08:00,1786298400000,77.13,77.19,77.11,77.12,22353.29,22353.29,1724736.5255,1
2026-08-10T02:15:00+08:00,1786299300000,77.11,77.18,77.03,77.14,29085.15,29085.15,2243108.7815,1
2026-08-10T02:30:00+08:00,1786300200000,77.14,77.17,77.07,77.1,15677.15,15677.15,1208808.9459,1
2026-08-10T02:45:00+08:00,1786301100000,77.11,77.21,77.1,77.17,10911.57,10911.57,841950.8708,1
2026-08-10T03:00:00+08:00,1786302000000,77.17,77.21,77.1,77.1,20273.6,20273.6,1563979.2125,1
2026-08-10T03:15:00+08:00,1786302900000,77.1,77.26,77.09,77.23,18819.11,18819.11,1452843.4844,1
2026-08-10T03:30:00+08:00,1786303800000,77.23,77.3,77.2,77.27,34011.41,34011.41,2627283.6823,1
2026-08-10T03:45:00+08:00,1786304700000,77.26,77.32,77.19,77.19,25451.05,25451.05,1966044.3658,1
2026-08-10T04:00:00+08:00,1786305600000,77.19,77.2,77.03,77.03,18962.22,18962.22,1462364.6823,1
2026-08-10T04:15:00+08:00,1786306500000,77.04,77.19,77.03,77.16,24818.93,24818.93,1913454.3692,1
2026-08-10T04:30:00+08:00,1786307400000,77.17,77.23,77.16,77.22,15863.98,15863.98,1224595.4318,1
2026-08-10T04:45:00+08:00,1786308300000,77.22,77.25,77.17,77.22,12201.21,12201.21,942061.9107,1
2026-08-10T05:00:00+08:00,1786309200000,77.23,77.23,77.11,77.18,14045.11,14045.11,1083630.3395,1
2026-08-10T05:15:00+08:00,1786310100000,77.18,77.34,77.17,77.33,13442.61,13442.61,1038747.0873,1
2026-08-10T05:30:00+08:00,1786311000000,77.34,77.44,77.32,77.36,43834.12,43834.12,3391651.3098,1
2026-08-10T05:45:00+08:00,1786311900000,77.37,77.47,77.29,77.31,27077.34,27077.34,2094888.4516,1
2026-08-10T06:00:00+08:00,1786312800000,77.32,77.84,77.32,77.66,144791.54,144791.54,11241736.255,1
2026-08-10T06:15:00+08:00,1786313700000,77.66,77.73,77.39,77.39,72202.17,72202.17,5598139.5987,1
2026-08-10T06:30:00+08:00,1786314600000,77.39,77.44,76.88,77.02,191005.85,191005.85,14716724.5598,1
2026-08-10T06:45:00+08:00,1786315500000,77.02,77.02,76.59,76.76,168670.3,168670.3,12948201.9504,1
2026-08-10T07:00:00+08:00,1786316400000,76.76,76.89,76.64,76.65,61123.82,61123.82,4691880.143,1
2026-08-10T07:15:00+08:00,1786317300000,76.65,76.72,76.31,76.37,176513.17,176513.17,13506010.2845,1
2026-08-10T07:30:00+08:00,1786318200000,76.38,76.48,76.16,76.31,225287.99,225287.99,17200332.2716,1
2026-08-10T07:45:00+08:00,1786319100000,76.31,76.41,76.2,76.24,200720.1,200720.1,15312682.8732,1
2026-08-10T08:00:00+08:00,1786320000000,76.23,77.03,76.2,76.73,293147.96,293147.96,22465111.6962,1
2026-08-10T08:15:00+08:00,1786320900000,76.74,76.76,76.46,76.54,120263.69,120263.69,9215448.5591,1
2026-08-10T08:30:00+08:00,1786321800000,76.54,76.61,76.26,76.3,86276.38,86276.38,6592466.0387,1
2026-08-10T08:45:00+08:00,1786322700000,76.3,76.64,76.27,76.5,74161.88,74161.88,5673577.4973,1
2026-08-10T09:00:00+08:00,1786323600000,76.51,76.75,76.42,76.64,56563.19,56563.19,4333318.1025,1
2026-08-10T09:15:00+08:00,1786324500000,76.65,76.81,76.57,76.57,40027.55,40027.55,3070987.9709,1
2026-08-10T09:30:00+08:00,1786325400000,76.57,76.64,76.36,76.56,54472.78,54472.78,4167984.1713,1
2026-08-10T09:45:00+08:00,1786326300000,76.56,77.14,76.55,76.88,141147.32,141147.32,10858442.9277,1
2026-08-10T10:00:00+08:00,1786327200000,76.88,76.9,76.64,76.74,54834.14,54834.14,4208314.6179,1
2026-08-10T10:15:00+08:00,1786328100000,76.73,76.74,76.39,76.48,79074.8,79074.8,6049354.2058,1
2026-08-10T10:30:00+08:00,1786329000000,76.49,76.89,76.48,76.85,49883.45,49883.45,3824676.8551,1
2026-08-10T10:45:00+08:00,1786329900000,76.84,76.84,76.68,76.79,33611.07,33611.07,2579529.4354,1
2026-08-10T11:00:00+08:00,1786330800000,76.78,76.79,76.48,76.48,31250.62,31250.62,2394005.8968,1
2026-08-10T11:15:00+08:00,1786331700000,76.48,76.9,76.32,76.68,152968.53,152968.53,11721392.7066,1
2026-08-10T11:30:00+08:00,1786332600000,76.68,76.81,76.64,76.71,34065.53,34065.53,2613457.5948,1
2026-08-10T11:45:00+08:00,1786333500000,76.7,76.74,76.53,76.59,27239.39,27239.39,2086771.3684,1
2026-08-10T12:00:00+08:00,1786334400000,76.6,76.71,76.58,76.69,27053.46,27053.46,2073396.6327,1
2026-08-10T12:15:00+08:00,1786335300000,76.68,76.72,76.57,76.59,29547.57,29547.57,2264778.3388,1
2026-08-10T12:30:00+08:00,1786336200000,76.59,76.62,76.4,76.53,28536.65,28536.65,2183132.0468,1
2026-08-10T12:45:00+08:00,1786337100000,76.52,76.64,76.45,76.51,36152.7,36152.7,2767018.2058,1
2026-08-10T13:00:00+08:00,1786338000000,76.51,76.7,76.5,76.55,24814.31,24814.31,1900918.5575,1
2026-08-10T13:15:00+08:00,1786338900000,76.56,76.74,76.55,76.73,23605.77,23605.77,1810077.9081,1
2026-08-10T13:30:00+08:00,1786339800000,76.73,76.81,76.68,76.79,48298.1,48298.1,3707402.3193,1
2026-08-10T13:45:00+08:00,1786340700000,76.79,76.93,76.75,76.84,55801.36,55801.36,4287895.5626,1
2026-08-10T14:00:00+08:00,1786341600000,76.85,77.05,76.82,76.91,81060.21,81060.21,6237358.7475,1
2026-08-10T14:15:00+08:00,1786342500000,76.91,76.97,76.78,76.87,67211.98,67211.98,5167347.5836,1
2026-08-10T14:30:00+08:00,1786343400000,76.86,76.98,76.86,76.96,43670.11,43670.11,3358559.8194,1
2026-08-10T14:45:00+08:00,1786344300000,76.96,76.99,76.91,76.96,27764.32,27764.32,2136704.1071,1
2026-08-10T15:00:00+08:00,1786345200000,76.95,76.98,76.82,76.83,28309.05,28309.05,2177236.2525,1
2026-08-10T15:15:00+08:00,1786346100000,76.83,76.99,76.8,76.96,26933.05,26933.05,2071284.3503,1
2026-08-10T15:30:00+08:00,1786347000000,76.95,77.1,76.95,77.02,70023.57,70023.57,5393945.4434,1
2026-08-10T15:45:00+08:00,1786347900000,77.02,77.03,76.88,76.95,47250.69,47250.69,3635834.8189,1
2026-08-10T16:00:00+08:00,1786348800000,76.95,77.08,76.91,76.92,43324.32,43324.32,3334890.7807,1
2026-08-10T16:15:00+08:00,1786349700000,76.91,77.12,76.83,76.94,78228.49,78228.49,6022981.6387,1
2026-08-10T16:30:00+08:00,1786350600000,76.93,76.96,76.64,76.79,85116.02,85116.02,6534717.0726,1
2026-08-10T16:45:00+08:00,1786351500000,76.8,76.95,76.75,76.92,30836.38,30836.38,2369878.7751,1
2026-08-10T17:00:00+08:00,1786352400000,76.92,76.99,76.87,76.97,26524.92,26524.92,2040792.6723,1
2026-08-10T17:15:00+08:00,1786353300000,76.96,76.97,76.8,76.8,30281.44,30281.44,2328619.0065,1
2026-08-10T17:30:00+08:00,1786354200000,76.79,76.79,76.65,76.69,43037.93,43037.93,3301756.3231,1
2026-08-10T17:45:00+08:00,1786355100000,76.69,76.7,76.51,76.52,128894.79,128894.79,9871686.5979,1
2026-08-10T18:00:00+08:00,1786356000000,76.53,76.66,76.5,76.53,46316.79,46316.79,3546688.737,1
2026-08-10T18:15:00+08:00,1786356900000,76.53,76.67,76.51,76.62,33826.28,33826.28,2591183.866,1
2026-08-10T18:30:00+08:00,1786357800000,76.62,76.86,76.56,76.76,76133.41,76133.41,5843948.085,1
2026-08-10T18:45:00+08:00,1786358700000,76.75,76.84,76.7,76.78,22746.89,22746.89,1746543.6493,1
2026-08-10T19:00:00+08:00,1786359600000,76.79,76.81,76.63,76.69,33078.91,33078.91,2536712.8303,1
2026-08-10T19:15:00+08:00,1786360500000,76.69,76.87,76.69,76.84,31265.76,31265.76,2400570.8956,1
2026-08-10T19:30:00+08:00,1786361400000,76.84,76.9,76.8,76.81,18568.45,18568.45,1426850.6135,1
2026-08-10T19:45:00+08:00,1786362300000,76.81,77.02,76.8,77.01,47335.65,47335.65,3640838.8077,1
2026-08-10T20:00:00+08:00,1786363200000,77.01,77.1,76.82,76.95,211000.52,211000.52,16238967.6234,1
2026-08-10T20:15:00+08:00,1786364100000,76.95,76.95,76.83,76.83,26221.99,26221.99,2016387.0156,1
2026-08-10T20:30:00+08:00,1786365000000,76.84,76.84,76.64,76.82,72384.21,72384.21,5555635.2546,1
2026-08-10T20:45:00+08:00,1786365900000,76.82,76.82,76.56,76.59,61054.04,61054.04,4680255.0189,1
2026-08-10T21:00:00+08:00,1786366800000,76.6,76.73,76.55,76.69,55509.65,55509.65,4254977.3162,1
2026-08-10T21:15:00+08:00,1786367700000,76.69,76.69,76.55,76.66,54724.72,54724.72,4194202.6266,1
2026-08-10T21:30:00+08:00,1786368600000,76.66,76.67,76.25,76.33,243706.49,243706.49,18622936.424,1
2026-08-10T21:45:00+08:00,1786369500000,76.32,76.41,76.08,76.28,196302.88,196302.88,14961203.9047,1
2026-08-10T22:00:00+08:00,1786370400000,76.27,76.65,76.24,76.62,120439.02,120439.02,9209208.1731,1
2026-08-10T22:15:00+08:00,1786371300000,76.62,76.66,76.46,76.6,51997.65,51997.65,3981508.575,1
2026-08-10T22:30:00+08:00,1786372200000,76.6,76.65,76.44,76.56,47243.14,47243.14,3616999.909,1
2026-08-10T22:45:00+08:00,1786373100000,76.56,76.59,76.2,76.23,88912.1,88912.1,6789957.4971,1
2026-08-10T23:00:00+08:00,1786374000000,76.22,76.39,76.02,76.07,155023.89,155023.89,11806496.0352,1
2026-08-10T23:15:00+08:00,1786374900000,76.06,76.27,75.77,75.98,320532.28,320532.28,24348104.9074,1
2026-08-10T23:30:00+08:00,1786375800000,75.98,76.13,75.83,75.92,145480.42,145480.42,11052331.4348,1
2026-08-10T23:45:00+08:00,1786376700000,75.93,76.01,75.82,75.92,69779.5,69779.5,5297346.341,1
2026-08-11T00:00:00+08:00,1786377600000,75.91,76.07,75.82,75.93,64792.58,64792.58,4922735.8679,1
2026-08-11T00:15:00+08:00,1786378500000,75.93,75.96,75.53,75.71,227254.81,227254.81,17210599.0635,1
2026-08-11T00:30:00+08:00,1786379400000,75.71,75.97,75.65,75.71,88338.34,88338.34,6693719.0583,1
2026-08-11T00:45:00+08:00,1786380300000,75.72,75.74,75.57,75.68,84096.27,84096.27,6362915.4193,1
2026-08-11T01:00:00+08:00,1786381200000,75.68,76.03,75.58,75.96,62546.98,62546.98,4742669.9797,1
2026-08-11T01:15:00+08:00,1786382100000,75.96,76,75.86,75.91,59786.72,59786.72,4539750.2016,1
2026-08-11T01:30:00+08:00,1786383000000,75.91,76.08,75.89,75.99,41006.88,41006.88,3117049.6628,1
2026-08-11T01:45:00+08:00,1786383900000,75.99,75.99,75.89,75.94,27214.61,27214.61,2066170.3283,1
2026-08-11T02:00:00+08:00,1786384800000,75.94,76.03,75.94,75.95,19204.82,19204.82,1459126.6352,1
2026-08-11T02:15:00+08:00,1786385700000,75.96,76,75.89,75.93,26456.59,26456.59,2009203.4305,1
2026-08-11T02:30:00+08:00,1786386600000,75.93,75.96,75.68,75.81,50263.83,50263.83,3809822.4738,1
2026-08-11T02:45:00+08:00,1786387500000,75.81,75.84,75.69,75.79,24256.65,24256.65,1838491.6284,1
2026-08-11T03:00:00+08:00,1786388400000,75.78,75.93,75.77,75.91,65396.64,65396.64,4961095.7207,1
2026-08-11T03:15:00+08:00,1786389300000,75.92,76.08,75.91,76.07,24835.37,24835.37,1887178.9771,1
2026-08-11T03:30:00+08:00,1786390200000,76.08,76.24,76.08,76.19,50537.64,50537.64,3849494.6247,1
2026-08-11T03:45:00+08:00,1786391100000,76.2,76.22,76.06,76.15,36873.64,36873.64,2807206.599,1
2026-08-11T04:00:00+08:00,1786392000000,76.16,76.32,76.13,76.23,34597.83,34597.83,2637403.8131,1
2026-08-11T04:15:00+08:00,1786392900000,76.22,76.3,76.21,76.3,24785.73,24785.73,1889649.4441,1
2026-08-11T04:30:00+08:00,1786393800000,76.3,76.48,76.28,76.4,42104.13,42104.13,3215365.6225,1
2026-08-11T04:45:00+08:00,1786394700000,76.4,76.44,76.32,76.4,20924.7,20924.7,1598378.6037,1
2026-08-11T05:00:00+08:00,1786395600000,76.39,76.44,76.3,76.33,19660.5,19660.5,1501480.0924,1
2026-08-11T05:15:00+08:00,1786396500000,76.34,76.4,76.27,76.4,17755.86,17755.86,1355251.3818,1
2026-08-11T05:30:00+08:00,1786397400000,76.4,76.46,76.37,76.38,29663.28,29663.28,2266700.574,1
2026-08-11T05:45:00+08:00,1786398300000,76.37,76.38,76.25,76.27,12884.43,12884.43,983043.8425,1
2026-08-11T06:00:00+08:00,1786399200000,76.26,76.32,76.06,76.26,42893.05,42893.05,3268577.5319,1
2026-08-11T06:15:00+08:00,1786400100000,76.26,76.35,76.14,76.16,28397.4,28397.4,2165024.8079,1
2026-08-11T06:30:00+08:00,1786401000000,76.16,76.18,75.99,76.12,41274.58,41274.58,3139921.1343,1
2026-08-11T06:45:00+08:00,1786401900000,76.12,76.2,76.12,76.19,22513.31,22513.31,1714877.2631,1
2026-08-11T07:00:00+08:00,1786402800000,76.18,76.19,76.06,76.14,25561.63,25561.63,1946023.5506,1
2026-08-11T07:15:00+08:00,1786403700000,76.14,76.16,76,76.08,18736.61,18736.61,1425249.1943,1
2026-08-11T07:30:00+08:00,1786404600000,76.08,76.1,75.99,76.1,18722.66,18722.66,1423627.5442,1
2026-08-11T07:45:00+08:00,1786405500000,76.09,76.09,75.94,75.96,28270.61,28270.61,2148112.264,1
2026-08-11T08:00:00+08:00,1786406400000,75.95,75.96,75.72,75.95,114528.65,114528.65,8685846.1204,1
2026-08-11T08:15:00+08:00,1786407300000,75.95,76,75.87,76,29084.77,29084.77,2208964.3227,1
2026-08-11T08:30:00+08:00,1786408200000,76,76.02,75.82,75.89,27182.88,27182.88,2063293.2691,1
2026-08-11T08:45:00+08:00,1786409100000,75.89,75.91,75.82,75.87,31550.34,31550.34,2393708.9033,1
2026-08-11T09:00:00+08:00,1786410000000,75.86,75.96,75.67,75.92,60036.89,60036.89,4550240.2115,1
2026-08-11T09:15:00+08:00,1786410900000,75.91,75.94,75.78,75.92,42967.27,42967.27,3260298.9947,1
2026-08-11T09:30:00+08:00,1786411800000,75.92,75.93,75.75,75.84,22755.1,22755.1,1725937.3042,1
2026-08-11T09:45:00+08:00,1786412700000,75.84,76.08,75.84,76.07,28235.19,28235.19,2145831.2543,1
2026-08-11T10:00:00+08:00,1786413600000,76.07,76.11,76.03,76.06,22853.8,22853.8,1738770.7985,1
2026-08-11T10:15:00+08:00,1786414500000,76.06,76.1,75.95,75.98,33417.99,33417.99,2540494.3458,1
2026-08-11T10:30:00+08:00,1786415400000,75.97,76.08,75.95,76.07,17727.02,17727.02,1347154.5104,1
2026-08-11T10:45:00+08:00,1786416300000,76.07,76.09,76,76,12519.24,12519.24,951922.6549,1
2026-08-11T11:00:00+08:00,1786417200000,76,76.18,76,76.09,21588.41,21588.41,1642932.7619,1
2026-08-11T11:15:00+08:00,1786418100000,76.1,76.22,76.07,76.16,58260.84,58260.84,4437700.5013,1
2026-08-11T11:30:00+08:00,1786419000000,76.15,76.16,76.08,76.09,25036.28,25036.28,1905655.6449,1
2026-08-11T11:45:00+08:00,1786419900000,76.09,76.09,76.03,76.03,19847.27,19847.27,1509575.2343,1
2026-08-11T12:00:00+08:00,1786420800000,76.04,76.15,76.03,76.15,21487.29,21487.29,1634982.9368,1
2026-08-11T12:15:00+08:00,1786421700000,76.15,76.15,76.08,76.09,11364.44,11364.44,864969.7863,1
2026-08-11T12:30:00+08:00,1786422600000,76.1,76.16,76.07,76.15,18781.79,18781.79,1429717.8212,1
2026-08-11T12:45:00+08:00,1786423500000,76.16,76.19,76.03,76.04,17048.27,17048.27,1297612.5715,1
2026-08-11T13:00:00+08:00,1786424400000,76.04,76.04,75.97,76.01,27372.66,27372.66,2080531.8402,1
2026-08-11T13:15:00+08:00,1786425300000,76.01,76.05,75.74,75.78,60480.35,60480.35,4587681.7278,1
2026-08-11T13:30:00+08:00,1786426200000,75.77,75.93,75.75,75.91,51381.2,51381.2,3897045.2141,1
2026-08-11T13:45:00+08:00,1786427100000,75.91,75.92,75.77,75.77,32211.57,32211.57,2443526.493,1
2026-08-11T14:00:00+08:00,1786428000000,75.77,76,75.68,75.99,95114.84,95114.84,7212127.8872,1
2026-08-11T14:15:00+08:00,1786428900000,75.99,76.01,75.86,75.95,38304.07,38304.07,2908524.4147,1
2026-08-11T14:30:00+08:00,1786429800000,75.94,75.97,75.74,75.77,106821.27,106821.27,8099538.1429,1
2026-08-11T14:45:00+08:00,1786430700000,75.77,75.78,75.61,75.78,71213.1,71213.1,5390423.9153,1
2026-08-11T15:00:00+08:00,1786431600000,75.77,75.83,75.65,75.66,29009.38,29009.38,2197697.6555,1
2026-08-11T15:15:00+08:00,1786432500000,75.65,75.66,75.38,75.4,194695.8,194695.8,14694098.019,1
2026-08-11T15:30:00+08:00,1786433400000,75.4,75.7,75.39,75.68,78840.1,78840.1,5958565.5102,1
2026-08-11T15:45:00+08:00,1786434300000,75.68,75.72,75.58,75.66,39240.26,39240.26,2968452.6911,1
2026-08-11T16:00:00+08:00,1786435200000,75.65,75.73,75.59,75.6,47622.34,47622.34,3603349.5907,1
2026-08-11T16:15:00+08:00,1786436100000,75.59,75.71,75.58,75.68,31636.19,31636.19,2393126.2177,1
2026-08-11T16:30:00+08:00,1786437000000,75.68,75.86,75.68,75.85,48708.64,48708.64,3690837.0153,1
2026-08-11T16:45:00+08:00,1786437900000,75.84,75.94,75.84,75.89,45848.91,45848.91,3478937.2872,1
2026-08-11T17:00:00+08:00,1786438800000,75.9,75.91,75.71,75.72,45810.08,45810.08,3473877.4746,1
2026-08-11T17:15:00+08:00,1786439700000,75.72,75.86,75.67,75.74,59342.35,59342.35,4495411.5771,1
2026-08-11T17:30:00+08:00,1786440600000,75.73,75.78,75.63,75.74,31734.39,31734.39,2402158.1671,1
2026-08-11T17:45:00+08:00,1786441500000,75.75,75.85,75.67,75.85,36441.49,36441.49,2760341.0629,1
2026-08-11T18:00:00+08:00,1786442400000,75.85,75.95,75.79,75.79,42321.04,42321.04,3211390.0044,1
2026-08-11T18:15:00+08:00,1786443300000,75.78,75.95,75.72,75.93,29215.26,29215.26,2215036.8512,1
2026-08-11T18:30:00+08:00,1786444200000,75.94,75.97,75.78,75.8,33979.07,33979.07,2577691.1439,1
2026-08-11T18:45:00+08:00,1786445100000,75.8,76.03,75.8,75.9,70231.23,70231.23,5330644.8566,1
2026-08-11T19:00:00+08:00,1786446000000,75.91,76.32,75.9,76.19,141098.08,141098.08,10746718.7772,1
2026-08-11T19:15:00+08:00,1786446900000,76.18,76.19,76.03,76.1,55587.12,55587.12,4229380.7152,1
2026-08-11T19:30:00+08:00,1786447800000,76.09,76.15,76.06,76.12,22999.91,22999.91,1750418.2108,1
2026-08-11T19:45:00+08:00,1786448700000,76.12,76.19,76.07,76.17,14055.55,14055.55,1070132.4738,1
2026-08-11T20:00:00+08:00,1786449600000,76.17,76.21,76.04,76.08,27933.41,27933.41,2126124.4449,1
2026-08-11T20:15:00+08:00,1786450500000,76.09,76.11,75.77,75.83,106189.11,106189.11,8065133.0443,1
2026-08-11T20:30:00+08:00,1786451400000,75.83,75.9,75.75,75.82,62058.28,62058.28,4705190.0178,1
2026-08-11T20:45:00+08:00,1786452300000,75.83,75.85,75.76,75.81,28228.95,28228.95,2140042.8826,1
2026-08-11T21:00:00+08:00,1786453200000,75.81,76,75.73,75.92,63392.81,63392.81,4807756.8368,1
2026-08-11T21:15:00+08:00,1786454100000,75.91,75.94,75.69,75.85,52232.67,52232.67,3959013.1292,1
2026-08-11T21:30:00+08:00,1786455000000,75.84,76.01,75.68,75.92,68210.69,68210.69,5172578.118,1
2026-08-11T21:45:00+08:00,1786455900000,75.91,76.06,75.8,75.97,93391.72,93391.72,7091136.4898,1
2026-08-11T22:00:00+08:00,1786456800000,75.96,76.06,75.87,76,41496.36,41496.36,3152425.8551,1
2026-08-11T22:15:00+08:00,1786457700000,76,76.11,75.52,75.59,161445.45,161445.45,12227556.2678,1
2026-08-11T22:30:00+08:00,1786458600000,75.59,75.62,75.34,75.45,159441.05,159441.05,12032372.4166,1
2026-08-11T22:45:00+08:00,1786459500000,75.45,75.48,75.04,75.16,218995.66,218995.66,16468369.0717,1
2026-08-11T23:00:00+08:00,1786460400000,75.16,75.27,75.06,75.1,128393.28,128393.28,9653427.345,1
2026-08-11T23:15:00+08:00,1786461300000,75.09,75.38,75.05,75.32,93931,93931,7064837.9139,1
2026-08-11T23:30:00+08:00,1786462200000,75.32,75.34,74.58,74.8,338348.08,338348.08,25315731.1624,1
2026-08-11T23:45:00+08:00,1786463100000,74.81,74.93,74.66,74.88,115571.41,115571.41,8639984.4298,1
2026-08-12T00:00:00+08:00,1786464000000,74.88,75,74.75,74.97,96128.37,96128.37,7197419.2823,1
2026-08-12T00:15:00+08:00,1786464900000,74.98,75.05,74.86,74.93,62953.38,62953.38,4719971.66,1
2026-08-12T00:30:00+08:00,1786465800000,74.94,74.99,74.82,74.88,33270.83,33270.83,2491805.729,1
2026-08-12T00:45:00+08:00,1786466700000,74.87,74.98,74.85,74.88,24970.25,24970.25,1870442.2581,1
2026-08-12T01:00:00+08:00,1786467600000,74.88,75.02,74.88,74.94,40311.94,40311.94,3020694.9286,1
2026-08-12T01:15:00+08:00,1786468500000,74.95,75.05,74.9,75.04,27411.08,27411.08,2055150.8663,1
2026-08-12T01:30:00+08:00,1786469400000,75.03,75.07,74.95,75.01,28217.38,28217.38,2116679.7066,1
2026-08-12T01:45:00+08:00,1786470300000,75,75.18,74.93,75.13,60919.52,60919.52,4574194.0565,1
2026-08-12T02:00:00+08:00,1786471200000,75.12,75.22,75.11,75.19,39671.99,39671.99,2982426.1802,1
2026-08-12T02:15:00+08:00,1786472100000,75.2,75.3,75.16,75.17,42216.58,42216.58,3176698.3292,1
2026-08-12T02:30:00+08:00,1786473000000,75.17,75.26,75.04,75.21,60885.06,60885.06,4576066.3225,1
2026-08-12T02:45:00+08:00,1786473900000,75.2,75.27,75.12,75.22,10645.53,10645.53,800461.9137,1
2026-08-12T03:00:00+08:00,1786474800000,75.22,75.23,75.01,75.02,25305.26,25305.26,1900060.9159,1
2026-08-12T03:15:00+08:00,1786475700000,75.02,75.26,75.01,75.24,27684.06,27684.06,2080938.4831,1
2026-08-12T03:30:00+08:00,1786476600000,75.24,75.49,75.24,75.49,61459.97,61459.97,4632942.3681,1
2026-08-12T03:45:00+08:00,1786477500000,75.49,75.67,75.46,75.61,93909.54,93909.54,7096205.2554,1
2026-08-12T04:00:00+08:00,1786478400000,75.61,76.2,75.6,76.08,259762.57,259762.57,19746230.2974,1
2026-08-12T04:15:00+08:00,1786479300000,76.08,76.09,75.85,76.03,72921.75,72921.75,5537850.8901,1
2026-08-12T04:30:00+08:00,1786480200000,76.04,76.14,75.89,75.91,40919.11,40919.11,3109735.7556,1
2026-08-12T04:45:00+08:00,1786481100000,75.91,76.04,75.83,76,34767.94,34767.94,2639745.4251,1
2026-08-12T05:00:00+08:00,1786482000000,76.01,76.15,76,76.12,28060.36,28060.36,2134680.5647,1
2026-08-12T05:15:00+08:00,1786482900000,76.12,76.13,75.97,76.01,41759.7,41759.7,3175658.1991,1
2026-08-12T05:30:00+08:00,1786483800000,76,76.13,75.95,76.1,51848.84,51848.84,3942509.3364,1
2026-08-12T05:45:00+08:00,1786484700000,76.11,76.4,76.09,76.39,76683.06,76683.06,5849020.4131,1
2026-08-12T06:00:00+08:00,1786485600000,76.4,76.64,76.35,76.37,141440.38,141440.38,10820274.3276,1
2026-08-12T06:15:00+08:00,1786486500000,76.37,76.49,76.32,76.38,33490.65,33490.65,2557946.8921,1
2026-08-12T06:30:00+08:00,1786487400000,76.39,76.44,76.27,76.33,41117.25,41117.25,3139304.7586,1
2026-08-12T06:45:00+08:00,1786488300000,76.33,76.38,76.21,76.37,37792.1,37792.1,2883039.0844,1
2026-08-12T07:00:00+08:00,1786489200000,76.37,76.37,76.16,76.19,39801.06,39801.06,3033459.296,1
2026-08-12T07:15:00+08:00,1786490100000,76.2,76.3,76.15,76.24,36317.95,36317.95,2768092.5025,1
2026-08-12T07:30:00+08:00,1786491000000,76.23,76.29,76.15,76.29,35626.55,35626.55,2715454.3621,1
2026-08-12T07:45:00+08:00,1786491900000,76.29,76.29,76.16,76.26,40013.22,40013.22,3049456.8784,1
2026-08-12T08:00:00+08:00,1786492800000,76.26,76.28,76.18,76.25,28022.7,28022.7,2136006.1026,1
2026-08-12T08:15:00+08:00,1786493700000,76.25,76.29,76.18,76.22,27423.51,27423.51,2090358.8261,1
2026-08-12T08:30:00+08:00,1786494600000,76.22,76.28,76.21,76.23,13907.8,13907.8,1060454.0717,1
2026-08-12T08:45:00+08:00,1786495500000,76.23,76.33,76.2,76.33,34620.82,34620.82,2640960.3996,1
2026-08-12T09:00:00+08:00,1786496400000,76.33,76.47,76.29,76.46,49553.68,49553.68,3785314.6054,1
2026-08-12T09:15:00+08:00,1786497300000,76.46,76.48,76.31,76.31,45431.47,45431.47,3470340.3914,1
2026-08-12T09:30:00+08:00,1786498200000,76.31,76.44,76.25,76.44,35365.89,35365.89,2699258.9094,1
2026-08-12T09:45:00+08:00,1786499100000,76.44,76.55,76.33,76.39,76008.66,76008.66,5811117.9359,1
2026-08-12T10:00:00+08:00,1786500000000,76.39,76.54,76.38,76.47,58522.13,58522.13,4474524.9314,1
2026-08-12T10:15:00+08:00,1786500900000,76.46,76.53,76.39,76.52,29414.96,29414.96,2249048.675,1
2026-08-12T10:30:00+08:00,1786501800000,76.52,76.54,76.42,76.46,62975.14,62975.14,4816841.4663,1
2026-08-12T10:45:00+08:00,1786502700000,76.47,76.57,76.38,76.39,38384.72,38384.72,2935746.5718,1
2026-08-12T11:00:00+08:00,1786503600000,76.39,76.5,76.31,76.34,28750.83,28750.83,2197073.1341,1
2026-08-12T11:15:00+08:00,1786504500000,76.33,76.36,76.23,76.26,56323.02,56323.02,4297851.1512,1
2026-08-12T11:30:00+08:00,1786505400000,76.26,76.45,76.22,76.39,56121.31,56121.31,4287136.3604,1
2026-08-12T11:45:00+08:00,1786506300000,76.4,76.41,76.33,76.38,31700.67,31700.67,2421129.7485,1
2026-08-12T12:00:00+08:00,1786507200000,76.39,76.46,76.34,76.38,16575.25,16575.25,1266304.7699,1
2026-08-12T12:15:00+08:00,1786508100000,76.39,76.55,76.32,76.33,41219.52,41219.52,3150931.9438,1
2026-08-12T12:30:00+08:00,1786509000000,76.33,76.33,76.24,76.29,17810.39,17810.39,1358709.9804,1
2026-08-12T12:45:00+08:00,1786509900000,76.29,76.36,76.25,76.27,21567.92,21567.92,1645962.4112,1
2026-08-12T13:00:00+08:00,1786510800000,76.26,76.34,76.1,76.31,97549.28,97549.28,7432382.8672,1
2026-08-12T13:15:00+08:00,1786511700000,76.31,76.31,76.23,76.25,31918.31,31918.31,2434415.4927,1
2026-08-12T13:30:00+08:00,1786512600000,76.26,76.32,76.22,76.26,22497.32,22497.32,1715712.5556,1
2026-08-12T13:45:00+08:00,1786513500000,76.26,76.31,76.23,76.28,27429.9,27429.9,2092155.5396,1
2026-08-12T14:00:00+08:00,1786514400000,76.28,76.32,76.17,76.17,32277.03,32277.03,2461555.8364,1
2026-08-12T14:15:00+08:00,1786515300000,76.17,76.27,76.11,76.13,43439.65,43439.65,3308551.2973,1
2026-08-12T14:30:00+08:00,1786516200000,76.13,76.13,76.02,76.04,46896.09,46896.09,3567596.8164,1
2026-08-12T14:45:00+08:00,1786517100000,76.04,76.06,75.93,76.02,67823.6,67823.6,5154391.9866,1
2026-08-12T15:00:00+08:00,1786518000000,76.01,76.13,76,76.07,37879.57,37879.57,2881702.0099,1
2026-08-12T15:15:00+08:00,1786518900000,76.08,76.09,75.99,76,21759.13,21759.13,1654552.4599,1
2026-08-12T15:30:00+08:00,1786519800000,76,76.08,75.94,75.98,27188.87,27188.87,2066221.3932,1
2026-08-12T15:45:00+08:00,1786520700000,75.97,76.24,75.91,76.22,56253.64,56253.64,4280356.1357,1
2026-08-12T16:00:00+08:00,1786521600000,76.23,76.41,76.18,76.26,83449.47,83449.47,6367390.5963,1
2026-08-12T16:15:00+08:00,1786522500000,76.26,76.43,76.25,76.38,69555.28,69555.28,5310542.2513,1
2026-08-12T16:30:00+08:00,1786523400000,76.37,76.37,76.23,76.24,52866.85,52866.85,4034305.3368,1
2026-08-12T16:45:00+08:00,1786524300000,76.23,76.3,76.11,76.13,47811.29,47811.29,3643528.9739,1
2026-08-12T17:00:00+08:00,1786525200000,76.13,76.31,76.08,76.27,48171.89,48171.89,3670296.3692,1
2026-08-12T17:15:00+08:00,1786526100000,76.27,76.73,76.27,76.72,165300.98,165300.98,12655447.8043,1
2026-08-12T17:30:00+08:00,1786527000000,76.73,76.86,76.64,76.72,137659.5,137659.5,10564644.1102,1
2026-08-12T17:45:00+08:00,1786527900000,76.72,76.74,76.64,76.69,41457.7,41457.7,3179412.7506,1
2026-08-12T18:00:00+08:00,1786528800000,76.7,76.81,76.6,76.76,248529.12,248529.12,19060544.5808,1
2026-08-12T18:15:00+08:00,1786529700000,76.76,76.83,76.69,76.69,63141.76,63141.76,4846080.9794,1
2026-08-12T18:30:00+08:00,1786530600000,76.69,76.78,76.67,76.71,37554.76,37554.76,2881261.2409,1
2026-08-12T18:45:00+08:00,1786531500000,76.71,76.76,76.66,76.71,31770.61,31770.61,2437335.2723,1
2026-08-12T19:00:00+08:00,1786532400000,76.72,76.79,76.65,76.65,52285.71,52285.71,4010245.2057,1
2026-08-12T19:15:00+08:00,1786533300000,76.66,76.81,76.65,76.77,40204.14,40204.14,3085106.2414,1
2026-08-12T19:30:00+08:00,1786534200000,76.78,76.8,76.65,76.67,22378.77,22378.77,1716592.4748,1
2026-08-12T19:45:00+08:00,1786535100000,76.68,76.81,76.67,76.79,38229.36,38229.36,2934595.4062,1
2026-08-12T20:00:00+08:00,1786536000000,76.79,77.03,76.79,76.95,196404.07,196404.07,15108912.4909,1
2026-08-12T20:15:00+08:00,1786536900000,76.95,77.25,76.86,77.13,184297.19,184297.19,14200293.8337,1
2026-08-12T20:30:00+08:00,1786537800000,77.12,77.3,76.47,76.48,412875.84,412875.84,31693087.8647,1
2026-08-12T20:45:00+08:00,1786538700000,76.47,76.68,76.33,76.6,136942.72,136942.72,10473572.1922,1
2026-08-12T21:00:00+08:00,1786539600000,76.61,76.63,76.34,76.45,103389.52,103389.52,7905723.7654,1
2026-08-12T21:15:00+08:00,1786540500000,76.44,76.52,76.35,76.41,60666.35,60666.35,4637959.6269,1
2026-08-12T21:30:00+08:00,1786541400000,76.41,76.44,76.01,76.25,177290.12,177290.12,13517192.4929,1
2026-08-12T21:45:00+08:00,1786542300000,76.25,76.41,76.13,76.19,76849.64,76849.64,5862849.3122,1
2026-08-12T22:00:00+08:00,1786543200000,76.19,76.21,75.68,76.04,314068.59,314068.59,23847699.7022,1
2026-08-12T22:15:00+08:00,1786544100000,76.04,76.05,75.71,75.74,82653.3,82653.3,6273005.2252,1
2026-08-12T22:30:00+08:00,1786545000000,75.73,75.82,75.4,75.55,176266.86,176266.86,13325030.416,1
2026-08-12T22:45:00+08:00,1786545900000,75.55,75.67,75.37,75.42,117617.03,117617.03,8881003.9437,1
2026-08-12T23:00:00+08:00,1786546800000,75.42,75.73,75.33,75.71,102173,102173,7722991.8037,1
2026-08-12T23:15:00+08:00,1786547700000,75.71,75.84,75.62,75.69,72664.44,72664.44,5504304.9132,1
2026-08-12T23:30:00+08:00,1786548600000,75.7,75.8,75.58,75.76,40914.81,40914.81,3097438.4817,1
2026-08-12T23:45:00+08:00,1786549500000,75.77,75.8,75.66,75.72,38698.94,38698.94,2930279.4236,1
2026-08-13T00:00:00+08:00,1786550400000,75.71,75.76,75.6,75.7,51846.89,51846.89,3923502.643,1
2026-08-13T00:15:00+08:00,1786551300000,75.71,75.81,75.65,75.73,33188.5,33188.5,2513044.5877,1
2026-08-13T00:30:00+08:00,1786552200000,75.73,75.74,75.59,75.59,28037.83,28037.83,2121515.521,1
2026-08-13T00:45:00+08:00,1786553100000,75.59,75.69,75.52,75.65,26946.05,26946.05,2036967.0793,1
2026-08-13T01:00:00+08:00,1786554000000,75.65,75.75,75.64,75.71,16188.94,16188.94,1225453.2592,1
2026-08-13T01:15:00+08:00,1786554900000,75.71,75.79,75.63,75.78,27444.88,27444.88,2077775.6577,1
2026-08-13T01:30:00+08:00,1786555800000,75.78,76.02,75.7,75.93,53579.72,53579.72,4067799.2408,1
2026-08-13T01:45:00+08:00,1786556700000,75.93,76,75.86,75.88,29981.14,29981.14,2276577.3539,1
2026-08-13T02:00:00+08:00,1786557600000,75.87,75.99,75.84,75.98,29032.02,29032.02,2203900.1546,1
2026-08-13T02:15:00+08:00,1786558500000,75.98,75.98,75.87,75.93,19513.47,19513.47,1481321.6837,1
2026-08-13T02:30:00+08:00,1786559400000,75.94,76.07,75.91,75.98,24226.95,24226.95,1841148.5259,1
2026-08-13T02:45:00+08:00,1786560300000,75.98,75.99,75.79,75.85,23672.92,23672.92,1795789.511,1
2026-08-13T03:00:00+08:00,1786561200000,75.84,75.96,75.81,75.82,22825.61,22825.61,1732490.9089,1
2026-08-13T03:15:00+08:00,1786562100000,75.82,75.88,75.69,75.81,28387.14,28387.14,2151231.1867,1
2026-08-13T03:30:00+08:00,1786563000000,75.81,75.82,75.56,75.58,25650.2,25650.2,1941819.0011,1
2026-08-13T03:45:00+08:00,1786563900000,75.59,75.73,75.55,75.73,30886.49,30886.49,2336247.0558,1
2026-08-13T04:00:00+08:00,1786564800000,75.72,75.84,75.71,75.78,29372.7,29372.7,2225502.2312,1
2026-08-13T04:15:00+08:00,1786565700000,75.78,75.85,75.69,75.83,19461.24,19461.24,1474636.5626,1
2026-08-13T04:30:00+08:00,1786566600000,75.83,75.98,75.83,75.94,26068.8,26068.8,1978914.0092,1
2026-08-13T04:45:00+08:00,1786567500000,75.94,75.95,75.85,75.89,17460.4,17460.4,1325135.3748,1
2026-08-13T05:00:00+08:00,1786568400000,75.9,75.98,75.79,75.8,24368.33,24368.33,1848447.4722,1
2026-08-13T05:15:00+08:00,1786569300000,75.8,75.85,75.4,75.49,88703.08,88703.08,6701506.3652,1
2026-08-13T05:30:00+08:00,1786570200000,75.49,75.63,75.4,75.63,50076.91,50076.91,3782346.423,1
2026-08-13T05:45:00+08:00,1786571100000,75.63,75.65,75.4,75.42,35128.76,35128.76,2654702.2963,1
2026-08-13T06:00:00+08:00,1786572000000,75.42,75.63,75.3,75.54,106788.46,106788.46,8053333.9872,1
2026-08-13T06:15:00+08:00,1786572900000,75.55,75.61,75.5,75.55,18912.41,18912.41,1429157.4283,1
2026-08-13T06:30:00+08:00,1786573800000,75.54,75.54,75.37,75.46,26576.68,26576.68,2005132.4155,1
2026-08-13T06:45:00+08:00,1786574700000,75.46,75.5,75.41,75.48,23826.84,23826.84,1797711.6306,1
2026-08-13T07:00:00+08:00,1786575600000,75.48,75.54,75.4,75.42,26980.17,26980.17,2035650.082,1
2026-08-13T07:15:00+08:00,1786576500000,75.42,75.46,75.34,75.45,61489.32,61489.32,4635957.72,1
2026-08-13T07:30:00+08:00,1786577400000,75.46,75.58,75.44,75.51,28550.87,28550.87,2156280.3494,1
2026-08-13T07:45:00+08:00,1786578300000,75.51,75.61,75.51,75.58,23808.96,23808.96,1798861.9599,1
2026-08-13T08:00:00+08:00,1786579200000,75.58,75.78,75.55,75.73,47438.98,47438.98,3590674.6684,1
2026-08-13T08:15:00+08:00,1786580100000,75.73,75.85,75.72,75.77,31519.7,31519.7,2388816.1107,1
2026-08-13T08:30:00+08:00,1786581000000,75.76,75.77,75.54,75.56,45346.42,45346.42,3429535.7268,1
2026-08-13T08:45:00+08:00,1786581900000,75.57,75.66,75.51,75.57,20481.31,20481.31,1548397.0627,1
2026-08-13T09:00:00+08:00,1786582800000,75.58,75.72,75.51,75.7,33497.44,33497.44,2532768.9105,1
2026-08-13T09:15:00+08:00,1786583700000,75.7,75.71,75.43,75.5,42777.94,42777.94,3232244.7657,1
2026-08-13T09:30:00+08:00,1786584600000,75.5,75.77,75.48,75.57,46264.91,46264.91,3500440.7785,1
2026-08-13T09:45:00+08:00,1786585500000,75.58,75.71,75.53,75.59,19689.01,19689.01,1488762.8274,1
2026-08-13T10:00:00+08:00,1786586400000,75.59,75.61,75.52,75.58,32240.52,32240.52,2436442.3911,1
2026-08-13T10:15:00+08:00,1786587300000,75.58,75.66,75.57,75.63,13841.28,13841.28,1046590.4414,1
2026-08-13T10:30:00+08:00,1786588200000,75.64,75.69,75.48,75.68,44049.31,44049.31,3328018.0237,1
2026-08-13T10:45:00+08:00,1786589100000,75.69,75.94,75.62,75.94,112846.26,112846.26,8552347.089,1
2026-08-13T11:00:00+08:00,1786590000000,75.93,76.12,75.91,76.11,74836.53,74836.53,5688080.4246,1
2026-08-13T11:15:00+08:00,1786590900000,76.12,76.22,76.04,76.18,103893.57,103893.57,7910311.4141,1
2026-08-13T11:30:00+08:00,1786591800000,76.18,76.27,76.12,76.16,96595.18,96595.18,7360445.4308,1
2026-08-13T11:45:00+08:00,1786592700000,76.16,76.27,76.16,76.21,48514.51,48514.51,3697932.6359,1
2026-08-13T12:00:00+08:00,1786593600000,76.21,76.24,76.11,76.13,37617.22,37617.22,2865620.4499,1
2026-08-13T12:15:00+08:00,1786594500000,76.13,76.15,75.98,76.04,55101.34,55101.34,4189684.067,1
2026-08-13T12:30:00+08:00,1786595400000,76.03,76.15,76.03,76.1,23574.75,23574.75,1794307.9248,1
2026-08-13T12:45:00+08:00,1786596300000,76.11,76.16,76.05,76.08,34728.3,34728.3,2642700.8097,1
2026-08-13T13:00:00+08:00,1786597200000,76.08,76.23,76.04,76.22,55222.43,55222.43,4206157.1258,1
2026-08-13T13:15:00+08:00,1786598100000,76.22,76.34,76.21,76.34,62130.75,62130.75,4739633.7607,1
2026-08-13T13:30:00+08:00,1786599000000,76.34,76.56,76.25,76.53,124760.56,124760.56,9535127.4872,1
2026-08-13T13:45:00+08:00,1786599900000,76.52,76.59,76.45,76.48,69463.84,69463.84,5314489.5307,1
2026-08-13T14:00:00+08:00,1786600800000,76.48,76.5,76.4,76.43,65220.41,65220.41,4985692.8796,1
2026-08-13T14:15:00+08:00,1786601700000,76.43,76.47,76.37,76.4,38191.26,38191.26,2918565.0117,1
2026-08-13T14:30:00+08:00,1786602600000,76.4,76.4,76.27,76.28,50834.43,50834.43,3879678.615,1
2026-08-13T14:45:00+08:00,1786603500000,76.29,76.49,76.28,76.49,41470.03,41470.03,3167418.4631,1
2026-08-13T15:00:00+08:00,1786604400000,76.49,76.49,76.36,76.39,30298.05,30298.05,2314860.6663,1
2026-08-13T15:15:00+08:00,1786605300000,76.39,76.47,76.35,76.45,35952.06,35952.06,2746745.1284,1
2026-08-13T15:30:00+08:00,1786606200000,76.45,76.47,76.4,76.4,23627.9,23627.9,1806092.556,1
2026-08-13T15:45:00+08:00,1786607100000,76.41,76.41,76.35,76.41,30147.96,30147.96,2302959.9392,1
2026-08-13T16:00:00+08:00,1786608000000,76.41,76.45,76.24,76.24,49352.68,49352.68,3767600.9299,1
2026-08-13T16:15:00+08:00,1786608900000,76.25,76.25,76.2,76.21,31435.75,31435.75,2396260.671,1
2026-08-13T16:30:00+08:00,1786609800000,76.21,76.23,76.18,76.2,27701.25,27701.25,2110992.2506,1
2026-08-13T16:45:00+08:00,1786610700000,76.19,76.2,76.13,76.17,40245.88,40245.88,3064865.0254,1
2026-08-13T17:00:00+08:00,1786611600000,76.17,76.17,75.89,75.92,70152.85,70152.85,5333525.2949,1
2026-08-13T17:15:00+08:00,1786612500000,75.91,76.04,75.83,75.96,78604.16,78604.16,5971110.6164,1
2026-08-13T17:30:00+08:00,1786613400000,75.96,76.02,75.89,75.94,79048.6,79048.6,6003235.1046,1
2026-08-13T17:45:00+08:00,1786614300000,75.94,76.14,75.93,76.12,36145.58,36145.58,2749579.972,1
2026-08-13T18:00:00+08:00,1786615200000,76.12,76.14,75.8,75.82,144027.46,144027.46,10929462.8443,1
2026-08-13T18:15:00+08:00,1786616100000,75.81,75.88,75.8,75.81,28188.55,28188.55,2137439.3792,1
2026-08-13T18:30:00+08:00,1786617000000,75.8,75.81,75.65,75.71,97858.76,97858.76,7410174.4319,1
2026-08-13T18:45:00+08:00,1786617900000,75.71,75.75,75.7,75.71,26815.48,26815.48,2030700.0368,1
2026-08-13T19:00:00+08:00,1786618800000,75.7,75.72,75.59,75.61,56908.7,56908.7,4304573.8242,1
2026-08-13T19:15:00+08:00,1786619700000,75.62,75.63,75.52,75.56,64019.3,64019.3,4838339.6804,1
2026-08-13T19:30:00+08:00,1786620600000,75.57,75.68,75.51,75.6,78022.41,78022.41,5897117.6329,1
2026-08-13T19:45:00+08:00,1786621500000,75.59,75.65,75.57,75.61,24957.12,24957.12,1886979.0177,1
2026-08-13T20:00:00+08:00,1786622400000,75.6,75.8,75.58,75.8,68041.06,68041.06,5150663.2845,1
2026-08-13T20:15:00+08:00,1786623300000,75.79,75.88,75.73,75.82,57274.08,57274.08,4340983.0217,1
2026-08-13T20:30:00+08:00,1786624200000,75.83,75.99,75.72,75.92,89781.46,89781.46,6814293.4405,1
2026-08-13T20:45:00+08:00,1786625100000,75.93,76.1,75.86,76.08,80076.25,80076.25,6082539.212,1
2026-08-13T21:00:00+08:00,1786626000000,76.08,76.18,76.04,76.11,51257.99,51257.99,3901473.0403,1
2026-08-13T21:15:00+08:00,1786626900000,76.1,76.11,75.99,76.03,58624.98,58624.98,4458643.2666,1
2026-08-13T21:30:00+08:00,1786627800000,76.02,76.33,76,76.26,79831.19,79831.19,6082656.1865,1
2026-08-13T21:45:00+08:00,1786628700000,76.25,76.26,76.12,76.16,50514.43,50514.43,3848986.6741,1
2026-08-13T22:00:00+08:00,1786629600000,76.15,76.42,76.09,76.31,75044.26,75044.26,5723264.27,1
2026-08-13T22:15:00+08:00,1786630500000,76.3,76.39,76.19,76.24,42936.57,42936.57,3275249.3379,1
2026-08-13T22:30:00+08:00,1786631400000,76.24,76.55,76.2,76.52,149132.13,149132.13,11403900.4669,1
2026-08-13T22:45:00+08:00,1786632300000,76.53,76.53,76.42,76.42,57290.69,57290.69,4381020.3916,1
2026-08-13T23:00:00+08:00,1786633200000,76.42,76.5,76.32,76.34,52891.28,52891.28,4040479.8519,1
2026-08-13T23:15:00+08:00,1786634100000,76.34,76.37,75.92,76.03,107053.57,107053.57,8150906.1286,1
2026-08-13T23:30:00+08:00,1786635000000,76.03,76.16,76,76.07,70305.84,70305.84,5348068.0899,1
2026-08-13T23:45:00+08:00,1786635900000,76.06,76.07,75.59,75.6,125886.23,125886.23,9543392.2924,1
2026-08-14T00:00:00+08:00,1786636800000,75.6,75.76,75.49,75.68,184098.45,184098.45,13924588.0269,1
2026-08-14T00:15:00+08:00,1786637700000,75.68,75.84,75.6,75.62,118113.78,118113.78,8945169.2907,1
2026-08-14T00:30:00+08:00,1786638600000,75.62,75.67,75.06,75.33,307580.82,307580.82,23163397.3184,1
2026-08-14T00:45:00+08:00,1786639500000,75.34,75.63,75.25,75.55,189695.03,189695.03,14318385.6493,1
2026-08-14T01:00:00+08:00,1786640400000,75.55,75.76,75.5,75.7,104857.11,104857.11,7930291.0812,1
2026-08-14T01:15:00+08:00,1786641300000,75.7,75.85,75.68,75.77,84136.57,84136.57,6374968.2713,1
2026-08-14T01:30:00+08:00,1786642200000,75.78,75.9,75.71,75.83,40333.9,40333.9,3057124.0511,1
2026-08-14T01:45:00+08:00,1786643100000,75.82,75.87,75.71,75.72,29295.19,29295.19,2220235.1642,1
2026-08-14T02:00:00+08:00,1786644000000,75.72,75.88,75.69,75.82,27076.32,27076.32,2051807.8579,1
2026-08-14T02:15:00+08:00,1786644900000,75.82,75.92,75.71,75.71,19581.53,19581.53,1485006.4719,1
2026-08-14T02:30:00+08:00,1786645800000,75.71,75.8,75.64,75.79,33269.41,33269.41,2518508.7366,1
2026-08-14T02:45:00+08:00,1786646700000,75.79,76.07,75.77,75.97,40212.32,40212.32,3054404.6288,1
2026-08-14T03:00:00+08:00,1786647600000,75.98,76.25,75.93,76.09,77524.08,77524.08,5900754.1878,1
2026-08-14T03:15:00+08:00,1786648500000,76.09,76.13,76.01,76.09,38805.48,38805.48,2951975.5475,1
2026-08-14T03:30:00+08:00,1786649400000,76.09,76.13,76.02,76.09,39577.56,39577.56,3010521.6391,1
2026-08-14T03:45:00+08:00,1786650300000,76.09,76.16,76.07,76.16,29171.3,29171.3,2220365.6083,1
2026-08-14T04:00:00+08:00,1786651200000,76.15,76.3,76.1,76.15,69961.65,69961.65,5330302.3317,1
2026-08-14T04:15:00+08:00,1786652100000,76.14,76.23,76.12,76.22,18570.61,18570.61,1414394.3303,1
2026-08-14T04:30:00+08:00,1786653000000,76.23,76.3,76.19,76.22,31811.43,31811.43,2424998.2864,1
2026-08-14T04:45:00+08:00,1786653900000,76.22,76.23,76.13,76.19,20671.53,20671.53,1574484.9914,1
2026-08-14T05:00:00+08:00,1786654800000,76.19,76.27,76.17,76.2,17439.12,17439.12,1329446.629,1
2026-08-14T05:15:00+08:00,1786655700000,76.21,76.22,76.12,76.14,9165.12,9165.12,698066.9241,1
2026-08-14T05:30:00+08:00,1786656600000,76.14,76.18,76.07,76.16,34949.15,34949.15,2660325.7282,1
2026-08-14T05:45:00+08:00,1786657500000,76.16,76.22,76.13,76.17,12804.95,12804.95,975420.4552,1
2026-08-14T06:00:00+08:00,1786658400000,76.17,76.41,76.16,76.36,49638.15,49638.15,3787012.5107,1
2026-08-14T06:15:00+08:00,1786659300000,76.36,76.39,76.31,76.38,39242.11,39242.11,2996547.7328,1
2026-08-14T06:30:00+08:00,1786660200000,76.38,76.39,76.31,76.33,8934.65,8934.65,682092.6676,1
2026-08-14T06:45:00+08:00,1786661100000,76.32,76.35,76.2,76.2,15218.7,15218.7,1160811.1302,1
2026-08-14T07:00:00+08:00,1786662000000,76.2,76.21,76.13,76.16,19183.8,19183.8,1461294.0622,1
2026-08-14T07:15:00+08:00,1786662900000,76.16,76.21,76.11,76.2,20450.69,20450.69,1557714.7775,1
2026-08-14T07:30:00+08:00,1786663800000,76.2,76.27,76.18,76.25,18900.28,18900.28,1440696.7438,1
2026-08-14T07:45:00+08:00,1786664700000,76.25,76.26,76.17,76.23,14912.71,14912.71,1136548.03,1
2026-08-14T08:00:00+08:00,1786665600000,76.23,76.29,76.15,76.16,31501.28,31501.28,2401643.7838,1
2026-08-14T08:15:00+08:00,1786666500000,76.15,76.21,76.06,76.07,27649.73,27649.73,2105065.1181,1
2026-08-14T08:30:00+08:00,1786667400000,76.06,76.17,75.95,76.13,46534.08,46534.08,3538067.7659,1
2026-08-14T08:45:00+08:00,1786668300000,76.13,76.13,75.99,76.06,33827.88,33827.88,2572755.1907,1
2026-08-14T09:00:00+08:00,1786669200000,76.05,76.07,75.9,75.9,33369.9,33369.9,2535287.1562,1
2026-08-14T09:15:00+08:00,1786670100000,75.9,76.08,75.87,75.96,24305.54,24305.54,1846575.1669,1
2026-08-14T09:30:00+08:00,1786671000000,75.96,76.11,75.93,76.11,13525.93,13525.93,1028086.1179,1
2026-08-14T09:45:00+08:00,1786671900000,76.11,76.15,76.03,76.05,17998.4,17998.4,1369142.0099,1
2026-08-14T10:00:00+08:00,1786672800000,76.06,76.18,76.04,76.09,23869.54,23869.54,1816645.4862,1
2026-08-14T10:15:00+08:00,1786673700000,76.1,76.13,75.95,76,26696.33,26696.33,2029319.6362,1
2026-08-14T10:30:00+08:00,1786674600000,76.01,76.11,75.97,76.05,16215.98,16215.98,1232884.9702,1
2026-08-14T10:45:00+08:00,1786675500000,76.05,76.14,75.99,76,15501.65,15501.65,1179600.0913,1
2026-08-14T11:00:00+08:00,1786676400000,75.99,76,75.76,75.89,54375.72,54375.72,4124352.6726,1
2026-08-14T11:15:00+08:00,1786677300000,75.88,76.03,75.88,75.94,15358.41,15358.41,1166948.5159,1
2026-08-14T11:30:00+08:00,1786678200000,75.94,75.95,75.72,75.81,55841.62,55841.62,4231748.4099,1
2026-08-14T11:45:00+08:00,1786679100000,75.8,75.81,75.7,75.73,31803.89,31803.89,2408941.3812,1
2026-08-14T12:00:00+08:00,1786680000000,75.72,75.89,75.7,75.88,31888.26,31888.26,2418215.5329,1
2026-08-14T12:15:00+08:00,1786680900000,75.88,76,75.88,75.91,33712.25,33712.25,2559840.7045,1
2026-08-14T12:30:00+08:00,1786681800000,75.9,75.92,75.86,75.88,11962.51,11962.51,907815.9782,1
2026-08-14T12:45:00+08:00,1786682700000,75.89,75.89,75.79,75.8,14531.35,14531.35,1101944.5087,1
2026-08-14T13:00:00+08:00,1786683600000,75.8,75.88,75.79,75.8,16225.77,16225.77,1230493.7967,1
2026-08-14T13:15:00+08:00,1786684500000,75.8,75.85,75.76,75.85,26975.9,26975.9,2045025.635,1
2026-08-14T13:30:00+08:00,1786685400000,75.84,75.96,75.82,75.91,23996.37,23996.37,1820944.1444,1
2026-08-14T13:45:00+08:00,1786686300000,75.9,75.92,75.82,75.88,14287.46,14287.46,1083902.6032,1
2026-08-14T14:00:00+08:00,1786687200000,75.88,75.89,75.72,75.73,27836.54,27836.54,2109291.299,1
2026-08-14T14:15:00+08:00,1786688100000,75.74,75.74,75.57,75.58,45545.12,45545.12,3444927.9017,1
2026-08-14T14:30:00+08:00,1786689000000,75.58,75.67,75.58,75.61,44346.36,44346.36,3353820.3784,1
2026-08-14T14:45:00+08:00,1786689900000,75.62,75.66,75.49,75.5,85381.8,85381.8,6450460.6354,1
2026-08-14T15:00:00+08:00,1786690800000,75.5,75.63,75.45,75.62,61499.58,61499.58,4645579.3597,1
2026-08-14T15:15:00+08:00,1786691700000,75.63,75.69,75.6,75.65,34134.72,34134.72,2582231.2934,1
2026-08-14T15:30:00+08:00,1786692600000,75.66,75.66,75.51,75.57,25734.44,25734.44,1945132.5183,1
2026-08-14T15:45:00+08:00,1786693500000,75.56,75.61,75.53,75.53,28545.48,28545.48,2157218.7415,1
2026-08-14T16:00:00+08:00,1786694400000,75.53,75.65,75.53,75.6,30231.63,30231.63,2284856.5378,1
2026-08-14T16:15:00+08:00,1786695300000,75.6,75.69,75.52,75.63,38267.54,38267.54,2892818.9935,1
2026-08-14T16:30:00+08:00,1786696200000,75.62,75.84,75.6,75.69,53421.13,53421.13,4045925.3516,1
2026-08-14T16:45:00+08:00,1786697100000,75.69,75.84,75.66,75.83,20083.8,20083.8,1521554.4281,1
2026-08-14T17:00:00+08:00,1786698000000,75.83,75.84,75.7,75.76,46716.78,46716.78,3539579.3894,1
2026-08-14T17:15:00+08:00,1786698900000,75.77,75.78,75.65,75.66,20953.3,20953.3,1587203.2172,1
2026-08-14T17:30:00+08:00,1786699800000,75.66,75.67,75.37,75.42,112738.94,112738.94,8512515.0513,1
2026-08-14T17:45:00+08:00,1786700700000,75.42,75.54,75.41,75.45,65002.55,65002.55,4904590.5993,1
2026-08-14T18:00:00+08:00,1786701600000,75.46,75.57,75.4,75.54,57006.78,57006.78,4304543.6208,1
2026-08-14T18:15:00+08:00,1786702500000,75.54,75.61,75.44,75.49,28048.23,28048.23,2118266.2112,1
2026-08-14T18:30:00+08:00,1786703400000,75.48,75.53,75.45,75.46,21875.55,21875.55,1651333.3794,1
2026-08-14T18:45:00+08:00,1786704300000,75.46,75.49,75.3,75.36,103905.15,103905.15,7835276.1765,1
2026-08-14T19:00:00+08:00,1786705200000,75.35,75.49,75.35,75.43,45201.03,45201.03,3409344.2759,1
2026-08-14T19:15:00+08:00,1786706100000,75.42,75.56,75.41,75.49,30753.69,30753.69,2321961.0286,1
2026-08-14T19:30:00+08:00,1786707000000,75.5,75.56,75.45,75.5,19587.55,19587.55,1478743.1544,1
2026-08-14T19:45:00+08:00,1786707900000,75.49,75.53,75.45,75.5,11730.69,11730.69,885693.0276,1
2026-08-14T20:00:00+08:00,1786708800000,75.5,75.54,75.29,75.38,50004.41,50004.41,3770313.7083,1
2026-08-14T20:15:00+08:00,1786709700000,75.37,75.51,75.35,75.51,33242.17,33242.17,2507498.8879,1
2026-08-14T20:30:00+08:00,1786710600000,75.51,75.56,75.4,75.41,13430.86,13430.86,1013786.5803,1
2026-08-14T20:45:00+08:00,1786711500000,75.41,75.47,75.34,75.42,20520.93,20520.93,1547170.6139,1
2026-08-14T21:00:00+08:00,1786712400000,75.43,75.44,75.29,75.41,25439.8,25439.8,1917383.722,1
2026-08-14T21:15:00+08:00,1786713300000,75.4,75.42,75.25,75.33,56581.3,56581.3,4262518.5079,1
2026-08-14T21:30:00+08:00,1786714200000,75.32,75.38,75.19,75.35,75074.51,75074.51,5652127.5951,1
2026-08-14T21:45:00+08:00,1786715100000,75.35,75.39,75.25,75.32,40795.38,40795.38,3072948.5161,1
2026-08-14T22:00:00+08:00,1786716000000,75.33,75.38,75.17,75.18,63717.68,63717.68,4796673.6979,1
2026-08-14T22:15:00+08:00,1786716900000,75.18,75.22,75.01,75.19,117785.84,117785.84,8846683.3724,1
2026-08-14T22:30:00+08:00,1786717800000,75.2,75.36,75.15,75.28,54690.23,54690.23,4115715.3148,1
2026-08-14T22:45:00+08:00,1786718700000,75.28,75.34,75.12,75.22,50477.94,50477.94,3798412.2517,1
2026-08-14T23:00:00+08:00,1786719600000,75.22,75.27,75.14,75.24,36605.59,36605.59,2753293.3585,1
2026-08-14T23:15:00+08:00,1786720500000,75.23,75.53,75.2,75.53,49534.91,49534.91,3730592.0606,1
2026-08-14T23:30:00+08:00,1786721400000,75.53,75.7,75.38,75.67,96480.9,96480.9,7291678.1286,1
2026-08-14T23:45:00+08:00,1786722300000,75.67,75.72,75.6,75.61,44032.86,44032.86,3331590.4634,1
2026-08-15T00:00:00+08:00,1786723200000,75.6,75.66,75.52,75.61,44841.09,44841.09,3389541.4924,1
2026-08-15T00:15:00+08:00,1786724100000,75.61,75.63,75.5,75.52,29998.62,29998.62,2266632.0309,1
2026-08-15T00:30:00+08:00,1786725000000,75.53,75.65,75.52,75.53,57665.34,57665.34,4358264.5599,1
2026-08-15T00:45:00+08:00,1786725900000,75.54,75.54,75.4,75.43,45124.92,45124.92,3405002.4859,1
2026-08-15T01:00:00+08:00,1786726800000,75.43,75.51,75.4,75.51,18101.96,18101.96,1365823.4786,1
2026-08-15T01:15:00+08:00,1786727700000,75.51,75.63,75.49,75.56,21095.27,21095.27,1594032.3488,1
2026-08-15T01:30:00+08:00,1786728600000,75.56,75.61,75.38,75.41,18229.34,18229.34,1376077.4677,1
2026-08-15T01:45:00+08:00,1786729500000,75.4,75.45,75.11,75.25,93211.36,93211.36,7014305.6184,1
2026-08-15T02:00:00+08:00,1786730400000,75.25,75.26,74.92,75.03,142439.39,142439.39,10692425.6068,1
2026-08-15T02:15:00+08:00,1786731300000,75.04,75.23,75.01,75.13,76647.62,76647.62,5757217.8961,1
2026-08-15T02:30:00+08:00,1786732200000,75.12,75.16,74.98,75.1,42089.61,42089.61,3158973.0479,1
2026-08-15T02:45:00+08:00,1786733100000,75.09,75.1,74.88,74.92,70007.33,70007.33,5245909.7046,1
2026-08-15T03:00:00+08:00,1786734000000,74.92,74.92,74.68,74.68,172916.15,172916.15,12928192.9642,1
2026-08-15T03:15:00+08:00,1786734900000,74.68,74.83,74.62,74.79,75072.11,75072.11,5608633.2596,1
2026-08-15T03:30:00+08:00,1786735800000,74.79,75.02,74.74,75.01,83792.35,83792.35,6275573.5997,1
2026-08-15T03:45:00+08:00,1786736700000,75,75.05,74.95,74.96,40487.56,40487.56,3036708.9106,1
2026-08-15T04:00:00+08:00,1786737600000,74.95,75.14,74.92,75.07,47444.08,47444.08,3560730.6632,1
2026-08-15T04:15:00+08:00,1786738500000,75.07,75.17,75.04,75.15,38322.06,38322.06,2878236.7843,1
2026-08-15T04:30:00+08:00,1786739400000,75.16,75.2,75.1,75.17,17530.1,17530.1,1317421.5226,1
2026-08-15T04:45:00+08:00,1786740300000,75.18,75.19,75.07,75.1,19913.24,19913.24,1495841.0007,1
2026-08-15T05:00:00+08:00,1786741200000,75.11,75.17,75.04,75.09,19422.04,19422.04,1458639.4171,1
2026-08-15T05:15:00+08:00,1786742100000,75.09,75.2,75.08,75.17,13820.28,13820.28,1038523.7827,1
2026-08-15T05:30:00+08:00,1786743000000,75.17,75.18,75.09,75.1,18994.91,18994.91,1427323.8002,1
2026-08-15T05:45:00+08:00,1786743900000,75.1,75.18,75.06,75.14,11920.5,11920.5,895433.8847,1
2026-08-15T06:00:00+08:00,1786744800000,75.15,75.24,75.08,75.1,35224.57,35224.57,2648169.0285,1
2026-08-15T06:15:00+08:00,1786745700000,75.1,75.1,74.93,74.94,22567.64,22567.64,1692672.6664,1
2026-08-15T06:30:00+08:00,1786746600000,74.94,75.07,74.94,75.05,16239.9,16239.9,1218151.4547,1
2026-08-15T06:45:00+08:00,1786747500000,75.06,75.18,75.04,75.15,21592.55,21592.55,1622240.4606,1
2026-08-15T07:00:00+08:00,1786748400000,75.15,75.22,75.11,75.18,9610.79,9610.79,722277.2716,1
2026-08-15T07:15:00+08:00,1786749300000,75.19,75.3,75.15,75.29,18758,18758,1411205.6612,1
2026-08-15T07:30:00+08:00,1786750200000,75.28,75.37,75.2,75.32,54725.01,54725.01,4119630.106,1
2026-08-15T07:45:00+08:00,1786751100000,75.32,75.37,75.3,75.35,21199.84,21199.84,1597275.2797,1
2026-08-15T08:00:00+08:00,1786752000000,75.36,75.39,75.3,75.33,27134.92,27134.92,2044510.1541,1
2026-08-15T08:15:00+08:00,1786752900000,75.33,75.36,75.3,75.33,18386.04,18386.04,1385075.8034,1
2026-08-15T08:30:00+08:00,1786753800000,75.34,75.38,75.31,75.33,16141.8,16141.8,1216168.072,1
2026-08-15T08:45:00+08:00,1786754700000,75.33,75.39,75.29,75.31,17061.85,17061.85,1285415.4882,1
2026-08-15T09:00:00+08:00,1786755600000,75.31,75.38,75.25,75.35,19413.69,19413.69,1461986.3009,1
2026-08-15T09:15:00+08:00,1786756500000,75.36,75.43,75.31,75.38,30490.04,30490.04,2298134.6459,1
2026-08-15T09:30:00+08:00,1786757400000,75.38,75.42,75.35,75.39,22863.65,22863.65,1723545.2669,1
2026-08-15T09:45:00+08:00,1786758300000,75.39,75.39,75.34,75.37,14491.71,14491.71,1092223.2171,1
2026-08-15T10:00:00+08:00,1786759200000,75.37,75.44,75.35,75.43,27977.97,27977.97,2109421.446,1
2026-08-15T10:15:00+08:00,1786760100000,75.44,75.58,75.44,75.51,58799.84,58799.84,4441138.3084,1
2026-08-15T10:30:00+08:00,1786761000000,75.52,75.64,75.51,75.59,36814.2,36814.2,2782269.4811,1
2026-08-15T10:45:00+08:00,1786761900000,75.58,75.62,75.52,75.61,22953.02,22953.02,1734581.3851,1
2026-08-15T11:00:00+08:00,1786762800000,75.62,75.68,75.58,75.63,37047.51,37047.51,2801794.5835,1
2026-08-15T11:15:00+08:00,1786763700000,75.64,75.66,75.54,75.58,29012.1,29012.1,2193004.0156,1
2026-08-15T11:30:00+08:00,1786764600000,75.57,75.6,75.44,75.46,29115.98,29115.98,2198707.7355,1
2026-08-15T11:45:00+08:00,1786765500000,75.46,75.46,75.35,75.36,40067.67,40067.67,3021044.328,1
2026-08-15T12:00:00+08:00,1786766400000,75.36,75.45,75.31,75.43,55460.74,55460.74,4180541.6151,1
2026-08-15T12:15:00+08:00,1786767300000,75.44,75.55,75.43,75.54,39066.22,39066.22,2948671.2036,1
2026-08-15T12:30:00+08:00,1786768200000,75.54,75.55,75.48,75.55,17517.68,17517.68,1322817.9598,1
2026-08-15T12:45:00+08:00,1786769100000,75.56,75.56,75.47,75.47,23023.74,23023.74,1738828.3153,1
2026-08-15T13:00:00+08:00,1786770000000,75.47,75.55,75.43,75.5,33566.39,33566.39,2534351.8032,1
2026-08-15T13:15:00+08:00,1786770900000,75.5,75.51,75.4,75.4,16992.76,16992.76,1282271.3167,1
2026-08-15T13:30:00+08:00,1786771800000,75.4,75.45,75.26,75.35,70963.84,70963.84,5347147.0525,1
2026-08-15T13:45:00+08:00,1786772700000,75.35,75.37,75.24,75.3,32493.85,32493.85,2447193.0626,1
2026-08-15T14:00:00+08:00,1786773600000,75.3,75.35,75.22,75.23,24202.85,24202.85,1822457.007,1
2026-08-15T14:15:00+08:00,1786774500000,75.22,75.3,75.22,75.26,20575.28,20575.28,1548747.7311,1
2026-08-15T14:30:00+08:00,1786775400000,75.27,75.34,75.27,75.33,35162.67,35162.67,2648211.3073,1
2026-08-15T14:45:00+08:00,1786776300000,75.33,75.45,75.32,75.37,15396.58,15396.58,1160729.4506,1
2026-08-15T15:00:00+08:00,1786777200000,75.38,75.38,75.3,75.36,17470.6,17470.6,1316248.2856,1
2026-08-15T15:15:00+08:00,1786778100000,75.35,75.36,75.26,75.28,7869.15,7869.15,592479.7002,1
2026-08-15T15:30:00+08:00,1786779000000,75.29,75.29,75.21,75.23,26953.41,26953.41,2028212.1299,1
2026-08-15T15:45:00+08:00,1786779900000,75.24,75.26,75.16,75.2,22086.21,22086.21,1660859.3219,1
2026-08-15T16:00:00+08:00,1786780800000,75.2,75.22,75.11,75.19,60389.26,60389.26,4538773.4787,1
2026-08-15T16:15:00+08:00,1786781700000,75.18,75.27,75.18,75.22,16032.13,16032.13,1206044.6283,1
2026-08-15T16:30:00+08:00,1786782600000,75.22,75.22,75.08,75.1,41540.98,41540.98,3120397.6572,1
2026-08-15T16:45:00+08:00,1786783500000,75.09,75.15,75.02,75.03,27611.17,27611.17,2072802.606,1
2026-08-15T17:00:00+08:00,1786784400000,75.04,75.09,74.99,75.07,56430.14,56430.14,4233842.6813,1
2026-08-15T17:15:00+08:00,1786785300000,75.06,75.15,75.06,75.14,21047.98,21047.98,1580835.626,1
2026-08-15T17:30:00+08:00,1786786200000,75.15,75.17,75.13,75.16,20970.78,20970.78,1575944.7743,1
2026-08-15T17:45:00+08:00,1786787100000,75.16,75.21,75.16,75.19,11014.8,11014.8,828154.2696,1
2026-08-15T18:00:00+08:00,1786788000000,75.2,75.25,75.16,75.24,47885.92,47885.92,3601451.6142,1
2026-08-15T18:15:00+08:00,1786788900000,75.25,75.32,75.24,75.26,18636.71,18636.71,1402854.0604,1
2026-08-15T18:30:00+08:00,1786789800000,75.26,75.3,75.22,75.22,17285.94,17285.94,1300845.3904,1
2026-08-15T18:45:00+08:00,1786790700000,75.22,75.27,75.21,75.25,14144.16,14144.16,1064208.7984,1
2026-08-15T19:00:00+08:00,1786791600000,75.24,75.27,75.22,75.23,11262.88,11262.88,847397.7494,1
2026-08-15T19:15:00+08:00,1786792500000,75.23,75.27,75.21,75.22,13292.55,13292.55,1000079.5384,1
2026-08-15T19:30:00+08:00,1786793400000,75.21,75.25,75.21,75.25,6743.66,6743.66,507262.9553,1
2026-08-15T19:45:00+08:00,1786794300000,75.25,75.26,75.17,75.21,14656.8,14656.8,1102223.4289,1
2026-08-15T20:00:00+08:00,1786795200000,75.2,75.21,75.16,75.18,6115.2,6115.2,459781.2509,1
2026-08-15T20:15:00+08:00,1786796100000,75.19,75.22,75.16,75.16,10189.63,10189.63,766141.3303,1
2026-08-15T20:30:00+08:00,1786797000000,75.16,75.23,75.16,75.22,5337.12,5337.12,401325.8917,1
2026-08-15T20:45:00+08:00,1786797900000,75.22,75.39,75.2,75.38,19802.14,19802.14,1491069.9749,1
2026-08-15T21:00:00+08:00,1786798800000,75.37,75.46,75.35,75.43,36133.97,36133.97,2724954.0307,1
2026-08-15T21:15:00+08:00,1786799700000,75.44,75.46,75.4,75.42,17882.46,17882.46,1348879.1819,1
2026-08-15T21:30:00+08:00,1786800600000,75.42,75.53,75.42,75.52,39310.81,39310.81,2967784.837,1
2026-08-15T21:45:00+08:00,1786801500000,75.52,75.53,75.49,75.52,18370.28,18370.28,1387099.4811,1
2026-08-15T22:00:00+08:00,1786802400000,75.51,75.54,75.49,75.54,19201.21,19201.21,1449892.0164,1
2026-08-15T22:15:00+08:00,1786803300000,75.54,75.54,75.39,75.44,43403.64,43403.64,3275220.1165,1
2026-08-15T22:30:00+08:00,1786804200000,75.44,75.53,75.43,75.46,27006.2,27006.2,2038152.8406,1
2026-08-15T22:45:00+08:00,1786805100000,75.46,75.47,75.41,75.41,20200.02,20200.02,1523900.7169,1
2026-08-15T23:00:00+08:00,1786806000000,75.4,75.44,75.38,75.41,18127.95,18127.95,1367091.7549,1
2026-08-15T23:15:00+08:00,1786806900000,75.41,75.46,75.32,75.41,34809.58,34809.58,2624121.9348,1
2026-08-15T23:30:00+08:00,1786807800000,75.4,75.49,75.4,75.46,15272.97,15272.97,1152473.6855,1
2026-08-15T23:45:00+08:00,1786808700000,75.46,75.48,75.45,75.47,11948.78,11948.78,901701.0228,1
2026-08-16T00:00:00+08:00,1786809600000,75.48,75.49,75.38,75.39,20054.14,20054.14,1512853.7407,1
2026-08-16T00:15:00+08:00,1786810500000,75.38,75.47,75.36,75.45,17369.35,17369.35,1309929.5093,1
2026-08-16T00:30:00+08:00,1786811400000,75.45,75.47,75.39,75.4,7836.33,7836.33,590936.1757,1
2026-08-16T00:45:00+08:00,1786812300000,75.39,75.44,75.39,75.43,6259.97,6259.97,472155.2957,1
2026-08-16T01:00:00+08:00,1786813200000,75.44,75.55,75.43,75.52,18586.71,18586.71,1403276.1649,1
2026-08-16T01:15:00+08:00,1786814100000,75.52,75.61,75.49,75.52,41537.96,41537.96,3138474.8025,1
2026-08-16T01:30:00+08:00,1786815000000,75.51,75.6,75.51,75.58,15567.67,15567.67,1176374.4835,1
2026-08-16T01:45:00+08:00,1786815900000,75.57,75.64,75.57,75.61,22719,22719,1717468.8416,1
2026-08-16T02:00:00+08:00,1786816800000,75.62,75.64,75.47,75.52,31398.69,31398.69,2372185.7396,1
2026-08-16T02:15:00+08:00,1786817700000,75.52,75.53,75.47,75.47,14602.34,14602.34,1102296.7078,1
2026-08-16T02:30:00+08:00,1786818600000,75.48,75.54,75.46,75.54,17701.71,17701.71,1336670.3599,1
2026-08-16T02:45:00+08:00,1786819500000,75.54,75.55,75.5,75.51,12673.5,12673.5,957239.574,1
2026-08-16T03:00:00+08:00,1786820400000,75.51,75.52,75.48,75.5,15614.35,15614.35,1178920.9988,1
2026-08-16T03:15:00+08:00,1786821300000,75.49,75.5,75.48,75.49,8303.64,8303.64,626822.5338,1
2026-08-16T03:30:00+08:00,1786822200000,75.49,75.51,75.48,75.49,4901.76,4901.76,370081.7574,1
2026-08-16T03:45:00+08:00,1786823100000,75.5,75.51,75.48,75.51,3191.68,3191.68,240968.2868,1
2026-08-16T04:00:00+08:00,1786824000000,75.51,75.52,75.47,75.48,5668.12,5668.12,427959.2083,1
2026-08-16T04:15:00+08:00,1786824900000,75.48,75.48,75.37,75.43,21580.5,21580.5,1627575.4705,1
2026-08-16T04:30:00+08:00,1786825800000,75.43,75.47,75.41,75.47,7424.32,7424.32,559990.2398,1
2026-08-16T04:45:00+08:00,1786826700000,75.47,75.52,75.44,75.48,24438.06,24438.06,1844920.5722,1
2026-08-16T05:00:00+08:00,1786827600000,75.48,75.55,75.48,75.54,11711.32,11711.32,884285.1469,1
2026-08-16T05:15:00+08:00,1786828500000,75.55,75.62,75.53,75.62,16169.07,16169.07,1222014.9965,1
2026-08-16T05:30:00+08:00,1786829400000,75.61,75.7,75.59,75.68,38178.11,38178.11,2888142.2314,1
2026-08-16T05:45:00+08:00,1786830300000,75.68,75.69,75.57,75.58,8758.54,8758.54,662529.5959,1
2026-08-16T06:00:00+08:00,1786831200000,75.58,75.65,75.56,75.57,18505.9,18505.9,1399061.2078,1
2026-08-16T06:15:00+08:00,1786832100000,75.58,75.59,75.55,75.57,11163.03,11163.03,843582.2521,1
2026-08-16T06:30:00+08:00,1786833000000,75.58,75.61,75.51,75.57,13656.88,13656.88,1031969.0402,1
2026-08-16T06:45:00+08:00,1786833900000,75.56,75.62,75.53,75.53,9134.19,9134.19,690415.8208,1
2026-08-16T07:00:00+08:00,1786834800000,75.54,75.54,75.28,75.38,80869.06,80869.06,6098058.5524,1
2026-08-16T07:15:00+08:00,1786835700000,75.38,75.4,75.28,75.34,24654.13,24654.13,1857907.441,1
2026-08-16T07:30:00+08:00,1786836600000,75.34,75.35,75.27,75.31,27277.96,27277.96,2054362.2555,1
2026-08-16T07:45:00+08:00,1786837500000,75.31,75.32,75.28,75.3,6557.17,6557.17,493757.6189,1
2026-08-16T08:00:00+08:00,1786838400000,75.3,75.31,75.21,75.29,33276.99,33276.99,2504687.7879,1
2026-08-16T08:15:00+08:00,1786839300000,75.29,75.4,75.26,75.36,38329.47,38329.47,2887693.0369,1
2026-08-16T08:30:00+08:00,1786840200000,75.37,75.43,75.35,75.41,15078.29,15078.29,1136748.2645,1
2026-08-16T08:45:00+08:00,1786841100000,75.41,75.46,75.36,75.43,12012.29,12012.29,905869.9565,1
2026-08-16T09:00:00+08:00,1786842000000,75.42,75.44,75.32,75.35,16182.85,16182.85,1220036.5286,1
2026-08-16T09:15:00+08:00,1786842900000,75.35,75.39,75.32,75.33,12407.1,12407.1,934947.6539,1
2026-08-16T09:30:00+08:00,1786843800000,75.32,75.41,75.25,75.4,24221.56,24221.56,1823890.6399,1
2026-08-16T09:45:00+08:00,1786844700000,75.4,75.41,75.35,75.38,12480.39,12480.39,940683.9175,1
2026-08-16T10:00:00+08:00,1786845600000,75.38,75.41,75.28,75.28,9524.51,9524.51,717627.8867,1
2026-08-16T10:15:00+08:00,1786846500000,75.28,75.57,75.22,75.55,58622.49,58622.49,4422644.4225,1
2026-08-16T10:30:00+08:00,1786847400000,75.55,75.62,75.54,75.6,35741.66,35741.66,2701460.0518,1
2026-08-16T10:45:00+08:00,1786848300000,75.61,75.61,75.47,75.52,39169.12,39169.12,2958992.3521,1
2026-08-16T11:00:00+08:00,1786849200000,75.53,75.61,75.52,75.57,25539,25539,1930160.7127,1
2026-08-16T11:15:00+08:00,1786850100000,75.56,75.61,75.54,75.55,13231.4,13231.4,999895.4214,1
2026-08-16T11:30:00+08:00,1786851000000,75.55,75.58,75.54,75.56,11056.1,11056.1,835399.1785,1
2026-08-16T11:45:00+08:00,1786851900000,75.56,75.57,75.52,75.52,10902.21,10902.21,823576.8355,1
2026-08-16T12:00:00+08:00,1786852800000,75.53,75.57,75.5,75.52,16718.85,16718.85,1262932.8948,1
2026-08-16T12:15:00+08:00,1786853700000,75.51,75.57,75.47,75.54,12719.02,12719.02,960557.296,1
2026-08-16T12:30:00+08:00,1786854600000,75.54,75.55,75.46,75.49,15669.86,15669.86,1182849.1423,1
2026-08-16T12:45:00+08:00,1786855500000,75.5,75.5,75.39,75.41,17123.98,17123.98,1291967.2737,1
2026-08-16T13:00:00+08:00,1786856400000,75.41,75.48,75.37,75.47,26727.49,26727.49,2016005.0355,1
2026-08-16T13:15:00+08:00,1786857300000,75.47,75.48,75.34,75.34,19622.84,19622.84,1479004.1288,1
2026-08-16T13:30:00+08:00,1786858200000,75.35,75.41,75.32,75.33,37954.97,37954.97,2859822.8295,1
2026-08-16T13:45:00+08:00,1786859100000,75.33,75.35,75.3,75.32,19448.1,19448.1,1464885.0816,1
2026-08-16T14:00:00+08:00,1786860000000,75.31,75.35,75.27,75.3,17739.33,17739.33,1336078.6797,1
2026-08-16T14:15:00+08:00,1786860900000,75.3,75.33,75.25,75.33,24986.34,24986.34,1880932.0132,1
2026-08-16T14:30:00+08:00,1786861800000,75.33,75.4,75.29,75.4,20724.05,20724.05,1561443.3843,1
2026-08-16T14:45:00+08:00,1786862700000,75.39,75.5,75.34,75.35,31894.08,31894.08,2405913.6829,1
2026-08-16T15:00:00+08:00,1786863600000,75.34,75.4,75.31,75.4,17169.75,17169.75,1293759.4811,1
2026-08-16T15:15:00+08:00,1786864500000,75.4,75.43,75.39,75.41,7170.23,7170.23,540699.4682,1
2026-08-16T15:30:00+08:00,1786865400000,75.41,75.41,75.38,75.39,2362.73,2362.73,178144.1741,1
2026-08-16T15:45:00+08:00,1786866300000,75.39,75.45,75.38,75.43,11046.77,11046.77,833038.3587,1
2026-08-16T16:00:00+08:00,1786867200000,75.43,75.43,75.37,75.37,10222.67,10222.67,770838.5062,1
2026-08-16T16:15:00+08:00,1786868100000,75.37,75.43,75.37,75.4,13729.46,13729.46,1035293.0771,1
2026-08-16T16:30:00+08:00,1786869000000,75.41,75.45,75.4,75.4,7697.39,7697.39,580577.3633,1
2026-08-16T16:45:00+08:00,1786869900000,75.4,75.45,75.4,75.43,3363.77,3363.77,253715.6372,1
2026-08-16T17:00:00+08:00,1786870800000,75.43,75.45,75.39,75.4,12503.37,12503.37,942976.3237,1
2026-08-16T17:15:00+08:00,1786871700000,75.4,75.42,75.37,75.4,10571.58,10571.58,797090.2504,1
2026-08-16T17:30:00+08:00,1786872600000,75.39,75.42,75.23,75.28,41223.07,41223.07,3103738.7497,1
2026-08-16T17:45:00+08:00,1786873500000,75.29,75.33,75.23,75.29,29281.83,29281.83,2204302.8131,1
2026-08-16T18:00:00+08:00,1786874400000,75.29,75.3,75.16,75.18,36970.85,36970.85,2781533.9019,1
2026-08-16T18:15:00+08:00,1786875300000,75.19,75.19,75.15,75.19,41951.2,41951.2,3153702.0021,1
2026-08-16T18:30:00+08:00,1786876200000,75.18,75.21,75.13,75.18,24612.07,24612.07,1850123.6508,1
2026-08-16T18:45:00+08:00,1786877100000,75.18,75.26,75.18,75.23,10501.39,10501.39,789869.5067,1
2026-08-16T19:00:00+08:00,1786878000000,75.23,75.24,75.2,75.23,20066.61,20066.61,1509292.1845,1
2026-08-16T19:15:00+08:00,1786878900000,75.23,75.27,75.21,75.26,19670.68,19670.68,1479973.9946,1
2026-08-16T19:30:00+08:00,1786879800000,75.26,75.27,75.2,75.21,6731.96,6731.96,506437.2979,1
2026-08-16T19:45:00+08:00,1786880700000,75.21,75.24,75.17,75.23,7495.93,7495.93,563786.9906,1
2026-08-16T20:00:00+08:00,1786881600000,75.23,75.25,75.2,75.2,12749.12,12749.12,959040.5528,1
2026-08-16T20:15:00+08:00,1786882500000,75.2,75.25,75.17,75.25,9607.91,9607.91,722509.3097,1
2026-08-16T20:30:00+08:00,1786883400000,75.24,75.25,75.17,75.18,11363.21,11363.21,854621.5348,1
2026-08-16T20:45:00+08:00,1786884300000,75.19,75.19,75.15,75.18,9262.44,9262.44,696241.1759,1
2026-08-16T21:00:00+08:00,1786885200000,75.18,75.3,75.18,75.27,17495.99,17495.99,1316468.3411,1
2026-08-16T21:15:00+08:00,1786886100000,75.27,75.37,75.27,75.36,20685.05,20685.05,1558286.0957,1
2026-08-16T21:30:00+08:00,1786887000000,75.37,75.37,75.3,75.35,19067.46,19067.46,1436565.6199,1
2026-08-16T21:45:00+08:00,1786887900000,75.35,75.35,75.26,75.27,11628.84,11628.84,875674.5202,1
2026-08-16T22:00:00+08:00,1786888800000,75.26,75.29,75.2,75.23,30125.15,30125.15,2266454.1133,1
2026-08-16T22:15:00+08:00,1786889700000,75.23,75.34,75.22,75.27,14248.84,14248.84,1072649.4537,1
2026-08-16T22:30:00+08:00,1786890600000,75.27,75.36,75.26,75.33,9356.87,9356.87,704766.2361,1
2026-08-16T22:45:00+08:00,1786891500000,75.33,75.37,75.32,75.36,11329.25,11329.25,853554.7017,1
2026-08-16T23:00:00+08:00,1786892400000,75.35,75.42,75.35,75.39,19788.18,19788.18,1491730.177,1
2026-08-16T23:15:00+08:00,1786893300000,75.38,75.55,75.38,75.54,49544.72,49544.72,3739988.6218,1
2026-08-16T23:30:00+08:00,1786894200000,75.54,75.55,75.47,75.47,27885.65,27885.65,2105799.8449,1
2026-08-16T23:45:00+08:00,1786895100000,75.48,75.6,75.48,75.52,44454.64,44454.64,3358324.8702,1
2026-08-17T00:00:00+08:00,1786896000000,75.53,75.55,75.46,75.48,32706.08,32706.08,2469403.974,1
2026-08-17T00:15:00+08:00,1786896900000,75.48,75.59,75.46,75.56,47313.14,47313.14,3573747.213,1
2026-08-17T00:30:00+08:00,1786897800000,75.57,75.68,75.5,75.51,50665.15,50665.15,3830234.037,1
2026-08-17T00:45:00+08:00,1786898700000,75.51,75.55,75.45,75.51,32191.24,32191.24,2430235.738,1
2026-08-17T01:00:00+08:00,1786899600000,75.52,75.56,75.48,75.5,25694.65,25694.65,1940470.9089,1
2026-08-17T01:15:00+08:00,1786900500000,75.5,75.5,75.36,75.41,27229.78,27229.78,2053682.8342,1
2026-08-17T01:30:00+08:00,1786901400000,75.41,75.42,75.29,75.29,25863.06,25863.06,1948895.2208,1
2026-08-17T01:45:00+08:00,1786902300000,75.28,75.32,75.23,75.23,38840.79,38840.79,2923873.4188,1
2026-08-17T02:00:00+08:00,1786903200000,75.23,75.25,74.98,75.11,102304.17,102304.17,7683437.1896,1
2026-08-17T02:15:00+08:00,1786904100000,75.11,75.18,75.09,75.14,27983.46,27983.46,2102341.7952,1
2026-08-17T02:30:00+08:00,1786905000000,75.14,75.15,75.09,75.14,16512.16,16512.16,1240527.9176,1
2026-08-17T02:45:00+08:00,1786905900000,75.14,75.2,75.13,75.14,26852.03,26852.03,2018273.8585,1
2026-08-17T03:00:00+08:00,1786906800000,75.14,75.24,75.14,75.22,16181.81,16181.81,1216783.595,1
2026-08-17T03:15:00+08:00,1786907700000,75.22,75.3,75.22,75.29,12232.82,12232.82,920762.859,1
2026-08-17T03:30:00+08:00,1786908600000,75.3,75.32,75.23,75.23,23213.41,23213.41,1747852.1591,1
2026-08-17T03:45:00+08:00,1786909500000,75.24,75.24,75.14,75.18,23647.61,23647.61,1778144.8731,1
2026-08-17T04:00:00+08:00,1786910400000,75.18,75.29,75.16,75.24,28688.87,28688.87,2158741.8393,1
2026-08-17T04:15:00+08:00,1786911300000,75.23,75.25,75.18,75.21,11450.93,11450.93,861335.9707,1
2026-08-17T04:30:00+08:00,1786912200000,75.22,75.23,74.99,75.1,72414.04,72414.04,5437680.4131,1
2026-08-17T04:45:00+08:00,1786913100000,75.1,75.11,74.91,74.99,38550.62,38550.62,2891328.1504,1
2026-08-17T05:00:00+08:00,1786914000000,74.99,75.05,74.83,75,68276.89,68276.89,5116729.7379,1
2026-08-17T05:15:00+08:00,1786914900000,74.99,75.05,74.9,74.94,20721.3,20721.3,1553561.4977,1
2026-08-17T05:30:00+08:00,1786915800000,74.95,75,73.92,74.53,461652.11,461652.11,34332023.595,1
2026-08-17T05:45:00+08:00,1786916700000,74.52,74.54,74.08,74.29,142951.23,142951.23,10626069.5158,1
2026-08-17T06:00:00+08:00,1786917600000,74.28,74.48,74.11,74.39,112113.54,112113.54,8328812.3471,1
2026-08-17T06:15:00+08:00,1786918500000,74.39,74.45,74.3,74.34,33369.53,33369.53,2481884.8444,1
2026-08-17T06:30:00+08:00,1786919400000,74.34,74.37,74.2,74.31,34030.05,34030.05,2528695.6542,1
2026-08-17T06:45:00+08:00,1786920300000,74.32,74.47,74.28,74.46,47625.56,47625.56,3541565.3212,1
2026-08-17T07:00:00+08:00,1786921200000,74.46,74.57,74.42,74.42,36626.62,36626.62,2728526.3307,1
2026-08-17T07:15:00+08:00,1786922100000,74.42,74.54,74.41,74.47,25716.31,25716.31,1915192.6923,1
2026-08-17T07:30:00+08:00,1786923000000,74.47,74.55,74.46,74.52,29342.74,29342.74,2186531.2028,1
2026-08-17T07:45:00+08:00,1786923900000,74.52,74.61,74.52,74.56,24677.2,24677.2,1839860.4545,1
2026-08-17T08:00:00+08:00,1786924800000,74.55,74.59,74.5,74.57,43615.66,43615.66,3251222.3858,1
2026-08-17T08:15:00+08:00,1786925700000,74.57,74.58,74.38,74.57,42860.72,42860.72,3191648.4967,1
2026-08-17T08:30:00+08:00,1786926600000,74.58,74.7,74.39,74.69,58652.95,58652.95,4372059.8669,1
2026-08-17T08:45:00+08:00,1786927500000,74.69,74.7,74.49,74.58,55831.83,55831.83,4165815.973,1
2026-08-17T09:00:00+08:00,1786928400000,74.58,75.09,74.53,74.88,132235.05,132235.05,9903251.5829,1
2026-08-17T09:15:00+08:00,1786929300000,74.88,75.24,74.85,75.18,111212.75,111212.75,8353231.6137,1
2026-08-17T09:30:00+08:00,1786930200000,75.19,75.31,75.09,75.23,65998.81,65998.81,4963069.0691,1
2026-08-17T09:45:00+08:00,1786931100000,75.24,75.24,75.05,75.05,41347.1,41347.1,3105797.8694,1
2026-08-17T10:00:00+08:00,1786932000000,75.05,75.12,75.01,75.05,45501.5,45501.5,3415512.8775,1
2026-08-17T10:15:00+08:00,1786932900000,75.06,75.19,75.01,75.16,29230.48,29230.48,2194335.4854,1
2026-08-17T10:30:00+08:00,1786933800000,75.15,75.39,75.09,75.31,93358.02,93358.02,7028952.8793,1
2026-08-17T10:45:00+08:00,1786934700000,75.3,75.55,75.28,75.44,132847.74,132847.74,10022976.6667,1
2026-08-17T11:00:00+08:00,1786935600000,75.45,75.5,75.42,75.48,48660.52,48660.52,3672163.9103,1
2026-08-17T11:15:00+08:00,1786936500000,75.49,75.53,75.4,75.42,60726.35,60726.35,4582450.9398,1
2026-08-17T11:30:00+08:00,1786937400000,75.42,75.48,75.4,75.47,28995.05,28995.05,2187243.3822,1
2026-08-17T11:45:00+08:00,1786938300000,75.47,75.54,75.43,75.46,37447.18,37447.18,2826710.8015,1
2026-08-17T12:00:00+08:00,1786939200000,75.45,75.6,75.45,75.55,62994.94,62994.94,4757922.2352,1
2026-08-17T12:15:00+08:00,1786940100000,75.56,75.56,75.46,75.48,39885.29,39885.29,3011709.3666,1
2026-08-17T12:30:00+08:00,1786941000000,75.49,75.51,75.45,75.46,13658.96,13658.96,1030940.4752,1
2026-08-17T12:45:00+08:00,1786941900000,75.46,75.52,75.45,75.5,30418.07,30418.07,2295961.8212,1
2026-08-17T13:00:00+08:00,1786942800000,75.51,75.51,75.39,75.46,42318.59,42318.59,3192921.476,1
2026-08-17T13:15:00+08:00,1786943700000,75.46,75.57,75.44,75.44,19110.46,19110.46,1442843.2021,1
2026-08-17T13:30:00+08:00,1786944600000,75.45,75.45,75.41,75.41,21973.54,21973.54,1657288.8952,1
2026-08-17T13:45:00+08:00,1786945500000,75.41,75.44,75.34,75.36,32984.71,32984.71,2486820.4327,1
2026-08-17T14:00:00+08:00,1786946400000,75.35,75.45,75.3,75.42,62000.77,62000.77,4673317.8616,1
2026-08-17T14:15:00+08:00,1786947300000,75.43,75.55,75.4,75.44,55279.06,55279.06,4172675.7516,1
2026-08-17T14:30:00+08:00,1786948200000,75.44,75.58,75.42,75.57,36094.07,36094.07,2724599.157,1
2026-08-17T14:45:00+08:00,1786949100000,75.58,75.97,75.58,75.81,214819.72,214819.72,16282777.8725,1
2026-08-17T15:00:00+08:00,1786950000000,75.81,75.92,75.74,75.78,58227.73,58227.73,4414507.1208,1
2026-08-17T15:15:00+08:00,1786950900000,75.78,75.83,75.7,75.82,37427.56,37427.56,2835766.6454,1
2026-08-17T15:30:00+08:00,1786951800000,75.83,75.85,75.78,75.78,33606.67,33606.67,2548034.8092,1
2026-08-17T15:45:00+08:00,1786952700000,75.78,75.78,75.7,75.74,29586.75,29586.75,2240982.9681,1
2026-08-17T16:00:00+08:00,1786953600000,75.75,75.78,75.45,75.53,104882.75,104882.75,7927089.0738,1
2026-08-17T16:15:00+08:00,1786954500000,75.52,75.53,75.32,75.38,125941.52,125941.52,9497232.4375,1
2026-08-17T16:30:00+08:00,1786955400000,75.37,75.44,75.27,75.28,66178.39,66178.39,4985347.7426,1
2026-08-17T16:45:00+08:00,1786956300000,75.28,75.3,75.13,75.21,103397.13,103397.13,7776355.3668,1
2026-08-17T17:00:00+08:00,1786957200000,75.2,75.37,75.19,75.37,40112.74,40112.74,3019015.131,1
2026-08-17T17:15:00+08:00,1786958100000,75.36,75.4,75.24,75.36,30581.12,30581.12,2303018.3352,1
2026-08-17T17:30:00+08:00,1786959000000,75.36,75.36,75.27,75.28,18662.08,18662.08,1405434.6699,1
2026-08-17T17:45:00+08:00,1786959900000,75.28,75.34,75.21,75.31,18527.22,18527.22,1394547.4115,1
2026-08-17T18:00:00+08:00,1786960800000,75.32,75.36,75.28,75.34,19210.14,19210.14,1446966.4739,1
2026-08-17T18:15:00+08:00,1786961700000,75.35,75.49,75.26,75.49,28979.33,28979.33,2183370.0214,1
2026-08-17T18:30:00+08:00,1786962600000,75.48,75.73,75.45,75.72,92049.27,92049.27,6956147.6478,1
2026-08-17T18:45:00+08:00,1786963500000,75.72,75.77,75.66,75.72,64928.23,64928.23,4915366.7517,1
2026-08-17T19:00:00+08:00,1786964400000,75.72,75.76,75.7,75.7,39002.72,39002.72,2953902.8582,1
2026-08-17T19:15:00+08:00,1786965300000,75.69,75.75,75.65,75.73,41437.75,41437.75,3136735.6369,1
2026-08-17T19:30:00+08:00,1786966200000,75.72,75.81,75.71,75.78,30366.35,30366.35,2301046.012,1
2026-08-17T19:45:00+08:00,1786967100000,75.78,75.88,75.62,75.65,57673.92,57673.92,4368499.6114,1
2026-08-17T20:00:00+08:00,1786968000000,75.65,75.67,75.5,75.58,51507.72,51507.72,3892443.3926,1
2026-08-17T20:15:00+08:00,1786968900000,75.57,75.58,75.36,75.37,87505.18,87505.18,6602225.5284,1
2026-08-17T20:30:00+08:00,1786969800000,75.36,75.46,75.29,75.37,51475.12,51475.12,3879814.971,1
2026-08-17T20:45:00+08:00,1786970700000,75.37,75.44,75.33,75.4,42855.53,42855.53,3230948.3054,1
2026-08-17T21:00:00+08:00,1786971600000,75.4,75.41,75.27,75.36,52400.41,52400.41,3947551.4027,1
2026-08-17T21:15:00+08:00,1786972500000,75.36,75.37,75.26,75.28,25344.79,25344.79,1908363.558,1
2026-08-17T21:30:00+08:00,1786973400000,75.27,75.74,75.25,75.6,117964.28,117964.28,8918106.7903,1
2026-08-17T21:45:00+08:00,1786974300000,75.6,75.71,75.52,75.59,77945.67,77945.67,5892614.4864,1
2026-08-17T22:00:00+08:00,1786975200000,75.59,75.65,75.46,75.62,38581.32,38581.32,2915378.169,1
2026-08-17T22:15:00+08:00,1786976100000,75.62,75.68,75.5,75.59,34114.42,34114.42,2578194.984,1
2026-08-17T22:30:00+08:00,1786977000000,75.59,75.69,75.54,75.64,16834.97,16834.97,1273283.1442,1
2026-08-17T22:45:00+08:00,1786977900000,75.64,75.99,75.58,75.93,97011.19,97011.19,7358787.529,1
2026-08-17T23:00:00+08:00,1786978800000,75.94,75.98,75.8,75.83,88024.61,88024.61,6680976.5564,1
2026-08-17T23:15:00+08:00,1786979700000,75.83,75.95,75.75,75.9,61426.33,61426.33,4658117.6244,1
2026-08-17T23:30:00+08:00,1786980600000,75.91,76.05,75.82,76,79968.76,79968.76,6072849.6065,1
2026-08-17T23:45:00+08:00,1786981500000,76,76.18,75.99,76.05,110602.37,110602.37,8415712.041,1
2026-08-18T00:00:00+08:00,1786982400000,76.06,76.1,75.94,75.95,58522.4,58522.4,4448718.6026,1
2026-08-18T00:15:00+08:00,1786983300000,75.95,76.02,75.89,75.93,45159.83,45159.83,3429854.9831,1
2026-08-18T00:30:00+08:00,1786984200000,75.92,76.08,75.92,75.96,34887.6,34887.6,2651717.8921,1
2026-08-18T00:45:00+08:00,1786985100000,75.97,76.07,75.91,75.97,17561.59,17561.59,1334347.7954,1
2026-08-18T01:00:00+08:00,1786986000000,75.96,75.99,75.75,75.76,41618.86,41618.86,3156514.2278,1
2026-08-18T01:15:00+08:00,1786986900000,75.76,76.07,75.73,75.85,62639.69,62639.69,4755366.6485,1
2026-08-18T01:30:00+08:00,1786987800000,75.85,75.89,75.65,75.82,50981.75,50981.75,3862333.5079,1
2026-08-18T01:45:00+08:00,1786988700000,75.83,75.92,75.83,75.87,21420.29,21420.29,1625498.9592,1
2026-08-18T02:00:00+08:00,1786989600000,75.87,75.91,75.81,75.87,16925.28,16925.28,1283764.7681,1
2026-08-18T02:15:00+08:00,1786990500000,75.88,76.12,75.87,75.97,42526.7,42526.7,3233252.4435,1
2026-08-18T02:30:00+08:00,1786991400000,75.98,76,75.86,75.94,27274.11,27274.11,2070590.4636,1
2026-08-18T02:45:00+08:00,1786992300000,75.93,75.94,75.83,75.86,21590.78,21590.78,1638207.946,1
2026-08-18T03:00:00+08:00,1786993200000,75.86,75.86,75.75,75.75,10649.89,10649.89,807339.9641,1
2026-08-18T03:15:00+08:00,1786994100000,75.74,75.86,75.73,75.82,9945.09,9945.09,753761.3289,1
2026-08-18T03:30:00+08:00,1786995000000,75.81,75.91,75.72,75.87,23955.14,23955.14,1816396.3071,1
2026-08-18T03:45:00+08:00,1786995900000,75.86,75.86,75.7,75.77,15690.98,15690.98,1188577.6816,1
2026-08-18T04:00:00+08:00,1786996800000,75.76,75.77,75.64,75.66,23954.12,23954.12,1813028.4676,1
2026-08-18T04:15:00+08:00,1786997700000,75.66,75.78,75.58,75.75,36734.9,36734.9,2778929.9947,1
2026-08-18T04:30:00+08:00,1786998600000,75.76,76.02,75.72,76.02,24365.51,24365.51,1848950.5259,1
2026-08-18T04:45:00+08:00,1786999500000,76.01,76.07,75.88,75.94,37469.59,37469.59,2846765.8616,1
2026-08-18T05:00:00+08:00,1787000400000,75.95,76.01,75.85,75.91,26069.19,26069.19,1979592.8646,1
2026-08-18T05:15:00+08:00,1787001300000,75.91,75.95,75.86,75.87,7949.66,7949.66,603390.1562,1
2026-08-18T05:30:00+08:00,1787002200000,75.86,75.93,75.84,75.91,16736.29,16736.29,1270126.7456,1
2026-08-18T05:45:00+08:00,1787003100000,75.91,75.93,75.89,75.92,6513.46,6513.46,494435.8974,1
2026-08-18T06:00:00+08:00,1787004000000,75.92,75.99,75.81,75.83,23323.42,23323.42,1769929.2027,1
2026-08-18T06:15:00+08:00,1787004900000,75.82,75.85,75.77,75.77,14435.48,14435.48,1094220.5565,1
2026-08-18T06:30:00+08:00,1787005800000,75.77,75.78,75.72,75.72,9873.29,9873.29,747834.5411,1
2026-08-18T06:45:00+08:00,1787006700000,75.73,75.73,75.67,75.7,14311.73,14311.73,1083324.2834,1
2026-08-18T07:00:00+08:00,1787007600000,75.7,75.82,75.66,75.79,28625.36,28625.36,2167898.7425,1
2026-08-18T07:15:00+08:00,1787008500000,75.8,75.94,75.79,75.94,23385.78,23385.78,1774725.9773,1
2026-08-18T07:30:00+08:00,1787009400000,75.94,76.08,75.9,75.91,31214.75,31214.75,2372043.2679,1
2026-08-18T07:45:00+08:00,1787010300000,75.92,76.01,75.9,75.97,32783.69,32783.69,2490761.2493,1
2026-08-18T08:00:00+08:00,1787011200000,75.98,76.01,75.89,75.97,39227.75,39227.75,2978842.1447,1
2026-08-18T08:15:00+08:00,1787012100000,75.96,76.05,75.95,75.96,37898.22,37898.22,2880530.1748,1
2026-08-18T08:30:00+08:00,1787013000000,75.95,75.96,75.82,75.84,34548.72,34548.72,2621219.6683,1
2026-08-18T08:45:00+08:00,1787013900000,75.85,76,75.83,76,30463.1,30463.1,2313192.9289,1
2026-08-18T09:00:00+08:00,1787014800000,76,76.01,75.85,75.91,48228.17,48228.17,3662087.4718,1
2026-08-18T09:15:00+08:00,1787015700000,75.91,75.93,75.81,75.83,14586.46,14586.46,1106450.8023,1
2026-08-18T09:30:00+08:00,1787016600000,75.83,75.84,75.72,75.75,20242.81,20242.81,1533909.2562,1
2026-08-18T09:45:00+08:00,1787017500000,75.74,75.75,75.53,75.58,83827.87,83827.87,6339030.7976,1
2026-08-18T10:00:00+08:00,1787018400000,75.57,75.62,75.42,75.44,72939.59,72939.59,5509887.1288,1
2026-08-18T10:15:00+08:00,1787019300000,75.45,75.53,75.37,75.37,70697.28,70697.28,5332722.6571,1
2026-08-18T10:30:00+08:00,1787020200000,75.38,75.45,75.3,75.34,57471.54,57471.54,4331221.8507,1
2026-08-18T10:45:00+08:00,1787021100000,75.34,75.4,75.17,75.25,97565.41,97565.41,7343685.7132,1
2026-08-18T11:00:00+08:00,1787022000000,75.25,75.36,75.21,75.3,51847.42,51847.42,3904739.376,1
2026-08-18T11:15:00+08:00,1787022900000,75.3,75.41,75.29,75.37,30864.95,30864.95,2326216.6834,1
2026-08-18T11:30:00+08:00,1787023800000,75.36,75.5,75.27,75.5,47446.19,47446.19,3577686.3744,1
2026-08-18T11:45:00+08:00,1787024700000,75.49,75.49,75.41,75.46,22423.84,22423.84,1691952.9806,1
2026-08-18T12:00:00+08:00,1787025600000,75.46,75.64,75.36,75.62,51076.42,51076.42,3857473.6428,1
2026-08-18T12:15:00+08:00,1787026500000,75.63,75.68,75.56,75.68,26436.46,26436.46,1998989.5937,1
2026-08-18T12:30:00+08:00,1787027400000,75.68,75.76,75.67,75.74,40067.52,40067.52,3034415.2615,1
2026-08-18T12:45:00+08:00,1787028300000,75.75,75.79,75.73,75.78,30432.86,30432.86,2305678.9077,1
2026-08-18T13:00:00+08:00,1787029200000,75.79,75.92,75.72,75.89,68868.75,68868.75,5221061.8069,1
2026-08-18T13:15:00+08:00,1787030100000,75.89,75.9,75.74,75.74,47615.46,47615.46,3610470.7258,1
2026-08-18T13:30:00+08:00,1787031000000,75.74,75.78,75.53,75.78,85616.2,85616.2,6475024.353,1
2026-08-18T13:45:00+08:00,1787031900000,75.78,75.78,75.67,75.68,24384.89,24384.89,1846040.3017,1
2026-08-18T14:00:00+08:00,1787032800000,75.68,75.76,75.6,75.73,25238.4,25238.4,1909751.2412,1
2026-08-18T14:15:00+08:00,1787033700000,75.72,75.95,75.72,75.91,55191.01,55191.01,4187065.9537,1
2026-08-18T14:30:00+08:00,1787034600000,75.91,76.01,75.88,75.98,59018.17,59018.17,4482750.307,1
2026-08-18T14:45:00+08:00,1787035500000,75.98,76.02,75.85,75.95,27797.42,27797.42,2110551.1452,1
2026-08-18T15:00:00+08:00,1787036400000,75.95,76.13,75.94,76.13,78545.81,78545.81,5972550.0501,1
2026-08-18T15:15:00+08:00,1787037300000,76.13,76.23,75.97,75.98,79566.53,79566.53,6056618.4544,1
2026-08-18T15:30:00+08:00,1787038200000,75.98,76.11,75.95,76.01,64428.51,64428.51,4897716.2644,1
2026-08-18T15:45:00+08:00,1787039100000,76.01,76.06,75.89,76.05,62075.49,62075.49,4714949.7286,1
2026-08-18T16:00:00+08:00,1787040000000,76.06,76.08,75.81,75.85,83179.53,83179.53,6316770.7866,1
2026-08-18T16:15:00+08:00,1787040900000,75.85,75.96,75.84,75.87,31219.72,31219.72,2369168.6118,1
2026-08-18T16:30:00+08:00,1787041800000,75.87,76.05,75.84,75.97,29284.65,29284.65,2224707.8141,1
2026-08-18T16:45:00+08:00,1787042700000,75.97,76.15,75.89,76.13,42821.43,42821.43,3257033.4869,1
2026-08-18T17:00:00+08:00,1787043600000,76.12,76.12,76.01,76.05,30538.78,30538.78,2322916.7764,1
2026-08-18T17:15:00+08:00,1787044500000,76.05,76.06,75.85,75.86,26598.93,26598.93,2019707.5771,1
2026-08-18T17:30:00+08:00,1787045400000,75.86,75.94,75.84,75.88,32217.86,32217.86,2444941.3037,1
2026-08-18T17:45:00+08:00,1787046300000,75.88,75.92,75.83,75.91,13988.58,13988.58,1061512.2001,1
2026-08-18T18:00:00+08:00,1787047200000,75.91,75.94,75.83,75.87,39616.16,39616.16,3005583.63,1
2026-08-18T18:15:00+08:00,1787048100000,75.86,75.9,75.76,75.78,20093.88,20093.88,1523068.5002,1
2026-08-18T18:30:00+08:00,1787049000000,75.78,75.87,75.77,75.84,29243.96,29243.96,2217527.4514,1
2026-08-18T18:45:00+08:00,1787049900000,75.84,75.86,75.79,75.81,20203.53,20203.53,1531748.5798,1
2026-08-18T19:00:00+08:00,1787050800000,75.81,76.04,75.78,76.04,40341.68,40341.68,3062632.2229,1
2026-08-18T19:15:00+08:00,1787051700000,76.04,76.42,76.01,76.23,197271.64,197271.64,15044480.8995,1
2026-08-18T19:30:00+08:00,1787052600000,76.23,76.4,76.2,76.34,94503.24,94503.24,7211112.0704,1
2026-08-18T19:45:00+08:00,1787053500000,76.35,76.37,76.25,76.27,25964.6,25964.6,1980856.6093,1
2026-08-18T20:00:00+08:00,1787054400000,76.28,76.49,76.28,76.32,126990.27,126990.27,9699765.9939,1
2026-08-18T20:15:00+08:00,1787055300000,76.33,76.35,76.2,76.27,45609.85,45609.85,3479425.8763,1
2026-08-18T20:30:00+08:00,1787056200000,76.26,76.3,76.2,76.22,34705.16,34705.16,2646585.6422,1
2026-08-18T20:45:00+08:00,1787057100000,76.22,76.35,76.2,76.2,29476.92,29476.92,2248347.3586,1
2026-08-18T21:00:00+08:00,1787058000000,76.21,76.21,76.1,76.12,46643.36,46643.36,3551487.9742,1
2026-08-18T21:15:00+08:00,1787058900000,76.12,76.15,76.04,76.07,56311.94,56311.94,4285042.2085,1
2026-08-18T21:30:00+08:00,1787059800000,76.07,76.27,76.01,76.09,93176.1,93176.1,7093724.2136,1
2026-08-18T21:45:00+08:00,1787060700000,76.09,76.21,76.01,76.18,44572.73,44572.73,3391810.3241,1
2026-08-18T22:00:00+08:00,1787061600000,76.17,76.32,76.09,76.14,69188.49,69188.49,5274403.9608,1
2026-08-18T22:15:00+08:00,1787062500000,76.14,77.04,76.13,76.96,391172.45,391172.45,30004047.2078,1
2026-08-18T22:30:00+08:00,1787063400000,76.95,77.3,76.74,76.78,375732.69,375732.69,28943249.924,1
2026-08-18T22:45:00+08:00,1787064300000,76.77,76.93,76.72,76.75,89083.58,89083.58,6842025.632,1
2026-08-18T23:00:00+08:00,1787065200000,76.75,77.01,76.74,76.9,93523.25,93523.25,7187854.3716,1
2026-08-18T23:15:00+08:00,1787066100000,76.9,77,76.83,76.99,80443.82,80443.82,6187501.9012,1
2026-08-18T23:30:00+08:00,1787067000000,76.98,77.08,76.96,77.03,55898.16,55898.16,4305539.5455,1
2026-08-18T23:45:00+08:00,1787067900000,77.03,77.22,76.98,77.16,79899.39,79899.39,6162393.7867,1
2026-08-19T00:00:00+08:00,1787068800000,77.17,77.29,77,77.04,100882.19,100882.19,7782658.6436,1
2026-08-19T00:15:00+08:00,1787069700000,77.05,77.05,76.81,76.86,79728.47,79728.47,6131905.8574,1
2026-08-19T00:30:00+08:00,1787070600000,76.86,77.09,76.81,76.98,53242.29,53242.29,4097043.4871,1
2026-08-19T00:45:00+08:00,1787071500000,76.98,77.13,76.94,77.03,27426.57,27426.57,2112845.226,1
2026-08-19T01:00:00+08:00,1787072400000,77.04,77.05,76.89,76.93,45002.69,45002.69,3462988.6872,1
2026-08-19T01:15:00+08:00,1787073300000,76.93,76.96,76.85,76.9,25815.56,25815.56,1984869.2818,1
2026-08-19T01:30:00+08:00,1787074200000,76.9,77,76.84,76.95,43518.69,43518.69,3347041.8903,1
2026-08-19T01:45:00+08:00,1787075100000,76.95,76.99,76.85,76.85,20867.73,20867.73,1605385.9407,1
2026-08-19T02:00:00+08:00,1787076000000,76.85,77.05,76.83,77.04,20031.94,20031.94,1541025.4315,1
2026-08-19T02:15:00+08:00,1787076900000,77.05,77.25,77.04,77.2,58578.96,58578.96,4519243.4083,1
2026-08-19T02:30:00+08:00,1787077800000,77.2,77.27,77.09,77.1,43997.53,43997.53,3395873.1002,1
2026-08-19T02:45:00+08:00,1787078700000,77.1,77.24,77.08,77.22,18642.04,18642.04,1439096.0123,1
2026-08-19T03:00:00+08:00,1787079600000,77.22,77.24,77.12,77.18,29624.23,29624.23,2286270.0933,1
2026-08-19T03:15:00+08:00,1787080500000,77.18,77.38,77.14,77.32,53203.29,53203.29,4111408.5259,1
2026-08-19T03:30:00+08:00,1787081400000,77.31,77.33,77.14,77.14,25156.44,25156.44,1942867.5508,1
2026-08-19T03:45:00+08:00,1787082300000,77.14,77.17,77.04,77.13,30220.47,30220.47,2329862.2216,1
2026-08-19T04:00:00+08:00,1787083200000,77.14,77.18,77,77.17,34105.63,34105.63,2628889.3913,1
2026-08-19T04:15:00+08:00,1787084100000,77.16,77.17,76.89,76.95,45273.56,45273.56,3484071.1653,1
2026-08-19T04:30:00+08:00,1787085000000,76.96,77.09,76.85,76.86,60726.69,60726.69,4675906.3758,1
2026-08-19T04:45:00+08:00,1787085900000,76.87,76.92,76.7,76.84,96875.3,96875.3,7439711.939,1
2026-08-19T05:00:00+08:00,1787086800000,76.85,77.08,76.84,76.95,76569.16,76569.16,5893259.6451,1
2026-08-19T05:15:00+08:00,1787087700000,76.95,77,76.88,76.91,15480.06,15480.06,1191343.708,1
2026-08-19T05:30:00+08:00,1787088600000,76.92,76.96,76.87,76.9,28794.62,28794.62,2215103.6598,1
2026-08-19T05:45:00+08:00,1787089500000,76.9,76.97,76.88,76.96,11860.96,11860.96,912368.4225,1
2026-08-19T06:00:00+08:00,1787090400000,76.95,77.14,76.92,77.05,43809.3,43809.3,3374822.8131,1
2026-08-19T06:15:00+08:00,1787091300000,77.04,77.08,76.95,77.02,58375.13,58375.13,4495542.9085,1
2026-08-19T06:30:00+08:00,1787092200000,77.02,77.17,76.99,76.99,57920.82,57920.82,4465666.062,1
2026-08-19T06:45:00+08:00,1787093100000,76.99,77,76.84,76.91,48893.04,48893.04,3759659.8992,1
2026-08-19T07:00:00+08:00,1787094000000,76.92,77.12,76.91,77.06,41920.59,41920.59,3229905.3575,1
2026-08-19T07:15:00+08:00,1787094900000,77.06,77.13,77.02,77.06,24525.86,24525.86,1890539.243,1
2026-08-19T07:30:00+08:00,1787095800000,77.07,77.2,77.04,77.11,148955.04,148955.04,11488097.9012,1
2026-08-19T07:45:00+08:00,1787096700000,77.12,77.15,76.98,77.01,23137.29,23137.29,1782846.8539,1
2026-08-19T08:00:00+08:00,1787097600000,77.02,77.06,76.83,76.85,67396.65,67396.65,5184805.6515,1
2026-08-19T08:15:00+08:00,1787098500000,76.84,76.99,76.77,76.91,36948.86,36948.86,2840053.7556,1
2026-08-19T08:30:00+08:00,1787099400000,76.91,77,76.89,76.93,18878.82,18878.82,1452496.8465,1
2026-08-19T08:45:00+08:00,1787100300000,76.93,77.04,76.86,76.86,24922.27,24922.27,1918255.4705,1
2026-08-19T09:00:00+08:00,1787101200000,76.86,77.03,76.79,76.93,65893.19,65893.19,5068010.2831,1
2026-08-19T09:15:00+08:00,1787102100000,76.92,76.93,76.66,76.78,92073.1,92073.1,7068520.0667,1
2026-08-19T09:30:00+08:00,1787103000000,76.79,76.8,76.67,76.7,39734.16,39734.16,3048811.8795,1
2026-08-19T09:45:00+08:00,1787103900000,76.7,76.81,76.66,76.75,37515.38,37515.38,2878209.7524,1
2026-08-19T10:00:00+08:00,1787104800000,76.75,76.81,76.66,76.76,40359.4,40359.4,3096794.4934,1
2026-08-19T10:15:00+08:00,1787105700000,76.76,76.86,76.65,76.83,26707.98,26707.98,2049849.6421,1
2026-08-19T10:30:00+08:00,1787106600000,76.83,76.88,76.75,76.76,17139.88,17139.88,1316833.5401,1
2026-08-19T10:45:00+08:00,1787107500000,76.76,76.83,76.7,76.77,29652.07,29652.07,2276003.4273,1
2026-08-19T11:00:00+08:00,1787108400000,76.77,76.88,76.66,76.88,28360.82,28360.82,2176854.6014,1
2026-08-19T11:15:00+08:00,1787109300000,76.88,77.07,76.87,76.96,63578.36,63578.36,4894567.461,1
2026-08-19T11:30:00+08:00,1787110200000,76.96,77.05,76.91,76.99,25602.62,25602.62,1970680.0874,1
2026-08-19T11:45:00+08:00,1787111100000,76.99,77.05,76.92,76.95,17035.64,17035.64,1311613.7627,1
2026-08-19T12:00:00+08:00,1787112000000,76.95,77,76.91,76.96,17614.36,17614.36,1355677.5616,1
2026-08-19T12:15:00+08:00,1787112900000,76.95,77.09,76.95,77.01,23408.89,23408.89,1803575.236,1
2026-08-19T12:30:00+08:00,1787113800000,77.02,77.04,76.86,76.88,35371.46,35371.46,2721899.8632,1
2026-08-19T12:45:00+08:00,1787114700000,76.88,76.91,76.75,76.82,51109.49,51109.49,3925989.5207,1
2026-08-19T13:00:00+08:00,1787115600000,76.81,77.02,76.81,76.97,54131.7,54131.7,4164371.8131,1
2026-08-19T13:15:00+08:00,1787116500000,76.97,76.98,76.81,76.91,25036.73,25036.73,1924290.7344,1
2026-08-19T13:30:00+08:00,1787117400000,76.9,76.94,76.83,76.84,10718.25,10718.25,823891.8074,1
2026-08-19T13:45:00+08:00,1787118300000,76.85,76.85,76.73,76.76,20655.95,20655.95,1585989.2248,1
2026-08-19T14:00:00+08:00,1787119200000,76.76,76.8,76.6,76.62,60205.11,60205.11,4616085.0725,1
2026-08-19T14:15:00+08:00,1787120100000,76.62,76.93,76.62,76.83,60611.26,60611.26,4657121.9242,1
2026-08-19T14:30:00+08:00,1787121000000,76.84,76.92,76.71,76.91,58953.2,58953.2,4528469.1916,1
2026-08-19T14:45:00+08:00,1787121900000,76.91,77.14,76.91,77.05,100933.87,100933.87,7775994.9245,1
2026-08-19T15:00:00+08:00,1787122800000,77.05,77.07,76.92,77.06,53383.52,53383.52,4110045.512,1
2026-08-19T15:15:00+08:00,1787123700000,77.06,77.06,76.92,76.96,31747.32,31747.32,2443584.7545,1
2026-08-19T15:30:00+08:00,1787124600000,76.96,77.03,76.92,76.93,12130.61,12130.61,933725.2513,1
2026-08-19T15:45:00+08:00,1787125500000,76.93,77.05,76.91,76.91,38209.63,38209.63,2941342.5329,1
2026-08-19T16:00:00+08:00,1787126400000,76.92,77.07,76.87,77.01,46752.35,46752.35,3598847.643,1
2026-08-19T16:15:00+08:00,1787127300000,77.01,77.18,76.99,77.16,77406.22,77406.22,5965848.3222,1
2026-08-19T16:30:00+08:00,1787128200000,77.15,77.65,77.12,77.42,268496.16,268496.16,20783245.6593,1
2026-08-19T16:45:00+08:00,1787129100000,77.43,77.49,77.33,77.33,105418.87,105418.87,8162968.1202,1
2026-08-19T17:00:00+08:00,1787130000000,77.33,77.44,77.31,77.34,54067.89,54067.89,4183832.6353,1
2026-08-19T17:15:00+08:00,1787130900000,77.35,77.39,77.26,77.27,34086.5,34086.5,2635360.9518,1
2026-08-19T17:30:00+08:00,1787131800000,77.27,77.3,77.16,77.22,36184.75,36184.75,2794521.5367,1
2026-08-19T17:45:00+08:00,1787132700000,77.22,77.29,77.17,77.28,35293.73,35293.73,2725597.13,1
2026-08-19T18:00:00+08:00,1787133600000,77.27,77.28,77.18,77.23,21499.59,21499.59,1660002.2005,1
2026-08-19T18:15:00+08:00,1787134500000,77.23,77.28,77.17,77.21,17149.81,17149.81,1324468.2815,1
2026-08-19T18:30:00+08:00,1787135400000,77.22,77.34,77.18,77.31,33137.34,33137.34,2560654.0587,1
2026-08-19T18:45:00+08:00,1787136300000,77.32,77.35,77.24,77.34,32870.17,32870.17,2540454.7355,1
2026-08-19T19:00:00+08:00,1787137200000,77.34,77.56,77.34,77.52,79019.73,79019.73,6121044.9437,1
2026-08-19T19:15:00+08:00,1787138100000,77.52,77.58,77.45,77.54,66092.87,66092.87,5123054.4247,1
2026-08-19T19:30:00+08:00,1787139000000,77.54,77.56,77.42,77.42,45567.78,45567.78,3531095.2817,1
2026-08-19T19:45:00+08:00,1787139900000,77.43,77.52,77.42,77.5,34739.26,34739.26,2691576.9579,1
2026-08-19T20:00:00+08:00,1787140800000,77.49,77.51,77.38,77.42,22872.92,22872.92,1771159.3656,1
2026-08-19T20:15:00+08:00,1787141700000,77.42,77.48,77.38,77.46,24916.56,24916.56,1929339.2832,1
2026-08-19T20:30:00+08:00,1787142600000,77.47,78.05,77.46,78.04,322330.4,322330.4,25076498.1149,1
2026-08-19T20:45:00+08:00,1787143500000,78.05,78.76,77.97,78.36,634114.18,634114.18,49726895.463,1
2026-08-19T21:00:00+08:00,1787144400000,78.36,78.38,78.13,78.27,157526.78,157526.78,12325859.3174,1
2026-08-19T21:15:00+08:00,1787145300000,78.26,78.54,78.26,78.48,86860.18,86860.18,6811994.3328,1
2026-08-19T21:30:00+08:00,1787146200000,78.48,78.66,78.27,78.47,194632.91,194632.91,15276190.4365,1
2026-08-19T21:45:00+08:00,1787147100000,78.47,78.55,78.3,78.36,108462.81,108462.81,8506126.4947,1
2026-08-19T22:00:00+08:00,1787148000000,78.37,78.64,78.31,78.58,185295.45,185295.45,14549796.3346,1
2026-08-19T22:15:00+08:00,1787148900000,78.59,78.77,78.45,78.49,135223.72,135223.72,10629890.0012,1
2026-08-19T22:30:00+08:00,1787149800000,78.5,79.04,78.41,78.98,216228.46,216228.46,17041427.8774,1
2026-08-19T22:45:00+08:00,1787150700000,78.99,80.96,78.95,80.83,1258681.52,1258681.52,100843788.5866,1
2026-08-19T23:00:00+08:00,1787151600000,80.84,82.11,80.63,81.33,1129460.57,1129460.57,91940792.0319,1
2026-08-19T23:15:00+08:00,1787152500000,81.33,83.07,80.83,81.96,1381940.95,1381940.95,113148206.4107,1
2026-08-19T23:30:00+08:00,1787153400000,81.97,82.55,81.5,82.25,520503.12,520503.12,42693954.178,1
2026-08-19T23:45:00+08:00,1787154300000,82.26,82.32,81.53,81.81,364352.6,364352.6,29840662.299,1
2026-08-20T00:00:00+08:00,1787155200000,81.8,82.36,81.63,81.86,329923.05,329923.05,27055702.2411,1
2026-08-20T00:15:00+08:00,1787156100000,81.87,82.13,81.74,82.05,116605.83,116605.83,9554284.1603,1
2026-08-20T00:30:00+08:00,1787157000000,82.05,82.05,81.77,81.84,86825.12,86825.12,7111764.3839,1
2026-08-20T00:45:00+08:00,1787157900000,81.85,81.95,81.52,81.56,143321.67,143321.67,11710965.7609,1
2026-08-20T01:00:00+08:00,1787158800000,81.56,81.64,81.32,81.34,124858.58,124858.58,10172326.6993,1
2026-08-20T01:15:00+08:00,1787159700000,81.33,81.38,81.02,81.24,138541.38,138541.38,11245535.3575,1
2026-08-20T01:30:00+08:00,1787160600000,81.24,81.42,80.97,81.41,101192.92,101192.92,8214675.2954,1
2026-08-20T01:45:00+08:00,1787161500000,81.42,81.71,81.41,81.63,124785.57,124785.57,10183041.4451,1
2026-08-20T02:00:00+08:00,1787162400000,81.63,81.69,81.24,81.48,118695.92,118695.92,9670123.4074,1
2026-08-20T02:15:00+08:00,1787163300000,81.49,82,81.46,81.95,144832.87,144832.87,11843585.8153,1
2026-08-20T02:30:00+08:00,1787164200000,81.95,82.18,81.88,82.12,135263.81,135263.81,11094479.5443,1
2026-08-20T02:45:00+08:00,1787165100000,82.11,82.27,82.03,82.25,106443.61,106443.61,8744268.788,1
2026-08-20T03:00:00+08:00,1787166000000,82.25,82.41,81.97,82.02,87361.52,87361.52,7182301.3161,1
2026-08-20T03:15:00+08:00,1787166900000,82.03,82.5,82.03,82.17,126019.42,126019.42,10370442.4121,1
2026-08-20T03:30:00+08:00,1787167800000,82.16,82.3,82.07,82.26,49986.99,49986.99,4109349.4295,1
2026-08-20T03:45:00+08:00,1787168700000,82.26,82.41,82.18,82.32,66981.59,66981.59,5510939.9864,1
2026-08-20T04:00:00+08:00,1787169600000,82.33,82.47,82.24,82.38,70794.43,70794.43,5829730.4991,1
2026-08-20T04:15:00+08:00,1787170500000,82.39,82.53,82.28,82.47,106899.33,106899.33,8808599.0584,1
2026-08-20T04:30:00+08:00,1787171400000,82.46,82.67,82.41,82.58,73085.94,73085.94,6032159.7532,1
2026-08-20T04:45:00+08:00,1787172300000,82.58,84.37,82.52,83.7,934751.2,934751.2,78210716.3961,1
2026-08-20T05:00:00+08:00,1787173200000,83.7,87.31,83.7,86.09,1260088.88,1260088.88,108246499.1008,1
2026-08-20T05:15:00+08:00,1787174100000,86.1,87.2,85.89,87,351670.17,351670.17,30410483.3723,1
2026-08-20T05:30:00+08:00,1787175000000,86.99,87.23,86.18,86.61,240609.96,240609.96,20861685.0633,1
2026-08-20T05:45:00+08:00,1787175900000,86.61,87.26,86.41,86.62,185704.41,185704.41,16107046.5892,1
2026-08-20T06:00:00+08:00,1787176800000,86.63,86.84,85.56,85.73,272763.3,272763.3,23466628.448,1
2026-08-20T06:15:00+08:00,1787177700000,85.74,86.07,85.31,85.33,197644.42,197644.42,16953049.812,1
2026-08-20T06:30:00+08:00,1787178600000,85.33,85.97,84.88,85.68,213536.76,213536.76,18234859.7801,1
2026-08-20T06:45:00+08:00,1787179500000,85.67,85.67,85.1,85.49,145491.29,145491.29,12416967.7313,1
2026-08-20T07:00:00+08:00,1787180400000,85.48,85.58,85.32,85.36,106033.3,106033.3,9060199.0855,1
2026-08-20T07:15:00+08:00,1787181300000,85.36,85.55,85.27,85.43,52376.69,52376.69,4472045.0276,1
2026-08-20T07:30:00+08:00,1787182200000,85.43,85.76,85.14,85.62,110344.36,110344.36,9427354.5318,1
2026-08-20T07:45:00+08:00,1787183100000,85.62,85.62,85.03,85.38,78304.16,78304.16,6675409.5185,1
2026-08-20T08:00:00+08:00,1787184000000,85.38,85.68,85.29,85.48,75850.41,75850.41,6485309.9721,1
2026-08-20T08:15:00+08:00,1787184900000,85.48,85.79,85.42,85.62,80364.61,80364.61,6880898.7234,1
2026-08-20T08:30:00+08:00,1787185800000,85.62,85.7,85.38,85.48,81089.5,81089.5,6937271.7351,1
2026-08-20T08:45:00+08:00,1787186700000,85.49,85.67,84.86,84.99,198012.64,198012.64,16866199.0148,1
2026-08-20T09:00:00+08:00,1787187600000,84.99,85.13,84.63,84.81,111257.74,111257.74,9440281.5276,1
2026-08-20T09:15:00+08:00,1787188500000,84.8,84.97,84.66,84.76,71707.5,71707.5,6080560.3378,1
2026-08-20T09:30:00+08:00,1787189400000,84.75,85.06,84.68,85.06,90356.9,90356.9,7676253.7892,1
2026-08-20T09:45:00+08:00,1787190300000,85.06,85.39,85.05,85.36,106957.55,106957.55,9118300.3025,1
2026-08-20T10:00:00+08:00,1787191200000,85.35,85.44,85.14,85.29,64821.69,64821.69,5529725.435,1
2026-08-20T10:15:00+08:00,1787192100000,85.29,85.35,85.04,85.05,58035.5,58035.5,4941927.594,1
2026-08-20T10:30:00+08:00,1787193000000,85.05,85.11,84.84,84.86,41707.6,41707.6,3543078.737,1
2026-08-20T10:45:00+08:00,1787193900000,84.85,84.87,84.68,84.76,62425.8,62425.8,5292423.7077,1
2026-08-20T11:00:00+08:00,1787194800000,84.75,84.77,83.95,84.23,188369.52,188369.52,15873093.5643,1
2026-08-20T11:15:00+08:00,1787195700000,84.23,84.59,84.21,84.27,98044.4,98044.4,8273857.1217,1
2026-08-20T11:30:00+08:00,1787196600000,84.26,84.56,84.26,84.52,55200.14,55200.14,4659081.408,1
2026-08-20T11:45:00+08:00,1787197500000,84.52,84.72,84.47,84.48,66239.4,66239.4,5603371.2357,1
2026-08-20T12:00:00+08:00,1787198400000,84.47,84.71,84.45,84.6,37864.06,37864.06,3201857.2019,1
2026-08-20T12:15:00+08:00,1787199300000,84.6,84.7,84.49,84.53,47789.72,47789.72,4042958.0413,1
2026-08-20T12:30:00+08:00,1787200200000,84.53,84.65,84.42,84.6,79809.65,79809.65,6748610.2979,1
2026-08-20T12:45:00+08:00,1787201100000,84.6,84.99,84.6,84.82,85939.17,85939.17,7290997.0557,1
2026-08-20T13:00:00+08:00,1787202000000,84.82,84.99,84.81,84.86,35276.08,35276.08,2993905.2889,1
2026-08-20T13:15:00+08:00,1787202900000,84.86,85.07,84.85,84.89,34749.18,34749.18,2953295.6655,1
2026-08-20T13:30:00+08:00,1787203800000,84.89,85.02,84.86,84.97,26327.64,26327.64,2236069.4109,1
2026-08-20T13:45:00+08:00,1787204700000,84.97,84.98,84.79,84.93,30302.41,30302.41,2571819.2498,1
2026-08-20T14:00:00+08:00,1787205600000,84.94,84.95,84.68,84.8,70124.88,70124.88,5945963.8042,1
2026-08-20T14:15:00+08:00,1787206500000,84.8,85.46,84.75,85.43,132862.01,132862.01,11315069.4204,1
2026-08-20T14:30:00+08:00,1787207400000,85.43,85.8,85.27,85.76,148158.03,148158.03,12673032.4887,1
2026-08-20T14:45:00+08:00,1787208300000,85.76,85.91,85.68,85.88,108606.65,108606.65,9317070.9087,1
2026-08-20T15:00:00+08:00,1787209200000,85.88,86.01,85.78,85.9,88744.79,88744.79,7622026.7378,1
2026-08-20T15:15:00+08:00,1787210100000,85.89,86.08,85.75,86,81991.54,81991.54,7039681.3816,1
2026-08-20T15:30:00+08:00,1787211000000,86,86.16,85.76,85.83,97036.08,97036.08,8338390.4305,1
2026-08-20T15:45:00+08:00,1787211900000,85.84,86.17,85.77,86.14,61258.89,61258.89,5267791.3598,1
2026-08-20T16:00:00+08:00,1787212800000,86.13,87.56,86.01,87.41,345661.38,345661.38,30022727.2053,1
2026-08-20T16:15:00+08:00,1787213700000,87.4,87.63,87.01,87.52,305825.32,305825.32,26703415.176,1
2026-08-20T16:30:00+08:00,1787214600000,87.52,87.89,87.33,87.87,271862.91,271862.91,23808962.4208,1
2026-08-20T16:45:00+08:00,1787215500000,87.86,87.97,87.43,87.49,163098.32,163098.32,14310236.6835,1
2026-08-20T17:00:00+08:00,1787216400000,87.5,87.65,87.24,87.64,185864.73,185864.73,16254780.643,1
2026-08-20T17:15:00+08:00,1787217300000,87.64,87.8,87.5,87.51,182659.12,182659.12,16011307.9909,1
2026-08-20T17:30:00+08:00,1787218200000,87.5,87.7,87.31,87.54,125573.59,125573.59,10990978.8453,1
2026-08-20T17:45:00+08:00,1787219100000,87.54,87.59,87.07,87.32,138351.68,138351.68,12076653.8388,1
2026-08-20T18:00:00+08:00,1787220000000,87.31,87.56,87.19,87.51,73306.38,73306.38,6408960.0837,1
2026-08-20T18:15:00+08:00,1787220900000,87.51,87.79,87.32,87.39,104871.83,104871.83,9185432.946,1
2026-08-20T18:30:00+08:00,1787221800000,87.4,87.42,87.03,87.07,87484.14,87484.14,7628581.9159,1
2026-08-20T18:45:00+08:00,1787222700000,87.07,87.46,86.94,87.44,81795.02,81795.02,7129288.6146,1
2026-08-20T19:00:00+08:00,1787223600000,87.44,87.44,87.05,87.14,63255.56,63255.56,5521094.1702,1
2026-08-20T19:15:00+08:00,1787224500000,87.13,87.32,87.07,87.14,42203.68,42203.68,3679360.5759,1
2026-08-20T19:30:00+08:00,1787225400000,87.14,88.08,87.11,87.69,237942.81,237942.81,20876985.4486,1
2026-08-20T19:45:00+08:00,1787226300000,87.69,87.85,87.17,87.17,170807.65,170807.65,14946946.188,1
2026-08-20T20:00:00+08:00,1787227200000,87.17,87.4,86.53,86.8,349275.97,349275.97,30357220.6655,1
2026-08-20T20:15:00+08:00,1787228100000,86.8,86.98,86.71,86.91,87259.35,87259.35,7578210.7175,1
2026-08-20T20:30:00+08:00,1787229000000,86.92,87.04,86.63,86.72,91931.18,91931.18,7978747.6829,1
2026-08-20T20:45:00+08:00,1787229900000,86.72,87.12,86.46,87.05,127409.54,127409.54,11057359.9949,1
2026-08-20T21:00:00+08:00,1787230800000,87.04,87.33,87,87.29,121807.25,121807.25,10625576.9763,1
2026-08-20T21:15:00+08:00,1787231700000,87.28,87.48,86.93,87.01,140424.17,140424.17,12245098.3034,1
2026-08-20T21:30:00+08:00,1787232600000,87.02,87.02,86.13,86.74,341352.91,341352.91,29531828.1792,1
2026-08-20T21:45:00+08:00,1787233500000,86.73,86.8,86.32,86.54,147722.67,147722.67,12790353.469,1
2026-08-20T22:00:00+08:00,1787234400000,86.55,86.87,86.43,86.57,141478.16,141478.16,12258694.183,1
2026-08-20T22:15:00+08:00,1787235300000,86.57,86.59,86.18,86.28,155997.44,155997.44,13477523.4967,1
2026-08-20T22:30:00+08:00,1787236200000,86.27,86.57,86.26,86.35,65584.36,65584.36,5668839.0582,1
2026-08-20T22:45:00+08:00,1787237100000,86.36,86.59,86.13,86.59,153843.92,153843.92,13293303.6216,1
2026-08-20T23:00:00+08:00,1787238000000,86.59,87.32,86.53,87.01,291258.06,291258.06,25335445.4635,1
2026-08-20T23:15:00+08:00,1787238900000,87.01,87.11,86.63,87.01,200093.18,200093.18,17387535.8424,1
2026-08-20T23:30:00+08:00,1787239800000,87.02,87.32,86.69,86.82,171194.55,171194.55,14894532.9059,1
2026-08-20T23:45:00+08:00,1787240700000,86.82,87.47,86.74,87.33,154984.39,154984.39,13518878.9633,1
2026-08-21T00:00:00+08:00,1787241600000,87.34,87.35,87.03,87.12,104350.26,104350.26,9101480.1644,1
2026-08-21T00:15:00+08:00,1787242500000,87.12,87.21,86.84,87.08,101116.52,101116.52,8798090.7955,1
2026-08-21T00:30:00+08:00,1787243400000,87.09,87.67,86.91,87.48,195187.73,195187.73,17040935.3009,1
2026-08-21T00:45:00+08:00,1787244300000,87.48,87.84,87.35,87.73,146927.52,146927.52,12864723.8601,1
2026-08-21T01:00:00+08:00,1787245200000,87.73,87.85,87.3,87.36,133862.56,133862.56,11727745.1374,1
2026-08-21T01:15:00+08:00,1787246100000,87.37,87.66,87.24,87.58,93179.81,93179.81,8150645.7829,1
2026-08-21T01:30:00+08:00,1787247000000,87.59,87.77,87.42,87.47,115444.97,115444.97,10114464.9834,1
2026-08-21T01:45:00+08:00,1787247900000,87.48,87.93,87.38,87.45,131447.51,131447.51,11523804.6854,1
2026-08-21T02:00:00+08:00,1787248800000,87.46,87.62,86.88,86.97,248734.9,248734.9,21676686.3607,1
2026-08-21T02:15:00+08:00,1787249700000,86.97,87.33,86.75,87.17,78867.83,78867.83,6864864.6877,1
2026-08-21T02:30:00+08:00,1787250600000,87.16,87.21,86.6,86.81,118475.76,118475.76,10282477.2937,1
2026-08-21T02:45:00+08:00,1787251500000,86.81,87.06,86.8,86.81,67430.49,67430.49,5860630.6917,1
2026-08-21T03:00:00+08:00,1787252400000,86.81,87.38,86.8,87.14,133517.15,133517.15,11635104.2489,1
2026-08-21T03:15:00+08:00,1787253300000,87.13,87.44,87.11,87.24,74518.39,74518.39,6502140.1134,1
2026-08-21T03:30:00+08:00,1787254200000,87.25,87.49,87.08,87.39,75971.79,75971.79,6631529.9901,1
2026-08-21T03:45:00+08:00,1787255100000,87.38,87.43,87.04,87.27,88652.77,88652.77,7729402.0544,1
2026-08-21T04:00:00+08:00,1787256000000,87.27,87.43,87.2,87.33,39619.94,39619.94,3458945.679,1
2026-08-21T04:15:00+08:00,1787256900000,87.33,87.44,87.22,87.38,44831.84,44831.84,3915355.4703,1
2026-08-21T04:30:00+08:00,1787257800000,87.38,87.65,87.37,87.47,51419.19,51419.19,4500010.4241,1
2026-08-21T04:45:00+08:00,1787258700000,87.47,87.55,87.37,87.55,31847.93,31847.93,2785174.5196,1
2026-08-21T05:00:00+08:00,1787259600000,87.55,87.85,87.54,87.67,47485.4,47485.4,4164636.4776,1
2026-08-21T05:15:00+08:00,1787260500000,87.66,87.78,87.37,87.43,40701.16,40701.16,3563600.5535,1
2026-08-21T05:30:00+08:00,1787261400000,87.42,87.68,87.4,87.49,29576.77,29576.77,2588660.1244,1
2026-08-21T05:45:00+08:00,1787262300000,87.48,87.56,87.42,87.46,28185.53,28185.53,2465626.6867,1
2026-08-21T06:00:00+08:00,1787263200000,87.46,87.48,87.22,87.34,75245.03,75245.03,6572505.7626,1
2026-08-21T06:15:00+08:00,1787264100000,87.34,87.56,87.21,87.44,71989.43,71989.43,6291697.7806,1
2026-08-21T06:30:00+08:00,1787265000000,87.44,87.46,87.19,87.22,36769.21,36769.21,3210864.4004,1
2026-08-21T06:45:00+08:00,1787265900000,87.22,87.4,87.16,87.2,26456.23,26456.23,2308618.7963,1
2026-08-21T07:00:00+08:00,1787266800000,87.2,87.43,87.18,87.42,33569.34,33569.34,2931412.3122,1
2026-08-21T07:15:00+08:00,1787267700000,87.42,87.9,87.34,87.8,98967.69,98967.69,8679843.2618,1
2026-08-21T07:30:00+08:00,1787268600000,87.81,87.97,87.52,87.59,71531.98,71531.98,6273979.0201,1
2026-08-21T07:45:00+08:00,1787269500000,87.59,87.7,87.53,87.62,53554.02,53554.02,4692991.8914,1
2026-08-21T08:00:00+08:00,1787270400000,87.62,87.92,87.55,87.92,98614.87,98614.87,8647054.958,1
2026-08-21T08:15:00+08:00,1787271300000,87.91,88.78,87.75,88.37,346521.36,346521.36,30617433.9286,1
2026-08-21T08:30:00+08:00,1787272200000,88.37,88.65,87.76,87.91,185806.72,185806.72,16378669.1261,1
2026-08-21T08:45:00+08:00,1787273100000,87.92,88.42,87.77,88.21,146603.92,146603.92,12914854.7607,1
2026-08-21T09:00:00+08:00,1787274000000,88.2,88.42,88.08,88.34,81708.78,81708.78,7215532.8695,1
2026-08-21T09:15:00+08:00,1787274900000,88.34,89.1,88.16,88.36,245719.67,245719.67,21769585.3029,1
2026-08-21T09:30:00+08:00,1787275800000,88.35,88.7,88.21,88.45,127063.08,127063.08,11236562.778,1
2026-08-21T09:45:00+08:00,1787276700000,88.45,89.48,88.4,88.98,286169.87,286169.87,25508354.0995,1
2026-08-21T10:00:00+08:00,1787277600000,88.98,89.78,88.47,89.18,328176.18,328176.18,29248864.2601,1
2026-08-21T10:15:00+08:00,1787278500000,89.18,89.42,88.85,89.38,135009.56,135009.56,12039067.2512,1
2026-08-21T10:30:00+08:00,1787279400000,89.39,90.18,88.89,89.69,438229.78,438229.78,39295260.5764,1
2026-08-21T10:45:00+08:00,1787280300000,89.69,89.69,89.11,89.22,201961.71,201961.71,18059647.6504,1
2026-08-21T11:00:00+08:00,1787281200000,89.22,89.36,88.71,89.11,250781.49,250781.49,22339209.3112,1
2026-08-21T11:15:00+08:00,1787282100000,89.11,89.39,88.89,89.34,102325.18,102325.18,9125409.0425,1
2026-08-21T11:30:00+08:00,1787283000000,89.35,89.45,89.1,89.16,72625.13,72625.13,6483598.8096,1
2026-08-21T11:45:00+08:00,1787283900000,89.15,89.53,89.07,89.07,87213.17,87213.17,7792246.403,1
2026-08-21T12:00:00+08:00,1787284800000,89.08,89.44,89.01,89.04,107612.15,107612.15,9596253.7692,1
2026-08-21T12:15:00+08:00,1787285700000,89.05,89.37,88.84,88.92,59636.53,59636.53,5313544.0066,1
2026-08-21T12:30:00+08:00,1787286600000,88.92,89.22,88.85,89.13,87536.4,87536.4,7796490.6263,1
2026-08-21T12:45:00+08:00,1787287500000,89.12,89.48,89.06,89.44,106049.69,106049.69,9473536.6825,1
2026-08-21T13:00:00+08:00,1787288400000,89.44,89.64,89.15,89.6,85416.77,85416.77,7640098.961,1
2026-08-21T13:15:00+08:00,1787289300000,89.59,89.96,89.38,89.6,124207.56,124207.56,11139058.8448,1
2026-08-21T13:30:00+08:00,1787290200000,89.6,90.11,89.51,90.1,120959.18,120959.18,10873996.669,1
2026-08-21T13:45:00+08:00,1787291100000,90.1,90.72,90.08,90.4,332322.55,332322.55,30047419.8485,1
2026-08-21T14:00:00+08:00,1787292000000,90.41,91.33,90.27,90.69,339852.7,339852.7,30874386.1921,1
2026-08-21T14:15:00+08:00,1787292900000,90.7,90.83,89.97,90.03,223382.04,223382.04,20165882.9411,1
2026-08-21T14:30:00+08:00,1787293800000,90.03,90.44,90,90.04,233748.82,233748.82,21097319.2684,1
2026-08-21T14:45:00+08:00,1787294700000,90.04,90.46,89.72,90.19,135226.91,135226.91,12173631.2456,1
2026-08-21T15:00:00+08:00,1787295600000,90.19,90.78,90.15,90.77,139937.16,139937.16,12670721.4785,1
2026-08-21T15:15:00+08:00,1787296500000,90.78,91.18,90.14,90.25,264900.08,264900.08,24032323.2829,1
2026-08-21T15:30:00+08:00,1787297400000,90.26,90.75,89.92,90.54,166763.23,166763.23,15051012.5032,1
2026-08-21T15:45:00+08:00,1787298300000,90.55,90.7,90.28,90.39,84981.6,84981.6,7688184.0623,1
2026-08-21T16:00:00+08:00,1787299200000,90.39,91.05,90.34,90.72,128763.45,128763.45,11683129.1499,1
2026-08-21T16:15:00+08:00,1787300100000,90.72,91.55,90.69,91.37,287493.72,287493.72,26215265.2905,1
2026-08-21T16:30:00+08:00,1787301000000,91.37,92.18,91.23,92.13,314363.66,314363.66,28870563.4805,1
2026-08-21T16:45:00+08:00,1787301900000,92.13,93.41,92.09,93.27,563820.31,563820.31,52291024.1493,1
2026-08-21T17:00:00+08:00,1787302800000,93.27,93.32,90.29,91.38,1081786.82,1081786.82,98890446.1903,1
2026-08-21T17:15:00+08:00,1787303700000,91.37,91.59,90.84,91.18,255602.52,255602.52,23298635.5561,1
2026-08-21T17:30:00+08:00,1787304600000,91.18,91.95,91,91.84,209790.04,209790.04,19192995.9639,1
2026-08-21T17:45:00+08:00,1787305500000,91.85,92.18,91.22,91.66,237578.4,237578.4,21821198.3839,1
2026-08-21T18:00:00+08:00,1787306400000,91.66,91.74,91.12,91.27,131784.16,131784.16,12035387.5739,1
2026-08-21T18:15:00+08:00,1787307300000,91.26,91.69,90.83,91.26,164445.5,164445.5,15009102.0983,1
2026-08-21T18:30:00+08:00,1787308200000,91.25,91.38,90.85,91.36,82477.07,82477.07,7518196.1909,1
2026-08-21T18:45:00+08:00,1787309100000,91.36,91.67,91.36,91.46,55056.28,55056.28,5037776.8429,1
2026-08-21T19:00:00+08:00,1787310000000,91.46,91.6,90.49,91.11,197939.38,197939.38,17997983.5826,1
2026-08-21T19:15:00+08:00,1787310900000,91.1,91.14,90.63,90.99,143702.35,143702.35,13064322.1378,1
2026-08-21T19:30:00+08:00,1787311800000,90.99,91.02,89.87,90.46,341432.64,341432.64,30861662.464,1
2026-08-21T19:45:00+08:00,1787312700000,90.46,90.62,90.1,90.29,130728.59,130728.59,11814780.6108,1
2026-08-21T20:00:00+08:00,1787313600000,90.3,90.51,89.98,90.45,117754.42,117754.42,10625498.5037,1
2026-08-21T20:15:00+08:00,1787314500000,90.46,90.47,90.19,90.3,53638.28,53638.28,4844519.634,1
2026-08-21T20:30:00+08:00,1787315400000,90.31,91.12,90.23,91.09,117466.16,117466.16,10662607.0088,1
2026-08-21T20:45:00+08:00,1787316300000,91.08,91.14,90.79,90.86,70988.28,70988.28,6459248.9626,1
2026-08-21T21:00:00+08:00,1787317200000,90.86,90.99,90.67,90.86,74165.5,74165.5,6734835.9442,1
2026-08-21T21:15:00+08:00,1787318100000,90.87,90.87,90.4,90.73,99517.34,99517.34,9019677.6161,1
2026-08-21T21:30:00+08:00,1787319000000,90.73,91.04,89.73,90.96,252018.37,252018.37,22764698.5013,1
2026-08-21T21:45:00+08:00,1787319900000,90.96,91.38,90.81,91.05,146153.2,146153.2,13313044.1904,1
2026-08-21T22:00:00+08:00,1787320800000,91.04,91.08,90.53,90.92,128552.35,128552.35,11678334.2912,1
2026-08-21T22:15:00+08:00,1787321700000,90.93,91.35,90.76,91.29,149031.35,149031.35,13565459.0299,1
2026-08-21T22:30:00+08:00,1787322600000,91.3,91.68,91.11,91.48,113092.22,113092.22,10335229.1894,1
2026-08-21T22:45:00+08:00,1787323500000,91.48,91.95,91.47,91.86,104394.02,104394.02,9580118.4553,1
2026-08-21T23:00:00+08:00,1787324400000,91.86,92.15,91.6,91.85,122068.98,122068.98,11221988.9238,1
2026-08-21T23:15:00+08:00,1787325300000,91.86,91.99,91.46,91.55,82361.9,82361.9,7553922.0984,1
2026-08-21T23:30:00+08:00,1787326200000,91.54,91.78,91.31,91.56,74580.22,74580.22,6827350.2315,1
2026-08-21T23:45:00+08:00,1787327100000,91.57,91.68,91.21,91.34,74715.62,74715.62,6830917.3409,1
2026-08-22T00:00:00+08:00,1787328000000,91.34,91.51,90.75,90.76,125235.97,125235.97,11410518.7778,1
2026-08-22T00:15:00+08:00,1787328900000,90.76,91.5,90.71,91.48,88297.27,88297.27,8052589.2757,1
2026-08-22T00:30:00+08:00,1787329800000,91.49,91.58,91.28,91.36,65775.89,65775.89,6016149.7226,1
2026-08-22T00:45:00+08:00,1787330700000,91.36,91.92,91.33,91.59,118038.96,118038.96,10819766.0537,1
2026-08-22T01:00:00+08:00,1787331600000,91.6,91.91,91.48,91.71,57217.12,57217.12,5248077.8944,1
2026-08-22T01:15:00+08:00,1787332500000,91.72,91.73,91.16,91.56,97007.36,97007.36,8871126.4867,1
2026-08-22T01:30:00+08:00,1787333400000,91.55,91.98,91.49,91.58,141734.77,141734.77,13002577.6698,1
2026-08-22T01:45:00+08:00,1787334300000,91.59,91.93,91.5,91.79,48337.27,48337.27,4435914.3674,1
2026-08-22T02:00:00+08:00,1787335200000,91.79,92.04,91.73,91.82,63253.36,63253.36,5813990.7799,1
2026-08-22T02:15:00+08:00,1787336100000,91.82,92.06,91.63,91.9,57886.51,57886.51,5315528.163,1
2026-08-22T02:30:00+08:00,1787337000000,91.89,91.98,91.26,91.4,132177.75,132177.75,12124857.4705,1
2026-08-22T02:45:00+08:00,1787337900000,91.41,91.61,91.05,91.55,102629.68,102629.68,9368067.9044,1
2026-08-22T03:00:00+08:00,1787338800000,91.55,91.61,90.83,91.29,84047.81,84047.81,7658261.6496,1
2026-08-22T03:15:00+08:00,1787339700000,91.3,91.39,90.88,91.3,82816.06,82816.06,7544740.7589,1
2026-08-22T03:30:00+08:00,1787340600000,91.29,91.35,90.75,90.82,57711.34,57711.34,5252338.2088,1
2026-08-22T03:45:00+08:00,1787341500000,90.83,91.06,90.73,90.94,51923.87,51923.87,4720027.509,1
2026-08-22T04:00:00+08:00,1787342400000,90.94,91.32,90.49,91.2,102155.03,102155.03,9284953.5702,1
2026-08-22T04:15:00+08:00,1787343300000,91.19,91.97,91.19,91.79,69430.36,69430.36,6362633.4554,1
2026-08-22T04:30:00+08:00,1787344200000,91.8,91.91,91.61,91.83,41637.39,41637.39,3820399.8549,1
2026-08-22T04:45:00+08:00,1787345100000,91.83,91.84,91.51,91.84,35986.57,35986.57,3301147.076,1
2026-08-22T05:00:00+08:00,1787346000000,91.85,92.44,91.63,92.26,131197.53,131197.53,12077612.2861,1
2026-08-22T05:15:00+08:00,1787346900000,92.26,93,92.15,92.78,140559.78,140559.78,13024532.348,1
2026-08-22T05:30:00+08:00,1787347800000,92.78,93.1,92.59,93.03,115226.87,115226.87,10702010.9417,1
2026-08-22T05:45:00+08:00,1787348700000,93.03,93.85,93.03,93.71,235554.06,235554.06,22045158.3355,1
2026-08-22T06:00:00+08:00,1787349600000,93.72,94.39,93.54,94.09,276290.4,276290.4,25998857.0616,1
2026-08-22T06:15:00+08:00,1787350500000,94.09,94.17,93.43,94.17,206946.96,206946.96,19421331.4759,1
2026-08-22T06:30:00+08:00,1787351400000,94.17,94.49,93.28,94.36,225794.99,225794.99,21203258.8105,1
2026-08-22T06:45:00+08:00,1787352300000,94.35,94.64,93.59,94.29,281961.74,281961.74,26547207.1788,1
2026-08-22T07:00:00+08:00,1787353200000,94.3,94.35,93.82,94.06,171074.81,171074.81,16097058.9886,1
2026-08-22T07:15:00+08:00,1787354100000,94.07,95,94.05,94.4,247506.68,247506.68,23414203.0036,1
2026-08-22T07:30:00+08:00,1787355000000,94.4,94.48,93.57,93.95,225117.22,225117.22,21150621.9128,1
2026-08-22T07:45:00+08:00,1787355900000,93.94,93.98,93.37,93.7,122908.11,122908.11,11510450.873,1
2026-08-22T08:00:00+08:00,1787356800000,93.71,93.97,92.85,93.56,217556.94,217556.94,20305895.9426,1
2026-08-22T08:15:00+08:00,1787357700000,93.55,94.41,93.39,93.65,165059.14,165059.14,15511860.8426,1
2026-08-22T08:30:00+08:00,1787358600000,93.64,93.9,93.39,93.53,170139.72,170139.72,15937513.9175,1
2026-08-22T08:45:00+08:00,1787359500000,93.54,93.95,93.39,93.88,72496.45,72496.45,6790866.1161,1
2026-08-22T09:00:00+08:00,1787360400000,93.87,94.24,93.72,93.99,97440.39,97440.39,9158530.0794,1
2026-08-22T09:15:00+08:00,1787361300000,94,94.3,93.74,94.01,72544.55,72544.55,6821219.2084,1
2026-08-22T09:30:00+08:00,1787362200000,94,94.41,93.62,93.73,94034.31,94034.31,8848545.0569,1
2026-08-22T09:45:00+08:00,1787363100000,93.72,94.04,93.46,93.65,92211.38,92211.38,8637965.5049,1
2026-08-22T10:00:00+08:00,1787364000000,93.66,94.3,93.66,94.22,73862.54,73862.54,6945501.4733,1
2026-08-22T10:15:00+08:00,1787364900000,94.22,95.07,94.18,94.81,193074.53,193074.53,18286099.6476,1
2026-08-22T10:30:00+08:00,1787365800000,94.82,95.8,94.62,95.7,311893.38,311893.38,29682722.6073,1
2026-08-22T10:45:00+08:00,1787366700000,95.69,95.7,95.23,95.62,168593.72,168593.72,16096395.9061,1
2026-08-22T11:00:00+08:00,1787367600000,95.62,96.49,95.48,95.99,295215.68,295215.68,28347277.2724,1
2026-08-22T11:15:00+08:00,1787368500000,95.99,97.15,95.99,96.83,340422.39,340422.39,32953231.4378,1
2026-08-22T11:30:00+08:00,1787369400000,96.84,97.59,96.35,96.7,341658.77,341658.77,33116606.1735,1
2026-08-22T11:45:00+08:00,1787370300000,96.7,97.31,96.58,96.78,210873.14,210873.14,20452160.7782,1
2026-08-22T12:00:00+08:00,1787371200000,96.78,97.2,96.15,97.18,206262.15,206262.15,19936729.946,1
2026-08-22T12:15:00+08:00,1787372100000,97.18,98,96.64,97.98,284379.7,284379.7,27684198.3188,1
2026-08-22T12:30:00+08:00,1787373000000,97.98,102.78,97.83,102.22,1371346,1371346,137774460.8674,1
2026-08-22T12:45:00+08:00,1787373900000,102.2,102.24,98.51,99.14,1280214.69,1280214.69,127949325.0136,1
2026-08-22T13:00:00+08:00,1787374800000,99.15,100,87.53,93.34,2490946.6,2490946.6,233971662.628,1
2026-08-22T13:15:00+08:00,1787375700000,93.34,94.68,91.01,94.06,988687.79,988687.79,92327479.2542,1
2026-08-22T13:30:00+08:00,1787376600000,94.07,94.8,92.73,93.6,412090.81,412090.81,38650849.2307,1
2026-08-22T13:45:00+08:00,1787377500000,93.61,94.88,93.37,94.19,281677.89,281677.89,26572694.0008,1
2026-08-22T14:00:00+08:00,1787378400000,94.19,94.48,93.41,93.56,186650.9,186650.9,17526849.7123,1
2026-08-22T14:15:00+08:00,1787379300000,93.57,94.34,93.56,93.89,132376.85,132376.85,12437855.1284,1
2026-08-22T14:30:00+08:00,1787380200000,93.88,95.14,93.03,94.58,281503,281503,26497961.8737,1
2026-08-22T14:45:00+08:00,1787381100000,94.58,94.83,94.06,94.28,105223.84,105223.84,9932048.299,1
2026-08-22T15:00:00+08:00,1787382000000,94.28,95.14,94.12,94.43,151645.43,151645.43,14350889.5905,1
2026-08-22T15:15:00+08:00,1787382900000,94.43,95.03,94.02,95,120395.85,120395.85,11387748.4002,1
2026-08-22T15:30:00+08:00,1787383800000,94.99,95.54,94.39,94.84,128137.31,128137.31,12171711.4302,1
2026-08-22T15:45:00+08:00,1787384700000,94.83,94.92,94.37,94.45,83286.48,83286.48,7882203.0635,1
2026-08-22T16:00:00+08:00,1787385600000,94.45,94.95,94.04,94.9,97110.16,97110.16,9174587.5436,1
2026-08-22T16:15:00+08:00,1787386500000,94.9,95,93.65,93.76,162280.47,162280.47,15277288.2584,1
2026-08-22T16:30:00+08:00,1787387400000,93.77,93.83,93.02,93.64,222366.35,222366.35,20758640.8992,1
2026-08-22T16:45:00+08:00,1787388300000,93.63,94.13,93.24,94.08,79959.53,79959.53,7491563.0414,1
2026-08-22T17:00:00+08:00,1787389200000,94.09,94.21,92.93,94.21,154686.32,154686.32,14479804.8631,1
2026-08-22T17:15:00+08:00,1787390100000,94.22,94.57,93.94,94.28,94182.26,94182.26,8877095.1973,1
2026-08-22T17:30:00+08:00,1787391000000,94.28,94.42,94.02,94.27,61985.75,61985.75,5840705.0949,1
2026-08-22T17:45:00+08:00,1787391900000,94.28,94.29,93.6,93.9,73099.07,73099.07,6859016.03,1
2026-08-22T18:00:00+08:00,1787392800000,93.9,93.98,92.08,92.17,338431.87,338431.87,31381378.1887,1
2026-08-22T18:15:00+08:00,1787393700000,92.16,92.48,91.32,92.45,348231.84,348231.84,32022044.542,1
2026-08-22T18:30:00+08:00,1787394600000,92.45,93.39,92.26,93.27,136626.38,136626.38,12688020.9173,1
2026-08-22T18:45:00+08:00,1787395500000,93.28,93.34,92.68,92.87,78913.93,78913.93,7337032.6142,1
2026-08-22T19:00:00+08:00,1787396400000,92.88,93.22,92.55,92.78,73373.44,73373.44,6813925.0372,1
2026-08-22T19:15:00+08:00,1787397300000,92.78,93.09,92.58,93.01,70994.93,70994.93,6593055.3309,1
2026-08-22T19:30:00+08:00,1787398200000,93,93.51,92.9,93.46,65112.68,65112.68,6076617.1311,1
2026-08-22T19:45:00+08:00,1787399100000,93.45,93.56,93.14,93.32,46800.73,46800.73,4367815.8861,1
2026-08-22T20:00:00+08:00,1787400000000,93.31,93.96,93.15,93.9,109360.83,109360.83,10237803.8747,1
2026-08-22T20:15:00+08:00,1787400900000,93.9,94.38,93.84,94.23,100517.67,100517.67,9457273.4786,1
2026-08-22T20:30:00+08:00,1787401800000,94.23,94.25,93.82,94.23,92848.35,92848.35,8731874.5468,1
2026-08-22T20:45:00+08:00,1787402700000,94.22,94.3,93.81,93.81,54109.59,54109.59,5092809.524,1
2026-08-22T21:00:00+08:00,1787403600000,93.82,94,93.53,93.91,67921.05,67921.05,6367256.9822,1
2026-08-22T21:15:00+08:00,1787404500000,93.92,94.22,93.6,93.84,76806.02,76806.02,7211705.4041,1
2026-08-22T21:30:00+08:00,1787405400000,93.85,93.98,93.57,93.81,39171.51,39171.51,3672306.4951,1
2026-08-22T21:45:00+08:00,1787406300000,93.81,94.24,93.74,94.12,82528.47,82528.47,7762570.3542,1
2026-08-22T22:00:00+08:00,1787407200000,94.13,94.3,93.6,93.83,89855.31,89855.31,8437428.7829,1
2026-08-22T22:15:00+08:00,1787408100000,93.82,93.92,93.32,93.84,79090.25,79090.25,7406699.0943,1
2026-08-22T22:30:00+08:00,1787409000000,93.84,94.04,93.27,93.29,72028.88,72028.88,6750899.1386,1
2026-08-22T22:45:00+08:00,1787409900000,93.29,93.47,92.86,93.25,133045.58,133045.58,12396581.0957,1
2026-08-22T23:00:00+08:00,1787410800000,93.26,93.5,92.94,92.94,78069.92,78069.92,7276123.4168,1
2026-08-22T23:15:00+08:00,1787411700000,92.93,93.38,92.8,93.26,89321.68,89321.68,8316250.2762,1
2026-08-22T23:30:00+08:00,1787412600000,93.26,93.6,93.19,93.29,63083.2,63083.2,5889456.5008,1
2026-08-22T23:45:00+08:00,1787413500000,93.28,93.37,92.99,93.07,43449.92,43449.92,4047037.2362,1
2026-08-23T00:00:00+08:00,1787414400000,93.08,93.53,93.07,93.42,77278.76,77278.76,7210150.0966,1
2026-08-23T00:15:00+08:00,1787415300000,93.42,94.09,93.42,93.89,96384.19,96384.19,9047197.1303,1
2026-08-23T00:30:00+08:00,1787416200000,93.89,94.67,93.89,94.53,124263.05,124263.05,11722852.9776,1
2026-08-23T00:45:00+08:00,1787417100000,94.52,94.69,94.3,94.33,97934.86,97934.86,9253902.7486,1
2026-08-23T01:00:00+08:00,1787418000000,94.33,94.57,94.07,94.24,130964.61,130964.61,12351648.1428,1
2026-08-23T01:15:00+08:00,1787418900000,94.25,94.42,93.77,93.84,90835.24,90835.24,8547030.2462,1
2026-08-23T01:30:00+08:00,1787419800000,93.85,94.31,93.85,94.27,55111.39,55111.39,5187794.0119,1
2026-08-23T01:45:00+08:00,1787420700000,94.27,94.56,94.22,94.27,52222.12,52222.12,4928026.2125,1
2026-08-23T02:00:00+08:00,1787421600000,94.27,94.39,94.05,94.16,46709.47,46709.47,4400619.4257,1
2026-08-23T02:15:00+08:00,1787422500000,94.16,94.55,94.16,94.39,41024.39,41024.39,3870875.3012,1
2026-08-23T02:30:00+08:00,1787423400000,94.39,94.54,94.16,94.18,30994.7,30994.7,2924827.2418,1
2026-08-23T02:45:00+08:00,1787424300000,94.19,94.51,94.03,94.46,109415.69,109415.69,10316498.2214,1
2026-08-23T03:00:00+08:00,1787425200000,94.47,94.64,94.27,94.57,60060.24,60060.24,5671124.5196,1
2026-08-23T03:15:00+08:00,1787426100000,94.58,94.7,94.32,94.41,63384.96,63384.96,5990202.391,1
2026-08-23T03:30:00+08:00,1787427000000,94.41,94.84,94.41,94.74,27743.09,27743.09,2625356.6205,1
2026-08-23T03:45:00+08:00,1787427900000,94.75,94.78,94.45,94.48,58709.65,58709.65,5557107.1601,1
2026-08-23T04:00:00+08:00,1787428800000,94.49,94.78,94.4,94.69,47047.76,47047.76,4450569.2453,1
2026-08-23T04:15:00+08:00,1787429700000,94.68,94.79,94.39,94.48,32195.57,32195.57,3045595.8701,1
2026-08-23T04:30:00+08:00,1787430600000,94.48,94.65,94.28,94.49,41683.83,41683.83,3937133.8,1
2026-08-23T04:45:00+08:00,1787431500000,94.5,94.56,94.3,94.38,28693.74,28693.74,2710379.0082,1
2026-08-23T05:00:00+08:00,1787432400000,94.39,94.39,93.44,93.5,122865.78,122865.78,11518153.4213,1
2026-08-23T05:15:00+08:00,1787433300000,93.5,93.94,93.5,93.81,52268.71,52268.71,4899634.5558,1
2026-08-23T05:30:00+08:00,1787434200000,93.82,93.85,93.05,93.35,114180.45,114180.45,10650422.6472,1
2026-08-23T05:45:00+08:00,1787435100000,93.35,93.35,92.71,92.82,95718.59,95718.59,8896448.1704,1
2026-08-23T06:00:00+08:00,1787436000000,92.81,93.67,92.55,93.59,161368.67,161368.67,15032169.0183,1
2026-08-23T06:15:00+08:00,1787436900000,93.59,93.98,93.5,93.9,59746.82,59746.82,5600364.1254,1
2026-08-23T06:30:00+08:00,1787437800000,93.89,94.01,93.52,93.75,69381.18,69381.18,6508186.7093,1
2026-08-23T06:45:00+08:00,1787438700000,93.75,93.97,93.55,93.61,63069.9,63069.9,5911172.2742,1
2026-08-23T07:00:00+08:00,1787439600000,93.62,93.8,93.34,93.62,34791.88,34791.88,3257862.0104,1
2026-08-23T07:15:00+08:00,1787440500000,93.62,93.77,93.54,93.6,14375.83,14375.83,1346225.8205,1
2026-08-23T07:30:00+08:00,1787441400000,93.6,93.71,93.34,93.66,28424.8,28424.8,2657638.4377,1
2026-08-23T07:45:00+08:00,1787442300000,93.66,93.99,93.65,93.82,35953.37,35953.37,3375785.1495,1
2026-08-23T08:00:00+08:00,1787443200000,93.82,94.02,93.57,93.76,47571.98,47571.98,4464187.2477,1
2026-08-23T08:15:00+08:00,1787444100000,93.76,94.39,93.7,94.28,82719.84,82719.84,7782753.3217,1
2026-08-23T08:30:00+08:00,1787445000000,94.28,97.09,94.27,96.35,636999.52,636999.52,61120790.9126,1
2026-08-23T08:45:00+08:00,1787445900000,96.35,97.24,96.09,96.35,287819.67,287819.67,27801530.6081,1
2026-08-23T09:00:00+08:00,1787446800000,96.35,96.39,95.71,96.26,213417.23,213417.23,20511726.4105,1
2026-08-23T09:15:00+08:00,1787447700000,96.26,96.26,95.78,96.08,78164.98,78164.98,7502131.0586,1
2026-08-23T09:30:00+08:00,1787448600000,96.08,96.28,95.64,96.13,115457.52,115457.52,11084401.8376,1
2026-08-23T09:45:00+08:00,1787449500000,96.13,96.59,95.76,95.99,105414.71,105414.71,10138026.3394,1
2026-08-23T10:00:00+08:00,1787450400000,96,96.27,93.87,94.38,286708.65,286708.65,27263480.7986,1
2026-08-23T10:15:00+08:00,1787451300000,94.39,94.99,94.08,94.49,354907.52,354907.52,33532706.5366,1
2026-08-23T10:30:00+08:00,1787452200000,94.5,94.9,94.42,94.55,87249.59,87249.59,8259447.5996,1
2026-08-23T10:45:00+08:00,1787453100000,94.55,96.55,94.34,94.9,313859.08,313859.08,29917131.1121,1
2026-08-23T11:00:00+08:00,1787454000000,94.89,95.03,94.45,94.89,96049.18,96049.18,9099457.3842,1
2026-08-23T11:15:00+08:00,1787454900000,94.88,95.05,94.17,94.22,127839.58,127839.58,12078391.2209,1
2026-08-23T11:30:00+08:00,1787455800000,94.22,94.28,93.41,93.5,244649.16,244649.16,22946634.2574,1
2026-08-23T11:45:00+08:00,1787456700000,93.51,94.01,93.5,93.73,95883.98,95883.98,8996234.9156,1
2026-08-23T12:00:00+08:00,1787457600000,93.72,94.1,93.12,94.07,181157.48,181157.48,16945038.7177,1
2026-08-23T12:15:00+08:00,1787458500000,94.07,94.1,93.2,93.6,107109.93,107109.93,10028056.099,1
2026-08-23T12:30:00+08:00,1787459400000,93.59,93.62,92.81,92.97,131801.3,131801.3,12270224.4046,1
2026-08-23T12:45:00+08:00,1787460300000,92.98,93.02,92.16,92.56,308911.59,308911.59,28594360.9968,1
2026-08-23T13:00:00+08:00,1787461200000,92.55,92.9,92.1,92.18,219025.01,219025.01,20265270.2715,1
2026-08-23T13:15:00+08:00,1787462100000,92.17,93.3,91.52,93.02,366370.97,366370.97,33845117.3628,1
2026-08-23T13:30:00+08:00,1787463000000,93.01,93.22,92.54,92.71,85836.39,85836.39,7965834.2097,1
2026-08-23T13:45:00+08:00,1787463900000,92.7,92.81,92.29,92.3,68037.96,68037.96,6296326.2096,1
2026-08-23T14:00:00+08:00,1787464800000,92.3,92.56,91.76,92.31,182981.19,182981.19,16862508.502,1
2026-08-23T14:15:00+08:00,1787465700000,92.31,92.56,92.08,92.31,116692.46,116692.46,10774633.4298,1
2026-08-23T14:30:00+08:00,1787466600000,92.3,92.83,92.3,92.49,123178.8,123178.8,11402707.1667,1
2026-08-23T14:45:00+08:00,1787467500000,92.49,92.58,91.99,92.25,74229.95,74229.95,6844998.2324,1
2026-08-23T15:00:00+08:00,1787468400000,92.25,92.67,92.14,92.61,57908.24,57908.24,5351745.05,1
2026-08-23T15:15:00+08:00,1787469300000,92.62,92.98,92.62,92.73,76039.5,76039.5,7056542.1283,1
2026-08-23T15:30:00+08:00,1787470200000,92.72,92.73,92.42,92.49,55595.09,55595.09,5145212.069,1
2026-08-23T15:45:00+08:00,1787471100000,92.49,92.74,92.31,92.47,66360.69,66360.69,6138091.3137,1
2026-08-23T16:00:00+08:00,1787472000000,92.48,93,92.3,92.84,91065.59,91065.59,8446509.9137,1
2026-08-23T16:15:00+08:00,1787472900000,92.84,92.96,92.77,92.89,37208.01,37208.01,3455089.9393,1
2026-08-23T16:30:00+08:00,1787473800000,92.89,93.55,92.8,93.32,98027.89,98027.89,9136023.0615,1
2026-08-23T16:45:00+08:00,1787474700000,93.32,93.38,93.04,93.19,65443.7,65443.7,6101425.2506,1
2026-08-23T17:00:00+08:00,1787475600000,93.19,93.44,93.11,93.3,41834.76,41834.76,3903631.1352,1
2026-08-23T17:15:00+08:00,1787476500000,93.3,93.4,93.1,93.25,37290.61,37290.61,3476163.8621,1
2026-08-23T17:30:00+08:00,1787477400000,93.25,93.28,92.89,93.25,56487.25,56487.25,5258367.8994,1
2026-08-23T17:45:00+08:00,1787478300000,93.24,93.55,93.13,93.32,56239.7,56239.7,5251433.3044,1
2026-08-23T18:00:00+08:00,1787479200000,93.32,93.81,93.28,93.76,99050.32,99050.32,9273385.7331,1
2026-08-23T18:15:00+08:00,1787480100000,93.77,94.13,93.65,93.7,88683.33,88683.33,8324674.9938,1
2026-08-23T18:30:00+08:00,1787481000000,93.69,93.9,93.59,93.78,53948.83,53948.83,5057347.2745,1
2026-08-23T18:45:00+08:00,1787481900000,93.78,93.86,93.58,93.62,36563.23,36563.23,3425247.2673,1
2026-08-23T19:00:00+08:00,1787482800000,93.61,93.9,93.52,93.85,29497.15,29497.15,2764144.8899,1
2026-08-23T19:15:00+08:00,1787483700000,93.85,94.58,93.73,94.31,124607.48,124607.48,11745138.4332,1
2026-08-23T19:30:00+08:00,1787484600000,94.31,94.79,94.25,94.67,86542.21,86542.21,8187850.0423,1
2026-08-23T19:45:00+08:00,1787485500000,94.68,94.72,94.49,94.6,42849.12,42849.12,4053981.6793,1
2026-08-23T20:00:00+08:00,1787486400000,94.6,94.6,94.06,94.32,91056.02,91056.02,8586515.3444,1
2026-08-23T20:15:00+08:00,1787487300000,94.32,94.57,94.27,94.48,64269.86,64269.86,6070200.655,1
2026-08-23T20:30:00+08:00,1787488200000,94.49,94.8,94.44,94.75,51468.64,51468.64,4867508.4912,1
2026-08-23T20:45:00+08:00,1787489100000,94.75,94.75,94.4,94.56,37490.17,37490.17,3545266.7299,1
2026-08-23T21:00:00+08:00,1787490000000,94.56,94.92,94.55,94.89,53819.28,53819.28,5099737.4128,1
2026-08-23T21:15:00+08:00,1787490900000,94.88,95.82,94.86,95.02,287263.93,287263.93,27372865.592,1
2026-08-23T21:30:00+08:00,1787491800000,95.03,95.27,94.82,95.27,69862.48,69862.48,6640757.4899,1
2026-08-23T21:45:00+08:00,1787492700000,95.27,95.54,95.1,95.37,129177.65,129177.65,12321273.9299,1
2026-08-23T22:00:00+08:00,1787493600000,95.37,95.66,94.98,95.53,123234.69,123234.69,11745089.0155,1
2026-08-23T22:15:00+08:00,1787494500000,95.53,95.65,95.1,95.36,79307.47,79307.47,7563513.2184,1
2026-08-23T22:30:00+08:00,1787495400000,95.35,95.48,93.05,94.37,379329.15,379329.15,35731946.7775,1
2026-08-23T22:45:00+08:00,1787496300000,94.37,95.19,94.37,95.02,155072.25,155072.25,14704263.1528,1
2026-08-23T23:00:00+08:00,1787497200000,95.03,95.45,94.63,95.26,109971.2,109971.2,10461553.951,1
2026-08-23T23:15:00+08:00,1787498100000,95.26,95.45,94.81,95.43,88980.3,88980.3,8466932.8594,1
2026-08-23T23:30:00+08:00,1787499000000,95.44,95.87,95.43,95.68,140234.13,140234.13,13418134.7496,1
2026-08-23T23:45:00+08:00,1787499900000,95.67,95.72,95.22,95.32,70147.88,70147.88,6697422.1209,1
2026-08-24T00:00:00+08:00,1787500800000,95.32,95.52,95.23,95.42,64711.83,64711.83,6170221.3643,1
2026-08-24T00:15:00+08:00,1787501700000,95.42,95.43,95.13,95.4,59772.01,59772.01,5696419.9945,1
2026-08-24T00:30:00+08:00,1787502600000,95.41,95.69,95.33,95.53,59609.54,59609.54,5694835.6195,1
2026-08-24T00:45:00+08:00,1787503500000,95.54,95.62,95.25,95.38,64542.95,64542.95,6158807.1438,1
2026-08-24T01:00:00+08:00,1787504400000,95.39,95.46,94.75,95.35,109063.06,109063.06,10372378.3731,1
2026-08-24T01:15:00+08:00,1787505300000,95.36,95.5,95.08,95.15,50986.73,50986.73,4857822.1334,1
2026-08-24T01:30:00+08:00,1787506200000,95.16,95.22,94.77,95.09,55511.23,55511.23,5274836.2045,1
2026-08-24T01:45:00+08:00,1787507100000,95.09,95.26,95.02,95.08,28017.62,28017.62,2665420.8843,1
2026-08-24T02:00:00+08:00,1787508000000,95.08,95.37,94.9,95.2,81311.64,81311.64,7733042.2488,1
2026-08-24T02:15:00+08:00,1787508900000,95.2,95.44,95.09,95.34,31638.2,31638.2,3013759.362,1
2026-08-24T02:30:00+08:00,1787509800000,95.35,95.38,95.04,95.27,44385.96,44385.96,4226691.3989,1
2026-08-24T02:45:00+08:00,1787510700000,95.27,95.31,95.08,95.27,34842.6,34842.6,3316592.4414,1
2026-08-24T03:00:00+08:00,1787511600000,95.28,95.39,94.83,95.02,39524.55,39524.55,3759019.7923,1
2026-08-24T03:15:00+08:00,1787512500000,95.02,95.09,94.92,95.03,15463.74,15463.74,1469132.3219,1
2026-08-24T03:30:00+08:00,1787513400000,95.02,95.34,94.77,95.27,47328.55,47328.55,4496783.593,1
2026-08-24T03:45:00+08:00,1787514300000,95.28,95.47,95,95.04,58242.83,58242.83,5546976.0684,1
2026-08-24T04:00:00+08:00,1787515200000,95.05,95.12,94.72,95.02,53966.25,53966.25,5120361.8068,1
2026-08-24T04:15:00+08:00,1787516100000,95.02,95.38,94.98,95.24,20119.11,20119.11,1916347.616,1
2026-08-24T04:30:00+08:00,1787517000000,95.25,95.34,95.11,95.16,19445.27,19445.27,1851719.6166,1
2026-08-24T04:45:00+08:00,1787517900000,95.15,95.16,94.98,95.04,15928.71,15928.71,1514200.195,1
2026-08-24T05:00:00+08:00,1787518800000,95.04,95.78,95.03,95.62,76679.85,76679.85,7318117.4475,1
2026-08-24T05:15:00+08:00,1787519700000,95.63,96.24,95.61,96.09,103341.66,103341.66,9919429.314,1
2026-08-24T05:30:00+08:00,1787520600000,96.09,96.23,95.15,95.26,95054.44,95054.44,9091249.0474,1
2026-08-24T05:45:00+08:00,1787521500000,95.26,95.65,95.2,95.33,59730.95,59730.95,5699108.2912,1
2026-08-24T06:00:00+08:00,1787522400000,95.33,95.71,94.75,95.23,134996.92,134996.92,12842741.1528,1
2026-08-24T06:15:00+08:00,1787523300000,95.22,95.74,95.07,95.53,69548.65,69548.65,6635163.0431,1
2026-08-24T06:30:00+08:00,1787524200000,95.53,95.67,95.35,95.51,48951.58,48951.58,4675952.5036,1
2026-08-24T06:45:00+08:00,1787525100000,95.51,95.69,95.31,95.57,60318.1,60318.1,5762037.6768,1
2026-08-24T07:00:00+08:00,1787526000000,95.57,95.64,94.99,95.15,50614.3,50614.3,4823073.6111,1
2026-08-24T07:15:00+08:00,1787526900000,95.15,95.62,95,95.45,64422.52,64422.52,6137192.6748,1
2026-08-24T07:30:00+08:00,1787527800000,95.45,95.87,94.99,95.14,81087.77,81087.77,7740402.3813,1
2026-08-24T07:45:00+08:00,1787528700000,95.15,95.57,95.11,95.42,49292.58,49292.58,4701310.1999,1
2026-08-24T08:00:00+08:00,1787529600000,95.43,95.49,94.91,95.19,68053.47,68053.47,6476236.1259,1
2026-08-24T08:15:00+08:00,1787530500000,95.18,95.21,93.62,94.49,270637.09,270637.09,25532791.5919,1
2026-08-24T08:30:00+08:00,1787531400000,94.5,95.08,94.31,94.33,192159.46,192159.46,18198554.9342,1
2026-08-24T08:45:00+08:00,1787532300000,94.33,95.56,94.1,95.54,171286.88,171286.88,16238467.4336,1
2026-08-24T09:00:00+08:00,1787533200000,95.54,95.55,94.84,94.89,90796.71,90796.71,8646573.7806,1
2026-08-24T09:15:00+08:00,1787534100000,94.88,94.92,94.44,94.47,60540.14,60540.14,5731356.0526,1
2026-08-24T09:30:00+08:00,1787535000000,94.47,94.65,94.16,94.18,68426.13,68426.13,6458761.4083,1
2026-08-24T09:45:00+08:00,1787535900000,94.18,94.27,93.71,93.84,104108.47,104108.47,9789334.8446,1
2026-08-24T10:00:00+08:00,1787536800000,93.84,94.52,93.64,94.43,122429.77,122429.77,11509253.9031,1
2026-08-24T10:15:00+08:00,1787537700000,94.42,94.76,94.42,94.75,57738.72,57738.72,5463743.1965,1
2026-08-24T10:30:00+08:00,1787538600000,94.76,95.03,94.6,94.73,60578.88,60578.88,5745019.8994,1
2026-08-24T10:45:00+08:00,1787539500000,94.72,94.72,94.01,94.56,80832.62,80832.62,7622218.4397,1
2026-08-24T11:00:00+08:00,1787540400000,94.56,94.64,93.82,93.85,71298.09,71298.09,6710467.3647,1
2026-08-24T11:15:00+08:00,1787541300000,93.85,94.23,93.74,93.74,75780.5,75780.5,7115186.6071,1
2026-08-24T11:30:00+08:00,1787542200000,93.74,93.98,93.37,93.74,135090.06,135090.06,12653378.8023,1
2026-08-24T11:45:00+08:00,1787543100000,93.73,94.07,93.61,93.63,54898.88,54898.88,5152983.8673,1
2026-08-24T12:00:00+08:00,1787544000000,93.63,94.04,93.63,93.96,68178.26,68178.26,6397367.7566,1
2026-08-24T12:15:00+08:00,1787544900000,93.95,94.3,93.95,94.27,78246.26,78246.26,7366662,1
2026-08-24T12:30:00+08:00,1787545800000,94.28,94.32,93.93,94.23,44586.66,44586.66,4196414.9476,1
2026-08-24T12:45:00+08:00,1787546700000,94.24,94.33,93.63,94.2,90901.68,90901.68,8535526.713,1
2026-08-24T13:00:00+08:00,1787547600000,94.19,94.54,93.83,94.47,109693.18,109693.18,10327156.6333,1
2026-08-24T13:15:00+08:00,1787548500000,94.47,94.65,93.94,94.02,87318.88,87318.88,8229030.1811,1
2026-08-24T13:30:00+08:00,1787549400000,94.02,94.36,93.43,94.11,143499.11,143499.11,13468877.7842,1
2026-08-24T13:45:00+08:00,1787550300000,94.12,94.31,93.97,94.25,43831.51,43831.51,4125106.7208,1
2026-08-24T14:00:00+08:00,1787551200000,94.25,94.4,93.77,94.32,86878.79,86878.79,8178693.0425,1
2026-08-24T14:15:00+08:00,1787552100000,94.32,94.45,94.09,94.23,71067.83,71067.83,6699426.7698,1
2026-08-24T14:30:00+08:00,1787553000000,94.23,94.26,93.84,93.95,37618.29,37618.29,3536462.1321,1
2026-08-24T14:45:00+08:00,1787553900000,93.96,94.63,93.91,94.53,64306.23,64306.23,6069451.2789,1
2026-08-24T15:00:00+08:00,1787554800000,94.53,95.43,94.46,95.29,115741.72,115741.72,10995307.8949,1
2026-08-24T15:15:00+08:00,1787555700000,95.29,95.3,94.26,94.29,153070.71,153070.71,14496973.7668,1
2026-08-24T15:30:00+08:00,1787556600000,94.29,94.4,93.94,94.01,128049.19,128049.19,12056904.965,1
2026-08-24T15:45:00+08:00,1787557500000,94,94.41,93.98,94.09,112644.96,112644.96,10612757.8446,1
2026-08-24T16:00:00+08:00,1787558400000,94.1,94.34,93.89,94.02,82437.95,82437.95,7754281.8474,1
2026-08-24T16:15:00+08:00,1787559300000,94.02,94.02,93.21,93.36,162637.48,162637.48,15212389.7473,1
2026-08-24T16:30:00+08:00,1787560200000,93.36,93.95,93.33,93.94,91763.7,91763.7,8589478.3793,1
2026-08-24T16:45:00+08:00,1787561100000,93.93,94.08,93.79,93.91,59613.17,59613.17,5600250.1945,1
2026-08-24T17:00:00+08:00,1787562000000,93.9,94.58,93.86,94.55,121097.52,121097.52,11416694.5664,1
2026-08-24T17:15:00+08:00,1787562900000,94.55,94.66,94.29,94.63,96259.7,96259.7,9095808.8299,1
2026-08-24T17:30:00+08:00,1787563800000,94.62,94.88,94.61,94.69,55776.76,55776.76,5284660.3341,1
2026-08-24T17:45:00+08:00,1787564700000,94.68,94.8,94.63,94.64,35552.27,35552.27,3366820.6632,1
2026-08-24T18:00:00+08:00,1787565600000,94.65,95.15,94.57,95.01,121821.32,121821.32,11553843.576,1
2026-08-24T18:15:00+08:00,1787566500000,95.01,95.03,94.76,94.8,125975.5,125975.5,11948770.0959,1
2026-08-24T18:30:00+08:00,1787567400000,94.81,94.99,94.71,94.77,83651.44,83651.44,7934072.9732,1
2026-08-24T18:45:00+08:00,1787568300000,94.77,94.9,94.54,94.7,78645.4,78645.4,7449026.2352,1
2026-08-24T19:00:00+08:00,1787569200000,94.7,94.74,94.21,94.65,142597.47,142597.47,13476512.5097,1
2026-08-24T19:15:00+08:00,1787570100000,94.65,94.92,94.49,94.88,64001.02,64001.02,6062511.785,1
2026-08-24T19:30:00+08:00,1787571000000,94.89,96.28,94.82,96.23,347552.14,347552.14,33288798.0661,1
2026-08-24T19:45:00+08:00,1787571900000,96.23,96.31,95.45,95.82,179296.9,179296.9,17172392.5305,1
2026-08-24T20:00:00+08:00,1787572800000,95.82,95.82,95.2,95.25,116159.93,116159.93,11085980.5537,1
2026-08-24T20:15:00+08:00,1787573700000,95.25,95.58,94.12,95.41,355776.64,355776.64,33746182.2983,1
2026-08-24T20:30:00+08:00,1787574600000,95.41,96.1,95.25,95.92,266032.86,266032.86,25473507.8624,1
2026-08-24T20:45:00+08:00,1787575500000,95.91,96.62,95.88,96.24,257400.17,257400.17,24778481.9339,1
2026-08-24T21:00:00+08:00,1787576400000,96.25,96.5,95.85,96.35,159249.67,159249.67,15307829.7598,1
2026-08-24T21:15:00+08:00,1787577300000,96.36,96.41,95.95,96.04,95029.41,95029.41,9134232.5195,1
2026-08-24T21:30:00+08:00,1787578200000,96.05,96.06,94.42,94.77,406831.19,406831.19,38763343.7513,1
2026-08-24T21:45:00+08:00,1787579100000,94.77,95.08,94.23,94.99,251554.43,251554.43,23835917.7101,1
2026-08-24T22:00:00+08:00,1787580000000,94.99,95.65,94.77,95.63,174738.91,174738.91,16647953.2367,1
2026-08-24T22:15:00+08:00,1787580900000,95.63,96.13,95.25,95.73,196695.56,196695.56,18808130.3039,1
2026-08-24T22:30:00+08:00,1787581800000,95.73,96.7,95.7,96.44,246843.15,246843.15,23771745.9621,1
2026-08-24T22:45:00+08:00,1787582700000,96.45,96.54,95.72,96.08,163740.67,163740.67,15720158.7194,1
2026-08-24T23:00:00+08:00,1787583600000,96.07,96.52,95.96,96.24,114315.74,114315.74,11001131.5248,1
2026-08-24T23:15:00+08:00,1787584500000,96.24,97.57,96.22,97.27,271562.99,271562.99,26373267.9047,1
2026-08-24T23:30:00+08:00,1787585400000,97.27,97.28,96.09,96.46,329427.44,329427.44,31883162.3497,1
2026-08-24T23:45:00+08:00,1787586300000,96.45,96.8,96.1,96.41,180935.1,180935.1,17448284.3075,1
2026-08-25T00:00:00+08:00,1787587200000,96.42,97.12,96.42,96.76,136629.85,136629.85,13227001.2302,1
2026-08-25T00:15:00+08:00,1787588100000,96.76,97.56,96.67,97.04,213957.23,213957.23,20805393.6722,1
2026-08-25T00:30:00+08:00,1787589000000,97.04,97.35,96.57,96.69,165649.17,165649.17,16065807.2738,1
2026-08-25T00:45:00+08:00,1787589900000,96.69,96.77,95.47,96.02,216088.19,216088.19,20767924.5053,1
2026-08-25T01:00:00+08:00,1787590800000,96.02,96.16,95.17,95.88,220363.62,220363.62,21077599.9244,1
2026-08-25T01:15:00+08:00,1787591700000,95.87,96.06,94.68,94.88,345543.42,345543.42,32913860.7027,1
2026-08-25T01:30:00+08:00,1787592600000,94.89,95.3,94.8,94.8,113795.34,113795.34,10816411.5182,1
2026-08-25T01:45:00+08:00,1787593500000,94.81,95.39,94.77,95.34,87755.18,87755.18,8348399.7055,1
2026-08-25T02:00:00+08:00,1787594400000,95.35,96.06,95.34,95.95,127900,127900,12247219.9577,1
2026-08-25T02:15:00+08:00,1787595300000,95.95,96.38,95.91,96.24,68044.26,68044.26,6543869.6859,1
2026-08-25T02:30:00+08:00,1787596200000,96.24,96.4,95.7,96.18,61345.22,61345.22,5893444.3322,1
2026-08-25T02:45:00+08:00,1787597100000,96.18,96.31,95.66,95.87,78915.37,78915.37,7571417.9247,1
2026-08-25T03:00:00+08:00,1787598000000,95.87,96.23,95.35,95.78,164769.54,164769.54,15774105.8233,1
2026-08-25T03:15:00+08:00,1787598900000,95.78,95.91,95.38,95.89,108620.28,108620.28,10384532.4588,1
2026-08-25T03:30:00+08:00,1787599800000,95.89,96.52,95.83,96.23,95370.65,95370.65,9171726.6211,1
2026-08-25T03:45:00+08:00,1787600700000,96.24,96.59,96.04,96.49,151902.18,151902.18,14633761.5711,1
2026-08-25T04:00:00+08:00,1787601600000,96.49,96.63,96.03,96.17,80116.79,80116.79,7713128.8928,1
2026-08-25T04:15:00+08:00,1787602500000,96.16,96.16,95.69,95.89,53626.3,53626.3,5147020.3584,1
2026-08-25T04:30:00+08:00,1787603400000,95.89,96.72,95.82,96.55,87257.76,87257.76,8415974.6299,1
2026-08-25T04:45:00+08:00,1787604300000,96.56,96.57,96.29,96.49,23067.67,23067.67,2224787.096,1
2026-08-25T05:00:00+08:00,1787605200000,96.49,96.97,96.49,96.85,58866.8,58866.8,5695716.5886,1
2026-08-25T05:15:00+08:00,1787606100000,96.85,96.87,96.56,96.71,47191.34,47191.34,4563599.046,1
2026-08-25T05:30:00+08:00,1787607000000,96.72,96.91,96.7,96.87,34946.3,34946.3,3383313.7517,1
2026-08-25T05:45:00+08:00,1787607900000,96.86,97.56,96.79,97.44,137495.96,137495.96,13373690.3634,1
2026-08-25T06:00:00+08:00,1787608800000,97.44,97.79,97.14,97.38,173304.23,173304.23,16897959.4191,1
2026-08-25T06:15:00+08:00,1787609700000,97.38,97.64,97.33,97.48,62138.7,62138.7,6056962.3451,1
2026-08-25T06:30:00+08:00,1787610600000,97.48,98.68,97.45,97.63,317409.54,317409.54,31132102.3923,1
2026-08-25T06:45:00+08:00,1787611500000,97.63,97.95,97.25,97.4,146468.52,146468.52,14292044.0868,1
2026-08-25T07:00:00+08:00,1787612400000,97.41,97.89,97.23,97.53,95301.47,95301.47,9297364.3806,1
2026-08-25T07:15:00+08:00,1787613300000,97.52,98.48,97.41,98.17,121714.56,121714.56,11932204.4714,1
2026-08-25T07:30:00+08:00,1787614200000,98.17,98.79,97.99,98.5,123305.71,123305.71,12140107.8255,1
2026-08-25T07:45:00+08:00,1787615100000,98.5,98.96,98.18,98.94,188150.67,188150.67,18546139.8236,1
2026-08-25T08:00:00+08:00,1787616000000,98.94,102,98.51,100.54,995888.57,995888.57,99874714.7432,1
2026-08-25T08:15:00+08:00,1787616900000,100.54,100.54,99.37,99.77,438329.75,438329.75,43791420.9683,1
2026-08-25T08:30:00+08:00,1787617800000,99.76,101.9,99.53,101.86,507893.47,507893.47,51190543.8519,1
2026-08-25T08:45:00+08:00,1787618700000,101.86,102.78,101.33,101.73,534117.03,534117.03,54485813.8824,1
2026-08-25T09:00:00+08:00,1787619600000,101.73,102.37,101.48,101.77,253731.45,253731.45,25850904.5949,1
2026-08-25T09:15:00+08:00,1787620500000,101.78,102.57,101.36,102.05,201157.62,201157.62,20507622.9017,1
2026-08-25T09:30:00+08:00,1787621400000,102.05,102.34,100.88,100.9,191096.28,191096.28,19413133.8281,1
2026-08-25T09:45:00+08:00,1787622300000,100.91,101.28,100.02,100.44,269990.29,269990.29,27166970.3329,1
2026-08-25T10:00:00+08:00,1787623200000,100.45,100.68,100.23,100.33,106713.49,106713.49,10714717.275,1
2026-08-25T10:15:00+08:00,1787624100000,100.33,102.32,100.19,102.22,563244.28,563244.28,57222306.0659,1
2026-08-25T10:30:00+08:00,1787625000000,102.21,102.29,101.53,101.6,180641.41,180641.41,18399974.9416,1
2026-08-25T10:45:00+08:00,1787625900000,101.6,101.71,100.53,100.88,178138.18,178138.18,18003409.7443,1
2026-08-25T11:00:00+08:00,1787626800000,100.89,101.57,100.84,101.43,85732.84,85732.84,8682965.2712,1
2026-08-25T11:15:00+08:00,1787627700000,101.43,101.79,101.2,101.62,103656.66,103656.66,10521266.4529,1
2026-08-25T11:30:00+08:00,1787628600000,101.63,102.1,101.34,101.43,124642.13,124642.13,12687298.5953,1
2026-08-25T11:45:00+08:00,1787629500000,101.44,101.82,101.13,101.59,105739.19,105739.19,10732422.0611,1
2026-08-25T12:00:00+08:00,1787630400000,101.6,101.71,100.94,101.51,132487.32,132487.32,13427692.6945,1
2026-08-25T12:15:00+08:00,1787631300000,101.52,101.71,101.19,101.39,93797.4,93797.4,9517520.0969,1
2026-08-25T12:30:00+08:00,1787632200000,101.4,101.63,100.79,100.87,235244.38,235244.38,23798259.3306,1
2026-08-25T12:45:00+08:00,1787633100000,100.88,101.33,100.81,101.31,91513.88,91513.88,9247983.208,1
2026-08-25T13:00:00+08:00,1787634000000,101.31,102.08,101.22,101.85,144783.3,144783.3,14737969.412,1
2026-08-25T13:15:00+08:00,1787634900000,101.85,103.55,101.74,102.65,316601.71,316601.71,32454739.9593,1
2026-08-25T13:30:00+08:00,1787635800000,102.65,102.74,101.64,101.68,183280.13,183280.13,18738086.5804,1
2026-08-25T13:45:00+08:00,1787636700000,101.68,102.43,101.66,101.87,123289.24,123289.24,12589857.0365,1
2026-08-25T14:00:00+08:00,1787637600000,101.87,102.01,101.37,101.66,104486.95,104486.95,10619267.0298,1
2026-08-25T14:15:00+08:00,1787638500000,101.66,102.16,101.53,101.56,111704.74,111704.74,11371204.0615,1
2026-08-25T14:30:00+08:00,1787639400000,101.55,101.55,101.01,101.11,103276.04,103276.04,10455901.9424,1
2026-08-25T14:45:00+08:00,1787640300000,101.1,101.16,100.41,100.75,163961.99,163961.99,16520201.8623,1
2026-08-25T15:00:00+08:00,1787641200000,100.75,101.65,100.56,101.43,158739.36,158739.36,16076138.1522,1
2026-08-25T15:15:00+08:00,1787642100000,101.43,101.93,101.25,101.63,119755.22,119755.22,12159912.7293,1
2026-08-25T15:30:00+08:00,1787643000000,101.63,101.69,101.32,101.66,69484.44,69484.44,7051459.8528,1
2026-08-25T15:45:00+08:00,1787643900000,101.66,101.74,99.38,100.21,453368.88,453368.88,45468247.927,1
2026-08-25T16:00:00+08:00,1787644800000,100.21,100.43,99.7,100.27,212527.62,212527.62,21269568.0562,1
2026-08-25T16:15:00+08:00,1787645700000,100.27,101.08,100.22,101,267252.48,267252.48,26938437.3854,1
2026-08-25T16:30:00+08:00,1787646600000,101,101.12,100.2,100.74,130505.29,130505.29,13138966.3416,1
2026-08-25T16:45:00+08:00,1787647500000,100.73,100.75,100.31,100.37,78488.51,78488.51,7887520.4381,1
2026-08-25T17:00:00+08:00,1787648400000,100.38,100.45,99.92,100.33,111695.45,111695.45,11186826.114,1
2026-08-25T17:15:00+08:00,1787649300000,100.33,100.56,100.01,100.12,55852.22,55852.22,5601182.8728,1
2026-08-25T17:30:00+08:00,1787650200000,100.13,100.63,100.13,100.42,45499.92,45499.92,4567039.7704,1
2026-08-25T17:45:00+08:00,1787651100000,100.41,100.54,99.23,99.78,287283.28,287283.28,28658353.4349,1
2026-08-25T18:00:00+08:00,1787652000000,99.78,99.87,99.05,99.42,150471.21,150471.21,14970942.5081,1
2026-08-25T18:15:00+08:00,1787652900000,99.42,99.76,99.26,99.54,137376.49,137376.49,13671953.6888,1
2026-08-25T18:30:00+08:00,1787653800000,99.53,99.65,99.27,99.57,62298.44,62298.44,6195484.5533,1
2026-08-25T18:45:00+08:00,1787654700000,99.57,99.84,99.49,99.61,68739.87,68739.87,6853835.7984,1
2026-08-25T19:00:00+08:00,1787655600000,99.61,99.69,98.75,98.95,183036.05,183036.05,18154266.0682,1
2026-08-25T19:15:00+08:00,1787656500000,98.96,99.1,98.39,98.85,224123.77,224123.77,22149285.2989,1
2026-08-25T19:30:00+08:00,1787657400000,98.85,99.22,98.65,98.65,116605.91,116605.91,11536035.6645,1
2026-08-25T19:45:00+08:00,1787658300000,98.65,98.83,98.51,98.58,64863.77,64863.77,6398417.0334,1
2026-08-25T20:00:00+08:00,1787659200000,98.59,98.81,97.77,98.48,258690.09,258690.09,25406339.0161,1
2026-08-25T20:15:00+08:00,1787660100000,98.48,98.51,97.32,98.17,258626.1,258626.1,25302702.3794,1
2026-08-25T20:30:00+08:00,1787661000000,98.17,98.33,97.79,98.27,135144.79,135144.79,13263572.3934,1
2026-08-25T20:45:00+08:00,1787661900000,98.27,98.7,98.2,98.56,152382.72,152382.72,15010219.6534,1
2026-08-25T21:00:00+08:00,1787662800000,98.56,98.79,98.01,98.1,134633.16,134633.16,13240171.5553,1
2026-08-25T21:15:00+08:00,1787663700000,98.1,98.1,96.42,96.94,473708.16,473708.16,46057924.5575,1
2026-08-25T21:30:00+08:00,1787664600000,96.94,98.13,96.87,97.48,394704.19,394704.19,38535556.4381,1
2026-08-25T21:45:00+08:00,1787665500000,97.48,97.53,96.14,97.12,454924.02,454924.02,44026767.9972,1
2026-08-25T22:00:00+08:00,1787666400000,97.11,97.94,96.84,97.73,204464.53,204464.53,19916946.8064,1
2026-08-25T22:15:00+08:00,1787667300000,97.73,98.15,97.37,97.97,233016.75,233016.75,22774096.2502,1
2026-08-25T22:30:00+08:00,1787668200000,97.96,98.39,97.64,97.95,195873.95,195873.95,19196654.4281,1
2026-08-25T22:45:00+08:00,1787669100000,97.96,98.32,97.96,98.16,95531.15,95531.15,9377293.1999,1
2026-08-25T23:00:00+08:00,1787670000000,98.17,98.26,97.68,97.71,116513.36,116513.36,11413338.6757,1
2026-08-25T23:15:00+08:00,1787670900000,97.72,98.04,97.54,97.91,87645.01,87645.01,8572890.77,1
2026-08-25T23:30:00+08:00,1787671800000,97.91,98.47,97.8,98.02,98803.43,98803.43,9697674.0268,1
2026-08-25T23:45:00+08:00,1787672700000,98.03,98.36,97.76,98.33,92714.38,92714.38,9090512.3345,1
2026-08-26T00:00:00+08:00,1787673600000,98.33,98.53,97.95,98,92943.25,92943.25,9133086.4231,1
2026-08-26T00:15:00+08:00,1787674500000,98,98.21,97.71,98.01,90902.1,90902.1,8901371.4993,1
2026-08-26T00:30:00+08:00,1787675400000,98,98.63,97.97,98.33,103477.51,103477.51,10175930.5038,1
2026-08-26T00:45:00+08:00,1787676300000,98.34,98.55,98.05,98.14,59641.36,59641.36,5860796.5338,1
2026-08-26T01:00:00+08:00,1787677200000,98.14,98.15,97.39,97.61,191982.92,191982.92,18751463.9616,1
2026-08-26T01:15:00+08:00,1787678100000,97.62,97.96,97.45,97.57,85093.54,85093.54,8315935.8257,1
2026-08-26T01:30:00+08:00,1787679000000,97.58,98.06,97.58,97.98,71123.34,71123.34,6960763.2326,1
2026-08-26T01:45:00+08:00,1787679900000,97.99,98.16,97.93,98.15,70117.1,70117.1,6874703.9017,1
2026-08-26T02:00:00+08:00,1787680800000,98.14,98.5,98.01,98.41,81841.65,81841.65,8040927.7269,1
2026-08-26T02:15:00+08:00,1787681700000,98.41,98.78,98.35,98.66,86085.95,86085.95,8485542.1256,1
2026-08-26T02:30:00+08:00,1787682600000,98.66,98.68,98.4,98.6,48532.37,48532.37,4781352.6516,1
2026-08-26T02:45:00+08:00,1787683500000,98.59,98.72,98.32,98.44,58255.35,58255.35,5738688.0872,1
2026-08-26T03:00:00+08:00,1787684400000,98.43,98.58,98.21,98.46,42442.55,42442.55,4175136.9156,1
2026-08-26T03:15:00+08:00,1787685300000,98.45,98.54,97.8,97.82,60921.8,60921.8,5977568.1884,1
2026-08-26T03:30:00+08:00,1787686200000,97.82,97.98,97.41,97.46,101300.72,101300.72,9896861.6254,1
2026-08-26T03:45:00+08:00,1787687100000,97.47,97.91,97.47,97.88,60617.37,60617.37,5920818.5805,1
2026-08-26T04:00:00+08:00,1787688000000,97.89,97.99,96.98,97.7,142476.4,142476.4,13875009.284,1
2026-08-26T04:15:00+08:00,1787688900000,97.7,97.97,97.62,97.63,39246.45,39246.45,3837563.2309,1
2026-08-26T04:30:00+08:00,1787689800000,97.63,97.67,96.67,96.96,165968.19,165968.19,16114470.7782,1
2026-08-26T04:45:00+08:00,1787690700000,96.96,97.08,96.52,96.63,254980.13,254980.13,24666293.6672,1
2026-08-26T05:00:00+08:00,1787691600000,96.63,96.92,95.17,96.47,480072.04,480072.04,46088973.2304,1
2026-08-26T05:15:00+08:00,1787692500000,96.47,96.72,96.08,96.69,139044.64,139044.64,13409731.5264,1
2026-08-26T05:30:00+08:00,1787693400000,96.7,97.2,96.55,97.02,138287.61,138287.61,13392844.9435,1
2026-08-26T05:45:00+08:00,1787694300000,97.02,97.22,96.95,97.13,38559.22,38559.22,3743743.2235,1
2026-08-26T06:00:00+08:00,1787695200000,97.13,97.6,97.13,97.58,64912.52,64912.52,6323256.1641,1
2026-08-26T06:15:00+08:00,1787696100000,97.58,97.73,97.11,97.3,82968.74,82968.74,8084579.4998,1
2026-08-26T06:30:00+08:00,1787697000000,97.3,97.49,97.17,97.22,52969.92,52969.92,5156346.889,1
2026-08-26T06:45:00+08:00,1787697900000,97.21,97.33,97.14,97.17,50470.51,50470.51,4908501.1358,1
2026-08-26T07:00:00+08:00,1787698800000,97.16,97.36,96.93,97.13,100350.23,100350.23,9749576.5363,1
2026-08-26T07:15:00+08:00,1787699700000,97.14,97.24,96.81,97.03,44115.22,44115.22,4278382.7003,1
2026-08-26T07:30:00+08:00,1787700600000,97.03,97.04,96.5,96.69,53422.95,53422.95,5170382.3452,1
2026-08-26T07:45:00+08:00,1787701500000,96.7,96.73,96.34,96.54,85684.15,85684.15,8273775.5636,1
2026-08-26T08:00:00+08:00,1787702400000,96.55,96.75,96.14,96.2,78383.62,78383.62,7557434.175,1
2026-08-26T08:15:00+08:00,1787703300000,96.2,96.5,96.13,96.5,56963.04,56963.04,5485852.57,1
2026-08-26T08:30:00+08:00,1787704200000,96.49,96.7,96.14,96.49,78906.73,78906.73,7607691.9046,1
2026-08-26T08:45:00+08:00,1787705100000,96.48,96.89,96.36,96.61,88613.71,88613.71,8563749.3482,1
2026-08-26T09:00:00+08:00,1787706000000,96.61,97.23,96.58,96.88,76818.25,76818.25,7449655.8692,1
2026-08-26T09:15:00+08:00,1787706900000,96.88,97.05,96.71,96.73,43817.9,43817.9,4246112.567,1
2026-08-26T09:30:00+08:00,1787707800000,96.74,97.22,96.71,97.04,45098.86,45098.86,4376587.8301,1
2026-08-26T09:45:00+08:00,1787708700000,97.03,97.04,96.86,96.97,18681.93,18681.93,1811108.1296,1
2026-08-26T10:00:00+08:00,1787709600000,96.98,97.03,96.73,96.87,25246.47,25246.47,2446055.9653,1
2026-08-26T10:15:00+08:00,1787710500000,96.86,97.49,96.85,97.48,79341.28,79341.28,7711429.7454,1
2026-08-26T10:30:00+08:00,1787711400000,97.47,97.5,97.25,97.33,41885.56,41885.56,4077726.5886,1
2026-08-26T10:45:00+08:00,1787712300000,97.33,97.37,97.11,97.22,25922.27,25922.27,2520957.1036,1
2026-08-26T11:00:00+08:00,1787713200000,97.23,97.31,97.03,97.05,27850.01,27850.01,2705554.7013,1
2026-08-26T11:15:00+08:00,1787714100000,97.05,97.2,96.81,97.03,64304.94,64304.94,6235581.4303,1
2026-08-26T11:30:00+08:00,1787715000000,97.03,97.15,96.76,97.05,34199.19,34199.19,3315954.5596,1
2026-08-26T11:45:00+08:00,1787715900000,97.05,97.1,96.86,97.01,34074.63,34074.63,3305483.5166,1
2026-08-26T12:00:00+08:00,1787716800000,97,97.18,96.8,96.92,45352.58,45352.58,4397333.1996,1
2026-08-26T12:15:00+08:00,1787717700000,96.92,97.21,96.83,97.05,37217.92,37217.92,3611629.0305,1
2026-08-26T12:30:00+08:00,1787718600000,97.06,97.26,96.89,97.07,58942.96,58942.96,5723010.5567,1
2026-08-26T12:45:00+08:00,1787719500000,97.07,97.07,96.5,96.57,101324.21,101324.21,9800314.6032,1
2026-08-26T13:00:00+08:00,1787720400000,96.57,96.68,96.16,96.53,129793.07,129793.07,12515271.2635,1
2026-08-26T13:15:00+08:00,1787721300000,96.53,96.9,96.31,96.76,61832.52,61832.52,5977043.2304,1
2026-08-26T13:30:00+08:00,1787722200000,96.77,97.14,96.7,97.11,72483.15,72483.15,7026076.2196,1
2026-08-26T13:45:00+08:00,1787723100000,97.11,97.11,96.93,97.01,21604.92,21604.92,2095770.978,1
2026-08-26T14:00:00+08:00,1787724000000,97.02,97.27,96.89,96.97,63235.24,63235.24,6140378.8388,1
2026-08-26T14:15:00+08:00,1787724900000,96.96,97.04,96.6,96.67,51416.69,51416.69,4975670.1287,1
2026-08-26T14:30:00+08:00,1787725800000,96.67,96.79,96.46,96.71,72644.61,72644.61,7020188.287,1
2026-08-26T14:45:00+08:00,1787726700000,96.71,96.78,96.59,96.74,43125.93,43125.93,4169947.3935,1
2026-08-26T15:00:00+08:00,1787727600000,96.74,97,96.61,96.89,60553.75,60553.75,5862688.6002,1
2026-08-26T15:15:00+08:00,1787728500000,96.9,97.08,96.79,96.91,43820.51,43820.51,4247831.6205,1
2026-08-26T15:30:00+08:00,1787729400000,96.91,97.11,96.87,96.98,51637.31,51637.31,5007072.5352,1
2026-08-26T15:45:00+08:00,1787730300000,96.99,97.07,96.88,96.88,35597.95,35597.95,3451775.6044,1
2026-08-26T16:00:00+08:00,1787731200000,96.89,97.27,96.86,97.17,44923.23,44923.23,4360970.1456,1
2026-08-26T16:15:00+08:00,1787732100000,97.17,97.34,96.92,97.1,46011.77,46011.77,4468075.5653,1
2026-08-26T16:30:00+08:00,1787733000000,97.1,97.16,96.92,97.15,31920.74,31920.74,3098398.1935,1
2026-08-26T16:45:00+08:00,1787733900000,97.14,97.15,96.63,96.76,74186.32,74186.32,7180296.4326,1
2026-08-26T17:00:00+08:00,1787734800000,96.77,96.97,96.73,96.77,39114.1,39114.1,3789007.7067,1
2026-08-26T17:15:00+08:00,1787735700000,96.77,96.77,96.17,96.27,166553.73,166553.73,16053516.5204,1
2026-08-26T17:30:00+08:00,1787736600000,96.27,96.44,95.92,95.92,107220.52,107220.52,10305839.7446,1
2026-08-26T17:45:00+08:00,1787737500000,95.92,96.22,95.73,96.13,128381.73,128381.73,12321249.5085,1
2026-08-26T18:00:00+08:00,1787738400000,96.12,96.15,95.94,96.11,50518.87,50518.87,4852314.6945,1
2026-08-26T18:15:00+08:00,1787739300000,96.1,96.69,96.1,96.63,82862.77,82862.77,7995123.9399,1
2026-08-26T18:30:00+08:00,1787740200000,96.63,97.42,96.48,97.33,161594.68,161594.68,15679741.2302,1
2026-08-26T18:45:00+08:00,1787741100000,97.34,97.84,97.3,97.41,212986.92,212986.92,20787684.6084,1
2026-08-26T19:00:00+08:00,1787742000000,97.41,97.6,97.26,97.49,91685.11,91685.11,8932045.0685,1
2026-08-26T19:15:00+08:00,1787742900000,97.49,97.53,97.17,97.22,73940.74,73940.74,7199246.4971,1
2026-08-26T19:30:00+08:00,1787743800000,97.22,97.29,96.6,96.92,135527.42,135527.42,13131607.3673,1
2026-08-26T19:45:00+08:00,1787744700000,96.92,97.16,96.73,96.98,62601.8,62601.8,6069793.0461,1
2026-08-26T20:00:00+08:00,1787745600000,96.98,97.06,96.57,96.73,78454.81,78454.81,7592533.546,1
2026-08-26T20:15:00+08:00,1787746500000,96.73,97.52,96.59,97.46,112326.86,112326.86,10919021.493,1
2026-08-26T20:30:00+08:00,1787747400000,97.45,97.48,95.9,96.78,362880.25,362880.25,35089123.2571,1
2026-08-26T20:45:00+08:00,1787748300000,96.77,97.24,96.77,96.96,66723.56,66723.56,6473968.1192,1
2026-08-26T21:00:00+08:00,1787749200000,96.96,97.17,96.37,96.47,150948.53,150948.53,14583526.3126,1
2026-08-26T21:15:00+08:00,1787750100000,96.47,96.53,95.8,95.92,240717.6,240717.6,23123159.2213,1
2026-08-26T21:30:00+08:00,1787751000000,95.93,96.68,95.93,96.62,196959.46,196959.46,18989018.3352,1
2026-08-26T21:45:00+08:00,1787751900000,96.62,96.82,96.03,96.51,116100.18,116100.18,11195011.9112,1
2026-08-26T22:00:00+08:00,1787752800000,96.5,96.93,96.24,96.6,98536.75,98536.75,9531373.7607,1
2026-08-26T22:15:00+08:00,1787753700000,96.6,96.83,96.04,96.23,135798.62,135798.62,13090825.4223,1
2026-08-26T22:30:00+08:00,1787754600000,96.23,96.31,95.5,95.75,231555.31,231555.31,22194834.6087,1
2026-08-26T22:45:00+08:00,1787755500000,95.74,95.82,95.34,95.41,146976.37,146976.37,14043942.3029,1
2026-08-26T23:00:00+08:00,1787756400000,95.42,95.69,94.88,95.53,274285.16,274285.16,26137431.9007,1
2026-08-26T23:15:00+08:00,1787757300000,95.53,96.25,95.23,96.19,155540.92,155540.92,14890275.0333,1
2026-08-26T23:30:00+08:00,1787758200000,96.19,96.29,95.67,95.96,129421.4,129421.4,12421734.1731,1
2026-08-26T23:45:00+08:00,1787759100000,95.97,96.22,95.85,95.88,58464.63,58464.63,5614657.6951,1
2026-08-27T00:00:00+08:00,1787760000000,95.87,96.13,95.69,95.8,92392.63,92392.63,8861431.469,1
2026-08-27T00:15:00+08:00,1787760900000,95.8,96.02,95.53,95.72,77164.97,77164.97,7386679.2358,1
2026-08-27T00:30:00+08:00,1787761800000,95.72,96.04,95.4,95.46,91307.06,91307.06,8739085.1015,1
2026-08-27T00:45:00+08:00,1787762700000,95.46,96.03,95.46,95.89,113337.6,113337.6,10862304.0232,1
2026-08-27T01:00:00+08:00,1787763600000,95.89,96.36,95.83,96.28,117565.68,117565.68,11300604.2141,1
2026-08-27T01:15:00+08:00,1787764500000,96.29,97.36,96.27,97.06,243058.98,243058.98,23546086.8915,1
2026-08-27T01:30:00+08:00,1787765400000,97.06,97.19,96.89,97.11,97884.44,97884.44,9496665.4904,1
2026-08-27T01:45:00+08:00,1787766300000,97.12,97.17,96.85,96.92,65275.59,65275.59,6330569.004,1
2026-08-27T02:00:00+08:00,1787767200000,96.93,97.11,96.72,96.87,95204.94,95204.94,9226632.2533,1
2026-08-27T02:15:00+08:00,1787768100000,96.88,96.94,96.65,96.72,67062.21,67062.21,6490665.7546,1
2026-08-27T02:30:00+08:00,1787769000000,96.72,96.9,96.59,96.68,41797.19,41797.19,4042477.5195,1
2026-08-27T02:45:00+08:00,1787769900000,96.68,96.92,96.66,96.8,32555.73,32555.73,3150784.9979,1
2026-08-27T03:00:00+08:00,1787770800000,96.79,96.81,96.43,96.48,50535.27,50535.27,4878972.4653,1
2026-08-27T03:15:00+08:00,1787771700000,96.47,96.9,96.26,96.74,74853.33,74853.33,7223958.5096,1
2026-08-27T03:30:00+08:00,1787772600000,96.75,96.86,96.47,96.48,38514.54,38514.54,3724319.8491,1
2026-08-27T03:45:00+08:00,1787773500000,96.49,96.78,96.49,96.75,55292.26,55292.26,5345540.5327,1
2026-08-27T04:00:00+08:00,1787774400000,96.75,97.03,96.55,96.8,36045.55,36045.55,3490457.0554,1
2026-08-27T04:15:00+08:00,1787775300000,96.79,96.87,96.22,96.68,82504.16,82504.16,7961737.1222,1
2026-08-27T04:30:00+08:00,1787776200000,96.68,96.7,96.37,96.58,18403.11,18403.11,1776567.8959,1
2026-08-27T04:45:00+08:00,1787777100000,96.57,96.89,96.56,96.89,22317.67,22317.67,2158963.997,1
2026-08-27T05:00:00+08:00,1787778000000,96.88,97.48,96.82,97.46,109725.06,109725.06,10659927.1983,1
2026-08-27T05:15:00+08:00,1787778900000,97.46,97.88,97.41,97.65,124292.32,124292.32,12135231.0578,1
2026-08-27T05:30:00+08:00,1787779800000,97.64,97.9,97.49,97.55,64594.84,64594.84,6307974.0556,1
2026-08-27T05:45:00+08:00,1787780700000,97.55,98.32,97.53,98.2,158674.79,158674.79,15561847.5675,1
2026-08-27T06:00:00+08:00,1787781600000,98.19,98.94,98,98.94,176168.97,176168.97,17356849.7214,1
2026-08-27T06:15:00+08:00,1787782500000,98.94,100.87,98.93,99.97,577781.05,577781.05,57831955.2326,1
2026-08-27T06:30:00+08:00,1787783400000,99.96,100.21,99.5,100.13,163758.04,163758.04,16359097.6942,1
2026-08-27T06:45:00+08:00,1787784300000,100.13,100.13,99.51,99.65,110935.7,110935.7,11076534.0661,1
2026-08-27T07:00:00+08:00,1787785200000,99.64,100.46,99.44,100.32,174893.99,174893.99,17498919.9431,1
2026-08-27T07:15:00+08:00,1787786100000,100.32,100.96,100.26,100.82,227087.95,227087.95,22852617.3054,1
2026-08-27T07:30:00+08:00,1787787000000,100.83,101.47,100.56,101.35,223097.98,223097.98,22514160.5983,1
2026-08-27T07:45:00+08:00,1787787900000,101.36,102.49,101.18,102.03,332254.16,332254.16,33835044.3426,1
2026-08-27T08:00:00+08:00,1787788800000,102.03,102.08,100.95,101.14,269624.9,269624.9,27355331.1279,1
2026-08-27T08:15:00+08:00,1787789700000,101.14,101.7,100.92,101.17,148625.51,148625.51,15052998.5526,1
2026-08-27T08:30:00+08:00,1787790600000,101.18,101.19,100.88,100.99,103120.09,103120.09,10415234.6739,1
2026-08-27T08:45:00+08:00,1787791500000,100.98,101.22,100.51,100.54,121083.33,121083.33,12215708.0808,1
2026-08-27T09:00:00+08:00,1787792400000,100.54,100.87,100.47,100.7,156271.15,156271.15,15728961.4681,1
2026-08-27T09:15:00+08:00,1787793300000,100.71,101.74,100.51,101.57,210249.46,210249.46,21288752.1743,1
2026-08-27T09:30:00+08:00,1787794200000,101.58,101.91,101.17,101.18,149537.7,149537.7,15187489.6872,1
2026-08-27T09:45:00+08:00,1787795100000,101.18,101.89,101.18,101.4,113448.84,113448.84,11526207.0871,1
2026-08-27T10:00:00+08:00,1787796000000,101.4,101.89,101.39,101.63,100577.32,100577.32,10227214.088,1
2026-08-27T10:15:00+08:00,1787796900000,101.64,101.67,101.05,101.1,88015.68,88015.68,8919517.6035,1
2026-08-27T10:30:00+08:00,1787797800000,101.1,101.31,100.82,100.84,118593.81,118593.81,11987619.6639,1
2026-08-27T10:45:00+08:00,1787798700000,100.84,101.4,100.83,101.14,114896.59,114896.59,11622689.064,1
2026-08-27T11:00:00+08:00,1787799600000,101.14,101.22,100.93,101,43532.24,43532.24,4400822.0735,1
2026-08-27T11:15:00+08:00,1787800500000,100.99,101.77,100.91,101.61,128166.6,128166.6,13001241.2486,1
2026-08-27T11:30:00+08:00,1787801400000,101.62,101.64,101.27,101.27,54258.25,54258.25,5501802.6067,1
2026-08-27T11:45:00+08:00,1787802300000,101.28,101.54,100.85,101.05,112138.28,112138.28,11337602.603,1
2026-08-27T12:00:00+08:00,1787803200000,101.05,101.44,101.03,101.36,73012.46,73012.46,7392475.2339,1
2026-08-27T12:15:00+08:00,1787804100000,101.36,101.5,101.07,101.16,94161.11,94161.11,9535833.1406,1
2026-08-27T12:30:00+08:00,1787805000000,101.16,101.46,100.62,101.27,295860.35,295860.35,29854684.6209,1
2026-08-27T12:45:00+08:00,1787805900000,101.28,101.29,100.82,101.05,78968.55,78968.55,7975236.084,1
2026-08-27T13:00:00+08:00,1787806800000,101.05,101.35,100.81,100.96,87210.08,87210.08,8813041.1765,1
2026-08-27T13:15:00+08:00,1787807700000,100.96,101.31,100.8,100.95,130819.74,130819.74,13214015.5572,1
2026-08-27T13:30:00+08:00,1787808600000,100.95,101.48,100.72,101.2,194578.94,194578.94,19665447.2664,1
2026-08-27T13:45:00+08:00,1787809500000,101.2,102.3,101.15,101.98,318273.19,318273.19,32406195.1361,1
2026-08-27T14:00:00+08:00,1787810400000,101.98,102.01,101.1,101.4,200934.64,200934.64,20398179.2217,1
2026-08-27T14:15:00+08:00,1787811300000,101.39,101.4,100.83,100.94,308342.59,308342.59,31153692.0541,1
2026-08-27T14:30:00+08:00,1787812200000,100.95,101.24,100.95,101.1,99084.31,99084.31,10015008.7161,1
2026-08-27T14:45:00+08:00,1787813100000,101.11,101.37,101.1,101.25,119181.7,119181.7,12066002.1199,1
2026-08-27T15:00:00+08:00,1787814000000,101.25,101.33,101.1,101.24,40129.19,40129.19,4061150.9737,1
2026-08-27T15:15:00+08:00,1787814900000,101.24,101.32,100.99,101.12,55601.22,55601.22,5623711.4186,1
2026-08-27T15:30:00+08:00,1787815800000,101.11,101.51,101.03,101.39,118432.01,118432.01,11999977.826,1
2026-08-27T15:45:00+08:00,1787816700000,101.39,102.04,101.35,101.75,238230.94,238230.94,24244221.6563,1
2026-08-27T16:00:00+08:00,1787817600000,101.76,104.21,101.68,102.97,983338.09,983338.09,101315949.5575,1
2026-08-27T16:15:00+08:00,1787818500000,102.97,104.16,102.66,104.1,463644.62,463644.62,47967136.6213,1
2026-08-27T16:30:00+08:00,1787819400000,104.1,104.85,103.73,104.21,498888.2,498888.2,52023506.772,1
2026-08-27T16:45:00+08:00,1787820300000,104.22,105.15,104.19,104.61,563380.39,563380.39,58942706.2768,1
2026-08-27T17:00:00+08:00,1787821200000,104.62,104.94,104,104.93,287581.04,287581.04,30043780.1031,1
2026-08-27T17:15:00+08:00,1787822100000,104.93,105.85,104.61,105.33,528505.17,528505.17,55647886.4244,1
2026-08-27T17:30:00+08:00,1787823000000,105.33,105.38,104.58,104.83,238627.33,238627.33,25036068.9475,1
2026-08-27T17:45:00+08:00,1787823900000,104.82,104.97,104.18,104.36,132647.07,132647.07,13861758.473,1
2026-08-27T18:00:00+08:00,1787824800000,104.35,104.98,104.22,104.47,165373.2,165373.2,17298308.5434,1
2026-08-27T18:15:00+08:00,1787825700000,104.48,104.64,103.04,103.91,392324.04,392324.04,40708055.7368,1
2026-08-27T18:30:00+08:00,1787826600000,103.92,104.12,103.25,104.06,283148.2,283148.2,29361567.0645,1
2026-08-27T18:45:00+08:00,1787827500000,104.05,104.19,103.81,104.05,97302.12,97302.12,10118536.9269,1
2026-08-27T19:00:00+08:00,1787828400000,104.05,104.64,103.9,104.33,184520.47,184520.47,19248439.0874,1
2026-08-27T19:15:00+08:00,1787829300000,104.33,104.99,103.94,104.01,252479.31,252479.31,26380897.6996,1
2026-08-27T19:30:00+08:00,1787830200000,104.01,104.16,103.56,103.89,192736.13,192736.13,20013798.7234,1
2026-08-27T19:45:00+08:00,1787831100000,103.88,103.95,103.33,103.88,125235.96,125235.96,12989455.4404,1
2026-08-27T20:00:00+08:00,1787832000000,103.88,104.39,103.87,104.19,158950.5,158950.5,16553836.7136,1
2026-08-27T20:15:00+08:00,1787832900000,104.2,104.71,104.02,104.44,233593.07,233593.07,24390422.0615,1
2026-08-27T20:30:00+08:00,1787833800000,104.44,104.57,103.98,104.21,141158.86,141158.86,14714808.2818,1
2026-08-27T20:45:00+08:00,1787834700000,104.21,104.7,104.21,104.36,112696.97,112696.97,11773743.8096,1
2026-08-27T21:00:00+08:00,1787835600000,104.36,104.75,104.31,104.39,101147.95,101147.95,10570460.9015,1
2026-08-27T21:15:00+08:00,1787836500000,104.4,104.89,104.4,104.77,177703.89,177703.89,18602057.4177,1
2026-08-27T21:30:00+08:00,1787837400000,104.78,104.88,104.08,104.55,269673.74,269673.74,28164085.0178,1
2026-08-27T21:45:00+08:00,1787838300000,104.56,106.26,104.33,105.98,862353.34,862353.34,90904185.9139,1
2026-08-27T22:00:00+08:00,1787839200000,105.98,106.66,105.15,105.39,837322.48,837322.48,88640245.026,1
2026-08-27T22:15:00+08:00,1787840100000,105.39,106.23,105.16,105.95,297338.61,297338.61,31461926.2398,1
2026-08-27T22:30:00+08:00,1787841000000,105.94,107.9,105.82,107.37,840347.59,840347.59,89861322.5612,1
2026-08-27T22:45:00+08:00,1787841900000,107.37,107.37,106.48,106.72,364352.09,364352.09,38935898.4163,1
2026-08-27T23:00:00+08:00,1787842800000,106.73,107.94,106.62,107.16,432203.61,432203.61,46347068.2378,1
2026-08-27T23:15:00+08:00,1787843700000,107.16,107.56,106.97,107.34,250794.92,250794.92,26900115.3835,1
2026-08-27T23:30:00+08:00,1787844600000,107.35,107.38,106.39,107.08,359507.17,359507.17,38455038.7071,1
2026-08-27T23:45:00+08:00,1787845500000,107.09,107.33,106.73,107.1,158547.38,158547.38,16973868.5348,1
2026-08-28T00:00:00+08:00,1787846400000,107.1,107.46,106.8,107.06,245647.46,245647.46,26313551.6304,1
2026-08-28T00:15:00+08:00,1787847300000,107.06,108.46,107.02,107.91,489823.98,489823.98,52876937.9098,1
2026-08-28T00:30:00+08:00,1787848200000,107.9,108.87,107.77,108.7,399721.91,399721.91,43345341.5297,1
2026-08-28T00:45:00+08:00,1787849100000,108.7,109.47,108.43,108.86,457294.1,457294.1,49828411.3235,1
2026-08-28T01:00:00+08:00,1787850000000,108.86,109.51,108.51,109.2,321725.56,321725.56,35077828.6073,1
2026-08-28T01:15:00+08:00,1787850900000,109.21,109.64,107.98,108.09,386303.09,386303.09,42072959.1373,1
2026-08-28T01:30:00+08:00,1787851800000,108.08,108.42,107.71,107.77,271755.49,271755.49,29350647.11,1
2026-08-28T01:45:00+08:00,1787852700000,107.77,108.43,107.65,108.1,144334.93,144334.93,15599104.3977,1
2026-08-28T02:00:00+08:00,1787853600000,108.1,108.22,106.6,107.4,299218.71,299218.71,32156501.8891,1
2026-08-28T02:15:00+08:00,1787854500000,107.4,107.7,106.62,107.07,365493.54,365493.54,39155632.0028,1
2026-08-28T02:30:00+08:00,1787855400000,107.06,107.62,107.02,107.46,133020.24,133020.24,14287213.7484,1
2026-08-28T02:45:00+08:00,1787856300000,107.46,108.33,107.35,108.33,156494.73,156494.73,16871465.9892,1
2026-08-28T03:00:00+08:00,1787857200000,108.34,108.99,108.2,108.91,255302.12,255302.12,27734759.6989,1
2026-08-28T03:15:00+08:00,1787858100000,108.92,109.18,108.68,109.04,188431.61,188431.61,20525351.1457,1
2026-08-28T03:30:00+08:00,1787859000000,109.04,109.18,108.83,109.07,112413.9,112413.9,12250829.4388,1
2026-08-28T03:45:00+08:00,1787859900000,109.08,109.92,108.86,109.35,452230.37,452230.37,49466098.1982,1
2026-08-28T04:00:00+08:00,1787860800000,109.32,109.32,108.71,108.79,152718.59,152718.59,16633435.6741,1
2026-08-28T04:15:00+08:00,1787861700000,108.8,109.71,108.79,109,158249.03,158249.03,17300282.105,1
2026-08-28T04:30:00+08:00,1787862600000,109.01,109.15,108.84,109.04,41576.57,41576.57,4531187.1763,1
2026-08-28T04:45:00+08:00,1787863500000,109.04,109.22,108.37,108.96,123090.59,123090.59,13380510.6016,1
2026-08-28T05:00:00+08:00,1787864400000,108.95,109.07,108.63,108.71,80796.56,80796.56,8795277.814,1
2026-08-28T05:15:00+08:00,1787865300000,108.7,108.78,108.33,108.41,75164,75164,8157481.2975,1
2026-08-28T05:30:00+08:00,1787866200000,108.4,108.65,108.13,108.21,65801.2,65801.2,7128873.8842,1
2026-08-28T05:45:00+08:00,1787867100000,108.21,108.75,108.16,108.67,41628.74,41628.74,4514125.5812,1
2026-08-28T06:00:00+08:00,1787868000000,108.67,109.91,108.67,109.53,169343.97,169343.97,18541979.9465,1
2026-08-28T06:15:00+08:00,1787868900000,109.53,110.64,108.99,109.2,428336.78,428336.78,47072594.3184,1
2026-08-28T06:30:00+08:00,1787869800000,109.2,109.52,109.12,109.27,59128.47,59128.47,6463873.7867,1
2026-08-28T06:45:00+08:00,1787870700000,109.28,109.28,108.98,109.12,69657.84,69657.84,7600877.4776,1
2026-08-28T07:00:00+08:00,1787871600000,109.12,109.22,108.83,108.86,71044.94,71044.94,7745732.1315,1
2026-08-28T07:15:00+08:00,1787872500000,108.86,109.99,108.78,109.84,144881.38,144881.38,15867335.7182,1
2026-08-28T07:30:00+08:00,1787873400000,109.84,109.96,109.1,109.11,96958.29,96958.29,10613220.7296,1
2026-08-28T07:45:00+08:00,1787874300000,109.12,109.37,109.01,109.08,62757.29,62757.29,6850825.5947,1
2026-08-28T08:00:00+08:00,1787875200000,109.09,109.17,108.61,109.03,111117.11,111117.11,12098384.6548,1
2026-08-28T08:15:00+08:00,1787876100000,109.02,109.81,109.02,109.72,196379.43,196379.43,21485448.0118,1
2026-08-28T08:30:00+08:00,1787877000000,109.71,110.06,109.31,109.39,233666.45,233666.45,25619596.195,1
2026-08-28T08:45:00+08:00,1787877900000,109.37,109.48,109.01,109.04,84446.16,84446.16,9226296.6623,1
2026-08-28T09:00:00+08:00,1787878800000,109.05,109.28,108.78,108.91,119746.4,119746.4,13056970.6398,1
2026-08-28T09:15:00+08:00,1787879700000,108.91,109.52,108.77,109.37,140072.78,140072.78,15302640.8232,1
2026-08-28T09:30:00+08:00,1787880600000,109.36,109.71,108.27,108.34,224674.72,224674.72,24469890.5981,1
2026-08-28T09:45:00+08:00,1787881500000,108.34,108.5,107.62,107.77,223524.35,223524.35,24161123.2328,1
2026-08-28T10:00:00+08:00,1787882400000,107.76,107.93,107.35,107.36,170548.6,170548.6,18361088.5335,1
2026-08-28T10:15:00+08:00,1787883300000,107.35,107.57,106.73,107.11,263608.22,263608.22,28259009.7987,1
2026-08-28T10:30:00+08:00,1787884200000,107.12,107.34,106.5,106.95,232486.58,232486.58,24867492.013,1
2026-08-28T10:45:00+08:00,1787885100000,106.95,106.96,106.03,106.47,275255.46,275255.46,29292480.2636,1
2026-08-28T11:00:00+08:00,1787886000000,106.48,106.56,105.78,106.1,278618.96,278618.96,29551981.0581,1
2026-08-28T11:15:00+08:00,1787886900000,106.1,107.31,106.09,106.94,218764.35,218764.35,23384379.1951,1
2026-08-28T11:30:00+08:00,1787887800000,106.95,107.19,106.68,106.82,116674.38,116674.38,12475405.792,1
2026-08-28T11:45:00+08:00,1787888700000,106.82,107.04,106.62,106.78,71723.18,71723.18,7662716.732,1
2026-08-28T12:00:00+08:00,1787889600000,106.77,107.27,106.19,107.19,218537.45,218537.45,23308011.4509,1
2026-08-28T12:15:00+08:00,1787890500000,107.18,107.72,106.86,106.93,225167.42,225167.42,24173442.9085,1
2026-08-28T12:30:00+08:00,1787891400000,106.93,107.15,106.41,106.8,120551.11,120551.11,12863922.9037,1
2026-08-28T12:45:00+08:00,1787892300000,106.81,106.91,106.61,106.71,53092.27,53092.27,5668292.9892,1
2026-08-28T13:00:00+08:00,1787893200000,106.71,106.98,106.55,106.96,80559.67,80559.67,8600888.2044,1
2026-08-28T13:15:00+08:00,1787894100000,106.96,106.99,106.66,106.84,61579.8,61579.8,6579917.4175,1
2026-08-28T13:30:00+08:00,1787895000000,106.85,107.28,106.83,107.16,119147.87,119147.87,12762403.0102,1
2026-08-28T13:45:00+08:00,1787895900000,107.15,107.43,106.96,107.14,86573.39,86573.39,9283347.9817,1
2026-08-28T14:00:00+08:00,1787896800000,107.15,107.48,107.14,107.44,69261.32,69261.32,7433618.738,1
2026-08-28T14:15:00+08:00,1787897700000,107.44,107.44,107.14,107.2,66341.16,66341.16,7117220.3883,1
2026-08-28T14:30:00+08:00,1787898600000,107.2,107.74,107.11,107.62,81103.61,81103.61,8713810.6169,1
2026-08-28T14:45:00+08:00,1787899500000,107.62,107.79,107.47,107.5,84045.28,84045.28,9044523.1177,1
2026-08-28T15:00:00+08:00,1787900400000,107.49,107.5,106.55,106.68,212247.69,212247.69,22689151.7269,1
2026-08-28T15:15:00+08:00,1787901300000,106.68,106.88,106.45,106.77,82688.7,82688.7,8818605.0015,1
2026-08-28T15:30:00+08:00,1787902200000,106.77,106.81,106.6,106.64,75895.49,75895.49,8097038.0145,1
2026-08-28T15:45:00+08:00,1787903100000,106.64,106.73,106.21,106.31,144372.94,144372.94,15374110.7545,1
2026-08-28T16:00:00+08:00,1787904000000,106.31,106.86,106.3,106.47,101928.98,101928.98,10862266.5862,1
2026-08-28T16:15:00+08:00,1787904900000,106.47,106.61,106.38,106.45,45517.52,45517.52,4848684.5351,1
2026-08-28T16:30:00+08:00,1787905800000,106.44,106.62,106.41,106.41,49672.81,49672.81,5290798.4404,1
2026-08-28T16:45:00+08:00,1787906700000,106.42,106.45,105.72,106.01,252101.04,252101.04,26724710.605,1
2026-08-28T17:00:00+08:00,1787907600000,106.01,106.52,105.76,106.37,133942.96,133942.96,14215964.4396,1
2026-08-28T17:15:00+08:00,1787908500000,106.37,106.56,106.24,106.25,75257.39,75257.39,8009312.6239,1
2026-08-28T17:30:00+08:00,1787909400000,106.26,106.36,105.42,105.56,139618.55,139618.55,14787847.9527,1
2026-08-28T17:45:00+08:00,1787910300000,105.56,106.02,105.56,105.89,111436.64,111436.64,11792228.9048,1
2026-08-28T18:00:00+08:00,1787911200000,105.89,105.96,104.45,105.24,583437.93,583437.93,61264075.2467,1
2026-08-28T18:15:00+08:00,1787912100000,105.24,105.52,105.07,105.48,98528.75,98528.75,10370514.5342,1
2026-08-28T18:30:00+08:00,1787913000000,105.49,105.84,105.46,105.69,122060.16,122060.16,12902990.8056,1
2026-08-28T18:45:00+08:00,1787913900000,105.69,106.18,105.69,106.15,110476.23,110476.23,11706831.7759,1
2026-08-28T19:00:00+08:00,1787914800000,106.14,106.77,106.11,106.38,246559.71,246559.71,26247702.5957,1
2026-08-28T19:15:00+08:00,1787915700000,106.38,106.54,106.05,106.14,134102.67,134102.67,14255496.0982,1
2026-08-28T19:30:00+08:00,1787916600000,106.13,106.24,105.71,105.9,104088.01,104088.01,11022233.1981,1
2026-08-28T19:45:00+08:00,1787917500000,105.89,105.97,105.48,105.76,96038.41,96038.41,10147003.8969,1
2026-08-28T20:00:00+08:00,1787918400000,105.75,105.96,105.33,105.39,142729.45,142729.45,15075759.4462,1
2026-08-28T20:15:00+08:00,1787919300000,105.4,105.77,104.81,104.88,171333.53,171333.53,18029434.5188,1
2026-08-28T20:30:00+08:00,1787920200000,104.88,105.07,104.43,105.03,293735.04,293735.04,30785579.8935,1
2026-08-28T20:45:00+08:00,1787921100000,105.02,105.16,104.51,104.81,184600.84,184600.84,19345560.5012,1
2026-08-28T21:00:00+08:00,1787922000000,104.81,105.08,104.67,104.82,101399.13,101399.13,10636865.0958,1
2026-08-28T21:15:00+08:00,1787922900000,104.83,105.14,104.66,104.97,123170.87,123170.87,12920243.7159,1
2026-08-28T21:30:00+08:00,1787923800000,104.96,105.28,104.54,104.74,174290.43,174290.43,18285620.6623,1
2026-08-28T21:45:00+08:00,1787924700000,104.74,105.53,104.7,105.09,189878.61,189878.61,19974653.7012,1
2026-08-28T22:00:00+08:00,1787925600000,105.09,105.94,103.52,103.95,939784.6,939784.6,97999665.37,1
2026-08-28T22:15:00+08:00,1787926500000,103.95,104.72,103.52,104.48,569367.06,569367.06,59302474.3394,1
2026-08-28T22:30:00+08:00,1787927400000,104.48,106.66,104.09,106.17,718761.95,718761.95,75935151.6153,1
2026-08-28T22:45:00+08:00,1787928300000,106.16,106.59,105.4,106.2,334946.78,334946.78,35526363.5955,1
2026-08-28T23:00:00+08:00,1787929200000,106.2,106.49,105.16,105.23,250988.29,250988.29,26534256.4003,1
2026-08-28T23:15:00+08:00,1787930100000,105.22,107.87,105.2,106.7,993417.46,993417.46,106200648.0023,1
2026-08-28T23:30:00+08:00,1787931000000,106.7,106.98,105.49,105.59,304371.79,304371.79,32320149.8437,1
2026-08-28T23:45:00+08:00,1787931900000,105.59,106.12,105.03,105.16,227654.19,227654.19,24033624.7597,1
2026-08-29T00:00:00+08:00,1787932800000,105.17,105.4,104.22,104.3,514456.49,514456.49,53904374.4008,1
2026-08-29T00:15:00+08:00,1787933700000,104.29,104.59,102.86,104.43,853476.07,853476.07,88562501.694,1
2026-08-29T00:30:00+08:00,1787934600000,104.44,105.56,104.36,105.04,505252.49,505252.49,53049978.4267,1
2026-08-29T00:45:00+08:00,1787935500000,105.04,105.68,105.02,105.1,244383.33,244383.33,25746236.3152,1
2026-08-29T01:00:00+08:00,1787936400000,105.1,105.2,104.51,104.98,162023.86,162023.86,16994204.0175,1
2026-08-29T01:15:00+08:00,1787937300000,104.98,105.13,104.43,104.55,108595.5,108595.5,11379394.7845,1
2026-08-29T01:30:00+08:00,1787938200000,104.55,104.7,104.22,104.57,115792.28,115792.28,12093656.9572,1
2026-08-29T01:45:00+08:00,1787939100000,104.58,105.05,104.52,104.62,103628.19,103628.19,10861240.0018,1
2026-08-29T02:00:00+08:00,1787940000000,104.62,104.68,103.86,103.91,131973.44,131973.44,13751006.7323,1
2026-08-29T02:15:00+08:00,1787940900000,103.91,103.96,103.39,103.85,169100.66,169100.66,17529691.6884,1
2026-08-29T02:30:00+08:00,1787941800000,103.85,103.86,102.94,103.13,189238.59,189238.59,19537253.8596,1
2026-08-29T02:45:00+08:00,1787942700000,103.14,103.22,102.2,103.06,386749.54,386749.54,39711295.4524,1
2026-08-29T03:00:00+08:00,1787943600000,103.05,103.48,102.96,103.27,138290.71,138290.71,14274412.9482,1
2026-08-29T03:15:00+08:00,1787944500000,103.27,103.47,103.04,103.35,100995.1,100995.1,10430287.6988,1
2026-08-29T03:30:00+08:00,1787945400000,103.34,103.84,103.23,103.53,124467.31,124467.31,12889167.1361,1
2026-08-29T03:45:00+08:00,1787946300000,103.52,103.62,103.24,103.36,81195.64,81195.64,8396078.4397,1
2026-08-29T04:00:00+08:00,1787947200000,103.36,103.54,102.74,103.44,159251.27,159251.27,16422241.4316,1
2026-08-29T04:15:00+08:00,1787948100000,103.43,103.61,103.25,103.52,37286.23,37286.23,3857326.1583,1
2026-08-29T04:30:00+08:00,1787949000000,103.51,103.89,103.3,103.82,68047.44,68047.44,7049622.0865,1
2026-08-29T04:45:00+08:00,1787949900000,103.82,104.28,103.71,103.8,79575.22,79575.22,8274648.2321,1
2026-08-29T05:00:00+08:00,1787950800000,103.81,103.92,103.61,103.75,40464.18,40464.18,4198671.3014,1
2026-08-29T05:15:00+08:00,1787951700000,103.75,103.76,103.39,103.76,41572.42,41572.42,4307680.113,1
2026-08-29T05:30:00+08:00,1787952600000,103.77,103.99,103.44,103.54,64861.38,64861.38,6733813.2743,1
2026-08-29T05:45:00+08:00,1787953500000,103.55,103.55,103.2,103.4,50834.08,50834.08,5254213.3658,1
2026-08-29T06:00:00+08:00,1787954400000,103.4,103.82,103.35,103.76,51312.14,51312.14,5316670.2534,1
2026-08-29T06:15:00+08:00,1787955300000,103.76,103.9,103.51,103.84,45652.8,45652.8,4734478.236,1
2026-08-29T06:30:00+08:00,1787956200000,103.85,104.08,103.68,104.02,59426.25,59426.25,6172444.8527,1
2026-08-29T06:45:00+08:00,1787957100000,104.01,104.16,103.9,104.08,51468.28,51468.28,5354427.4842,1
2026-08-29T07:00:00+08:00,1787958000000,104.08,104.34,103.96,104.3,85398.07,85398.07,8894481.6914,1
2026-08-29T07:15:00+08:00,1787958900000,104.3,104.32,103.98,104.02,71777.51,71777.51,7475267.2331,1
2026-08-29T07:30:00+08:00,1787959800000,104.02,104.17,103.94,103.98,20118.48,20118.48,2093094.7848,1
2026-08-29T07:45:00+08:00,1787960700000,103.99,104.1,103.93,104.09,24844.86,24844.86,2584199.2118,1
2026-08-29T08:00:00+08:00,1787961600000,104.08,104.53,104.04,104.27,63607.6,63607.6,6632953.456,1
2026-08-29T08:15:00+08:00,1787962500000,104.27,104.57,104.24,104.36,53314.65,53314.65,5565562.4447,1
2026-08-29T08:30:00+08:00,1787963400000,104.36,104.36,104,104.02,31864.22,31864.22,3318968.5317,1
2026-08-29T08:45:00+08:00,1787964300000,104.03,104.03,103.83,103.85,37288.01,37288.01,3874931.3538,1
2026-08-29T09:00:00+08:00,1787965200000,103.86,103.98,103.75,103.84,29350.88,29350.88,3048323.7298,1
2026-08-29T09:15:00+08:00,1787966100000,103.83,104.1,103.77,104.08,32640.71,32640.71,3392565.9214,1
2026-08-29T09:30:00+08:00,1787967000000,104.08,104.19,103.99,104.14,34774.64,34774.64,3619526.6879,1
2026-08-29T09:45:00+08:00,1787967900000,104.14,104.3,103.94,104.1,72527.67,72527.67,7552324.6385,1
2026-08-29T10:00:00+08:00,1787968800000,104.11,104.34,104.06,104.17,62085.18,62085.18,6469722.1305,1
2026-08-29T10:15:00+08:00,1787969700000,104.18,104.21,103.67,103.81,63873.97,63873.97,6637892.54,1
2026-08-29T10:30:00+08:00,1787970600000,103.82,103.93,103.53,103.82,59718.26,59718.26,6194485.6365,1
2026-08-29T10:45:00+08:00,1787971500000,103.81,104.08,103.71,103.89,40763.11,40763.11,4236643.4912,1
2026-08-29T11:00:00+08:00,1787972400000,103.89,104.02,103.84,103.89,38752.17,38752.17,4027530.3867,1
2026-08-29T11:15:00+08:00,1787973300000,103.89,104.04,103.76,104.02,43363.1,43363.1,4506773.8272,1
2026-08-29T11:30:00+08:00,1787974200000,104.02,104.18,103.77,104.06,67234.76,67234.76,6992266.9716,1
2026-08-29T11:45:00+08:00,1787975100000,104.05,104.07,103.8,103.83,35245.54,35245.54,3663211.553,1
2026-08-29T12:00:00+08:00,1787976000000,103.83,103.87,103.41,103.64,79157.69,79157.69,8205749.3499,1
2026-08-29T12:15:00+08:00,1787976900000,103.65,103.67,103.45,103.56,51817.7,51817.7,5365229.8299,1
2026-08-29T12:30:00+08:00,1787977800000,103.57,103.76,103.37,103.72,100118.23,100118.23,10368958.0952,1
2026-08-29T12:45:00+08:00,1787978700000,103.72,104,103.68,103.82,58534.8,58534.8,6077526.1853,1
2026-08-29T13:00:00+08:00,1787979600000,103.82,104.11,103.77,104.04,48882.44,48882.44,5081714.4157,1
2026-08-29T13:15:00+08:00,1787980500000,104.04,104.15,103.95,104,42301.83,42301.83,4402317.4969,1
2026-08-29T13:30:00+08:00,1787981400000,104,104.08,103.81,104.03,46406.04,46406.04,4823567.0102,1
2026-08-29T13:45:00+08:00,1787982300000,104.03,104.06,103.84,103.97,15256.39,15256.39,1585526.1081,1
2026-08-29T14:00:00+08:00,1787983200000,103.97,103.98,103.35,103.41,68562.04,68562.04,7101195.9478,1
2026-08-29T14:15:00+08:00,1787984100000,103.4,103.63,103.27,103.44,101900.4,101900.4,10538655.4387,1
2026-08-29T14:30:00+08:00,1787985000000,103.45,103.65,103.44,103.55,41182.91,41182.91,4264721.4715,1
2026-08-29T14:45:00+08:00,1787985900000,103.54,103.56,103.43,103.52,29746.53,29746.53,3078566.3266,1
2026-08-29T15:00:00+08:00,1787986800000,103.53,103.84,103.52,103.63,55757.68,55757.68,5783069.2539,1
2026-08-29T15:15:00+08:00,1787987700000,103.64,103.84,103.59,103.66,40342.4,40342.4,4185069.9433,1
2026-08-29T15:30:00+08:00,1787988600000,103.65,103.92,103.6,103.74,35916.44,35916.44,3727079.3617,1
2026-08-29T15:45:00+08:00,1787989500000,103.73,103.87,103.5,103.65,55708.89,55708.89,5773678.6523,1
2026-08-29T16:00:00+08:00,1787990400000,103.66,103.66,103.21,103.32,85680.17,85680.17,8858242.8699,1
2026-08-29T16:15:00+08:00,1787991300000,103.33,103.48,103.28,103.43,31009.77,31009.77,3205564.3847,1
2026-08-29T16:30:00+08:00,1787992200000,103.43,103.43,103.14,103.26,53750.73,53750.73,5550202.1537,1
2026-08-29T16:45:00+08:00,1787993100000,103.25,103.42,103.04,103.42,56072.74,56072.74,5788547.9457,1
2026-08-29T17:00:00+08:00,1787994000000,103.41,103.44,103.25,103.42,49194.61,49194.61,5084480.6193,1
2026-08-29T17:15:00+08:00,1787994900000,103.42,103.42,103.22,103.3,22056.97,22056.97,2278459.9731,1
2026-08-29T17:30:00+08:00,1787995800000,103.31,103.56,103.29,103.43,71329.28,71329.28,7377310.2773,1
2026-08-29T17:45:00+08:00,1787996700000,103.43,103.46,103.26,103.27,31855.47,31855.47,3292660.7096,1
2026-08-29T18:00:00+08:00,1787997600000,103.26,103.26,102.95,103.2,71692,71692,7391134.7417,1
2026-08-29T18:15:00+08:00,1787998500000,103.2,103.52,103.2,103.39,76494.87,76494.87,7909912.0993,1
2026-08-29T18:30:00+08:00,1787999400000,103.4,103.45,103.24,103.34,24984.16,24984.16,2581344.1382,1
2026-08-29T18:45:00+08:00,1788000300000,103.35,103.55,103.34,103.39,30393.23,30393.23,3143860.3755,1
2026-08-29T19:00:00+08:00,1788001200000,103.39,103.59,103.34,103.59,30785.78,30785.78,3185622.4581,1
2026-08-29T19:15:00+08:00,1788002100000,103.59,103.66,103.43,103.49,20655.83,20655.83,2138499.4875,1
2026-08-29T19:30:00+08:00,1788003000000,103.49,103.6,103.44,103.46,12470.28,12470.28,1290730.6623,1
2026-08-29T19:45:00+08:00,1788003900000,103.46,103.63,103.43,103.43,24145.16,24145.16,2499779.834,1
2026-08-29T20:00:00+08:00,1788004800000,103.44,103.58,103.32,103.57,37880.37,37880.37,3918065.0105,1
2026-08-29T20:15:00+08:00,1788005700000,103.57,103.96,103.36,103.43,117684.44,117684.44,12205205.3648,1
2026-08-29T20:30:00+08:00,1788006600000,103.44,103.56,103.34,103.56,34751.01,34751.01,3593999.6283,1
2026-08-29T20:45:00+08:00,1788007500000,103.55,103.64,103.43,103.55,27117.45,27117.45,2807869.4047,1
2026-08-29T21:00:00+08:00,1788008400000,103.55,103.58,103.45,103.55,17637.16,17637.16,1826026.8289,1
2026-08-29T21:15:00+08:00,1788009300000,103.54,103.73,103.52,103.66,23904.19,23904.19,2478118.5249,1
2026-08-29T21:30:00+08:00,1788010200000,103.66,103.82,103.58,103.61,25867.21,25867.21,2682418.5508,1
2026-08-29T21:45:00+08:00,1788011100000,103.62,103.91,103.6,103.74,39781.29,39781.29,4128455.4527,1
2026-08-29T22:00:00+08:00,1788012000000,103.75,104.04,103.72,103.94,66137.92,66137.92,6871379.6752,1
2026-08-29T22:15:00+08:00,1788012900000,103.94,104.38,103.92,104.22,114379.53,114379.53,11918134.4517,1
2026-08-29T22:30:00+08:00,1788013800000,104.22,105.33,104.18,104.93,334032.01,334032.01,35032525.8162,1
2026-08-29T22:45:00+08:00,1788014700000,104.92,105.49,104.9,105.33,295148.3,295148.3,31046368.8874,1
2026-08-29T23:00:00+08:00,1788015600000,105.33,105.44,104.86,105.05,165431.18,165431.18,17387065.4172,1
2026-08-29T23:15:00+08:00,1788016500000,105.05,105.19,104.55,105.02,123682.54,123682.54,12973124.8168,1
2026-08-29T23:30:00+08:00,1788017400000,105.02,105.02,104.79,104.85,56389.14,56389.14,5915254.9487,1
2026-08-29T23:45:00+08:00,1788018300000,104.85,105.14,104.76,104.96,54039.34,54039.34,5670677.2685,1
2026-08-30T00:00:00+08:00,1788019200000,104.95,105.28,104.94,105.2,96365.35,96365.35,10128116.2277,1
2026-08-30T00:15:00+08:00,1788020100000,105.2,105.36,104.74,104.99,109873.69,109873.69,11535692.192,1
2026-08-30T00:30:00+08:00,1788021000000,104.98,105.24,104.81,104.96,88379.79,88379.79,9282189.641,1
2026-08-30T00:45:00+08:00,1788021900000,104.96,105.1,104.78,104.78,66708.96,66708.96,7000215.0275,1
2026-08-30T01:00:00+08:00,1788022800000,104.79,105.07,104.79,104.96,33882.64,33882.64,3556237.8544,1
2026-08-30T01:15:00+08:00,1788023700000,104.96,105.05,104.55,104.61,53450.74,53450.74,5597985.2439,1
2026-08-30T01:30:00+08:00,1788024600000,104.61,104.79,104.29,104.61,111510.25,111510.25,11654321.5097,1
2026-08-30T01:45:00+08:00,1788025500000,104.61,104.81,104.58,104.8,38244.32,38244.32,4003545.0866,1
2026-08-30T02:00:00+08:00,1788026400000,104.8,105.03,104.75,104.8,57561.57,57561.57,6035718.3464,1
2026-08-30T02:15:00+08:00,1788027300000,104.81,105.02,104.68,104.77,39229,39229,4113428.9878,1
2026-08-30T02:30:00+08:00,1788028200000,104.77,105.08,104.66,104.96,83591.06,83591.06,8770685.7518,1
2026-08-30T02:45:00+08:00,1788029100000,104.96,105.27,104.9,105.05,41603.23,41603.23,4373313.9784,1
2026-08-30T03:00:00+08:00,1788030000000,105.06,105.46,105.05,105.45,60155.56,60155.56,6332175.9562,1
2026-08-30T03:15:00+08:00,1788030900000,105.46,105.85,105.42,105.68,108710.67,108710.67,11481067.1239,1
2026-08-30T03:30:00+08:00,1788031800000,105.69,105.75,105.4,105.53,78297.24,78297.24,8266124.8301,1
2026-08-30T03:45:00+08:00,1788032700000,105.53,105.53,105.13,105.29,62524.1,62524.1,6585331.9056,1
2026-08-30T04:00:00+08:00,1788033600000,105.29,105.44,105.12,105.19,41045.61,41045.61,4322265.0163,1
2026-08-30T04:15:00+08:00,1788034500000,105.19,105.32,105.13,105.13,23715.5,23715.5,2494757.0457,1
2026-08-30T04:30:00+08:00,1788035400000,105.13,105.27,104.96,105.19,54554.98,54554.98,5736278.3066,1
2026-08-30T04:45:00+08:00,1788036300000,105.19,105.26,105.06,105.15,35655.89,35655.89,3749484.5516,1
2026-08-30T05:00:00+08:00,1788037200000,105.15,105.32,104.91,105.21,68182.2,68182.2,7166605.8943,1
2026-08-30T05:15:00+08:00,1788038100000,105.2,105.3,104.94,104.96,11767.91,11767.91,1236666.8794,1
2026-08-30T05:30:00+08:00,1788039000000,104.96,104.97,104.7,104.92,56573.5,56573.5,5932759.3164,1
2026-08-30T05:45:00+08:00,1788039900000,104.91,105.03,104.85,104.99,23463.04,23463.04,2462864.1607,1
2026-08-30T06:00:00+08:00,1788040800000,104.98,105.02,104.82,104.93,18522.42,18522.42,1943353.2011,1
2026-08-30T06:15:00+08:00,1788041700000,104.93,105.12,104.87,105.07,17308.52,17308.52,1816779.1723,1
2026-08-30T06:30:00+08:00,1788042600000,105.07,105.21,105.06,105.18,18881.84,18881.84,1985039.386,1
2026-08-30T06:45:00+08:00,1788043500000,105.19,105.49,105.18,105.42,26153.13,26153.13,2754748.9477,1
2026-08-30T07:00:00+08:00,1788044400000,105.43,105.67,105.43,105.56,45332.78,45332.78,4785082.5336,1
2026-08-30T07:15:00+08:00,1788045300000,105.55,105.71,105.41,105.61,64395.43,64395.43,6799080.5014,1
2026-08-30T07:30:00+08:00,1788046200000,105.6,105.68,105.38,105.49,33506.73,33506.73,3536156.2128,1
2026-08-30T07:45:00+08:00,1788047100000,105.5,105.71,105.49,105.54,24114.29,24114.29,2546793.6932,1
2026-08-30T08:00:00+08:00,1788048000000,105.54,105.54,105.18,105.26,61235.82,61235.82,6448941.2746,1
2026-08-30T08:15:00+08:00,1788048900000,105.27,105.64,105.25,105.28,75234.11,75234.11,7934615.238,1
2026-08-30T08:30:00+08:00,1788049800000,105.28,105.46,105.15,105.22,70299.28,70299.28,7402278.5885,1
2026-08-30T08:45:00+08:00,1788050700000,105.22,105.4,105.17,105.19,44457.02,44457.02,4680107.7836,1
2026-08-30T09:00:00+08:00,1788051600000,105.18,105.29,105.06,105.14,36848.92,36848.92,3874573.9205,1
2026-08-30T09:15:00+08:00,1788052500000,105.14,105.31,105.04,105.05,46755.86,46755.86,4916803.9061,1
2026-08-30T09:30:00+08:00,1788053400000,105.06,105.25,104.94,105.1,53196.93,53196.93,5590586.1175,1
2026-08-30T09:45:00+08:00,1788054300000,105.1,105.3,105.03,105.16,36125.63,36125.63,3799525.6452,1
2026-08-30T10:00:00+08:00,1788055200000,105.17,105.38,105.11,105.32,56643.67,56643.67,5962724.6932,1
2026-08-30T10:15:00+08:00,1788056100000,105.32,105.48,105.15,105.29,41761.61,41761.61,4399565.3215,1
2026-08-30T10:30:00+08:00,1788057000000,105.3,105.32,105.12,105.27,42022.32,42022.32,4421926.8401,1
2026-08-30T10:45:00+08:00,1788057900000,105.26,105.4,105.15,105.15,39108.16,39108.16,4117240.7895,1
2026-08-30T11:00:00+08:00,1788058800000,105.15,105.17,104.88,105.03,78917.06,78917.06,8288503.6101,1
2026-08-30T11:15:00+08:00,1788059700000,105.02,105.22,104.99,105.22,28171.22,28171.22,2960126.8614,1
2026-08-30T11:30:00+08:00,1788060600000,105.23,105.28,105.11,105.14,50287.63,50287.63,5290301.6323,1
2026-08-30T11:45:00+08:00,1788061500000,105.14,105.15,104.97,105.01,21948.43,21948.43,2305383.8831,1
2026-08-30T12:00:00+08:00,1788062400000,105.01,105.07,104.89,104.94,34328.78,34328.78,3603074.0136,1
2026-08-30T12:15:00+08:00,1788063300000,104.95,105.02,104.81,104.94,53303.51,53303.51,5591916.2114,1
2026-08-30T12:30:00+08:00,1788064200000,104.95,104.95,104.76,104.8,46944.15,46944.15,4921991.5477,1
2026-08-30T12:45:00+08:00,1788065100000,104.8,105.05,104.57,105.05,88613.62,88613.62,9283041.5904,1
2026-08-30T13:00:00+08:00,1788066000000,105.05,105.2,104.96,104.98,53665.11,53665.11,5639659.5077,1
2026-08-30T13:15:00+08:00,1788066900000,104.99,105.09,104.91,104.99,18105.07,18105.07,1900763.9534,1
2026-08-30T13:30:00+08:00,1788067800000,105,105,104.84,104.91,24038.08,24038.08,2522057.5928,1
2026-08-30T13:45:00+08:00,1788068700000,104.91,105.03,104.9,105.03,19421.99,19421.99,2038440.7297,1
2026-08-30T14:00:00+08:00,1788069600000,105.02,105.05,104.87,104.92,14674.52,14674.52,1540032.8242,1
2026-08-30T14:15:00+08:00,1788070500000,104.93,105.05,104.89,104.96,15791.8,15791.8,1657643.6944,1
2026-08-30T14:30:00+08:00,1788071400000,104.96,105.07,104.87,104.9,27886.01,27886.01,2926423.0697,1
2026-08-30T14:45:00+08:00,1788072300000,104.9,105.35,104.89,105.34,68105.59,68105.59,7156153.7676,1
2026-08-30T15:00:00+08:00,1788073200000,105.34,105.38,105.13,105.25,27774.53,27774.53,2923402.9009,1
2026-08-30T15:15:00+08:00,1788074100000,105.25,105.26,105.04,105.06,16234.15,16234.15,1706401.3912,1
2026-08-30T15:30:00+08:00,1788075000000,105.06,105.09,104.77,104.83,53285.72,53285.72,5591104.8606,1
2026-08-30T15:45:00+08:00,1788075900000,104.83,104.96,104.65,104.77,66549.12,66549.12,6973118.4961,1
2026-08-30T16:00:00+08:00,1788076800000,104.77,104.95,104.72,104.79,48226.76,48226.76,5056473.9517,1
2026-08-30T16:15:00+08:00,1788077700000,104.79,105,104.78,104.95,33888.26,33888.26,3555415.8235,1
2026-08-30T16:30:00+08:00,1788078600000,104.96,104.99,104.64,104.74,33289.99,33289.99,3488689.8615,1
2026-08-30T16:45:00+08:00,1788079500000,104.73,104.74,104.33,104.69,92292.22,92292.22,9650438.8203,1
2026-08-30T17:00:00+08:00,1788080400000,104.7,104.84,104.65,104.82,20227.85,20227.85,2119217.7521,1
2026-08-30T17:15:00+08:00,1788081300000,104.82,104.91,104.36,104.44,77196.73,77196.73,8074221.2244,1
2026-08-30T17:30:00+08:00,1788082200000,104.45,104.68,104.38,104.64,64668.01,64668.01,6760909.2431,1
2026-08-30T17:45:00+08:00,1788083100000,104.64,104.69,104.46,104.54,28572.67,28572.67,2988387.3926,1
2026-08-30T18:00:00+08:00,1788084000000,104.53,104.72,104.43,104.49,51977.58,51977.58,5435218.3808,1
2026-08-30T18:15:00+08:00,1788084900000,104.5,104.93,104.44,104.77,65551.68,65551.68,6862162.4681,1
2026-08-30T18:30:00+08:00,1788085800000,104.77,104.99,104.77,104.96,50706.95,50706.95,5317273.8341,1
2026-08-30T18:45:00+08:00,1788086700000,104.97,105.17,104.96,105.03,77179.19,77179.19,8109949.7825,1
2026-08-30T19:00:00+08:00,1788087600000,105.04,105.26,105.01,105.13,44504.72,44504.72,4679668.641,1
2026-08-30T19:15:00+08:00,1788088500000,105.13,105.17,105.02,105.16,20517.74,20517.74,2155966.1809,1
2026-08-30T19:30:00+08:00,1788089400000,105.17,105.19,104.87,105,68242.28,68242.28,7166411.4024,1
2026-08-30T19:45:00+08:00,1788090300000,105,105.05,104.86,105.05,34234.51,34234.51,3593266.9468,1
2026-08-30T20:00:00+08:00,1788091200000,105.06,105.82,105,105.69,263166.57,263166.57,27760527.5304,1
2026-08-30T20:15:00+08:00,1788092100000,105.69,105.69,105.17,105.39,134068.41,134068.41,14127104.556,1
2026-08-30T20:30:00+08:00,1788093000000,105.39,105.62,105.17,105.47,94724.56,94724.56,9984088.5279,1
2026-08-30T20:45:00+08:00,1788093900000,105.48,106.17,105.33,106.04,168132.47,168132.47,17789349.7833,1
2026-08-30T21:00:00+08:00,1788094800000,106.04,106.17,105.81,105.96,145629.46,145629.46,15437437.1985,1
2026-08-30T21:15:00+08:00,1788095700000,105.97,106.36,105.87,106.31,133198.34,133198.34,14138640.4781,1
2026-08-30T21:30:00+08:00,1788096600000,106.32,107.17,106.18,106.97,502928.59,502928.59,53693606.4264,1
2026-08-30T21:45:00+08:00,1788097500000,106.97,107.46,106.96,107.04,338287.9,338287.9,36260808.5533,1
2026-08-30T22:00:00+08:00,1788098400000,107.04,107.19,106.75,107.07,175371.62,175371.62,18755030.7144,1
2026-08-30T22:15:00+08:00,1788099300000,107.07,107.08,106.66,106.85,105913.57,105913.57,11316841.1686,1
2026-08-30T22:30:00+08:00,1788100200000,106.86,106.99,106.57,106.78,97846.69,97846.69,10445227.808,1
2026-08-30T22:45:00+08:00,1788101100000,106.78,106.87,106.62,106.68,65700.14,65700.14,7013517.2373,1
2026-08-30T23:00:00+08:00,1788102000000,106.69,106.77,106.03,106.08,219645.65,219645.65,23377045.1049,1
2026-08-30T23:15:00+08:00,1788102900000,106.08,106.56,105.87,106.36,183998.98,183998.98,19544040.6027,1
2026-08-30T23:30:00+08:00,1788103800000,106.36,106.62,106.34,106.42,87496.55,87496.55,9315316.6145,1
2026-08-30T23:45:00+08:00,1788104700000,106.42,106.53,106.06,106.23,78887.22,78887.22,8381792.0994,1
2026-08-31T00:00:00+08:00,1788105600000,106.23,107.04,106.08,106.94,250164.34,250164.34,26657906.5071,1
2026-08-31T00:15:00+08:00,1788106500000,106.94,107.11,106.49,106.5,193437.04,193437.04,20656450.9662,1
2026-08-31T00:30:00+08:00,1788107400000,106.5,106.82,106.4,106.63,148147.3,148147.3,15791707.4567,1
2026-08-31T00:45:00+08:00,1788108300000,106.63,106.95,106.56,106.84,153772.33,153772.33,16410922.3455,1
2026-08-31T01:00:00+08:00,1788109200000,106.84,106.84,106.4,106.55,73584.32,73584.32,7842830.6728,1
2026-08-31T01:15:00+08:00,1788110100000,106.56,106.56,105.15,105.78,530714.75,530714.75,56107355.7642,1
2026-08-31T01:30:00+08:00,1788111000000,105.77,106.07,105.6,106.06,136775.75,136775.75,14482662.8185,1
2026-08-31T01:45:00+08:00,1788111900000,106.07,106.36,105.84,106.33,103281.75,103281.75,10956073.2853,1
2026-08-31T02:00:00+08:00,1788112800000,106.33,106.68,105.92,106.19,188652.47,188652.47,20052090.9232,1
2026-08-31T02:15:00+08:00,1788113700000,106.18,106.77,106.16,106.67,74151.33,74151.33,7893218.1625,1
2026-08-31T02:30:00+08:00,1788114600000,106.67,106.8,106.55,106.68,116954.21,116954.21,12476914.451,1
2026-08-31T02:45:00+08:00,1788115500000,106.69,106.77,106.43,106.62,66609.88,66609.88,7100578.3015,1
2026-08-31T03:00:00+08:00,1788116400000,106.62,106.74,106.31,106.73,89442.98,89442.98,9527762.7888,1
2026-08-31T03:15:00+08:00,1788117300000,106.73,106.74,106.18,106.2,63862.75,63862.75,6794590.2778,1
2026-08-31T03:30:00+08:00,1788118200000,106.21,106.33,105.55,105.56,179437.21,179437.21,19010380.6048,1
2026-08-31T03:45:00+08:00,1788119100000,105.56,105.79,105.37,105.75,113503.09,113503.09,11984210.4549,1
2026-08-31T04:00:00+08:00,1788120000000,105.75,105.95,105.61,105.77,95204.07,95204.07,10070502.2656,1
2026-08-31T04:15:00+08:00,1788120900000,105.77,105.81,105.33,105.34,78208.64,78208.64,8263239.9812,1
2026-08-31T04:30:00+08:00,1788121800000,105.35,105.39,104.23,104.57,306672.27,306672.27,32163507.8861,1
2026-08-31T04:45:00+08:00,1788122700000,104.57,105.08,104.57,104.69,137685.28,137685.28,14430611.5459,1
2026-08-31T05:00:00+08:00,1788123600000,104.69,104.72,103.16,103.98,497542.43,497542.43,51683575.6629,1
2026-08-31T05:15:00+08:00,1788124500000,103.99,104.24,103.83,104.19,66664.56,66664.56,6935877.7479,1
2026-08-31T05:30:00+08:00,1788125400000,104.18,104.47,104.17,104.32,64019.81,64019.81,6679436.3679,1
2026-08-31T05:45:00+08:00,1788126300000,104.32,104.43,104.09,104.38,43364.85,43364.85,4521716.7154,1
2026-08-31T06:00:00+08:00,1788127200000,104.39,104.7,103.82,103.94,128285.92,128285.92,13381937.7868,1
2026-08-31T06:15:00+08:00,1788128100000,103.93,103.93,103.29,103.57,177990.81,177990.81,18435866.9577,1
2026-08-31T06:30:00+08:00,1788129000000,103.58,103.87,103.25,103.65,92446.7,92446.7,9572143.7596,1
2026-08-31T06:45:00+08:00,1788129900000,103.64,103.86,103.57,103.75,102384.09,102384.09,10619580.1075,1
2026-08-31T07:00:00+08:00,1788130800000,103.75,103.75,103.41,103.46,54296.86,54296.86,5621318.0859,1
2026-08-31T07:15:00+08:00,1788131700000,103.46,103.57,101.17,101.71,848496.93,848496.93,86812770.8852,1
2026-08-31T07:30:00+08:00,1788132600000,101.71,102.15,101.11,101.36,388845.35,388845.35,39552022.389,1
2026-08-31T07:45:00+08:00,1788133500000,101.37,101.96,100.2,101.69,633867.09,633867.09,64028886.2592,1
2026-08-31T08:00:00+08:00,1788134400000,101.69,101.87,101.05,101.65,296672.7,296672.7,30096465.0345,1
2026-08-31T08:15:00+08:00,1788135300000,101.66,102.34,101.65,102.06,172464.7,172464.7,17605709.7246,1
2026-08-31T08:30:00+08:00,1788136200000,102.07,102.56,101.99,102.28,168293.74,168293.74,17222745.724,1
2026-08-31T08:45:00+08:00,1788137100000,102.28,102.32,102.04,102.08,70900.12,70900.12,7244147.2246,1
2026-08-31T09:00:00+08:00,1788138000000,102.08,102.18,101.47,101.64,151656.63,151656.63,15426422.6506,1
2026-08-31T09:15:00+08:00,1788138900000,101.65,102.03,101.41,101.94,84407.65,84407.65,8593415.3135,1
2026-08-31T09:30:00+08:00,1788139800000,101.94,102.14,101.58,101.69,121381.31,121381.31,12356360.3217,1
2026-08-31T09:45:00+08:00,1788140700000,101.69,101.88,101.34,101.46,101726.36,101726.36,10330793.7504,1
2026-08-31T10:00:00+08:00,1788141600000,101.46,102.31,101.28,102.17,154235.44,154235.44,15701594.994,1
2026-08-31T10:15:00+08:00,1788142500000,102.16,102.2,101.86,102,153833.44,153833.44,15693428.4054,1
2026-08-31T10:30:00+08:00,1788143400000,102,102.09,101.79,101.86,58638.05,58638.05,5975467.3287,1
2026-08-31T10:45:00+08:00,1788144300000,101.87,101.95,101.14,101.4,149452.69,149452.69,15156848.5825,1
2026-08-31T11:00:00+08:00,1788145200000,101.39,101.79,101.21,101.64,156446,156446,15893435.9704,1
2026-08-31T11:15:00+08:00,1788146100000,101.63,101.91,101.48,101.7,81823.45,81823.45,8320714.5204,1
2026-08-31T11:30:00+08:00,1788147000000,101.69,102.05,101.61,102.05,57564.14,57564.14,5865040.5294,1
2026-08-31T11:45:00+08:00,1788147900000,102.04,102.15,101.81,101.89,98522.12,98522.12,10052399.3602,1
2026-08-31T12:00:00+08:00,1788148800000,101.89,101.94,101.31,101.38,97766.94,97766.94,9923744.8223,1
2026-08-31T12:15:00+08:00,1788149700000,101.38,101.4,100.83,101.04,249699.53,249699.53,25241115.3863,1
2026-08-31T12:30:00+08:00,1788150600000,101.04,101.45,100.98,101.33,101434.64,101434.64,10267377.4367,1
2026-08-31T12:45:00+08:00,1788151500000,101.33,101.5,101.13,101.38,89054.97,89054.97,9024844.1181,1
2026-08-31T13:00:00+08:00,1788152400000,101.38,101.73,101.19,101.62,138407.42,138407.42,14047811.746,1
2026-08-31T13:15:00+08:00,1788153300000,101.61,102.99,101.58,102.61,515722.39,515722.39,52831955.1067,1
2026-08-31T13:30:00+08:00,1788154200000,102.62,102.69,102.22,102.46,104553.42,104553.42,10712973.0939,1
2026-08-31T13:45:00+08:00,1788155100000,102.47,102.73,102.47,102.58,100452.65,100452.65,10303406.5438,1
2026-08-31T14:00:00+08:00,1788156000000,102.58,102.74,102.26,102.55,125694.07,125694.07,12883461.3878,1
2026-08-31T14:15:00+08:00,1788156900000,102.56,102.85,102.37,102.67,92212.68,92212.68,9461402.6592,1
2026-08-31T14:30:00+08:00,1788157800000,102.67,102.82,102.44,102.69,86017.07,86017.07,8829119.1951,1
2026-08-31T14:45:00+08:00,1788158700000,102.68,102.77,102.55,102.66,49749.6,49749.6,5108357.7183,1
2026-08-31T15:00:00+08:00,1788159600000,102.65,102.9,102.56,102.8,101733.19,101733.19,10451229.3278,1
2026-08-31T15:15:00+08:00,1788160500000,102.79,103.15,102.76,102.88,111891.26,111891.26,11515431.3938,1
2026-08-31T15:30:00+08:00,1788161400000,102.88,102.99,102.65,102.92,85677.97,85677.97,8808627.983,1
2026-08-31T15:45:00+08:00,1788162300000,102.92,102.95,102.79,102.9,41716.6,41716.6,4291930.2747,1
2026-08-31T16:00:00+08:00,1788163200000,102.9,103.02,102.37,102.71,113882.18,113882.18,11693719.2502,1
2026-08-31T16:15:00+08:00,1788164100000,102.71,102.73,102.38,102.65,81556.8,81556.8,8364948.7184,1
2026-08-31T16:30:00+08:00,1788165000000,102.65,103.41,102.62,103.16,132250.45,132250.45,13622207.4543,1
2026-08-31T16:45:00+08:00,1788165900000,103.16,103.26,103.02,103.15,63511.59,63511.59,6550387.1601,1
2026-08-31T17:00:00+08:00,1788166800000,103.15,103.44,102.94,102.96,109159.71,109159.71,11260664.5043,1
2026-08-31T17:15:00+08:00,1788167700000,102.96,103.3,102.91,103.08,111192.2,111192.2,11466419.1395,1
2026-08-31T17:30:00+08:00,1788168600000,103.09,103.27,103.03,103.13,50333.21,50333.21,5191522.369,1
2026-08-31T17:45:00+08:00,1788169500000,103.13,103.3,102.96,103.01,59214.87,59214.87,6106102.8585,1
2026-08-31T18:00:00+08:00,1788170400000,103.02,103.05,102.57,103.03,119883.77,119883.77,12324780.8293,1
2026-08-31T18:15:00+08:00,1788171300000,103.02,103.04,102.74,102.84,44969.31,44969.31,4626283.3159,1
2026-08-31T18:30:00+08:00,1788172200000,102.84,103.22,102.74,103.17,81788.39,81788.39,8432859.0325,1
2026-08-31T18:45:00+08:00,1788173100000,103.16,104.04,103.12,103.59,251771.88,251771.88,26092397.7815,1
2026-08-31T19:00:00+08:00,1788174000000,103.59,104,103.42,103.87,132959.82,132959.82,13786045.4845,1
2026-08-31T19:15:00+08:00,1788174900000,103.86,104.12,103.72,103.85,125919.47,125919.47,13089252.6618,1
2026-08-31T19:30:00+08:00,1788175800000,103.85,103.85,103.56,103.59,71001.07,71001.07,7364706.4599,1
2026-08-31T19:45:00+08:00,1788176700000,103.59,103.71,103.19,103.33,88110.8,88110.8,9107287.7922,1
2026-08-31T20:00:00+08:00,1788177600000,103.33,103.7,103.18,103.48,105515.06,105515.06,10920085.2526,1
2026-08-31T20:15:00+08:00,1788178500000,103.48,103.58,102.87,103.13,145251.49,145251.49,14992857.6953,1
2026-08-31T20:30:00+08:00,1788179400000,103.12,103.18,102.29,102.73,202315.43,202315.43,20781995.2696,1
2026-08-31T20:45:00+08:00,1788180300000,102.73,102.73,102.41,102.7,91816.07,91816.07,9419114.5493,1
2026-08-31T21:00:00+08:00,1788181200000,102.71,103.01,102.69,102.79,85290.49,85290.49,8773548.1909,1
2026-08-31T21:15:00+08:00,1788182100000,102.8,102.89,102.51,102.68,108115.89,108115.89,11101736.0862,1
2026-08-31T21:30:00+08:00,1788183000000,102.67,102.99,102.31,102.49,152905.56,152905.56,15696405.5235,1
2026-08-31T21:45:00+08:00,1788183900000,102.5,102.63,102.05,102.31,161214.17,161214.17,16490777.7667,1
2026-08-31T22:00:00+08:00,1788184800000,102.31,102.66,102.22,102.38,111279.44,111279.44,11401885.4458,1
2026-08-31T22:15:00+08:00,1788185700000,102.37,102.74,102.14,102.53,95261.31,95261.31,9754761.4932,1
2026-08-31T22:30:00+08:00,1788186600000,102.53,103.62,102.29,103.4,241033.5,241033.5,24836632.3816,1
2026-08-31T22:45:00+08:00,1788187500000,103.41,103.89,103.12,103.47,239490.38,239490.38,24783096.2501,1
2026-08-31T23:00:00+08:00,1788188400000,103.48,103.61,102.86,102.88,133656.57,133656.57,13798932.8867,1
2026-08-31T23:15:00+08:00,1788189300000,102.87,103.36,102.73,103.2,111050.48,111050.48,11439720.913,1
2026-08-31T23:30:00+08:00,1788190200000,103.2,103.45,102.95,103.35,96935.5,96935.5,10001787.2878,1
2026-08-31T23:45:00+08:00,1788191100000,103.34,103.42,102.68,102.81,94704.89,94704.89,9749255.3283,1
2026-09-01T00:00:00+08:00,1788192000000,102.8,103.01,102.49,102.55,114188.75,114188.75,11731067.8963,1
2026-09-01T00:15:00+08:00,1788192900000,102.56,102.84,102.37,102.58,120215.43,120215.43,12329390.8039,1
2026-09-01T00:30:00+08:00,1788193800000,102.58,102.95,102.4,102.93,75731.16,75731.16,7772090.5675,1
2026-09-01T00:45:00+08:00,1788194700000,102.94,103.29,102.76,102.78,111996.26,111996.26,11535252.7416,1
2026-09-01T01:00:00+08:00,1788195600000,102.77,103.15,102.72,102.98,49142.95,49142.95,5057674.4122,1
2026-09-01T01:15:00+08:00,1788196500000,102.99,103.01,102.56,102.69,81662.92,81662.92,8392796.3003,1
2026-09-01T01:30:00+08:00,1788197400000,102.7,103.63,102.7,103.46,161812.09,161812.09,16703691.7142,1
2026-09-01T01:45:00+08:00,1788198300000,103.47,103.76,103.47,103.56,90223.66,90223.66,9348754.5989,1
2026-09-01T02:00:00+08:00,1788199200000,103.56,103.64,103.32,103.64,42913.81,42913.81,4440196.6678,1
2026-09-01T02:15:00+08:00,1788200100000,103.63,104.03,103.48,103.72,158969.82,158969.82,16500743.9797,1
2026-09-01T02:30:00+08:00,1788201000000,103.71,104.97,103.65,104.89,236688.59,236688.59,24724344.2057,1
2026-09-01T02:45:00+08:00,1788201900000,104.89,104.93,104.22,104.41,177612.67,177612.67,18565903.6936,1
2026-09-01T03:00:00+08:00,1788202800000,104.4,104.73,104.31,104.42,106751.61,106751.61,11156967.6041,1
2026-09-01T03:15:00+08:00,1788203700000,104.41,104.42,103.88,104.05,69322.8,69322.8,7213971.9855,1
2026-09-01T03:30:00+08:00,1788204600000,104.06,104.07,103.6,103.63,99912.96,99912.96,10371375.7953,1
2026-09-01T03:45:00+08:00,1788205500000,103.64,103.84,103.46,103.55,77973.2,77973.2,8081959.155,1
2026-09-01T04:00:00+08:00,1788206400000,103.56,103.75,103.49,103.74,28725.6,28725.6,2977239.2702,1
2026-09-01T04:15:00+08:00,1788207300000,103.75,104.26,103.73,103.94,65811.13,65811.13,6848357.501,1
2026-09-01T04:30:00+08:00,1788208200000,103.94,104.06,103.53,103.68,47625.76,47625.76,4939125.1817,1
2026-09-01T04:45:00+08:00,1788209100000,103.67,103.82,103.47,103.68,57645.25,57645.25,5974033.6947,1
2026-09-01T05:00:00+08:00,1788210000000,103.68,103.71,103.21,103.38,118554.28,118554.28,12257332.8699,1
2026-09-01T05:15:00+08:00,1788210900000,103.37,103.6,103.16,103.6,81596.88,81596.88,8431584.7505,1
2026-09-01T05:30:00+08:00,1788211800000,103.6,103.87,103.58,103.75,63332.29,63332.29,6570362.4509,1
2026-09-01T05:45:00+08:00,1788212700000,103.74,103.94,103.55,103.59,31190.83,31190.83,3235095.7188,1
2026-09-01T06:00:00+08:00,1788213600000,103.59,103.72,103.33,103.35,38973.93,38973.93,4032520.5479,1
2026-09-01T06:15:00+08:00,1788214500000,103.35,103.39,103.2,103.27,33313.76,33313.76,3440321.9929,1
2026-09-01T06:30:00+08:00,1788215400000,103.28,103.33,103.17,103.22,31745.49,31745.49,3278107.3043,1
2026-09-01T06:45:00+08:00,1788216300000,103.23,103.26,103.03,103.14,43389.99,43389.99,4475870.1039,1
2026-09-01T07:00:00+08:00,1788217200000,103.15,103.15,102.81,103,75886.16,75886.16,7813398.5881,1
2026-09-01T07:15:00+08:00,1788218100000,103,103.19,102.98,103.15,42074.25,42074.25,4337630.737,1
2026-09-01T07:30:00+08:00,1788219000000,103.14,103.16,102.91,102.92,20813.63,20813.63,2144047.576,1
2026-09-01T07:45:00+08:00,1788219900000,102.92,103,102.88,103,17642.09,17642.09,1816323.4054,1
2026-09-01T08:00:00+08:00,1788220800000,103,103.22,102.88,103.18,51390.31,51390.31,5295877.2193,1
2026-09-01T08:15:00+08:00,1788221700000,103.17,103.5,103.15,103.36,73843.08,73843.08,7633256.0389,1
2026-09-01T08:30:00+08:00,1788222600000,103.36,103.44,103.15,103.24,85839.16,85839.16,8865272.4794,1
2026-09-01T08:45:00+08:00,1788223500000,103.24,103.44,102.97,103.14,54758.85,54758.85,5651401.3886,1
2026-09-01T09:00:00+08:00,1788224400000,103.13,103.47,102.92,102.97,69793.83,69793.83,7201191.5473,1
2026-09-01T09:15:00+08:00,1788225300000,102.96,103.16,102.62,102.9,85996.43,85996.43,8850497.2923,1
2026-09-01T09:30:00+08:00,1788226200000,102.9,103.4,102.77,103.33,52263.18,52263.18,5389398.9801,1
2026-09-01T09:45:00+08:00,1788227100000,103.34,103.45,103.09,103.2,51574.95,51574.95,5325849.9121,1
2026-09-01T10:00:00+08:00,1788228000000,103.19,103.19,102.74,103.02,77609,77609,7991573.7042,1
2026-09-01T10:15:00+08:00,1788228900000,103.03,103.24,102.88,103.03,63290.15,63290.15,6523883.2656,1
2026-09-01T10:30:00+08:00,1788229800000,103.04,103.24,103,103,29450.95,29450.95,3036238.9259,1
2026-09-01T10:45:00+08:00,1788230700000,103.01,103.38,102.99,103.33,67731.91,67731.91,6993069.7103,1
2026-09-01T11:00:00+08:00,1788231600000,103.32,103.39,103.21,103.34,34109.68,34109.68,3523300.1115,1
2026-09-01T11:15:00+08:00,1788232500000,103.34,103.51,103.24,103.46,71840.56,71840.56,7427857.84,1
2026-09-01T11:30:00+08:00,1788233400000,103.45,104.18,103.42,103.85,216618.12,216618.12,22506531.3136,1
2026-09-01T11:45:00+08:00,1788234300000,103.86,103.86,103.55,103.59,52258.63,52258.63,5417617.144,1
2026-09-01T12:00:00+08:00,1788235200000,103.59,103.76,103.5,103.68,42656.64,42656.64,4420601.8341,1
2026-09-01T12:15:00+08:00,1788236100000,103.67,104.03,103.67,103.79,91499.99,91499.99,9504719.9772,1
2026-09-01T12:30:00+08:00,1788237000000,103.79,103.89,103.68,103.76,36990.74,36990.74,3838655.2929,1
2026-09-01T12:45:00+08:00,1788237900000,103.76,103.77,103.42,103.57,81162.71,81162.71,8408713.2429,1
2026-09-01T13:00:00+08:00,1788238800000,103.57,104.05,103.52,103.77,74272.28,74272.28,7715317.7365,1
2026-09-01T13:15:00+08:00,1788239700000,103.78,103.97,103.7,103.93,61187.31,61187.31,6353109.5111,1
2026-09-01T13:30:00+08:00,1788240600000,103.92,104.22,103.84,104.22,155706.61,155706.61,16204863.4629,1
2026-09-01T13:45:00+08:00,1788241500000,104.22,104.37,104.12,104.26,95098.36,95098.36,9912000.7412,1
2026-09-01T14:00:00+08:00,1788242400000,104.26,104.26,103.93,104.11,77573.82,77573.82,8073410.2723,1
2026-09-01T14:15:00+08:00,1788243300000,104.1,104.11,103.67,103.87,97808.68,97808.68,10157343.406,1
2026-09-01T14:30:00+08:00,1788244200000,103.87,104.01,103.74,103.76,44957.34,44957.34,4670223.3529,1
2026-09-01T14:45:00+08:00,1788245100000,103.76,103.79,103.32,103.33,88369.68,88369.68,9150432.3641,1
2026-09-01T15:00:00+08:00,1788246000000,103.33,103.55,103.21,103.3,143624.36,143624.36,14848279.5691,1
2026-09-01T15:15:00+08:00,1788246900000,103.29,103.51,103.14,103.27,97825.26,97825.26,10110224.6346,1
2026-09-01T15:30:00+08:00,1788247800000,103.28,103.29,102.73,103,156920.09,156920.09,16157904.4785,1
2026-09-01T15:45:00+08:00,1788248700000,103,103.19,102.92,103.09,74351.73,74351.73,7662076.2503,1
2026-09-01T16:00:00+08:00,1788249600000,103.1,103.16,102.49,102.58,173329.84,173329.84,17801405.731,1
2026-09-01T16:15:00+08:00,1788250500000,102.58,102.72,102.02,102.05,206557.11,206557.11,21146173.7787,1
2026-09-01T16:30:00+08:00,1788251400000,102.06,102.46,101.67,102.1,312771.21,312771.21,31920740.0361,1
2026-09-01T16:45:00+08:00,1788252300000,102.1,102.29,101.88,102.01,100807.31,100807.31,10290177.7462,1
2026-09-01T17:00:00+08:00,1788253200000,102.01,102.12,101.81,101.89,119526.19,119526.19,12189237.5168,1
2026-09-01T17:15:00+08:00,1788254100000,101.88,102.22,101.79,102.04,102161.54,102161.54,10421930.5053,1
2026-09-01T17:30:00+08:00,1788255000000,102.04,102.18,102.01,102.15,54388.52,54388.52,5552652.2347,1
2026-09-01T17:45:00+08:00,1788255900000,102.15,102.15,101.89,101.9,50067.98,50067.98,5107600.6242,1
2026-09-01T18:00:00+08:00,1788256800000,101.9,102.2,101.88,102.06,81428.06,81428.06,8308487.4675,1
2026-09-01T18:15:00+08:00,1788257700000,102.05,102.45,101.88,102.28,142809.38,142809.38,14584396.95,1
2026-09-01T18:30:00+08:00,1788258600000,102.28,102.67,102.27,102.51,167539.6,167539.6,17163448.177,1
2026-09-01T18:45:00+08:00,1788259500000,102.5,102.64,102.18,102.31,53124.39,53124.39,5439832.0813,1
2026-09-01T19:00:00+08:00,1788260400000,102.3,102.36,102.14,102.2,52911.14,52911.14,5409317.8881,1
2026-09-01T19:15:00+08:00,1788261300000,102.21,102.31,102.01,102.15,45161.12,45161.12,4612432.544,1
2026-09-01T19:30:00+08:00,1788262200000,102.14,102.56,102.04,102.4,71521.16,71521.16,7320428.4592,1
2026-09-01T19:45:00+08:00,1788263100000,102.39,102.47,102.04,102.22,90963.89,90963.89,9300513.2049,1
2026-09-01T20:00:00+08:00,1788264000000,102.22,102.43,102.02,102.17,60456.01,60456.01,6180037.9441,1
2026-09-01T20:15:00+08:00,1788264900000,102.18,102.35,102.08,102.24,38176.44,38176.44,3903362.8837,1
2026-09-01T20:30:00+08:00,1788265800000,102.24,102.24,101.33,101.93,254151.62,254151.62,25835721.3736,1
2026-09-01T20:45:00+08:00,1788266700000,101.93,102.2,101.83,101.86,95830.46,95830.46,9771511.3223,1
2026-09-01T21:00:00+08:00,1788267600000,101.85,101.94,101.22,101.79,221227.44,221227.44,22475214.4025,1
2026-09-01T21:15:00+08:00,1788268500000,101.78,101.92,101.64,101.79,69875.54,69875.54,7112714.4388,1
2026-09-01T21:30:00+08:00,1788269400000,101.79,102.12,101.27,101.79,145362.48,145362.48,14785819.8993,1
2026-09-01T21:45:00+08:00,1788270300000,101.79,102.44,101.7,101.88,214527.62,214527.62,21895315.2813,1
2026-09-01T22:00:00+08:00,1788271200000,101.89,102.52,101.78,102.17,196831.52,196831.52,20122366.3149,1
2026-09-01T22:15:00+08:00,1788272100000,102.17,102.5,102.04,102.11,109520.95,109520.95,11198626.51,1
2026-09-01T22:30:00+08:00,1788273000000,102.1,102.36,102.06,102.35,67664.63,67664.63,6917117.3223,1
2026-09-01T22:45:00+08:00,1788273900000,102.35,102.44,101.82,101.96,95944.85,95944.85,9798596.6259,1
2026-09-01T23:00:00+08:00,1788274800000,101.95,101.96,100.89,101.37,337336.63,337336.63,34168149.6757,1
2026-09-01T23:15:00+08:00,1788275700000,101.36,101.79,101.22,101.77,103500.31,103500.31,10505026.5141,1
2026-09-01T23:30:00+08:00,1788276600000,101.77,102.2,101.65,102.16,104043.16,104043.16,10605805.3216,1
2026-09-01T23:45:00+08:00,1788277500000,102.15,102.29,101.94,101.98,71362.87,71362.87,7288302.3374,1
2026-09-02T00:00:00+08:00,1788278400000,101.97,102,101.36,101.4,126573.31,126573.31,12874989.7332,1
2026-09-02T00:15:00+08:00,1788279300000,101.39,101.56,101.06,101.3,192974.7,192974.7,19533408.5449,1
2026-09-02T00:30:00+08:00,1788280200000,101.3,101.3,100.52,100.77,264495.14,264495.14,26689454.6591,1
2026-09-02T00:45:00+08:00,1788281100000,100.76,101.1,100.76,100.86,123267.67,123267.67,12446272.1476,1
2026-09-02T01:00:00+08:00,1788282000000,100.85,101.04,100.72,100.72,70887.87,70887.87,7150869.7814,1
2026-09-02T01:15:00+08:00,1788282900000,100.72,101.11,100.45,100.95,165606.31,165606.31,16688024.7883,1
2026-09-02T01:30:00+08:00,1788283800000,100.96,101.17,100.83,100.89,84159.25,84159.25,8503330.1497,1
2026-09-02T01:45:00+08:00,1788284700000,100.89,101,100.32,100.52,198570.69,198570.69,19983350.1986,1
2026-09-02T02:00:00+08:00,1788285600000,100.53,100.65,99.71,100,394886.58,394886.58,39568772.7358,1
2026-09-02T02:15:00+08:00,1788286500000,99.99,100.07,98.99,99.43,503257.82,503257.82,50050028.1623,1
2026-09-02T02:30:00+08:00,1788287400000,99.43,99.52,98.35,98.54,472286.82,472286.82,46671397.1634,1
2026-09-02T02:45:00+08:00,1788288300000,98.54,99.57,98.28,99.55,382635.31,382635.31,37903881.7262,1
2026-09-02T03:00:00+08:00,1788289200000,99.55,99.95,99.47,99.75,161376.71,161376.71,16091567.1917,1
2026-09-02T03:15:00+08:00,1788290100000,99.76,100.29,99.65,100.09,213848.99,213848.99,21391111.1373,1
2026-09-02T03:30:00+08:00,1788291000000,100.09,100.15,99.76,99.87,54195.84,54195.84,5415259.3123,1
2026-09-02T03:45:00+08:00,1788291900000,99.88,100.05,99.75,100.02,65749.8,65749.8,6568212.3531,1
2026-09-02T04:00:00+08:00,1788292800000,100.02,100.1,99.69,100.09,65536.94,65536.94,6548104.4329,1
2026-09-02T04:15:00+08:00,1788293700000,100.09,100.35,99.83,100.02,127306.83,127306.83,12743767.8295,1
2026-09-02T04:30:00+08:00,1788294600000,100.02,100.14,99.76,99.8,49938.33,49938.33,4992680.7615,1
2026-09-02T04:45:00+08:00,1788295500000,99.79,100.13,99.61,100.05,105480.72,105480.72,10532133.0294,1
2026-09-02T05:00:00+08:00,1788296400000,100.06,100.17,99.13,99.19,172218.07,172218.07,17162476.5806,1
2026-09-02T05:15:00+08:00,1788297300000,99.2,99.61,98.86,99.43,129246.56,129246.56,12819124.2603,1
2026-09-02T05:30:00+08:00,1788298200000,99.43,99.5,99.1,99.32,56665.15,56665.15,5625657.1209,1
2026-09-02T05:45:00+08:00,1788299100000,99.32,99.7,99.31,99.54,36254.92,36254.92,3608250.8615,1
2026-09-02T06:00:00+08:00,1788300000000,99.55,99.89,99.49,99.74,52118.52,52118.52,5196303.4643,1
2026-09-02T06:15:00+08:00,1788300900000,99.73,99.74,99.34,99.35,51555.59,51555.59,5131378.5041,1
2026-09-02T06:30:00+08:00,1788301800000,99.36,99.58,99.29,99.5,89738.99,89738.99,8923875.7317,1
2026-09-02T06:45:00+08:00,1788302700000,99.5,99.87,99.48,99.63,55952.14,55952.14,5579295.5215,1
2026-09-02T07:00:00+08:00,1788303600000,99.62,99.83,99.55,99.67,56409.98,56409.98,5624363.3483,1
2026-09-02T07:15:00+08:00,1788304500000,99.67,99.91,99.66,99.89,56970.74,56970.74,5686780.7081,1
2026-09-02T07:30:00+08:00,1788305400000,99.89,100.17,99.81,100.09,86827.4,86827.4,8680992.0177,1
2026-09-02T07:45:00+08:00,1788306300000,100.09,100.19,99.91,99.91,66113.27,66113.27,6614430.5003,1
2026-09-02T08:00:00+08:00,1788307200000,99.92,100.06,99.88,100.02,49597.93,49597.93,4958163.8143,1
2026-09-02T08:15:00+08:00,1788308100000,100.02,100.19,99.67,99.7,71423.32,71423.32,7134220.4858,1
2026-09-02T08:30:00+08:00,1788309000000,99.7,99.89,99.55,99.67,62553.05,62553.05,6235524.0046,1
2026-09-02T08:45:00+08:00,1788309900000,99.67,99.76,99.6,99.6,31946.47,31946.47,3184747.518,1
2026-09-02T09:00:00+08:00,1788310800000,99.59,99.83,99.5,99.76,77654.53,77654.53,7737586.8357,1
2026-09-02T09:15:00+08:00,1788311700000,99.75,99.88,99.47,99.47,74020.33,74020.33,7381682.5267,1
2026-09-02T09:30:00+08:00,1788312600000,99.48,99.69,98.88,98.94,175350.58,175350.58,17398482.1015,1
2026-09-02T09:45:00+08:00,1788313500000,98.93,99.14,98.42,99.03,228722.12,228722.12,22598621.3266,1
2026-09-02T10:00:00+08:00,1788314400000,99.03,99.32,98.7,99.01,181823.6,181823.6,18006320.7549,1
2026-09-02T10:15:00+08:00,1788315300000,99.01,99.58,98.99,99.55,95466.19,95466.19,9479209.0596,1
2026-09-02T10:30:00+08:00,1788316200000,99.55,99.8,99.31,99.8,201694.79,201694.79,20093391.1283,1
2026-09-02T10:45:00+08:00,1788317100000,99.79,99.88,99.69,99.88,43704.31,43704.31,4361495.6588,1
2026-09-02T11:00:00+08:00,1788318000000,99.88,100.49,99.78,100.49,158391.98,158391.98,15868733.7922,1
2026-09-02T11:15:00+08:00,1788318900000,100.49,100.65,100.27,100.52,178244.79,178244.79,17906035.2422,1
2026-09-02T11:30:00+08:00,1788319800000,100.53,100.54,100.13,100.21,110035.36,110035.36,11035629.222,1
2026-09-02T11:45:00+08:00,1788320700000,100.21,100.34,100.05,100.23,82871.88,82871.88,8301579.0332,1
2026-09-02T12:00:00+08:00,1788321600000,100.24,100.24,99.68,99.87,127275.51,127275.51,12715714.1252,1
2026-09-02T12:15:00+08:00,1788322500000,99.86,100.03,99.68,99.9,56125.42,56125.42,5607166.4679,1
2026-09-02T12:30:00+08:00,1788323400000,99.91,100.07,99.88,100.04,37455.82,37455.82,3745637.8682,1
2026-09-02T12:45:00+08:00,1788324300000,100.04,100.1,99.94,100.04,42431.42,42431.42,4244120.3652,1
2026-09-02T13:00:00+08:00,1788325200000,100.04,100.08,99.7,100.03,71363.57,71363.57,7126911.7462,1
2026-09-02T13:15:00+08:00,1788326100000,100.02,100.37,100.01,100.26,80510.52,80510.52,8068260.3381,1
2026-09-02T13:30:00+08:00,1788327000000,100.25,100.28,100.08,100.17,22970.94,22970.94,2301183.9223,1
2026-09-02T13:45:00+08:00,1788327900000,100.17,100.34,100.12,100.21,57804.5,57804.5,5794486.2997,1
2026-09-02T14:00:00+08:00,1788328800000,100.22,100.33,99.88,99.89,86532.59,86532.59,8659736.1622,1
2026-09-02T14:15:00+08:00,1788329700000,99.9,100.06,99.78,99.8,65555.71,65555.71,6549352.2446,1
2026-09-02T14:30:00+08:00,1788330600000,99.8,100.21,99.59,100.05,102997.61,102997.61,10283558.3394,1
2026-09-02T14:45:00+08:00,1788331500000,100.04,100.08,99.83,100.01,31991.09,31991.09,3198194.212,1
2026-09-02T15:00:00+08:00,1788332400000,100.02,100.38,100,100.21,57121.73,57121.73,5724175.3738,1
2026-09-02T15:15:00+08:00,1788333300000,100.21,100.22,99.92,99.98,26508.93,26508.93,2651704.6026,1
2026-09-02T15:30:00+08:00,1788334200000,99.99,100.06,99.93,99.95,23636.54,23636.54,2363258.6653,1
2026-09-02T15:45:00+08:00,1788335100000,99.94,100.05,99.74,99.78,54498.89,54498.89,5443537.0232,1
2026-09-02T16:00:00+08:00,1788336000000,99.77,99.96,99.61,99.82,66291.41,66291.41,6616645.7425,1
2026-09-02T16:15:00+08:00,1788336900000,99.83,99.97,99.66,99.67,33238.43,33238.43,3316609.7054,1
2026-09-02T16:30:00+08:00,1788337800000,99.66,99.66,98.72,98.86,275973.09,275973.09,27363320.9548,1
2026-09-02T16:45:00+08:00,1788338700000,98.85,99.21,98.71,98.95,166836.13,166836.13,16510694.6841,1
2026-09-02T17:00:00+08:00,1788339600000,98.95,99.27,98.95,99.07,106647.08,106647.08,10574585.8308,1
2026-09-02T17:15:00+08:00,1788340500000,99.06,99.19,98.56,99.19,149970.08,149970.08,14829595.5559,1
2026-09-02T17:30:00+08:00,1788341400000,99.19,99.19,98.3,98.35,191138.15,191138.15,18852657.6838,1
2026-09-02T17:45:00+08:00,1788342300000,98.36,98.79,98.09,98.58,190657.45,190657.45,18767413.3611,1
2026-09-02T18:00:00+08:00,1788343200000,98.57,98.62,98.2,98.49,102521.52,102521.52,10085902.1512,1
2026-09-02T18:15:00+08:00,1788344100000,98.49,98.55,98.25,98.26,48309.61,48309.61,4753120.5773,1
2026-09-02T18:30:00+08:00,1788345000000,98.25,98.31,97.76,98.01,225325.04,225325.04,22089534.8863,1
2026-09-02T18:45:00+08:00,1788345900000,98.01,98.22,97.37,98.18,298382.57,298382.57,29160251.9133,1
2026-09-02T19:00:00+08:00,1788346800000,98.18,98.22,97.68,98.06,143925.41,143925.41,14093856.1224,1
2026-09-02T19:15:00+08:00,1788347700000,98.07,98.12,97.31,97.69,154354.35,154354.35,15068420.7219,1
2026-09-02T19:30:00+08:00,1788348600000,97.69,98.17,97.57,97.94,113757.55,113757.55,11138419.4401,1
2026-09-02T19:45:00+08:00,1788349500000,97.95,98.09,97.72,98.05,64940.97,64940.97,6358780.0613,1
2026-09-02T20:00:00+08:00,1788350400000,98.05,98.15,97.84,98.13,87523.82,87523.82,8575858.4198,1
2026-09-02T20:15:00+08:00,1788351300000,98.12,98.43,97.9,98.29,167557.32,167557.32,16457047.7216,1
2026-09-02T20:30:00+08:00,1788352200000,98.28,98.28,97.77,97.88,75095.64,75095.64,7358255.8608,1
2026-09-02T20:45:00+08:00,1788353100000,97.87,97.89,97.53,97.63,134509.53,134509.53,13138062.0851,1
2026-09-02T21:00:00+08:00,1788354000000,97.64,98.19,97.63,97.89,62978.58,62978.58,6169493.9607,1
2026-09-02T21:15:00+08:00,1788354900000,97.89,98.37,97.84,98.22,58026.21,58026.21,5694200.9179,1
2026-09-02T21:30:00+08:00,1788355800000,98.23,99.61,97.94,99.6,314900.38,314900.38,31108759.4123,1
2026-09-02T21:45:00+08:00,1788356700000,99.6,99.61,98.85,99.15,310009.25,310009.25,30735482.5827,1
2026-09-02T22:00:00+08:00,1788357600000,99.15,99.48,98.97,99.44,167444.65,167444.65,16626416.1383,1
2026-09-02T22:15:00+08:00,1788358500000,99.44,99.75,99.2,99.37,182341.72,182341.72,18142357.1058,1
2026-09-02T22:30:00+08:00,1788359400000,99.37,99.44,98.82,99.4,164586.41,164586.41,16300428.2396,1
2026-09-02T22:45:00+08:00,1788360300000,99.4,99.43,98.84,98.87,110740.45,110740.45,10973644.8949,1
2026-09-02T23:00:00+08:00,1788361200000,98.87,99.14,98.37,98.6,223937.75,223937.75,22108612.0601,1
2026-09-02T23:15:00+08:00,1788362100000,98.6,99.19,98.56,98.92,148846.22,148846.22,14721305.1963,1
2026-09-02T23:30:00+08:00,1788363000000,98.92,99.46,98.82,99.38,100800.85,100800.85,10002104.52,1
2026-09-02T23:45:00+08:00,1788363900000,99.38,99.38,98.97,99.26,58017.47,58017.47,5753432.8118,1
2026-09-03T00:00:00+08:00,1788364800000,99.25,99.62,99.05,99.46,120184.09,120184.09,11940623.8279,1
2026-09-03T00:15:00+08:00,1788365700000,99.45,99.76,99.3,99.49,112307.28,112307.28,11185941.9294,1
2026-09-03T00:30:00+08:00,1788366600000,99.5,99.6,98.86,98.88,194458.99,194458.99,19308344.2951,1
2026-09-03T00:45:00+08:00,1788367500000,98.87,99.05,98.7,98.73,55420.94,55420.94,5480715.4754,1
2026-09-03T01:00:00+08:00,1788368400000,98.74,98.88,98.26,98.38,180395.89,180395.89,17768557.8948,1
2026-09-03T01:15:00+08:00,1788369300000,98.38,98.51,98.14,98.51,139477.9,139477.9,13708533.6539,1
2026-09-03T01:30:00+08:00,1788370200000,98.5,99.03,98.5,98.99,116908.88,116908.88,11545685.2855,1
2026-09-03T01:45:00+08:00,1788371100000,99,99.27,99,99.25,81277.33,81277.33,8058587.6621,1
2026-09-03T02:00:00+08:00,1788372000000,99.26,99.52,99.11,99.46,130041.27,130041.27,12914959.4086,1
2026-09-03T02:15:00+08:00,1788372900000,99.45,99.64,99.29,99.39,135439.93,135439.93,13467896.2905,1
2026-09-03T02:30:00+08:00,1788373800000,99.39,99.46,99.1,99.23,61761.75,61761.75,6130842.7161,1
2026-09-03T02:45:00+08:00,1788374700000,99.23,99.49,99.2,99.46,35133.48,35133.48,3491467.2396,1
2026-09-03T03:00:00+08:00,1788375600000,99.45,99.57,99.34,99.52,45906.44,45906.44,4566457.3953,1
2026-09-03T03:15:00+08:00,1788376500000,99.51,99.59,99.08,99.09,50104.1,50104.1,4977513.3972,1
2026-09-03T03:30:00+08:00,1788377400000,99.09,99.3,99.01,99.24,55464.41,55464.41,5498425.0941,1
2026-09-03T03:45:00+08:00,1788378300000,99.23,99.39,99.1,99.38,33292.6,33292.6,3304660.5812,1
2026-09-03T04:00:00+08:00,1788379200000,99.38,99.99,99.29,99.6,144053.79,144053.79,14367586.424,1
2026-09-03T04:15:00+08:00,1788380100000,99.6,99.96,99.27,99.59,90484.42,90484.42,9013762.0791,1
2026-09-03T04:30:00+08:00,1788381000000,99.59,99.86,99.47,99.52,86298.8,86298.8,8603019.5498,1
2026-09-03T04:45:00+08:00,1788381900000,99.51,99.8,99.41,99.65,71783.3,71783.3,7151382.0335,1
2026-09-03T05:00:00+08:00,1788382800000,99.65,99.67,99.49,99.55,19924.8,19924.8,1983924.0595,1
2026-09-03T05:15:00+08:00,1788383700000,99.56,99.69,99.5,99.5,29576.79,29576.79,2945623.5018,1
2026-09-03T05:30:00+08:00,1788384600000,99.5,99.78,99.37,99.74,47494.57,47494.57,4728364.5209,1
2026-09-03T05:45:00+08:00,1788385500000,99.74,99.82,99.48,99.6,65141.55,65141.55,6495534.6699,1
2026-09-03T06:00:00+08:00,1788386400000,99.6,99.63,99.18,99.31,80984.78,80984.78,8045250.4571,1
2026-09-03T06:15:00+08:00,1788387300000,99.32,99.46,99.15,99.18,26454.17,26454.17,2625822.973,1
2026-09-03T06:30:00+08:00,1788388200000,99.17,99.71,99.17,99.67,44323.5,44323.5,4409191.6513,1
2026-09-03T06:45:00+08:00,1788389100000,99.67,99.68,99.48,99.48,52820.7,52820.7,5260419.0182,1
2026-09-03T07:00:00+08:00,1788390000000,99.49,99.9,99.37,99.89,64348.37,64348.37,6411776.7862,1
2026-09-03T07:15:00+08:00,1788390900000,99.88,99.95,99.66,99.91,47592.34,47592.34,4749473.3452,1
2026-09-03T07:30:00+08:00,1788391800000,99.9,100.11,99.74,99.86,68624.23,68624.23,6856215.9115,1
2026-09-03T07:45:00+08:00,1788392700000,99.86,100.48,99.86,100.37,111183.42,111183.42,11146989.1419,1
2026-09-03T08:00:00+08:00,1788393600000,100.38,100.4,99.98,100.01,103314.91,103314.91,10350844.9058,1
2026-09-03T08:15:00+08:00,1788394500000,100,100.02,99.62,99.67,73635.87,73635.87,7351337.1157,1
2026-09-03T08:30:00+08:00,1788395400000,99.66,99.81,99.44,99.69,100068.48,100068.48,9969920.2668,1
2026-09-03T08:45:00+08:00,1788396300000,99.69,99.69,99.44,99.46,75512.27,75512.27,7517934.3652,1
2026-09-03T09:00:00+08:00,1788397200000,99.45,100.36,99.09,100.33,151845.27,151845.27,15146848.5886,1
2026-09-03T09:15:00+08:00,1788398100000,100.32,100.35,100.03,100.3,95509.48,95509.48,9571118.4716,1
2026-09-03T09:30:00+08:00,1788399000000,100.3,100.57,100.06,100.12,133174.34,133174.34,13357326.6013,1
2026-09-03T09:45:00+08:00,1788399900000,100.11,100.39,99.88,100.11,95909.16,95909.16,9601019.8044,1
2026-09-03T10:00:00+08:00,1788400800000,100.1,100.37,99.89,100.36,49314.89,49314.89,4936231.6927,1
2026-09-03T10:15:00+08:00,1788401700000,100.35,100.44,100.2,100.4,38146.14,38146.14,3826705.0677,1
2026-09-03T10:30:00+08:00,1788402600000,100.4,101.13,100.32,100.7,344172.06,344172.06,34689766.1087,1
2026-09-03T10:45:00+08:00,1788403500000,100.69,101.33,100.61,101.07,207616.2,207616.2,20970578.1262,1
2026-09-03T11:00:00+08:00,1788404400000,101.08,101.14,100.75,101.01,92148.69,92148.69,9296853.3582,1
2026-09-03T11:15:00+08:00,1788405300000,101.01,101.12,100.55,100.57,110463.74,110463.74,11140831.6209,1
2026-09-03T11:30:00+08:00,1788406200000,100.56,100.73,100.14,100.31,172131.34,172131.34,17287209.3833,1
2026-09-03T11:45:00+08:00,1788407100000,100.31,100.57,100.25,100.47,39841.1,39841.1,4000806.5476,1
2026-09-03T12:00:00+08:00,1788408000000,100.47,100.66,100.34,100.35,79652,79652,8006729.4997,1
2026-09-03T12:15:00+08:00,1788408900000,100.36,100.4,100.06,100.16,142428.58,142428.58,14271645.5006,1
2026-09-03T12:30:00+08:00,1788409800000,100.15,100.27,100.01,100.05,36542.01,36542.01,3658610.4134,1
2026-09-03T12:45:00+08:00,1788410700000,100.05,100.96,100.05,100.93,130658.33,130658.33,13141588.1116,1
2026-09-03T13:00:00+08:00,1788411600000,100.94,100.98,100.4,100.5,82706.8,82706.8,8329438.5575,1
2026-09-03T13:15:00+08:00,1788412500000,100.5,100.54,99.65,99.86,232487.34,232487.34,23247457.804,1
2026-09-03T13:30:00+08:00,1788413400000,99.86,100.52,99.82,100.37,125732.88,125732.88,12610392.4184,1
2026-09-03T13:45:00+08:00,1788414300000,100.36,100.91,100.17,100.81,157337.05,157337.05,15828721.6608,1
2026-09-03T14:00:00+08:00,1788415200000,100.81,100.87,100.53,100.58,102186.17,102186.17,10286899.5848,1
2026-09-03T14:15:00+08:00,1788416100000,100.57,100.9,100.53,100.85,78000.67,78000.67,7856453.4,1
2026-09-03T14:30:00+08:00,1788417000000,100.85,100.93,100.74,100.91,35815.22,35815.22,3612088.7723,1
2026-09-03T14:45:00+08:00,1788417900000,100.91,100.93,100.76,100.84,42095.96,42095.96,4245127.9934,1
2026-09-03T15:00:00+08:00,1788418800000,100.83,101.33,100.77,101.13,181755.92,181755.92,18384105.3514,1
2026-09-03T15:15:00+08:00,1788419700000,101.13,101.14,100.65,100.82,122961.61,122961.61,12404890.0944,1
2026-09-03T15:30:00+08:00,1788420600000,100.81,101.06,100.61,100.72,92381.09,92381.09,9312680.3308,1
2026-09-03T15:45:00+08:00,1788421500000,100.72,100.8,100.2,100.35,149926.93,149926.93,15049469.8842,1
2026-09-03T16:00:00+08:00,1788422400000,100.35,101.09,100.34,100.82,128172.65,128172.65,12919913.977,1
2026-09-03T16:15:00+08:00,1788423300000,100.82,100.86,100.51,100.82,43561.47,43561.47,4385271.3386,1
2026-09-03T16:30:00+08:00,1788424200000,100.82,100.87,100.62,100.63,31023.64,31023.64,3125795.1172,1
2026-09-03T16:45:00+08:00,1788425100000,100.64,100.75,100.45,100.58,45447.5,45447.5,4571611.1144,1
2026-09-03T17:00:00+08:00,1788426000000,100.57,100.75,100.36,100.58,84458.64,84458.64,8489666.9146,1
2026-09-03T17:15:00+08:00,1788426900000,100.58,100.7,100.27,100.28,58927.69,58927.69,5918271.1351,1
2026-09-03T17:30:00+08:00,1788427800000,100.28,100.36,100.13,100.3,67532.37,67532.37,6771549.853,1
2026-09-03T17:45:00+08:00,1788428700000,100.3,100.41,100.08,100.12,49027.87,49027.87,4913426.4529,1
2026-09-03T18:00:00+08:00,1788429600000,100.12,100.26,99.96,99.98,91982.5,91982.5,9206261.1546,1
2026-09-03T18:15:00+08:00,1788430500000,99.99,100.34,99.95,100.09,80970.18,80970.18,8108594.4153,1
2026-09-03T18:30:00+08:00,1788431400000,100.09,100.2,99.87,99.9,71617.94,71617.94,7162063.1189,1
2026-09-03T18:45:00+08:00,1788432300000,99.89,100.44,99.87,100.4,75157.58,75157.58,7530956.6363,1
2026-09-03T19:00:00+08:00,1788433200000,100.39,100.53,100.27,100.33,70823.83,70823.83,7110881.8979,1
2026-09-03T19:15:00+08:00,1788434100000,100.33,100.85,100.32,100.76,118707.72,118707.72,11946318.4831,1
2026-09-03T19:30:00+08:00,1788435000000,100.76,100.92,100.57,100.82,94222.16,94222.16,9494252.6679,1
2026-09-03T19:45:00+08:00,1788435900000,100.83,100.96,100.72,100.74,102109.17,102109.17,10294518.2005,1
2026-09-03T20:00:00+08:00,1788436800000,100.73,101,100.6,100.89,107420.42,107420.42,10831731.9074,1
2026-09-03T20:15:00+08:00,1788437700000,100.9,100.98,100.57,100.69,49177.52,49177.52,4954165.6967,1
2026-09-03T20:30:00+08:00,1788438600000,100.69,101.46,100.69,100.93,314299.29,314299.29,31786641.6501,1
2026-09-03T20:45:00+08:00,1788439500000,100.94,101.82,100.91,101.61,313796.04,313796.04,31833333.7509,1
2026-09-03T21:00:00+08:00,1788440400000,101.61,101.67,101.3,101.52,223819.86,223819.86,22710140.9018,1
2026-09-03T21:15:00+08:00,1788441300000,101.51,101.59,101.3,101.36,70960.21,70960.21,7198463.7793,1
2026-09-03T21:30:00+08:00,1788442200000,101.35,101.97,101.01,101.92,269351.38,269351.38,27360582.6686,1
2026-09-03T21:45:00+08:00,1788443100000,101.91,101.97,101.3,101.42,138764.51,138764.51,14091645.8497,1
2026-09-03T22:00:00+08:00,1788444000000,101.41,101.67,101.16,101.67,160149.04,160149.04,16234862.3215,1
2026-09-03T22:15:00+08:00,1788444900000,101.67,102.74,101.67,102.6,347874.23,347874.23,35562566.0733,1
2026-09-03T22:30:00+08:00,1788445800000,102.6,103.18,102.32,102.71,488631.59,488631.59,50195575.4973,1
2026-09-03T22:45:00+08:00,1788446700000,102.71,104.8,102.71,104.75,704861.67,704861.67,73183807.0734,1
2026-09-03T23:00:00+08:00,1788447600000,104.75,105.62,104.12,104.48,860230.59,860230.59,90305696.1308,1
2026-09-03T23:15:00+08:00,1788448500000,104.49,104.67,103.91,104.26,276782.72,276782.72,28857028.6934,1
2026-09-03T23:30:00+08:00,1788449400000,104.26,104.66,104.16,104.19,187891.22,187891.22,19625668.0241,1
2026-09-03T23:45:00+08:00,1788450300000,104.19,105.19,103.72,105.11,358704,358704,37517019.4302,1
2026-09-04T00:00:00+08:00,1788451200000,105.11,105.14,104.08,104.24,269189.15,269189.15,28121731.1302,1
2026-09-04T00:15:00+08:00,1788452100000,104.23,104.26,103.8,103.96,173803.08,173803.08,18080412.6252,1
2026-09-04T00:30:00+08:00,1788453000000,103.97,104.34,103.97,104.25,109881.27,109881.27,11448830.1332,1
2026-09-04T00:45:00+08:00,1788453900000,104.25,104.74,104.23,104.51,94036.85,94036.85,9829606.7209,1
2026-09-04T01:00:00+08:00,1788454800000,104.52,104.83,104.35,104.76,81546.93,81546.93,8527539.5117,1
2026-09-04T01:15:00+08:00,1788455700000,104.75,104.93,104.53,104.78,78082.84,78082.84,8179069.0463,1
2026-09-04T01:30:00+08:00,1788456600000,104.79,105.14,104.77,104.96,81045.77,81045.77,8506595.5153,1
2026-09-04T01:45:00+08:00,1788457500000,104.97,105.16,104.88,105.04,66752.2,66752.2,7010318.6558,1
2026-09-04T02:00:00+08:00,1788458400000,105.04,105.18,104.79,104.93,74065.1,74065.1,7773838.0479,1
2026-09-04T02:15:00+08:00,1788459300000,104.92,104.97,104.56,104.73,65320.64,65320.64,6839836.9105,1
2026-09-04T02:30:00+08:00,1788460200000,104.73,104.86,104.63,104.78,41493.57,41493.57,4347263.753,1
2026-09-04T02:45:00+08:00,1788461100000,104.79,105.24,104.74,105.16,65432.48,65432.48,6875758.4691,1
2026-09-04T03:00:00+08:00,1788462000000,105.16,105.89,104.99,105.04,188225.41,188225.41,19836019.4484,1
2026-09-04T03:15:00+08:00,1788462900000,105.03,105.51,105,105.43,51383.35,51383.35,5411504.229,1
2026-09-04T03:30:00+08:00,1788463800000,105.42,105.45,105.14,105.34,57366.97,57366.97,6042338.5246,1
2026-09-04T03:45:00+08:00,1788464700000,105.33,105.43,105.02,105.25,86198.17,86198.17,9066599.567,1
2026-09-04T04:00:00+08:00,1788465600000,105.24,105.4,104.7,105.18,93131.77,93131.77,9791045.2589,1
2026-09-04T04:15:00+08:00,1788466500000,105.18,105.4,105.01,105.3,40054.09,40054.09,4214579.5823,1
2026-09-04T04:30:00+08:00,1788467400000,105.31,105.39,104.88,104.93,39264.25,39264.25,4126711.2194,1
2026-09-04T04:45:00+08:00,1788468300000,104.93,105.13,104.85,104.85,34266.65,34266.65,3596799.7648,1
2026-09-04T05:00:00+08:00,1788469200000,104.86,105.27,104.73,105.22,67059.78,67059.78,7036759.2059,1
2026-09-04T05:15:00+08:00,1788470100000,105.22,105.37,104.92,105.19,81994.01,81994.01,8621305.9777,1
2026-09-04T05:30:00+08:00,1788471000000,105.19,105.69,104.86,104.9,190638.1,190638.1,20067868.5426,1
2026-09-04T05:45:00+08:00,1788471900000,104.9,105.3,104.82,105.15,38220.07,38220.07,4015757.743,1
2026-09-04T06:00:00+08:00,1788472800000,105.15,105.26,104.59,104.81,98363.29,98363.29,10314874.6168,1
2026-09-04T06:15:00+08:00,1788473700000,104.82,105.08,104.19,104.23,120237.1,120237.1,12579887.4186,1
2026-09-04T06:30:00+08:00,1788474600000,104.23,104.36,103.51,104,271299.5,271299.5,28199161.126,1
2026-09-04T06:45:00+08:00,1788475500000,103.99,104.23,103.96,104.1,53090.68,53090.68,5526587.4653,1
2026-09-04T07:00:00+08:00,1788476400000,104.1,104.2,103.91,103.96,67538.22,67538.22,7027087.7775,1
2026-09-04T07:15:00+08:00,1788477300000,103.96,104.11,103.77,104.03,123069.95,123069.95,12789593.8201,1
2026-09-04T07:30:00+08:00,1788478200000,104.04,104.17,103.78,103.87,133241.9,133241.9,13858922.6615,1
2026-09-04T07:45:00+08:00,1788479100000,103.86,104.01,103.76,103.87,86444.88,86444.88,8981043.1228,1
2026-09-04T08:00:00+08:00,1788480000000,103.87,103.95,103.45,103.73,261433.45,261433.45,27101222.8463,1
2026-09-04T08:15:00+08:00,1788480900000,103.74,103.96,103.53,103.58,78449.44,78449.44,8139110.9519,1
2026-09-04T08:30:00+08:00,1788481800000,103.58,104.32,103.56,103.78,177220.99,177220.99,18427132.5588,1
2026-09-04T08:45:00+08:00,1788482700000,103.79,103.83,103.34,103.43,138678.56,138678.56,14361700.8608,1
2026-09-04T09:00:00+08:00,1788483600000,103.43,103.81,103.25,103.64,96143.2,96143.2,9953704.3208,1
2026-09-04T09:15:00+08:00,1788484500000,103.63,103.74,103.34,103.44,50084.51,50084.51,5185581.7092,1
2026-09-04T09:30:00+08:00,1788485400000,103.44,103.6,103.15,103.27,125571.9,125571.9,12980357.6232,1
2026-09-04T09:45:00+08:00,1788486300000,103.27,103.81,103.23,103.75,44003.65,44003.65,4557677.9986,1
2026-09-04T10:00:00+08:00,1788487200000,103.74,103.76,103.44,103.6,58638.82,58638.82,6076680.9262,1
2026-09-04T10:15:00+08:00,1788488100000,103.6,103.72,103.28,103.38,61151.78,61151.78,6326314.5826,1
2026-09-04T10:30:00+08:00,1788489000000,103.39,103.62,103.36,103.47,36904.1,36904.1,3819749.6507,1
2026-09-04T10:45:00+08:00,1788489900000,103.46,103.74,103.38,103.74,38222.3,38222.3,3957885.11,1
2026-09-04T11:00:00+08:00,1788490800000,103.74,104.08,103.72,103.77,81058.72,81058.72,8420883.718,1
2026-09-04T11:15:00+08:00,1788491700000,103.76,103.91,103.73,103.76,40387.01,40387.01,4192489.9513,1
2026-09-04T11:30:00+08:00,1788492600000,103.77,103.87,103.68,103.81,20101.39,20101.39,2086033.9801,1
2026-09-04T11:45:00+08:00,1788493500000,103.81,103.84,103.63,103.63,23653.01,23653.01,2453863.0937,1
2026-09-04T12:00:00+08:00,1788494400000,103.63,103.73,103.51,103.72,33119.28,33119.28,3431215.819,1
2026-09-04T12:15:00+08:00,1788495300000,103.73,104.25,103.71,104.23,112614.71,112614.71,11711318.5168,1
2026-09-04T12:30:00+08:00,1788496200000,104.23,104.3,103.81,103.82,72197.26,72197.26,7514226.3474,1
2026-09-04T12:45:00+08:00,1788497100000,103.82,103.95,103.75,103.83,28067,28067,2914425.2441,1
2026-09-04T13:00:00+08:00,1788498000000,103.83,103.87,103.63,103.7,53861.51,53861.51,5587898.0114,1
2026-09-04T13:15:00+08:00,1788498900000,103.71,103.99,103.62,103.66,94727.35,94727.35,9830125.025,1
2026-09-04T13:30:00+08:00,1788499800000,103.65,103.77,103.43,103.76,81978.09,81978.09,8491604.4693,1
2026-09-04T13:45:00+08:00,1788500700000,103.77,103.93,103.38,103.64,94501.23,94501.23,9790692.1168,1
2026-09-04T14:00:00+08:00,1788501600000,103.63,103.98,103.59,103.82,64732.71,64732.71,6717046.2369,1
2026-09-04T14:15:00+08:00,1788502500000,103.83,103.83,103.33,103.37,97036.9,97036.9,10045120.9873,1
2026-09-04T14:30:00+08:00,1788503400000,103.37,103.64,103.27,103.64,77349.6,77349.6,8000865.1438,1
2026-09-04T14:45:00+08:00,1788504300000,103.63,103.65,103.45,103.57,29801.33,29801.33,3086589.5748,1
2026-09-04T15:00:00+08:00,1788505200000,103.58,103.99,103.55,103.88,112838.59,112838.59,11719236.3435,1
2026-09-04T15:15:00+08:00,1788506100000,103.89,103.89,103.65,103.75,57143.71,57143.71,5929682.2646,1
2026-09-04T15:30:00+08:00,1788507000000,103.75,103.88,103.5,103.68,46753.38,46753.38,4846364.0891,1
2026-09-04T15:45:00+08:00,1788507900000,103.68,103.75,103.48,103.55,100933.99,100933.99,10456371.2788,1
2026-09-04T16:00:00+08:00,1788508800000,103.55,103.68,103.16,103.67,133986.45,133986.45,13858184.2559,1
2026-09-04T16:15:00+08:00,1788509700000,103.68,103.88,103.62,103.87,50238.03,50238.03,5213454.3233,1
2026-09-04T16:30:00+08:00,1788510600000,103.86,103.95,103.71,103.74,60292.78,60292.78,6260658.8176,1
2026-09-04T16:45:00+08:00,1788511500000,103.75,104.48,103.71,104.31,203047.07,203047.07,21146410.5438,1
2026-09-04T17:00:00+08:00,1788512400000,104.31,104.49,104.09,104.15,130450.89,130450.89,13603128.9358,1
2026-09-04T17:15:00+08:00,1788513300000,104.15,104.76,103.89,104.06,196658.82,196658.82,20523107.7279,1
2026-09-04T17:30:00+08:00,1788514200000,104.05,104.55,103.92,104.3,131407.72,131407.72,13705077.5727,1
2026-09-04T17:45:00+08:00,1788515100000,104.29,104.37,103.99,103.99,119153.24,119153.24,12406176.5238,1
2026-09-04T18:00:00+08:00,1788516000000,104,104.07,103.58,103.78,84454.67,84454.67,8768570.2404,1
2026-09-04T18:15:00+08:00,1788516900000,103.78,103.85,103.49,103.8,86953.11,86953.11,9009090.1562,1
2026-09-04T18:30:00+08:00,1788517800000,103.8,104.06,103.75,103.93,51484.22,51484.22,5350294.6458,1
2026-09-04T18:45:00+08:00,1788518700000,103.93,104.11,103.87,104.09,48107.87,48107.87,5002955.1208,1
2026-09-04T19:00:00+08:00,1788519600000,104.08,104.14,103.9,103.99,72680.4,72680.4,7560869.062,1
2026-09-04T19:15:00+08:00,1788520500000,104,104.3,103.95,104.19,94094.87,94094.87,9797445.4419,1
2026-09-04T19:30:00+08:00,1788521400000,104.18,104.44,104.07,104.31,68981.74,68981.74,7193665.2408,1
2026-09-04T19:45:00+08:00,1788522300000,104.31,104.34,104,104.02,32942.93,32942.93,3432274.078,1
2026-09-04T20:00:00+08:00,1788523200000,104.03,104.09,103.85,104.04,85528.55,85528.55,8891807.3306,1
2026-09-04T20:15:00+08:00,1788524100000,104.04,104.4,103.83,104.32,70976.94,70976.94,7385989.9885,1
2026-09-04T20:30:00+08:00,1788525000000,104.31,104.31,100.08,101.38,1880726.39,1880726.39,191524980.8906,1
2026-09-04T20:45:00+08:00,1788525900000,101.37,101.77,100.61,101.52,435053.6,435053.6,44031080.3687,1
2026-09-04T21:00:00+08:00,1788526800000,101.53,101.71,100.93,101.03,193262.94,193262.94,19598400.7021,1
2026-09-04T21:15:00+08:00,1788527700000,101.03,101.59,100.99,101.33,125285.18,125285.18,12699582.2595,1
2026-09-04T21:30:00+08:00,1788528600000,101.32,101.77,100.99,101.65,240129.34,240129.34,24368525.5097,1
2026-09-04T21:45:00+08:00,1788529500000,101.66,102.2,101.42,101.59,193756.95,193756.95,19731714.0696,1
2026-09-04T22:00:00+08:00,1788530400000,101.59,101.75,101.1,101.33,95874.88,95874.88,9722212.3372,1
2026-09-04T22:15:00+08:00,1788531300000,101.32,101.41,100.75,101.23,100156.99,100156.99,10125401.8922,1
2026-09-04T22:30:00+08:00,1788532200000,101.23,101.33,100.38,100.69,151809.26,151809.26,15309645.6554,1
2026-09-04T22:45:00+08:00,1788533100000,100.69,100.91,100.22,100.73,196942.47,196942.47,19805644.9598,1
2026-09-04T23:00:00+08:00,1788534000000,100.74,101.06,100.6,101.06,109960.07,109960.07,11090750.025,1
2026-09-04T23:15:00+08:00,1788534900000,101.05,101.48,101.02,101.43,138313.7,138313.7,14004683.1745,1
2026-09-04T23:30:00+08:00,1788535800000,101.44,101.6,101.28,101.57,96576.97,96576.97,9795310.4549,1
2026-09-04T23:45:00+08:00,1788536700000,101.57,101.6,101.33,101.37,100538.47,100538.47,10200359.9789,1
2026-09-05T00:00:00+08:00,1788537600000,101.37,101.55,101.28,101.48,30522.02,30522.02,3095486.5275,1
2026-09-05T00:15:00+08:00,1788538500000,101.47,101.72,101.47,101.65,81933.21,81933.21,8328557.4732,1
2026-09-05T00:30:00+08:00,1788539400000,101.66,102.06,101.65,101.9,118526.29,118526.29,12073163.9004,1
2026-09-05T00:45:00+08:00,1788540300000,101.9,102.04,101.71,101.76,71718.05,71718.05,7305390.9546,1
2026-09-05T01:00:00+08:00,1788541200000,101.77,101.79,101.54,101.57,80333.12,80333.12,8165060.1452,1
2026-09-05T01:15:00+08:00,1788542100000,101.56,101.66,101.46,101.52,41030.31,41030.31,4166176.4178,1
2026-09-05T01:30:00+08:00,1788543000000,101.52,101.59,101,101.31,205994.5,205994.5,20865516.2201,1
2026-09-05T01:45:00+08:00,1788543900000,101.31,101.31,101.02,101.19,58611.61,58611.61,5930360.0698,1
2026-09-05T02:00:00+08:00,1788544800000,101.19,101.52,101.16,101.24,55130.72,55130.72,5586990.2068,1
2026-09-05T02:15:00+08:00,1788545700000,101.24,101.41,101.24,101.37,23865.12,23865.12,2418593.8589,1
2026-09-05T02:30:00+08:00,1788546600000,101.37,101.62,101.37,101.57,25439.96,25439.96,2583046.1618,1
2026-09-05T02:45:00+08:00,1788547500000,101.56,101.63,101.48,101.57,13592.18,13592.18,1380222.3905,1
2026-09-05T03:00:00+08:00,1788548400000,101.58,101.74,101.55,101.65,43600.5,43600.5,4432231.5291,1
2026-09-05T03:15:00+08:00,1788549300000,101.65,101.88,101.6,101.82,53128.61,53128.61,5407154.6892,1
2026-09-05T03:30:00+08:00,1788550200000,101.82,101.82,101.55,101.64,39829.66,39829.66,4049116.3878,1
2026-09-05T03:45:00+08:00,1788551100000,101.64,101.83,101.57,101.61,54122.49,54122.49,5504412.3626,1
2026-09-05T04:00:00+08:00,1788552000000,101.62,101.79,101.55,101.58,33122.93,33122.93,3367002.935,1
2026-09-05T04:15:00+08:00,1788552900000,101.57,101.73,101.53,101.57,35859.1,35859.1,3644301.8131,1
2026-09-05T04:30:00+08:00,1788553800000,101.57,101.76,101.56,101.73,33928.63,33928.63,3449893.7823,1
2026-09-05T04:45:00+08:00,1788554700000,101.74,101.8,101.6,101.69,20139.24,20139.24,2048242.9247,1
2026-09-05T05:00:00+08:00,1788555600000,101.69,101.79,101.6,101.61,75075.1,75075.1,7635430.9242,1
2026-09-05T05:15:00+08:00,1788556500000,101.61,101.78,101.59,101.63,23923.79,23923.79,2432239.0148,1
2026-09-05T05:30:00+08:00,1788557400000,101.63,101.84,101.63,101.79,39393.6,39393.6,4007313.4206,1
2026-09-05T05:45:00+08:00,1788558300000,101.79,101.86,101.37,101.5,51869.42,51869.42,5267315.1007,1
2026-09-05T06:00:00+08:00,1788559200000,101.5,101.68,101.49,101.6,24188.85,24188.85,2457397.5821,1
2026-09-05T06:15:00+08:00,1788560100000,101.6,101.79,101.52,101.62,24384.92,24384.92,2478942.318,1
2026-09-05T06:30:00+08:00,1788561000000,101.61,101.72,101.55,101.61,13824.07,13824.07,1405190.3928,1
2026-09-05T06:45:00+08:00,1788561900000,101.61,101.68,101.58,101.67,10275.03,10275.03,1044277.341,1
2026-09-05T07:00:00+08:00,1788562800000,101.66,101.76,101.6,101.74,27899.68,27899.68,2837290.0511,1
2026-09-05T07:15:00+08:00,1788563700000,101.74,101.91,101.73,101.83,26519.06,26519.06,2700535.2003,1
2026-09-05T07:30:00+08:00,1788564600000,101.84,101.86,101.77,101.81,28588.48,28588.48,2910995.3744,1
2026-09-05T07:45:00+08:00,1788565500000,101.81,101.9,101.8,101.86,7203.34,7203.34,733714.9981,1
2026-09-05T08:00:00+08:00,1788566400000,101.86,101.86,101.72,101.75,22944.01,22944.01,2335089.0288,1
2026-09-05T08:15:00+08:00,1788567300000,101.74,101.82,101.66,101.81,9828.81,9828.81,999946.2756,1
2026-09-05T08:30:00+08:00,1788568200000,101.81,101.89,101.72,101.79,26222.73,26222.73,2669642.8834,1
2026-09-05T08:45:00+08:00,1788569100000,101.79,101.95,101.7,101.77,52901.54,52901.54,5386520.3456,1
2026-09-05T09:00:00+08:00,1788570000000,101.77,101.96,101.67,101.8,51735.57,51735.57,5268368.1836,1
2026-09-05T09:15:00+08:00,1788570900000,101.8,101.97,101.76,101.97,30320.95,30320.95,3087782.4162,1
2026-09-05T09:30:00+08:00,1788571800000,101.97,102.13,101.88,102.05,58219.79,58219.79,5938266.4567,1
2026-09-05T09:45:00+08:00,1788572700000,102.04,102.07,101.79,101.8,36933.41,36933.41,3764661.1358,1
2026-09-05T10:00:00+08:00,1788573600000,101.8,101.82,101.69,101.79,35542.51,35542.51,3616479.7494,1
2026-09-05T10:15:00+08:00,1788574500000,101.79,101.89,101.69,101.73,37493.21,37493.21,3816397.6526,1
2026-09-05T10:30:00+08:00,1788575400000,101.73,101.89,101.62,101.88,30867.54,30867.54,3141089.5495,1
2026-09-05T10:45:00+08:00,1788576300000,101.88,101.9,101.73,101.89,23532.6,23532.6,2395858.6616,1
2026-09-05T11:00:00+08:00,1788577200000,101.89,101.91,101.69,101.81,22182.28,22182.28,2257927.7625,1
2026-09-05T11:15:00+08:00,1788578100000,101.81,101.92,101.73,101.88,41154.53,41154.53,4190463.8162,1
2026-09-05T11:30:00+08:00,1788579000000,101.89,101.94,101.85,101.91,11156.17,11156.17,1136800.352,1
2026-09-05T11:45:00+08:00,1788579900000,101.91,101.95,101.77,101.81,15664.94,15664.94,1595634.2495,1
2026-09-05T12:00:00+08:00,1788580800000,101.82,101.83,101.63,101.68,62622.93,62622.93,6370640.5425,1
2026-09-05T12:15:00+08:00,1788581700000,101.69,101.85,101.68,101.83,20822.29,20822.29,2119182.9909,1
2026-09-05T12:30:00+08:00,1788582600000,101.83,101.87,101.8,101.83,10586.84,10586.84,1078063.3956,1
2026-09-05T12:45:00+08:00,1788583500000,101.83,101.85,101.67,101.7,49506.08,49506.08,5036993.7098,1
2026-09-05T13:00:00+08:00,1788584400000,101.7,101.77,101.54,101.75,48737.04,48737.04,4953619.6651,1
2026-09-05T13:15:00+08:00,1788585300000,101.76,101.8,101.6,101.75,32756.65,32756.65,3331526.0897,1
2026-09-05T13:30:00+08:00,1788586200000,101.75,101.81,101.68,101.68,20568.68,20568.68,2093148.3866,1
2026-09-05T13:45:00+08:00,1788587100000,101.68,101.88,101.63,101.82,46248.81,46248.81,4706643.7781,1
2026-09-05T14:00:00+08:00,1788588000000,101.82,101.95,101.77,101.84,40063.05,40063.05,4080515.9178,1
2026-09-05T14:15:00+08:00,1788588900000,101.83,101.99,101.76,101.93,22681.31,22681.31,2311741.9193,1
2026-09-05T14:30:00+08:00,1788589800000,101.93,102.15,101.93,102.05,65555.33,65555.33,6689789.7596,1
2026-09-05T14:45:00+08:00,1788590700000,102.05,102.35,102.03,102.22,51648.01,51648.01,5277863.1379,1
2026-09-05T15:00:00+08:00,1788591600000,102.22,102.39,102.13,102.33,59461.15,59461.15,6080857.8321,1
2026-09-05T15:15:00+08:00,1788592500000,102.33,102.49,102.22,102.44,55105.62,55105.62,5641807.7411,1
2026-09-05T15:30:00+08:00,1788593400000,102.44,102.56,102.23,102.31,47008.09,47008.09,4813772.9941,1
2026-09-05T15:45:00+08:00,1788594300000,102.3,102.32,102.1,102.15,38286.93,38286.93,3911575.711,1
2026-09-05T16:00:00+08:00,1788595200000,102.15,102.24,102.03,102.17,52670.24,52670.24,5379939.6453,1
2026-09-05T16:15:00+08:00,1788596100000,102.17,102.38,102.08,102.26,57014.8,57014.8,5829694.298,1
2026-09-05T16:30:00+08:00,1788597000000,102.26,102.38,102.09,102.38,35563.7,35563.7,3637001.6011,1
2026-09-05T16:45:00+08:00,1788597900000,102.38,102.55,102.26,102.52,38751.54,38751.54,3968565.811,1
2026-09-05T17:00:00+08:00,1788598800000,102.52,102.77,102.51,102.69,71250.47,71250.47,7314305.4139,1
2026-09-05T17:15:00+08:00,1788599700000,102.69,102.7,102.48,102.49,29676.67,29676.67,3044081.6167,1
2026-09-05T17:30:00+08:00,1788600600000,102.49,102.58,102.45,102.56,29588.87,29588.87,3033303.356,1
2026-09-05T17:45:00+08:00,1788601500000,102.55,102.55,102.46,102.48,9027.42,9027.42,925206.4865,1
2026-09-05T18:00:00+08:00,1788602400000,102.48,102.51,102.3,102.34,38874.36,38874.36,3980812.8222,1
2026-09-05T18:15:00+08:00,1788603300000,102.34,102.47,102.31,102.47,47008.36,47008.36,4813137.8629,1
2026-09-05T18:30:00+08:00,1788604200000,102.47,102.65,102.45,102.58,39596.71,39596.71,4061083.2108,1
2026-09-05T18:45:00+08:00,1788605100000,102.57,102.58,102.45,102.46,28096.57,28096.57,2880358.0879,1
2026-09-05T19:00:00+08:00,1788606000000,102.46,102.53,102.36,102.4,35956.55,35956.55,3683505.2631,1
2026-09-05T19:15:00+08:00,1788606900000,102.4,102.4,102.21,102.24,47704.2,47704.2,4879581.9191,1
2026-09-05T19:30:00+08:00,1788607800000,102.25,102.28,102.15,102.2,45009.64,45009.64,4601022.031,1
2026-09-05T19:45:00+08:00,1788608700000,102.2,102.38,102.18,102.29,28975.48,28975.48,2964025.358,1
2026-09-05T20:00:00+08:00,1788609600000,102.29,102.39,102.26,102.35,12825.54,12825.54,1312644.0771,1
2026-09-05T20:15:00+08:00,1788610500000,102.34,102.36,102.27,102.33,11156.03,11156.03,1141389.2904,1
2026-09-05T20:30:00+08:00,1788611400000,102.33,103.08,102.24,102.8,147252.79,147252.79,15129288.3722,1
2026-09-05T20:45:00+08:00,1788612300000,102.81,103.19,102.77,103.17,110974.5,110974.5,11429913.2041,1
2026-09-05T21:00:00+08:00,1788613200000,103.17,103.3,102.98,103.21,104594.96,104594.96,10789712.7975,1
2026-09-05T21:15:00+08:00,1788614100000,103.22,103.42,103.01,103.03,120274.63,120274.63,12413620.2315,1
2026-09-05T21:30:00+08:00,1788615000000,103.04,103.17,102.71,102.79,111523.44,111523.44,11479530.2663,1
2026-09-05T21:45:00+08:00,1788615900000,102.79,102.94,102.52,102.6,100556.74,100556.74,10326021.6164,1
2026-09-05T22:00:00+08:00,1788616800000,102.6,102.82,102.59,102.69,49195.3,49195.3,5053787.4342,1
2026-09-05T22:15:00+08:00,1788617700000,102.69,102.9,102.64,102.85,23985.65,23985.65,2464263.4727,1
2026-09-05T22:30:00+08:00,1788618600000,102.85,102.86,102.68,102.7,28608.45,28608.45,2940447.1756,1
2026-09-05T22:45:00+08:00,1788619500000,102.71,102.9,102.65,102.8,39429.59,39429.59,4052677.4231,1
2026-09-05T23:00:00+08:00,1788620400000,102.79,102.92,102.69,102.78,36981.67,36981.67,3801845.3038,1
2026-09-05T23:15:00+08:00,1788621300000,102.79,102.84,102.62,102.65,52935.46,52935.46,5437447.0347,1
2026-09-05T23:30:00+08:00,1788622200000,102.66,102.75,102.58,102.68,23277.48,23277.48,2389719.5908,1
2026-09-05T23:45:00+08:00,1788623100000,102.68,102.91,102.68,102.88,32742.16,32742.16,3365635.0694,1
2026-09-06T00:00:00+08:00,1788624000000,102.88,102.97,102.8,102.83,40251.84,40251.84,4141466.2035,1
2026-09-06T00:15:00+08:00,1788624900000,102.82,103.15,102.74,103.08,51163.01,51163.01,5270186.7932,1
2026-09-06T00:30:00+08:00,1788625800000,103.08,103.28,103,103.04,74241.44,74241.44,7658047.5999,1
2026-09-06T00:45:00+08:00,1788626700000,103.03,103.47,103.02,103.37,118935.43,118935.43,12283233.3284,1
2026-09-06T01:00:00+08:00,1788627600000,103.36,104.09,103.22,103.98,192253.37,192253.37,19927052.542,1
2026-09-06T01:15:00+08:00,1788628500000,103.98,103.99,103.58,103.85,125969.48,125969.48,13073548.2591,1
2026-09-06T01:30:00+08:00,1788629400000,103.85,104.26,103.6,103.71,123708.74,123708.74,12859884.9579,1
2026-09-06T01:45:00+08:00,1788630300000,103.71,104.27,103.59,104.2,116884.56,116884.56,12152133.5445,1
2026-09-06T02:00:00+08:00,1788631200000,104.2,104.35,103.8,103.9,79245.01,79245.01,8245635.1812,1
2026-09-06T02:15:00+08:00,1788632100000,103.91,104.05,103.76,103.76,55202.96,55202.96,5735788.202,1
2026-09-06T02:30:00+08:00,1788633000000,103.76,104,103.69,103.81,47388.95,47388.95,4919873.0847,1
2026-09-06T02:45:00+08:00,1788633900000,103.81,103.9,103.72,103.86,22171.91,22171.91,2301626.507,1
2026-09-06T03:00:00+08:00,1788634800000,103.86,103.86,103.61,103.76,43393.93,43393.93,4501444.5385,1
2026-09-06T03:15:00+08:00,1788635700000,103.76,103.88,103.66,103.82,31265.18,31265.18,3245023.2218,1
2026-09-06T03:30:00+08:00,1788636600000,103.82,103.91,103.49,103.66,59941.34,59941.34,6213710.2117,1
2026-09-06T03:45:00+08:00,1788637500000,103.66,103.66,103.1,103.35,125814.26,125814.26,13002935.8697,1
2026-09-06T04:00:00+08:00,1788638400000,103.35,103.57,103.24,103.39,60960.91,60960.91,6305009.9568,1
2026-09-06T04:15:00+08:00,1788639300000,103.38,103.44,103.14,103.21,76967.3,76967.3,7948943.1756,1
2026-09-06T04:30:00+08:00,1788640200000,103.2,103.34,103.04,103.34,69078.35,69078.35,7128682.9622,1
2026-09-06T04:45:00+08:00,1788641100000,103.33,103.37,103.15,103.19,38906.31,38906.31,4017878.1578,1
2026-09-06T05:00:00+08:00,1788642000000,103.19,103.48,103.15,103.4,19809.31,19809.31,2046952.6743,1
2026-09-06T05:15:00+08:00,1788642900000,103.39,103.83,103.36,103.75,56658.44,56658.44,5871448.8191,1
2026-09-06T05:30:00+08:00,1788643800000,103.75,103.9,103.65,103.86,32672.71,32672.71,3390559.3,1
2026-09-06T05:45:00+08:00,1788644700000,103.87,103.92,103.59,103.68,26125.47,26125.47,2709904.8809,1
2026-09-06T06:00:00+08:00,1788645600000,103.69,103.82,103.53,103.67,41347.48,41347.48,4285784.7183,1
2026-09-06T06:15:00+08:00,1788646500000,103.68,103.74,103.2,103.34,64745.32,64745.32,6697252.3775,1
2026-09-06T06:30:00+08:00,1788647400000,103.35,103.45,103.21,103.23,40002.3,40002.3,4133226.1575,1
2026-09-06T06:45:00+08:00,1788648300000,103.22,103.36,103.15,103.3,18767.84,18767.84,1938110.0413,1
2026-09-06T07:00:00+08:00,1788649200000,103.3,103.32,103.07,103.17,43772.73,43772.73,4516371.9525,1
2026-09-06T07:15:00+08:00,1788650100000,103.16,103.3,103.06,103.18,73688.43,73688.43,7603499.5627,1
2026-09-06T07:30:00+08:00,1788651000000,103.19,103.35,102.84,103.09,78507.29,78507.29,8093756.3457,1
2026-09-06T07:45:00+08:00,1788651900000,103.09,103.3,103.04,103.11,44273.47,44273.47,4567743.0813,1
2026-09-06T08:00:00+08:00,1788652800000,103.11,103.33,103.11,103.33,21255.85,21255.85,2194262.7374,1
2026-09-06T08:15:00+08:00,1788653700000,103.32,103.46,103.24,103.41,31947.4,31947.4,3301951.1689,1
2026-09-06T08:30:00+08:00,1788654600000,103.4,103.47,103.27,103.32,50616.47,50616.47,5231522.1184,1
2026-09-06T08:45:00+08:00,1788655500000,103.32,103.38,103.2,103.26,72387.65,72387.65,7475980.872,1
2026-09-06T09:00:00+08:00,1788656400000,103.26,103.69,103.19,103.55,111446.41,111446.41,11532436.3687,1
2026-09-06T09:15:00+08:00,1788657300000,103.56,103.63,103.36,103.5,62740.76,62740.76,6493692.1737,1
2026-09-06T09:30:00+08:00,1788658200000,103.5,103.91,103.49,103.76,111652.02,111652.02,11583325.2598,1
2026-09-06T09:45:00+08:00,1788659100000,103.76,104.17,103.67,104,154710.32,154710.32,16084025.2768,1
2026-09-06T10:00:00+08:00,1788660000000,104,104.26,103.82,104.07,110714.43,110714.43,11524601.6596,1
2026-09-06T10:15:00+08:00,1788660900000,104.06,104.09,103.87,104.04,49578.04,49578.04,5155883.3622,1
2026-09-06T10:30:00+08:00,1788661800000,104.03,104.71,104.03,104.22,189801.85,189801.85,19818417.7768,1
2026-09-06T10:45:00+08:00,1788662700000,104.21,104.4,104.17,104.32,41120.04,41120.04,4288780.7174,1
2026-09-06T11:00:00+08:00,1788663600000,104.33,104.46,104.3,104.44,32665.51,32665.51,3409161.1102,1
2026-09-06T11:15:00+08:00,1788664500000,104.45,105.11,104.44,104.96,173814.9,173814.9,18224768.0229,1
2026-09-06T11:30:00+08:00,1788665400000,104.96,107.12,104.96,106.43,738625.46,738625.46,78507667.8546,1
2026-09-06T11:45:00+08:00,1788666300000,106.43,106.69,105.81,105.93,280875.76,280875.76,29834331.6645,1
2026-09-06T12:00:00+08:00,1788667200000,105.93,106.32,105.67,106.13,123405.31,123405.31,13082896.3059,1
2026-09-06T12:15:00+08:00,1788668100000,106.13,106.19,105.53,105.9,91882.47,91882.47,9722503.801,1
2026-09-06T12:30:00+08:00,1788669000000,105.9,106.09,105.64,106,106531.74,106531.74,11280743.6004,1
2026-09-06T12:45:00+08:00,1788669900000,106,106.24,105.62,105.7,88515.53,88515.53,9378541.1448,1
2026-09-06T13:00:00+08:00,1788670800000,105.7,105.9,105.39,105.53,109427.93,109427.93,11560249.906,1
2026-09-06T13:15:00+08:00,1788671700000,105.52,106.09,105.49,106.09,120175.51,120175.51,12719402.9116,1
2026-09-06T13:30:00+08:00,1788672600000,106.08,106.81,105.82,106.4,216353.29,216353.29,23023244.6433,1
2026-09-06T13:45:00+08:00,1788673500000,106.4,106.71,106.27,106.39,150721.54,150721.54,16049486.3345,1
2026-09-06T14:00:00+08:00,1788674400000,106.4,106.41,106.1,106.15,47531.84,47531.84,5049662.176,1
2026-09-06T14:15:00+08:00,1788675300000,106.16,106.21,105.53,105.74,138106.53,138106.53,14614072.485,1
2026-09-06T14:30:00+08:00,1788676200000,105.74,105.74,105.23,105.52,168305.47,168305.47,17747639.1988,1
2026-09-06T14:45:00+08:00,1788677100000,105.51,105.58,105.25,105.33,102451.95,102451.95,10801200.2277,1
2026-09-06T15:00:00+08:00,1788678000000,105.33,105.52,104.56,104.7,374079.2,374079.2,39269693.4114,1
2026-09-06T15:15:00+08:00,1788678900000,104.71,105.32,104.71,105.05,164750.95,164750.95,17315974.0532,1
2026-09-06T15:30:00+08:00,1788679800000,105.06,105.14,104.81,105,68670.03,68670.03,7208142.0163,1
2026-09-06T15:45:00+08:00,1788680700000,105,105.26,104.93,105.19,68296.55,68296.55,7179065.9354,1
2026-09-06T16:00:00+08:00,1788681600000,105.18,105.35,105.08,105.24,98337.01,98337.01,10346251.9955,1
2026-09-06T16:15:00+08:00,1788682500000,105.24,105.24,105.06,105.08,35366.49,35366.49,3718771.5281,1
2026-09-06T16:30:00+08:00,1788683400000,105.08,105.2,104.94,105.09,48952.17,48952.17,5142049.2231,1
2026-09-06T16:45:00+08:00,1788684300000,105.09,105.27,105.04,105.12,49034.83,49034.83,5156442.7741,1
2026-09-06T17:00:00+08:00,1788685200000,105.13,105.87,105.11,105.73,156407.33,156407.33,16492144.3752,1
2026-09-06T17:15:00+08:00,1788686100000,105.73,107,105.59,106.91,376530.82,376530.82,40018274.3267,1
2026-09-06T17:30:00+08:00,1788687000000,106.9,107.27,106.14,106.26,359723.79,359723.79,38411659.8002,1
2026-09-06T17:45:00+08:00,1788687900000,106.27,106.55,106.06,106.43,116083.6,116083.6,12345764.6683,1
2026-09-06T18:00:00+08:00,1788688800000,106.43,106.69,106.36,106.48,84286.08,84286.08,8981746.9936,1
2026-09-06T18:15:00+08:00,1788689700000,106.48,106.87,106.45,106.46,109860.69,109860.69,11714227.1952,1
2026-09-06T18:30:00+08:00,1788690600000,106.46,106.6,106.3,106.55,71065.89,71065.89,7563777.5549,1
2026-09-06T18:45:00+08:00,1788691500000,106.55,106.69,106.3,106.59,62455.68,62455.68,6653191.8234,1
2026-09-06T19:00:00+08:00,1788692400000,106.58,106.64,106.28,106.49,75334,75334,8018898.0035,1
2026-09-06T19:15:00+08:00,1788693300000,106.49,106.62,106.39,106.48,72376.91,72376.91,7708113.2986,1
2026-09-06T19:30:00+08:00,1788694200000,106.47,106.68,106.18,106.44,77822.31,77822.31,8283340.2379,1
2026-09-06T19:45:00+08:00,1788695100000,106.44,106.55,106.29,106.39,47998.35,47998.35,5109296.7086,1
2026-09-06T20:00:00+08:00,1788696000000,106.39,106.53,106.32,106.5,30718.34,30718.34,3268994.2095,1
2026-09-06T20:15:00+08:00,1788696900000,106.51,106.67,106.41,106.55,67688.62,67688.62,7211282.2461,1
2026-09-06T20:30:00+08:00,1788697800000,106.56,107.19,106.55,106.94,184280.68,184280.68,19696486.1787,1
2026-09-06T20:45:00+08:00,1788698700000,106.95,107.3,106.56,106.75,156804.05,156804.05,16773427.4077,1
2026-09-06T21:00:00+08:00,1788699600000,106.76,107.01,106.42,106.57,185915.34,185915.34,19836736.5771,1
2026-09-06T21:15:00+08:00,1788700500000,106.56,106.61,106.03,106.07,182856.47,182856.47,19432209.9562,1
2026-09-06T21:30:00+08:00,1788701400000,106.08,106.57,105.8,106.43,170739.25,170739.25,18121378.2004,1
2026-09-06T21:45:00+08:00,1788702300000,106.43,107.12,106.39,107.03,161540.67,161540.67,17247699.2205,1
2026-09-06T22:00:00+08:00,1788703200000,107.03,107.07,106.3,106.34,153295.1,153295.1,16352055.8495,1
2026-09-06T22:15:00+08:00,1788704100000,106.34,106.57,105.44,105.94,290024.21,290024.21,30724053.8293,1
2026-09-06T22:30:00+08:00,1788705000000,105.93,106.29,105.02,106.2,346961.71,346961.71,36672974.4301,1
2026-09-06T22:45:00+08:00,1788705900000,106.2,106.2,105.62,105.66,120435.86,120435.86,12752064.3837,1
2026-09-06T23:00:00+08:00,1788706800000,105.67,105.69,104.78,105.32,316728.2,316728.2,33310191.144,1
2026-09-06T23:15:00+08:00,1788707700000,105.32,105.92,105.27,105.76,151251.46,151251.46,15973607.7275,1
2026-09-06T23:30:00+08:00,1788708600000,105.76,105.94,105.46,105.85,75338.87,75338.87,7965828.3105,1
2026-09-06T23:45:00+08:00,1788709500000,105.85,105.91,105.57,105.68,68860.32,68860.32,7281176.0582,1
2026-09-07T00:00:00+08:00,1788710400000,105.68,105.87,105.41,105.74,70847.13,70847.13,7481674.1609,1
2026-09-07T00:15:00+08:00,1788711300000,105.75,105.93,105.63,105.92,72127.86,72127.86,7629731.9084,1
2026-09-07T00:30:00+08:00,1788712200000,105.93,106.35,105.83,106.24,121995.33,121995.33,12949841.7492,1
2026-09-07T00:45:00+08:00,1788713100000,106.24,106.24,105.87,106.02,41553.26,41553.26,4407209.5017,1
2026-09-07T01:00:00+08:00,1788714000000,106.03,106.05,105.48,105.98,114754.58,114754.58,12137025.8546,1
2026-09-07T01:15:00+08:00,1788714900000,105.98,106.39,105.92,105.97,79625.21,79625.21,8453806.1748,1
2026-09-07T01:30:00+08:00,1788715800000,105.97,106.16,105.79,106.03,46437.59,46437.59,4922505.8691,1
2026-09-07T01:45:00+08:00,1788716700000,106.02,106.24,105.91,106.13,28848.64,28848.64,3060149.4581,1
2026-09-07T02:00:00+08:00,1788717600000,106.14,106.49,106.13,106.3,49735.25,49735.25,5288155.2674,1
2026-09-07T02:15:00+08:00,1788718500000,106.3,106.42,106.21,106.41,27603.53,27603.53,2933936.7752,1
2026-09-07T02:30:00+08:00,1788719400000,106.42,106.53,106.1,106.15,50072.1,50072.1,5327358.0134,1
2026-09-07T02:45:00+08:00,1788720300000,106.14,106.14,105.78,105.93,44617.93,44617.93,4724892.5341,1
2026-09-07T03:00:00+08:00,1788721200000,105.93,105.94,105.71,105.73,33266.94,33266.94,3519676.0258,1
2026-09-07T03:15:00+08:00,1788722100000,105.74,105.76,105.46,105.71,50415.12,50415.12,5326152.6198,1
2026-09-07T03:30:00+08:00,1788723000000,105.7,105.7,105.44,105.47,20644.14,20644.14,2179143.0966,1
2026-09-07T03:45:00+08:00,1788723900000,105.47,105.54,105.22,105.44,48150.48,48150.48,5073634.1773,1
2026-09-07T04:00:00+08:00,1788724800000,105.44,105.48,105.3,105.39,26638.5,26638.5,2806849.5029,1
2026-09-07T04:15:00+08:00,1788725700000,105.39,105.65,105.33,105.61,37406.3,37406.3,3946478.2307,1
2026-09-07T04:30:00+08:00,1788726600000,105.61,105.83,105.51,105.61,36619.76,36619.76,3868842.4743,1
2026-09-07T04:45:00+08:00,1788727500000,105.62,105.81,105.6,105.67,17202.21,17202.21,1818044.4784,1
2026-09-07T05:00:00+08:00,1788728400000,105.68,106.07,105.68,105.97,40704.45,40704.45,4311537.0779,1
2026-09-07T05:15:00+08:00,1788729300000,105.97,106.24,105.87,105.98,46625.07,46625.07,4945537.9248,1
2026-09-07T05:30:00+08:00,1788730200000,105.98,106.2,105.97,106.08,43781.86,43781.86,4645018.9068,1
2026-09-07T05:45:00+08:00,1788731100000,106.08,106.22,105.81,105.87,18843.31,18843.31,1996466.1723,1
2026-09-07T06:00:00+08:00,1788732000000,105.87,105.89,105.01,105.23,107714.46,107714.46,11347660.749,1
2026-09-07T06:15:00+08:00,1788732900000,105.22,105.47,104.89,105.43,70953.81,70953.81,7463045.7026,1
2026-09-07T06:30:00+08:00,1788733800000,105.43,105.98,105.41,105.84,113903.68,113903.68,12050389.0435,1
2026-09-07T06:45:00+08:00,1788734700000,105.83,105.97,105.65,105.8,103469.31,103469.31,10947044.4211,1
2026-09-07T07:00:00+08:00,1788735600000,105.8,106.22,105.75,106.03,77196.48,77196.48,8182905.3336,1
2026-09-07T07:15:00+08:00,1788736500000,106.02,106.44,105.96,106.3,57434.17,57434.17,6105232.1455,1
2026-09-07T07:30:00+08:00,1788737400000,106.31,106.7,106.26,106.57,92303.5,92303.5,9833595.5542,1
2026-09-07T07:45:00+08:00,1788738300000,106.56,106.73,106.21,106.49,127012.44,127012.44,13527100.5597,1
2026-09-07T08:00:00+08:00,1788739200000,106.5,106.6,106.31,106.44,62597.45,62597.45,6662897.383,1
2026-09-07T08:15:00+08:00,1788740100000,106.43,106.44,105.89,106.29,105869.6,105869.6,11235346.4178,1
2026-09-07T08:30:00+08:00,1788741000000,106.29,106.43,105.9,105.9,103494.81,103494.81,10975603.9309,1
2026-09-07T08:45:00+08:00,1788741900000,105.9,106.22,105.83,106.09,93265.66,93265.66,9887110.5194,1
2026-09-07T09:00:00+08:00,1788742800000,106.09,106.3,105.41,105.46,142211.47,142211.47,15038581.5038,1
2026-09-07T09:15:00+08:00,1788743700000,105.47,105.6,105.2,105.43,166988.98,166988.98,17597365.417,1
2026-09-07T09:30:00+08:00,1788744600000,105.44,105.58,104.96,105.08,99771.63,99771.63,10504557.019,1
2026-09-07T09:45:00+08:00,1788745500000,105.08,105.37,104.98,105.25,56823.84,56823.84,5977581.0017,1
2026-09-07T10:00:00+08:00,1788746400000,105.24,105.35,104.77,105.15,148785.41,148785.41,15625727.5984,1
2026-09-07T10:15:00+08:00,1788747300000,105.15,105.92,105.14,105.82,161063.06,161063.06,17001948.8555,1
2026-09-07T10:30:00+08:00,1788748200000,105.82,107.04,105.65,106.73,266878.8,266878.8,28428430.6123,1
2026-09-07T10:45:00+08:00,1788749100000,106.73,106.86,105.61,105.74,174282.59,174282.59,18520569.7501,1
2026-09-07T11:00:00+08:00,1788750000000,105.74,105.85,105.3,105.33,143274.92,143274.92,15125383.0952,1
2026-09-07T11:15:00+08:00,1788750900000,105.33,105.46,105.02,105.1,182690.69,182690.69,19221956.8854,1
2026-09-07T11:30:00+08:00,1788751800000,105.09,105.22,104.91,104.91,120719.64,120719.64,12681756.7348,1
2026-09-07T11:45:00+08:00,1788752700000,104.92,105.13,104.88,104.88,92559.26,92559.26,9719178.6117,1
2026-09-07T12:00:00+08:00,1788753600000,104.88,104.96,104.52,104.92,125967.17,125967.17,13199134.5856,1
2026-09-07T12:15:00+08:00,1788754500000,104.92,105.26,104.92,105.02,119827.91,119827.91,12591437.3854,1
2026-09-07T12:30:00+08:00,1788755400000,105.02,105.15,104.88,105.07,72104.39,72104.39,7572173.3211,1
2026-09-07T12:45:00+08:00,1788756300000,105.07,105.26,104.88,105.01,94037.18,94037.18,9879862.0079,1
2026-09-07T13:00:00+08:00,1788757200000,105.02,105.4,104.98,105.26,87477.75,87477.75,9203397.9599,1
2026-09-07T13:15:00+08:00,1788758100000,105.25,105.77,105.23,105.55,112278.34,112278.34,11847729.2508,1
2026-09-07T13:30:00+08:00,1788759000000,105.56,105.61,105.35,105.43,38516.33,38516.33,4062779.1531,1
2026-09-07T13:45:00+08:00,1788759900000,105.43,105.45,105.03,105.05,54138.04,54138.04,5694950.5445,1
2026-09-07T14:00:00+08:00,1788760800000,105.06,105.35,105.02,105.3,40390.2,40390.2,4246745.692,1
2026-09-07T14:15:00+08:00,1788761700000,105.3,105.32,105.07,105.08,69647.75,69647.75,7325456.2108,1
2026-09-07T14:30:00+08:00,1788762600000,105.08,105.16,104.77,104.95,94802.02,94802.02,9950038.3473,1
2026-09-07T14:45:00+08:00,1788763500000,104.95,105.06,104.93,105.03,31968.48,31968.48,3357465.011,1
2026-09-07T15:00:00+08:00,1788764400000,105.03,105.48,104.96,105.38,60070.66,60070.66,6319691.927,1
2026-09-07T15:15:00+08:00,1788765300000,105.38,105.43,104.66,104.72,117427.37,117427.37,12329382.7336,1
2026-09-07T15:30:00+08:00,1788766200000,104.73,104.97,103.64,104.4,555064.18,555064.18,57857003.6485,1
2026-09-07T15:45:00+08:00,1788767100000,104.41,104.51,104.24,104.4,113390.62,113390.62,11836967.3835,1
2026-09-07T16:00:00+08:00,1788768000000,104.4,104.64,104.38,104.49,71415.69,71415.69,7461910.0405,1
2026-09-07T16:15:00+08:00,1788768900000,104.48,104.68,104.47,104.58,85888.55,85888.55,8981866.2983,1
2026-09-07T16:30:00+08:00,1788769800000,104.58,104.75,104.46,104.75,86016.17,86016.17,9000442.4405,1
2026-09-07T16:45:00+08:00,1788770700000,104.74,104.84,104.56,104.64,82765.64,82765.64,8666569.2891,1
2026-09-07T17:00:00+08:00,1788771600000,104.65,105.04,104.55,104.97,69371.83,69371.83,7275569.1817,1
2026-09-07T17:15:00+08:00,1788772500000,104.97,105.09,104.83,105.06,61137.39,61137.39,6415244.2557,1
2026-09-07T17:30:00+08:00,1788773400000,105.06,105.13,104.8,104.89,58064.37,58064.37,6094610.4369,1
2026-09-07T17:45:00+08:00,1788774300000,104.88,105.04,104.53,104.61,101325.39,101325.39,10618945.7774,1
2026-09-07T18:00:00+08:00,1788775200000,104.6,104.9,104.6,104.83,92729.92,92729.92,9715986.7723,1
2026-09-07T18:15:00+08:00,1788776100000,104.84,105,104.82,104.91,25822,25822,2709441.2956,1
2026-09-07T18:30:00+08:00,1788777000000,104.91,105.08,104.84,105.01,37365.33,37365.33,3922737.2568,1
2026-09-07T18:45:00+08:00,1788777900000,105,105.1,104.91,104.96,50309.09,50309.09,5283361.2668,1
2026-09-07T19:00:00+08:00,1788778800000,104.96,105.09,104.76,104.84,59271.67,59271.67,6218444.1711,1
2026-09-07T19:15:00+08:00,1788779700000,104.83,104.9,104.77,104.83,33059.3,33059.3,3465755.2198,1
2026-09-07T19:30:00+08:00,1788780600000,104.83,105.02,104.8,104.81,26152.8,26152.8,2743117.0829,1
2026-09-07T19:45:00+08:00,1788781500000,104.82,104.97,104.7,104.88,75344.7,75344.7,7898664.0449,1
2026-09-07T20:00:00+08:00,1788782400000,104.88,105.05,104.87,104.95,39236.62,39236.62,4118579.6214,1
2026-09-07T20:15:00+08:00,1788783300000,104.96,105.38,104.95,105.33,64098.23,64098.23,6745173.0788,1
2026-09-07T20:30:00+08:00,1788784200000,105.32,105.37,105.13,105.13,63617.22,63617.22,6696902.5759,1
2026-09-07T20:45:00+08:00,1788785100000,105.13,105.87,105.12,105.68,165602.63,165602.63,17490371.314,1
2026-09-07T21:00:00+08:00,1788786000000,105.69,105.76,105.47,105.7,136829.24,136829.24,14452541.6511,1
2026-09-07T21:15:00+08:00,1788786900000,105.71,105.77,105.46,105.65,63290.09,63290.09,6684994.7647,1
2026-09-07T21:30:00+08:00,1788787800000,105.66,105.67,104.73,105.03,195187.11,195187.11,20521228.18,1
2026-09-07T21:45:00+08:00,1788788700000,105.03,105.15,104.85,105.01,50094.13,50094.13,5259032.4016,1
2026-09-07T22:00:00+08:00,1788789600000,105.02,105.11,104.35,104.48,166568.68,166568.68,17419485.8058,1
2026-09-07T22:15:00+08:00,1788790500000,104.48,104.53,104.17,104.22,128224.91,128224.91,13378726.9541,1
2026-09-07T22:30:00+08:00,1788791400000,104.22,104.37,103.95,104.14,200239.57,200239.57,20853207.2321,1
2026-09-07T22:45:00+08:00,1788792300000,104.14,104.74,103.96,104.57,172172.36,172172.36,17966358.4604,1
2026-09-07T23:00:00+08:00,1788793200000,104.58,104.6,104.18,104.19,64902.47,64902.47,6773816.752,1
2026-09-07T23:15:00+08:00,1788794100000,104.18,104.48,103.71,104.1,143954.15,143954.15,14988553.3071,1
2026-09-07T23:30:00+08:00,1788795000000,104.09,104.1,103.05,103.37,412078.8,412078.8,42643434.6309,1
2026-09-07T23:45:00+08:00,1788795900000,103.37,103.37,102.85,103.2,212039.41,212039.41,21873438.9826,1
2026-09-08T00:00:00+08:00,1788796800000,103.21,103.57,103.13,103.52,157239.77,157239.77,16260760.414,1
2026-09-08T00:15:00+08:00,1788797700000,103.52,103.57,103.36,103.42,52637.17,52637.17,5446881.0651,1
2026-09-08T00:30:00+08:00,1788798600000,103.43,103.79,103.35,103.7,76981.34,76981.34,7976799.9926,1
2026-09-08T00:45:00+08:00,1788799500000,103.7,103.81,103.64,103.8,43038.18,43038.18,4464694.8542,1
2026-09-08T01:00:00+08:00,1788800400000,103.79,104.06,103.73,104.04,63630.65,63630.65,6611028.6015,1
2026-09-08T01:15:00+08:00,1788801300000,104.04,104.16,103.92,104.08,79864.01,79864.01,8307909.03,1
2026-09-08T01:30:00+08:00,1788802200000,104.08,104.08,103.9,104.03,38395.71,38395.71,3992889.8783,1
2026-09-08T01:45:00+08:00,1788803100000,104.03,104.19,103.93,103.94,52927.55,52927.55,5508800.7363,1
2026-09-08T02:00:00+08:00,1788804000000,103.95,104.02,103.75,103.8,59466.64,59466.64,6176118.7108,1
2026-09-08T02:15:00+08:00,1788804900000,103.8,103.92,103.61,103.66,73810.83,73810.83,7658284.1082,1
2026-09-08T02:30:00+08:00,1788805800000,103.66,103.81,103.52,103.81,37027.06,37027.06,3837159.6096,1
2026-09-08T02:45:00+08:00,1788806700000,103.81,103.94,103.75,103.85,19049.63,19049.63,1978353.8697,1
2026-09-08T03:00:00+08:00,1788807600000,103.85,103.91,103.75,103.9,25771.46,25771.46,2675333.6683,1
2026-09-08T03:15:00+08:00,1788808500000,103.91,104.14,103.86,104.03,27679.22,27679.22,2879483.4985,1
2026-09-08T03:30:00+08:00,1788809400000,104.02,104.38,104.01,104.3,54843.08,54843.08,5718490.035,1
2026-09-08T03:45:00+08:00,1788810300000,104.3,104.35,104.21,104.29,29563.49,29563.49,3082800.108,1
2026-09-08T04:00:00+08:00,1788811200000,104.3,104.35,103.85,103.91,88294.83,88294.83,9186640.3361,1
2026-09-08T04:15:00+08:00,1788812100000,103.92,104.02,103.86,103.91,27517.64,27517.64,2860002.5367,1
2026-09-08T04:30:00+08:00,1788813000000,103.91,104.07,103.91,104.04,26259.38,26259.38,2731198.4985,1
2026-09-08T04:45:00+08:00,1788813900000,104.04,104.18,103.94,104.04,61737.47,61737.47,6424328.633,1
2026-09-08T05:00:00+08:00,1788814800000,104.04,104.11,103.72,103.98,47950.26,47950.26,4980839.4861,1
2026-09-08T05:15:00+08:00,1788815700000,103.98,104.06,103.73,103.94,39112.54,39112.54,4064226.9772,1
2026-09-08T05:30:00+08:00,1788816600000,103.95,103.96,103.75,103.91,26936.92,26936.92,2797555.0648,1
2026-09-08T05:45:00+08:00,1788817500000,103.9,103.95,103.8,103.85,11160.24,11160.24,1159205.795,1
2026-09-08T06:00:00+08:00,1788818400000,103.85,104.02,103.57,103.76,69926.85,69926.85,7258423.7178,1
2026-09-08T06:15:00+08:00,1788819300000,103.77,103.93,103.5,103.65,116011.34,116011.34,12030223.1039,1
2026-09-08T06:30:00+08:00,1788820200000,103.66,103.66,103.08,103.27,96681.03,96681.03,9990110.1999,1
2026-09-08T06:45:00+08:00,1788821100000,103.28,103.53,103.28,103.49,27449.09,27449.09,2838245.7672,1
2026-09-08T07:00:00+08:00,1788822000000,103.48,103.89,103.43,103.88,80142.51,80142.51,8311404.8454,1
2026-09-08T07:15:00+08:00,1788822900000,103.88,103.92,103.52,103.65,48857.99,48857.99,5068254.7127,1
2026-09-08T07:30:00+08:00,1788823800000,103.64,103.85,103.56,103.84,27555.76,27555.76,2857632.771,1
2026-09-08T07:45:00+08:00,1788824700000,103.84,103.99,103.71,103.73,69410.51,69410.51,7207594.2973,1
2026-09-08T08:00:00+08:00,1788825600000,103.74,103.82,103.55,103.66,85247.5,85247.5,8837259.8033,1
2026-09-08T08:15:00+08:00,1788826500000,103.65,103.83,103.4,103.43,109370.53,109370.53,11328821.133,1
2026-09-08T08:30:00+08:00,1788827400000,103.42,103.98,103.38,103.8,57876.3,57876.3,6007984.3698,1
2026-09-08T08:45:00+08:00,1788828300000,103.8,104.1,103.76,104.05,50520.08,50520.08,5253164.2949,1
2026-09-08T09:00:00+08:00,1788829200000,104.05,104.22,103.94,104.09,83129.62,83129.62,8653122.5827,1
2026-09-08T09:15:00+08:00,1788830100000,104.09,104.29,103.96,104.24,68698.44,68698.44,7155124.3928,1
2026-09-08T09:30:00+08:00,1788831000000,104.24,104.24,104.06,104.09,26729.13,26729.13,2783223.9054,1
2026-09-08T09:45:00+08:00,1788831900000,104.08,104.37,104.04,104.32,25797.16,25797.16,2688390.6566,1
2026-09-08T10:00:00+08:00,1788832800000,104.32,104.34,103.92,104.13,59439.33,59439.33,6185224.5431,1
2026-09-08T10:15:00+08:00,1788833700000,104.12,104.48,103.97,103.99,94077.34,94077.34,9812126.2659,1
2026-09-08T10:30:00+08:00,1788834600000,103.99,104.02,103.51,103.67,160429.48,160429.48,16637720.0886,1
2026-09-08T10:45:00+08:00,1788835500000,103.66,103.74,103.2,103.23,99958.02,99958.02,10340289.6251,1
2026-09-08T11:00:00+08:00,1788836400000,103.22,103.33,103.02,103.03,97850.91,97850.91,10094739.9849,1
2026-09-08T11:15:00+08:00,1788837300000,103.03,103.12,102.62,102.83,201490.13,201490.13,20729821.7242,1
2026-09-08T11:30:00+08:00,1788838200000,102.83,103.39,102.8,103.26,141710.51,141710.51,14626911.5464,1
2026-09-08T11:45:00+08:00,1788839100000,103.26,103.33,103.11,103.28,37068.29,37068.29,3827098.5142,1
2026-09-08T12:00:00+08:00,1788840000000,103.27,103.3,103.06,103.14,74455.72,74455.72,7683089.2068,1
2026-09-08T12:15:00+08:00,1788840900000,103.13,103.32,103,103.15,95250.15,95250.15,9824813.0846,1
2026-09-08T12:30:00+08:00,1788841800000,103.15,103.4,103.08,103.26,43832.95,43832.95,4527523.5577,1
2026-09-08T12:45:00+08:00,1788842700000,103.25,103.27,102.92,102.93,54440.9,54440.9,5612154.6442,1
2026-09-08T13:00:00+08:00,1788843600000,102.94,103.25,102.81,102.98,85391.24,85391.24,8800272.6918,1
2026-09-08T13:15:00+08:00,1788844500000,102.98,103.46,102.91,103.28,138508.52,138508.52,14300534.7463,1
2026-09-08T13:30:00+08:00,1788845400000,103.28,103.37,102.98,103.02,119061.46,119061.46,12279832.6298,1
2026-09-08T13:45:00+08:00,1788846300000,103.03,103.16,102.88,102.9,40241.53,40241.53,4145634.8945,1
2026-09-08T14:00:00+08:00,1788847200000,102.91,103,102.69,103,122557.42,122557.42,12604993.7686,1
2026-09-08T14:15:00+08:00,1788848100000,103,103.05,102.25,102.55,331342.4,331342.4,33988224.9886,1
2026-09-08T14:30:00+08:00,1788849000000,102.55,102.67,102.45,102.53,87826.34,87826.34,9007456.9172,1
2026-09-08T14:45:00+08:00,1788849900000,102.52,102.72,102.48,102.62,115801.46,115801.46,11882049.6781,1
2026-09-08T15:00:00+08:00,1788850800000,102.63,102.83,102.57,102.73,67992.7,67992.7,6984008.1192,1
2026-09-08T15:15:00+08:00,1788851700000,102.74,102.96,102.68,102.88,76654.91,76654.91,7884079.7152,1
2026-09-08T15:30:00+08:00,1788852600000,102.89,103.11,102.77,102.82,100794.93,100794.93,10375543.2215,1
2026-09-08T15:45:00+08:00,1788853500000,102.81,102.9,102.55,102.89,56517.78,56517.78,5806477.8702,1
2026-09-08T16:00:00+08:00,1788854400000,102.89,102.89,102.43,102.62,47403.99,47403.99,4864305.6381,1
2026-09-08T16:15:00+08:00,1788855300000,102.63,102.86,102.44,102.81,91910.46,91910.46,9433250.5149,1
2026-09-08T16:30:00+08:00,1788856200000,102.81,103.06,102.74,103.03,42216.28,42216.28,4347275.4972,1
2026-09-08T16:45:00+08:00,1788857100000,103.02,103.23,102.87,102.99,45849.96,45849.96,4724450.3447,1
2026-09-08T17:00:00+08:00,1788858000000,102.98,103.17,102.86,103.12,58047.92,58047.92,5978929.0055,1
2026-09-08T17:15:00+08:00,1788858900000,103.13,103.32,102.97,103.2,72490.91,72490.91,7478242.3435,1
2026-09-08T17:30:00+08:00,1788859800000,103.19,103.65,103.14,103.57,105207.63,105207.63,10889063.7148,1
2026-09-08T17:45:00+08:00,1788860700000,103.56,103.8,103.51,103.62,133612.88,133612.88,13848264.3172,1
2026-09-08T18:00:00+08:00,1788861600000,103.62,103.65,103.47,103.61,102687.34,102687.34,10634764.9796,1
2026-09-08T18:15:00+08:00,1788862500000,103.62,104.06,103.59,103.74,112008.9,112008.9,11628498.8239,1
2026-09-08T18:30:00+08:00,1788863400000,103.74,103.77,103.36,103.4,90082.32,90082.32,9324835.8563,1
2026-09-08T18:45:00+08:00,1788864300000,103.4,103.45,103.31,103.32,43144.09,43144.09,4459943.0896,1
2026-09-08T19:00:00+08:00,1788865200000,103.33,103.4,102.73,102.77,115982.17,115982.17,11943390.5623,1
2026-09-08T19:15:00+08:00,1788866100000,102.77,103.09,102.76,102.88,64982.89,64982.89,6687970.1779,1
2026-09-08T19:30:00+08:00,1788867000000,102.89,102.99,102.8,102.88,37881.32,37881.32,3897818.5745,1
2026-09-08T19:45:00+08:00,1788867900000,102.89,102.9,102.58,102.82,123651.45,123651.45,12702561.2543,1
2026-09-08T20:00:00+08:00,1788868800000,102.82,102.82,102.4,102.47,71710.05,71710.05,7355314.9225,1
2026-09-08T20:15:00+08:00,1788869700000,102.47,102.86,102.46,102.84,35354.52,35354.52,3629541.0818,1
2026-09-08T20:30:00+08:00,1788870600000,102.83,103.09,102.77,103,53126.66,53126.66,5471420.9388,1
2026-09-08T20:45:00+08:00,1788871500000,103.01,103.3,102.92,103.03,99675.45,99675.45,10277099.0746,1
2026-09-08T21:00:00+08:00,1788872400000,103.03,103.11,102.88,102.97,31321.33,31321.33,3225699.2954,1
2026-09-08T21:15:00+08:00,1788873300000,102.98,103.03,102.63,102.83,43485.16,43485.16,4469799.4553,1
2026-09-08T21:30:00+08:00,1788874200000,102.83,102.88,101.61,102.03,458711.68,458711.68,46821836.1727,1
2026-09-08T21:45:00+08:00,1788875100000,102.03,102.85,101.87,102.64,212687.09,212687.09,21755932.504,1
2026-09-08T22:00:00+08:00,1788876000000,102.63,103.05,102.37,102.96,141732.12,141732.12,14566356.5249,1
2026-09-08T22:15:00+08:00,1788876900000,102.96,103.19,102.7,102.87,106566.38,106566.38,10972934.3391,1
2026-09-08T22:30:00+08:00,1788877800000,102.87,103.13,102.76,103.01,82761.8,82761.8,8519716.1682,1
2026-09-08T22:45:00+08:00,1788878700000,103.02,103.4,102.97,103.27,154087.99,154087.99,15907656.1481,1
2026-09-08T23:00:00+08:00,1788879600000,103.27,103.6,103.17,103.59,92413.92,92413.92,9555801.7938,1
2026-09-08T23:15:00+08:00,1788880500000,103.59,103.74,103.33,103.36,124049.71,124049.71,12841216.7234,1
2026-09-08T23:30:00+08:00,1788881400000,103.35,103.93,103.35,103.84,131653.2,131653.2,13645451.9727,1
2026-09-08T23:45:00+08:00,1788882300000,103.85,104.35,103.7,104.25,197861.56,197861.56,20576093.8467,1
2026-09-09T00:00:00+08:00,1788883200000,104.26,104.26,103.6,103.7,144205.94,144205.94,14990780.1243,1
2026-09-09T00:15:00+08:00,1788884100000,103.69,103.97,103.53,103.73,67495.24,67495.24,7000557.6938,1
2026-09-09T00:30:00+08:00,1788885000000,103.74,104.78,103.73,104.23,206753.87,206753.87,21586512.2374,1
2026-09-09T00:45:00+08:00,1788885900000,104.24,104.35,103.89,104.13,110677.42,110677.42,11527301.645,1
2026-09-09T01:00:00+08:00,1788886800000,104.13,104.39,103.82,103.92,116950.31,116950.31,12173678.503,1
2026-09-09T01:15:00+08:00,1788887700000,103.92,104,103.61,103.75,63854.17,63854.17,6626499.9073,1
2026-09-09T01:30:00+08:00,1788888600000,103.75,103.96,103.62,103.63,32913.73,32913.73,3415329.8587,1
2026-09-09T01:45:00+08:00,1788889500000,103.62,103.97,103.62,103.63,75411.79,75411.79,7825341.3832,1
2026-09-09T02:00:00+08:00,1788890400000,103.62,104.07,103.56,104.05,103552.91,103552.91,10753976.0277,1
2026-09-09T02:15:00+08:00,1788891300000,104.05,104.43,104.03,104.19,44381.06,44381.06,4626121.5978,1
2026-09-09T02:30:00+08:00,1788892200000,104.19,104.29,103.86,104.07,36463.13,36463.13,3793283.405,1
2026-09-09T02:45:00+08:00,1788893100000,104.06,104.13,103.12,103.31,203791.59,203791.59,21074884.1821,1
2026-09-09T03:00:00+08:00,1788894000000,103.31,103.53,103.18,103.33,55004.89,55004.89,5685368.8624,1
2026-09-09T03:15:00+08:00,1788894900000,103.34,103.5,102.96,103.25,128221.78,128221.78,13231445.9863,1
2026-09-09T03:30:00+08:00,1788895800000,103.26,103.41,103.03,103.07,106804.81,106804.81,11024102.9403,1
2026-09-09T03:45:00+08:00,1788896700000,103.07,103.18,102.74,103.16,146819.96,146819.96,15110829.8115,1
2026-09-09T04:00:00+08:00,1788897600000,103.16,103.75,103.05,103.6,90425.81,90425.81,9352306.6636,1
2026-09-09T04:15:00+08:00,1788898500000,103.61,103.61,103.17,103.44,78436.9,78436.9,8104123.3821,1
2026-09-09T04:30:00+08:00,1788899400000,103.44,103.44,103.01,103.21,30804.63,30804.63,3178392.1795,1
2026-09-09T04:45:00+08:00,1788900300000,103.22,103.26,102.99,103.02,34358.7,34358.7,3543908.7147,1
2026-09-09T05:00:00+08:00,1788901200000,103.02,103.27,103,103.21,43043.99,43043.99,4440826.1206,1
2026-09-09T05:15:00+08:00,1788902100000,103.22,103.29,102.93,102.96,62221.81,62221.81,6415224.4532,1
2026-09-09T05:30:00+08:00,1788903000000,102.97,103.1,102.78,102.98,83059.14,83059.14,8549629.9353,1
2026-09-09T05:45:00+08:00,1788903900000,102.98,103.06,102.71,102.95,33635.31,33635.31,3460160.1302,1
2026-09-09T06:00:00+08:00,1788904800000,102.96,103.37,102.9,103.23,51517.54,51517.54,5313946.3935,1
2026-09-09T06:15:00+08:00,1788905700000,103.22,103.4,103.15,103.23,70980.51,70980.51,7329085.1553,1
2026-09-09T06:30:00+08:00,1788906600000,103.23,103.34,103.11,103.2,38938.25,38938.25,4018904.313,1
2026-09-09T06:45:00+08:00,1788907500000,103.2,103.37,103.18,103.34,18037.15,18037.15,1863604.2625,1
2026-09-09T07:00:00+08:00,1788908400000,103.35,103.53,103.19,103.34,79482.14,79482.14,8216165.2819,1
2026-09-09T07:15:00+08:00,1788909300000,103.33,103.38,103.25,103.37,23216.03,23216.03,2398301.8994,1
2026-09-09T07:30:00+08:00,1788910200000,103.37,103.41,103.3,103.3,8329.8,8329.8,860966.2851,1
2026-09-09T07:45:00+08:00,1788911100000,103.31,103.38,103.2,103.32,32392,32392,3345439.4901,1
2026-09-09T08:00:00+08:00,1788912000000,103.32,103.77,103.28,103.72,58402.09,58402.09,6050348.0428,1
2026-09-09T08:15:00+08:00,1788912900000,103.72,103.75,103.49,103.58,34265.18,34265.18,3549913.5988,1
2026-09-09T08:30:00+08:00,1788913800000,103.58,103.65,103.35,103.64,33917.11,33917.11,3509484.6567,1
2026-09-09T08:45:00+08:00,1788914700000,103.64,103.86,103.55,103.72,99703.16,99703.16,10339699.7453,1
2026-09-09T09:00:00+08:00,1788915600000,103.73,103.89,103.52,103.64,105858.1,105858.1,10976149.5155,1
2026-09-09T09:15:00+08:00,1788916500000,103.63,103.66,103.3,103.45,44722.88,44722.88,4624921.0837,1
2026-09-09T09:30:00+08:00,1788917400000,103.45,103.77,103.31,103.67,29213.53,29213.53,3025504.6792,1
2026-09-09T09:45:00+08:00,1788918300000,103.67,103.84,103.57,103.72,98646.85,98646.85,10231317.515,1
2026-09-09T10:00:00+08:00,1788919200000,103.72,103.97,103.57,103.59,98292.17,98292.17,10198485.01,1
2026-09-09T10:15:00+08:00,1788920100000,103.59,103.75,103.27,103.54,137910,137910,14272056.2953,1
2026-09-09T10:30:00+08:00,1788921000000,103.53,103.68,103.44,103.65,16241.3,16241.3,1682081.9696,1
2026-09-09T10:45:00+08:00,1788921900000,103.65,103.66,103.39,103.41,24952.95,24952.95,2583862.4253,1
2026-09-09T11:00:00+08:00,1788922800000,103.41,103.43,102.94,103.01,88320.79,88320.79,9114677.4253,1
2026-09-09T11:15:00+08:00,1788923700000,103,103.06,102.91,103,50045.85,50045.85,5152834.8756,1
2026-09-09T11:30:00+08:00,1788924600000,103.01,103.34,103,103.24,49107.98,49107.98,5066038.0625,1
2026-09-09T11:45:00+08:00,1788925500000,103.24,103.33,103.05,103.23,94224.28,94224.28,9723134.3403,1
2026-09-09T12:00:00+08:00,1788926400000,103.23,103.96,103.23,103.6,256740.15,256740.15,26625176.5286,1
2026-09-09T12:15:00+08:00,1788927300000,103.6,103.95,103.51,103.89,62834.05,62834.05,6515675.1359,1
2026-09-09T12:30:00+08:00,1788928200000,103.88,104.29,103.76,104.28,142408.78,142408.78,14812727.0891,1
2026-09-09T12:45:00+08:00,1788929100000,104.27,104.38,103.99,104.36,142073.66,142073.66,14809318.1165,1
2026-09-09T13:00:00+08:00,1788930000000,104.36,104.56,104.06,104.42,108270.86,108270.86,11290061.993,1
2026-09-09T13:15:00+08:00,1788930900000,104.41,104.68,104.28,104.28,119865.28,119865.28,12524501.9476,1
2026-09-09T13:30:00+08:00,1788931800000,104.29,104.45,103.82,103.91,180738.98,180738.98,18815330.3949,1
2026-09-09T13:45:00+08:00,1788932700000,103.9,104.05,103.65,104.02,110605.49,110605.49,11481750.2696,1
2026-09-09T14:00:00+08:00,1788933600000,104.02,104.32,103.93,104.29,58015.89,58015.89,6040372.5728,1
2026-09-09T14:15:00+08:00,1788934500000,104.3,104.66,104.25,104.54,129223.9,129223.9,13502903.4167,1
2026-09-09T14:30:00+08:00,1788935400000,104.54,104.73,104.48,104.53,57120.72,57120.72,5974425.9542,1
2026-09-09T14:45:00+08:00,1788936300000,104.54,104.58,104.4,104.46,31255.8,31255.8,3265713.5285,1
2026-09-09T15:00:00+08:00,1788937200000,104.47,105.15,104.45,104.73,194574.04,194574.04,20400903.2201,1
2026-09-09T15:15:00+08:00,1788938100000,104.74,104.91,104.66,104.73,111575.94,111575.94,11690730.6802,1
2026-09-09T15:30:00+08:00,1788939000000,104.73,104.78,104.56,104.58,38794.06,38794.06,4059386.0828,1
2026-09-09T15:45:00+08:00,1788939900000,104.59,104.64,104.42,104.52,51568.16,51568.16,5390229.7644,1
2026-09-09T16:00:00+08:00,1788940800000,104.53,104.85,104.49,104.57,122735.74,122735.74,12848771.331,1
2026-09-09T16:15:00+08:00,1788941700000,104.57,104.94,104.56,104.93,67994.76,67994.76,7119504.0615,1
2026-09-09T16:30:00+08:00,1788942600000,104.92,105,104.68,104.72,62922.35,62922.35,6594546.922,1
2026-09-09T16:45:00+08:00,1788943500000,104.71,104.84,104.64,104.76,52487.18,52487.18,5496640.5549,1
2026-09-09T17:00:00+08:00,1788944400000,104.75,104.78,104.4,104.49,52955.73,52955.73,5536150.9644,1
2026-09-09T17:15:00+08:00,1788945300000,104.5,104.52,104.21,104.22,66699.83,66699.83,6959178.3323,1
2026-09-09T17:30:00+08:00,1788946200000,104.21,104.27,103.52,103.53,179793.54,179793.54,18677096.9775,1
2026-09-09T17:45:00+08:00,1788947100000,103.53,103.67,103.38,103.44,167511.69,167511.69,17340487.4572,1
2026-09-09T18:00:00+08:00,1788948000000,103.44,103.92,103.43,103.7,104831.33,104831.33,10868748.436,1
2026-09-09T18:15:00+08:00,1788948900000,103.7,103.9,103.56,103.81,81647.8,81647.8,8474225.5041,1
2026-09-09T18:30:00+08:00,1788949800000,103.81,104,103.73,103.77,104161.79,104161.79,10819106.299,1
2026-09-09T18:45:00+08:00,1788950700000,103.76,103.79,103.57,103.73,49949.7,49949.7,5178059.9251,1
2026-09-09T19:00:00+08:00,1788951600000,103.73,103.79,103.27,103.51,86542.29,86542.29,8950317.0022,1
2026-09-09T19:15:00+08:00,1788952500000,103.52,103.71,103.24,103.67,93415.43,93415.43,9661623.0892,1
2026-09-09T19:30:00+08:00,1788953400000,103.66,103.87,103.62,103.75,108004.37,108004.37,11205542.6707,1
2026-09-09T19:45:00+08:00,1788954300000,103.75,104.27,103.73,104.18,92974.84,92974.84,9678460.8039,1
2026-09-09T20:00:00+08:00,1788955200000,104.17,104.5,104.05,104.43,116132.2,116132.2,12114521.6675,1
2026-09-09T20:15:00+08:00,1788956100000,104.43,104.45,104.15,104.38,93614.9,93614.9,9766211.749,1
2026-09-09T20:30:00+08:00,1788957000000,104.38,104.71,104.36,104.54,163385.56,163385.56,17076997.7344,1
2026-09-09T20:45:00+08:00,1788957900000,104.55,104.78,104.51,104.62,162129.86,162129.86,16967597.2132,1
2026-09-09T21:00:00+08:00,1788958800000,104.63,104.65,104.41,104.48,72800.02,72800.02,7608161.8232,1
2026-09-09T21:15:00+08:00,1788959700000,104.48,104.54,104.34,104.51,55207.84,55207.84,5765253.1227,1
2026-09-09T21:30:00+08:00,1788960600000,104.51,104.57,103.45,103.72,270611.81,270611.81,28133310.4876,1
2026-09-09T21:45:00+08:00,1788961500000,103.72,104.15,103.63,103.74,120723.24,120723.24,12542794.6563,1
2026-09-09T22:00:00+08:00,1788962400000,103.74,103.95,103.37,103.67,215713.06,215713.06,22352083.8447,1
2026-09-09T22:15:00+08:00,1788963300000,103.67,104.08,103.3,104.07,132755.44,132755.44,13756556.4765,1
2026-09-09T22:30:00+08:00,1788964200000,104.08,104.14,103.43,103.48,158877.54,158877.54,16499742.6046,1
2026-09-09T22:45:00+08:00,1788965100000,103.48,103.81,103.3,103.42,123002.07,123002.07,12733872.9017,1
2026-09-09T23:00:00+08:00,1788966000000,103.42,104.07,102.37,102.77,500487.4,500487.4,51550775.0177,1
2026-09-09T23:15:00+08:00,1788966900000,102.77,102.98,101.98,102.6,324297.14,324297.14,33191722.1426,1
2026-09-09T23:30:00+08:00,1788967800000,102.59,103.28,102.52,103.03,188957.16,188957.16,19447371.3945,1
2026-09-09T23:45:00+08:00,1788968700000,103.03,103.23,102.92,103,62478.37,62478.37,6441305.6117,1
2026-09-10T00:00:00+08:00,1788969600000,103.01,103.3,102.75,103.02,137303.7,137303.7,14144551.602,1
2026-09-10T00:15:00+08:00,1788970500000,103.02,103.03,102.68,102.98,99779.39,99779.39,10260092.5432,1
2026-09-10T00:30:00+08:00,1788971400000,102.99,103.47,102.99,103.34,95928.83,95928.83,9912863.9979,1
2026-09-10T00:45:00+08:00,1788972300000,103.33,103.39,103.21,103.33,48217.02,48217.02,4980804.8003,1
2026-09-10T01:00:00+08:00,1788973200000,103.32,103.55,103.15,103.39,94587.27,94587.27,9775365.8151,1
2026-09-10T01:15:00+08:00,1788974100000,103.4,103.77,103.29,103.63,87905.98,87905.98,9100840.739,1
2026-09-10T01:30:00+08:00,1788975000000,103.63,103.64,103.28,103.33,46780.82,46780.82,4838094.5316,1
2026-09-10T01:45:00+08:00,1788975900000,103.33,103.54,103.26,103.47,28123,28123,2908686.5295,1
2026-09-10T02:00:00+08:00,1788976800000,103.47,103.63,103.34,103.4,65027.94,65027.94,6728604.9853,1
2026-09-10T02:15:00+08:00,1788977700000,103.4,103.59,103.35,103.59,22334.96,22334.96,2311071.6535,1
2026-09-10T02:30:00+08:00,1788978600000,103.59,103.69,103.49,103.65,41946.56,41946.56,4345309.9384,1
2026-09-10T02:45:00+08:00,1788979500000,103.65,103.65,103.13,103.22,101628.56,101628.56,10506200.4786,1
2026-09-10T03:00:00+08:00,1788980400000,103.21,103.33,103.02,103.12,85431.78,85431.78,8813506.3658,1
2026-09-10T03:15:00+08:00,1788981300000,103.12,103.25,103.06,103.09,35260.53,35260.53,3637922.7884,1
2026-09-10T03:30:00+08:00,1788982200000,103.09,103.15,102.76,102.77,64844.78,64844.78,6672701.6767,1
2026-09-10T03:45:00+08:00,1788983100000,102.77,102.87,102.11,102.28,184901.48,184901.48,18932850.0996,1
2026-09-10T04:00:00+08:00,1788984000000,102.28,102.36,102.08,102.2,68501.85,68501.85,7003605.4557,1
2026-09-10T04:15:00+08:00,1788984900000,102.21,102.53,101.75,102.05,163567.93,163567.93,16704777.98,1
2026-09-10T04:30:00+08:00,1788985800000,102.06,102.62,102.03,102.39,105334.8,105334.8,10788472.9111,1
2026-09-10T04:45:00+08:00,1788986700000,102.39,102.55,102.04,102.5,80199.13,80199.13,8203305.6944,1
2026-09-10T05:00:00+08:00,1788987600000,102.5,102.55,102.24,102.35,65641.11,65641.11,6721982.1901,1
2026-09-10T05:15:00+08:00,1788988500000,102.35,102.48,102.03,102.38,61931.83,61931.83,6332636.0126,1
2026-09-10T05:30:00+08:00,1788989400000,102.39,102.5,102,102,111442.17,111442.17,11400073.0714,1
2026-09-10T05:45:00+08:00,1788990300000,102,102.15,101.74,102.05,69594.08,69594.08,7093959.8984,1
2026-09-10T06:00:00+08:00,1788991200000,102.05,102.14,100.15,101.09,602954.17,602954.17,60895796.2788,1
2026-09-10T06:15:00+08:00,1788992100000,101.09,101.53,100.89,101.44,109005.93,109005.93,11038422.3323,1
2026-09-10T06:30:00+08:00,1788993000000,101.45,101.47,101,101.33,98924.66,98924.66,10011895.1763,1
2026-09-10T06:45:00+08:00,1788993900000,101.33,101.34,100.71,100.75,83447.08,83447.08,8421753.8497,1
2026-09-10T07:00:00+08:00,1788994800000,100.75,101.45,100.65,101.44,71405.4,71405.4,7224249.246,1
2026-09-10T07:15:00+08:00,1788995700000,101.44,101.48,101.31,101.47,52222.87,52222.87,5295363.4984,1
2026-09-10T07:30:00+08:00,1788996600000,101.48,101.68,101.43,101.61,56254.07,56254.07,5714194.0106,1
2026-09-10T07:45:00+08:00,1788997500000,101.6,101.7,101.47,101.5,52436.09,52436.09,5328045.3583,1
2026-09-10T08:00:00+08:00,1788998400000,101.51,101.67,101.35,101.38,58985.24,58985.24,5986098.9227,1
2026-09-10T08:15:00+08:00,1788999300000,101.37,101.45,101.16,101.27,43812.62,43812.62,4437705.9696,1
2026-09-10T08:30:00+08:00,1789000200000,101.26,101.45,100.93,100.99,88274.45,88274.45,8928466.6572,1
2026-09-10T08:45:00+08:00,1789001100000,100.98,101.25,100.88,100.94,73870.86,73870.86,7463628.5477,1
2026-09-10T09:00:00+08:00,1789002000000,100.95,101.69,100.92,101.25,106857.44,106857.44,10831448.8721,1
2026-09-10T09:15:00+08:00,1789002900000,101.24,101.32,100.97,100.98,103451.86,103451.86,10464008.228,1
2026-09-10T09:30:00+08:00,1789003800000,100.98,101.08,100.32,100.87,205427.82,205427.82,20668910.273,1
2026-09-10T09:45:00+08:00,1789004700000,100.87,101.1,100.58,101,66674.63,66674.63,6722064.5366,1
2026-09-10T10:00:00+08:00,1789005600000,101,101.18,100.94,101.09,42547.59,42547.59,4299036.9268,1
2026-09-10T10:15:00+08:00,1789006500000,101.09,101.16,100.93,101.05,36984.86,36984.86,3737178.0161,1
2026-09-10T10:30:00+08:00,1789007400000,101.04,101.57,101.01,101.54,94353.26,94353.26,9567982.9009,1
2026-09-10T10:45:00+08:00,1789008300000,101.53,101.84,101.53,101.83,95716.64,95716.64,9736951.5073,1
2026-09-10T11:00:00+08:00,1789009200000,101.83,102.01,101.77,101.86,69097.97,69097.97,7040824.2218,1
2026-09-10T11:15:00+08:00,1789010100000,101.85,101.9,101.61,101.88,76464.53,76464.53,7779885.4087,1
2026-09-10T11:30:00+08:00,1789011000000,101.88,101.94,101.61,101.77,56572.09,56572.09,5757212.2906,1
2026-09-10T11:45:00+08:00,1789011900000,101.77,101.99,101.6,101.77,70122.88,70122.88,7137486.2292,1
2026-09-10T12:00:00+08:00,1789012800000,101.76,101.96,101.73,101.91,63903.25,63903.25,6511241.1486,1
2026-09-10T12:15:00+08:00,1789013700000,101.9,102.24,101.89,102.02,110957.63,110957.63,11324170.6058,1
2026-09-10T12:30:00+08:00,1789014600000,102.01,102.12,101.87,101.89,45533.56,45533.56,4643925.5579,1
2026-09-10T12:45:00+08:00,1789015500000,101.88,102.11,101.72,101.93,67537.6,67537.6,6882663.9953,1
2026-09-10T13:00:00+08:00,1789016400000,101.93,102.14,101.53,102.11,106854.4,106854.4,10877589.7648,1
2026-09-10T13:15:00+08:00,1789017300000,102.11,102.12,101.8,102.05,55882.27,55882.27,5697070.6416,1
2026-09-10T13:30:00+08:00,1789018200000,102.04,102.12,101.87,101.94,30674.95,30674.95,3129408.8229,1
2026-09-10T13:45:00+08:00,1789019100000,101.94,102.08,101.93,102.05,37135.54,37135.54,3787737.6512,1
2026-09-10T14:00:00+08:00,1789020000000,102.05,102.06,101.6,101.6,46612.94,46612.94,4742808.6688,1
2026-09-10T14:15:00+08:00,1789020900000,101.61,101.63,101.34,101.63,64410.95,64410.95,6535608.3579,1
2026-09-10T14:30:00+08:00,1789021800000,101.63,101.78,101.56,101.66,38598.14,38598.14,3924162.3929,1
2026-09-10T14:45:00+08:00,1789022700000,101.67,102.1,101.67,101.87,59921.99,59921.99,6110443.8338,1
2026-09-10T15:00:00+08:00,1789023600000,101.88,101.88,101.46,101.58,67543.41,67543.41,6862808.0633,1
2026-09-10T15:15:00+08:00,1789024500000,101.57,101.58,101.03,101.04,98733.29,98733.29,9996194.6635,1
2026-09-10T15:30:00+08:00,1789025400000,101.05,101.09,100.77,101.07,139386.92,139386.92,14070714.433,1
2026-09-10T15:45:00+08:00,1789026300000,101.07,101.3,101.05,101.26,60576.73,60576.73,6130314.2319,1
2026-09-10T16:00:00+08:00,1789027200000,101.26,101.36,101.02,101.1,111856.89,111856.89,11315516.0019,1
2026-09-10T16:15:00+08:00,1789028100000,101.11,101.37,101,101.27,78789.02,78789.02,7972821.6455,1
2026-09-10T16:30:00+08:00,1789029000000,101.26,101.28,100.97,101.12,54199.94,54199.94,5481339.0597,1
2026-09-10T16:45:00+08:00,1789029900000,101.12,101.24,101.08,101.11,18140.15,18140.15,1835059.7397,1
2026-09-10T17:00:00+08:00,1789030800000,101.12,101.26,101.08,101.19,32800.21,32800.21,3317806.0663,1
2026-09-10T17:15:00+08:00,1789031700000,101.2,101.38,101.13,101.34,34991.38,34991.38,3543076.6884,1
2026-09-10T17:30:00+08:00,1789032600000,101.33,101.33,100.74,100.96,111574.66,111574.66,11260679.3959,1
2026-09-10T17:45:00+08:00,1789033500000,100.96,101.17,100.91,101.08,68741.99,68741.99,6947815.3753,1
2026-09-10T18:00:00+08:00,1789034400000,101.07,101.32,100.99,101.13,82412.53,82412.53,8334975.532,1
2026-09-10T18:15:00+08:00,1789035300000,101.13,101.21,101,101.1,22898.79,22898.79,2315661.4835,1
2026-09-10T18:30:00+08:00,1789036200000,101.1,101.33,100.8,101.33,85432.55,85432.55,8635683.5401,1
2026-09-10T18:45:00+08:00,1789037100000,101.32,101.35,101,101,38469.69,38469.69,3892204.4966,1
2026-09-10T19:00:00+08:00,1789038000000,101,101.05,100.76,101.04,77856.96,77856.96,7857033.1962,1
2026-09-10T19:15:00+08:00,1789038900000,101.05,101.34,101.04,101.33,64465.77,64465.77,6527580.5709,1
2026-09-10T19:30:00+08:00,1789039800000,101.33,101.48,101.25,101.32,99099.2,99099.2,10047349.8962,1
2026-09-10T19:45:00+08:00,1789040700000,101.33,101.35,100.9,100.93,106133.99,106133.99,10730890.4269,1
2026-09-10T20:00:00+08:00,1789041600000,100.93,101.18,100.79,100.99,55966.51,55966.51,5651142.4518,1
2026-09-10T20:15:00+08:00,1789042500000,100.99,101.2,100.93,101.16,86148.93,86148.93,8706000.0623,1
2026-09-10T20:30:00+08:00,1789043400000,101.16,101.48,99.3,100.02,1026800.06,1026800.06,102914447.5665,1
2026-09-10T20:45:00+08:00,1789044300000,100.03,100.08,98.3,98.87,893753.24,893753.24,88576718.3231,1
2026-09-10T21:00:00+08:00,1789045200000,98.87,99.44,98.81,99.02,306228.37,306228.37,30369834.5875,1
2026-09-10T21:15:00+08:00,1789046100000,99.02,99.5,98.98,99.43,141268.34,141268.34,14020213.8627,1
2026-09-10T21:30:00+08:00,1789047000000,99.44,99.61,99.16,99.45,213065.73,213065.73,21180205.8929,1
2026-09-10T21:45:00+08:00,1789047900000,99.45,99.83,99.24,99.68,184645.29,184645.29,18391741.631,1
2026-09-10T22:00:00+08:00,1789048800000,99.68,100,99.34,99.41,135385.54,135385.54,13496744.81,1
2026-09-10T22:15:00+08:00,1789049700000,99.4,100.3,99.18,100.03,316220.31,316220.31,31559496.4697,1
2026-09-10T22:30:00+08:00,1789050600000,100.03,100.24,99.98,100.1,72232.16,72232.16,7231042.8599,1
2026-09-10T22:45:00+08:00,1789051500000,100.11,100.31,99.9,100.14,74358,74358,7441343.7033,1
2026-09-10T23:00:00+08:00,1789052400000,100.13,100.14,99.62,100,80613.44,80613.44,8051731.5694,1
2026-09-10T23:15:00+08:00,1789053300000,100,100.1,99.58,99.58,55361.07,55361.07,5523030.5737,1
2026-09-10T23:30:00+08:00,1789054200000,99.57,100.08,99.52,99.58,100060.17,100060.17,9981759.7121,1
2026-09-10T23:45:00+08:00,1789055100000,99.58,99.74,99.37,99.67,129393.05,129393.05,12878412.1882,1
2026-09-11T00:00:00+08:00,1789056000000,99.67,99.86,99.14,99.36,155821.45,155821.45,15498955.7606,1
2026-09-11T00:15:00+08:00,1789056900000,99.36,99.39,98.95,99.1,108434.89,108434.89,10749711.3158,1
2026-09-11T00:30:00+08:00,1789057800000,99.1,99.4,98.78,99.38,133948.43,133948.43,13269861.2027,1
2026-09-11T00:45:00+08:00,1789058700000,99.39,99.8,99.39,99.62,106923.1,106923.1,10649458.715,1
2026-09-11T01:00:00+08:00,1789059600000,99.63,99.88,99.5,99.79,73562.03,73562.03,7332937.3413,1
2026-09-11T01:15:00+08:00,1789060500000,99.79,100.09,99.63,99.97,122351.69,122351.69,12217956.1817,1
2026-09-11T01:30:00+08:00,1789061400000,99.97,100.43,99.85,100.08,205279.43,205279.43,20561940.6576,1
2026-09-11T01:45:00+08:00,1789062300000,100.09,100.16,99.88,99.92,66095.11,66095.11,6611327.6147,1
2026-09-11T02:00:00+08:00,1789063200000,99.91,99.95,99.25,99.26,90540.92,90540.92,9010726.4851,1
2026-09-11T02:15:00+08:00,1789064100000,99.26,99.49,99.15,99.35,41665.75,41665.75,4137134.6113,1
2026-09-11T02:30:00+08:00,1789065000000,99.34,99.52,99.2,99.48,46322.18,46322.18,4604415.7786,1
2026-09-11T02:45:00+08:00,1789065900000,99.48,99.91,99.38,99.87,62988.35,62988.35,6279532.4776,1
2026-09-11T03:00:00+08:00,1789066800000,99.88,99.88,99.65,99.78,38098.91,38098.91,3800303.7617,1
2026-09-11T03:15:00+08:00,1789067700000,99.78,100.02,99.66,99.87,57120.87,57120.87,5703766.0291,1
2026-09-11T03:30:00+08:00,1789068600000,99.87,100.07,99.61,100,94036.96,94036.96,9390594.1284,1
2026-09-11T03:45:00+08:00,1789069500000,100.01,100.01,99.53,99.63,95875.63,95875.63,9558114.2725,1
2026-09-11T04:00:00+08:00,1789070400000,99.63,100.05,99.57,100.03,47798.92,47798.92,4771397.8129,1
2026-09-11T04:15:00+08:00,1789071300000,100.03,100.09,99.91,100.05,53244.62,53244.62,5325340.1057,1
2026-09-11T04:30:00+08:00,1789072200000,100.06,100.06,99.9,100.03,22639.86,22639.86,2263151.556,1
2026-09-11T04:45:00+08:00,1789073100000,100.03,100.07,99.82,99.99,30250.46,30250.46,3024385.1355,1
2026-09-11T05:00:00+08:00,1789074000000,99.99,100.09,99.91,99.95,17845.86,17845.86,1784905.6343,1
2026-09-11T05:15:00+08:00,1789074900000,99.95,100.02,99.86,99.97,20980.43,20980.43,2096529.7855,1
2026-09-11T05:30:00+08:00,1789075800000,99.98,99.98,99.77,99.8,35197.82,35197.82,3515082.6531,1
2026-09-11T05:45:00+08:00,1789076700000,99.81,99.99,99.7,99.76,14395.34,14395.34,1437454.4049,1
2026-09-11T06:00:00+08:00,1789077600000,99.76,100.05,99.66,99.92,54841.23,54841.23,5475335.3571,1
2026-09-11T06:15:00+08:00,1789078500000,99.91,100.05,99.78,99.79,18416.71,18416.71,1840496.7664,1
2026-09-11T06:30:00+08:00,1789079400000,99.8,99.83,99.19,99.3,101484.86,101484.86,10091507.3923,1
2026-09-11T06:45:00+08:00,1789080300000,99.3,99.61,99.17,99.21,67605.69,67605.69,6718982.0906,1
2026-09-11T07:00:00+08:00,1789081200000,99.2,99.34,98.63,98.68,161803.65,161803.65,16018158.4092,1
2026-09-11T07:15:00+08:00,1789082100000,98.68,99.14,98.55,98.94,88950.43,88950.43,8798515.1881,1
2026-09-11T07:30:00+08:00,1789083000000,98.95,99.17,98.91,99.08,45181.81,45181.81,4473745.3551,1
2026-09-11T07:45:00+08:00,1789083900000,99.08,99.09,98.54,98.61,58772.12,58772.12,5803788.1567,1
2026-09-11T08:00:00+08:00,1789084800000,98.61,99.36,98.52,99.06,110635.8,110635.8,10959653.6148,1
2026-09-11T08:15:00+08:00,1789085700000,99.06,99.09,98.72,98.89,59327.79,59327.79,5868316.5843,1
2026-09-11T08:30:00+08:00,1789086600000,98.89,98.9,98.53,98.66,86535.56,86535.56,8539360.7489,1
2026-09-11T08:45:00+08:00,1789087500000,98.66,99.17,98.6,99.12,55679.29,55679.29,5507028.9131,1
2026-09-11T09:00:00+08:00,1789088400000,99.11,99.44,99.06,99.3,65177.83,65177.83,6473567.9992,1
2026-09-11T09:15:00+08:00,1789089300000,99.31,99.42,98.93,98.94,131437.62,131437.62,13032344.6489,1
2026-09-11T09:30:00+08:00,1789090200000,98.94,99.2,98.66,99.04,81869.74,81869.74,8092827.749,1
2026-09-11T09:45:00+08:00,1789091100000,99.05,99.43,98.86,99.38,59741.49,59741.49,5928691.4952,1
2026-09-11T10:00:00+08:00,1789092000000,99.38,99.48,99.18,99.46,43815.04,43815.04,4352786.7313,1
2026-09-11T10:15:00+08:00,1789092900000,99.46,99.46,99.01,99.17,50139.21,50139.21,4973440.7721,1
2026-09-11T10:30:00+08:00,1789093800000,99.16,99.36,99,99.19,34576.92,34576.92,3430199.6309,1
2026-09-11T10:45:00+08:00,1789094700000,99.19,99.4,99.12,99.26,40691.5,40691.5,4040414.334,1
2026-09-11T11:00:00+08:00,1789095600000,99.26,99.33,98.88,99.29,92215.48,92215.48,9132217.4762,1
2026-09-11T11:15:00+08:00,1789096500000,99.3,99.32,98.96,99.21,77522.19,77522.19,7680992.0063,1
2026-09-11T11:30:00+08:00,1789097400000,99.21,99.44,99,99.39,69299.68,69299.68,6881770.0505,1
2026-09-11T11:45:00+08:00,1789098300000,99.38,99.38,99.16,99.25,27156.87,27156.87,2695517.3884,1
2026-09-11T12:00:00+08:00,1789099200000,99.26,99.47,99.18,99.47,56562.85,56562.85,5619224.0844,1
2026-09-11T12:15:00+08:00,1789100100000,99.46,99.9,99.35,99.87,177926.67,177926.67,17732928.8929,1
2026-09-11T12:30:00+08:00,1789101000000,99.87,99.91,99.63,99.7,68851.46,68851.46,6871277.1446,1
2026-09-11T12:45:00+08:00,1789101900000,99.7,99.74,99.6,99.64,38716.07,38716.07,3858555.1231,1
2026-09-11T13:00:00+08:00,1789102800000,99.63,99.8,99.6,99.73,56187.88,56187.88,5601212.6351,1
2026-09-11T13:15:00+08:00,1789103700000,99.74,99.76,99.5,99.59,81390.78,81390.78,8108589.6937,1
2026-09-11T13:30:00+08:00,1789104600000,99.6,99.82,99.55,99.82,76035.59,76035.59,7579441.1135,1
2026-09-11T13:45:00+08:00,1789105500000,99.82,99.85,99.74,99.85,37334.12,37334.12,3725564.274,1
2026-09-11T14:00:00+08:00,1789106400000,99.84,99.96,99.77,99.91,56766.89,56766.89,5667552.6677,1
2026-09-11T14:15:00+08:00,1789107300000,99.9,99.92,99.58,99.7,107956.43,107956.43,10767182.8366,1
2026-09-11T14:30:00+08:00,1789108200000,99.69,99.7,99.49,99.67,54012.25,54012.25,5378601.8444,1
2026-09-11T14:45:00+08:00,1789109100000,99.66,99.78,99.65,99.77,19110.91,19110.91,1906201.76,1
2026-09-11T15:00:00+08:00,1789110000000,99.77,99.94,99.75,99.82,44479.09,44479.09,4441569.1468,1
2026-09-11T15:15:00+08:00,1789110900000,99.82,100.1,99.81,99.84,70303.61,70303.61,7027067.1012,1
2026-09-11T15:30:00+08:00,1789111800000,99.84,99.88,99.7,99.82,65173.48,65173.48,6503553.6048,1
2026-09-11T15:45:00+08:00,1789112700000,99.81,99.83,99.64,99.69,60995.59,60995.59,6081775.3612,1
2026-09-11T16:00:00+08:00,1789113600000,99.7,99.75,99.43,99.48,51765.86,51765.86,5152457.9036,1
2026-09-11T16:15:00+08:00,1789114500000,99.49,99.97,99.48,99.83,58261.83,58261.83,5813924.8654,1
2026-09-11T16:30:00+08:00,1789115400000,99.82,100.25,99.8,99.97,111067.64,111067.64,11115716.9994,1
2026-09-11T16:45:00+08:00,1789116300000,99.96,99.98,99.77,99.87,35634.51,35634.51,3559314.3067,1
2026-09-11T17:00:00+08:00,1789117200000,99.87,99.9,99.62,99.68,96770.64,96770.64,9654004.2062,1
2026-09-11T17:15:00+08:00,1789118100000,99.68,99.7,99.54,99.59,32934.18,32934.18,3280866.0265,1
2026-09-11T17:30:00+08:00,1789119000000,99.58,99.64,98.95,99.12,176646.95,176646.95,17524181.6915,1
2026-09-11T17:45:00+08:00,1789119900000,99.12,99.41,99.06,99.35,53591.69,53591.69,5319183.8215,1
2026-09-11T18:00:00+08:00,1789120800000,99.34,99.69,99.16,99.48,107549.65,107549.65,10703022.6729,1
2026-09-11T18:15:00+08:00,1789121700000,99.48,99.67,99.35,99.37,41520.85,41520.85,4132521.316,1
2026-09-11T18:30:00+08:00,1789122600000,99.37,99.43,99.2,99.22,32975.51,32975.51,3274741.5441,1
2026-09-11T18:45:00+08:00,1789123500000,99.21,99.32,99.1,99.11,18089.59,18089.59,1794833.8927,1
2026-09-11T19:00:00+08:00,1789124400000,99.11,99.15,98.54,98.58,199737.32,199737.32,19729909.21,1
2026-09-11T19:15:00+08:00,1789125300000,98.57,99.02,98.53,98.88,187011.2,187011.2,18478130.0841,1
2026-09-11T19:30:00+08:00,1789126200000,98.87,99.29,98.78,99.28,99217.35,99217.35,9830129.1168,1
2026-09-11T19:45:00+08:00,1789127100000,99.28,99.56,99.25,99.42,111455.97,111455.97,11079574.0177,1
2026-09-11T20:00:00+08:00,1789128000000,99.42,99.6,99.13,99.27,143805.35,143805.35,14285363.5413,1
2026-09-11T20:15:00+08:00,1789128900000,99.27,100.11,99.04,99.58,258013.81,258013.81,25658068.8713,1
2026-09-11T20:30:00+08:00,1789129800000,99.59,101.17,97.77,100.86,1601892.24,1601892.24,159634523.1343,1
2026-09-11T20:45:00+08:00,1789130700000,100.86,101.78,100.76,101.61,506528.72,506528.72,51350652.5454,1
2026-09-11T21:00:00+08:00,1789131600000,101.62,101.65,101.05,101.48,255744.91,255744.91,25902548.8731,1
2026-09-11T21:15:00+08:00,1789132500000,101.49,101.61,101.03,101.06,165438.54,165438.54,16764256.2389,1
2026-09-11T21:30:00+08:00,1789133400000,101.05,101.87,100.54,101.71,348050.05,348050.05,35201173.4904,1
2026-09-11T21:45:00+08:00,1789134300000,101.72,104.84,101.53,104.82,1050874.11,1050874.11,108580783.1695,1
2026-09-11T22:00:00+08:00,1789135200000,104.82,105.77,103.57,103.93,1032058.15,1032058.15,108091372.765,1
2026-09-11T22:15:00+08:00,1789136100000,103.93,104.19,103.52,103.86,233132.83,233132.83,24192522.5147,1
2026-09-11T22:30:00+08:00,1789137000000,103.86,103.89,102.85,103.13,290189.92,290189.92,29966902.9075,1
2026-09-11T22:45:00+08:00,1789137900000,103.14,103.41,102.78,103.22,184855.28,184855.28,19064775.892,1
2026-09-11T23:00:00+08:00,1789138800000,103.23,103.3,102.75,102.77,143225.72,143225.72,14755743.8131,1
2026-09-11T23:15:00+08:00,1789139700000,102.77,103.43,102.72,103.3,125167.75,125167.75,12911495.1545,1
2026-09-11T23:30:00+08:00,1789140600000,103.3,103.57,103.12,103.14,154915.47,154915.47,16016425.8254,1
2026-09-11T23:45:00+08:00,1789141500000,103.14,103.38,101.16,101.54,611171.8,611171.8,62348216.7189,1
2026-09-12T00:00:00+08:00,1789142400000,101.53,102.3,101.44,101.9,250222.84,250222.84,25523767.6808,1
2026-09-12T00:15:00+08:00,1789143300000,101.9,102.07,101.23,101.67,254430.99,254430.99,25850903.9771,1
2026-09-12T00:30:00+08:00,1789144200000,101.67,101.95,101.43,101.91,79752.01,79752.01,8113608.3727,1
2026-09-12T00:45:00+08:00,1789145100000,101.91,102.36,101.89,102.27,125495.42,125495.42,12823106.373,1
2026-09-12T01:00:00+08:00,1789146000000,102.28,102.43,102,102,87819.08,87819.08,8979555.9555,1
2026-09-12T01:15:00+08:00,1789146900000,102,102.42,101.93,102.24,77415.13,77415.13,7910656.4449,1
2026-09-12T01:30:00+08:00,1789147800000,102.24,102.38,101.89,101.98,51539.82,51539.82,5263072.0596,1
2026-09-12T01:45:00+08:00,1789148700000,101.98,102.08,101.75,101.88,44042.97,44042.97,4489226.2625,1
2026-09-12T02:00:00+08:00,1789149600000,101.88,101.98,100.26,100.94,447451.6,447451.6,45175680.8406,1
2026-09-12T02:15:00+08:00,1789150500000,100.94,101.55,100.89,101.38,149494.99,149494.99,15143195.1445,1
2026-09-12T02:30:00+08:00,1789151400000,101.37,101.51,101.21,101.36,50276.11,50276.11,5095147.401,1
2026-09-12T02:45:00+08:00,1789152300000,101.36,101.6,100.72,101.02,120189.49,120189.49,12146240.499,1
2026-09-12T03:00:00+08:00,1789153200000,101.03,101.34,100.74,101.17,99836.51,99836.51,10094353.9553,1
2026-09-12T03:15:00+08:00,1789154100000,101.16,101.55,100.83,101.45,93683.4,93683.4,9475418.482,1
2026-09-12T03:30:00+08:00,1789155000000,101.46,101.71,101.42,101.67,115774.03,115774.03,11759316.1134,1
2026-09-12T03:45:00+08:00,1789155900000,101.66,102.11,101.55,101.95,123152.45,123152.45,12544253.4144,1
2026-09-12T04:00:00+08:00,1789156800000,101.96,102.9,101.94,102.8,173336.18,173336.18,17770690.4275,1
2026-09-12T04:15:00+08:00,1789157700000,102.79,102.94,102.4,102.45,126273.09,126273.09,12960576.8284,1
2026-09-12T04:30:00+08:00,1789158600000,102.44,102.78,102.14,102.54,167672.11,167672.11,17181350.0094,1
2026-09-12T04:45:00+08:00,1789159500000,102.54,102.6,101.93,102.42,160980.32,160980.32,16448564.7513,1
2026-09-12T05:00:00+08:00,1789160400000,102.43,102.83,102.36,102.74,109135.34,109135.34,11197475.4524,1
2026-09-12T05:15:00+08:00,1789161300000,102.75,103.09,102.75,102.82,68212.2,68212.2,7018212.6697,1
2026-09-12T05:30:00+08:00,1789162200000,102.82,102.87,102.5,102.69,48955.25,48955.25,5028014.1361,1
2026-09-12T05:45:00+08:00,1789163100000,102.69,102.7,101.99,102.05,67803.92,67803.92,6935808.3054,1
2026-09-12T06:00:00+08:00,1789164000000,102.04,102.44,101.81,102.19,129786.36,129786.36,13247352.6966,1
2026-09-12T06:15:00+08:00,1789164900000,102.19,102.32,101.93,101.98,124628.23,124628.23,12728083.538,1
2026-09-12T06:30:00+08:00,1789165800000,101.97,102.16,101.57,101.92,143300.71,143300.71,14599481.0171,1
2026-09-12T06:45:00+08:00,1789166700000,101.92,101.94,101.47,101.83,106942.3,106942.3,10875254.1103,1
2026-09-12T07:00:00+08:00,1789167600000,101.83,102.18,101.73,102.09,59747.44,59747.44,6095761.0017,1
2026-09-12T07:15:00+08:00,1789168500000,102.1,102.32,102.02,102.21,40114.3,40114.3,4098820.2406,1
2026-09-12T07:30:00+08:00,1789169400000,102.2,102.35,102.17,102.24,37445.98,37445.98,3829618.3193,1
2026-09-12T07:45:00+08:00,1789170300000,102.25,102.43,102.24,102.42,31405.68,31405.68,3214955.8144,1
2026-09-12T08:00:00+08:00,1789171200000,102.42,102.53,102.1,102.29,82520.8,82520.8,8441185.4766,1
2026-09-12T08:15:00+08:00,1789172100000,102.29,102.33,102.11,102.12,31759.85,31759.85,3246799.545,1
2026-09-12T08:30:00+08:00,1789173000000,102.12,102.21,102.01,102.06,42139.12,42139.12,4301516.5688,1
2026-09-12T08:45:00+08:00,1789173900000,102.07,102.07,101.72,101.87,81505.5,81505.5,8306177.639,1
2026-09-12T09:00:00+08:00,1789174800000,101.87,102.19,101.78,102.19,50984.51,50984.51,5201284.2997,1
2026-09-12T09:15:00+08:00,1789175700000,102.19,102.2,101.97,102.03,27038.21,27038.21,2759498.2998,1
2026-09-12T09:30:00+08:00,1789176600000,102.04,102.09,101.84,102.01,51207.31,51207.31,5221407.6463,1
2026-09-12T09:45:00+08:00,1789177500000,102.01,102.2,101.94,101.94,72091.81,72091.81,7359312.7705,1
2026-09-12T10:00:00+08:00,1789178400000,101.94,102.04,101.73,101.73,25963.13,25963.13,2644973.5121,1
2026-09-12T10:15:00+08:00,1789179300000,101.74,101.85,101.74,101.75,18400.31,18400.31,1872874.8261,1
2026-09-12T10:30:00+08:00,1789180200000,101.74,101.83,101.6,101.64,65840.17,65840.17,6696598.3397,1
2026-09-12T10:45:00+08:00,1789181100000,101.64,101.86,101.59,101.82,97302.35,97302.35,9898037.7218,1
2026-09-12T11:00:00+08:00,1789182000000,101.81,101.88,101.63,101.68,68750.36,68750.36,6994211.1062,1
2026-09-12T11:15:00+08:00,1789182900000,101.68,101.82,101.52,101.73,74647.5,74647.5,7589326.6107,1
2026-09-12T11:30:00+08:00,1789183800000,101.73,101.73,101.53,101.55,16566.69,16566.69,1683554.5121,1
2026-09-12T11:45:00+08:00,1789184700000,101.56,101.59,101.41,101.59,33942.78,33942.78,3444631.5385,1
2026-09-12T12:00:00+08:00,1789185600000,101.58,101.72,101.56,101.62,30143.44,30143.44,3063601.0672,1
2026-09-12T12:15:00+08:00,1789186500000,101.61,101.72,101.5,101.72,39892.12,39892.12,4053490.6755,1
2026-09-12T12:30:00+08:00,1789187400000,101.72,101.87,101.71,101.72,79314.05,79314.05,8072689.6917,1
2026-09-12T12:45:00+08:00,1789188300000,101.72,101.72,101.55,101.55,19181.83,19181.83,1949611.977,1
2026-09-12T13:00:00+08:00,1789189200000,101.55,101.6,101.42,101.45,30096.88,30096.88,3054759.2853,1
2026-09-12T13:15:00+08:00,1789190100000,101.45,101.61,101.32,101.4,88839.12,88839.12,9013133.0867,1
2026-09-12T13:30:00+08:00,1789191000000,101.4,101.68,101.37,101.57,83532.71,83532.71,8482243.307,1
2026-09-12T13:45:00+08:00,1789191900000,101.58,101.66,101.55,101.59,25002.38,25002.38,2540250.192,1
2026-09-12T14:00:00+08:00,1789192800000,101.6,101.61,101.46,101.48,38965.45,38965.45,3955840.8915,1
2026-09-12T14:15:00+08:00,1789193700000,101.49,101.71,101.49,101.63,27847.52,27847.52,2830585.2609,1
2026-09-12T14:30:00+08:00,1789194600000,101.63,101.83,101.62,101.73,71994.94,71994.94,7323654.2926,1
2026-09-12T14:45:00+08:00,1789195500000,101.72,101.84,101.63,101.64,50757.53,50757.53,5164309.2042,1
2026-09-12T15:00:00+08:00,1789196400000,101.64,101.76,101.62,101.76,25531.31,25531.31,2596522.5938,1
2026-09-12T15:15:00+08:00,1789197300000,101.76,101.92,101.68,101.71,36053.41,36053.41,3670601.268,1
2026-09-12T15:30:00+08:00,1789198200000,101.71,101.71,101.61,101.63,18604.01,18604.01,1891207.0879,1
2026-09-12T15:45:00+08:00,1789199100000,101.63,101.68,101.58,101.62,22513.27,22513.27,2287878.2371,1
2026-09-12T16:00:00+08:00,1789200000000,101.62,101.82,101.46,101.58,83669.02,83669.02,8502750.7349,1
2026-09-12T16:15:00+08:00,1789200900000,101.58,101.73,101.57,101.63,47261.44,47261.44,4803223.2735,1
2026-09-12T16:30:00+08:00,1789201800000,101.63,101.76,101.53,101.72,41204.6,41204.6,4186424.2614,1
2026-09-12T16:45:00+08:00,1789202700000,101.72,101.8,101.69,101.78,45133.7,45133.7,4592412.6383,1
2026-09-12T17:00:00+08:00,1789203600000,101.78,101.93,101.72,101.89,52460.93,52460.93,5343116.3209,1
2026-09-12T17:15:00+08:00,1789204500000,101.88,102.11,101.86,101.99,107674.95,107674.95,10982474.0133,1
2026-09-12T17:30:00+08:00,1789205400000,101.99,102.18,101.9,101.97,66417.02,66417.02,6777243.6568,1
2026-09-12T17:45:00+08:00,1789206300000,101.97,102.01,101.84,101.96,59419.81,59419.81,6056084.5261,1
2026-09-12T18:00:00+08:00,1789207200000,101.96,102.22,101.96,102.1,34897.38,34897.38,3563552.6265,1
2026-09-12T18:15:00+08:00,1789208100000,102.11,102.12,102.02,102.03,26474.24,26474.24,2702194.3871,1
2026-09-12T18:30:00+08:00,1789209000000,102.02,102.03,101.91,102,31214.57,31214.57,3182746.2881,1
2026-09-12T18:45:00+08:00,1789209900000,102.01,102.11,101.95,102.1,80642.34,80642.34,8226900.9114,1
2026-09-12T19:00:00+08:00,1789210800000,102.1,102.2,101.95,102.02,91531.24,91531.24,9341480.5819,1
2026-09-12T19:15:00+08:00,1789211700000,102.02,102.03,101.88,101.99,24261.23,24261.23,2473461.8486,1
2026-09-12T19:30:00+08:00,1789212600000,101.99,102.04,101.95,102.04,24742.6,24742.6,2523706.0817,1
2026-09-12T19:45:00+08:00,1789213500000,102.03,102.08,101.92,102.07,16495.48,16495.48,1682460.4684,1
2026-09-12T20:00:00+08:00,1789214400000,102.07,102.23,102.05,102.18,60075.98,60075.98,6135898.396,1
2026-09-12T20:15:00+08:00,1789215300000,102.18,102.29,102.06,102.26,44668.41,44668.41,4564389.1673,1
2026-09-12T20:30:00+08:00,1789216200000,102.25,102.35,102.14,102.17,39328.19,39328.19,4022128.599,1
2026-09-12T20:45:00+08:00,1789217100000,102.18,102.26,101.88,102.01,61835.17,61835.17,6308308.8694,1
2026-09-12T21:00:00+08:00,1789218000000,102,102.17,101.85,101.86,87032.42,87032.42,8876614.6394,1
2026-09-12T21:15:00+08:00,1789218900000,101.86,101.92,101.74,101.86,86500.37,86500.37,8807361.4232,1
2026-09-12T21:30:00+08:00,1789219800000,101.87,101.9,101.74,101.81,45200.36,45200.36,4602044.9333,1
2026-09-12T21:45:00+08:00,1789220700000,101.81,101.95,101.68,101.94,54621.36,54621.36,5561704.7977,1
2026-09-12T22:00:00+08:00,1789221600000,101.94,102.04,101.86,101.86,40634.3,40634.3,4142909.6848,1
2026-09-12T22:15:00+08:00,1789222500000,101.86,101.99,101.84,101.97,31696.01,31696.01,3230079.2183,1
2026-09-12T22:30:00+08:00,1789223400000,101.97,102.06,101.93,101.94,19416.91,19416.91,1980567.3446,1
2026-09-12T22:45:00+08:00,1789224300000,101.93,102.01,101.93,101.95,9395.61,9395.61,958063.9064,1
2026-09-12T23:00:00+08:00,1789225200000,101.95,102.01,101.89,101.95,36271.95,36271.95,3697964.4394,1
2026-09-12T23:15:00+08:00,1789226100000,101.94,102.11,101.89,101.98,62958.28,62958.28,6421713.5813,1
2026-09-12T23:30:00+08:00,1789227000000,101.98,102.04,101.8,102.01,52517.99,52517.99,5352502.8085,1
2026-09-12T23:45:00+08:00,1789227900000,102.01,102.09,101.86,102.01,54642.12,54642.12,5572641.1849,1
2026-09-13T00:00:00+08:00,1789228800000,102.01,102.07,101.89,101.95,46531.76,46531.76,4745715.9107,1
2026-09-13T00:15:00+08:00,1789229700000,101.95,102.02,101.91,102,18925,18925,1929876.7798,1
2026-09-13T00:30:00+08:00,1789230600000,102,102,101.87,101.95,25272.11,25272.11,2576217.615,1
2026-09-13T00:45:00+08:00,1789231500000,101.95,102.07,101.93,102.02,25505.48,25505.48,2601406.7096,1
2026-09-13T01:00:00+08:00,1789232400000,102.03,102.11,101.92,102.06,52990.27,52990.27,5407311.2762,1
2026-09-13T01:15:00+08:00,1789233300000,102.06,102.08,101.96,102,31816.08,31816.08,3246208.7011,1
2026-09-13T01:30:00+08:00,1789234200000,102,102.05,101.91,102.05,14515.16,14515.16,1480492.5472,1
2026-09-13T01:45:00+08:00,1789235100000,102.05,102.06,101.92,101.93,16051.58,16051.58,1637128.8509,1
2026-09-13T02:00:00+08:00,1789236000000,101.93,101.94,101.68,101.76,56607.86,56607.86,5761998.5972,1
2026-09-13T02:15:00+08:00,1789236900000,101.76,101.79,101.63,101.76,52871.03,52871.03,5378287.5956,1
2026-09-13T02:30:00+08:00,1789237800000,101.77,101.77,101.56,101.64,63983.65,63983.65,6503624.3328,1
2026-09-13T02:45:00+08:00,1789238700000,101.64,101.66,101.54,101.62,46012.46,46012.46,4674271.2565,1
2026-09-13T03:00:00+08:00,1789239600000,101.62,101.67,101.53,101.65,49728,49728,5052018.6214,1
2026-09-13T03:15:00+08:00,1789240500000,101.65,101.66,101.46,101.57,52131.63,52131.63,5293968.1446,1
2026-09-13T03:30:00+08:00,1789241400000,101.57,101.59,101.26,101.3,65801.82,65801.82,6671109.6765,1
2026-09-13T03:45:00+08:00,1789242300000,101.29,101.33,101.18,101.23,39533.67,39533.67,4002982.2129,1
2026-09-13T04:00:00+08:00,1789243200000,101.23,101.37,101.21,101.34,36898.53,36898.53,3738023.8904,1
2026-09-13T04:15:00+08:00,1789244100000,101.34,101.43,101.32,101.38,25505.79,25505.79,2585563.9111,1
2026-09-13T04:30:00+08:00,1789245000000,101.38,101.48,101.35,101.43,32859.4,32859.4,3331833.4161,1
2026-09-13T04:45:00+08:00,1789245900000,101.43,101.53,101.29,101.31,27173.65,27173.65,2755787.7379,1
2026-09-13T05:00:00+08:00,1789246800000,101.3,101.57,101.29,101.43,63777.95,63777.95,6469301.4644,1
2026-09-13T05:15:00+08:00,1789247700000,101.43,101.45,101.32,101.45,12530.82,12530.82,1270492.0198,1
2026-09-13T05:30:00+08:00,1789248600000,101.45,101.6,101.42,101.49,39069.55,39069.55,3966048.351,1
2026-09-13T05:45:00+08:00,1789249500000,101.49,101.51,101.41,101.41,8406,8406,852797.2542,1
2026-09-13T06:00:00+08:00,1789250400000,101.42,101.55,101.34,101.53,64011.98,64011.98,6494016.8879,1
2026-09-13T06:15:00+08:00,1789251300000,101.53,101.76,101.4,101.43,51992.52,51992.52,5282518.8684,1
2026-09-13T06:30:00+08:00,1789252200000,101.43,101.58,101.35,101.58,35366.89,35366.89,3588694.8397,1
2026-09-13T06:45:00+08:00,1789253100000,101.57,101.63,101.56,101.62,15528.99,15528.99,1577763.0905,1
2026-09-13T07:00:00+08:00,1789254000000,101.62,101.68,101.56,101.66,26684.8,26684.8,2711849.0055,1
2026-09-13T07:15:00+08:00,1789254900000,101.67,101.74,101.61,101.72,20423.84,20423.84,2076435.1488,1
2026-09-13T07:30:00+08:00,1789255800000,101.72,101.78,101.65,101.74,11092.24,11092.24,1128243.7211,1
2026-09-13T07:45:00+08:00,1789256700000,101.74,101.81,101.7,101.71,42750.79,42750.79,4349633.1312,1
2026-09-13T08:00:00+08:00,1789257600000,101.71,101.71,101.6,101.62,29251.41,29251.41,2973597.902,1
2026-09-13T08:15:00+08:00,1789258500000,101.61,101.62,101.53,101.57,14242.61,14242.61,1446735.2292,1
2026-09-13T08:30:00+08:00,1789259400000,101.57,101.62,101.53,101.56,10649.65,10649.65,1081761.9625,1
2026-09-13T08:45:00+08:00,1789260300000,101.56,101.69,101.56,101.68,15416.89,15416.89,1567055.5616,1
2026-09-13T09:00:00+08:00,1789261200000,101.69,101.99,101.68,101.85,69092.94,69092.94,7035907.9767,1
2026-09-13T09:15:00+08:00,1789262100000,101.86,102.1,101.79,101.96,98152.77,98152.77,10008805.0768,1
2026-09-13T09:30:00+08:00,1789263000000,101.95,102.11,101.86,102.09,48994.97,48994.97,4996837.8151,1
2026-09-13T09:45:00+08:00,1789263900000,102.09,102.29,102.08,102.23,64284.88,64284.88,6570664.2568,1
2026-09-13T10:00:00+08:00,1789264800000,102.23,102.28,102.03,102.07,55483.24,55483.24,5667274.6255,1
2026-09-13T10:15:00+08:00,1789265700000,102.07,102.1,101.71,101.79,84478.95,84478.95,8608452.0872,1
2026-09-13T10:30:00+08:00,1789266600000,101.8,102.03,101.79,102.01,96443.04,96443.04,9829047.4438,1
2026-09-13T10:45:00+08:00,1789267500000,102.01,102.07,101.85,101.85,55109,55109,5618880.2591,1
2026-09-13T11:00:00+08:00,1789268400000,101.86,102,101.83,101.86,41188.38,41188.38,4197807.9484,1
2026-09-13T11:15:00+08:00,1789269300000,101.85,101.99,101.82,101.84,22839.86,22839.86,2327657.9973,1
2026-09-13T11:30:00+08:00,1789270200000,101.84,101.91,101.75,101.9,32409.4,32409.4,3299798.061,1
2026-09-13T11:45:00+08:00,1789271100000,101.89,101.92,101.51,101.59,119731.69,119731.69,12170787.418,1
2026-09-13T12:00:00+08:00,1789272000000,101.59,101.77,101.47,101.62,99598.96,99598.96,10118474.7961,1
2026-09-13T12:15:00+08:00,1789272900000,101.62,101.77,101.57,101.66,22119.7,22119.7,2248887.6314,1
2026-09-13T12:30:00+08:00,1789273800000,101.67,101.72,101.62,101.66,10319.74,10319.74,1049198.6282,1
2026-09-13T12:45:00+08:00,1789274700000,101.66,101.71,101.59,101.68,16075.99,16075.99,1634069.2497,1
2026-09-13T13:00:00+08:00,1789275600000,101.67,101.83,101.64,101.81,9733.58,9733.58,990437.4467,1
2026-09-13T13:15:00+08:00,1789276500000,101.81,101.86,101.74,101.83,28404.53,28404.53,2891571.8682,1
2026-09-13T13:30:00+08:00,1789277400000,101.83,101.85,101.76,101.83,30722.19,30722.19,3127729.5906,1
2026-09-13T13:45:00+08:00,1789278300000,101.84,101.87,101.75,101.76,13895.74,13895.74,1414882.1069,1
2026-09-13T14:00:00+08:00,1789279200000,101.76,101.76,101.71,101.72,15047.84,15047.84,1530844.0418,1
2026-09-13T14:15:00+08:00,1789280100000,101.72,101.72,101.41,101.52,60340.45,60340.45,6125033.4364,1
2026-09-13T14:30:00+08:00,1789281000000,101.52,101.52,101.23,101.41,101911.08,101911.08,10326387.7388,1
2026-09-13T14:45:00+08:00,1789281900000,101.41,101.41,101.02,101.21,149971.82,149971.82,15173739.7694,1
2026-09-13T15:00:00+08:00,1789282800000,101.2,101.38,101.13,101.3,56915.82,56915.82,5764852.0353,1
2026-09-13T15:15:00+08:00,1789283700000,101.3,101.32,101.19,101.24,41011.66,41011.66,4153124.0696,1
2026-09-13T15:30:00+08:00,1789284600000,101.25,101.25,100.18,100.85,334066.28,334066.28,33669087.2439,1
2026-09-13T15:45:00+08:00,1789285500000,100.84,100.85,100.61,100.65,99553.3,99553.3,10027391.2315,1
2026-09-13T16:00:00+08:00,1789286400000,100.65,100.82,100.3,100.56,146629.31,146629.31,14748369.1845,1
2026-09-13T16:15:00+08:00,1789287300000,100.56,100.57,100.35,100.38,55727.23,55727.23,5598268.8409,1
2026-09-13T16:30:00+08:00,1789288200000,100.38,100.39,99.84,99.93,260656.6,260656.6,26075198.5185,1
2026-09-13T16:45:00+08:00,1789289100000,99.93,100.08,99.87,99.97,101770.25,101770.25,10174918.5173,1
2026-09-13T17:00:00+08:00,1789290000000,99.98,100.14,99.97,99.99,64876.72,64876.72,6491194.8914,1
2026-09-13T17:15:00+08:00,1789290900000,99.99,100.01,99.43,99.64,213398.23,213398.23,21270399.8878,1
2026-09-13T17:30:00+08:00,1789291800000,99.64,99.86,99.31,99.7,138839.45,138839.45,13825428.4041,1
2026-09-13T17:45:00+08:00,1789292700000,99.7,99.89,99.69,99.79,40284.41,40284.41,4020200.0199,1
2026-09-13T18:00:00+08:00,1789293600000,99.8,99.85,99.74,99.83,32205.36,32205.36,3213753.5793,1
2026-09-13T18:15:00+08:00,1789294500000,99.82,99.84,99.71,99.78,21982.69,21982.69,2193033.6589,1
2026-09-13T18:30:00+08:00,1789295400000,99.77,99.82,99.45,99.5,54336.65,54336.65,5413172.7773,1
2026-09-13T18:45:00+08:00,1789296300000,99.5,99.6,99.35,99.51,71887.11,71887.11,7153484.8495,1
2026-09-13T19:00:00+08:00,1789297200000,99.52,99.69,99.41,99.57,41061.78,41061.78,4089564.6832,1
2026-09-13T19:15:00+08:00,1789298100000,99.57,99.73,99.57,99.66,24326.83,24326.83,2424873.4006,1
2026-09-13T19:30:00+08:00,1789299000000,99.67,99.76,99.65,99.71,16182.16,16182.16,1613707.8168,1
2026-09-13T19:45:00+08:00,1789299900000,99.71,99.79,99.68,99.76,29174.97,29174.97,2910089.9086,1
2026-09-13T20:00:00+08:00,1789300800000,99.77,99.77,99.67,99.7,20625,20625,2056827.7412,1
2026-09-13T20:15:00+08:00,1789301700000,99.7,99.75,99.67,99.67,25011.87,25011.87,2494009.2953,1
2026-09-13T20:30:00+08:00,1789302600000,99.67,99.78,99.5,99.57,74758.12,74758.12,7447700.3592,1
2026-09-13T20:45:00+08:00,1789303500000,99.56,99.68,99.51,99.64,31053.65,31053.65,3092593.5511,1
2026-09-13T21:00:00+08:00,1789304400000,99.64,99.76,99.57,99.74,19691.59,19691.59,1962960.3824,1
2026-09-13T21:15:00+08:00,1789305300000,99.75,99.77,99.4,99.5,44147.93,44147.93,4395099.2704,1
2026-09-13T21:30:00+08:00,1789306200000,99.5,99.94,99.47,99.86,68087.76,68087.76,6788859.0286,1
2026-09-13T21:45:00+08:00,1789307100000,99.85,100.16,99.85,100.04,69096.21,69096.21,6911347.7648,1
2026-09-13T22:00:00+08:00,1789308000000,100.05,100.27,100.05,100.25,69251.2,69251.2,6936806.4445,1
2026-09-13T22:15:00+08:00,1789308900000,100.24,100.46,100.24,100.46,76555.02,76555.02,7683880.3097,1
2026-09-13T22:30:00+08:00,1789309800000,100.46,100.73,100.44,100.7,119081.87,119081.87,11978965.9546,1
2026-09-13T22:45:00+08:00,1789310700000,100.71,100.78,100.54,100.61,81223.77,81223.77,8174714.4331,1
2026-09-13T23:00:00+08:00,1789311600000,100.6,100.62,100.28,100.32,124834.84,124834.84,12533669.479,1
2026-09-13T23:15:00+08:00,1789312500000,100.32,100.52,100.12,100.3,75393.86,75393.86,7562950.1364,1
2026-09-13T23:30:00+08:00,1789313400000,100.3,100.45,100.29,100.4,20793.86,20793.86,2086734.6999,1
2026-09-13T23:45:00+08:00,1789314300000,100.4,100.4,100.18,100.18,41072.12,41072.12,4118869.6779,1
2026-09-14T00:00:00+08:00,1789315200000,100.18,100.96,100.18,100.64,143246.06,143246.06,14417229.3781,1
2026-09-14T00:15:00+08:00,1789316100000,100.64,100.79,100.56,100.64,55162.13,55162.13,5552549.0749,1
2026-09-14T00:30:00+08:00,1789317000000,100.63,100.73,100.52,100.67,41639.57,41639.57,4189934.4622,1
2026-09-14T00:45:00+08:00,1789317900000,100.67,100.79,100.6,100.75,17753.63,17753.63,1787833.3284,1
2026-09-14T01:00:00+08:00,1789318800000,100.76,101.19,100.75,100.97,93278.21,93278.21,9420184.4747,1
2026-09-14T01:15:00+08:00,1789319700000,100.97,101.09,100.94,100.95,33377.35,33377.35,3371650.2619,1
2026-09-14T01:30:00+08:00,1789320600000,100.95,100.97,100.79,100.87,37980.27,37980.27,3830724.8447,1
2026-09-14T01:45:00+08:00,1789321500000,100.87,101,100.86,100.96,28331.62,28331.62,2860232.0499,1
2026-09-14T02:00:00+08:00,1789322400000,100.96,101.04,100.9,101.04,20049.43,20049.43,2024364.9715,1
2026-09-14T02:15:00+08:00,1789323300000,101.03,101.13,101,101.1,18187.06,18187.06,1838259.8245,1
2026-09-14T02:30:00+08:00,1789324200000,101.1,101.22,101.08,101.15,45312.65,45312.65,4583985.7988,1
2026-09-14T02:45:00+08:00,1789325100000,101.15,101.23,101.13,101.15,25445.16,25445.16,2574462.8858,1
2026-09-14T03:00:00+08:00,1789326000000,101.15,101.3,100.9,100.99,41127.56,41127.56,4159317.1676,1
2026-09-14T03:15:00+08:00,1789326900000,100.99,101.01,100.87,100.94,30219.08,30219.08,3050699.445,1
2026-09-14T03:30:00+08:00,1789327800000,100.94,101.01,100.83,100.87,30073.56,30073.56,3034447.8528,1
2026-09-14T03:45:00+08:00,1789328700000,100.86,100.92,100.8,100.92,21889.08,21889.08,2207634.6705,1
2026-09-14T04:00:00+08:00,1789329600000,100.92,101.07,100.91,101.07,19791.13,19791.13,1998607.7729,1
2026-09-14T04:15:00+08:00,1789330500000,101.07,101.33,101.05,101.29,34826.14,34826.14,3524761.5834,1
2026-09-14T04:30:00+08:00,1789331400000,101.29,101.39,101.22,101.33,47764.96,47764.96,4838588.3202,1
2026-09-14T04:45:00+08:00,1789332300000,101.33,101.47,101.24,101.43,52427.64,52427.64,5314024.1005,1
2026-09-14T05:00:00+08:00,1789333200000,101.42,101.57,101.31,101.37,47490.19,47490.19,4816518.5119,1
2026-09-14T05:15:00+08:00,1789334100000,101.37,101.46,101.35,101.38,18978.44,18978.44,1924263.858,1
2026-09-14T05:30:00+08:00,1789335000000,101.38,101.4,101.11,101.3,50554.93,50554.93,5119347.6909,1
2026-09-14T05:45:00+08:00,1789335900000,101.31,101.34,101.18,101.28,26689.23,26689.23,2702682.6471,1
2026-09-14T06:00:00+08:00,1789336800000,101.28,101.28,99.72,100.08,321326.93,321326.93,32231303.5048,1
2026-09-14T06:15:00+08:00,1789337700000,100.08,100.11,99.25,99.68,169876.15,169876.15,16929240.0275,1
2026-09-14T06:30:00+08:00,1789338600000,99.69,100.02,99.48,99.87,113987.17,113987.17,11371997.5241,1
2026-09-14T06:45:00+08:00,1789339500000,99.87,100.05,99.63,99.67,61605.96,61605.96,6152031.3836,1
2026-09-14T07:00:00+08:00,1789340400000,99.66,99.95,99.44,99.51,82078.45,82078.45,8178922.1684,1
2026-09-14T07:15:00+08:00,1789341300000,99.51,99.68,99.31,99.53,75422.93,75422.93,7503480.9777,1
2026-09-14T07:30:00+08:00,1789342200000,99.54,99.79,99.45,99.57,137251.7,137251.7,13669710.025,1
2026-09-14T07:45:00+08:00,1789343100000,99.56,99.61,99.12,99.21,104839.43,104839.43,10412250.3145,1
2026-09-14T08:00:00+08:00,1789344000000,99.22,99.88,99.18,99.54,85112.12,85112.12,8466505.9852,1
2026-09-14T08:15:00+08:00,1789344900000,99.53,99.66,98.92,99.05,98933.78,98933.78,9813731.7603,1
2026-09-14T08:30:00+08:00,1789345800000,99.06,99.69,98.98,99.67,114570.26,114570.26,11398217.2814,1
2026-09-14T08:45:00+08:00,1789346700000,99.66,99.76,99.53,99.59,33882.25,33882.25,3375710.5907,1
2026-09-14T09:00:00+08:00,1789347600000,99.6,99.82,99.43,99.53,73202.17,73202.17,7294797.7377,1
2026-09-14T09:15:00+08:00,1789348500000,99.52,99.7,99.3,99.59,63137.69,63137.69,6279673.3245,1
2026-09-14T09:30:00+08:00,1789349400000,99.6,99.67,99.11,99.36,100095.56,100095.56,9949228.0699,1
2026-09-14T09:45:00+08:00,1789350300000,99.36,100.18,99.31,100.12,122990.28,122990.28,12270514.0035,1
2026-09-14T10:00:00+08:00,1789351200000,100.12,100.72,99.9,100.62,142371.68,142371.68,14286973.5843,1
2026-09-14T10:15:00+08:00,1789352100000,100.62,100.97,100.4,100.79,107111.2,107111.2,10785050.6765,1
2026-09-14T10:30:00+08:00,1789353000000,100.8,100.98,100.55,100.66,84672.8,84672.8,8532527.1572,1
2026-09-14T10:45:00+08:00,1789353900000,100.67,101.04,100.67,100.94,85203.52,85203.52,8597237.0726,1
2026-09-14T11:00:00+08:00,1789354800000,100.95,101.26,100.84,101.17,80013.66,80013.66,8088066.7442,1
2026-09-14T11:15:00+08:00,1789355700000,101.17,101.29,101,101.1,73315.86,73315.86,7416141.8162,1
2026-09-14T11:30:00+08:00,1789356600000,101.09,101.1,100.72,100.79,90141.91,90141.91,9092074.7716,1
2026-09-14T11:45:00+08:00,1789357500000,100.79,100.95,100.74,100.93,39721.24,39721.24,4005234.294,1
2026-09-14T12:00:00+08:00,1789358400000,100.93,101.07,100.82,100.87,37227.27,37227.27,3757506.6849,1
2026-09-14T12:15:00+08:00,1789359300000,100.87,101.17,100.83,100.95,65029.05,65029.05,6568826.9446,1
2026-09-14T12:30:00+08:00,1789360200000,100.95,101.2,100.84,101.16,72550.61,72550.61,7330278.1403,1
2026-09-14T12:45:00+08:00,1789361100000,101.16,101.32,101.03,101.14,64081.12,64081.12,6483608.7231,1
2026-09-14T13:00:00+08:00,1789362000000,101.13,101.18,100.98,101.16,18865.49,18865.49,1907048.7487,1
2026-09-14T13:15:00+08:00,1789362900000,101.16,101.16,100.95,100.98,31085.46,31085.46,3139959.7541,1
2026-09-14T13:30:00+08:00,1789363800000,100.98,101.13,100.92,101.04,34064.6,34064.6,3441439.1457,1
2026-09-14T13:45:00+08:00,1789364700000,101.04,101.07,100.89,101.07,17254.3,17254.3,1742212.3564,1
2026-09-14T14:00:00+08:00,1789365600000,101.08,101.97,101.04,101.69,241622.43,241622.43,24551332.182,1
2026-09-14T14:15:00+08:00,1789366500000,101.69,101.7,101.33,101.33,63353.71,63353.71,6433619.1624,1
2026-09-14T14:30:00+08:00,1789367400000,101.33,101.74,101.05,101.61,116210.15,116210.15,11785630.6417,1
2026-09-14T14:45:00+08:00,1789368300000,101.62,101.62,101.43,101.5,41126.19,41126.19,4175405.5655,1
2026-09-14T15:00:00+08:00,1789369200000,101.5,101.65,101.39,101.52,28765.46,28765.46,2920347.9802,1
2026-09-14T15:15:00+08:00,1789370100000,101.53,101.69,101.44,101.46,44125.43,44125.43,4482016.7287,1
2026-09-14T15:30:00+08:00,1789371000000,101.46,101.65,101.37,101.62,37894.92,37894.92,3846260.1047,1
2026-09-14T15:45:00+08:00,1789371900000,101.62,101.62,101.45,101.55,44702.94,44702.94,4538531.6942,1
2026-09-14T16:00:00+08:00,1789372800000,101.55,101.68,101.32,101.47,88022.61,88022.61,8934020.7143,1
2026-09-14T16:15:00+08:00,1789373700000,101.47,101.79,101.33,101.42,111655.68,111655.68,11336728.9433,1
2026-09-14T16:30:00+08:00,1789374600000,101.41,101.59,101.36,101.46,35570.65,35570.65,3608807.5388,1
2026-09-14T16:45:00+08:00,1789375500000,101.46,101.47,101.28,101.44,33569.13,33569.13,3402772.1888,1
2026-09-14T17:00:00+08:00,1789376400000,101.45,101.56,101.32,101.32,55914.04,55914.04,5673759.9221,1
2026-09-14T17:15:00+08:00,1789377300000,101.33,101.57,101.17,101.37,110497.23,110497.23,11198098.0793,1
2026-09-14T17:30:00+08:00,1789378200000,101.38,101.58,101.33,101.51,84671.58,84671.58,8591268.9875,1
2026-09-14T17:45:00+08:00,1789379100000,101.51,102.31,101.51,101.9,259866.38,259866.38,26516064.713,1
2026-09-14T18:00:00+08:00,1789380000000,101.91,101.97,101.64,101.77,99811.74,99811.74,10162185.0962,1
2026-09-14T18:15:00+08:00,1789380900000,101.76,101.84,101.64,101.74,56862.61,56862.61,5784480.9879,1
2026-09-14T18:30:00+08:00,1789381800000,101.74,101.93,101.68,101.87,44250.84,44250.84,4505368.2149,1
2026-09-14T18:45:00+08:00,1789382700000,101.88,101.96,101.71,101.73,50093.44,50093.44,5100966.4709,1
2026-09-14T19:00:00+08:00,1789383600000,101.74,101.84,101.38,101.55,98356.24,98356.24,9991440.0042,1
2026-09-14T19:15:00+08:00,1789384500000,101.56,101.83,101.53,101.79,35497.29,35497.29,3609244.2584,1
2026-09-14T19:30:00+08:00,1789385400000,101.79,101.86,101.45,101.52,68837.99,68837.99,6994911.1382,1
2026-09-14T19:45:00+08:00,1789386300000,101.52,101.53,101.25,101.32,105625.14,105625.14,10703672.7356,1
2026-09-14T20:00:00+08:00,1789387200000,101.33,101.53,101.24,101.52,42639.27,42639.27,4322744.7476,1
2026-09-14T20:15:00+08:00,1789388100000,101.52,101.76,101.46,101.76,74315.64,74315.64,7552811.6154,1
2026-09-14T20:30:00+08:00,1789389000000,101.75,101.97,101.35,101.67,258682.07,258682.07,26288153.3319,1
2026-09-14T20:45:00+08:00,1789389900000,101.67,101.75,101.14,101.34,78066.75,78066.75,7910630.4531,1
2026-09-14T21:00:00+08:00,1789390800000,101.35,101.37,100.61,101.12,227595.62,227595.62,22972585.0181,1
2026-09-14T21:15:00+08:00,1789391700000,101.11,101.42,101,101.15,66017.93,66017.93,6682987.7186,1
2026-09-14T21:30:00+08:00,1789392600000,101.16,101.81,100.93,101.42,222395.31,222395.31,22554509.0696,1
2026-09-14T21:45:00+08:00,1789393500000,101.42,101.87,101.15,101.31,132922.34,132922.34,13498793.0078,1
2026-09-14T22:00:00+08:00,1789394400000,101.31,101.95,101.26,101.79,125924.4,125924.4,12802470.4682,1
2026-09-14T22:15:00+08:00,1789395300000,101.8,101.97,101.12,101.49,119269.33,119269.33,12112903.5963,1
2026-09-14T22:30:00+08:00,1789396200000,101.49,101.92,101.34,101.5,93434.01,93434.01,9491497.5002,1
2026-09-14T22:45:00+08:00,1789397100000,101.5,101.77,101.43,101.57,89261.5,89261.5,9068958.1595,1
2026-09-14T23:00:00+08:00,1789398000000,101.58,101.78,101.28,101.69,97327.86,97327.86,9884146.8096,1
2026-09-14T23:15:00+08:00,1789398900000,101.69,101.89,101.64,101.72,64436.39,64436.39,6558702.4295,1
2026-09-14T23:30:00+08:00,1789399800000,101.72,102.24,101.69,102.13,186306.31,186306.31,19001977.0018,1
2026-09-14T23:45:00+08:00,1789400700000,102.13,102.22,101.77,101.91,125977.07,125977.07,12850906.0061,1
2026-09-15T00:00:00+08:00,1789401600000,101.91,102.11,101.81,101.84,58479.18,58479.18,5962644.3677,1
2026-09-15T00:15:00+08:00,1789402500000,101.84,102.84,101.84,102.39,257204.76,257204.76,26368020.2686,1
2026-09-15T00:30:00+08:00,1789403400000,102.39,102.66,102.31,102.4,141173.69,141173.69,14461560.8169,1
2026-09-15T00:45:00+08:00,1789404300000,102.39,102.81,102.35,102.55,93889.14,93889.14,9634109.9954,1
2026-09-15T01:00:00+08:00,1789405200000,102.56,102.94,102.46,102.92,83032.03,83032.03,8525321.0064,1
2026-09-15T01:15:00+08:00,1789406100000,102.92,103.08,102.72,102.93,146189,146189,15047848.6448,1
2026-09-15T01:30:00+08:00,1789407000000,102.92,102.96,102.5,102.88,94399.98,94399.98,9700197.0026,1
2026-09-15T01:45:00+08:00,1789407900000,102.88,103.27,102.85,103.02,104732,104732,10793606.5969,1
2026-09-15T02:00:00+08:00,1789408800000,103.02,103.28,102.88,102.97,111855.95,111855.95,11531107.5366,1
2026-09-15T02:15:00+08:00,1789409700000,102.97,103.47,102.92,103.39,137866.26,137866.26,14235065.3803,1
2026-09-15T02:30:00+08:00,1789410600000,103.39,103.82,103.3,103.52,180556.66,180556.66,18697757.9627,1
2026-09-15T02:45:00+08:00,1789411500000,103.52,103.81,103.51,103.57,107736.27,107736.27,11167266.3989,1
2026-09-15T03:00:00+08:00,1789412400000,103.56,103.56,103.09,103.35,97933.3,97933.3,10117249.7909,1
2026-09-15T03:15:00+08:00,1789413300000,103.34,103.56,103.33,103.34,59781.36,59781.36,6183310.0293,1
2026-09-15T03:30:00+08:00,1789414200000,103.33,103.4,102.85,103.26,104027.29,104027.29,10728946.3297,1
2026-09-15T03:45:00+08:00,1789415100000,103.25,103.3,103,103.21,87108.1,87108.1,8983069.3649,1
2026-09-15T04:00:00+08:00,1789416000000,103.22,104.1,103.16,103.85,139332.11,139332.11,14450933.4846,1
2026-09-15T04:15:00+08:00,1789416900000,103.84,104.62,103.83,104.52,256558.43,256558.43,26789469.4406,1
2026-09-15T04:30:00+08:00,1789417800000,104.52,104.78,104.38,104.59,145818.83,145818.83,15250718.2726,1
2026-09-15T04:45:00+08:00,1789418700000,104.59,104.77,103.91,103.95,128520.6,128520.6,13401114.971,1
2026-09-15T05:00:00+08:00,1789419600000,103.95,104.01,103.21,103.55,223529.85,223529.85,23165773.4376,1
2026-09-15T05:15:00+08:00,1789420500000,103.55,103.83,103.4,103.55,121630.55,121630.55,12600723.1588,1
2026-09-15T05:30:00+08:00,1789421400000,103.56,103.69,102.91,103.26,166590.92,166590.92,17196782.8038,1
2026-09-15T05:45:00+08:00,1789422300000,103.26,103.3,103.14,103.15,31064.69,31064.69,3206354.4149,1
2026-09-15T06:00:00+08:00,1789423200000,103.15,103.53,103.04,103.47,89523.05,89523.05,9244437.8568,1
2026-09-15T06:15:00+08:00,1789424100000,103.47,103.47,103,103.18,65625.57,65625.57,6769240.2695,1
2026-09-15T06:30:00+08:00,1789425000000,103.18,103.18,102.92,103.04,60550.42,60550.42,6239374.9553,1
2026-09-15T06:45:00+08:00,1789425900000,103.05,103.05,102.75,102.84,87510.77,87510.77,8999382.8214,1
2026-09-15T07:00:00+08:00,1789426800000,102.83,102.89,102.54,102.72,83354.33,83354.33,8562932.5185,1
2026-09-15T07:15:00+08:00,1789427700000,102.71,102.96,102.69,102.84,43678.27,43678.27,4491778.4914,1
2026-09-15T07:30:00+08:00,1789428600000,102.83,102.83,102.57,102.59,31042.58,31042.58,3187380.4437,1
2026-09-15T07:45:00+08:00,1789429500000,102.58,102.59,102.38,102.5,52492.87,52492.87,5379726.8282,1
2026-09-15T08:00:00+08:00,1789430400000,102.49,102.63,102.41,102.49,55205.54,55205.54,5660480.9595,1
2026-09-15T08:15:00+08:00,1789431300000,102.5,102.64,102.33,102.58,46609.77,46609.77,4776776.9129,1
2026-09-15T08:30:00+08:00,1789432200000,102.58,102.81,102.34,102.42,54616.67,54616.67,5604250.3044,1
2026-09-15T08:45:00+08:00,1789433100000,102.42,102.63,102.38,102.4,20490.84,20490.84,2100287.8396,1
2026-09-15T09:00:00+08:00,1789434000000,102.41,102.46,102.29,102.36,36927.91,36927.91,3780066.8557,1
2026-09-15T09:15:00+08:00,1789434900000,102.36,102.55,102.12,102.14,91942.04,91942.04,9407396.7561,1
2026-09-15T09:30:00+08:00,1789435800000,102.15,102.42,102.1,102.37,50585.74,50585.74,5175264.5759,1
2026-09-15T09:45:00+08:00,1789436700000,102.37,102.46,102.2,102.21,65000.94,65000.94,6651548.3726,1
2026-09-15T10:00:00+08:00,1789437600000,102.2,102.35,102.15,102.22,29301.09,29301.09,2995986.0191,1
2026-09-15T10:15:00+08:00,1789438500000,102.23,102.32,102.16,102.25,21403.83,21403.83,2188410.8235,1
2026-09-15T10:30:00+08:00,1789439400000,102.25,102.28,101.94,102.04,66436.88,66436.88,6782780.5158,1
2026-09-15T10:45:00+08:00,1789440300000,102.05,102.09,101.93,101.94,53942.44,53942.44,5502225.4548,1
2026-09-15T11:00:00+08:00,1789441200000,101.94,101.94,101.3,101.35,150957.47,150957.47,15340857.7684,1
2026-09-15T11:15:00+08:00,1789442100000,101.35,101.5,101.2,101.48,79711.39,79711.39,8077723.5904,1
2026-09-15T11:30:00+08:00,1789443000000,101.48,101.8,101.44,101.68,50509.98,50509.98,5134307.3968,1
2026-09-15T11:45:00+08:00,1789443900000,101.69,101.71,101.44,101.5,46557.96,46557.96,4728965.8943,1
2026-09-15T12:00:00+08:00,1789444800000,101.49,101.65,101.39,101.39,45530.21,45530.21,4622209.6863,1
2026-09-15T12:15:00+08:00,1789445700000,101.4,101.61,101.33,101.35,38227.08,38227.08,3878192.4887,1
2026-09-15T12:30:00+08:00,1789446600000,101.36,101.46,101.11,101.26,78853.39,78853.39,7983134.4831,1
2026-09-15T12:45:00+08:00,1789447500000,101.27,101.32,101.2,101.22,33646.79,33646.79,3407027.6936,1
2026-09-15T13:00:00+08:00,1789448400000,101.22,101.27,100.71,100.88,140399.36,140399.36,14179591.3702,1
2026-09-15T13:15:00+08:00,1789449300000,100.88,100.9,100.52,100.84,139851.67,139851.67,14082493.1807,1
2026-09-15T13:30:00+08:00,1789450200000,100.83,101.03,100.74,101,59384.6,59384.6,5990193.0269,1
2026-09-15T13:45:00+08:00,1789451100000,101.01,101.35,100.98,101.26,76075.22,76075.22,7699404.5933,1
2026-09-15T14:00:00+08:00,1789452000000,101.26,101.54,101.26,101.29,62716.45,62716.45,6358977.473,1
2026-09-15T14:15:00+08:00,1789452900000,101.3,101.33,100.96,100.99,44062.63,44062.63,4455017.0141,1
2026-09-15T14:30:00+08:00,1789453800000,100.99,101.1,100.93,101.04,49228.32,49228.32,4972687.2115,1
2026-09-15T14:45:00+08:00,1789454700000,101.04,101.04,100.68,100.84,75335.57,75335.57,7595988.1434,1
2026-09-15T15:00:00+08:00,1789455600000,100.84,100.88,100.65,100.78,58018.75,58018.75,5846618.2512,1
2026-09-15T15:15:00+08:00,1789456500000,100.78,101,100.73,100.77,62308.86,62308.86,6284208.7145,1
2026-09-15T15:30:00+08:00,1789457400000,100.77,100.8,100.44,100.61,131658.49,131658.49,13240912.2436,1
2026-09-15T15:45:00+08:00,1789458300000,100.6,100.61,100.28,100.38,111995.84,111995.84,11246050.7441,1
2026-09-15T16:00:00+08:00,1789459200000,100.37,100.39,100.01,100.27,125239.69,125239.69,12550543.9717,1
2026-09-15T16:15:00+08:00,1789460100000,100.28,100.4,100.14,100.23,83230.13,83230.13,8343230.2504,1
2026-09-15T16:30:00+08:00,1789461000000,100.24,100.45,100.16,100.38,63371.26,63371.26,6356136.6617,1
2026-09-15T16:45:00+08:00,1789461900000,100.38,100.61,100.32,100.59,84416.05,84416.05,8480111.8724,1
2026-09-15T17:00:00+08:00,1789462800000,100.59,100.64,100.48,100.54,44593.4,44593.4,4484134.5134,1
2026-09-15T17:15:00+08:00,1789463700000,100.54,100.59,100.45,100.57,25343.15,25343.15,2547325.2676,1
2026-09-15T17:30:00+08:00,1789464600000,100.57,100.82,100.55,100.81,62355.85,62355.85,6279114.4056,1
2026-09-15T17:45:00+08:00,1789465500000,100.82,101.04,100.73,100.76,90168.56,90168.56,9096796.3814,1
2026-09-15T18:00:00+08:00,1789466400000,100.77,100.9,100.67,100.82,93370.71,93370.71,9411744.5489,1
2026-09-15T18:15:00+08:00,1789467300000,100.81,100.89,100.63,100.65,30594.78,30594.78,3082410.1073,1
2026-09-15T18:30:00+08:00,1789468200000,100.65,100.91,100.6,100.87,43288.64,43288.64,4361804.857,1
2026-09-15T18:45:00+08:00,1789469100000,100.88,101.03,100.87,100.89,53942.15,53942.15,5445550.9814,1
2026-09-15T19:00:00+08:00,1789470000000,100.89,100.95,100.71,100.77,56844.4,56844.4,5730153.5511,1
2026-09-15T19:15:00+08:00,1789470900000,100.78,100.84,100.6,100.6,40312.11,40312.11,4060181.2877,1
2026-09-15T19:30:00+08:00,1789471800000,100.61,100.64,100.34,100.55,102019.63,102019.63,10249286.349,1
2026-09-15T19:45:00+08:00,1789472700000,100.55,100.81,100.51,100.77,40958.61,40958.61,4122856.9737,1
2026-09-15T20:00:00+08:00,1789473600000,100.77,100.95,100.74,100.89,72875.76,72875.76,7348294.0587,1
2026-09-15T20:15:00+08:00,1789474500000,100.89,101.08,100.82,100.98,80263.24,80263.24,8103720.9219,1
2026-09-15T20:30:00+08:00,1789475400000,100.99,101.01,100.81,100.89,65264.68,65264.68,6586210.5581,1
2026-09-15T20:45:00+08:00,1789476300000,100.9,101.16,100.82,100.92,99521.85,99521.85,10051956.3291,1
2026-09-15T21:00:00+08:00,1789477200000,100.92,101.34,100.92,101.06,127329.57,127329.57,12882718.5271,1
2026-09-15T21:15:00+08:00,1789478100000,101.06,101.07,100.88,100.88,34100.24,34100.24,3442847.7674,1
2026-09-15T21:30:00+08:00,1789479000000,100.89,100.9,99.58,100.21,422830.41,422830.41,42371759.786,1
2026-09-15T21:45:00+08:00,1789479900000,100.21,100.52,99.84,100.52,133666.98,133666.98,13379736.462,1
2026-09-15T22:00:00+08:00,1789480800000,100.51,100.71,100.15,100.25,128128.23,128128.23,12870222.9242,1
2026-09-15T22:15:00+08:00,1789481700000,100.26,100.34,99.86,99.89,101669.5,101669.5,10181452.4747,1
2026-09-15T22:30:00+08:00,1789482600000,99.89,99.95,98.36,98.88,601998.59,601998.59,59655762.5547,1
2026-09-15T22:45:00+08:00,1789483500000,98.88,98.91,97.88,98.79,505077.86,505077.86,49683268.4641,1
2026-09-15T23:00:00+08:00,1789484400000,98.8,99.17,98.49,99.08,184704.49,184704.49,18279496.4069,1
2026-09-15T23:15:00+08:00,1789485300000,99.08,99.71,98.9,99.45,218398.16,218398.16,21701499.8081,1
2026-09-15T23:30:00+08:00,1789486200000,99.44,99.54,99.21,99.35,105354.58,105354.58,10465286.9259,1
2026-09-15T23:45:00+08:00,1789487100000,99.34,99.56,99.19,99.32,98426.08,98426.08,9780745.2407,1
2026-09-16T00:00:00+08:00,1789488000000,99.32,99.4,98.83,98.84,92379.6,92379.6,9150711.7044,1
2026-09-16T00:15:00+08:00,1789488900000,98.84,99.32,98.84,99.23,40999.88,40999.88,4064297.4284,1
2026-09-16T00:30:00+08:00,1789489800000,99.22,99.26,99.01,99.06,37752.23,37752.23,3743236.1966,1
2026-09-16T00:45:00+08:00,1789490700000,99.06,99.3,99.01,99.04,43641.87,43641.87,4327080.4125,1
2026-09-16T01:00:00+08:00,1789491600000,99.03,99.11,98.63,98.9,91261.53,91261.53,9017960.5706,1
2026-09-16T01:15:00+08:00,1789492500000,98.9,99.39,98.82,99.36,58023.21,58023.21,5751324.2953,1
2026-09-16T01:30:00+08:00,1789493400000,99.35,100.38,99.34,99.72,265308.41,265308.41,26519626.62,1
2026-09-16T01:45:00+08:00,1789494300000,99.73,100.66,99.73,100.16,180598.86,180598.86,18118788.4817,1
2026-09-16T02:00:00+08:00,1789495200000,100.16,100.26,99.73,99.8,123992.8,123992.8,12393763.2936,1
2026-09-16T02:15:00+08:00,1789496100000,99.81,100.3,99.31,99.89,207918.49,207918.49,20726942.1506,1
2026-09-16T02:30:00+08:00,1789497000000,99.89,99.92,97.92,97.98,748065.49,748065.49,73853916.9816,1
2026-09-16T02:45:00+08:00,1789497900000,97.98,98.34,95.66,98.11,1345027.27,1345027.27,130486289.7498,1
2026-09-16T03:00:00+08:00,1789498800000,98.11,98.56,97.58,97.98,244994.16,244994.16,24033149.0076,1
2026-09-16T03:15:00+08:00,1789499700000,97.98,98.6,97.49,97.58,192658.24,192658.24,18886159.0031,1
2026-09-16T03:30:00+08:00,1789500600000,97.57,97.97,97.43,97.56,157406.41,157406.41,15382711.4176,1
2026-09-16T03:45:00+08:00,1789501500000,97.57,98,97.51,97.82,83122.3,83122.3,8127562.7328,1
2026-09-16T04:00:00+08:00,1789502400000,97.83,98.03,97.14,97.51,112869.03,112869.03,10996391.9147,1
2026-09-16T04:15:00+08:00,1789503300000,97.51,97.54,96.77,96.82,115927.85,115927.85,11262703.2724,1
2026-09-16T04:30:00+08:00,1789504200000,96.82,97.17,96.57,97.12,170192.91,170192.91,16483333.4585,1
2026-09-16T04:45:00+08:00,1789505100000,97.12,97.61,97.11,97.36,69063.3,69063.3,6725265.2245,1
2026-09-16T05:00:00+08:00,1789506000000,97.37,97.39,96.93,97.15,71340.36,71340.36,6929064.8502,1
2026-09-16T05:15:00+08:00,1789506900000,97.15,97.25,96.63,96.75,91596.54,91596.54,8879385.1155,1
2026-09-16T05:30:00+08:00,1789507800000,96.74,96.98,96.66,96.97,54037.22,54037.22,5231313.8009,1
2026-09-16T05:45:00+08:00,1789508700000,96.97,96.99,96.44,96.49,72402.98,72402.98,6996089.4932,1
2026-09-16T06:00:00+08:00,1789509600000,96.48,96.95,96.33,96.72,121665.05,121665.05,11763424.357,1
2026-09-16T06:15:00+08:00,1789510500000,96.71,96.99,96.24,96.73,132587.09,132587.09,12803882.7139,1
2026-09-16T06:30:00+08:00,1789511400000,96.74,96.96,96.65,96.91,53710.02,53710.02,5200953.3367,1
2026-09-16T06:45:00+08:00,1789512300000,96.91,97.25,96.88,97.09,55050.99,55050.99,5346322.5055,1
2026-09-16T07:00:00+08:00,1789513200000,97.1,97.47,97.06,97.47,42534.45,42534.45,4137330.5516,1
2026-09-16T07:15:00+08:00,1789514100000,97.47,97.61,97.44,97.45,75406.75,75406.75,7353828.7488,1
2026-09-16T07:30:00+08:00,1789515000000,97.44,97.45,96.83,97.1,99005.8,99005.8,9611947.5865,1
2026-09-16T07:45:00+08:00,1789515900000,97.09,97.12,96.8,96.81,42744.29,42744.29,4144554.2072,1
2026-09-16T08:00:00+08:00,1789516800000,96.82,97.14,96.78,96.88,67565.57,67565.57,6551497.326,1
2026-09-16T08:15:00+08:00,1789517700000,96.88,97.18,96.82,97.16,48931.46,48931.46,4747608.4591,1
2026-09-16T08:30:00+08:00,1789518600000,97.15,97.23,97.02,97.13,30229.61,30229.61,2936506.3477,1
2026-09-16T08:45:00+08:00,1789519500000,97.13,97.25,96.88,97.02,46141.35,46141.35,4477986.6024,1
2026-09-16T09:00:00+08:00,1789520400000,97.02,97.16,96.74,97.04,65717.12,65717.12,6368512.244,1
2026-09-16T09:15:00+08:00,1789521300000,97.03,97.24,96.95,97.02,50035.94,50035.94,4858413.3003,1
2026-09-16T09:30:00+08:00,1789522200000,97.02,97.04,96.54,96.73,114789.53,114789.53,11105263.0409,1
2026-09-16T09:45:00+08:00,1789523100000,96.73,96.82,96.33,96.43,98905.65,98905.65,9544656.0654,1
2026-09-16T10:00:00+08:00,1789524000000,96.42,96.73,96.39,96.68,78033.53,78033.53,7536973.237,1
2026-09-16T10:15:00+08:00,1789524900000,96.68,97.19,96.68,97.18,176736.85,176736.85,17151192.6465,1
2026-09-16T10:30:00+08:00,1789525800000,97.19,97.54,97.17,97.32,80148.48,80148.48,7805005.101,1
2026-09-16T10:45:00+08:00,1789526700000,97.32,97.37,97.02,97.17,34323.94,34323.94,3335736.4157,1
2026-09-16T11:00:00+08:00,1789527600000,97.17,97.35,97.01,97.33,62344.28,62344.28,6058200.5586,1
2026-09-16T11:15:00+08:00,1789528500000,97.33,97.54,97.14,97.15,74903.43,74903.43,7295281.4093,1
2026-09-16T11:30:00+08:00,1789529400000,97.15,97.31,96.98,97.07,72466.26,72466.26,7038295.7204,1
2026-09-16T11:45:00+08:00,1789530300000,97.08,97.21,97.02,97.19,27631.49,27631.49,2683207.9094,1
2026-09-16T12:00:00+08:00,1789531200000,97.2,97.41,97.13,97.35,44775.79,44775.79,4356927.2031,1
2026-09-16T12:15:00+08:00,1789532100000,97.36,97.69,97.26,97.38,223391.15,223391.15,21782555.9979,1
2026-09-16T12:30:00+08:00,1789533000000,97.38,97.59,97.22,97.37,85736.54,85736.54,8350386.7986,1
2026-09-16T12:45:00+08:00,1789533900000,97.37,97.44,97.1,97.21,49320.04,49320.04,4795604.3916,1
2026-09-16T13:00:00+08:00,1789534800000,97.21,97.27,96.81,96.95,106055.62,106055.62,10280367.082,1
2026-09-16T13:15:00+08:00,1789535700000,96.96,97.23,96.91,97.12,37232.87,37232.87,3614274.5646,1
2026-09-16T13:30:00+08:00,1789536600000,97.11,97.24,97.04,97.22,39551.94,39551.94,3842402.0782,1
2026-09-16T13:45:00+08:00,1789537500000,97.21,97.27,96.94,97.19,77493.47,77493.47,7523144.0414,1
2026-09-16T14:00:00+08:00,1789538400000,97.19,97.29,97.06,97.18,47173.77,47173.77,4584225.704,1
2026-09-16T14:15:00+08:00,1789539300000,97.17,97.28,97.08,97.1,26502.84,26502.84,2574714.5685,1
2026-09-16T14:30:00+08:00,1789540200000,97.09,97.11,96.85,97.03,39202.92,39202.92,3802082.829,1
2026-09-16T14:45:00+08:00,1789541100000,97.04,97.37,97.03,97.34,44353.37,44353.37,4310649.9391,1
2026-09-16T15:00:00+08:00,1789542000000,97.33,97.49,97.02,97.19,133571.75,133571.75,12995113.7387,1
2026-09-16T15:15:00+08:00,1789542900000,97.19,97.31,97,97.06,54465.83,54465.83,5290806.618,1
2026-09-16T15:30:00+08:00,1789543800000,97.05,97.1,96.94,96.97,25788.62,25788.62,2502203.3755,1
2026-09-16T15:45:00+08:00,1789544700000,96.98,97.05,96.86,96.91,30772.58,30772.58,2983017.996,1
2026-09-16T16:00:00+08:00,1789545600000,96.9,96.9,96.32,96.57,143623.2,143623.2,13874326.8239,1
2026-09-16T16:15:00+08:00,1789546500000,96.57,96.88,96.52,96.56,203944.74,203944.74,19729045.7406,1
2026-09-16T16:30:00+08:00,1789547400000,96.55,96.75,96.53,96.71,43916.01,43916.01,4244069.0908,1
2026-09-16T16:45:00+08:00,1789548300000,96.7,96.99,96.68,96.99,53537.08,53537.08,5185878.385,1
2026-09-16T17:00:00+08:00,1789549200000,96.99,97.19,96.96,97.06,89274.04,89274.04,8668552.8758,1
2026-09-16T17:15:00+08:00,1789550100000,97.06,97.23,97.01,97.09,123343.27,123343.27,11982813.704,1
2026-09-16T17:30:00+08:00,1789551000000,97.1,97.29,97.06,97.21,31861.41,31861.41,3096173.3471,1
2026-09-16T17:45:00+08:00,1789551900000,97.22,97.28,97.1,97.23,37295.06,37295.06,3625807.8185,1
2026-09-16T18:00:00+08:00,1789552800000,97.24,97.29,97.05,97.09,69064.98,69064.98,6711998.1455,1
2026-09-16T18:15:00+08:00,1789553700000,97.09,97.32,97.09,97.28,31589.06,31589.06,3071252.6383,1
2026-09-16T18:30:00+08:00,1789554600000,97.28,97.31,97.23,97.3,20600.25,20600.25,2003943.2109,1
2026-09-16T18:45:00+08:00,1789555500000,97.29,97.31,97.08,97.24,52942.28,52942.28,5144457.4369,1
2026-09-16T19:00:00+08:00,1789556400000,97.24,97.4,97.08,97.1,48489.96,48489.96,4715879.6544,1
2026-09-16T19:15:00+08:00,1789557300000,97.1,97.32,96.96,97.28,68199.22,68199.22,6625265.2755,1
2026-09-16T19:30:00+08:00,1789558200000,97.29,98.2,97.25,98.11,315910.34,315910.34,30847845.067,1
2026-09-16T19:45:00+08:00,1789559100000,98.11,98.26,97.88,97.95,110896.48,110896.48,10868103.6449,1
2026-09-16T20:00:00+08:00,1789560000000,97.95,98.05,97.63,97.66,75919.9,75919.9,7426150.6727,1
2026-09-16T20:15:00+08:00,1789560900000,97.66,97.89,97.45,97.48,80974.11,80974.11,7906741.5074,1
2026-09-16T20:30:00+08:00,1789561800000,97.48,97.56,97.12,97.39,87580.49,87580.49,8529902.2843,1
2026-09-16T20:45:00+08:00,1789562700000,97.38,97.6,97.33,97.52,36458.79,36458.79,3554822.9354,1
2026-09-16T21:00:00+08:00,1789563600000,97.51,97.53,96.91,97.22,102826.06,102826.06,9983719.3691,1
2026-09-16T21:15:00+08:00,1789564500000,97.21,97.39,97.08,97.23,86077.58,86077.58,8369993.4881,1
2026-09-16T21:30:00+08:00,1789565400000,97.22,97.3,96.83,97.2,127084.81,127084.81,12337382.1984,1
2026-09-16T21:45:00+08:00,1789566300000,97.19,97.61,97.03,97.11,81776.98,81776.98,7956026.2931,1
2026-09-16T22:00:00+08:00,1789567200000,97.12,97.15,96.57,96.81,128027.91,128027.91,12400115.4725,1
2026-09-16T22:15:00+08:00,1789568100000,96.81,97.23,96.8,97.23,91620.3,91620.3,8886258.6691,1
2026-09-16T22:30:00+08:00,1789569000000,97.23,97.24,96.76,97.03,98212.66,98212.66,9521819.1777,1
2026-09-16T22:45:00+08:00,1789569900000,97.02,97.04,96.61,96.99,107740.27,107740.27,10428334.6728,1
2026-09-16T23:00:00+08:00,1789570800000,96.99,97.39,96.96,97.22,102357.93,102357.93,9945116.0652,1
2026-09-16T23:15:00+08:00,1789571700000,97.22,97.22,96.9,96.94,53554.18,53554.18,5197415.0902,1
2026-09-16T23:30:00+08:00,1789572600000,96.93,97.22,96.79,97.05,40900.93,40900.93,3967693.6147,1
2026-09-16T23:45:00+08:00,1789573500000,97.05,97.56,96.93,97.04,115594.72,115594.72,11235292.9081,1
2026-09-17T00:00:00+08:00,1789574400000,97.05,97.3,96.9,97.25,76254.98,76254.98,7405580.0147,1
2026-09-17T00:15:00+08:00,1789575300000,97.26,97.46,97.11,97.23,50370.8,50370.8,4900536.6124,1
2026-09-17T00:30:00+08:00,1789576200000,97.24,97.31,96.98,97.02,43271.97,43271.97,4202883.3459,1
2026-09-17T00:45:00+08:00,1789577100000,97.01,97.29,97,97.18,17847.38,17847.38,1734707.867,1
2026-09-17T01:00:00+08:00,1789578000000,97.17,97.23,97.01,97.18,58075.35,58075.35,5638636.7866,1
2026-09-17T01:15:00+08:00,1789578900000,97.19,97.27,96.86,96.97,146939.19,146939.19,14255902.7278,1
2026-09-17T01:30:00+08:00,1789579800000,96.97,97,96.07,96.25,241828.82,241828.82,23308384.0153,1
2026-09-17T01:45:00+08:00,1789580700000,96.24,97.3,96.05,96.99,192935.22,192935.22,18645427.8252,1
2026-09-17T02:00:00+08:00,1789581600000,97,98.88,96.21,97.79,848343.95,848343.95,82924456.0379,1
2026-09-17T02:15:00+08:00,1789582500000,97.79,98.4,97.58,98.33,248150.36,248150.36,24312007.9202,1
2026-09-17T02:30:00+08:00,1789583400000,98.34,98.69,96.53,98.14,434006,434006,42384213.2572,1
2026-09-17T02:45:00+08:00,1789584300000,98.14,98.36,97.48,97.78,205948.74,205948.74,20171207.502,1
2026-09-17T03:00:00+08:00,1789585200000,97.79,98.7,97.78,98.14,233764.45,233764.45,22977777.8659,1
2026-09-17T03:15:00+08:00,1789586100000,98.14,98.29,96.84,97.38,206379.63,206379.63,20110658.8472,1
2026-09-17T03:30:00+08:00,1789587000000,97.38,98.07,97.17,98.02,110465.8,110465.8,10789929.495,1
2026-09-17T03:45:00+08:00,1789587900000,98.01,98.36,98,98.03,109319.06,109319.06,10736670.6931,1
2026-09-17T04:00:00+08:00,1789588800000,98.03,98.76,97.97,98.47,121062.79,121062.79,11924117.562,1
2026-09-17T04:15:00+08:00,1789589700000,98.46,98.86,98.27,98.53,90934.36,90934.36,8961145.5094,1
2026-09-17T04:30:00+08:00,1789590600000,98.52,98.7,98.12,98.36,78721.99,78721.99,7745750.7426,1
2026-09-17T04:45:00+08:00,1789591500000,98.36,98.68,98.3,98.66,62664.97,62664.97,6174653.4043,1
2026-09-17T05:00:00+08:00,1789592400000,98.65,98.73,98.33,98.36,26598.95,26598.95,2621758.4638,1
2026-09-17T05:15:00+08:00,1789593300000,98.37,98.51,98.26,98.33,23029.72,23029.72,2265493.2948,1
2026-09-17T05:30:00+08:00,1789594200000,98.33,98.44,98.05,98.16,29741.05,29741.05,2920165.8844,1
2026-09-17T05:45:00+08:00,1789595100000,98.16,98.45,98.14,98.34,24234.1,24234.1,2381926.0941,1
2026-09-17T06:00:00+08:00,1789596000000,98.34,98.38,97.44,98.01,179335.56,179335.56,17528128.6072,1
2026-09-17T06:15:00+08:00,1789596900000,98.01,98.21,97.66,97.75,61889.69,61889.69,6061306.9609,1
2026-09-17T06:30:00+08:00,1789597800000,97.74,97.74,97.5,97.6,25531.54,25531.54,2491565.7965,1
2026-09-17T06:45:00+08:00,1789598700000,97.6,97.67,97.37,97.44,33878.37,33878.37,3303613.8543,1
2026-09-17T07:00:00+08:00,1789599600000,97.43,97.74,97.33,97.74,30706.78,30706.78,2996734.2634,1
2026-09-17T07:15:00+08:00,1789600500000,97.74,98.46,97.74,98.38,79783.69,79783.69,7835868.8142,1
2026-09-17T07:30:00+08:00,1789601400000,98.38,98.75,98.31,98.66,92644.35,92644.35,9130202.8254,1
2026-09-17T07:45:00+08:00,1789602300000,98.67,98.79,98.53,98.6,66516.58,66516.58,6563322.785,1
2026-09-17T08:00:00+08:00,1789603200000,98.6,98.97,98.4,98.84,61087.9,61087.9,6029423.2526,1
2026-09-17T08:15:00+08:00,1789604100000,98.84,99.09,98.75,98.77,62356.12,62356.12,6170228.8131,1
2026-09-17T08:30:00+08:00,1789605000000,98.78,99.16,98.75,98.89,116120.86,116120.86,11494781.5325,1
2026-09-17T08:45:00+08:00,1789605900000,98.9,98.94,98.65,98.65,34705.88,34705.88,3427243.5842,1
2026-09-17T09:00:00+08:00,1789606800000,98.65,98.8,98.41,98.64,42509.89,42509.89,4189860.1504,1
2026-09-17T09:15:00+08:00,1789607700000,98.64,99.45,98.55,99.35,121926.48,121926.48,12083273.0649,1
2026-09-17T09:30:00+08:00,1789608600000,99.35,99.61,99.01,99.39,119499.87,119499.87,11870623.5304,1
2026-09-17T09:45:00+08:00,1789609500000,99.38,99.44,99.1,99.18,53477.46,53477.46,5307747.6986,1
2026-09-17T10:00:00+08:00,1789610400000,99.19,99.29,98.77,99.02,110936.89,110936.89,10983721.6088,1
2026-09-17T10:15:00+08:00,1789611300000,99.02,99.22,98.77,99.05,59564.91,59564.91,5894191.4273,1
2026-09-17T10:30:00+08:00,1789612200000,99.05,99.65,98.93,99.6,112434.99,112434.99,11173001.5641,1
2026-09-17T10:45:00+08:00,1789613100000,99.61,99.69,99.31,99.31,65444.23,65444.23,6511712.1488,1
2026-09-17T11:00:00+08:00,1789614000000,99.32,99.62,99.31,99.48,31078.47,31078.47,3091862.3381,1
2026-09-17T11:15:00+08:00,1789614900000,99.48,99.82,99.43,99.64,52062.12,52062.12,5187515.4432,1
2026-09-17T11:30:00+08:00,1789615800000,99.64,100,99.63,99.83,86732.75,86732.75,8660373.4641,1
2026-09-17T11:45:00+08:00,1789616700000,99.83,99.97,99.73,99.91,76518.91,76518.91,7641123.9497,1
2026-09-17T12:00:00+08:00,1789617600000,99.9,99.94,99.57,99.61,41696.45,41696.45,4160937.9726,1
2026-09-17T12:15:00+08:00,1789618500000,99.61,99.62,99.12,99.19,89536.01,89536.01,8891433.8576,1
2026-09-17T12:30:00+08:00,1789619400000,99.18,99.55,99.09,99.45,91512.92,91512.92,9086906.6144,1
2026-09-17T12:45:00+08:00,1789620300000,99.44,99.95,99.38,99.85,99838.34,99838.34,9952289.5401,1
2026-09-17T13:00:00+08:00,1789621200000,99.86,100.05,99.6,99.65,60957.93,60957.93,6086873.1174,1
2026-09-17T13:15:00+08:00,1789622100000,99.65,99.84,99.5,99.65,50161.76,50161.76,4999362.4396,1
2026-09-17T13:30:00+08:00,1789623000000,99.65,99.76,99.5,99.55,59960.04,59960.04,5971716.6491,1
2026-09-17T13:45:00+08:00,1789623900000,99.54,99.66,99.44,99.5,45858.93,45858.93,4565449.0286,1
2026-09-17T14:00:00+08:00,1789624800000,99.5,99.71,99.46,99.6,56846.61,56846.61,5661229.9832,1
2026-09-17T14:15:00+08:00,1789625700000,99.61,99.61,99.43,99.58,26394.94,26394.94,2625805.6601,1
2026-09-17T14:30:00+08:00,1789626600000,99.58,99.89,99.56,99.87,51723.4,51723.4,5159230.9926,1
2026-09-17T14:45:00+08:00,1789627500000,99.87,99.94,99.65,99.69,31002.18,31002.18,3094350.1868,1
2026-09-17T15:00:00+08:00,1789628400000,99.68,100.31,99.66,100.02,134854.78,134854.78,13497199.8585,1
2026-09-17T15:15:00+08:00,1789629300000,100.01,100.27,99.97,100.04,75013.02,75013.02,7507972.4467,1
2026-09-17T15:30:00+08:00,1789630200000,100.05,100.18,100,100.02,53972.64,53972.64,5401451.7035,1
2026-09-17T15:45:00+08:00,1789631100000,100.01,100.11,99.89,99.98,51402.04,51402.04,5139746.6244,1
2026-09-17T16:00:00+08:00,1789632000000,99.98,100.12,99.85,99.87,49816.63,49816.63,4981878.3405,1
2026-09-17T16:15:00+08:00,1789632900000,99.88,100.2,99.82,99.99,79146.88,79146.88,7919560.9257,1
2026-09-17T16:30:00+08:00,1789633800000,99.99,100.29,99.94,100.15,90914.07,90914.07,9105356.1314,1
2026-09-17T16:45:00+08:00,1789634700000,100.15,100.29,100.11,100.27,41452.05,41452.05,4154516.8345,1
2026-09-17T17:00:00+08:00,1789635600000,100.28,100.75,100.28,100.57,132120.46,132120.46,13280817.2487,1
2026-09-17T17:15:00+08:00,1789636500000,100.57,100.81,100.47,100.57,130455.4,130455.4,13126920.1125,1
2026-09-17T17:30:00+08:00,1789637400000,100.57,100.77,100.43,100.43,148141.3,148141.3,14900253.2601,1
2026-09-17T17:45:00+08:00,1789638300000,100.43,100.61,100.1,100.18,137177.93,137177.93,13760540.6246,1
2026-09-17T18:00:00+08:00,1789639200000,100.18,100.2,99.7,99.8,133788.77,133788.77,13359767.1707,1
2026-09-17T18:15:00+08:00,1789640100000,99.81,99.82,99.44,99.65,133116.39,133116.39,13264357.9937,1
2026-09-17T18:30:00+08:00,1789641000000,99.65,99.87,99.6,99.61,63408.27,63408.27,6323138.1293,1
2026-09-17T18:45:00+08:00,1789641900000,99.62,99.84,99.58,99.8,53624.06,53624.06,5345743.3147,1
2026-09-17T19:00:00+08:00,1789642800000,99.8,100.13,99.77,100.12,93556.12,93556.12,9351400.0319,1
2026-09-17T19:15:00+08:00,1789643700000,100.12,100.2,99.94,99.97,68853.92,68853.92,6889481.8826,1
2026-09-17T19:30:00+08:00,1789644600000,99.96,99.96,99.47,99.52,52586.59,52586.59,5239879.5352,1
2026-09-17T19:45:00+08:00,1789645500000,99.52,100.13,99.52,100.08,85638.37,85638.37,8549175.6998,1
2026-09-17T20:00:00+08:00,1789646400000,100.07,100.8,100.02,100.78,201455.65,201455.65,20220903.7575,1
2026-09-17T20:15:00+08:00,1789647300000,100.79,101.16,100.72,101.15,218641.35,218641.35,22076358.4325,1
2026-09-17T20:30:00+08:00,1789648200000,101.14,101.38,100.81,100.82,153177.04,153177.04,15484815.7796,1
2026-09-17T20:45:00+08:00,1789649100000,100.82,100.91,100.6,100.7,127798.96,127798.96,12873670.9174,1
2026-09-17T21:00:00+08:00,1789650000000,100.69,100.96,100.34,100.49,146656.38,146656.38,14755896.4376,1
2026-09-17T21:15:00+08:00,1789650900000,100.49,100.6,100.26,100.32,99515.01,99515.01,9996166.32,1
2026-09-17T21:30:00+08:00,1789651800000,100.32,100.47,99.62,99.78,244854.43,244854.43,24469132.4949,1
2026-09-17T21:45:00+08:00,1789652700000,99.79,100.75,99.6,100.69,206576.46,206576.46,20711841.2943,1
2026-09-17T22:00:00+08:00,1789653600000,100.7,101.44,100.02,101.38,307919.84,307919.84,31035564.3629,1
2026-09-17T22:15:00+08:00,1789654500000,101.39,101.65,100.92,101.53,244572.19,244572.19,24786501.6385,1
2026-09-17T22:30:00+08:00,1789655400000,101.53,101.76,101.16,101.19,234584.22,234584.22,23822584.1411,1
2026-09-17T22:45:00+08:00,1789656300000,101.19,101.45,100.98,100.99,109522.1,109522.1,11091112.1783,1
2026-09-17T23:00:00+08:00,1789657200000,101,101.08,100.3,100.47,166598.18,166598.18,16765588.323,1
2026-09-17T23:15:00+08:00,1789658100000,100.47,100.66,100.19,100.41,94457.32,94457.32,9482626.9315,1
2026-09-17T23:30:00+08:00,1789659000000,100.42,101.31,100.41,101.1,148443.5,148443.5,14983164.5857,1
2026-09-17T23:45:00+08:00,1789659900000,101.1,101.29,100.89,101.22,98969.66,98969.66,10003563.2826,1
2026-09-18T00:00:00+08:00,1789660800000,101.22,101.48,101.12,101.26,84625.59,84625.59,8571248.8764,1
2026-09-18T00:15:00+08:00,1789661700000,101.26,101.3,100.96,101.16,62845.81,62845.81,6356030.8976,1
2026-09-18T00:30:00+08:00,1789662600000,101.15,101.17,100.62,101.13,123330.01,123330.01,12448163.182,1
2026-09-18T00:45:00+08:00,1789663500000,101.13,101.36,100.8,101.36,95781.84,95781.84,9680348.0746,1
2026-09-18T01:00:00+08:00,1789664400000,101.36,101.63,101.21,101.22,106088.3,106088.3,10760519.7584,1
2026-09-18T01:15:00+08:00,1789665300000,101.22,101.84,101.13,101.83,127284.56,127284.56,12925877.9575,1
2026-09-18T01:30:00+08:00,1789666200000,101.84,102.03,101.6,101.63,130165.47,130165.47,13259216.4253,1
2026-09-18T01:45:00+08:00,1789667100000,101.63,101.63,101.38,101.48,89065.03,89065.03,9041198.8798,1
2026-09-18T02:00:00+08:00,1789668000000,101.49,101.53,101.3,101.48,40582.7,40582.7,4114684.3091,1
2026-09-18T02:15:00+08:00,1789668900000,101.48,101.58,101.26,101.28,25042.84,25042.84,2540311.5568,1
2026-09-18T02:30:00+08:00,1789669800000,101.27,101.36,100.77,101.11,141982.57,141982.57,14339474.6264,1
2026-09-18T02:45:00+08:00,1789670700000,101.1,101.23,100.8,100.81,96257.04,96257.04,9722359.5627,1
2026-09-18T03:00:00+08:00,1789671600000,100.81,100.95,100.72,100.77,31780.65,31780.65,3205017.8492,1
2026-09-18T03:15:00+08:00,1789672500000,100.77,101.03,100.67,100.96,66066.81,66066.81,6663615.5048,1
2026-09-18T03:30:00+08:00,1789673400000,100.95,101.05,100.79,100.91,37375.21,37375.21,3770293.7129,1
2026-09-18T03:45:00+08:00,1789674300000,100.91,101.04,100.66,100.91,87991.81,87991.81,8874351.6572,1
2026-09-18T04:00:00+08:00,1789675200000,100.92,101.21,100.83,101.18,50872.54,50872.54,5141542.7035,1
2026-09-18T04:15:00+08:00,1789676100000,101.17,101.33,101.07,101.23,40740.9,40740.9,4123755.0926,1
2026-09-18T04:30:00+08:00,1789677000000,101.23,101.24,100.92,100.98,37262.72,37262.72,3765496.9927,1
2026-09-18T04:45:00+08:00,1789677900000,100.99,101.25,100.98,101.25,30953.16,30953.16,3128849.4993,1
2026-09-18T05:00:00+08:00,1789678800000,101.24,101.42,101.04,101.1,62192.25,62192.25,6296164.3328,1
2026-09-18T05:15:00+08:00,1789679700000,101.11,101.31,101.1,101.22,19322.36,19322.36,1955700.3695,1
2026-09-18T05:30:00+08:00,1789680600000,101.22,101.4,101.19,101.3,28806.61,28806.61,2918909.8212,1
2026-09-18T05:45:00+08:00,1789681500000,101.3,101.34,101.07,101.1,20205.34,20205.34,2044329.2295,1
2026-09-18T06:00:00+08:00,1789682400000,101.1,101.27,100.92,101.06,92219.13,92219.13,9320448.1906,1
2026-09-18T06:15:00+08:00,1789683300000,101.07,101.08,100.72,100.87,36530.35,36530.35,3684860.497,1
2026-09-18T06:30:00+08:00,1789684200000,100.87,101.4,100.77,101.38,50306.61,50306.61,5091080.8219,1
2026-09-18T06:45:00+08:00,1789685100000,101.39,101.49,101.11,101.37,72831.05,72831.05,7377398.6178,1
2026-09-18T07:00:00+08:00,1789686000000,101.37,101.62,101.28,101.52,83657.23,83657.23,8491289.6381,1
2026-09-18T07:15:00+08:00,1789686900000,101.52,101.61,101.41,101.46,27856.08,27856.08,2827591.4917,1
2026-09-18T07:30:00+08:00,1789687800000,101.46,101.63,101.32,101.51,62475.76,62475.76,6340146.7853,1
2026-09-18T07:45:00+08:00,1789688700000,101.5,101.71,101.47,101.58,49521.75,49521.75,5031644.9536,1
2026-09-18T08:00:00+08:00,1789689600000,101.57,101.66,101.29,101.43,55775,55775,5660771.9117,1
2026-09-18T08:15:00+08:00,1789690500000,101.42,101.42,100.83,100.96,91210.33,91210.33,9220275.4521,1
2026-09-18T08:30:00+08:00,1789691400000,100.95,101.32,100.95,101.25,41824.63,41824.63,4230213.1733,1
2026-09-18T08:45:00+08:00,1789692300000,101.25,101.49,101.13,101.36,43975.19,43975.19,4456854.1995,1
2026-09-18T09:00:00+08:00,1789693200000,101.37,101.58,101.33,101.48,44034.52,44034.52,4468592.4649,1
2026-09-18T09:15:00+08:00,1789694100000,101.48,101.85,101.41,101.77,57291.46,57291.46,5826982.3362,1
2026-09-18T09:30:00+08:00,1789695000000,101.77,102.25,101.76,102.16,226456.96,226456.96,23103966.3314,1
2026-09-18T09:45:00+08:00,1789695900000,102.16,102.86,102.15,102.42,217366.1,217366.1,22281671.3879,1
2026-09-18T10:00:00+08:00,1789696800000,102.43,102.7,102.1,102.43,119024.13,119024.13,12183926.7427,1
2026-09-18T10:15:00+08:00,1789697700000,102.43,102.64,102.3,102.53,76656.02,76656.02,7853615.5986,1
2026-09-18T10:30:00+08:00,1789698600000,102.52,102.87,102.46,102.56,111925.62,111925.62,11487998.2554,1
2026-09-18T10:45:00+08:00,1789699500000,102.56,102.78,102.49,102.71,41163.59,41163.59,4225296.7745,1
2026-09-18T11:00:00+08:00,1789700400000,102.7,103.71,102.61,103.69,274470.98,274470.98,28330101.502,1
2026-09-18T11:15:00+08:00,1789701300000,103.69,104.29,103.54,103.97,445152.57,445152.57,46276872.7007,1
2026-09-18T11:30:00+08:00,1789702200000,103.97,104.57,103.94,104.01,214731.69,214731.69,22375085.9458,1
2026-09-18T11:45:00+08:00,1789703100000,104.01,105.17,104.01,104.55,353874.34,353874.34,37047960.7383,1
2026-09-18T12:00:00+08:00,1789704000000,104.55,105.08,104.39,104.68,211892.29,211892.29,22189419.1002,1
2026-09-18T12:15:00+08:00,1789704900000,104.68,105.58,104.63,104.73,294540.21,294540.21,30973352.5165,1
2026-09-18T12:30:00+08:00,1789705800000,104.74,105.02,104.44,105.02,149648.9,149648.9,15666487.893,1
2026-09-18T12:45:00+08:00,1789706700000,105.02,105.91,104.98,105.8,262199.94,262199.94,27663931.8971,1
2026-09-18T13:00:00+08:00,1789707600000,105.79,106.16,105.38,105.53,384018.79,384018.79,40602533.7101,1
2026-09-18T13:15:00+08:00,1789708500000,105.52,105.84,105.3,105.57,169756.18,169756.18,17921800.2029,1
2026-09-18T13:30:00+08:00,1789709400000,105.57,105.89,105.48,105.53,155098.07,155098.07,16391693.3802,1
2026-09-18T13:45:00+08:00,1789710300000,105.54,105.56,105.29,105.31,95375.66,95375.66,10055839.1282,1
2026-09-18T14:00:00+08:00,1789711200000,105.31,105.74,105.31,105.5,112661.8,112661.8,11887594.4806,1
2026-09-18T14:15:00+08:00,1789712100000,105.5,105.79,105.43,105.55,128360.38,128360.38,13558459.1493,1
2026-09-18T14:30:00+08:00,1789713000000,105.55,105.71,105.44,105.55,68915.04,68915.04,7275319.2164,1
2026-09-18T14:45:00+08:00,1789713900000,105.55,105.59,105.28,105.52,86155.58,86155.58,9085094.2193,1
2026-09-18T15:00:00+08:00,1789714800000,105.52,105.99,105.41,105.81,231266.05,231266.05,24454569.4787,1
2026-09-18T15:15:00+08:00,1789715700000,105.8,106,105.71,105.8,126886.7,126886.7,13430341.5551,1
2026-09-18T15:30:00+08:00,1789716600000,105.81,106.05,105.75,105.98,121788.53,121788.53,12897806.4142,1
2026-09-18T15:45:00+08:00,1789717500000,105.98,106.12,105.63,105.74,124145.82,124145.82,13144136.2216,1
2026-09-18T16:00:00+08:00,1789718400000,105.75,106.26,105.07,105.57,276555.95,276555.95,29236261.5852,1
2026-09-18T16:15:00+08:00,1789719300000,105.57,106.38,105.54,105.89,212541.87,212541.87,22546094.2822,1
2026-09-18T16:30:00+08:00,1789720200000,105.88,105.99,105.67,105.79,108400.15,108400.15,11471872.7463,1
2026-09-18T16:45:00+08:00,1789721100000,105.78,106.34,105.76,106.28,120787.75,120787.75,12807220.4974,1
2026-09-18T17:00:00+08:00,1789722000000,106.28,106.49,105.99,106.17,160323.34,160323.34,17030596.6146,1
2026-09-18T17:15:00+08:00,1789722900000,106.18,106.41,105.99,106.04,128915.26,128915.26,13690966.815,1
2026-09-18T17:30:00+08:00,1789723800000,106.04,106.17,105.89,106.14,67852.15,67852.15,7192659.4659,1
2026-09-18T17:45:00+08:00,1789724700000,106.14,106.62,106.11,106.38,193796.55,193796.55,20615513.2855,1
2026-09-18T18:00:00+08:00,1789725600000,106.38,106.59,106.22,106.44,125807.7,125807.7,13388571.528,1
2026-09-18T18:15:00+08:00,1789726500000,106.44,106.64,106.37,106.61,70734.32,70734.32,7534180.517,1
2026-09-18T18:30:00+08:00,1789727400000,106.61,106.63,106.46,106.51,62548.52,62548.52,6663953.1602,1
2026-09-18T18:45:00+08:00,1789728300000,106.52,106.6,106.22,106.25,73737.74,73737.74,7845845.1914,1
2026-09-18T19:00:00+08:00,1789729200000,106.24,106.36,105.46,105.52,232728.19,232728.19,24609617.0696,1
2026-09-18T19:15:00+08:00,1789730100000,105.52,105.7,105.38,105.42,114739.24,114739.24,12108985.1004,1
2026-09-18T19:30:00+08:00,1789731000000,105.42,105.93,105.38,105.58,140706.84,140706.84,14875087.2623,1
2026-09-18T19:45:00+08:00,1789731900000,105.59,105.89,105.57,105.7,89333.2,89333.2,9447961.9222,1
2026-09-18T20:00:00+08:00,1789732800000,105.71,105.87,105.4,105.49,95032.61,95032.61,10034128.6214,1
2026-09-18T20:15:00+08:00,1789733700000,105.49,105.71,105.37,105.65,78991.61,78991.61,8337512.5956,1
2026-09-18T20:30:00+08:00,1789734600000,105.64,106.13,105.51,105.89,126150.32,126150.32,13357040.6548,1
2026-09-18T20:45:00+08:00,1789735500000,105.9,106.04,105.7,105.76,93594.52,93594.52,9908767.8623,1
2026-09-18T21:00:00+08:00,1789736400000,105.77,105.79,105.42,105.6,83205.81,83205.81,8785297.5708,1
2026-09-18T21:15:00+08:00,1789737300000,105.6,106.03,105.58,105.95,84625.06,84625.06,8958765.468,1
2026-09-18T21:30:00+08:00,1789738200000,105.96,108.08,105.84,107.7,816084.76,816084.76,87499524.7079,1
2026-09-18T21:45:00+08:00,1789739100000,107.7,109.38,107.47,108.49,1029784.07,1029784.07,111739366.0551,1
2026-09-18T22:00:00+08:00,1789740000000,108.49,109.01,108.36,108.97,414485.42,414485.42,45063461.3075,1
2026-09-18T22:15:00+08:00,1789740900000,108.98,109.95,108.73,109.32,512498.6,512498.6,56095567.2999,1
2026-09-18T22:30:00+08:00,1789741800000,109.31,110.14,108.89,110.14,499601.94,499601.94,54755125.0161,1
2026-09-18T22:45:00+08:00,1789742700000,110.14,111,110.09,110.72,505557.96,505557.96,55942217.8145,1
2026-09-18T23:00:00+08:00,1789743600000,110.73,110.88,109.34,110.03,528388.99,528388.99,58104347.075,1
2026-09-18T23:15:00+08:00,1789744500000,110.03,110.93,110.02,110.51,255898.32,255898.32,28276999.8143,1
2026-09-18T23:30:00+08:00,1789745400000,110.52,111.05,110.16,110.18,330781.94,330781.94,36581356.9872,1
2026-09-18T23:45:00+08:00,1789746300000,110.18,111.6,110,111.12,515788.62,515788.62,57186423.5389,1
2026-09-19T00:00:00+08:00,1789747200000,111.11,111.67,111,111.47,314077.47,314077.47,34955126.0746,1
2026-09-19T00:15:00+08:00,1789748100000,111.48,111.93,111.32,111.73,312605.52,312605.52,34887235.7877,1
2026-09-19T00:30:00+08:00,1789749000000,111.74,112.27,111.65,111.92,337272.74,337272.74,37773155.9729,1
2026-09-19T00:45:00+08:00,1789749900000,111.92,111.93,111.24,111.69,174346.42,174346.42,19461226.1018,1
2026-09-19T01:00:00+08:00,1789750800000,111.69,111.99,111.35,111.82,186384.15,186384.15,20809333.2501,1
2026-09-19T01:15:00+08:00,1789751700000,111.83,112.5,111.55,112.48,301507.68,301507.68,33772434.9562,1
2026-09-19T01:30:00+08:00,1789752600000,112.47,112.63,111.87,112.54,200938.57,200938.57,22559737.0008,1
2026-09-19T01:45:00+08:00,1789753500000,112.53,112.72,112.23,112.58,160761.25,160761.25,18076798.9545,1
2026-09-19T02:00:00+08:00,1789754400000,112.59,112.59,112.12,112.4,156664.05,156664.05,17596652.3333,1
2026-09-19T02:15:00+08:00,1789755300000,112.4,112.8,112.31,112.74,85729.17,85729.17,9652610.4732,1
2026-09-19T02:30:00+08:00,1789756200000,112.74,112.87,112.36,112.38,144916.75,144916.75,16324405.8247,1
2026-09-19T02:45:00+08:00,1789757100000,112.38,112.58,112.01,112.14,145140.31,145140.31,16301839.963,1
2026-09-19T03:00:00+08:00,1789758000000,112.15,112.98,112.15,112.88,139833.39,139833.39,15752091.3576,1
2026-09-19T03:15:00+08:00,1789758900000,112.88,114.14,112.85,113.86,482401.45,482401.45,54772980.855,1
2026-09-19T03:30:00+08:00,1789759800000,113.85,114.1,113.49,114.05,219032.75,219032.75,24913463.229,1
2026-09-19T03:45:00+08:00,1789760700000,114.05,114.29,113.68,114.17,249651.92,249651.92,28448445.1253,1
2026-09-19T04:00:00+08:00,1789761600000,114.17,114.19,113.6,113.85,131963.5,131963.5,15025792.0759,1
2026-09-19T04:15:00+08:00,1789762500000,113.84,113.95,113.4,113.47,126807.73,126807.73,14412203.9902,1
2026-09-19T04:30:00+08:00,1789763400000,113.46,113.71,113.08,113.7,131560.57,131560.57,14912685.803,1
2026-09-19T04:45:00+08:00,1789764300000,113.7,113.79,113.27,113.49,114796.7,114796.7,13032344.4603,1
2026-09-19T05:00:00+08:00,1789765200000,113.49,113.75,113.43,113.69,84481.88,84481.88,9596686.9157,1
2026-09-19T05:15:00+08:00,1789766100000,113.69,113.71,113.14,113.5,109732.57,109732.57,12440688.8713,1
2026-09-19T05:30:00+08:00,1789767000000,113.5,113.54,113.14,113.16,87948.99,87948.99,9967638.2263,1
2026-09-19T05:45:00+08:00,1789767900000,113.17,113.38,112.99,113.16,65583.37,65583.37,7422769.4083,1
2026-09-19T06:00:00+08:00,1789768800000,113.17,113.48,112.93,113.39,79926.12,79926.12,9051742.5329,1
2026-09-19T06:15:00+08:00,1789769700000,113.39,113.6,113.17,113.22,89488.4,89488.4,10143083.1948,1
2026-09-19T06:30:00+08:00,1789770600000,113.21,113.26,112.72,112.87,135267.59,135267.59,15281512.7158,1
2026-09-19T06:45:00+08:00,1789771500000,112.88,113.27,112.86,113.16,57172.91,57172.91,6461626.1145,1
2026-09-19T07:00:00+08:00,1789772400000,113.17,113.41,113.05,113.35,78819.79,78819.79,8926643.4213,1
2026-09-19T07:15:00+08:00,1789773300000,113.35,113.45,113.03,113.1,49054.88,49054.88,5550458.3135,1
2026-09-19T07:30:00+08:00,1789774200000,113.09,113.12,112.78,112.79,99973.87,99973.87,11290385.515,1
2026-09-19T07:45:00+08:00,1789775100000,112.79,112.91,112.47,112.69,100013.68,100013.68,11270477.6998,1
2026-09-19T08:00:00+08:00,1789776000000,112.7,112.89,112.35,112.86,125832.82,125832.82,14170697.7738,1
2026-09-19T08:15:00+08:00,1789776900000,112.86,113.29,112.84,113.14,150020.38,150020.38,16959969.6582,1
2026-09-19T08:30:00+08:00,1789777800000,113.14,113.51,113.12,113.39,99572.38,99572.38,11286936.7585,1
2026-09-19T08:45:00+08:00,1789778700000,113.39,113.77,113.17,113.65,155385.78,155385.78,17636756.5863,1
2026-09-19T09:00:00+08:00,1789779600000,113.65,113.8,113.34,113.37,102429.85,102429.85,11629044.1611,1
2026-09-19T09:15:00+08:00,1789780500000,113.37,113.53,112.91,113.37,92460.6,92460.6,10473317.2585,1
2026-09-19T09:30:00+08:00,1789781400000,113.37,113.45,112.84,113.45,123741.84,123741.84,13997295.9734,1
2026-09-19T09:45:00+08:00,1789782300000,113.45,114.13,113.37,113.41,157465.8,157465.8,17916670.742,1
2026-09-19T10:00:00+08:00,1789783200000,113.42,113.68,113.33,113.62,50066.38,50066.38,5683027.0969,1
2026-09-19T10:15:00+08:00,1789784100000,113.62,113.82,113.33,113.34,90797.56,90797.56,10312094.5478,1
2026-09-19T10:30:00+08:00,1789785000000,113.35,113.85,113.31,113.49,79951.47,79951.47,9083308.7239,1
2026-09-19T10:45:00+08:00,1789785900000,113.49,113.75,113.4,113.6,23649.51,23649.51,2686192.6406,1
2026-09-19T11:00:00+08:00,1789786800000,113.61,113.81,113.54,113.68,37697.39,37697.39,4284209.6257,1
2026-09-19T11:15:00+08:00,1789787700000,113.68,113.68,113.25,113.29,40486.8,40486.8,4591320.6483,1
2026-09-19T11:30:00+08:00,1789788600000,113.29,113.45,113.13,113.44,51789.78,51789.78,5866461.2816,1
2026-09-19T11:45:00+08:00,1789789500000,113.44,113.46,113.22,113.23,37709.65,37709.65,4274125.0051,1
2026-09-19T12:00:00+08:00,1789790400000,113.23,113.44,113.15,113.35,73402.24,73402.24,8315419.944,1
2026-09-19T12:15:00+08:00,1789791300000,113.35,113.41,113.01,113.03,67488.6,67488.6,7636749.821,1
2026-09-19T12:30:00+08:00,1789792200000,113.03,113.03,112.08,112.32,265495.6,265495.6,29859047.9764,1
2026-09-19T12:45:00+08:00,1789793100000,112.32,112.41,112.08,112.35,84841.71,84841.71,9524368.7275,1
2026-09-19T13:00:00+08:00,1789794000000,112.35,112.78,112.33,112.55,63628.51,63628.51,7164422.6955,1
2026-09-19T13:15:00+08:00,1789794900000,112.55,112.97,112.48,112.74,96401.61,96401.61,10876885.4583,1
2026-09-19T13:30:00+08:00,1789795800000,112.74,112.93,112.59,112.62,35266.74,35266.74,3977033.9001,1
2026-09-19T13:45:00+08:00,1789796700000,112.63,112.66,111.66,111.92,225228.5,225228.5,25273039.8759,1
2026-09-19T14:00:00+08:00,1789797600000,111.92,112.08,111.64,111.73,174084.07,174084.07,19474088.7262,1
2026-09-19T14:15:00+08:00,1789798500000,111.74,111.93,111.17,111.55,288442.23,288442.23,32143333.5917,1
2026-09-19T14:30:00+08:00,1789799400000,111.54,112,111.48,111.77,107639.94,107639.94,12033463.1787,1
2026-09-19T14:45:00+08:00,1789800300000,111.78,111.9,111.6,111.84,46687.67,46687.67,5216411.2874,1
2026-09-19T15:00:00+08:00,1789801200000,111.84,112.19,111.76,112.17,63947.66,63947.66,7161222.7658,1
2026-09-19T15:15:00+08:00,1789802100000,112.16,112.23,111.79,111.88,70887.65,70887.65,7937887.6302,1
2026-09-19T15:30:00+08:00,1789803000000,111.88,111.98,111.61,111.73,41983.47,41983.47,4690471.5976,1
2026-09-19T15:45:00+08:00,1789803900000,111.73,111.8,111.55,111.59,49387.26,49387.26,5515537.5389,1
2026-09-19T16:00:00+08:00,1789804800000,111.6,112.02,111.51,111.96,66773.43,66773.43,7464129.7973,1
2026-09-19T16:15:00+08:00,1789805700000,111.96,112.4,111.93,112.14,164868.34,164868.34,18494543.8874,1
2026-09-19T16:30:00+08:00,1789806600000,112.14,112.46,112.11,112.31,71264.69,71264.69,8002379.6141,1
2026-09-19T16:45:00+08:00,1789807500000,112.31,112.39,112.18,112.23,43572.04,43572.04,4893344.8377,1
2026-09-19T17:00:00+08:00,1789808400000,112.24,112.48,112.12,112.16,60989.61,60989.61,6848002.6434,1
2026-09-19T17:15:00+08:00,1789809300000,112.15,112.25,111.82,111.86,77866.37,77866.37,8723812.0682,1
2026-09-19T17:30:00+08:00,1789810200000,111.87,111.95,111.39,111.83,207388.53,207388.53,23159816.9704,1
2026-09-19T17:45:00+08:00,1789811100000,111.84,112.03,111.77,111.81,44633.54,44633.54,4995346.1075,1
2026-09-19T18:00:00+08:00,1789812000000,111.81,111.93,111.72,111.88,35562.69,35562.69,3976719.7901,1
2026-09-19T18:15:00+08:00,1789812900000,111.88,112.08,111.79,112.04,43975.27,43975.27,4923794.8292,1
2026-09-19T18:30:00+08:00,1789813800000,112.04,112.12,111.85,111.96,56326.88,56326.88,6309059.0585,1
2026-09-19T18:45:00+08:00,1789814700000,111.96,111.97,111.61,111.61,68345.96,68345.96,7643089.555,1
2026-09-19T19:00:00+08:00,1789815600000,111.61,111.97,111.58,111.73,72616.1,72616.1,8116362.9373,1
2026-09-19T19:15:00+08:00,1789816500000,111.72,112.06,111.66,111.9,70483.82,70483.82,7885437.018,1
2026-09-19T19:30:00+08:00,1789817400000,111.89,111.93,111.72,111.88,64509.55,64509.55,7214848.5929,1
2026-09-19T19:45:00+08:00,1789818300000,111.88,112,111.81,111.87,37854.51,37854.51,4237042.5942,1
2026-09-19T20:00:00+08:00,1789819200000,111.86,112.04,111.73,111.8,89969.8,89969.8,10064851.7681,1
2026-09-19T20:15:00+08:00,1789820100000,111.79,111.88,111.61,111.72,46546.99,46546.99,5201177.9037,1
2026-09-19T20:30:00+08:00,1789821000000,111.73,111.82,111.68,111.73,30749.91,30749.91,3435908.7781,1
2026-09-19T20:45:00+08:00,1789821900000,111.73,111.92,111.61,111.74,56984.66,56984.66,6368527.3082,1
2026-09-19T21:00:00+08:00,1789822800000,111.75,111.81,111.28,111.5,131957.38,131957.38,14718298.1966,1
2026-09-19T21:15:00+08:00,1789823700000,111.5,111.83,111.37,111.37,113531.99,113531.99,12668244.9788,1
2026-09-19T21:30:00+08:00,1789824600000,111.37,111.66,111.22,111.5,87160.54,87160.54,9715276.9796,1
2026-09-19T21:45:00+08:00,1789825500000,111.5,111.67,111.38,111.6,42457.23,42457.23,4734222.3912,1
2026-09-19T22:00:00+08:00,1789826400000,111.61,111.78,111.43,111.57,92851.13,92851.13,10363032.3966,1
2026-09-19T22:15:00+08:00,1789827300000,111.57,112.14,111.55,112.08,115473.63,115473.63,12922958.4709,1
2026-09-19T22:30:00+08:00,1789828200000,112.09,112.19,111.62,111.8,97413.39,97413.39,10904787.748,1
2026-09-19T22:45:00+08:00,1789829100000,111.8,111.96,111.65,111.75,59566.47,59566.47,6658075.0884,1
2026-09-19T23:00:00+08:00,1789830000000,111.75,112.1,111.75,111.89,75870.89,75870.89,8496872.1022,1
2026-09-19T23:15:00+08:00,1789830900000,111.9,111.97,111.48,111.48,60352.18,60352.18,6742568.5161,1
2026-09-19T23:30:00+08:00,1789831800000,111.48,112,111.46,111.89,102413.28,102413.28,11439340.7946,1
2026-09-19T23:45:00+08:00,1789832700000,111.88,111.89,111.5,111.62,55102.13,55102.13,6150695.7622,1
2026-09-20T00:00:00+08:00,1789833600000,111.63,111.76,111.2,111.64,208659.52,208659.52,23261644.7315,1
2026-09-20T00:15:00+08:00,1789834500000,111.64,111.76,111.54,111.62,71113.8,71113.8,7939684.0671,1
2026-09-20T00:30:00+08:00,1789835400000,111.62,111.86,111.57,111.75,61982.94,61982.94,6925291.57,1
2026-09-20T00:45:00+08:00,1789836300000,111.75,112.01,111.71,111.97,58746.36,58746.36,6571885.2473,1
2026-09-20T01:00:00+08:00,1789837200000,111.96,112.26,111.86,112.18,116863.93,116863.93,13098579.3259,1
2026-09-20T01:15:00+08:00,1789838100000,112.17,112.45,111.35,111.52,275178.37,275178.37,30779935.9269,1
2026-09-20T01:30:00+08:00,1789839000000,111.52,111.78,111.3,111.54,68261.34,68261.34,7610799.9603,1
2026-09-20T01:45:00+08:00,1789839900000,111.55,111.63,111.34,111.34,45761.22,45761.22,5100285.253,1
2026-09-20T02:00:00+08:00,1789840800000,111.35,111.6,110.66,110.81,295530.27,295530.27,32825655.2493,1
2026-09-20T02:15:00+08:00,1789841700000,110.81,111.1,110.55,110.93,193310.29,193310.29,21436417.2868,1
2026-09-20T02:30:00+08:00,1789842600000,110.92,111.26,110.62,110.97,133245.95,133245.95,14788537.9517,1
2026-09-20T02:45:00+08:00,1789843500000,110.97,111.12,110.78,111.12,78140.99,78140.99,8667534.8483,1
2026-09-20T03:00:00+08:00,1789844400000,111.11,111.28,110.92,110.92,40378.28,40378.28,4486391.5741,1
2026-09-20T03:15:00+08:00,1789845300000,110.93,111.55,110.7,111.38,147173.69,147173.69,16346953.0314,1
2026-09-20T03:30:00+08:00,1789846200000,111.38,111.43,111.17,111.17,32914.32,32914.32,3664400.383,1
2026-09-20T03:45:00+08:00,1789847100000,111.18,111.37,110.98,111.13,53519.37,53519.37,5948581.8047,1
2026-09-20T04:00:00+08:00,1789848000000,111.14,111.22,110.99,111.18,26543.85,26543.85,2949499.7717,1
2026-09-20T04:15:00+08:00,1789848900000,111.18,111.35,110.96,110.98,57612.46,57612.46,6404837.9895,1
2026-09-20T04:30:00+08:00,1789849800000,110.99,111.28,110.97,111.28,39355.76,39355.76,4372670.6579,1
2026-09-20T04:45:00+08:00,1789850700000,111.27,111.3,110.91,111.1,81362.4,81362.4,9041864.7427,1
2026-09-20T05:00:00+08:00,1789851600000,111.1,111.28,110.52,110.62,124353.27,124353.27,13787928.9049,1
2026-09-20T05:15:00+08:00,1789852500000,110.63,110.85,110.32,110.8,125986.53,125986.53,13933550.1428,1
2026-09-20T05:30:00+08:00,1789853400000,110.8,110.8,110.1,110.29,148459.61,148459.61,16389651.6605,1
2026-09-20T05:45:00+08:00,1789854300000,110.29,110.8,110.28,110.51,48886.27,48886.27,5406100.1108,1
2026-09-20T06:00:00+08:00,1789855200000,110.51,110.51,109.97,110.16,125999.25,125999.25,13882637.4368,1
2026-09-20T06:15:00+08:00,1789856100000,110.15,110.34,110.05,110.19,68463.49,68463.49,7543270.9561,1
2026-09-20T06:30:00+08:00,1789857000000,110.19,110.63,110.14,110.62,100641.09,100641.09,11108963.6731,1
2026-09-20T06:45:00+08:00,1789857900000,110.62,110.73,110.57,110.64,32675.05,32675.05,3615604.5652,1
2026-09-20T07:00:00+08:00,1789858800000,110.63,110.88,110.59,110.83,60381.95,60381.95,6684622.3254,1
2026-09-20T07:15:00+08:00,1789859700000,110.84,111.02,110.65,110.89,70530.31,70530.31,7817325.5999,1
2026-09-20T07:30:00+08:00,1789860600000,110.89,111.15,110.85,111.04,50533.67,50533.67,5611343.584,1
2026-09-20T07:45:00+08:00,1789861500000,111.04,111.12,110.95,111.01,53546.43,53546.43,5944817.0389,1
2026-09-20T08:00:00+08:00,1789862400000,111.01,111.04,110.8,110.86,25218.6,25218.6,2796887.3888,1
2026-09-20T08:15:00+08:00,1789863300000,110.85,110.96,110.55,110.84,66554.93,66554.93,7369085.1477,1
2026-09-20T08:30:00+08:00,1789864200000,110.85,111.11,110.78,111.07,64961.96,64961.96,7206919.3572,1
2026-09-20T08:45:00+08:00,1789865100000,111.06,111.07,110.79,110.91,44594.91,44594.91,4946043.6172,1
2026-09-20T09:00:00+08:00,1789866000000,110.9,110.95,110.34,110.35,63696.24,63696.24,7040968.4274,1
2026-09-20T09:15:00+08:00,1789866900000,110.35,110.6,110.22,110.24,89751.38,89751.38,9910944.1536,1
2026-09-20T09:30:00+08:00,1789867800000,110.23,110.33,109.91,110.15,111924.9,111924.9,12324103.0704,1
2026-09-20T09:45:00+08:00,1789868700000,110.15,110.22,109.67,110.14,136599.81,136599.81,15021140.8507,1
2026-09-20T10:00:00+08:00,1789869600000,110.14,110.46,110.07,110.44,62671.56,62671.56,6916003.6613,1
2026-09-20T10:15:00+08:00,1789870500000,110.44,110.51,109.68,109.73,142802.02,142802.02,15716434.2177,1
2026-09-20T10:30:00+08:00,1789871400000,109.73,109.77,108.12,108.22,449589.77,449589.77,49000878.846,1
2026-09-20T10:45:00+08:00,1789872300000,108.22,108.72,107.35,107.62,660327.4,660327.4,71322059.4399,1
2026-09-20T11:00:00+08:00,1789873200000,107.61,108.51,107.36,107.84,337193.35,337193.35,36399129.0412,1
2026-09-20T11:15:00+08:00,1789874100000,107.84,108.83,107.56,108.4,239218.86,239218.86,25930266.2217,1
2026-09-20T11:30:00+08:00,1789875000000,108.39,108.53,108,108.48,137312.8,137312.8,14867525.1539,1
2026-09-20T11:45:00+08:00,1789875900000,108.48,109.08,108.4,108.86,144773.64,144773.64,15747762.7894,1
2026-09-20T12:00:00+08:00,1789876800000,108.85,108.97,108.59,108.84,46857.18,46857.18,5096671.2723,1
2026-09-20T12:15:00+08:00,1789877700000,108.84,109.03,108.64,108.95,50973.05,50973.05,5548764.119,1
2026-09-20T12:30:00+08:00,1789878600000,108.94,109.22,108.8,108.83,63999.56,63999.56,6976730.4113,1
2026-09-20T12:45:00+08:00,1789879500000,108.83,109.14,108.61,109.01,96966.57,96966.57,10556189.7911,1
2026-09-20T13:00:00+08:00,1789880400000,109,109.21,108.87,109.04,32749.1,32749.1,3570941.1639,1
2026-09-20T13:15:00+08:00,1789881300000,109.03,109.04,108.65,108.88,98924.8,98924.8,10763542.176,1
2026-09-20T13:30:00+08:00,1789882200000,108.88,109.09,108.56,108.61,82182.02,82182.02,8939106.8558,1
2026-09-20T13:45:00+08:00,1789883100000,108.61,108.83,108.58,108.73,86372.07,86372.07,9388769.4553,1
2026-09-20T14:00:00+08:00,1789884000000,108.73,108.79,108.5,108.64,65382.85,65382.85,7102390.0734,1
2026-09-20T14:15:00+08:00,1789884900000,108.64,108.9,108.47,108.5,64290.95,64290.95,6986348.7388,1
2026-09-20T14:30:00+08:00,1789885800000,108.5,108.55,108.08,108.35,100476.48,100476.48,10881882.9679,1
2026-09-20T14:45:00+08:00,1789886700000,108.34,108.5,108.19,108.42,59033.6,59033.6,6397900.8879,1
2026-09-20T15:00:00+08:00,1789887600000,108.42,108.78,108.41,108.71,63205.08,63205.08,6867329.4407,1
2026-09-20T15:15:00+08:00,1789888500000,108.7,108.76,108.5,108.71,45493.32,45493.32,4942289.6517,1
2026-09-20T15:30:00+08:00,1789889400000,108.71,108.78,108.44,108.59,23032.17,23032.17,2501530.0506,1
2026-09-20T15:45:00+08:00,1789890300000,108.59,108.6,108.42,108.43,25865.54,25865.54,2806149.3031,1
2026-09-20T16:00:00+08:00,1789891200000,108.44,108.75,108.35,108.65,129422.7,129422.7,14056557.935,1
2026-09-20T16:15:00+08:00,1789892100000,108.64,108.67,108.21,108.27,58545.36,58545.36,6344924.1983,1
2026-09-20T16:30:00+08:00,1789893000000,108.28,108.36,107.91,107.93,91284.29,91284.29,9870186.8175,1
2026-09-20T16:45:00+08:00,1789893900000,107.94,108.11,107.67,108.07,124526.57,124526.57,13437352.172,1
2026-09-20T17:00:00+08:00,1789894800000,108.07,108.32,108.04,108.12,69892.02,69892.02,7561770.5364,1
2026-09-20T17:15:00+08:00,1789895700000,108.12,108.45,108.09,108.34,55024.2,55024.2,5960784.0463,1
2026-09-20T17:30:00+08:00,1789896600000,108.34,108.82,108.33,108.65,77247.64,77247.64,8391782.3226,1
2026-09-20T17:45:00+08:00,1789897500000,108.64,108.65,108.23,108.28,61081.68,61081.68,6621787.0578,1
2026-09-20T18:00:00+08:00,1789898400000,108.27,108.41,107.87,108.12,92201.87,92201.87,9961374.7048,1
2026-09-20T18:15:00+08:00,1789899300000,108.12,108.24,107.94,108.1,44277.62,44277.62,4785906.265,1
2026-09-20T18:30:00+08:00,1789900200000,108.1,108.32,107.92,108.07,45353.32,45353.32,4902908.6577,1
2026-09-20T18:45:00+08:00,1789901100000,108.06,108.22,108,108.01,22617.73,22617.73,2445004.0593,1
2026-09-20T19:00:00+08:00,1789902000000,108,108.33,107.93,107.99,57489.36,57489.36,6215380.8581,1
2026-09-20T19:15:00+08:00,1789902900000,107.99,108.2,107.9,108.14,47268.93,47268.93,5106326.5329,1
2026-09-20T19:30:00+08:00,1789903800000,108.14,108.4,108.11,108.36,93027.62,93027.62,10075591.7542,1
2026-09-20T19:45:00+08:00,1789904700000,108.35,108.67,108.32,108.44,63227.55,63227.55,6861942.3169,1
2026-09-20T20:00:00+08:00,1789905600000,108.44,108.83,108.28,108.6,84775.06,84775.06,9207573.6029,1
2026-09-20T20:15:00+08:00,1789906500000,108.61,108.62,108.16,108.2,58745.1,58745.1,6363471.4908,1
2026-09-20T20:30:00+08:00,1789907400000,108.19,108.3,108.08,108.18,51822.88,51822.88,5604909.1987,1
2026-09-20T20:45:00+08:00,1789908300000,108.18,108.47,108.17,108.36,72019.65,72019.65,7802115.236,1
2026-09-20T21:00:00+08:00,1789909200000,108.35,108.57,108.23,108.26,73578.69,73578.69,7975343.6006,1
2026-09-20T21:15:00+08:00,1789910100000,108.27,108.32,108.08,108.16,57542.67,57542.67,6225178.7522,1
2026-09-20T21:30:00+08:00,1789911000000,108.17,108.21,107.91,108.16,52694.99,52694.99,5693604.8563,1
2026-09-20T21:45:00+08:00,1789911900000,108.16,108.23,107.99,108.18,49377.44,49377.44,5339596.9152,1
2026-09-20T22:00:00+08:00,1789912800000,108.19,108.62,108.14,108.14,68580.81,68580.81,7434679.8075,1
2026-09-20T22:15:00+08:00,1789913700000,108.15,108.27,107.88,108.13,74849.51,74849.51,8087988.8325,1
2026-09-20T22:30:00+08:00,1789914600000,108.14,108.35,108.07,108.2,46383.99,46383.99,5021993.4163,1
2026-09-20T22:45:00+08:00,1789915500000,108.2,108.36,108.03,108.1,36855.2,36855.2,3988061.4895,1
2026-09-20T23:00:00+08:00,1789916400000,108.09,108.54,108,108.09,193159.45,193159.45,20909363.904,1
2026-09-20T23:15:00+08:00,1789917300000,108.09,108.46,108.01,108.02,75759.46,75759.46,8201613.2769,1
2026-09-20T23:30:00+08:00,1789918200000,108.01,108.45,108.01,108.35,79640.85,79640.85,8623394.5587,1
2026-09-20T23:45:00+08:00,1789919100000,108.34,108.79,108.3,108.74,75285.93,75285.93,8172127.3081,1
2026-09-21T00:00:00+08:00,1789920000000,108.74,108.99,108.46,108.84,194370.27,194370.27,21140525.725,1
2026-09-21T00:15:00+08:00,1789920900000,108.84,109.48,108.79,109.31,271854.32,271854.32,29661234.6394,1
2026-09-21T00:30:00+08:00,1789921800000,109.31,110.66,109.21,110.36,555599.57,555599.57,61222109.4948,1
2026-09-21T00:45:00+08:00,1789922700000,110.35,110.45,109.86,110.27,258352.83,258352.83,28442249.5591,1
2026-09-21T01:00:00+08:00,1789923600000,110.27,110.4,109.47,109.71,174136.6,174136.6,19143806.1974,1
2026-09-21T01:15:00+08:00,1789924500000,109.71,109.97,109.43,109.55,93738.39,93738.39,10285286.1672,1
2026-09-21T01:30:00+08:00,1789925400000,109.56,110.49,109.52,110.37,93770.57,93770.57,10322803.4269,1
2026-09-21T01:45:00+08:00,1789926300000,110.37,110.47,109.63,109.86,77815.3,77815.3,8558490.2023,1
2026-09-21T02:00:00+08:00,1789927200000,109.86,109.95,109.55,109.73,34574.97,34574.97,3795947.5694,1
2026-09-21T02:15:00+08:00,1789928100000,109.73,110.29,109.68,110.22,81307.21,81307.21,8953792.5733,1
2026-09-21T02:30:00+08:00,1789929000000,110.23,110.3,109.66,109.86,61650.66,61650.66,6778483.9434,1
2026-09-21T02:45:00+08:00,1789929900000,109.86,109.9,109.15,109.37,112348.06,112348.06,12291759.8109,1
2026-09-21T03:00:00+08:00,1789930800000,109.38,109.95,109.3,109.84,86111.98,86111.98,9443752.8489,1
2026-09-21T03:15:00+08:00,1789931700000,109.84,109.98,109.72,109.95,39777.24,39777.24,4369275.1587,1
2026-09-21T03:30:00+08:00,1789932600000,109.95,110.52,109.91,110.27,100210.93,100210.93,11051068.0937,1
2026-09-21T03:45:00+08:00,1789933500000,110.28,110.82,110.24,110.39,64317.02,64317.02,7114012.4117,1
2026-09-21T04:00:00+08:00,1789934400000,110.39,110.56,110.21,110.27,43792.79,43792.79,4833603.7989,1
2026-09-21T04:15:00+08:00,1789935300000,110.27,110.47,110.11,110.34,73987.67,73987.67,8157172.5898,1
2026-09-21T04:30:00+08:00,1789936200000,110.34,110.4,110.09,110.4,33622.46,33622.46,3706506.7077,1
2026-09-21T04:45:00+08:00,1789937100000,110.39,110.59,110.01,110.08,51063.65,51063.65,5630643.969,1
2026-09-21T05:00:00+08:00,1789938000000,110.08,110.09,109.01,109.62,205919.35,205919.35,22550004.6241,1
2026-09-21T05:15:00+08:00,1789938900000,109.62,110.05,109.52,109.87,92993.75,92993.75,10210197.0756,1
2026-09-21T05:30:00+08:00,1789939800000,109.87,110.01,109.39,109.53,53070.39,53070.39,5825280.4227,1
2026-09-21T05:45:00+08:00,1789940700000,109.53,109.95,109.52,109.84,37708.82,37708.82,4139126.9905,1
2026-09-21T06:00:00+08:00,1789941600000,109.84,110.55,109.56,110.55,105318.28,105318.28,11596355.8441,1
2026-09-21T06:15:00+08:00,1789942500000,110.55,110.55,110.11,110.47,65250.46,65250.46,7197217.1621,1
2026-09-21T06:30:00+08:00,1789943400000,110.47,110.68,110.21,110.25,40370.2,40370.2,4459540.7171,1
2026-09-21T06:45:00+08:00,1789944300000,110.26,111.02,110.22,110.96,97511.72,97511.72,10797264.4852,1
2026-09-21T07:00:00+08:00,1789945200000,110.97,110.97,110.51,110.58,65262.18,65262.18,7225342.1743,1
2026-09-21T07:15:00+08:00,1789946100000,110.59,111.05,110.5,110.66,57469.38,57469.38,6368635.0836,1
2026-09-21T07:30:00+08:00,1789947000000,110.66,111.06,110.61,111.06,92255.32,92255.32,10226087.4462,1
2026-09-21T07:45:00+08:00,1789947900000,111.06,111.42,110.83,111.12,159283.24,159283.24,17701084.6778,1
2026-09-21T08:00:00+08:00,1789948800000,111.12,112.36,111.1,112.33,256894.75,256894.75,28728641.7088,1
2026-09-21T08:15:00+08:00,1789949700000,112.34,112.8,111.92,112.35,232284.17,232284.17,26116941.309,1
2026-09-21T08:30:00+08:00,1789950600000,112.35,112.72,111.95,112.32,237666,237666,26695584.7977,1
2026-09-21T08:45:00+08:00,1789951500000,112.33,112.89,112.15,112.27,183154.23,183154.23,20599713.429,1
2026-09-21T09:00:00+08:00,1789952400000,112.26,112.82,111.97,112.66,130799.77,130799.77,14696369.7392,1
2026-09-21T09:15:00+08:00,1789953300000,112.67,113.44,112.1,112.31,285110.35,285110.35,32180545.8071,1
2026-09-21T09:30:00+08:00,1789954200000,112.31,112.71,111.86,112.26,124688.75,124688.75,13986629.3201,1
2026-09-21T09:45:00+08:00,1789955100000,112.27,112.42,110.66,110.92,338483.02,338483.02,37669512.3186,1
2026-09-21T10:00:00+08:00,1789956000000,110.91,111.58,110.65,111.55,164755.34,164755.34,18326265.8138,1
2026-09-21T10:15:00+08:00,1789956900000,111.55,111.96,111.42,111.67,80728.45,80728.45,9020025.0472,1
2026-09-21T10:30:00+08:00,1789957800000,111.67,111.69,110.87,111.27,82444.72,82444.72,9169438.2084,1
2026-09-21T10:45:00+08:00,1789958700000,111.27,111.48,111,111.18,91979.9,91979.9,10230351.2259,1
2026-09-21T11:00:00+08:00,1789959600000,111.18,111.67,111.12,111.33,90843.48,90843.48,10123368.1675,1
2026-09-21T11:15:00+08:00,1789960500000,111.33,111.84,111.3,111.68,64941.77,64941.77,7248760.4111,1
2026-09-21T11:30:00+08:00,1789961400000,111.68,111.88,111.45,111.57,45339.93,45339.93,5064107.885,1
2026-09-21T11:45:00+08:00,1789962300000,111.57,111.76,111.43,111.51,27691.33,27691.33,3090253.1957,1
2026-09-21T12:00:00+08:00,1789963200000,111.51,111.59,111.06,111.2,39225.53,39225.53,4364120.5684,1
2026-09-21T12:15:00+08:00,1789964100000,111.2,111.37,111.03,111.15,45428.85,45428.85,5050600.4497,1
2026-09-21T12:30:00+08:00,1789965000000,111.15,111.51,110.98,111.45,38738.47,38738.47,4309011.3193,1
2026-09-21T12:45:00+08:00,1789965900000,111.46,111.77,111.35,111.41,48312.45,48312.45,5389351.8355,1
2026-09-21T13:00:00+08:00,1789966800000,111.42,111.51,111.23,111.3,35521.32,35521.32,3954879.6399,1
2026-09-21T13:15:00+08:00,1789967700000,111.31,111.98,111.29,111.84,71025.03,71025.03,7939643.0834,1
2026-09-21T13:30:00+08:00,1789968600000,111.84,112.19,111.78,111.88,106391.52,106391.52,11913630.8143,1
2026-09-21T13:45:00+08:00,1789969500000,111.88,112.07,111.61,111.72,71877.62,71877.62,8038796.278,1
2026-09-21T14:00:00+08:00,1789970400000,111.72,111.95,111.61,111.75,62191.89,62191.89,6952196.3079,1
2026-09-21T14:15:00+08:00,1789971300000,111.74,112.56,111.74,112.36,110918.27,110918.27,12458176.8957,1
2026-09-21T14:30:00+08:00,1789972200000,112.36,112.47,111.47,111.47,76356.32,76356.32,8546647.6303,1
2026-09-21T14:45:00+08:00,1789973100000,111.47,112.16,111.47,112.15,69648.05,69648.05,7795308.6469,1
2026-09-21T15:00:00+08:00,1789974000000,112.15,112.35,111.73,111.95,85908.4,85908.4,9632116.1651,1
2026-09-21T15:15:00+08:00,1789974900000,111.96,111.99,111.64,111.72,53448.65,53448.65,5974457.3236,1
2026-09-21T15:30:00+08:00,1789975800000,111.71,111.72,111.34,111.5,86074.66,86074.66,9597037.3653,1
2026-09-21T15:45:00+08:00,1789976700000,111.49,112.09,111.42,112.08,81182.58,81182.58,9071573.3013,1
2026-09-21T16:00:00+08:00,1789977600000,112.07,112.94,112.03,112.85,224291.44,224291.44,25253548.4107,1
2026-09-21T16:15:00+08:00,1789978500000,112.84,113.57,112.66,113.48,253152.16,253152.16,28643043.6616,1
2026-09-21T16:30:00+08:00,1789979400000,113.47,116.38,113.38,115.64,905139.61,905139.61,104032642.0049,1
2026-09-21T16:45:00+08:00,1789980300000,115.64,115.95,115.1,115.26,322066.76,322066.76,37230460.28,1
2026-09-21T17:00:00+08:00,1789981200000,115.25,115.56,114.94,115.08,237245.97,237245.97,27345225.8125,1
2026-09-21T17:15:00+08:00,1789982100000,115.08,116.13,114.89,115.9,299771.03,299771.03,34601377.3961,1
2026-09-21T17:30:00+08:00,1789983000000,115.89,116.83,115.78,116.29,495746.88,495746.88,57642840.9009,1
2026-09-21T17:45:00+08:00,1789983900000,116.28,116.47,115.24,115.87,280640.54,280640.54,32487575.9539,1
2026-09-21T18:00:00+08:00,1789984800000,115.87,116.08,115.45,115.57,146053.81,146053.81,16898687.8368,1
2026-09-21T18:15:00+08:00,1789985700000,115.57,115.94,115.55,115.69,97843.11,97843.11,11320903.1269,1
2026-09-21T18:30:00+08:00,1789986600000,115.7,115.89,115.42,115.88,87035.7,87035.7,10066168.1006,1
2026-09-21T18:45:00+08:00,1789987500000,115.88,116,115.6,115.97,62576.27,62576.27,7249726.2519,1
2026-09-21T19:00:00+08:00,1789988400000,115.97,116.39,115.78,116.32,146581.14,146581.14,17028217.2178,1
2026-09-21T19:15:00+08:00,1789989300000,116.33,116.48,116.1,116.28,103448.46,103448.46,12033548.9059,1
2026-09-21T19:30:00+08:00,1789990200000,116.28,117.15,116.13,117.05,238575.31,238575.31,27835536.1014,1
2026-09-21T19:45:00+08:00,1789991100000,117.04,117.04,116.45,116.76,124431.1,124431.1,14529893.2735,1
2026-09-21T20:00:00+08:00,1789992000000,116.76,116.99,116.36,116.71,136718.92,136718.92,15951563.6152,1
2026-09-21T20:15:00+08:00,1789992900000,116.71,117.08,116.12,116.29,129729.8,129729.8,15123394.4007,1
2026-09-21T20:30:00+08:00,1789993800000,116.3,116.89,116.26,116.64,66752.11,66752.11,7787271.8699,1
2026-09-21T20:45:00+08:00,1789994700000,116.64,116.88,116.44,116.74,58079.79,58079.79,6775904.4978,1
2026-09-21T21:00:00+08:00,1789995600000,116.73,117.38,116.65,117.12,224482.05,224482.05,26298398.4076,1
2026-09-21T21:15:00+08:00,1789996500000,117.12,118.15,116.96,117.34,366819.42,366819.42,43150709.7406,1
2026-09-21T21:30:00+08:00,1789997400000,117.34,117.75,116.6,117,297000.09,297000.09,34774936.499,1
2026-09-21T21:45:00+08:00,1789998300000,117,118.35,116.95,117.98,263336.57,263336.57,31043050.6269,1
2026-09-21T22:00:00+08:00,1789999200000,117.98,118.75,117.29,118,409361.91,409361.91,48328305.9732,1
2026-09-21T22:15:00+08:00,1790000100000,117.99,118.89,117.82,118.45,207685.34,207685.34,24579293.2088,1
2026-09-21T22:30:00+08:00,1790001000000,118.44,118.78,117.69,117.83,229556.68,229556.68,27138175.4354,1
2026-09-21T22:45:00+08:00,1790001900000,117.83,118.75,117.66,117.97,285628.64,285628.64,33746364.0977,1
2026-09-21T23:00:00+08:00,1790002800000,117.96,119.1,117.88,118.53,296682.89,296682.89,35198839.6346,1
2026-09-21T23:15:00+08:00,1790003700000,118.52,118.53,117.29,117.41,254500.85,254500.85,29960905.6324,1
2026-09-21T23:30:00+08:00,1790004600000,117.41,117.83,117.35,117.83,195656.61,195656.61,23010435.5024,1
2026-09-21T23:45:00+08:00,1790005500000,117.84,118.49,117.79,117.87,174320.58,174320.58,20597908.5424,1
2026-09-22T00:00:00+08:00,1790006400000,117.87,118.02,117.37,117.7,171000.56,171000.56,20124324.2749,1
2026-09-22T00:15:00+08:00,1790007300000,117.69,118.27,117.47,117.58,138965.63,138965.63,16377495.7639,1
2026-09-22T00:30:00+08:00,1790008200000,117.57,117.77,116.7,117.45,238733.54,238733.54,27948619.5867,1
2026-09-22T00:45:00+08:00,1790009100000,117.44,117.78,117.39,117.45,99861.75,99861.75,11742912.2242,1
2026-09-22T01:00:00+08:00,1790010000000,117.44,117.86,117.23,117.46,82274.34,82274.34,9671742.6475,1
2026-09-22T01:15:00+08:00,1790010900000,117.47,117.62,117.12,117.45,63174.1,63174.1,7414359.8162,1
2026-09-22T01:30:00+08:00,1790011800000,117.45,117.81,117.35,117.46,91582.01,91582.01,10769333.2156,1
2026-09-22T01:45:00+08:00,1790012700000,117.46,117.48,116.61,117.15,188514.51,188514.51,22056184.9301,1
2026-09-22T02:00:00+08:00,1790013600000,117.15,117.5,116.81,117.44,85164.58,85164.58,9988053.2603,1
2026-09-22T02:15:00+08:00,1790014500000,117.45,117.6,117.24,117.38,49511.95,49511.95,5814754.2557,1
2026-09-22T02:30:00+08:00,1790015400000,117.39,117.42,117,117.24,34993.73,34993.73,4101934.8203,1
2026-09-22T02:45:00+08:00,1790016300000,117.25,117.83,117.23,117.68,78644.5,78644.5,9245542.9803,1
2026-09-22T03:00:00+08:00,1790017200000,117.68,117.7,117.22,117.6,58874,58874,6916604.457,1
2026-09-22T03:15:00+08:00,1790018100000,117.6,118.05,117.51,117.89,88363.14,88363.14,10408513.162,1
2026-09-22T03:30:00+08:00,1790019000000,117.89,118.43,117.75,118.13,152762.04,152762.04,18050933.8825,1
2026-09-22T03:45:00+08:00,1790019900000,118.12,118.38,117.82,118.31,84952.6,84952.6,10028455.979,1
2026-09-22T04:00:00+08:00,1790020800000,118.31,118.56,118.15,118.44,69300.66,69300.66,8204373.8051,1
2026-09-22T04:15:00+08:00,1790021700000,118.44,119.47,118.4,119.01,245139.88,245139.88,29185850.13,1
2026-09-22T04:30:00+08:00,1790022600000,119.02,119.05,118.43,118.53,98189.95,98189.95,11653741.9696,1
2026-09-22T04:45:00+08:00,1790023500000,118.53,119.3,118.34,119.16,99864.81,99864.81,11876408.1883,1
2026-09-22T05:00:00+08:00,1790024400000,119.16,119.17,118.63,118.64,111737.82,111737.82,13287708.3876,1
2026-09-22T05:15:00+08:00,1790025300000,118.65,119.18,118.59,119.01,49649.93,49649.93,5904131.1769,1
2026-09-22T05:30:00+08:00,1790026200000,119.02,119.96,119.02,119.5,152305.28,152305.28,18213195.0897,1
2026-09-22T05:45:00+08:00,1790027100000,119.49,119.56,119.02,119.06,43778.95,43778.95,5219257.5958,1
2026-09-22T06:00:00+08:00,1790028000000,119.07,119.52,119.03,119.42,53132.9,53132.9,6337716.4037,1
2026-09-22T06:15:00+08:00,1790028900000,119.42,119.8,119.02,119.25,90884.84,90884.84,10854963.3531,1
2026-09-22T06:30:00+08:00,1790029800000,119.26,119.45,119.05,119.18,58078.06,58078.06,6924050.2219,1
2026-09-22T06:45:00+08:00,1790030700000,119.17,119.47,118.73,119.43,96741.49,96741.49,11518475.4264,1
2026-09-22T07:00:00+08:00,1790031600000,119.42,119.9,119.34,119.5,102658.17,102658.17,12280649.9116,1
2026-09-22T07:15:00+08:00,1790032500000,119.5,119.61,118.84,118.87,94348.86,94348.86,11240359.4759,1
2026-09-22T07:30:00+08:00,1790033400000,118.87,118.9,118.35,118.57,201039.24,201039.24,23842660.8873,1
2026-09-22T07:45:00+08:00,1790034300000,118.58,118.95,118.46,118.87,62644.12,62644.12,7431761.2705,1
2026-09-22T08:00:00+08:00,1790035200000,118.88,118.91,118.4,118.69,100842.1,100842.1,11964457.7458,1
2026-09-22T08:15:00+08:00,1790036100000,118.69,119.08,118.6,118.95,156529.56,156529.56,18601303.0624,1
2026-09-22T08:30:00+08:00,1790037000000,118.94,119.28,118.71,119.27,106939.02,106939.02,12732141.3104,1
2026-09-22T08:45:00+08:00,1790037900000,119.26,119.44,118.02,118.3,218516,218516,25967672.6969,1
2026-09-22T09:00:00+08:00,1790038800000,118.3,118.41,117.44,117.88,293723.12,293723.12,34630334.0754,1
2026-09-22T09:15:00+08:00,1790039700000,117.88,118.08,116.88,117.92,228126.13,228126.13,26790648.6807,1
2026-09-22T09:30:00+08:00,1790040600000,117.91,118.15,117.47,117.63,96798.39,96798.39,11406380.6776,1
2026-09-22T09:45:00+08:00,1790041500000,117.63,117.72,117.33,117.56,61617.89,61617.89,7239148.6845,1
2026-09-22T10:00:00+08:00,1790042400000,117.56,117.71,117.11,117.41,102662.67,102662.67,12057162.3508,1
2026-09-22T10:15:00+08:00,1790043300000,117.41,117.8,117.11,117.63,76802,76802,9018439.4093,1
2026-09-22T10:30:00+08:00,1790044200000,117.63,118.07,117.34,117.85,98578.3,98578.3,11617216.5978,1
2026-09-22T10:45:00+08:00,1790045100000,117.85,118,116.37,116.89,309392.16,309392.16,36203418.1527,1
2026-09-22T11:00:00+08:00,1790046000000,116.89,116.9,116.26,116.73,261882.08,261882.08,30527652.9178,1
2026-09-22T11:15:00+08:00,1790046900000,116.72,117.03,116.3,116.94,119190.03,119190.03,13899490.8207,1
2026-09-22T11:30:00+08:00,1790047800000,116.94,117.03,116.5,116.66,75419.06,75419.06,8804022.8441,1
2026-09-22T11:45:00+08:00,1790048700000,116.65,117,116.6,116.76,56426.19,56426.19,6590359.0431,1
2026-09-22T12:00:00+08:00,1790049600000,116.76,117.1,116.5,116.96,132438.4,132438.4,15470323.6648,1
2026-09-22T12:15:00+08:00,1790050500000,116.96,117.06,116.66,116.76,77493.15,77493.15,9056166.4592,1
2026-09-22T12:30:00+08:00,1790051400000,116.75,116.8,116.32,116.5,110938.21,110938.21,12932002.0968,1
2026-09-22T12:45:00+08:00,1790052300000,116.5,116.57,116.19,116.34,110500.41,110500.41,12859281.3429,1
2026-09-22T13:00:00+08:00,1790053200000,116.35,116.57,116.08,116.31,87123.27,87123.27,10138789.0001,1
2026-09-22T13:15:00+08:00,1790054100000,116.31,116.35,115.57,115.8,265183.16,265183.16,30725114.1185,1
2026-09-22T13:30:00+08:00,1790055000000,115.79,116.66,115.52,116.65,246551.6,246551.6,28647044.3617,1
2026-09-22T13:45:00+08:00,1790055900000,116.65,117.15,116.65,116.79,192728.75,192728.75,22539848.1706,1
2026-09-22T14:00:00+08:00,1790056800000,116.8,117.01,116.35,116.64,110487.47,110487.47,12882751.3502,1
2026-09-22T14:15:00+08:00,1790057700000,116.64,116.7,116.33,116.55,103193.51,103193.51,12020260.7541,1
2026-09-22T14:30:00+08:00,1790058600000,116.56,116.88,116.45,116.6,66871.56,66871.56,7801299.7988,1
2026-09-22T14:45:00+08:00,1790059500000,116.61,116.81,116.47,116.48,53566.59,53566.59,6246778.3877,1
2026-09-22T15:00:00+08:00,1790060400000,116.49,116.8,116.4,116.68,57344.09,57344.09,6688460.3827,1
2026-09-22T15:15:00+08:00,1790061300000,116.68,116.77,116.06,116.32,122499.94,122499.94,14255907.2399,1
2026-09-22T15:30:00+08:00,1790062200000,116.33,116.35,115.96,116.16,55566.01,55566.01,6452250.95,1
2026-09-22T15:45:00+08:00,1790063100000,116.17,116.35,116.14,116.27,40777.35,40777.35,4738905.913,1
2026-09-22T16:00:00+08:00,1790064000000,116.28,116.55,116.07,116.46,66295.41,66295.41,7715049.7797,1
2026-09-22T16:15:00+08:00,1790064900000,116.46,116.47,115.87,115.95,71336.67,71336.67,8283583.5794,1
2026-09-22T16:30:00+08:00,1790065800000,115.96,117.21,115.74,117.19,210527.46,210527.46,24565313.2667,1
2026-09-22T16:45:00+08:00,1790066700000,117.19,118,117.12,117.44,295598.6,295598.6,34761308.9431,1
2026-09-22T17:00:00+08:00,1790067600000,117.44,117.55,116.61,116.88,227833.34,227833.34,26651049.7463,1
2026-09-22T17:15:00+08:00,1790068500000,116.89,117.15,116.83,117.07,99461.21,99461.21,11633668.2476,1
2026-09-22T17:30:00+08:00,1790069400000,117.06,117.35,116.96,117.2,71220.99,71220.99,8345675.7371,1
2026-09-22T17:45:00+08:00,1790070300000,117.2,117.52,117.14,117.43,107678.22,107678.22,12629328.5891,1
2026-09-22T18:00:00+08:00,1790071200000,117.43,117.43,116.88,116.98,70239.47,70239.47,8225369.7351,1
2026-09-22T18:15:00+08:00,1790072100000,116.98,117.18,116.36,116.57,97520.68,97520.68,11379418.8179,1
2026-09-22T18:30:00+08:00,1790073000000,116.56,116.85,116.33,116.69,95115.26,95115.26,11090180.9719,1
2026-09-22T18:45:00+08:00,1790073900000,116.7,116.92,116.54,116.78,38869.78,38869.78,4537422.8122,1
2026-09-22T19:00:00+08:00,1790074800000,116.78,116.87,116.33,116.83,85002.09,85002.09,9914228.4105,1
2026-09-22T19:15:00+08:00,1790075700000,116.84,117.28,116.64,116.8,146517.67,146517.67,17132673.5132,1
2026-09-22T19:30:00+08:00,1790076600000,116.79,117.42,116.75,117.36,105880.85,105880.85,12408024.967,1
2026-09-22T19:45:00+08:00,1790077500000,117.36,117.46,117.12,117.26,133097.5,133097.5,15607272.4928,1
2026-09-22T20:00:00+08:00,1790078400000,117.27,117.35,117.06,117.06,47942.26,47942.26,5620426.1179,1
2026-09-22T20:15:00+08:00,1790079300000,117.05,117.4,116.8,117.39,146120.53,146120.53,17107287.4497,1
2026-09-22T20:30:00+08:00,1790080200000,117.38,117.7,117.15,117.18,151293.98,151293.98,17766296.536,1
2026-09-22T20:45:00+08:00,1790081100000,117.18,117.52,117.17,117.42,80264.39,80264.39,9417660.4204,1
2026-09-22T21:00:00+08:00,1790082000000,117.41,117.75,117.34,117.52,114435.36,114435.36,13456719.3317,1
2026-09-22T21:15:00+08:00,1790082900000,117.52,117.56,116.83,116.99,104854.33,104854.33,12284725.2129,1
2026-09-22T21:30:00+08:00,1790083800000,116.99,117.74,116.75,117.3,197222.65,197222.65,23110639.0383,1
2026-09-22T21:45:00+08:00,1790084700000,117.3,117.95,117.07,117.92,134686.21,134686.21,15831667.6019,1
2026-09-22T22:00:00+08:00,1790085600000,117.93,117.93,117.22,117.76,160665.64,160665.64,18895789.0282,1
2026-09-22T22:15:00+08:00,1790086500000,117.77,117.79,117.02,117.02,96840.89,96840.89,11355574.0432,1
2026-09-22T22:30:00+08:00,1790087400000,117.03,117.05,115.83,116.32,447018.3,447018.3,51996918.0479,1
2026-09-22T22:45:00+08:00,1790088300000,116.31,116.84,116.3,116.82,120065.95,120065.95,13991694.0215,1
2026-09-22T23:00:00+08:00,1790089200000,116.81,117.19,116.71,117.16,166772.2,166772.2,19501279.1959,1
2026-09-22T23:15:00+08:00,1790090100000,117.17,117.54,116.88,117.3,161890.66,161890.66,18978408.8046,1
2026-09-22T23:30:00+08:00,1790091000000,117.29,117.56,117.04,117.54,78607.39,78607.39,9220384.2658,1
2026-09-22T23:45:00+08:00,1790091900000,117.54,117.87,117.27,117.31,124958.63,124958.63,14678890.6224,1
2026-09-23T00:00:00+08:00,1790092800000,117.31,117.48,116.66,116.78,148550.85,148550.85,17390361.2394,1
2026-09-23T00:15:00+08:00,1790093700000,116.77,117.09,116.64,116.81,130534.14,130534.14,15253410.3622,1
2026-09-23T00:30:00+08:00,1790094600000,116.81,117.2,116.75,117.1,78326.47,78326.47,9163388.5487,1
2026-09-23T00:45:00+08:00,1790095500000,117.09,117.76,116.96,117.4,114073.05,114073.05,13402711.6824,1
2026-09-23T01:00:00+08:00,1790096400000,117.4,117.8,117.26,117.69,164170.08,164170.08,19304003.8802,1
2026-09-23T01:15:00+08:00,1790097300000,117.69,117.96,117.42,117.96,112999.48,112999.48,13303759.3127,1
2026-09-23T01:30:00+08:00,1790098200000,117.96,118.14,117.62,117.67,160791.52,160791.52,18960551.6922,1
2026-09-23T01:45:00+08:00,1790099100000,117.68,118.03,117.58,117.91,93535.85,93535.85,11019803.4236,1
2026-09-23T02:00:00+08:00,1790100000000,117.91,118.02,117.75,117.94,70325.15,70325.15,8290555.4616,1
2026-09-23T02:15:00+08:00,1790100900000,117.94,118.42,117.57,117.67,131051.63,131051.63,15466551.2771,1
2026-09-23T02:30:00+08:00,1790101800000,117.67,118.08,117.65,118.04,74671.74,74671.74,8797391.2472,1
2026-09-23T02:45:00+08:00,1790102700000,118.04,118.23,117.95,118.08,96116.67,96116.67,11354068.9943,1
2026-09-23T03:00:00+08:00,1790103600000,118.08,118.37,118.02,118.1,59947.56,59947.56,7085996.0698,1
2026-09-23T03:15:00+08:00,1790104500000,118.1,118.63,118.1,118.62,93961.2,93961.2,11124162.1924,1
2026-09-23T03:30:00+08:00,1790105400000,118.62,118.66,118.01,118.21,145581.29,145581.29,17220903.2435,1
2026-09-23T03:45:00+08:00,1790106300000,118.21,118.3,117.7,118.2,153488.72,153488.72,18101630.6311,1
2026-09-23T04:00:00+08:00,1790107200000,118.2,118.22,117.82,117.85,99672.76,99672.76,11764311.8934,1
2026-09-23T04:15:00+08:00,1790108100000,117.86,118.3,117.78,118.21,140909.68,140909.68,16632121.2467,1
2026-09-23T04:30:00+08:00,1790109000000,118.2,118.3,118.06,118.09,50728.57,50728.57,5995278.6041,1
2026-09-23T04:45:00+08:00,1790109900000,118.09,118.12,117.73,117.9,109028.16,109028.16,12853893.5283,1
2026-09-23T05:00:00+08:00,1790110800000,117.9,118.12,117.73,117.78,54626.18,54626.18,6442379.509,1
2026-09-23T05:15:00+08:00,1790111700000,117.77,117.98,117.62,117.86,59814.62,59814.62,7045430.8845,1
2026-09-23T05:30:00+08:00,1790112600000,117.86,118.18,117.86,118.02,52928.74,52928.74,6246414.6932,1
2026-09-23T05:45:00+08:00,1790113500000,118.02,118.21,118,118.01,34327.28,34327.28,4054260.5406,1
2026-09-23T06:00:00+08:00,1790114400000,118.01,118.19,117.53,117.71,88869.3,88869.3,10469400.3274,1
2026-09-23T06:15:00+08:00,1790115300000,117.7,118.1,117.62,118.08,46113.6,46113.6,5440545.5057,1
2026-09-23T06:30:00+08:00,1790116200000,118.09,118.73,118.04,118.63,152621.23,152621.23,18078907.0847,1
2026-09-23T06:45:00+08:00,1790117100000,118.63,118.73,118.4,118.41,64138.12,64138.12,7605102.3444,1
2026-09-23T07:00:00+08:00,1790118000000,118.42,119.26,118.36,118.98,190370.12,190370.12,22641290.4434,1
2026-09-23T07:15:00+08:00,1790118900000,118.97,119.11,118.39,118.55,115603.5,115603.5,13724090.6849,1
2026-09-23T07:30:00+08:00,1790119800000,118.54,118.69,118.16,118.35,88131.28,88131.28,10430989.7263,1
2026-09-23T07:45:00+08:00,1790120700000,118.35,118.53,118.23,118.49,51059.56,51059.56,6046103.8962,1
2026-09-23T08:00:00+08:00,1790121600000,118.5,118.78,118.22,118.7,55933.07,55933.07,6624970.8728,1
2026-09-23T08:15:00+08:00,1790122500000,118.7,119.07,118.64,118.9,72095.94,72095.94,8570259.3373,1
2026-09-23T08:30:00+08:00,1790123400000,118.9,119.15,118.73,118.78,56294.94,56294.94,6694635.1556,1
2026-09-23T08:45:00+08:00,1790124300000,118.79,118.92,118.67,118.74,34748.71,34748.71,4127358.5946,1
2026-09-23T09:00:00+08:00,1790125200000,118.74,119.44,118.65,118.99,130752.23,130752.23,15568618.0879,1
2026-09-23T09:15:00+08:00,1790126100000,118.98,119.08,118.76,118.85,79344.33,79344.33,9435088.6804,1
2026-09-23T09:30:00+08:00,1790127000000,118.85,118.89,118.12,118.21,110272.39,110272.39,13061107.6511,1
2026-09-23T09:45:00+08:00,1790127900000,118.21,118.29,117.76,118.29,150994.4,150994.4,17823936.0564,1
2026-09-23T10:00:00+08:00,1790128800000,118.28,118.32,117.81,118.03,69599.15,69599.15,8213772.5378,1
2026-09-23T10:15:00+08:00,1790129700000,118.04,118.45,117.96,118.35,50168.23,50168.23,5933003.8244,1
2026-09-23T10:30:00+08:00,1790130600000,118.35,118.45,118.22,118.27,32319.28,32319.28,3823771.0588,1
2026-09-23T10:45:00+08:00,1790131500000,118.27,118.44,118.1,118.42,28044.53,28044.53,3316615.9482,1
2026-09-23T11:00:00+08:00,1790132400000,118.43,118.62,118.21,118.58,45374.79,45374.79,5372490.7913,1
2026-09-23T11:15:00+08:00,1790133300000,118.58,119.31,118.52,118.98,156132.11,156132.11,18567538.1108,1
2026-09-23T11:30:00+08:00,1790134200000,118.98,119.64,118.84,119.6,200465.74,200465.74,23918995.2254,1
2026-09-23T11:45:00+08:00,1790135100000,119.59,119.6,119.03,119.05,108768.3,108768.3,12971706.9781,1
2026-09-23T12:00:00+08:00,1790136000000,119.06,119.35,118.67,119.07,91424.8,91424.8,10880371.4756,1
2026-09-23T12:15:00+08:00,1790136900000,119.08,119.69,118.89,119.43,87617.53,87617.53,10461510.0945,1
2026-09-23T12:30:00+08:00,1790137800000,119.42,119.64,119.31,119.49,58907.37,58907.37,7038557.3856,1
2026-09-23T12:45:00+08:00,1790138700000,119.48,119.66,119.4,119.44,56860.35,56860.35,6795514.302,1
2026-09-23T13:00:00+08:00,1790139600000,119.45,119.47,118.91,119.07,104628.32,104628.32,12464641.2829,1
2026-09-23T13:15:00+08:00,1790140500000,119.07,119.22,118.88,118.94,59351.66,59351.66,7065069.5831,1
2026-09-23T13:30:00+08:00,1790141400000,118.95,119.05,118.78,118.91,48868.74,48868.74,5810772.4533,1
2026-09-23T13:45:00+08:00,1790142300000,118.91,119.03,118.18,118.35,204593.24,204593.24,24237150.7646,1
2026-09-23T14:00:00+08:00,1790143200000,118.35,118.65,118.3,118.65,99112.31,99112.31,11742273.2939,1
2026-09-23T14:15:00+08:00,1790144100000,118.65,118.85,118.63,118.65,64824.67,64824.67,7697093.1281,1
2026-09-23T14:30:00+08:00,1790145000000,118.64,119.13,118.52,119.13,74714.37,74714.37,8882177.0483,1
2026-09-23T14:45:00+08:00,1790145900000,119.12,119.23,118.79,118.88,57743.47,57743.47,6869684.5428,1
2026-09-23T15:00:00+08:00,1790146800000,118.88,118.88,118.5,118.67,73071.17,73071.17,8671650.5308,1
2026-09-23T15:15:00+08:00,1790147700000,118.67,119.02,118.62,118.76,70784.95,70784.95,8411351.0717,1
2026-09-23T15:30:00+08:00,1790148600000,118.75,118.81,117.24,117.71,358283.66,358283.66,42242025.829,1
2026-09-23T15:45:00+08:00,1790149500000,117.71,118.12,117.47,117.83,248983.42,248983.42,29344288.4057,1
2026-09-23T16:00:00+08:00,1790150400000,117.83,118.04,117.3,117.79,141911.66,141911.66,16704635.1358,1
2026-09-23T16:15:00+08:00,1790151300000,117.8,118.29,117.8,117.87,84737.07,84737.07,10006300.9775,1
2026-09-23T16:30:00+08:00,1790152200000,117.88,118.06,117.85,117.88,43323.44,43323.44,5109835.7931,1
2026-09-23T16:45:00+08:00,1790153100000,117.89,117.89,116.84,117.33,296807.7,296807.7,34780247.92,1
2026-09-23T17:00:00+08:00,1790154000000,117.34,117.52,117.16,117.38,129031.36,129031.36,15148376.1904,1
2026-09-23T17:15:00+08:00,1790154900000,117.39,117.69,117.35,117.44,119030.08,119030.08,13986001.3757,1
2026-09-23T17:30:00+08:00,1790155800000,117.45,117.54,117.15,117.27,41428.08,41428.08,4860313.6408,1
2026-09-23T17:45:00+08:00,1790156700000,117.27,117.48,117.01,117.34,143960.35,143960.35,16882876.2273,1
2026-09-23T18:00:00+08:00,1790157600000,117.35,117.54,117.24,117.38,77631.09,77631.09,9114586.4113,1
2026-09-23T18:15:00+08:00,1790158500000,117.37,117.41,116.71,117.19,136371.69,136371.69,15955772.9518,1
2026-09-23T18:30:00+08:00,1790159400000,117.2,117.49,116.96,117.45,95011.71,95011.71,11140753.1102,1
2026-09-23T18:45:00+08:00,1790160300000,117.46,117.59,117.26,117.59,82655.91,82655.91,9708837.6446,1
2026-09-23T19:00:00+08:00,1790161200000,117.58,117.66,117.14,117.2,98778.33,98778.33,11598772.162,1
2026-09-23T19:15:00+08:00,1790162100000,117.19,117.26,116.36,116.64,185414.58,185414.58,21638098.0298,1
2026-09-23T19:30:00+08:00,1790163000000,116.63,116.8,116.38,116.61,102112.11,102112.11,11901359.5734,1
2026-09-23T19:45:00+08:00,1790163900000,116.61,117.16,116.59,117.02,80351.78,80351.78,9393440.7229,1
2026-09-23T20:00:00+08:00,1790164800000,117.03,117.11,116.51,116.82,131681.1,131681.1,15381685.613,1
2026-09-23T20:15:00+08:00,1790165700000,116.82,117.09,116.5,116.88,84402.8,84402.8,9861628.8571,1
2026-09-23T20:30:00+08:00,1790166600000,116.88,117.23,116.81,116.85,104481.3,104481.3,12225724.8092,1
2026-09-23T20:45:00+08:00,1790167500000,116.85,116.97,116.63,116.86,40045.92,40045.92,4677321.3168,1
2026-09-23T21:00:00+08:00,1790168400000,116.85,116.9,115.8,116.11,358185.68,358185.68,41608180.8776,1
2026-09-23T21:15:00+08:00,1790169300000,116.11,116.78,116.11,116.65,120846.37,120846.37,14074919.0514,1
2026-09-23T21:30:00+08:00,1790170200000,116.65,117.14,116.47,116.99,185539.87,185539.87,21681031.2447,1
2026-09-23T21:45:00+08:00,1790171100000,116.99,117.03,116.34,116.73,81172.45,81172.45,9467551.4876,1
2026-09-23T22:00:00+08:00,1790172000000,116.73,116.97,112.78,114.6,1529351.43,1529351.43,175238257.6716,1
2026-09-23T22:15:00+08:00,1790172900000,114.61,114.67,113.07,113.35,770527.59,770527.59,87597891.5632,1
2026-09-23T22:30:00+08:00,1790173800000,113.35,114.74,112.89,114.44,408570.56,408570.56,46594241.4303,1
2026-09-23T22:45:00+08:00,1790174700000,114.44,115.16,114.08,115.05,263021.29,263021.29,30187052.8566,1
2026-09-23T23:00:00+08:00,1790175600000,115.05,115.76,114.91,115.56,225914.21,225914.21,26053312.8164,1
2026-09-23T23:15:00+08:00,1790176500000,115.55,115.84,114.96,114.98,187147.8,187147.8,21607388.8044,1
2026-09-23T23:30:00+08:00,1790177400000,114.99,115.04,114.23,114.41,243447.27,243447.27,27904658.4857,1
2026-09-23T23:45:00+08:00,1790178300000,114.41,114.53,113.7,113.79,244021.48,244021.48,27812608.0902,1
2026-09-24T00:00:00+08:00,1790179200000,113.79,115.2,113.03,115.02,587548.51,587548.51,67006033.4507,1
2026-09-24T00:15:00+08:00,1790180100000,115.02,115.02,114.52,114.65,102565.83,102565.83,11768169.337,1
2026-09-24T00:30:00+08:00,1790181000000,114.65,114.9,114.13,114.49,104220.82,104220.82,11932271.4958,1
2026-09-24T00:45:00+08:00,1790181900000,114.48,114.69,113.75,114.33,126234.66,126234.66,14403520.7675,1
2026-09-24T01:00:00+08:00,1790182800000,114.34,114.58,113.46,113.68,145147.69,145147.69,16525558.9163,1
2026-09-24T01:15:00+08:00,1790183700000,113.68,114.48,113.64,114.14,100544.85,100544.85,11476284.968,1
2026-09-24T01:30:00+08:00,1790184600000,114.14,114.64,114.05,114.48,111803.18,111803.18,12776399.0564,1
2026-09-24T01:45:00+08:00,1790185500000,114.48,114.76,114.39,114.49,97123.68,97123.68,11129428.8557,1
2026-09-24T02:00:00+08:00,1790186400000,114.48,114.52,113.88,114.08,80951.77,80951.77,9238792.0463,1
2026-09-24T02:15:00+08:00,1790187300000,114.08,114.24,113.9,114.05,46132.75,46132.75,5263852.3323,1
2026-09-24T02:30:00+08:00,1790188200000,114.05,114.18,113.93,114.16,31133.45,31133.45,3550802.4721,1
2026-09-24T02:45:00+08:00,1790189100000,114.16,114.55,114.06,114.21,39757.46,39757.46,4546531.362,1
2026-09-24T03:00:00+08:00,1790190000000,114.22,114.4,113.91,114.17,45760.2,45760.2,5222619.3915,1
2026-09-24T03:15:00+08:00,1790190900000,114.17,114.55,114.11,114.44,40593.08,40593.08,4642265.868,1
2026-09-24T03:30:00+08:00,1790191800000,114.44,114.61,114.3,114.35,35865.05,35865.05,4105709.9227,1
2026-09-24T03:45:00+08:00,1790192700000,114.34,114.84,114.3,114.45,71494.62,71494.62,8189637.2349,1
2026-09-24T04:00:00+08:00,1790193600000,114.46,114.63,114.1,114.18,44131.3,44131.3,5045591.7938,1
2026-09-24T04:15:00+08:00,1790194500000,114.18,114.44,113.97,114.07,30704.5,30704.5,3505808.5675,1
2026-09-24T04:30:00+08:00,1790195400000,114.07,114.42,114.07,114.28,22069.03,22069.03,2520810.2425,1
2026-09-24T04:45:00+08:00,1790196300000,114.29,114.34,113.93,113.96,42606.87,42606.87,4860082.9736,1
2026-09-24T05:00:00+08:00,1790197200000,113.96,114.32,113.78,114.29,71321.56,71321.56,8133347.1743,1
2026-09-24T05:15:00+08:00,1790198100000,114.28,114.36,114.02,114.29,45483.14,45483.14,5192972.2923,1
2026-09-24T05:30:00+08:00,1790199000000,114.3,114.6,114.26,114.53,35052.64,35052.64,4012073.4801,1
2026-09-24T05:45:00+08:00,1790199900000,114.53,114.69,114.42,114.66,31455.64,31455.64,3603973.1124,1
2026-09-24T06:00:00+08:00,1790200800000,114.67,115.57,114.56,115.25,137375.31,137375.31,15824725.5955,1
2026-09-24T06:15:00+08:00,1790201700000,115.25,115.34,114.8,114.81,81557.89,81557.89,9390880.8401,1
2026-09-24T06:30:00+08:00,1790202600000,114.8,114.84,114.58,114.8,53990.69,53990.69,6193614.4028,1
2026-09-24T06:45:00+08:00,1790203500000,114.8,115.23,114.8,115.08,76196.38,76196.38,8766684.4659,1
2026-09-24T07:00:00+08:00,1790204400000,115.08,115.14,114.82,114.95,34317.59,34317.59,3946702.4887,1
2026-09-24T07:15:00+08:00,1790205300000,114.94,115.02,114.81,114.89,32535.9,32535.9,3738856.0434,1
2026-09-24T07:30:00+08:00,1790206200000,114.88,114.96,114.68,114.76,26343.35,26343.35,3024067.3685,1
2026-09-24T07:45:00+08:00,1790207100000,114.76,114.98,114.75,114.95,33175.95,33175.95,3812490.828,1
2026-09-24T08:00:00+08:00,1790208000000,114.95,115.31,114.85,115.05,49899.66,49899.66,5743140.1426,1
2026-09-24T08:15:00+08:00,1790208900000,115.05,115.47,115.05,115.29,44262.55,44262.55,5102194.3428,1
2026-09-24T08:30:00+08:00,1790209800000,115.29,115.67,114.95,115.02,89897.17,89897.17,10370935.4083,1
2026-09-24T08:45:00+08:00,1790210700000,115.02,115.24,114.81,115.1,59461.14,59461.14,6837801.739,1
2026-09-24T09:00:00+08:00,1790211600000,115.1,115.36,115.07,115.32,77889.69,77889.69,8976001.3606,1
2026-09-24T09:15:00+08:00,1790212500000,115.32,115.36,114.83,114.95,83633.75,83633.75,9616690.4359,1
2026-09-24T09:30:00+08:00,1790213400000,114.95,115.44,114.53,114.73,116091.05,116091.05,13348408.0922,1
2026-09-24T09:45:00+08:00,1790214300000,114.73,114.9,114.48,114.65,46507.09,46507.09,5333501.3222,1
2026-09-24T10:00:00+08:00,1790215200000,114.65,114.71,114.01,114.34,134815.7,134815.7,15404068.0829,1
2026-09-24T10:15:00+08:00,1790216100000,114.34,115.06,114.34,114.87,84511.24,84511.24,9702330.2369,1
2026-09-24T10:30:00+08:00,1790217000000,114.86,115.23,114.69,115.18,63970.74,63970.74,7354472.6112,1
2026-09-24T10:45:00+08:00,1790217900000,115.17,115.4,115.09,115.24,57009.02,57009.02,6569592.0434,1
2026-09-24T11:00:00+08:00,1790218800000,115.24,115.65,114.99,115.25,84002.72,84002.72,9689630.0045,1
2026-09-24T11:15:00+08:00,1790219700000,115.26,115.37,114.64,114.74,43662.85,43662.85,5016680.2399,1
2026-09-24T11:30:00+08:00,1790220600000,114.74,114.78,114.47,114.73,51093.69,51093.69,5857444.6442,1
2026-09-24T11:45:00+08:00,1790221500000,114.74,114.82,114.49,114.66,31326.58,31326.58,3590366.1671,1
2026-09-24T12:00:00+08:00,1790222400000,114.66,114.75,114.3,114.53,68018.57,68018.57,7790439.7829,1
2026-09-24T12:15:00+08:00,1790223300000,114.53,114.86,114.4,114.85,42830.5,42830.5,4910008.1715,1
2026-09-24T12:30:00+08:00,1790224200000,114.86,114.92,114.76,114.88,21579.45,21579.45,2478256.7884,1
2026-09-24T12:45:00+08:00,1790225100000,114.88,115.44,114.73,115.34,82533.46,82533.46,9501875.4519,1
2026-09-24T13:00:00+08:00,1790226000000,115.33,116.08,115.33,115.57,220837.84,220837.84,25557928.1859,1
2026-09-24T13:15:00+08:00,1790226900000,115.57,115.68,115.38,115.39,48106.1,48106.1,5554843.5565,1
2026-09-24T13:30:00+08:00,1790227800000,115.39,115.46,115.13,115.31,49598.12,49598.12,5718687.7495,1
2026-09-24T13:45:00+08:00,1790228700000,115.31,115.43,114.74,114.78,72626.74,72626.74,8350906.968,1
2026-09-24T14:00:00+08:00,1790229600000,114.78,115.21,114.68,115.04,57578.14,57578.14,6615693.1785,1
2026-09-24T14:15:00+08:00,1790230500000,115.03,115.16,114.86,115.04,26178.31,26178.31,3010837.1684,1
2026-09-24T14:30:00+08:00,1790231400000,115.04,115.1,114.76,114.9,41207.51,41207.51,4734301.5924,1
2026-09-24T14:45:00+08:00,1790232300000,114.9,114.93,114.65,114.77,30867.86,30867.86,3542719.2886,1
2026-09-24T15:00:00+08:00,1790233200000,114.77,114.83,114.42,114.77,106526.28,106526.28,12209190.9196,1
2026-09-24T15:15:00+08:00,1790234100000,114.77,115.14,114.64,115.14,49987.67,49987.67,5744676.1965,1
2026-09-24T15:30:00+08:00,1790235000000,115.15,115.5,115.09,115.47,127545.26,127545.26,14712885.9867,1
2026-09-24T15:45:00+08:00,1790235900000,115.47,115.6,115.32,115.45,72009.71,72009.71,8314080.4021,1
2026-09-24T16:00:00+08:00,1790236800000,115.45,115.58,115.14,115.17,53037.54,53037.54,6118822.3412,1
2026-09-24T16:15:00+08:00,1790237700000,115.17,115.25,114.23,114.27,161514.09,161514.09,18521942.403,1
2026-09-24T16:30:00+08:00,1790238600000,114.26,114.55,113.9,114.06,159292.93,159292.93,18196464.8847,1
2026-09-24T16:45:00+08:00,1790239500000,114.05,114.15,113.23,114.09,273484.07,273484.07,31093091.1645,1
2026-09-24T17:00:00+08:00,1790240400000,114.09,114.27,113.48,113.51,106013.31,106013.31,12071768.407,1
2026-09-24T17:15:00+08:00,1790241300000,113.51,113.59,113.16,113.37,156895.22,156895.22,17786510.8429,1
2026-09-24T17:30:00+08:00,1790242200000,113.38,113.39,112.4,113.1,398923.19,398923.19,45037599.0959,1
2026-09-24T17:45:00+08:00,1790243100000,113.1,113.41,113.01,113.09,138071.92,138071.92,15631197.7726,1
2026-09-24T18:00:00+08:00,1790244000000,113.09,113.2,112.73,113.01,127031.95,127031.95,14350904.4222,1
2026-09-24T18:15:00+08:00,1790244900000,113.01,113.23,112.85,113,129303.41,129303.41,14615323.963,1
2026-09-24T18:30:00+08:00,1790245800000,112.99,113.39,112.61,113.32,174828.2,174828.2,19749017.1051,1
2026-09-24T18:45:00+08:00,1790246700000,113.31,113.52,113.15,113.31,100889.75,100889.75,11436327.7862,1
2026-09-24T19:00:00+08:00,1790247600000,113.31,113.51,113.25,113.36,51652.4,51652.4,5856415.8542,1
2026-09-24T19:15:00+08:00,1790248500000,113.36,113.5,113.28,113.29,57650.18,57650.18,6536041.1641,1
2026-09-24T19:30:00+08:00,1790249400000,113.29,113.34,113.01,113.16,82430.56,82430.56,9326148.3459,1
2026-09-24T19:45:00+08:00,1790250300000,113.16,113.43,113.03,113.3,101642.52,101642.52,11507508.631,1
2026-09-24T20:00:00+08:00,1790251200000,113.29,113.68,113.12,113.48,74839.16,74839.16,8491431.6102,1
2026-09-24T20:15:00+08:00,1790252100000,113.47,113.7,113.38,113.44,64387.81,64387.81,7309144.0528,1
2026-09-24T20:30:00+08:00,1790253000000,113.45,113.54,113.04,113.47,114241.82,114241.82,12933307.9872,1
2026-09-24T20:45:00+08:00,1790253900000,113.47,113.89,113.33,113.78,88881.77,88881.77,10103479.0877,1
2026-09-24T21:00:00+08:00,1790254800000,113.79,114.3,113.77,114.25,208386.89,208386.89,23779914.0537,1
2026-09-24T21:15:00+08:00,1790255700000,114.24,114.8,114.18,114.45,191110.6,191110.6,21881789.0607,1
2026-09-24T21:30:00+08:00,1790256600000,114.45,115.37,114.4,114.68,313492.97,313492.97,36046148.9732,1
2026-09-24T21:45:00+08:00,1790257500000,114.69,114.98,114.36,114.92,138812.5,138812.5,15916891.0806,1
2026-09-24T22:00:00+08:00,1790258400000,114.92,115.17,114.75,114.87,98932.97,98932.97,11372070.9635,1
2026-09-24T22:15:00+08:00,1790259300000,114.87,116.37,114.77,116.24,382169.57,382169.57,44251247.7404,1
2026-09-24T22:30:00+08:00,1790260200000,116.25,116.34,115.69,115.77,227248.67,227248.67,26363917.6229,1
2026-09-24T22:45:00+08:00,1790261100000,115.76,115.77,114.03,114.53,405114.57,405114.57,46544680.7313,1
2026-09-24T23:00:00+08:00,1790262000000,114.53,115.04,114.28,114.94,147316.38,147316.38,16907153.5338,1
2026-09-24T23:15:00+08:00,1790262900000,114.94,115.88,114.88,115.6,212570.04,212570.04,24547942.1602,1
2026-09-24T23:30:00+08:00,1790263800000,115.6,116.57,115.52,116.16,209368.26,209368.26,24309512.2294,1
2026-09-24T23:45:00+08:00,1790264700000,116.16,116.35,115.84,116.25,107286.69,107286.69,12456543.2668,1
2026-09-25T00:00:00+08:00,1790265600000,116.25,116.34,115.85,116.33,94096.94,94096.94,10922740.0432,1
2026-09-25T00:15:00+08:00,1790266500000,116.33,117.45,116.33,117.23,396394.54,396394.54,46382933.3057,1
2026-09-25T00:30:00+08:00,1790267400000,117.24,117.72,116.77,117.07,164428.19,164428.19,19280544.2198,1
2026-09-25T00:45:00+08:00,1790268300000,117.08,117.42,116.75,117,132117.01,132117.01,15465604.5605,1
2026-09-25T01:00:00+08:00,1790269200000,117,117.27,116.8,117.11,150796.59,150796.59,17649859.0992,1
2026-09-25T01:15:00+08:00,1790270100000,117.1,117.26,116.7,117.06,80582.8,80582.8,9421748.5807,1
2026-09-25T01:30:00+08:00,1790271000000,117.07,117.24,116.43,116.63,146519.73,146519.73,17126858.2517,1
2026-09-25T01:45:00+08:00,1790271900000,116.62,116.79,116.4,116.69,99553.58,99553.58,11608940.6185,1
2026-09-25T02:00:00+08:00,1790272800000,116.7,117.09,116.19,116.9,133009.38,133009.38,15507008.7775,1
2026-09-25T02:15:00+08:00,1790273700000,116.91,117.42,116.8,117.2,129061.72,129061.72,15122057.3068,1
2026-09-25T02:30:00+08:00,1790274600000,117.21,117.39,116.81,117.09,95843,95843,11221987.7388,1
2026-09-25T02:45:00+08:00,1790275500000,117.09,117.52,117.06,117.33,41757.05,41757.05,4896151.1108,1
2026-09-25T03:00:00+08:00,1790276400000,117.33,117.46,117.01,117.39,90237.58,90237.58,10576393.4937,1
2026-09-25T03:15:00+08:00,1790277300000,117.39,117.62,117.34,117.6,44768.33,44768.33,5260611.0093,1
2026-09-25T03:30:00+08:00,1790278200000,117.6,117.63,117.22,117.28,76766.16,76766.16,9010094.0321,1
2026-09-25T03:45:00+08:00,1790279100000,117.28,117.48,117.05,117.22,107382.57,107382.57,12593825.473,1
2026-09-25T04:00:00+08:00,1790280000000,117.22,117.37,116.82,116.82,60135.91,60135.91,7041271.7335,1
2026-09-25T04:15:00+08:00,1790280900000,116.83,116.95,116.58,116.8,59223.54,59223.54,6918674.7692,1
2026-09-25T04:30:00+08:00,1790281800000,116.81,116.98,116.6,116.85,24417.33,24417.33,2851942.951,1
2026-09-25T04:45:00+08:00,1790282700000,116.84,116.97,116.62,116.76,40691.18,40691.18,4751871.8558,1
2026-09-25T05:00:00+08:00,1790283600000,116.76,116.87,116.56,116.65,52112.5,52112.5,6081206.9786,1
2026-09-25T05:15:00+08:00,1790284500000,116.64,116.9,116.62,116.8,25860.19,25860.19,3020860.5346,1
2026-09-25T05:30:00+08:00,1790285400000,116.8,117.18,116.77,117.03,54640.4,54640.4,6392315.9656,1
2026-09-25T05:45:00+08:00,1790286300000,117.03,117.08,116.75,116.77,21930.74,21930.74,2564663.6249,1
2026-09-25T06:00:00+08:00,1790287200000,116.77,116.88,116.43,116.46,57668.18,57668.18,6723762.6643,1
2026-09-25T06:15:00+08:00,1790288100000,116.46,116.54,116.04,116.27,81117.68,81117.68,9431547.1397,1
2026-09-25T06:30:00+08:00,1790289000000,116.28,116.49,116.18,116.32,26148.91,26148.91,3041945.1621,1
2026-09-25T06:45:00+08:00,1790289900000,116.33,116.54,116.31,116.54,17451.99,17451.99,2032566.9262,1
2026-09-25T07:00:00+08:00,1790290800000,116.53,116.77,116.51,116.57,40809.58,40809.58,4760502.8795,1
2026-09-25T07:15:00+08:00,1790291700000,116.57,116.96,116.49,116.92,36975.91,36975.91,4316496.8659,1
2026-09-25T07:30:00+08:00,1790292600000,116.92,117.16,116.91,116.98,80495.66,80495.66,9421380.7704,1
2026-09-25T07:45:00+08:00,1790293500000,116.99,117.1,116.93,116.98,23787.49,23787.49,2782992.4443,1
2026-09-25T08:00:00+08:00,1790294400000,116.97,117.65,116.97,117.57,76790.23,76790.23,9013678.9957,1
2026-09-25T08:15:00+08:00,1790295300000,117.57,117.58,117.25,117.38,52739.21,52739.21,6190999.9596,1
2026-09-25T08:30:00+08:00,1790296200000,117.37,117.63,117.15,117.23,61063.88,61063.88,7168108.4048,1
2026-09-25T08:45:00+08:00,1790297100000,117.24,117.46,117.21,117.38,16214.29,16214.29,1902730.7385,1
2026-09-25T09:00:00+08:00,1790298000000,117.37,117.88,117.29,117.49,100499.67,100499.67,11827148.4576,1
2026-09-25T09:15:00+08:00,1790298900000,117.48,117.76,117.29,117.43,60393.08,60393.08,7095095.3184,1
2026-09-25T09:30:00+08:00,1790299800000,117.42,117.43,117.08,117.32,49082.86,49082.86,5751430.2328,1
2026-09-25T09:45:00+08:00,1790300700000,117.31,117.5,117.24,117.41,42955.75,42955.75,5042165.0347,1
2026-09-25T10:00:00+08:00,1790301600000,117.42,118.29,117.38,118.11,150788.66,150788.66,17797220.3641,1
2026-09-25T10:15:00+08:00,1790302500000,118.12,118.39,117.75,117.92,107766.72,107766.72,12728393.1418,1
2026-09-25T10:30:00+08:00,1790303400000,117.92,118.1,117.25,117.42,71991.72,71991.72,8463994.8695,1
2026-09-25T10:45:00+08:00,1790304300000,117.41,117.47,116.76,116.86,107446.09,107446.09,12567987.4596,1
2026-09-25T11:00:00+08:00,1790305200000,116.86,117.27,116.66,116.88,108404.34,108404.34,12679474.4676,1
2026-09-25T11:15:00+08:00,1790306100000,116.88,117.11,116.63,116.66,66864.48,66864.48,7813091.2693,1
2026-09-25T11:30:00+08:00,1790307000000,116.66,117.11,116.49,116.62,128177.81,128177.81,14974148.4821,1
2026-09-25T11:45:00+08:00,1790307900000,116.62,116.87,116.41,116.85,97656.14,97656.14,11384152.6267,1
2026-09-25T12:00:00+08:00,1790308800000,116.85,117.01,116.33,116.35,61530.16,61530.16,7179316.3587,1
2026-09-25T12:15:00+08:00,1790309700000,116.34,116.61,116.2,116.55,69057.66,69057.66,8038690.8399,1
2026-09-25T12:30:00+08:00,1790310600000,116.55,117.29,116.54,117.17,84137.6,84137.6,9846969.4636,1
2026-09-25T12:45:00+08:00,1790311500000,117.17,117.2,116.33,116.34,91659.23,91659.23,10701908.9101,1
2026-09-25T13:00:00+08:00,1790312400000,116.34,116.57,116.18,116.22,75714.21,75714.21,8810269.6674,1
2026-09-25T13:15:00+08:00,1790313300000,116.22,116.6,116.22,116.44,95428.43,95428.43,11108929.1674,1
2026-09-25T13:30:00+08:00,1790314200000,116.44,116.63,116.06,116.49,107224.1,107224.1,12476626.0121,1
2026-09-25T13:45:00+08:00,1790315100000,116.49,116.53,116.33,116.41,21923.6,21923.6,2552705.3529,1
2026-09-25T14:00:00+08:00,1790316000000,116.41,116.48,116.05,116.3,83296.89,83296.89,9684348.9551,1
2026-09-25T14:15:00+08:00,1790316900000,116.3,116.69,116.12,116.39,72666.18,72666.18,8459278.726,1
2026-09-25T14:30:00+08:00,1790317800000,116.4,116.41,116.05,116.28,33073.26,33073.26,3843480.3705,1
2026-09-25T14:45:00+08:00,1790318700000,116.27,116.3,116.1,116.23,36520.5,36520.5,4243770.0397,1
2026-09-25T15:00:00+08:00,1790319600000,116.23,116.28,115.75,115.95,88210.74,88210.74,10229497.7395,1
2026-09-25T15:15:00+08:00,1790320500000,115.95,116.53,115.95,116.51,101070.95,101070.95,11756683.4552,1
2026-09-25T15:30:00+08:00,1790321400000,116.5,116.56,115.83,116.09,105785.7,105785.7,12274122.8635,1
2026-09-25T15:45:00+08:00,1790322300000,116.08,116.38,116.04,116.32,63429.97,63429.97,7371359.6468,1
2026-09-25T16:00:00+08:00,1790323200000,116.33,116.61,116.27,116.52,86711.49,86711.49,10100582.8546,1
2026-09-25T16:15:00+08:00,1790324100000,116.51,117.51,116.51,117.32,152751.05,152751.05,17886256.0015,1
2026-09-25T16:30:00+08:00,1790325000000,117.33,117.38,116.95,116.95,92388.53,92388.53,10826080.9159,1
2026-09-25T16:45:00+08:00,1790325900000,116.96,117.32,116.91,117.25,41632.39,41632.39,4874922.5092,1
2026-09-25T17:00:00+08:00,1790326800000,117.25,117.76,117.24,117.46,109893.19,109893.19,12918471.2961,1
2026-09-25T17:15:00+08:00,1790327700000,117.46,118.03,117.36,117.99,119325.04,119325.04,14049911.9803,1
2026-09-25T17:30:00+08:00,1790328600000,117.99,118.86,117.87,118.35,368109.45,368109.45,43622829.6978,1
2026-09-25T17:45:00+08:00,1790329500000,118.35,118.44,118.01,118.33,135922.37,135922.37,16068861.5752,1
2026-09-25T18:00:00+08:00,1790330400000,118.33,118.33,117.83,118.09,122204.28,122204.28,14423708.0933,1
2026-09-25T18:15:00+08:00,1790331300000,118.09,118.98,117.92,118.93,153051.38,153051.38,18132212.8179,1
2026-09-25T18:30:00+08:00,1790332200000,118.94,119,118.63,118.91,129365.39,129365.39,15373973.45,1
2026-09-25T18:45:00+08:00,1790333100000,118.91,119.63,118.82,119.15,317169.78,317169.78,37814381.9338,1
2026-09-25T19:00:00+08:00,1790334000000,119.16,122.2,119.11,121.57,982935.77,982935.77,118989809.234,1
2026-09-25T19:15:00+08:00,1790334900000,121.57,121.9,120.29,121.06,406411.86,406411.86,49148192.6399,1
2026-09-25T19:30:00+08:00,1790335800000,121.06,121.69,120.77,120.9,203371.77,203371.77,24639049.6944,1
2026-09-25T19:45:00+08:00,1790336700000,120.9,121.22,120.55,120.78,105648.27,105648.27,12764435.6588,1
2026-09-25T20:00:00+08:00,1790337600000,120.79,121.13,119.62,119.88,257910.4,257910.4,31072866.6624,1
2026-09-25T20:15:00+08:00,1790338500000,119.88,120.22,118.57,120.15,508175.81,508175.81,60644943.8612,1
2026-09-25T20:30:00+08:00,1790339400000,120.14,121.04,120,120.67,264959.8,264959.8,31937299.7938,1
2026-09-25T20:45:00+08:00,1790340300000,120.67,120.87,120.16,120.69,162118.06,162118.06,19544597.4726,1
2026-09-25T21:00:00+08:00,1790341200000,120.69,120.92,120.28,120.65,103373.6,103373.6,12471214.9974,1
2026-09-25T21:15:00+08:00,1790342100000,120.65,121.05,119.47,119.74,266783.66,266783.66,32042764.1108,1
2026-09-25T21:30:00+08:00,1790343000000,119.73,120.37,119.05,119.41,362409.3,362409.3,43339078.1305,1
2026-09-25T21:45:00+08:00,1790343900000,119.42,119.83,118.35,119.45,402456.06,402456.06,47921614.1265,1
2026-09-25T22:00:00+08:00,1790344800000,119.45,119.74,118.11,119.4,488199.7,488199.7,58093884.9417,1
2026-09-25T22:15:00+08:00,1790345700000,119.4,120.32,119.02,119.66,617144.37,617144.37,73825107.8504,1
2026-09-25T22:30:00+08:00,1790346600000,119.67,120.46,119.47,119.61,222694.65,222694.65,26738432.2421,1
2026-09-25T22:45:00+08:00,1790347500000,119.6,120.4,119.26,120.35,286233.06,286233.06,34295951.5294,1
2026-09-25T23:00:00+08:00,1790348400000,120.35,121.17,120.09,121.12,272101.08,272101.08,32820637.6382,1
2026-09-25T23:15:00+08:00,1790349300000,121.13,121.44,120.05,120.1,302939.92,302939.92,36549318.4723,1
2026-09-25T23:30:00+08:00,1790350200000,120.11,120.38,119.14,119.33,304177.14,304177.14,36410651.9151,1
2026-09-25T23:45:00+08:00,1790351100000,119.33,120.08,118.98,120.08,199619.05,199619.05,23833968.7168,1
2026-09-26T00:00:00+08:00,1790352000000,120.07,120.91,120.04,120.74,250205.94,250205.94,30166497.0607,1
2026-09-26T00:15:00+08:00,1790352900000,120.73,121.57,120.73,121.26,303981.5,303981.5,36833304.7816,1
2026-09-26T00:30:00+08:00,1790353800000,121.27,121.85,120.95,121.47,299818.66,299818.66,36401262.1403,1
2026-09-26T00:45:00+08:00,1790354700000,121.47,121.59,120.61,120.84,223025.1,223025.1,26996710.6507,1
2026-09-26T01:00:00+08:00,1790355600000,120.83,121.59,120.83,121.32,151052.06,151052.06,18326831.776,1
2026-09-26T01:15:00+08:00,1790356500000,121.32,121.53,120.31,120.35,131631.78,131631.78,15916903.403,1
2026-09-26T01:30:00+08:00,1790357400000,120.36,121.22,120.22,120.97,208888.38,208888.38,25221321.1355,1
2026-09-26T01:45:00+08:00,1790358300000,120.96,121,120.57,120.94,75171.32,75171.32,9081347.3423,1
2026-09-26T02:00:00+08:00,1790359200000,120.95,122.08,120.9,121.91,214157.44,214157.44,26034535.4793,1
2026-09-26T02:15:00+08:00,1790360100000,121.91,122.79,121.63,121.77,368211.88,368211.88,45015086.9278,1
2026-09-26T02:30:00+08:00,1790361000000,121.77,122.32,121.75,122.11,124670.55,124670.55,15214727.1304,1
2026-09-26T02:45:00+08:00,1790361900000,122.11,122.31,121.79,121.89,85119.75,85119.75,10382814.003,1
2026-09-26T03:00:00+08:00,1790362800000,121.9,122.12,121.65,122.05,117698.77,117698.77,14349000.8051,1
2026-09-26T03:15:00+08:00,1790363700000,122.05,122.08,121.6,121.75,71275.26,71275.26,8681667.7205,1
2026-09-26T03:30:00+08:00,1790364600000,121.74,121.97,121.41,121.53,93711.89,93711.89,11401474.4314,1
2026-09-26T03:45:00+08:00,1790365500000,121.54,122.01,121.54,121.84,82058.99,82058.99,9993552.7073,1
2026-09-26T04:00:00+08:00,1790366400000,121.84,121.97,121.42,121.43,59079.33,59079.33,7187469.4475,1
2026-09-26T04:15:00+08:00,1790367300000,121.43,122.28,121.39,122.23,64714.23,64714.23,7892172.2551,1
2026-09-26T04:30:00+08:00,1790368200000,122.23,122.91,122.12,122.54,165946.62,165946.62,20339376.9739,1
2026-09-26T04:45:00+08:00,1790369100000,122.55,122.55,121.5,121.51,88854.5,88854.5,10835568.6971,1
2026-09-26T05:00:00+08:00,1790370000000,121.51,121.7,120.92,121.07,150956.91,150956.91,18307432.602,1
2026-09-26T05:15:00+08:00,1790370900000,121.07,121.19,120.7,121.01,63072.66,63072.66,7629345.9066,1
2026-09-26T05:30:00+08:00,1790371800000,121.01,121.23,120.84,120.93,44625.05,44625.05,5401148.5087,1
2026-09-26T05:45:00+08:00,1790372700000,120.93,121.07,120.82,120.92,23314.15,23314.15,2818967.8449,1
2026-09-26T06:00:00+08:00,1790373600000,120.91,121.62,120.79,121.58,91510.56,91510.56,11102558.3432,1
2026-09-26T06:15:00+08:00,1790374500000,121.58,121.97,121.58,121.72,48736.9,48736.9,5934051.594,1
2026-09-26T06:30:00+08:00,1790375400000,121.72,122.35,121.72,122.34,80724.72,80724.72,9861793.1848,1
2026-09-26T06:45:00+08:00,1790376300000,122.35,122.38,122.11,122.13,37147.82,37147.82,4540907.0238,1
2026-09-26T07:00:00+08:00,1790377200000,122.13,122.33,122.03,122.07,30696.06,30696.06,3749897.3276,1
2026-09-26T07:15:00+08:00,1790378100000,122.07,122.14,121.85,121.93,37216.1,37216.1,4540076.0226,1
2026-09-26T07:30:00+08:00,1790379000000,121.93,122.1,121.85,121.98,26607.98,26607.98,3245066.8726,1
2026-09-26T07:45:00+08:00,1790379900000,121.97,122.11,121.93,122.08,46435.1,46435.1,5666513.6487,1
2026-09-26T08:00:00+08:00,1790380800000,122.07,122.15,121.88,121.95,35793.34,35793.34,4367150.1649,1
2026-09-26T08:15:00+08:00,1790381700000,121.95,122.37,121.85,121.86,59429.4,59429.4,7255650.11,1
2026-09-26T08:30:00+08:00,1790382600000,121.85,121.91,121.17,121.48,99048.56,99048.56,12026309.1343,1
2026-09-26T08:45:00+08:00,1790383500000,121.47,121.82,121.39,121.48,48990.48,48990.48,5957610.6588,1
2026-09-26T09:00:00+08:00,1790384400000,121.47,121.87,121.44,121.67,66934.6,66934.6,8141491.7086,1
2026-09-26T09:15:00+08:00,1790385300000,121.67,122,121.5,121.56,53978.57,53978.57,6574076.327,1
2026-09-26T09:30:00+08:00,1790386200000,121.56,122.12,121.52,122.05,73925.48,73925.48,9013100.8954,1
2026-09-26T09:45:00+08:00,1790387100000,122.05,122.22,121.79,122.01,67392.14,67392.14,8223230.4588,1
2026-09-26T10:00:00+08:00,1790388000000,122.01,122.22,121.73,122.19,101354.98,101354.98,12369915.5127,1
2026-09-26T10:15:00+08:00,1790388900000,122.2,122.23,121.6,121.61,65820.68,65820.68,8025261.4271,1
2026-09-26T10:30:00+08:00,1790389800000,121.6,121.78,121.52,121.63,64475.27,64475.27,7842536.5082,1
2026-09-26T10:45:00+08:00,1790390700000,121.63,121.76,121.52,121.53,53083.39,53083.39,6457452.8668,1
2026-09-26T11:00:00+08:00,1790391600000,121.54,121.54,120.56,120.7,212618.67,212618.67,25706933.0258,1
2026-09-26T11:15:00+08:00,1790392500000,120.7,120.96,120.51,120.89,119311.43,119311.43,14406846.8934,1
2026-09-26T11:30:00+08:00,1790393400000,120.9,120.94,120.52,120.68,94803.24,94803.24,11445875.1199,1
2026-09-26T11:45:00+08:00,1790394300000,120.68,120.74,120.44,120.59,57114.67,57114.67,6887849.5464,1
2026-09-26T12:00:00+08:00,1790395200000,120.59,120.91,120.58,120.67,50943.73,50943.73,6152310.8577,1
2026-09-26T12:15:00+08:00,1790396100000,120.68,120.86,120.33,120.34,86239.71,86239.71,10398402.1241,1
2026-09-26T12:30:00+08:00,1790397000000,120.34,120.53,120.1,120.5,89478.62,89478.62,10768477.4668,1
2026-09-26T12:45:00+08:00,1790397900000,120.51,120.64,120.47,120.6,21067.91,21067.91,2540387.5526,1
2026-09-26T13:00:00+08:00,1790398800000,120.59,120.65,120.4,120.41,28564.11,28564.11,3443175.9775,1
2026-09-26T13:15:00+08:00,1790399700000,120.41,120.54,120.16,120.36,52444.62,52444.62,6314019.8995,1
2026-09-26T13:30:00+08:00,1790400600000,120.35,120.65,120.27,120.58,33007.86,33007.86,3975087.7243,1
2026-09-26T13:45:00+08:00,1790401500000,120.59,120.7,120.45,120.45,45574.86,45574.86,5494436.2581,1
2026-09-26T14:00:00+08:00,1790402400000,120.46,120.48,120.2,120.21,45766.08,45766.08,5506179.2375,1
2026-09-26T14:15:00+08:00,1790403300000,120.21,120.38,120.16,120.25,30772.9,30772.9,3700801.1498,1
2026-09-26T14:30:00+08:00,1790404200000,120.25,120.44,120.24,120.34,33057.72,33057.72,3977490.4216,1
2026-09-26T14:45:00+08:00,1790405100000,120.35,120.45,120.11,120.18,47304.76,47304.76,5689294.8723,1
2026-09-26T15:00:00+08:00,1790406000000,120.17,120.6,120.13,120.54,69892.09,69892.09,8412615.038,1
2026-09-26T15:15:00+08:00,1790406900000,120.54,120.61,120.45,120.49,35271.09,35271.09,4250952.9754,1
2026-09-26T15:30:00+08:00,1790407800000,120.49,120.68,120.4,120.54,56993.95,56993.95,6870258.9417,1
2026-09-26T15:45:00+08:00,1790408700000,120.55,120.76,120.54,120.71,49553.41,49553.41,5978967.3066,1
2026-09-26T16:00:00+08:00,1790409600000,120.71,120.78,120.38,120.46,43318.04,43318.04,5222969.3911,1
2026-09-26T16:15:00+08:00,1790410500000,120.45,120.53,120.26,120.53,35384.62,35384.62,4259422.651,1
2026-09-26T16:30:00+08:00,1790411400000,120.52,121.28,120.52,120.98,151719.49,151719.49,18352808.1441,1
2026-09-26T16:45:00+08:00,1790412300000,120.97,120.97,120.64,120.64,31611,31611,3818151.3494,1
2026-09-26T17:00:00+08:00,1790413200000,120.65,120.66,119.88,120.1,120445.96,120445.96,14475910.3827,1
2026-09-26T17:15:00+08:00,1790414100000,120.09,120.11,119.76,119.98,122133.95,122133.95,14649563.2042,1
2026-09-26T17:30:00+08:00,1790415000000,119.97,120.02,119.8,119.93,42402.38,42402.38,5084641.1208,1
2026-09-26T17:45:00+08:00,1790415900000,119.93,120,119.82,119.94,39012.71,39012.71,4677991.0338,1
2026-09-26T18:00:00+08:00,1790416800000,119.94,120.27,119.9,120.25,53055.53,53055.53,6375055.2434,1
2026-09-26T18:15:00+08:00,1790417700000,120.24,120.65,120.23,120.35,61210.5,61210.5,7373298.8418,1
2026-09-26T18:30:00+08:00,1790418600000,120.35,120.58,120.32,120.51,38321.86,38321.86,4616120.0792,1
2026-09-26T18:45:00+08:00,1790419500000,120.52,120.65,120.41,120.59,48944.37,48944.37,5900209.1123,1
2026-09-26T19:00:00+08:00,1790420400000,120.59,120.59,120.21,120.36,78419.63,78419.63,9442051.611,1
2026-09-26T19:15:00+08:00,1790421300000,120.35,120.62,120.35,120.61,24304.01,24304.01,2929826.8062,1
2026-09-26T19:30:00+08:00,1790422200000,120.62,121.29,120.58,121.13,182118.91,182118.91,22046189.3538,1
2026-09-26T19:45:00+08:00,1790423100000,121.13,121.39,121.13,121.22,93382.18,93382.18,11327584.7213,1
2026-09-26T20:00:00+08:00,1790424000000,121.23,121.29,120.97,121.19,109917.14,109917.14,13317697.7951,1
2026-09-26T20:15:00+08:00,1790424900000,121.18,121.52,120.98,121.05,108119.47,108119.47,13109211.4721,1
2026-09-26T20:30:00+08:00,1790425800000,121.04,121.26,120.86,120.87,51885.33,51885.33,6280075.8762,1
2026-09-26T20:45:00+08:00,1790426700000,120.88,121.08,120.87,121.01,31331.77,31331.77,3790453.2742,1
2026-09-26T21:00:00+08:00,1790427600000,121,121.29,120.53,120.7,145978.36,145978.36,17648274.762,1
2026-09-26T21:15:00+08:00,1790428500000,120.71,120.82,120.18,120.39,119869.62,119869.62,14442928.5053,1
2026-09-26T21:30:00+08:00,1790429400000,120.39,120.65,120.34,120.56,37818.28,37818.28,4557221.4756,1
2026-09-26T21:45:00+08:00,1790430300000,120.57,120.83,120.53,120.74,54454.63,54454.63,6573303.0006,1
2026-09-26T22:00:00+08:00,1790431200000,120.74,121,120.57,120.99,53104.78,53104.78,6412485.6955,1
2026-09-26T22:15:00+08:00,1790432100000,120.99,121.06,120.87,120.95,32779.14,32779.14,3964979.0342,1
2026-09-26T22:30:00+08:00,1790433000000,120.95,121.04,120.8,120.86,28582.71,28582.71,3455788.0475,1
2026-09-26T22:45:00+08:00,1790433900000,120.86,120.96,120.77,120.89,23789.02,23789.02,2875835.794,1
2026-09-26T23:00:00+08:00,1790434800000,120.89,121.01,120.74,120.99,35711.13,35711.13,4317721.7099,1
2026-09-26T23:15:00+08:00,1790435700000,120.99,121.53,120.99,121.46,78932.67,78932.67,9570709.7437,1
2026-09-26T23:30:00+08:00,1790436600000,121.47,122.12,121.41,121.75,198334.86,198334.86,24152637.4565,1
2026-09-26T23:45:00+08:00,1790437500000,121.75,121.93,121.52,121.82,73935.76,73935.76,8999712.7915,1
2026-09-27T00:00:00+08:00,1790438400000,121.82,121.84,121.61,121.69,31614.05,31614.05,3847745.8338,1
2026-09-27T00:15:00+08:00,1790439300000,121.69,121.7,121.29,121.42,48170.35,48170.35,5851031.4087,1
2026-09-27T00:30:00+08:00,1790440200000,121.43,121.72,121.41,121.44,36377.01,36377.01,4421947.0136,1
2026-09-27T00:45:00+08:00,1790441100000,121.44,121.57,121.37,121.57,33802.14,33802.14,4105998.5126,1
2026-09-27T01:00:00+08:00,1790442000000,121.56,121.58,120.84,121.1,87735.55,87735.55,10626942.991,1
2026-09-27T01:15:00+08:00,1790442900000,121.1,121.27,120.92,121.22,49400.42,49400.42,5981611.6179,1
2026-09-27T01:30:00+08:00,1790443800000,121.23,121.34,121.01,121.34,51214.09,51214.09,6207440.1396,1
2026-09-27T01:45:00+08:00,1790444700000,121.34,121.48,121.27,121.43,32793.5,32793.5,3980442.9995,1
2026-09-27T02:00:00+08:00,1790445600000,121.43,121.63,121.31,121.34,30410.77,30410.77,3693057.3033,1
2026-09-27T02:15:00+08:00,1790446500000,121.34,121.39,121.18,121.28,16392.4,16392.4,1987905.8168,1
2026-09-27T02:30:00+08:00,1790447400000,121.27,121.3,120.99,121.03,30016.5,30016.5,3636330.5819,1
2026-09-27T02:45:00+08:00,1790448300000,121.04,121.08,120.74,121,54065.52,54065.52,6537084.7469,1
2026-09-27T03:00:00+08:00,1790449200000,120.99,121.25,120.99,121.17,26836.78,26836.78,3251368.1052,1
2026-09-27T03:15:00+08:00,1790450100000,121.17,121.23,121.1,121.17,11481.94,11481.94,1391197.5666,1
2026-09-27T03:30:00+08:00,1790451000000,121.17,121.17,120.74,121.08,32488.62,32488.62,3929296.6246,1
2026-09-27T03:45:00+08:00,1790451900000,121.08,121.09,120.96,121.08,8563.76,8563.76,1036488.0945,1
2026-09-27T04:00:00+08:00,1790452800000,121.07,121.12,120.64,120.9,37895.63,37895.63,4580159.9412,1
2026-09-27T04:15:00+08:00,1790453700000,120.91,121.48,120.84,121.36,49320.4,49320.4,5978977.0774,1
2026-09-27T04:30:00+08:00,1790454600000,121.35,121.44,120.21,120.46,137035.93,137035.93,16548142.1995,1
