open_time_beijing,timestamp_ms,open,high,low,close,vol,volCcy,volCcyQuote,confirm
2025-10-16T10:00:00+08:00,1760580000000,195.01,196.09,193.3,193.51,651365.47,651365.47,127044112.6266,1
2025-10-16T12:00:00+08:00,1760587200000,193.51,194.46,191.14,192.35,850587.77,850587.77,164167545.1695,1
2025-10-16T14:00:00+08:00,1760594400000,192.35,195.58,192.17,192.77,905604.82,905604.82,175417256.6571,1
2025-10-16T16:00:00+08:00,1760601600000,192.78,194.56,185.93,193.79,2498470.27,2498470.27,477055158.5141,1
2025-10-16T18:00:00+08:00,1760608800000,193.79,197.12,193.53,196.69,1302481.23,1302481.23,254701614.2735,1
2025-10-16T20:00:00+08:00,1760616000000,196.7,198.31,195.07,195.67,1320155.3,1320155.3,259907933.3089,1
2025-10-16T22:00:00+08:00,1760623200000,195.68,196.44,186.4,187.52,3207092.06,3207092.06,616082214.6246,1
2025-10-17T00:00:00+08:00,1760630400000,187.51,192.19,186.21,189.5,2442139.39,2442139.39,461274605.0132,1
2025-10-17T02:00:00+08:00,1760637600000,189.5,189.72,183.53,184.94,1795892.49,1795892.49,335637484.0605,1
2025-10-17T04:00:00+08:00,1760644800000,184.93,185.98,181.95,185.51,858921.91,858921.91,157735407.1767,1
2025-10-17T06:00:00+08:00,1760652000000,185.51,185.88,182.8,184.78,777927.53,777927.53,143352760.7513,1
2025-10-17T08:00:00+08:00,1760659200000,184.78,187.45,184.17,185.6,809736.84,809736.84,150501635.1545,1
2025-10-17T10:00:00+08:00,1760666400000,185.59,187.37,184.56,186.98,638606.5,638606.5,118864207.1072,1
2025-10-17T12:00:00+08:00,1760673600000,186.98,187.39,185.23,185.57,544583.41,544583.41,101566116.1947,1
2025-10-17T14:00:00+08:00,1760680800000,185.58,186.4,177.32,177.7,2871906.25,2871906.25,518065099.5921,1
2025-10-17T16:00:00+08:00,1760688000000,177.72,180.37,175.25,176.73,2302926.86,2302926.86,408234168.0992,1
2025-10-17T18:00:00+08:00,1760695200000,176.72,182.6,173.89,181.36,2454848.67,2454848.67,438751515.57,1
2025-10-17T20:00:00+08:00,1760702400000,181.36,182.5,177.89,180.6,1777910.69,1777910.69,321059723.7311,1
2025-10-17T22:00:00+08:00,1760709600000,180.59,182.77,176.21,182.62,1807825.7,1807825.7,323920264.5811,1
2025-10-18T00:00:00+08:00,1760716800000,182.63,184.92,181.66,183.64,1246804.54,1246804.54,228558807.9999,1
2025-10-18T02:00:00+08:00,1760724000000,183.65,185.31,181.31,181.85,609992.55,609992.55,111684618.968,1
2025-10-18T04:00:00+08:00,1760731200000,181.84,186.24,181.36,185.31,558563.12,558563.12,102999051.4172,1
2025-10-18T06:00:00+08:00,1760738400000,185.31,185.84,181.72,181.88,375467.65,375467.65,68838846.0819,1
2025-10-18T08:00:00+08:00,1760745600000,181.88,184.8,181.65,184.53,440641.88,440641.88,80767974.0965,1
2025-10-18T10:00:00+08:00,1760752800000,184.54,185.47,183.3,184.69,507052.02,507052.02,93547863.3884,1
2025-10-18T12:00:00+08:00,1760760000000,184.68,184.74,183.02,184.45,428196.54,428196.54,78781943.4279,1
2025-10-18T14:00:00+08:00,1760767200000,184.45,188.2,184.1,186.15,965528.57,965528.57,180267345.3516,1
2025-10-18T16:00:00+08:00,1760774400000,186.14,187.05,185.24,185.82,479378.15,479378.15,89190449.7479,1
2025-10-18T18:00:00+08:00,1760781600000,185.82,186.14,184.27,185.99,561888.37,561888.37,104089419.9873,1
2025-10-18T20:00:00+08:00,1760788800000,185.99,187.26,184.65,185.14,497850.97,497850.97,92431285.7935,1
2025-10-18T22:00:00+08:00,1760796000000,185.13,186.18,183.84,184.92,539767.82,539767.82,99884972.5731,1
2025-10-19T00:00:00+08:00,1760803200000,184.93,186.06,183.19,185.88,638878.45,638878.45,117822016.6686,1
2025-10-19T02:00:00+08:00,1760810400000,185.88,186.36,185.21,186.29,287254.54,287254.54,53369958.9185,1
2025-10-19T04:00:00+08:00,1760817600000,186.29,187.64,185.8,187.04,323518.17,323518.17,60407279.3682,1
2025-10-19T06:00:00+08:00,1760824800000,187.05,187.77,186.72,187.46,190668.63,190668.63,35704675.8514,1
2025-10-19T08:00:00+08:00,1760832000000,187.46,187.79,184.8,185.79,426010.26,426010.26,79190173.0383,1
2025-10-19T10:00:00+08:00,1760839200000,185.79,187.05,184.88,186.93,335744.14,335744.14,62421371.966,1
2025-10-19T12:00:00+08:00,1760846400000,186.93,187.6,186.25,186.43,283205.84,283205.84,52888276.621,1
2025-10-19T14:00:00+08:00,1760853600000,186.43,186.82,185.09,185.83,458818.56,458818.56,85192469.2356,1
2025-10-19T16:00:00+08:00,1760860800000,185.83,188.64,183.13,187.12,2028086.84,2028086.84,376467285.6459,1
2025-10-19T18:00:00+08:00,1760868000000,187.12,189.99,186.61,188.94,1019467.21,1019467.21,192393498.059,1
2025-10-19T20:00:00+08:00,1760875200000,188.94,190.94,188.02,190.49,626726.26,626726.26,118685583.0441,1
2025-10-19T22:00:00+08:00,1760882400000,190.48,191.57,189.66,190.66,818102.18,818102.18,156023886.6453,1
2025-10-20T00:00:00+08:00,1760889600000,190.67,192.17,189.64,189.97,828375.81,828375.81,158200868.1432,1
2025-10-20T02:00:00+08:00,1760896800000,189.97,190.32,188.23,188.83,607136.72,607136.72,114931521.3535,1
2025-10-20T04:00:00+08:00,1760904000000,188.83,189.85,188.25,189.2,308010.11,308010.11,58230146.8786,1
2025-10-20T06:00:00+08:00,1760911200000,189.2,190.06,186.74,187.77,599609.88,599609.88,112923635.1387,1
2025-10-20T08:00:00+08:00,1760918400000,187.77,187.78,183.69,185.56,947262.74,947262.74,175614921.8545,1
2025-10-20T10:00:00+08:00,1760925600000,185.55,191.65,184.01,191.1,1256548.54,1256548.54,235752813.6975,1
2025-10-20T12:00:00+08:00,1760932800000,191.1,193.27,190.52,192.88,1017870,1017870,195230178.1251,1
2025-10-20T14:00:00+08:00,1760940000000,192.88,194.43,192.63,192.93,696531.77,696531.77,134685302.634,1
2025-10-20T16:00:00+08:00,1760947200000,192.93,194.1,192.14,193.15,627078.6,627078.6,121007891.8418,1
2025-10-20T18:00:00+08:00,1760954400000,193.15,193.71,190.87,192.14,665172.19,665172.19,127739284.7317,1
2025-10-20T20:00:00+08:00,1760961600000,192.14,192.9,191.48,192.33,511899.26,511899.26,98375292.9732,1
2025-10-20T22:00:00+08:00,1760968800000,192.34,192.5,190.25,190.4,766623.62,766623.62,146711157.2333,1
2025-10-21T00:00:00+08:00,1760976000000,190.41,190.41,185.37,187.56,1779401.18,1779401.18,334399145.9504,1
2025-10-21T02:00:00+08:00,1760983200000,187.55,189.34,187.08,188.69,540165.88,540165.88,101607744.9329,1
2025-10-21T04:00:00+08:00,1760990400000,188.69,191.12,188.13,188.92,458713.45,458713.45,86947222.9359,1
2025-10-21T06:00:00+08:00,1760997600000,188.92,190.82,188.66,189.65,352782.45,352782.45,67028829.1992,1
2025-10-21T08:00:00+08:00,1761004800000,189.65,190.18,186.1,186.66,750657.4,750657.4,141251896.1799,1
2025-10-21T10:00:00+08:00,1761012000000,186.65,186.86,185.2,185.48,629072.21,629072.21,117032167.6876,1
2025-10-21T12:00:00+08:00,1761019200000,185.47,185.56,182.61,183.76,1287152.64,1287152.64,236664047.3072,1
2025-10-21T14:00:00+08:00,1761026400000,183.76,185.07,183.06,184.85,590839.66,590839.66,108853365.4245,1
2025-10-21T16:00:00+08:00,1761033600000,184.86,184.86,183.62,184.24,401336.82,401336.82,73872398.6608,1
2025-10-21T18:00:00+08:00,1761040800000,184.23,186.6,184.04,186.13,715001.73,715001.73,132614204.5057,1
2025-10-21T20:00:00+08:00,1761048000000,186.14,187.64,183.88,185.02,1159799.92,1159799.92,215722339.0058,1
2025-10-21T22:00:00+08:00,1761055200000,185.03,197.13,184.87,196.2,3281180.6,3281180.6,630648221.9081,1
2025-10-22T00:00:00+08:00,1761062400000,196.19,197.67,192.06,194.83,2369137.19,2369137.19,461874599.8521,1
2025-10-22T02:00:00+08:00,1761069600000,194.83,195.44,193.04,193.96,648916.18,648916.18,126006540.7703,1
2025-10-22T04:00:00+08:00,1761076800000,193.97,194.22,187.8,191.27,1335768.41,1335768.41,254909963.6799,1
2025-10-22T06:00:00+08:00,1761084000000,191.28,191.47,185.01,185.56,1367321.85,1367321.85,256537694.8379,1
2025-10-22T08:00:00+08:00,1761091200000,185.56,187.08,184,186.87,1134746.92,1134746.92,210642498.9358,1
2025-10-22T10:00:00+08:00,1761098400000,186.87,187.32,184.27,185.11,691041.67,691041.67,128294231.6678,1
2025-10-22T12:00:00+08:00,1761105600000,185.1,186.16,183.13,184.46,807146.51,807146.51,149031665.332,1
2025-10-22T14:00:00+08:00,1761112800000,184.45,185,183.3,184.9,593187.07,593187.07,109227902.1755,1
2025-10-22T16:00:00+08:00,1761120000000,184.9,185.1,183.27,183.93,438085.11,438085.11,80667612.5771,1
2025-10-22T18:00:00+08:00,1761127200000,183.94,185.88,181.44,184.99,1465868.92,1465868.92,269841970.0818,1
2025-10-22T20:00:00+08:00,1761134400000,184.98,186.86,184.02,186.48,1409695.83,1409695.83,261585753.0344,1
2025-10-22T22:00:00+08:00,1761141600000,186.49,186.63,181.12,183.9,2159406.22,2159406.22,396651895.8451,1
2025-10-23T00:00:00+08:00,1761148800000,183.9,184.9,181.24,181.58,1143267.66,1143267.66,209508066.0558,1
2025-10-23T02:00:00+08:00,1761156000000,181.57,182.43,176.81,180.08,1482384.26,1482384.26,267166002.6973,1
2025-10-23T04:00:00+08:00,1761163200000,180.07,180.68,176.84,178.28,1339498.83,1339498.83,239589689.0695,1
2025-10-23T06:00:00+08:00,1761170400000,178.29,180.38,177.64,179.98,518528.75,518528.75,92942867.6981,1
2025-10-23T08:00:00+08:00,1761177600000,179.99,181.95,179.56,181.71,598232.65,598232.65,108234758.2695,1
2025-10-23T10:00:00+08:00,1761184800000,181.72,183.27,181.31,182.76,464407.53,464407.53,84680944.6366,1
2025-10-23T12:00:00+08:00,1761192000000,182.77,184.73,182.57,184.72,541379.26,541379.26,99556214.9148,1
2025-10-23T14:00:00+08:00,1761199200000,184.72,187.92,184.45,187.4,1231765.28,1231765.28,229891171.4083,1
2025-10-23T16:00:00+08:00,1761206400000,187.41,188.84,187.38,188.3,770547.65,770547.65,144865573.873,1
2025-10-23T18:00:00+08:00,1761213600000,188.3,189.42,187.38,187.9,952166.35,952166.35,179457208.1461,1
2025-10-23T20:00:00+08:00,1761220800000,187.91,192.61,186.56,190.3,2120557.35,2120557.35,401877371.4838,1
2025-10-23T22:00:00+08:00,1761228000000,190.31,191.87,188.01,190.97,1232761.08,1232761.08,234333287.7126,1
2025-10-24T00:00:00+08:00,1761235200000,190.96,193.38,190.02,192.37,988809.89,988809.89,189551476.4745,1
2025-10-24T02:00:00+08:00,1761242400000,192.38,192.77,190.48,191.05,534405.2,534405.2,102347977.1209,1
2025-10-24T04:00:00+08:00,1761249600000,191.05,191.23,188.18,188.7,658489.51,658489.51,124764164.3817,1
2025-10-24T06:00:00+08:00,1761256800000,188.69,191.4,188.6,191.25,425718.24,425718.24,80951879.926,1
2025-10-24T08:00:00+08:00,1761264000000,191.25,193.9,190.82,192.85,731794.95,731794.95,140773503.2151,1
2025-10-24T10:00:00+08:00,1761271200000,192.86,192.99,190.71,191.23,591377.46,591377.46,113407610.4467,1
2025-10-24T12:00:00+08:00,1761278400000,191.23,194.57,190.73,193.22,1006618.96,1006618.96,194541771.8925,1
2025-10-24T14:00:00+08:00,1761285600000,193.21,193.6,191.35,192.09,531241.59,531241.59,102324022.2496,1
2025-10-24T16:00:00+08:00,1761292800000,192.09,193.39,191.61,192.02,472199.67,472199.67,90949433.5282,1
2025-10-24T18:00:00+08:00,1761300000000,192.02,192.1,190.45,192.02,487619.24,487619.24,93408262.8284,1
2025-10-24T20:00:00+08:00,1761307200000,192.02,196.76,190.71,192.36,2186150.62,2186150.62,423376895.5998,1
2025-10-24T22:00:00+08:00,1761314400000,192.35,192.35,188.71,189.35,1291979.67,1291979.67,245814856.3318,1
2025-10-25T00:00:00+08:00,1761321600000,189.34,191.65,188.7,191.04,548337.21,548337.21,104428822.4904,1
2025-10-25T02:00:00+08:00,1761328800000,191.04,193.53,190.9,192.97,400655.13,400655.13,77098479.6952,1
2025-10-25T04:00:00+08:00,1761336000000,192.97,194.05,192.71,193.7,369892.56,369892.56,71581246.5751,1
2025-10-25T06:00:00+08:00,1761343200000,193.7,194.14,192.97,193.5,218829.96,218829.96,42335917.0726,1
2025-10-25T08:00:00+08:00,1761350400000,193.49,194.49,192.35,193.69,412275.62,412275.62,79694136.3415,1
2025-10-25T10:00:00+08:00,1761357600000,193.68,194.13,193.18,193.37,180535.85,180535.85,34948734.4197,1
2025-10-25T12:00:00+08:00,1761364800000,193.37,194.68,193.34,194.38,320291.24,320291.24,62123352.2927,1
2025-10-25T14:00:00+08:00,1761372000000,194.38,194.87,193.7,193.86,312395.48,312395.48,60667603.6775,1
2025-10-25T16:00:00+08:00,1761379200000,193.86,195.17,192.19,192.54,499359.77,499359.77,96801874.7964,1
2025-10-25T18:00:00+08:00,1761386400000,192.54,192.84,191.06,192.64,503064.98,503064.98,96595362.9885,1
2025-10-25T20:00:00+08:00,1761393600000,192.64,194.16,192.38,192.8,409921.9,409921.9,79207576.5837,1
2025-10-25T22:00:00+08:00,1761400800000,192.8,192.83,191.72,191.82,291692.05,291692.05,56071191.3651,1
2025-10-26T00:00:00+08:00,1761408000000,191.81,192.42,191.36,192.28,233073.57,233073.57,44718978.4997,1
2025-10-26T02:00:00+08:00,1761415200000,192.27,194.54,192.2,194.4,430508.95,430508.95,83368926.6432,1
2025-10-26T04:00:00+08:00,1761422400000,194.4,194.88,193.6,194.32,277320.5,277320.5,53868846.7629,1
2025-10-26T06:00:00+08:00,1761429600000,194.32,194.68,193.74,193.75,201258.12,201258.12,39072233.0368,1
2025-10-26T08:00:00+08:00,1761436800000,193.75,194.3,192.17,192.77,337106.48,337106.48,65188605.5224,1
2025-10-26T10:00:00+08:00,1761444000000,192.77,193.05,191.8,192.89,300916.2,300916.2,57925003.4641,1
2025-10-26T12:00:00+08:00,1761451200000,192.9,193.67,192.6,193.47,215834.16,215834.16,41674441.2498,1
2025-10-26T14:00:00+08:00,1761458400000,193.48,194.22,193.37,193.78,268110.21,268110.21,51984584.844,1
2025-10-26T16:00:00+08:00,1761465600000,193.78,196.37,193.58,195.87,820418.81,820418.81,160166050.5301,1
2025-10-26T18:00:00+08:00,1761472800000,195.86,197.85,194.27,197.67,1145591.92,1145591.92,224649430.3653,1
2025-10-26T20:00:00+08:00,1761480000000,197.68,199.58,196.83,198.94,1077569.53,1077569.53,213502104.8956,1
2025-10-26T22:00:00+08:00,1761487200000,198.93,199.79,198.43,199.41,650490.7,650490.7,129476993.3466,1
2025-10-27T00:00:00+08:00,1761494400000,199.41,199.43,198.06,198.83,420464.43,420464.43,83549961.8227,1
2025-10-27T02:00:00+08:00,1761501600000,198.84,199.6,198.44,198.8,286786.22,286786.22,57065104.3925,1
2025-10-27T04:00:00+08:00,1761508800000,198.8,198.8,196.78,198.37,434449.67,434449.67,85907291.8655,1
2025-10-27T06:00:00+08:00,1761516000000,198.37,202.43,198.37,199.96,1504386.89,1504386.89,301182317.7633,1
2025-10-27T08:00:00+08:00,1761523200000,199.97,204.99,199.38,204.25,1126154.64,1126154.64,228182278.1198,1
2025-10-27T10:00:00+08:00,1761530400000,204.26,204.93,203.2,204.23,548171.92,548171.92,111816925.906,1
2025-10-27T12:00:00+08:00,1761537600000,204.24,205.24,203.1,204.22,575882.42,575882.42,117697900.6512,1
2025-10-27T14:00:00+08:00,1761544800000,204.22,205.13,202.14,202.47,847146.74,847146.74,172583181.922,1
2025-10-27T16:00:00+08:00,1761552000000,202.48,202.51,197.91,199.88,1376199.64,1376199.64,275531126.6213,1
2025-10-27T18:00:00+08:00,1761559200000,199.89,200.87,198.72,200.08,692109.32,692109.32,138298982.9519,1
2025-10-27T20:00:00+08:00,1761566400000,200.08,200.53,198.28,200.24,658159.51,658159.51,131339739.8687,1
2025-10-27T22:00:00+08:00,1761573600000,200.25,200.44,198.15,200.01,762971.46,762971.46,152139728.8604,1
2025-10-28T00:00:00+08:00,1761580800000,200.01,203.18,199.9,202.16,904390.94,904390.94,182600135.7892,1
2025-10-28T02:00:00+08:00,1761588000000,202.16,203.12,199.66,199.96,807012.71,807012.71,162194478.2833,1
2025-10-28T04:00:00+08:00,1761595200000,199.95,200.24,197.56,198.6,727517.8,727517.8,144776966.1019,1
2025-10-28T06:00:00+08:00,1761602400000,198.6,199.32,197.24,198.6,453489.24,453489.24,89955893.0421,1
2025-10-28T08:00:00+08:00,1761609600000,198.61,201.97,198.31,201.26,672002.39,672002.39,134432991.7107,1
2025-10-28T10:00:00+08:00,1761616800000,201.27,201.84,199.3,201.18,911157.35,911157.35,182858722.4864,1
2025-10-28T12:00:00+08:00,1761624000000,201.18,202.07,198.5,198.61,721473.71,721473.71,144520687.1511,1
2025-10-28T14:00:00+08:00,1761631200000,198.62,202.94,198.59,202.23,866820.18,866820.18,174491529.3784,1
2025-10-28T16:00:00+08:00,1761638400000,202.24,203.87,201.34,201.87,814883.58,814883.58,165075693.9133,1
2025-10-28T18:00:00+08:00,1761645600000,201.87,201.96,199.03,199.61,730429.83,730429.83,146247275.5057,1
2025-10-28T20:00:00+08:00,1761652800000,199.61,202.95,198.13,202.64,1814583.87,1814583.87,364076348.881,1
2025-10-28T22:00:00+08:00,1761660000000,202.64,202.84,196.33,198.74,2344344.46,2344344.46,467680890.9721,1
2025-10-29T00:00:00+08:00,1761667200000,198.74,200.84,197.8,200.75,955749.36,955749.36,190695486.1393,1
2025-10-29T02:00:00+08:00,1761674400000,200.75,201.15,194.3,195.27,1617696.83,1617696.83,318831592.2026,1
2025-10-29T04:00:00+08:00,1761681600000,195.25,195.25,190.05,193.72,2099968.75,2099968.75,405127886.5442,1
2025-10-29T06:00:00+08:00,1761688800000,193.72,195.05,193.19,194.03,530313.41,530313.41,102965381.6068,1
2025-10-29T08:00:00+08:00,1761696000000,194.03,194.99,192.58,194.08,741810.83,741810.83,143775884.184,1
2025-10-29T10:00:00+08:00,1761703200000,194.07,194.75,193.06,193.78,445745,445745,86406233.4144,1
2025-10-29T12:00:00+08:00,1761710400000,193.78,195.66,193.64,195,374722.94,374722.94,72972303.8134,1
2025-10-29T14:00:00+08:00,1761717600000,195.01,195.91,194.59,195.49,348304.98,348304.98,68005787.2525,1
2025-10-29T16:00:00+08:00,1761724800000,195.5,195.58,193.68,194.12,439526.16,439526.16,85427246.1027,1
2025-10-29T18:00:00+08:00,1761732000000,194.12,199.36,193.85,198.68,1171953.21,1171953.21,231239132.7416,1
2025-10-29T20:00:00+08:00,1761739200000,198.67,201.64,198.03,200.65,1411541.78,1411541.78,282302556.0712,1
2025-10-29T22:00:00+08:00,1761746400000,200.65,200.94,196.29,196.68,1713458.65,1713458.65,340623217.0304,1
2025-10-30T00:00:00+08:00,1761753600000,196.68,198.64,194.58,198.36,1532068.01,1532068.01,300417673.7025,1
2025-10-30T02:00:00+08:00,1761760800000,198.35,198.44,188.6,192.62,4177037.07,4177037.07,808235449.1665,1
2025-10-30T04:00:00+08:00,1761768000000,192.63,197,191.77,195.96,963287.33,963287.33,187205523.4883,1
2025-10-30T06:00:00+08:00,1761775200000,195.97,196.31,192.9,193.78,517484.99,517484.99,100733248.8114,1
2025-10-30T08:00:00+08:00,1761782400000,193.78,195.94,192.02,195.43,684191.61,684191.61,132672726.9851,1
2025-10-30T10:00:00+08:00,1761789600000,195.44,198.17,195.16,197.01,824435.12,824435.12,162323294.792,1
2025-10-30T12:00:00+08:00,1761796800000,197.02,197.11,190.15,195.03,2329631.25,2329631.25,449435075.6153,1
2025-10-30T14:00:00+08:00,1761804000000,195.03,196.08,193.25,195.65,707590.04,707590.04,137893587.0097,1
2025-10-30T16:00:00+08:00,1761811200000,195.65,196,192.18,192.25,651571.49,651571.49,126366665.642,1
2025-10-30T18:00:00+08:00,1761818400000,192.26,192.54,190.93,191.72,840414.67,840414.67,161150957.7792,1
2025-10-30T20:00:00+08:00,1761825600000,191.71,191.94,184.67,185.62,3038579.21,3038579.21,570354723.1929,1
2025-10-30T22:00:00+08:00,1761832800000,185.61,187.7,184.36,184.93,1179201.36,1179201.36,219426148.1703,1
2025-10-31T00:00:00+08:00,1761840000000,184.92,186.2,181.3,183.72,1692809.72,1692809.72,311263777.8544,1
2025-10-31T02:00:00+08:00,1761847200000,183.71,183.84,178.46,178.89,1335010.98,1335010.98,241062906.129,1
2025-10-31T04:00:00+08:00,1761854400000,178.89,182.6,178.63,182.28,1209994.83,1209994.83,218871967.7759,1
2025-10-31T06:00:00+08:00,1761861600000,182.27,184.6,181.98,184.53,601391.44,601391.44,110190829.4467,1
2025-10-31T08:00:00+08:00,1761868800000,184.52,186.75,183.92,186.12,749860.38,749860.38,139159922.4764,1
2025-10-31T10:00:00+08:00,1761876000000,186.12,186.2,183.56,185.01,747286.23,747286.23,138128692.9967,1
2025-10-31T12:00:00+08:00,1761883200000,185.02,186.92,184.8,185.61,669545.23,669545.23,124518732.8667,1
2025-10-31T14:00:00+08:00,1761890400000,185.6,186.04,184.63,185.22,414879.52,414879.52,76885047.303,1
2025-10-31T16:00:00+08:00,1761897600000,185.22,186.92,184.44,186.47,654423.5,654423.5,121723055.1916,1
2025-10-31T18:00:00+08:00,1761904800000,186.48,189.15,186.07,188.76,724109.28,724109.28,135555985.4765,1
2025-10-31T20:00:00+08:00,1761912000000,188.76,189.31,185.89,188.28,1024290.19,1024290.19,192166595.0782,1
2025-10-31T22:00:00+08:00,1761919200000,188.28,190.17,186.86,187.98,992553.15,992553.15,187112792.4289,1
2025-11-01T00:00:00+08:00,1761926400000,187.98,188.5,184.24,185.27,984126.3,984126.3,182721990.3192,1
2025-11-01T02:00:00+08:00,1761933600000,185.26,188.97,184.38,188.28,846990.77,846990.77,157970271.8534,1
2025-11-01T04:00:00+08:00,1761940800000,188.28,188.66,186.41,187.15,372267.96,372267.96,69808525.593,1
2025-11-01T06:00:00+08:00,1761948000000,187.16,187.77,186.85,187.12,159883.87,159883.87,29955168.393,1
2025-11-01T08:00:00+08:00,1761955200000,187.12,187.36,185.92,186.03,276998.67,276998.67,51695883.2705,1
2025-11-01T10:00:00+08:00,1761962400000,186.04,187.38,185.4,187.1,296183.01,296183.01,55212489.2542,1
2025-11-01T12:00:00+08:00,1761969600000,187.09,187.46,186.06,186.13,245929.77,245929.77,45909909.2765,1
2025-11-01T14:00:00+08:00,1761976800000,186.12,186.28,184.88,185.71,355011.4,355011.4,65875830.467,1
2025-11-01T16:00:00+08:00,1761984000000,185.72,186.62,185.55,185.73,249675.3,249675.3,46464596.8831,1
2025-11-01T18:00:00+08:00,1761991200000,185.74,186.5,185.18,186.09,212986.19,212986.19,39580383.3846,1
2025-11-01T20:00:00+08:00,1761998400000,186.09,186.51,184.66,185.2,300713,300713,55830622.3914,1
2025-11-01T22:00:00+08:00,1762005600000,185.2,186.36,183.61,186.31,729149.41,729149.41,134845985.206,1
2025-11-02T00:00:00+08:00,1762012800000,186.31,187.03,184.8,184.86,482647.55,482647.55,89821440.4484,1
2025-11-02T02:00:00+08:00,1762020000000,184.87,186.2,184.8,186.18,271560.67,271560.67,50335526.6529,1
2025-11-02T04:00:00+08:00,1762027200000,186.18,186.85,185.2,185.28,244448.94,244448.94,45538156.346,1
2025-11-02T06:00:00+08:00,1762034400000,185.28,186.49,184.88,186.31,219602.7,219602.7,40790467.7265,1
2025-11-02T08:00:00+08:00,1762041600000,186.3,186.33,184.58,184.74,345045.79,345045.79,63926364.3956,1
2025-11-02T10:00:00+08:00,1762048800000,184.74,185.94,184.71,185.18,217843.16,217843.16,40356254.0415,1
2025-11-02T12:00:00+08:00,1762056000000,185.19,187.94,184.92,186.96,700243.2,700243.2,130846349.9563,1
2025-11-02T14:00:00+08:00,1762063200000,186.97,188.25,186.51,187.65,349381.91,349381.91,65446775.1581,1
2025-11-02T16:00:00+08:00,1762070400000,187.65,187.84,185.71,185.8,450283.2,450283.2,84106945.3927,1
2025-11-02T18:00:00+08:00,1762077600000,185.81,186.3,184.32,186.05,742163.52,742163.52,137574629.8646,1
2025-11-02T20:00:00+08:00,1762084800000,186.04,186.39,183.83,184.98,528142.12,528142.12,97763504.248,1
2025-11-02T22:00:00+08:00,1762092000000,184.97,185.27,183.33,183.7,578708.8,578708.8,106649200.681,1
2025-11-03T00:00:00+08:00,1762099200000,183.7,184.52,181.77,184.32,835944.35,835944.35,153238933.3261,1
2025-11-03T02:00:00+08:00,1762106400000,184.31,184.58,182.94,183.93,321719.11,321719.11,59107817.7807,1
2025-11-03T04:00:00+08:00,1762113600000,183.93,185.93,183.5,185.4,212513.45,212513.45,39287993.6449,1
2025-11-03T06:00:00+08:00,1762120800000,185.39,188.03,184.21,187.67,586885.56,586885.56,109343241.9747,1
2025-11-03T08:00:00+08:00,1762128000000,187.68,189,185.27,185.44,969654.38,969654.38,181554729.9822,1
2025-11-03T10:00:00+08:00,1762135200000,185.45,185.86,176.56,177.41,2295504.36,2295504.36,415356910.8914,1
2025-11-03T12:00:00+08:00,1762142400000,177.41,178.61,175.67,176.66,1341054.87,1341054.87,237797689.1682,1
2025-11-03T14:00:00+08:00,1762149600000,176.66,177.12,174.07,176.36,1490448.39,1490448.39,261911217.4525,1
2025-11-03T16:00:00+08:00,1762156800000,176.36,176.83,174.27,174.83,1020012,1020012,178978633.298,1
2025-11-03T18:00:00+08:00,1762164000000,174.83,175.97,173.51,175.18,858380.57,858380.57,150009386.2326,1
2025-11-03T20:00:00+08:00,1762171200000,175.19,176.48,174.84,175.73,710996.3,710996.3,124910443.076,1
2025-11-03T22:00:00+08:00,1762178400000,175.73,176.84,164.35,166.74,5965469.92,5965469.92,1007576460.9696,1
2025-11-04T00:00:00+08:00,1762185600000,166.74,170.88,165.5,169.77,1927938.19,1927938.19,324574492.9896,1
2025-11-04T02:00:00+08:00,1762192800000,169.78,170,166.45,166.6,824501,824501,138528399.4803,1
2025-11-04T04:00:00+08:00,1762200000000,166.61,167.11,163.05,165.85,1394750.92,1394750.92,230110359.4732,1
2025-11-04T06:00:00+08:00,1762207200000,165.85,166.21,164.09,165.96,661485.73,661485.73,109414589.5667,1
2025-11-04T08:00:00+08:00,1762214400000,165.97,168.28,164.1,167.7,940648.82,940648.82,156654478.6249,1
2025-11-04T10:00:00+08:00,1762221600000,167.69,168.3,166.1,167.53,640445.61,640445.61,107150116.4233,1
2025-11-04T12:00:00+08:00,1762228800000,167.53,167.99,157.01,157.63,3357354.16,3357354.16,541581713.9108,1
2025-11-04T14:00:00+08:00,1762236000000,157.63,161.2,155.81,157.02,2296380.84,2296380.84,363582089.3752,1
2025-11-04T16:00:00+08:00,1762243200000,157.02,160.41,156.34,160.29,1841857.39,1841857.39,292774405.9951,1
2025-11-04T18:00:00+08:00,1762250400000,160.28,162.15,159.82,161.6,989922.8,989922.8,159360660.6111,1
2025-11-04T20:00:00+08:00,1762257600000,161.6,162.57,160.41,161.2,1026299.67,1026299.67,165617668.8173,1
2025-11-04T22:00:00+08:00,1762264800000,161.19,165.2,159.2,161.41,2040404.03,2040404.03,331878930.8374,1
2025-11-05T00:00:00+08:00,1762272000000,161.4,162.27,153,156.11,2862647.05,2862647.05,449453369.4948,1
2025-11-05T02:00:00+08:00,1762279200000,156.11,157.33,152.17,154.56,2030861.06,2030861.06,314189213.5646,1
2025-11-05T04:00:00+08:00,1762286400000,154.55,155.01,145.7,151.11,4297049.89,4297049.89,646355128.7349,1
2025-11-05T06:00:00+08:00,1762293600000,151.11,155.87,150.42,154.92,1443770.41,1443770.41,222180544.7158,1
2025-11-05T08:00:00+08:00,1762300800000,154.92,155.55,147.2,152.58,2064509.17,2064509.17,311569339.2605,1
2025-11-05T10:00:00+08:00,1762308000000,152.56,157.3,152.51,156.8,1774373.96,1774373.96,275164149.1653,1
2025-11-05T12:00:00+08:00,1762315200000,156.8,158.44,155.56,157.44,808165.84,808165.84,126943086.0994,1
2025-11-05T14:00:00+08:00,1762322400000,157.43,158.07,155.85,156.4,702876.8,702876.8,110246387.0316,1
2025-11-05T16:00:00+08:00,1762329600000,156.4,157.25,153.57,156.93,1038026.26,1038026.26,161444678.2993,1
2025-11-05T18:00:00+08:00,1762336800000,156.94,157.56,154.58,157.35,619998.58,619998.58,96874795.6856,1
2025-11-05T20:00:00+08:00,1762344000000,157.36,159.83,156.65,159.31,1000959.37,1000959.37,158465950.5237,1
2025-11-05T22:00:00+08:00,1762351200000,159.32,160.43,156.81,160.36,1321825.33,1321825.33,209790636.8112,1
2025-11-06T00:00:00+08:00,1762358400000,160.37,162.36,158.43,161.91,1108444.86,1108444.86,178204543.7116,1
2025-11-06T02:00:00+08:00,1762365600000,161.9,163.78,161.55,162.4,727856.16,727856.16,118458480.7624,1
2025-11-06T04:00:00+08:00,1762372800000,162.4,163.84,161.02,161.75,609992.51,609992.51,98989146.6691,1
2025-11-06T06:00:00+08:00,1762380000000,161.74,162.99,161.21,162.28,290705.23,290705.23,47182853.5458,1
2025-11-06T08:00:00+08:00,1762387200000,162.29,162.29,159.64,160.76,702697.99,702697.99,112964117.6805,1
2025-11-06T10:00:00+08:00,1762394400000,160.76,162.87,160.04,162.38,519640.13,519640.13,83996755.6953,1
2025-11-06T12:00:00+08:00,1762401600000,162.39,162.7,158.79,159.26,509975.75,509975.75,81883590.4685,1
2025-11-06T14:00:00+08:00,1762408800000,159.25,159.93,158.12,158.76,550455.64,550455.64,87559519.6668,1
2025-11-06T16:00:00+08:00,1762416000000,158.75,159.85,158.42,158.74,398437.74,398437.74,63423134.0008,1
2025-11-06T18:00:00+08:00,1762423200000,158.74,159.72,157.57,158.79,576532.52,576532.52,91488189.7452,1
2025-11-06T20:00:00+08:00,1762430400000,158.79,161.23,157.03,160.55,946177.34,946177.34,150682776.9094,1
2025-11-06T22:00:00+08:00,1762437600000,160.55,161.44,155.31,155.85,1584997,1584997,249745568.7916,1
2025-11-07T00:00:00+08:00,1762444800000,155.84,157.55,153.71,157.18,1376372.04,1376372.04,214339746.4155,1
2025-11-07T02:00:00+08:00,1762452000000,157.18,158.59,155.38,156.77,672866.84,672866.84,105560737.3366,1
2025-11-07T04:00:00+08:00,1762459200000,156.78,157.73,154.53,156.38,605465.06,605465.06,94256183.464,1
2025-11-07T06:00:00+08:00,1762466400000,156.39,156.7,153.32,155.19,560616.62,560616.62,86726834.6878,1
2025-11-07T08:00:00+08:00,1762473600000,155.18,157.16,154.12,156.96,852297.46,852297.46,132847560.4587,1
2025-11-07T10:00:00+08:00,1762480800000,156.96,158.5,156.06,156.78,545116.65,545116.65,85795100.5227,1
2025-11-07T12:00:00+08:00,1762488000000,156.78,158.18,155.15,158.04,600936.7,600936.7,94153471.9248,1
2025-11-07T14:00:00+08:00,1762495200000,158.04,158.2,156.27,157.65,352659.09,352659.09,55465983.6641,1
2025-11-07T16:00:00+08:00,1762502400000,157.66,158.09,154.02,154.62,647676.23,647676.23,100889682.0689,1
2025-11-07T18:00:00+08:00,1762509600000,154.62,155.66,151.5,153.75,1310736.97,1310736.97,200933833.4975,1
2025-11-07T20:00:00+08:00,1762516800000,153.75,154.07,150.85,152.23,1215959.13,1215959.13,184953092.5356,1
2025-11-07T22:00:00+08:00,1762524000000,152.22,156.22,149.7,155.34,1911116.99,1911116.99,293155008.0534,1
2025-11-08T00:00:00+08:00,1762531200000,155.33,161.41,154.29,161.05,1675510.31,1675510.31,265456744.7437,1
2025-11-08T02:00:00+08:00,1762538400000,161.06,164.37,160.82,164.05,921064.21,921064.21,149577565.0584,1
2025-11-08T04:00:00+08:00,1762545600000,164.05,164.28,161.95,163.43,648436.64,648436.64,105775815.7394,1
2025-11-08T06:00:00+08:00,1762552800000,163.44,163.83,161.51,161.73,478842.82,478842.82,77931748.8413,1
2025-11-08T08:00:00+08:00,1762560000000,161.73,162.57,160.55,161.99,577079.22,577079.22,93296461.8359,1
2025-11-08T10:00:00+08:00,1762567200000,162,164.85,161.87,162.46,696041.31,696041.31,113858824.0664,1
2025-11-08T12:00:00+08:00,1762574400000,162.46,163.65,160.93,161.29,434392.67,434392.67,70503378.7723,1
2025-11-08T14:00:00+08:00,1762581600000,161.29,161.9,159.53,160.96,641769.81,641769.81,103128741.5715,1
2025-11-08T16:00:00+08:00,1762588800000,160.96,162.26,160.21,161.07,436053.8,436053.8,70383739.6426,1
2025-11-08T18:00:00+08:00,1762596000000,161.07,161.15,159.04,159.3,426030.18,426030.18,68234477.5237,1
2025-11-08T20:00:00+08:00,1762603200000,159.3,159.62,158.03,158.13,428105.5,428105.5,68050387.6013,1
2025-11-08T22:00:00+08:00,1762610400000,158.13,158.46,155.83,156.6,814380.62,814380.62,127913572.5523,1
2025-11-09T00:00:00+08:00,1762617600000,156.6,157.57,155.72,157.48,520540.62,520540.62,81583203.1884,1
2025-11-09T02:00:00+08:00,1762624800000,157.47,158.07,156.11,157.24,389439.32,389439.32,61229111.0006,1
2025-11-09T04:00:00+08:00,1762632000000,157.23,158.17,157.1,157.92,187204.01,187204.01,29520904.1266,1
2025-11-09T06:00:00+08:00,1762639200000,157.91,158.33,157.51,157.93,180624.93,180624.93,28530528.4111,1
2025-11-09T08:00:00+08:00,1762646400000,157.94,158.21,156.44,158.08,285751.32,285751.32,44954840.9169,1
2025-11-09T10:00:00+08:00,1762653600000,158.08,158.09,155.04,155.83,510073.57,510073.57,79676324.7317,1
2025-11-09T12:00:00+08:00,1762660800000,155.83,158.25,155.79,158.02,422976.04,422976.04,66476832.708,1
2025-11-09T14:00:00+08:00,1762668000000,158.02,159.48,157.75,159.2,462385.55,462385.55,73341760.1507,1
2025-11-09T16:00:00+08:00,1762675200000,159.2,159.9,158.09,158.18,407098.85,407098.85,64749438.2758,1
2025-11-09T18:00:00+08:00,1762682400000,158.18,159.4,157.17,159,431934.24,431934.24,68379146.5897,1
2025-11-09T20:00:00+08:00,1762689600000,159,160.45,158.51,159.95,521941.33,521941.33,83304280.8907,1
2025-11-09T22:00:00+08:00,1762696800000,159.95,163.92,159.14,162.46,1862416.3,1862416.3,301154674.9155,1
2025-11-10T00:00:00+08:00,1762704000000,162.46,163.15,161.16,161.74,627444.87,627444.87,101744692.5285,1
2025-11-10T02:00:00+08:00,1762711200000,161.74,166.24,161.29,166.1,685964.36,685964.36,112657284.9142,1
2025-11-10T04:00:00+08:00,1762718400000,166.1,166.29,164.32,165.17,449565.44,449565.44,74340079.6435,1
2025-11-10T06:00:00+08:00,1762725600000,165.18,166.53,163.84,164.47,542516.95,542516.95,89488283.9341,1
2025-11-10T08:00:00+08:00,1762732800000,164.48,168.23,163.36,166.96,999221.94,999221.94,166432377.5145,1
2025-11-10T10:00:00+08:00,1762740000000,166.97,168.65,166.27,168.02,682027.13,682027.13,114219102.7722,1
2025-11-10T12:00:00+08:00,1762747200000,168.01,168.8,166.54,167.45,569248.65,569248.65,95382468.636,1
2025-11-10T14:00:00+08:00,1762754400000,167.45,168.09,166.26,167.28,555278.92,555278.92,92894432.3544,1
2025-11-10T16:00:00+08:00,1762761600000,167.28,169.74,166.04,169.39,691274.1,691274.1,115887304.8596,1
2025-11-10T18:00:00+08:00,1762768800000,169.39,169.56,167.8,168.21,481972.83,481972.83,81214825.9239,1
2025-11-10T20:00:00+08:00,1762776000000,168.2,170.42,166.8,169.62,731105.99,731105.99,123372010.7207,1
2025-11-10T22:00:00+08:00,1762783200000,169.62,169.65,165.03,166.14,1359234.68,1359234.68,226644516.17,1
2025-11-11T00:00:00+08:00,1762790400000,166.14,168.37,165.13,167.69,514487.15,514487.15,85773427.8299,1
2025-11-11T02:00:00+08:00,1762797600000,167.68,168.01,165.46,167.12,516848.88,516848.88,86120429.3964,1
2025-11-11T04:00:00+08:00,1762804800000,167.12,168.34,164.7,165.39,512631,512631,85366599.3944,1
2025-11-11T06:00:00+08:00,1762812000000,165.39,168.05,165.03,167.26,366080.1,366080.1,61099097.7591,1
2025-11-11T08:00:00+08:00,1762819200000,167.26,170.95,165.88,167.31,951096.52,951096.52,160054247.3337,1
2025-11-11T10:00:00+08:00,1762826400000,167.32,171.83,166.16,169.84,1012166.35,1012166.35,171791686.1028,1
2025-11-11T12:00:00+08:00,1762833600000,169.84,170.01,164.89,165.05,1102959.33,1102959.33,183907451.5013,1
2025-11-11T14:00:00+08:00,1762840800000,165.06,165.17,163.33,163.89,927204.4,927204.4,152406696.5785,1
2025-11-11T16:00:00+08:00,1762848000000,163.9,164.86,163.03,163.93,654710.65,654710.65,107368492.1868,1
2025-11-11T18:00:00+08:00,1762855200000,163.92,164.47,162.59,163.57,694220.51,694220.51,113557145.3696,1
2025-11-11T20:00:00+08:00,1762862400000,163.57,164.28,162.26,162.76,580639.18,580639.18,94758529.5904,1
2025-11-11T22:00:00+08:00,1762869600000,162.76,163.14,159.95,160.83,1550864.46,1550864.46,250785404.043,1
2025-11-12T00:00:00+08:00,1762876800000,160.83,161.17,158.07,159.44,888225.4,888225.4,142057846.2096,1
2025-11-12T02:00:00+08:00,1762884000000,159.43,159.71,157.33,157.5,525725.73,525725.73,83290573.95,1
2025-11-12T04:00:00+08:00,1762891200000,157.5,157.78,155.57,156,771043.04,771043.04,120864260.5538,1
2025-11-12T06:00:00+08:00,1762898400000,156,157.15,153.75,154.49,891918.16,891918.16,138852427.1671,1
2025-11-12T08:00:00+08:00,1762905600000,154.5,155.41,153.46,155.3,867996.68,867996.68,134226483.3315,1
2025-11-12T10:00:00+08:00,1762912800000,155.31,155.48,153.64,154.47,624164.71,624164.71,96429873.085,1
2025-11-12T12:00:00+08:00,1762920000000,154.46,155.94,154.08,155.36,437644.71,437644.71,67859620.1351,1
2025-11-12T14:00:00+08:00,1762927200000,155.36,156.45,154.71,154.9,650887.37,650887.37,101281886.0105,1
2025-11-12T16:00:00+08:00,1762934400000,154.91,158.77,154.86,157.97,1071304.57,1071304.57,168676592.4751,1
2025-11-12T18:00:00+08:00,1762941600000,157.97,161.07,157.88,159.95,1294675.18,1294675.18,206972142.5711,1
2025-11-12T20:00:00+08:00,1762948800000,159.94,160.97,158.8,160.51,722200.78,722200.78,115394649.9206,1
2025-11-12T22:00:00+08:00,1762956000000,160.51,160.99,155.17,155.69,2050950.27,2050950.27,324009969.49,1
2025-11-13T00:00:00+08:00,1762963200000,155.69,156.18,152.07,153.2,1879840.68,1879840.68,288710913.5974,1
2025-11-13T02:00:00+08:00,1762970400000,153.21,154.11,151.09,152.94,1104133.42,1104133.42,168576283.4787,1
2025-11-13T04:00:00+08:00,1762977600000,152.93,154.6,152.39,154.03,530713.17,530713.17,81518604.9084,1
2025-11-13T06:00:00+08:00,1762984800000,154.03,154.05,152.62,153.32,363507.53,363507.53,55688077.0818,1
2025-11-13T08:00:00+08:00,1762992000000,153.31,154.37,152.16,152.67,863479.97,863479.97,132289172.2983,1
2025-11-13T10:00:00+08:00,1762999200000,152.67,155.72,150.28,154.23,1229826.18,1229826.18,188208409.6531,1
2025-11-13T12:00:00+08:00,1763006400000,154.23,156.73,153.31,156.08,791541.22,791541.22,122426111.8265,1
2025-11-13T14:00:00+08:00,1763013600000,156.08,157.15,154.74,155.25,892951.08,892951.08,139483804.2053,1
2025-11-13T16:00:00+08:00,1763020800000,155.25,156.49,153.76,154.94,1057064.13,1057064.13,164150357.6278,1
2025-11-13T18:00:00+08:00,1763028000000,154.95,156.43,154.79,156.2,536967.44,536967.44,83583661.2422,1
2025-11-13T20:00:00+08:00,1763035200000,156.2,156.87,153.59,153.76,905490.6,905490.6,140481746.3393,1
2025-11-13T22:00:00+08:00,1763042400000,153.76,156.66,152.15,153.05,2053234.01,2053234.01,316236405.418,1
2025-11-14T00:00:00+08:00,1763049600000,153.05,153.33,146.7,147.04,1928105.63,1928105.63,289708666.4859,1
2025-11-14T02:00:00+08:00,1763056800000,147.04,147.73,141.85,142.63,2327594.1,2327594.1,337260859.6817,1
2025-11-14T04:00:00+08:00,1763064000000,142.63,143.58,140.94,141.98,1370068.51,1370068.51,194644499.2996,1
2025-11-14T06:00:00+08:00,1763071200000,141.97,146.1,141.59,144.61,954720.37,954720.37,137853232.7508,1
2025-11-14T08:00:00+08:00,1763078400000,144.62,145.17,142.65,143.6,837034.33,837034.33,120439035.0814,1
2025-11-14T10:00:00+08:00,1763085600000,143.6,145.6,143.57,144.21,611485.87,611485.87,88437214.2744,1
2025-11-14T12:00:00+08:00,1763092800000,144.21,144.3,138.58,143.09,2560913.6,2560913.6,361881040.2112,1
2025-11-14T14:00:00+08:00,1763100000000,143.08,144.38,139.85,142.75,1567392.14,1567392.14,223328195.0145,1
2025-11-14T16:00:00+08:00,1763107200000,142.76,143.12,140.4,140.87,948323.21,948323.21,134433101.7542,1
2025-11-14T18:00:00+08:00,1763114400000,140.87,142.85,139.76,140.7,972230.97,972230.97,137147167.6438,1
2025-11-14T20:00:00+08:00,1763121600000,140.7,140.71,135.73,138.93,2843503.53,2843503.53,391740289.3047,1
2025-11-14T22:00:00+08:00,1763128800000,138.92,143.67,137.45,142.18,2331314.57,2331314.57,328492442.5281,1
2025-11-15T00:00:00+08:00,1763136000000,142.17,144.16,140.46,141.35,1155167.3,1155167.3,164877346.8134,1
2025-11-15T02:00:00+08:00,1763143200000,141.34,143.55,140.63,143.08,839505.54,839505.54,119125727.9532,1
2025-11-15T04:00:00+08:00,1763150400000,143.07,143.21,139.02,140.61,721172.99,721172.99,101582063.7598,1
2025-11-15T06:00:00+08:00,1763157600000,140.61,141.75,137.1,138.85,644837.64,644837.64,89782597.9339,1
2025-11-15T08:00:00+08:00,1763164800000,138.84,142.27,138.66,141.97,573473.44,573473.44,80757402.6956,1
2025-11-15T10:00:00+08:00,1763172000000,141.97,143.28,141.53,142.47,629152.81,629152.81,89691770.037,1
2025-11-15T12:00:00+08:00,1763179200000,142.47,143.15,141.76,142.81,361355.48,361355.48,51488993.3043,1
2025-11-15T14:00:00+08:00,1763186400000,142.8,143.53,142.25,142.7,447527.21,447527.21,63911783.2746,1
2025-11-15T16:00:00+08:00,1763193600000,142.7,142.79,140.43,140.88,635928.16,635928.16,89894900.3574,1
2025-11-15T18:00:00+08:00,1763200800000,140.89,141.4,139.91,140.17,371077.88,371077.88,52226373.5818,1
2025-11-15T20:00:00+08:00,1763208000000,140.17,141.9,139.91,141.58,487731.72,487731.72,68761802.7806,1
2025-11-15T22:00:00+08:00,1763215200000,141.58,142.18,140.66,141.63,394582.44,394582.44,55790716.6078,1
2025-11-16T00:00:00+08:00,1763222400000,141.63,144.61,140.7,143.37,795341.96,795341.96,113454338.7585,1
2025-11-16T02:00:00+08:00,1763229600000,143.37,143.38,141.62,141.71,315273.91,315273.91,44928477.2829,1
2025-11-16T04:00:00+08:00,1763236800000,141.71,141.91,138.51,138.89,554145.02,554145.02,77688797.9894,1
2025-11-16T06:00:00+08:00,1763244000000,138.89,140.12,138.54,139.52,442748.73,442748.73,61717901.6677,1
2025-11-16T08:00:00+08:00,1763251200000,139.53,139.73,137.29,138.7,686493.29,686493.29,95131882.8441,1
2025-11-16T10:00:00+08:00,1763258400000,138.7,141.42,138.36,141.31,650195.25,650195.25,91159798.5835,1
2025-11-16T12:00:00+08:00,1763265600000,141.3,142.14,140.63,141.38,411440.17,411440.17,58178516.2271,1
2025-11-16T14:00:00+08:00,1763272800000,141.38,142.4,141.15,142.24,349509.36,349509.36,49547004.8166,1
2025-11-16T16:00:00+08:00,1763280000000,142.24,143.34,141.26,143.2,431921.56,431921.56,61434203.5895,1
2025-11-16T18:00:00+08:00,1763287200000,143.2,143.29,139.48,139.9,880104.13,880104.13,124366806.7868,1
2025-11-16T20:00:00+08:00,1763294400000,139.9,140.57,138.72,139.36,795785.79,795785.79,111240893.1119,1
2025-11-16T22:00:00+08:00,1763301600000,139.36,140.78,137.02,137.37,842137.68,842137.68,116916400.5122,1
2025-11-17T00:00:00+08:00,1763308800000,137.37,138.15,134.31,135.74,1864233.1,1864233.1,253716897.7563,1
2025-11-17T02:00:00+08:00,1763316000000,135.73,138.43,135.15,136.78,1192315.43,1192315.43,163164510.7868,1
2025-11-17T04:00:00+08:00,1763323200000,136.77,138.11,135.37,136.38,440254.4,440254.4,60080829.5717,1
2025-11-17T06:00:00+08:00,1763330400000,136.39,138.1,134.82,137.15,1089308.05,1089308.05,148823313.8354,1
2025-11-17T08:00:00+08:00,1763337600000,137.14,139.47,136.04,138.24,928014.6,928014.6,128401266.2539,1
2025-11-17T10:00:00+08:00,1763344800000,138.24,140.59,137.91,140.2,549371.3,549371.3,76583625.5893,1
2025-11-17T12:00:00+08:00,1763352000000,140.2,140.79,139.62,140.55,462955.73,462955.73,64948056.3503,1
2025-11-17T14:00:00+08:00,1763359200000,140.55,141.79,140.07,141.26,518537.53,518537.53,73197502.014,1
2025-11-17T16:00:00+08:00,1763366400000,141.27,142.55,140.88,141.93,697747.23,697747.23,98741719.7052,1
2025-11-17T18:00:00+08:00,1763373600000,141.94,142.76,141.66,141.81,466316.2,466316.2,66288743.9182,1
2025-11-17T20:00:00+08:00,1763380800000,141.82,142.62,137.11,138,1404737.84,1404737.84,196629901.9918,1
2025-11-17T22:00:00+08:00,1763388000000,138,143.29,136.73,137.05,2857113.58,2857113.58,398229142.2891,1
2025-11-18T00:00:00+08:00,1763395200000,137.04,137.1,131.63,131.96,2573802.93,2573802.93,345738639.3658,1
2025-11-18T02:00:00+08:00,1763402400000,131.95,133.07,129.24,129.59,2202122.19,2202122.19,287877337.2914,1
2025-11-18T04:00:00+08:00,1763409600000,129.58,130.86,128.69,130.6,1286975.87,1286975.87,167380198.2309,1
2025-11-18T06:00:00+08:00,1763416800000,130.6,131.85,130.18,130.92,877249.26,877249.26,114930723.6937,1
2025-11-18T08:00:00+08:00,1763424000000,130.92,132.36,128.94,131.91,1095232.77,1095232.77,143486254.1796,1
2025-11-18T10:00:00+08:00,1763431200000,131.9,135.25,130.38,134.47,2231723.44,2231723.44,296882243.7046,1
2025-11-18T12:00:00+08:00,1763438400000,134.46,136.65,132.43,135.87,1515456.59,1515456.59,204018687.3021,1
2025-11-18T14:00:00+08:00,1763445600000,135.86,137.78,134.94,136.84,1430397.2,1430397.2,195096140.8648,1
2025-11-18T16:00:00+08:00,1763452800000,136.85,138.2,136.36,137.78,938382.01,938382.01,128884752.1166,1
2025-11-18T18:00:00+08:00,1763460000000,137.77,139.08,137.21,137.8,643513.22,643513.22,88821768.2551,1
2025-11-18T20:00:00+08:00,1763467200000,137.79,138.56,136.78,138.26,866981.07,866981.07,119322140.3832,1
2025-11-18T22:00:00+08:00,1763474400000,138.25,142.09,137.14,139.64,2074155.88,2074155.88,289367097.8063,1
2025-11-19T00:00:00+08:00,1763481600000,139.64,141.9,138.7,139.97,1183939.05,1183939.05,166193584.7528,1
2025-11-19T02:00:00+08:00,1763488800000,139.98,142.07,139.91,141.4,495271.3,495271.3,69924748.9795,1
2025-11-19T04:00:00+08:00,1763496000000,141.4,142.08,139.61,139.71,397647.06,397647.06,56040902.7595,1
2025-11-19T06:00:00+08:00,1763503200000,139.72,141.8,139.67,140.63,332776.33,332776.33,46881114.2479,1
2025-11-19T08:00:00+08:00,1763510400000,140.62,141.74,139.2,140.3,751949.79,751949.79,105620924.7934,1
2025-11-19T10:00:00+08:00,1763517600000,140.31,142.75,139.34,139.73,896227.33,896227.33,126277677.3815,1
2025-11-19T12:00:00+08:00,1763524800000,139.72,140.21,137.04,137.94,1292911.91,1292911.91,179067362.0885,1
2025-11-19T14:00:00+08:00,1763532000000,137.94,141.05,137.52,140.49,936236.93,936236.93,130349660.0535,1
2025-11-19T16:00:00+08:00,1763539200000,140.49,140.97,138.81,139.66,629371.05,629371.05,88021563.6873,1
2025-11-19T18:00:00+08:00,1763546400000,139.65,140.28,138.3,138.51,489370.95,489370.95,68184085.4556,1
2025-11-19T20:00:00+08:00,1763553600000,138.5,139.13,136.6,136.66,729995.99,729995.99,100723246.3149,1
2025-11-19T22:00:00+08:00,1763560800000,136.66,138.98,134.27,134.5,2169118.89,2169118.89,295879569.6972,1
2025-11-20T00:00:00+08:00,1763568000000,134.5,135.35,131.29,132.14,1823426.27,1823426.27,242898850.8295,1
2025-11-20T02:00:00+08:00,1763575200000,132.13,132.45,130.43,131.65,952220.74,952220.74,125012422.2858,1
2025-11-20T04:00:00+08:00,1763582400000,131.66,135.87,131.27,135.32,1485029.78,1485029.78,198830797.6531,1
2025-11-20T06:00:00+08:00,1763589600000,135.32,136.97,134.09,136.97,714965.71,714965.71,97101310.7438,1
2025-11-20T08:00:00+08:00,1763596800000,136.97,139.76,136.25,139.59,902893.46,902893.46,124779910.2731,1
2025-11-20T10:00:00+08:00,1763604000000,139.58,144.42,139.28,143.14,2036716.67,2036716.67,291059487.1426,1
2025-11-20T12:00:00+08:00,1763611200000,143.15,144.75,142.36,144.08,971903.22,971903.22,139624578.6618,1
2025-11-20T14:00:00+08:00,1763618400000,144.09,144.3,142.15,143.75,873204.36,873204.36,125046905.3147,1
2025-11-20T16:00:00+08:00,1763625600000,143.76,143.94,141.35,141.99,874040.87,874040.87,124595926.8012,1
2025-11-20T18:00:00+08:00,1763632800000,141.99,142.49,141.06,142.07,647603.25,647603.25,91832452.787,1
2025-11-20T20:00:00+08:00,1763640000000,142.08,143.39,140.44,140.69,1212322.89,1212322.89,171948759.2751,1
2025-11-20T22:00:00+08:00,1763647200000,140.68,141.49,138.27,138.49,1804212.62,1804212.62,252570548.6437,1
2025-11-21T00:00:00+08:00,1763654400000,138.49,138.67,131.03,132.69,4152865.2,4152865.2,554268516.0871,1
2025-11-21T02:00:00+08:00,1763661600000,132.68,134.46,131.53,133.81,1797421.8,1797421.8,238976935.8553,1
2025-11-21T04:00:00+08:00,1763668800000,133.81,135.18,132.54,134,1288163.76,1288163.76,172440884.9191,1
2025-11-21T06:00:00+08:00,1763676000000,133.99,136.57,133.25,133.59,955252.35,955252.35,128901379.7523,1
2025-11-21T08:00:00+08:00,1763683200000,133.59,135.03,133.55,134.18,729189.69,729189.69,97943850.1596,1
2025-11-21T10:00:00+08:00,1763690400000,134.17,134.6,130.88,132.56,1626714.27,1626714.27,215837697.3886,1
2025-11-21T12:00:00+08:00,1763697600000,132.57,133.06,130.39,132.06,1117033.19,1117033.19,147267984.3418,1
2025-11-21T14:00:00+08:00,1763704800000,132.06,132.32,120.89,127.45,4906344.06,4906344.06,623638959.6024,1
2025-11-21T16:00:00+08:00,1763712000000,127.45,129.39,125.39,125.44,2068560.96,2068560.96,263867668.2628,1
2025-11-21T18:00:00+08:00,1763719200000,125.45,126.56,123.7,124.27,1867854.76,1867854.76,234163215.5742,1
2025-11-21T20:00:00+08:00,1763726400000,124.27,128.21,121.51,127.1,2957419.54,2957419.54,370319880.6561,1
2025-11-21T22:00:00+08:00,1763733600000,127.1,129.49,124.7,125.34,2395575.17,2395575.17,304643306.0143,1
2025-11-22T00:00:00+08:00,1763740800000,125.34,130.55,123.49,129.17,2327514.33,2327514.33,295759848.3507,1
2025-11-22T02:00:00+08:00,1763748000000,129.17,130.34,126.47,128.08,1150195.15,1150195.15,147743785.3167,1
2025-11-22T04:00:00+08:00,1763755200000,128.07,129.25,125.88,128.78,800910.78,800910.78,102092762.3882,1
2025-11-22T06:00:00+08:00,1763762400000,128.78,129.27,125.01,128.59,821757.6,821757.6,104494122.9345,1
2025-11-22T08:00:00+08:00,1763769600000,128.6,129.86,127.89,129.41,607599.06,607599.06,78315577.3316,1
2025-11-22T10:00:00+08:00,1763776800000,129.41,129.56,126.78,127.07,589061.92,589061.92,75316480.4661,1
2025-11-22T12:00:00+08:00,1763784000000,127.07,127.36,125.3,126.14,813789.06,813789.06,102727195.1898,1
2025-11-22T14:00:00+08:00,1763791200000,126.15,128.32,125.26,127.65,660356.94,660356.94,84038086.8242,1
2025-11-22T16:00:00+08:00,1763798400000,127.64,127.64,125.42,126.38,749784.82,749784.82,94692261.9687,1
2025-11-22T18:00:00+08:00,1763805600000,126.38,127.43,125.23,126.61,585675.61,585675.61,73990866.3967,1
2025-11-22T20:00:00+08:00,1763812800000,126.61,126.65,125.04,125.54,592618.09,592618.09,74501718.4834,1
2025-11-22T22:00:00+08:00,1763820000000,125.54,127.7,125.46,127.05,714389.65,714389.65,90559983.7109,1
2025-11-23T00:00:00+08:00,1763827200000,127.05,128.53,126.77,127.52,732737.39,732737.39,93584033.4181,1
2025-11-23T02:00:00+08:00,1763834400000,127.53,128.02,126.74,127.14,298387.8,298387.8,38034700.508,1
2025-11-23T04:00:00+08:00,1763841600000,127.15,127.58,126.03,126.57,301526.39,301526.39,38164623.1111,1
2025-11-23T06:00:00+08:00,1763848800000,126.56,128.82,126.12,127.5,407050.34,407050.34,51970704.0301,1
2025-11-23T08:00:00+08:00,1763856000000,127.5,129.8,127.47,129.34,623510.29,623510.29,80265103.4547,1
2025-11-23T10:00:00+08:00,1763863200000,129.33,130.69,128.99,129.86,849407.24,849407.24,110324147.1909,1
2025-11-23T12:00:00+08:00,1763870400000,129.86,131.83,129.84,130.45,938570.89,938570.89,122688418.8476,1
2025-11-23T14:00:00+08:00,1763877600000,130.46,130.82,128.06,128.8,831794.19,831794.19,107416946.4048,1
2025-11-23T16:00:00+08:00,1763884800000,128.8,131,128.75,130,813909.04,813909.04,105452780.6575,1
2025-11-23T18:00:00+08:00,1763892000000,130.01,130.12,128.93,129.7,476040.93,476040.93,61715944.4248,1
2025-11-23T20:00:00+08:00,1763899200000,129.71,131.68,129.59,131.51,868757.01,868757.01,113693203.8016,1
2025-11-23T22:00:00+08:00,1763906400000,131.51,133.06,130.36,132.79,1003143.76,1003143.76,132113246.8067,1
2025-11-24T00:00:00+08:00,1763913600000,132.8,133.41,130.76,131.3,790241.12,790241.12,104245849.0878,1
2025-11-24T02:00:00+08:00,1763920800000,131.31,133.02,131.29,132.31,391651.2,391651.2,51821358.9899,1
2025-11-24T04:00:00+08:00,1763928000000,132.32,133.48,131.43,133.07,312468.25,312468.25,41367107.608,1
2025-11-24T06:00:00+08:00,1763935200000,133.06,133.25,130.44,130.52,479248.47,479248.47,63026518.8986,1
2025-11-24T08:00:00+08:00,1763942400000,130.53,132.01,129.23,131.43,941107.03,941107.03,122798914.4369,1
2025-11-24T10:00:00+08:00,1763949600000,131.43,134.37,131.32,133.37,1101437.41,1101437.41,146810641.5517,1
2025-11-24T12:00:00+08:00,1763956800000,133.37,133.85,130.56,132.88,1047259.09,1047259.09,138453758.4225,1
2025-11-24T14:00:00+08:00,1763964000000,132.88,132.96,130.11,130.24,1000492.26,1000492.26,131127773.7096,1
2025-11-24T16:00:00+08:00,1763971200000,130.23,130.64,128.33,128.83,1124102.79,1124102.79,145505281.304,1
2025-11-24T18:00:00+08:00,1763978400000,128.83,129.88,128.69,129.54,494630.05,494630.05,63901800.0051,1
2025-11-24T20:00:00+08:00,1763985600000,129.54,130.54,128.94,129.65,569199.32,569199.32,73865161.1321,1
2025-11-24T22:00:00+08:00,1763992800000,129.64,132.54,128.41,131.9,1748113.85,1748113.85,228224105.3601,1
2025-11-25T00:00:00+08:00,1764000000000,131.9,137.1,131.77,136.83,2081078.57,2081078.57,279864617.8588,1
2025-11-25T02:00:00+08:00,1764007200000,136.82,137.96,136.4,137.17,999715.05,999715.05,137137762.0831,1
2025-11-25T04:00:00+08:00,1764014400000,137.18,139.23,137.18,138.88,970462.91,970462.91,134440439.4324,1
2025-11-25T06:00:00+08:00,1764021600000,138.87,139.75,138.13,138.38,508907.37,508907.37,70708180.7651,1
2025-11-25T08:00:00+08:00,1764028800000,138.37,139,137.57,137.76,559482.6,559482.6,77336351.3314,1
2025-11-25T10:00:00+08:00,1764036000000,137.76,138.6,137.18,137.74,482913.07,482913.07,66559280.513,1
2025-11-25T12:00:00+08:00,1764043200000,137.73,138.88,137.64,138.51,472599.44,472599.44,65343851.2138,1
2025-11-25T14:00:00+08:00,1764050400000,138.51,138.56,136.23,136.26,621005.03,621005.03,85219739.0967,1
2025-11-25T16:00:00+08:00,1764057600000,136.27,136.64,134.7,136.21,811940.51,811940.51,110114964.188,1
2025-11-25T18:00:00+08:00,1764064800000,136.22,136.74,135.79,136.18,477411.47,477411.47,65054942.7724,1
2025-11-25T20:00:00+08:00,1764072000000,136.19,136.88,135.04,135.38,828429.46,828429.46,112733105.8421,1
2025-11-25T22:00:00+08:00,1764079200000,135.38,136.17,133.01,134.76,1651478.9,1651478.9,221959857.909,1
2025-11-26T00:00:00+08:00,1764086400000,134.75,137.93,134.44,136.82,892886.21,892886.21,121910573.5155,1
2025-11-26T02:00:00+08:00,1764093600000,136.82,137.59,134.13,136.6,806621.77,806621.77,109586304.152,1
2025-11-26T04:00:00+08:00,1764100800000,136.6,138.07,136.15,137.09,463054.71,463054.71,63590244.8547,1
2025-11-26T06:00:00+08:00,1764108000000,137.1,140.48,135.87,138.9,871373.26,871373.26,120859928.8898,1
2025-11-26T08:00:00+08:00,1764115200000,138.91,140.64,138.51,139.92,588829.4,588829.4,82135619.8193,1
2025-11-26T10:00:00+08:00,1764122400000,139.92,140.16,137.86,138.11,533276.05,533276.05,74120276.2527,1
2025-11-26T12:00:00+08:00,1764129600000,138.11,139.22,137.65,138.95,419099.49,419099.49,57985854.3075,1
2025-11-26T14:00:00+08:00,1764136800000,138.95,139.87,138.34,139.82,460171.69,460171.69,64085346.3025,1
2025-11-26T16:00:00+08:00,1764144000000,139.81,139.84,136.08,136.63,973062.16,973062.16,133719978.5729,1
2025-11-26T18:00:00+08:00,1764151200000,136.63,137.37,136.48,136.75,486782.84,486782.84,66656779.0711,1
2025-11-26T20:00:00+08:00,1764158400000,136.75,137.01,135.41,136.66,819978.69,819978.69,111558224.1072,1
2025-11-26T22:00:00+08:00,1764165600000,136.65,138.22,135.6,136.59,1693840.21,1693840.21,231441496.9839,1
2025-11-27T00:00:00+08:00,1764172800000,136.6,141,136.36,140.7,1442245.82,1442245.82,199949437.2834,1
2025-11-27T02:00:00+08:00,1764180000000,140.7,144.68,140.61,143.92,1818514.01,1818514.01,260541804.0198,1
2025-11-27T04:00:00+08:00,1764187200000,143.93,144.15,142.44,143.43,556500.09,556500.09,79722604.1942,1
2025-11-27T06:00:00+08:00,1764194400000,143.43,144,142.4,142.91,392410.84,392410.84,56142334.9156,1
2025-11-27T08:00:00+08:00,1764201600000,142.91,143.64,141.95,143.21,727177.42,727177.42,103786577.4822,1
2025-11-27T10:00:00+08:00,1764208800000,143.2,143.99,142.22,142.42,679809.23,679809.23,97331443.3057,1
2025-11-27T12:00:00+08:00,1764216000000,142.43,143.39,142.23,142.68,345842.5,345842.5,49372767.3983,1
2025-11-27T14:00:00+08:00,1764223200000,142.67,144.2,142.67,143.65,477407.26,477407.26,68553040.6674,1
2025-11-27T16:00:00+08:00,1764230400000,143.65,143.8,141.55,141.65,783231.69,783231.69,111570466.2542,1
2025-11-27T18:00:00+08:00,1764237600000,141.64,142.25,141.38,141.98,476097.39,476097.39,67515847.6953,1
2025-11-27T20:00:00+08:00,1764244800000,141.99,142.1,140.64,141.2,592957.32,592957.32,83737078.1353,1
2025-11-27T22:00:00+08:00,1764252000000,141.2,142.47,140.8,142.08,549832.04,549832.04,77826623.6972,1
2025-11-28T00:00:00+08:00,1764259200000,142.07,142.39,141.32,141.54,439470.93,439470.93,62339484.8818,1
2025-11-28T02:00:00+08:00,1764266400000,141.53,143.14,141.43,142.62,315559.24,315559.24,44934129.3717,1
2025-11-28T04:00:00+08:00,1764273600000,142.63,142.82,141.68,141.85,263498.33,263498.33,37487905.5554,1
2025-11-28T06:00:00+08:00,1764280800000,141.85,141.96,140.34,140.76,400008.49,400008.49,56418506.8794,1
2025-11-28T08:00:00+08:00,1764288000000,140.76,141.36,138.68,138.92,763429.82,763429.82,106722195.159,1
2025-11-28T10:00:00+08:00,1764295200000,138.92,139.63,138.48,139.56,516075.25,516075.25,71803473.7607,1
2025-11-28T12:00:00+08:00,1764302400000,139.56,140.45,139.43,140.25,421630.38,421630.38,59025811.1419,1
2025-11-28T14:00:00+08:00,1764309600000,140.25,140.26,138.86,138.91,535486.01,535486.01,74699769.2629,1
2025-11-28T16:00:00+08:00,1764316800000,138.9,142.57,138.86,141.58,1179853.54,1179853.54,166562768.7784,1
2025-11-28T18:00:00+08:00,1764324000000,141.59,142.27,139.83,140.87,588283.34,588283.34,82951449.0912,1
2025-11-28T20:00:00+08:00,1764331200000,140.88,143.35,140.34,142.41,842835.52,842835.52,119405457.5274,1
2025-11-28T22:00:00+08:00,1764338400000,142.4,143.58,141.24,141.55,1284591.84,1284591.84,183032357.168,1
2025-11-29T00:00:00+08:00,1764345600000,141.56,141.59,136.67,137.06,1755850.59,1755850.59,243271576.8072,1
2025-11-29T02:00:00+08:00,1764352800000,137.07,137.86,135.87,137.42,817628.11,817628.11,111881541.2709,1
2025-11-29T04:00:00+08:00,1764360000000,137.41,137.97,136.82,137.3,315240.28,315240.28,43324745.9558,1
2025-11-29T06:00:00+08:00,1764367200000,137.3,138.2,136.53,137.25,321744.33,321744.33,44180040.8237,1
2025-11-29T08:00:00+08:00,1764374400000,137.24,137.8,137.04,137.33,212810.46,212810.46,29253053.9007,1
2025-11-29T10:00:00+08:00,1764381600000,137.33,137.64,136.68,136.75,252157.35,252157.35,34559111.064,1
2025-11-29T12:00:00+08:00,1764388800000,136.76,137.65,136.74,137.13,241268.67,241268.67,33114482.9519,1
2025-11-29T14:00:00+08:00,1764396000000,137.14,137.54,136.2,137.23,580099.19,580099.19,79458307.2465,1
2025-11-29T16:00:00+08:00,1764403200000,137.23,137.42,136.56,136.65,266489.64,266489.64,36493291.5333,1
2025-11-29T18:00:00+08:00,1764410400000,136.65,137.31,136.27,137.27,325471.7,325471.7,44537765.6319,1
2025-11-29T20:00:00+08:00,1764417600000,137.27,137.4,136.58,136.8,238722.16,238722.16,32681661.4722,1
2025-11-29T22:00:00+08:00,1764424800000,136.8,137.59,136.39,137.46,418447.31,418447.31,57332973.9211,1
2025-11-30T00:00:00+08:00,1764432000000,137.47,137.98,136.03,136.13,579719.18,579719.18,79444602.3587,1
2025-11-30T02:00:00+08:00,1764439200000,136.14,136.28,134.66,135.61,830995.81,830995.81,112619290.493,1
2025-11-30T04:00:00+08:00,1764446400000,135.62,136.46,135.27,136.38,267948,267948,36416871.8107,1
2025-11-30T06:00:00+08:00,1764453600000,136.38,136.39,135.31,135.86,260122.7,260122.7,35320253.8089,1
2025-11-30T08:00:00+08:00,1764460800000,135.85,136.57,135.65,136.24,230448.41,230448.41,31378063.6873,1
2025-11-30T10:00:00+08:00,1764468000000,136.24,136.73,135.2,136.33,421513.13,421513.13,57306454.016,1
2025-11-30T12:00:00+08:00,1764475200000,136.33,136.84,135.49,135.7,354054.25,354054.25,48211582.3562,1
2025-11-30T14:00:00+08:00,1764482400000,135.69,136.61,135.45,136.42,251537.82,251537.82,34260441.9699,1
2025-11-30T16:00:00+08:00,1764489600000,136.43,137,136.03,136.7,422261.15,422261.15,57673704.2952,1
2025-11-30T18:00:00+08:00,1764496800000,136.7,136.88,136.13,136.34,242623.19,242623.19,33125521.7312,1
2025-11-30T20:00:00+08:00,1764504000000,136.35,140.15,136.11,139.21,1428752.73,1428752.73,198000640.1156,1
2025-11-30T22:00:00+08:00,1764511200000,139.21,139.45,137.46,138.3,755697.87,755697.87,104571166.6441,1
2025-12-01T00:00:00+08:00,1764518400000,138.3,139.79,138.25,138.42,710113.8,710113.8,98677043.5885,1
2025-12-01T02:00:00+08:00,1764525600000,138.41,138.64,137.32,137.58,448405.59,448405.59,61913684.7735,1
2025-12-01T04:00:00+08:00,1764532800000,137.58,137.87,136.55,136.98,351754.84,351754.84,48227066.4553,1
2025-12-01T06:00:00+08:00,1764540000000,136.98,137.81,133.14,133.35,1122482.61,1122482.61,151816732.9414,1
2025-12-01T08:00:00+08:00,1764547200000,133.36,133.62,127.36,127.87,3124310.21,3124310.21,405797144.9018,1
2025-12-01T10:00:00+08:00,1764554400000,127.88,128.56,126.45,126.9,1237486.85,1237486.85,157708739.4599,1
2025-12-01T12:00:00+08:00,1764561600000,126.9,126.98,125.75,126.05,838789.46,838789.46,105970195.9985,1
2025-12-01T14:00:00+08:00,1764568800000,126.04,127.37,125.94,127.3,620996.68,620996.68,78613194.8185,1
2025-12-01T16:00:00+08:00,1764576000000,127.29,128,126.78,126.9,647157.82,647157.82,82380423.8862,1
2025-12-01T18:00:00+08:00,1764583200000,126.91,127.45,126.8,127.03,304370.09,304370.09,38680451.9296,1
2025-12-01T20:00:00+08:00,1764590400000,127.03,127.69,125.34,126.43,1489316.93,1489316.93,188525887.5615,1
2025-12-01T22:00:00+08:00,1764597600000,126.43,127.03,123.04,125.05,2380183.37,2380183.37,297316652.2494,1
2025-12-02T00:00:00+08:00,1764604800000,125.05,125.3,123.34,124.39,1106753.44,1106753.44,137463960.8227,1
2025-12-02T02:00:00+08:00,1764612000000,124.39,125.26,123.21,123.78,702299.95,702299.95,87251664.6883,1
2025-12-02T04:00:00+08:00,1764619200000,123.78,126.23,123.74,125.99,940634.09,940634.09,117607155.8016,1
2025-12-02T06:00:00+08:00,1764626400000,125.99,127.31,125.75,126.54,685719.75,685719.75,86836895.5695,1
2025-12-02T08:00:00+08:00,1764633600000,126.55,128.45,126.35,126.91,750458.28,750458.28,95503017.97,1
2025-12-02T10:00:00+08:00,1764640800000,126.92,128.06,125.95,127.23,651869.04,651869.04,82779267.5628,1
2025-12-02T12:00:00+08:00,1764648000000,127.22,127.8,126.42,126.67,340083.89,340083.89,43217897.3609,1
2025-12-02T14:00:00+08:00,1764655200000,126.66,127.79,126.38,127.18,366607.24,366607.24,46643023.6458,1
2025-12-02T16:00:00+08:00,1764662400000,127.18,127.25,125.9,126.67,731897.24,731897.24,92549970.1945,1
2025-12-02T18:00:00+08:00,1764669600000,126.66,128.77,126.61,128.2,732922.17,732922.17,93671554.0394,1
2025-12-02T20:00:00+08:00,1764676800000,128.2,130.94,128.08,130.53,1340368.5,1340368.5,173784114.3683,1
2025-12-02T22:00:00+08:00,1764684000000,130.54,139.79,130.31,137.79,4091266.83,4091266.83,552630268.2863,1
2025-12-03T00:00:00+08:00,1764691200000,137.79,140.86,137.35,139.43,2246518.37,2246518.37,312627793.8587,1
2025-12-03T02:00:00+08:00,1764698400000,139.44,140.62,139.33,140.19,802430.24,802430.24,112269665.1512,1
2025-12-03T04:00:00+08:00,1764705600000,140.2,140.33,138.17,139.08,839182.09,839182.09,116644434.8877,1
2025-12-03T06:00:00+08:00,1764712800000,139.07,139.97,138.37,138.64,425637.91,425637.91,59246933.8085,1
2025-12-03T08:00:00+08:00,1764720000000,138.63,139.18,137.72,138.83,852721.03,852721.03,117972556.0256,1
2025-12-03T10:00:00+08:00,1764727200000,138.83,140.64,138.74,140.28,827537.96,827537.96,115791693.5408,1
2025-12-03T12:00:00+08:00,1764734400000,140.27,143.2,140.12,142.97,1306682.07,1306682.07,185436752.6725,1
2025-12-03T14:00:00+08:00,1764741600000,142.97,144.24,141.73,141.82,891196.49,891196.49,127250347.1436,1
2025-12-03T16:00:00+08:00,1764748800000,141.82,142.64,141.42,142.05,514190.01,514190.01,72998702.7863,1
2025-12-03T18:00:00+08:00,1764756000000,142.05,142.22,140.67,141.67,531966.01,531966.01,75230751.9785,1
2025-12-03T20:00:00+08:00,1764763200000,141.67,142.4,141.01,141.79,494895.22,494895.22,70154799.5925,1
2025-12-03T22:00:00+08:00,1764770400000,141.79,143.48,138.63,140.91,2245017.87,2245017.87,316327023.2572,1
2025-12-04T00:00:00+08:00,1764777600000,140.92,142.05,139.83,141.76,746200.12,746200.12,105185452.1722,1
2025-12-04T02:00:00+08:00,1764784800000,141.76,142.32,140.6,141.22,409822.48,409822.48,57957258.4076,1
2025-12-04T04:00:00+08:00,1764792000000,141.22,146.12,140.67,145.46,918503.13,918503.13,131653759.3029,1
2025-12-04T06:00:00+08:00,1764799200000,145.47,145.89,143.02,144.59,1196018.52,1196018.52,172844035.3008,1
2025-12-04T08:00:00+08:00,1764806400000,144.59,146.88,143.56,144.11,1005795.75,1005795.75,146011744.209,1
2025-12-04T10:00:00+08:00,1764813600000,144.11,146.07,143.89,144.58,510020.59,510020.59,73979837.8032,1
2025-12-04T12:00:00+08:00,1764820800000,144.59,144.84,142.89,143.19,454841.99,454841.99,65395954.0887,1
2025-12-04T14:00:00+08:00,1764828000000,143.2,144.23,142.52,143.38,493364.15,493364.15,70746773.6798,1
2025-12-04T16:00:00+08:00,1764835200000,143.39,144.16,142.67,143.82,414914.47,414914.47,59500931.6074,1
2025-12-04T18:00:00+08:00,1764842400000,143.83,144.1,142.62,142.97,527159.12,527159.12,75540740.1322,1
2025-12-04T20:00:00+08:00,1764849600000,142.98,143.43,141.73,142.18,588504.41,588504.41,83899341.996,1
2025-12-04T22:00:00+08:00,1764856800000,142.19,144.27,141.38,143.15,1038014.49,1038014.49,148134726.141,1
2025-12-05T00:00:00+08:00,1764864000000,143.15,143.79,141.05,142.08,787382.2,787382.2,112062421.2269,1
2025-12-05T02:00:00+08:00,1764871200000,142.08,142.17,137.63,139.59,1234064.89,1234064.89,172496419.4145,1
2025-12-05T04:00:00+08:00,1764878400000,139.59,140.42,138.46,138.65,520483.58,520483.58,72668845.0498,1
2025-12-05T06:00:00+08:00,1764885600000,138.65,139.7,138.64,138.95,279276,279276,38850332.991,1
2025-12-05T08:00:00+08:00,1764892800000,138.96,140.22,138.84,139.72,375311.38,375311.38,52362010.3965,1
2025-12-05T10:00:00+08:00,1764900000000,139.73,140.09,138.21,138.49,547888.89,547888.89,76321783.7329,1
2025-12-05T12:00:00+08:00,1764907200000,138.48,139.08,137.63,137.99,458369.1,458369.1,63349669.9661,1
2025-12-05T14:00:00+08:00,1764914400000,137.98,140.68,137.97,139.6,632112.7,632112.7,88201455.9384,1
2025-12-05T16:00:00+08:00,1764921600000,139.6,139.6,136.25,136.3,1040168.7,1040168.7,143016374.254,1
2025-12-05T18:00:00+08:00,1764928800000,136.31,138.05,136.08,136.97,682615.04,682615.04,93655923.8459,1
2025-12-05T20:00:00+08:00,1764936000000,136.96,137.07,135.73,135.92,774262.66,774262.66,105635790.8506,1
2025-12-05T22:00:00+08:00,1764943200000,135.92,137.12,134.36,134.94,1705505.65,1705505.65,231207576.4254,1
2025-12-06T00:00:00+08:00,1764950400000,134.94,135.13,131.03,132.08,2105589.12,2105589.12,279424374.0742,1
2025-12-06T02:00:00+08:00,1764957600000,132.08,132.96,130.65,132.4,917339.92,917339.92,120910615.6023,1
2025-12-06T04:00:00+08:00,1764964800000,132.4,133.08,131.87,132.33,438852.43,438852.43,58134819.4672,1
2025-12-06T06:00:00+08:00,1764972000000,132.33,133.28,132.03,133.21,263876.58,263876.58,34992547.1466,1
2025-12-06T08:00:00+08:00,1764979200000,133.21,133.74,132.73,133.39,294894.19,294894.19,39306421.7078,1
2025-12-06T10:00:00+08:00,1764986400000,133.39,134.06,132.77,133.63,279074.97,279074.97,37235714.2108,1
2025-12-06T12:00:00+08:00,1764993600000,133.63,133.65,132.83,132.99,235416.86,235416.86,31356633.0174,1
2025-12-06T14:00:00+08:00,1765000800000,133,133.16,132.46,132.67,196519.1,196519.1,26113361.1569,1
2025-12-06T16:00:00+08:00,1765008000000,132.67,132.81,131.81,132.43,370770.34,370770.34,49073766.1391,1
2025-12-06T18:00:00+08:00,1765015200000,132.44,133.21,132.33,133.14,166742.46,166742.46,22140958.4538,1
2025-12-06T20:00:00+08:00,1765022400000,133.14,133.19,132.51,132.87,210218.75,210218.75,27926934.9723,1
2025-12-06T22:00:00+08:00,1765029600000,132.88,133.95,132.13,132.78,703113.39,703113.39,93580675.4223,1
2025-12-07T00:00:00+08:00,1765036800000,132.79,133.46,132.61,132.9,308381.84,308381.84,41027898.9349,1
2025-12-07T02:00:00+08:00,1765044000000,132.9,133.15,131.67,132.01,389617.05,389617.05,51542392.8721,1
2025-12-07T04:00:00+08:00,1765051200000,132,132.84,131.99,132.33,203096.18,203096.18,26885950.196,1
2025-12-07T06:00:00+08:00,1765058400000,132.34,132.54,131.15,132.13,406226.13,406226.13,53544174.3868,1
2025-12-07T08:00:00+08:00,1765065600000,132.12,132.74,131.85,132.24,237211.96,237211.96,31399904.4344,1
2025-12-07T10:00:00+08:00,1765072800000,132.24,133.5,132.22,133.39,267795.07,267795.07,35618579.9529,1
2025-12-07T12:00:00+08:00,1765080000000,133.4,133.46,132.57,132.74,223456.11,223456.11,29706545.3021,1
2025-12-07T14:00:00+08:00,1765087200000,132.74,133.15,131.82,132.04,250609.15,250609.15,33208992.509,1
2025-12-07T16:00:00+08:00,1765094400000,132.04,132.51,131.47,131.82,384677.38,384677.38,50722152.7989,1
2025-12-07T18:00:00+08:00,1765101600000,131.81,132.49,131.61,132.36,241557.8,241557.8,31915762.9638,1
2025-12-07T20:00:00+08:00,1765108800000,132.35,133,131.41,131.64,452000.29,452000.29,59750099.6471,1
2025-12-07T22:00:00+08:00,1765116000000,131.65,132.11,127.56,131.92,2431603.86,2431603.86,314738385.4857,1
2025-12-08T00:00:00+08:00,1765123200000,131.93,135.47,130.38,134.69,1458908.98,1458908.98,193876998.5483,1
2025-12-08T02:00:00+08:00,1765130400000,134.7,136.23,134.7,135.67,695501.11,695501.11,94279881.4325,1
2025-12-08T04:00:00+08:00,1765137600000,135.68,136.32,132.41,133.03,689995.92,689995.92,92793717.7005,1
2025-12-08T06:00:00+08:00,1765144800000,133.04,133.04,129.67,132.15,1097942.52,1097942.52,143970373.4844,1
2025-12-08T08:00:00+08:00,1765152000000,132.14,134.38,131.38,133.27,880905.68,880905.68,117022368.4147,1
2025-12-08T10:00:00+08:00,1765159200000,133.28,134.62,133.03,134.22,456283.48,456283.48,61044658.0741,1
2025-12-08T12:00:00+08:00,1765166400000,134.22,135.36,133.98,135.1,432558.86,432558.86,58336912.1987,1
2025-12-08T14:00:00+08:00,1765173600000,135.1,135.97,134.64,135.78,612633.06,612633.06,82954966.4281,1
2025-12-08T16:00:00+08:00,1765180800000,135.79,138.86,135.56,138.1,1046416.56,1046416.56,143846291.4973,1
2025-12-08T18:00:00+08:00,1765188000000,138.11,139.31,137.95,138.33,739522.55,739522.55,102482842.2667,1
2025-12-08T20:00:00+08:00,1765195200000,138.33,139.25,137.21,138.08,1073116.06,1073116.06,148123029.9515,1
2025-12-08T22:00:00+08:00,1765202400000,138.07,138.92,135.17,135.47,1580951.94,1580951.94,216526572.2561,1
2025-12-09T00:00:00+08:00,1765209600000,135.47,136.5,134.68,135.75,864226.36,864226.36,117134633.2778,1
2025-12-09T02:00:00+08:00,1765216800000,135.75,136.18,132.89,133.57,978091.52,978091.52,131344895.312,1
2025-12-09T04:00:00+08:00,1765224000000,133.57,134.88,133.1,134.39,683879.16,683879.16,91613695.8613,1
2025-12-09T06:00:00+08:00,1765231200000,134.39,134.47,132.31,133.17,619921.01,619921.01,82545818.3674,1
2025-12-09T08:00:00+08:00,1765238400000,133.17,133.53,132.48,133.02,502612.45,502612.45,66830875.8322,1
2025-12-09T10:00:00+08:00,1765245600000,133.03,134.33,132.35,134.09,649951.8,649951.8,86615391.2412,1
2025-12-09T12:00:00+08:00,1765252800000,134.09,134.19,131.71,132.05,759636.14,759636.14,100841784.5299,1
2025-12-09T14:00:00+08:00,1765260000000,132.05,133.29,131.88,133.15,429155.11,429155.11,56890527.4151,1
2025-12-09T16:00:00+08:00,1765267200000,133.15,133.37,132.21,132.27,371137.75,371137.75,49296154.4039,1
2025-12-09T18:00:00+08:00,1765274400000,132.28,132.95,131.94,132.86,305846.55,305846.55,40518452.0776,1
2025-12-09T20:00:00+08:00,1765281600000,132.86,133.49,131.94,132.32,613082.05,613082.05,81387247.8337,1
2025-12-09T22:00:00+08:00,1765288800000,132.32,138.44,131.51,138.39,2206794.33,2206794.33,297751558.7076,1
2025-12-10T00:00:00+08:00,1765296000000,138.4,144.93,138.39,143.14,3772082.07,3772082.07,537129766.5906,1
2025-12-10T02:00:00+08:00,1765303200000,143.14,143.28,141.62,142.09,618280.21,618280.21,88054738.5822,1
2025-12-10T04:00:00+08:00,1765310400000,142.09,142.32,136.67,137.72,1195227.46,1195227.46,166447613.1983,1
2025-12-10T06:00:00+08:00,1765317600000,137.72,139.38,137.42,137.81,715755.11,715755.11,99035458.7982,1
2025-12-10T08:00:00+08:00,1765324800000,137.81,138.38,137.09,137.78,601991.41,601991.41,82902685.1356,1
2025-12-10T10:00:00+08:00,1765332000000,137.77,138.56,137.11,138.07,388923.55,388923.55,53569119.9753,1
2025-12-10T12:00:00+08:00,1765339200000,138.06,140.19,137.94,139.09,856128.18,856128.18,119030683.065,1
2025-12-10T14:00:00+08:00,1765346400000,139.09,139.37,138.3,139.14,327364.96,327364.96,45477448.8882,1
2025-12-10T16:00:00+08:00,1765353600000,139.13,139.39,138.05,138.9,557452.81,557452.81,77284998.5863,1
2025-12-10T18:00:00+08:00,1765360800000,138.9,139.76,136.25,137.14,1069958.79,1069958.79,147205206.1887,1
2025-12-10T20:00:00+08:00,1765368000000,137.15,138.09,136.73,137.62,409535.13,409535.13,56314613.5813,1
2025-12-10T22:00:00+08:00,1765375200000,137.61,137.67,135.56,136.07,956923.38,956923.38,130741225.4384,1
2025-12-11T00:00:00+08:00,1765382400000,136.08,137.38,135.65,136.73,1019984.4,1019984.4,139073312.185,1
2025-12-11T02:00:00+08:00,1765389600000,136.73,139.55,136.1,138.6,2379359.65,2379359.65,328332379.7714,1
2025-12-11T04:00:00+08:00,1765396800000,138.59,142.56,136.66,137.06,2605589.25,2605589.25,363595629.6699,1
2025-12-11T06:00:00+08:00,1765404000000,137.07,137.76,135.23,136.16,775841.57,775841.57,106018592.8146,1
2025-12-11T08:00:00+08:00,1765411200000,136.16,136.34,132.55,132.79,1264338.59,1264338.59,169490808.3781,1
2025-12-11T10:00:00+08:00,1765418400000,132.8,132.85,128.81,129.28,1882600.17,1882600.17,246051456.4946,1
2025-12-11T12:00:00+08:00,1765425600000,129.29,131.44,128.92,131.09,1219252.56,1219252.56,159099316.9442,1
2025-12-11T14:00:00+08:00,1765432800000,131.1,131.34,130.28,130.95,363677.55,363677.55,47608015.3235,1
2025-12-11T16:00:00+08:00,1765440000000,130.95,131.31,130.09,130.85,412582.34,412582.34,53964232.4468,1
2025-12-11T18:00:00+08:00,1765447200000,130.85,131.13,130.41,130.82,275453.02,275453.02,36021253.6096,1
2025-12-11T20:00:00+08:00,1765454400000,130.81,131.78,130.62,131.23,550140.07,550140.07,72198436.7754,1
2025-12-11T22:00:00+08:00,1765461600000,131.22,132.75,129.73,131.11,1467178.06,1467178.06,192276386.5548,1
2025-12-12T00:00:00+08:00,1765468800000,131.1,132.49,130.03,132.27,622238.64,622238.64,81694791.1555,1
2025-12-12T02:00:00+08:00,1765476000000,132.25,135.5,131.94,133.81,1289683.98,1289683.98,173039529.1597,1
2025-12-12T04:00:00+08:00,1765483200000,133.81,137.75,133.74,136.97,1359902.9,1359902.9,185507458.9486,1
2025-12-12T06:00:00+08:00,1765490400000,136.98,137.45,135.63,136.36,741088.38,741088.38,101200712.0154,1
2025-12-12T08:00:00+08:00,1765497600000,136.35,137.43,135.3,136.68,821643.93,821643.93,112107518.199,1
2025-12-12T10:00:00+08:00,1765504800000,136.68,137.93,136.45,137.02,518980.88,518980.88,71181929.2818,1
2025-12-12T12:00:00+08:00,1765512000000,137.02,138.93,136.51,138.86,535428.7,535428.7,73668681.3089,1
2025-12-12T14:00:00+08:00,1765519200000,138.85,140.13,138.63,139.04,965825.29,965825.29,134524105.5205,1
2025-12-12T16:00:00+08:00,1765526400000,139.04,139.1,137.18,138.21,665504.68,665504.68,91830602.926,1
2025-12-12T18:00:00+08:00,1765533600000,138.2,138.76,137.83,138.68,416657.2,416657.2,57614619.8991,1
2025-12-12T20:00:00+08:00,1765540800000,138.68,139.82,138.3,138.93,512971.6,512971.6,71358367.6357,1
2025-12-12T22:00:00+08:00,1765548000000,138.94,139.52,132.71,133.41,2213620.44,2213620.44,301317431.2661,1
2025-12-13T00:00:00+08:00,1765555200000,133.41,133.91,131.2,132.04,2409755.4,2409755.4,319208134.3379,1
2025-12-13T02:00:00+08:00,1765562400000,132.03,133.17,130.21,131.16,1124296.44,1124296.44,148210498.6671,1
2025-12-13T04:00:00+08:00,1765569600000,131.16,131.98,130.89,131.76,412067.57,412067.57,54185487.9608,1
2025-12-13T06:00:00+08:00,1765576800000,131.75,132.99,131.72,132.21,536827.78,536827.78,71078783.6503,1
2025-12-13T08:00:00+08:00,1765584000000,132.2,132.93,132.2,132.6,237656.48,237656.48,31512600.8612,1
2025-12-13T10:00:00+08:00,1765591200000,132.6,132.95,132.48,132.81,229126.36,229126.36,30410238.5343,1
2025-12-13T12:00:00+08:00,1765598400000,132.82,132.93,132.27,132.61,219409.77,219409.77,29109526.6111,1
2025-12-13T14:00:00+08:00,1765605600000,132.61,132.93,132.31,132.85,186750.33,186750.33,24779471.3607,1
2025-12-13T16:00:00+08:00,1765612800000,132.86,134.2,132.86,133.49,522093.04,522093.04,69744354.7581,1
2025-12-13T18:00:00+08:00,1765620000000,133.48,134.17,133.1,133.22,339236.03,339236.03,45348617.6422,1
2025-12-13T20:00:00+08:00,1765627200000,133.23,133.59,132.53,133.08,484961.81,484961.81,64486277.6004,1
2025-12-13T22:00:00+08:00,1765634400000,133.09,133.62,132.55,133.21,423623.38,423623.38,56427143.7637,1
2025-12-14T00:00:00+08:00,1765641600000,133.21,133.74,132.03,132.16,381105.17,381105.17,50567932.4543,1
2025-12-14T02:00:00+08:00,1765648800000,132.16,132.9,132.04,132.68,248628.83,248628.83,32921423.4583,1
2025-12-14T04:00:00+08:00,1765656000000,132.68,132.93,131.42,132.61,284522.54,284522.54,37600454.5876,1
2025-12-14T06:00:00+08:00,1765663200000,132.61,133.19,132.12,133.05,229195.48,229195.48,30419771.5371,1
2025-12-14T08:00:00+08:00,1765670400000,133.05,133.58,132.61,133.24,324406.54,324406.54,43213019.5536,1
2025-12-14T10:00:00+08:00,1765677600000,133.24,133.48,132.75,132.88,149474.57,149474.57,19900590.635,1
2025-12-14T12:00:00+08:00,1765684800000,132.88,133.13,132.04,132.62,257276.07,257276.07,34088332.9987,1
2025-12-14T14:00:00+08:00,1765692000000,132.62,133.32,132.4,133.19,225197.82,225197.82,29914523.1095,1
2025-12-14T16:00:00+08:00,1765699200000,133.18,133.41,132.27,132.3,275429.17,275429.17,36573435.7705,1
2025-12-14T18:00:00+08:00,1765706400000,132.29,132.55,130.05,131.39,1090375.13,1090375.13,143205511.6592,1
2025-12-14T20:00:00+08:00,1765713600000,131.4,131.82,130.77,131.54,502364.68,502364.68,65956895.5188,1
2025-12-14T22:00:00+08:00,1765720800000,131.54,131.73,130.23,130.6,474547.78,474547.78,62056485.5411,1
2025-12-15T00:00:00+08:00,1765728000000,130.59,131.53,129.26,129.94,690680.8,690680.8,89964734.6056,1
2025-12-15T02:00:00+08:00,1765735200000,129.95,130.63,129.78,130.21,212005.42,212005.42,27605104.0967,1
2025-12-15T04:00:00+08:00,1765742400000,130.22,130.65,129.48,129.81,375310.04,375310.04,48793328.1516,1
2025-12-15T06:00:00+08:00,1765749600000,129.81,130.76,127.81,129.32,863469.16,863469.16,111463927.6995,1
2025-12-15T08:00:00+08:00,1765756800000,129.31,131.5,129.21,131.07,673588.13,673588.13,87727414.7112,1
2025-12-15T10:00:00+08:00,1765764000000,131.06,133.17,130.86,131.09,958457.96,958457.96,126515155.929,1
2025-12-15T12:00:00+08:00,1765771200000,131.1,132.11,130.78,131.91,360463.2,360463.2,47427747.3744,1
2025-12-15T14:00:00+08:00,1765778400000,131.92,132.63,131.62,132.27,401073.32,401073.32,52977252.2149,1
2025-12-15T16:00:00+08:00,1765785600000,132.26,132.94,132.06,132.66,302313.81,302313.81,40037710.652,1
2025-12-15T18:00:00+08:00,1765792800000,132.66,132.97,131.94,132.2,307345.53,307345.53,40712952.3334,1
2025-12-15T20:00:00+08:00,1765800000000,132.21,133.25,131.67,132.63,890925.36,890925.36,118052142.6592,1
2025-12-15T22:00:00+08:00,1765807200000,132.64,135.4,126.29,126.77,4092985.44,4092985.44,532275168.1976,1
2025-12-16T00:00:00+08:00,1765814400000,126.77,127.21,124.39,124.84,1724995.85,1724995.85,217191257.3472,1
2025-12-16T02:00:00+08:00,1765821600000,124.83,125.75,123.51,124.91,1128640.21,1128640.21,140808254.9111,1
2025-12-16T04:00:00+08:00,1765828800000,124.91,126.35,123.8,125.77,659613.54,659613.54,82457247.9114,1
2025-12-16T06:00:00+08:00,1765836000000,125.77,127.79,125.52,127.72,452962.81,452962.81,57394654.7623,1
2025-12-16T08:00:00+08:00,1765843200000,127.73,127.96,125.45,126.31,740870.93,740870.93,93727036.1929,1
2025-12-16T10:00:00+08:00,1765850400000,126.32,127.26,124.82,126.45,580584.47,580584.47,73227715.5718,1
2025-12-16T12:00:00+08:00,1765857600000,126.44,126.74,124.75,126.32,571713.45,571713.45,71964107.1534,1
2025-12-16T14:00:00+08:00,1765864800000,126.33,127.4,125.47,125.5,579852.72,579852.72,73385214.3704,1
2025-12-16T16:00:00+08:00,1765872000000,125.51,126.54,125.36,126.21,414131.11,414131.11,52175703.2533,1
2025-12-16T18:00:00+08:00,1765879200000,126.22,128.97,126.05,128.54,1044525.09,1044525.09,133779250.4016,1
2025-12-16T20:00:00+08:00,1765886400000,128.54,129.89,126.67,126.7,1239687.17,1239687.17,158988707.3166,1
2025-12-16T22:00:00+08:00,1765893600000,126.71,130.1,126.04,129.68,2117967.94,2117967.94,271432525.0074,1
2025-12-17T00:00:00+08:00,1765900800000,129.69,129.8,127.07,127.23,654541.24,654541.24,83992255.3912,1
2025-12-17T02:00:00+08:00,1765908000000,127.22,128.55,126.69,127.66,566279.03,566279.03,72184918.1429,1
2025-12-17T04:00:00+08:00,1765915200000,127.66,128.87,127.4,128.41,428519.71,428519.71,54922486.6453,1
2025-12-17T06:00:00+08:00,1765922400000,128.42,129.44,128.08,129.07,314951.17,314951.17,40535616.9663,1
2025-12-17T08:00:00+08:00,1765929600000,129.08,129.77,128.2,129.12,379541.11,379541.11,48938890.5371,1
2025-12-17T10:00:00+08:00,1765936800000,129.11,129.59,128.15,128.2,416334.41,416334.41,53647749.5139,1
2025-12-17T12:00:00+08:00,1765944000000,128.2,128.41,126.9,127.55,624924.64,624924.64,79766856.1749,1
2025-12-17T14:00:00+08:00,1765951200000,127.56,128.53,127.5,128.22,300121.56,300121.56,38396211.0516,1
2025-12-17T16:00:00+08:00,1765958400000,128.21,128.22,125.86,126.67,612925.97,612925.97,77687125.9843,1
2025-12-17T18:00:00+08:00,1765965600000,126.67,127.86,126.23,127.53,445844.8,445844.8,56633135.7528,1
2025-12-17T20:00:00+08:00,1765972800000,127.54,129.41,127.3,129.14,647372.86,647372.86,82963354.307,1
2025-12-17T22:00:00+08:00,1765980000000,129.13,133.96,126.53,126.7,5057609.73,5057609.73,658469711.5602,1
2025-12-18T00:00:00+08:00,1765987200000,126.69,127.95,122.44,122.96,3658679.68,3658679.68,456528305.4871,1
2025-12-18T02:00:00+08:00,1765994400000,122.97,123.88,121.28,122.31,1071254.86,1071254.86,130980274.0759,1
2025-12-18T04:00:00+08:00,1766001600000,122.32,123.8,121.91,122.35,881357.82,881357.82,108282752.5622,1
2025-12-18T06:00:00+08:00,1766008800000,122.35,123.5,122,123.19,386695.32,386695.32,47530521.1115,1
2025-12-18T08:00:00+08:00,1766016000000,123.19,123.74,122.9,123.33,370005.47,370005.47,45651012.0176,1
2025-12-18T10:00:00+08:00,1766023200000,123.34,124.1,122.96,123.59,434199.37,434199.37,53646079.0645,1
2025-12-18T12:00:00+08:00,1766030400000,123.59,124.07,122.29,122.36,494904.24,494904.24,60924024.0262,1
2025-12-18T14:00:00+08:00,1766037600000,122.35,123.34,122.11,122.76,414741.18,414741.18,50887854.8779,1
2025-12-18T16:00:00+08:00,1766044800000,122.76,123.81,122.36,123.57,521604.48,521604.48,64182011.6191,1
2025-12-18T18:00:00+08:00,1766052000000,123.58,124.05,123.13,123.95,432886.17,432886.17,53523177.6076,1
2025-12-18T20:00:00+08:00,1766059200000,123.96,126.81,123.56,126.35,1647378.86,1647378.86,206434232.2193,1
2025-12-18T22:00:00+08:00,1766066400000,126.35,129,124.73,127.36,3261075.03,3261075.03,413491195.2633,1
2025-12-19T00:00:00+08:00,1766073600000,127.36,127.49,120.44,122.88,2765897.13,2765897.13,341472904.6066,1
2025-12-19T02:00:00+08:00,1766080800000,122.88,123.86,117.34,117.47,2525590.76,2525590.76,303207168.3636,1
2025-12-19T04:00:00+08:00,1766088000000,117.47,120.11,116.77,120,1745072.88,1745072.88,206245643.381,1
2025-12-19T06:00:00+08:00,1766095200000,119.99,120.05,119.11,119.53,468677.44,468677.44,56053243.9425,1
2025-12-19T08:00:00+08:00,1766102400000,119.52,119.79,117.51,118.31,780392.52,780392.52,92428290.9873,1
2025-12-19T10:00:00+08:00,1766109600000,118.31,122.45,117.87,121.53,1599909.97,1599909.97,192719560.0947,1
2025-12-19T12:00:00+08:00,1766116800000,121.52,123.33,121.29,122.56,1138521.68,1138521.68,139271046.2824,1
2025-12-19T14:00:00+08:00,1766124000000,122.56,125.3,122.14,124.39,1353721.28,1353721.28,167624673.9922,1
2025-12-19T16:00:00+08:00,1766131200000,124.39,125.58,123.82,124.69,895935.82,895935.82,111726746.0361,1
2025-12-19T18:00:00+08:00,1766138400000,124.68,125.71,124.5,125.32,482872.73,482872.73,60359550.9774,1
2025-12-19T20:00:00+08:00,1766145600000,125.32,126.48,124.86,125.87,1069315.44,1069315.44,134573596.2403,1
2025-12-19T22:00:00+08:00,1766152800000,125.86,127.61,124.55,125.01,2128141.37,2128141.37,267773948.5297,1
2025-12-20T00:00:00+08:00,1766160000000,125.01,126.96,123.56,123.6,1155795.96,1155795.96,144848654.918,1
2025-12-20T02:00:00+08:00,1766167200000,123.6,126.61,123.53,126.2,621716,621716,77774640.1162,1
2025-12-20T04:00:00+08:00,1766174400000,126.2,127.85,126.05,126.73,580623.46,580623.46,73683164.2514,1
2025-12-20T06:00:00+08:00,1766181600000,126.73,127.29,126.08,126.2,226978.91,226978.91,28750144.3092,1
2025-12-20T08:00:00+08:00,1766188800000,126.21,126.28,125.45,125.51,274290.12,274290.12,34512933.0538,1
2025-12-20T10:00:00+08:00,1766196000000,125.5,126.43,125.23,126.12,304774.74,304774.74,38353121.589,1
2025-12-20T12:00:00+08:00,1766203200000,126.13,126.6,125.79,126.3,281818.34,281818.34,35569612.1724,1
2025-12-20T14:00:00+08:00,1766210400000,126.31,126.58,125.84,126.12,155171.71,155171.71,19578494.0841,1
2025-12-20T16:00:00+08:00,1766217600000,126.13,126.84,126.06,126.22,241017.62,241017.62,30493463.9333,1
2025-12-20T18:00:00+08:00,1766224800000,126.22,126.46,125.83,126.42,254007.4,254007.4,32035038.8686,1
2025-12-20T20:00:00+08:00,1766232000000,126.43,126.43,125.39,126.09,339536.76,339536.76,42733993.0351,1
2025-12-20T22:00:00+08:00,1766239200000,126.09,126.62,125.51,126.51,262052.71,262052.71,33059624.8403,1
2025-12-21T00:00:00+08:00,1766246400000,126.52,126.67,125.95,125.99,210582.38,210582.38,26590855.3526,1
2025-12-21T02:00:00+08:00,1766253600000,125.98,126.15,125.67,126,142176.26,142176.26,17900691.1234,1
2025-12-21T04:00:00+08:00,1766260800000,125.99,126.48,125.86,126.27,113823.04,113823.04,14364708.6596,1
2025-12-21T06:00:00+08:00,1766268000000,126.27,126.31,125.55,125.75,177153.68,177153.68,22294072.433,1
2025-12-21T08:00:00+08:00,1766275200000,125.75,126.07,125.02,125.08,387286.48,387286.48,48624389.0259,1
2025-12-21T10:00:00+08:00,1766282400000,125.08,125.54,124.63,125.19,368167.97,368167.97,46034173.3662,1
2025-12-21T12:00:00+08:00,1766289600000,125.19,125.45,125.04,125.25,128317.67,128317.67,16072893.5342,1
2025-12-21T14:00:00+08:00,1766296800000,125.24,125.5,125.11,125.25,129012.61,129012.61,16166500.0414,1
2025-12-21T16:00:00+08:00,1766304000000,125.25,126.53,124.71,126.21,565854.69,565854.69,71101378.9455,1
2025-12-21T18:00:00+08:00,1766311200000,126.21,126.56,125.28,125.44,386775.37,386775.37,48682838.205,1
2025-12-21T20:00:00+08:00,1766318400000,125.45,126.02,123.28,123.55,1061231.51,1061231.51,132032776.6673,1
2025-12-21T22:00:00+08:00,1766325600000,123.56,125.26,123.43,124.99,666230.66,666230.66,82830184.1601,1
2025-12-22T00:00:00+08:00,1766332800000,125,126.27,124.71,125.41,481306.17,481306.17,60420675.5262,1
2025-12-22T02:00:00+08:00,1766340000000,125.4,125.82,124.28,125.61,443534.72,443534.72,55394883.9532,1
2025-12-22T04:00:00+08:00,1766347200000,125.61,125.73,124.61,124.81,167094.1,167094.1,20927823.5997,1
2025-12-22T06:00:00+08:00,1766354400000,124.81,126.26,124.7,125.97,287597.53,287597.53,36143116.7357,1
2025-12-22T08:00:00+08:00,1766361600000,125.96,128.49,125.73,125.98,1365478.07,1365478.07,173394484.3956,1
2025-12-22T10:00:00+08:00,1766368800000,125.97,126.48,124.42,125.96,862302.21,862302.21,108029876.855,1
2025-12-22T12:00:00+08:00,1766376000000,125.95,126.67,125.79,126.26,344638.74,344638.74,43517866.2032,1
2025-12-22T14:00:00+08:00,1766383200000,126.25,126.52,125.46,126.23,307525.78,307525.78,38782976.4102,1
2025-12-22T16:00:00+08:00,1766390400000,126.23,127.31,125.41,126.18,834418.38,834418.38,105322327.039,1
2025-12-22T18:00:00+08:00,1766397600000,126.18,127.42,125.84,126.97,590840.34,590840.34,74854230.8955,1
2025-12-22T20:00:00+08:00,1766404800000,126.96,127.66,126.21,126.95,586359.81,586359.81,74392022.6357,1
2025-12-22T22:00:00+08:00,1766412000000,126.96,128.72,126.35,128,1362206.63,1362206.63,173630361.8124,1
2025-12-23T00:00:00+08:00,1766419200000,128.01,128.32,126.38,126.86,600081.68,600081.68,76408238.0466,1
2025-12-23T02:00:00+08:00,1766426400000,126.86,127.42,124.51,124.57,897045.21,897045.21,112809684.7661,1
2025-12-23T04:00:00+08:00,1766433600000,124.57,125.5,124.1,125.07,826137.53,826137.53,102985950.074,1
2025-12-23T06:00:00+08:00,1766440800000,125.07,125.97,124.9,125.86,318076.68,318076.68,39922868.1609,1
2025-12-23T08:00:00+08:00,1766448000000,125.85,126.84,125.69,126.11,483455.08,483455.08,61050641.9321,1
2025-12-23T10:00:00+08:00,1766455200000,126.12,126.54,124.82,125.59,505027.46,505027.46,63485723.3257,1
2025-12-23T12:00:00+08:00,1766462400000,125.59,126.03,124.51,124.93,341561.35,341561.35,42763554.155,1
2025-12-23T14:00:00+08:00,1766469600000,124.93,125.23,123.65,124.13,746269.71,746269.71,92729007.3449,1
2025-12-23T16:00:00+08:00,1766476800000,124.13,124.59,123.85,124.1,329832.46,329832.46,40971617.31,1
2025-12-23T18:00:00+08:00,1766484000000,124.1,125.15,124.05,124.77,329415.92,329415.92,41073209.4205,1
2025-12-23T20:00:00+08:00,1766491200000,124.78,124.86,122.57,123.26,992329.09,992329.09,122682003.1498,1
2025-12-23T22:00:00+08:00,1766498400000,123.25,123.67,122.08,123.29,1262134.57,1262134.57,155073010.2693,1
2025-12-24T00:00:00+08:00,1766505600000,123.3,124.83,122.64,122.75,963340.47,963340.47,119335982.072,1
2025-12-24T02:00:00+08:00,1766512800000,122.75,124.48,122.74,123.9,523930.01,523930.01,64779755.3644,1
2025-12-24T04:00:00+08:00,1766520000000,123.9,125.59,123.36,124.22,762762.92,762762.92,94939146.8289,1
2025-12-24T06:00:00+08:00,1766527200000,124.22,124.45,123.4,123.94,256272.26,256272.26,31756612.0643,1
2025-12-24T08:00:00+08:00,1766534400000,123.95,124.24,122.88,123.05,459171.06,459171.06,56692284.3648,1
2025-12-24T10:00:00+08:00,1766541600000,123.06,123.11,121.68,122.66,756857.15,756857.15,92553378.4812,1
2025-12-24T12:00:00+08:00,1766548800000,122.66,123,121.05,121.39,715299.44,715299.44,87102232.2506,1
2025-12-24T14:00:00+08:00,1766556000000,121.4,121.78,120.52,121.23,557255.65,557255.65,67502630.585,1
2025-12-24T16:00:00+08:00,1766563200000,121.23,121.67,121.02,121.35,379464.02,379464.02,46056906.3225,1
2025-12-24T18:00:00+08:00,1766570400000,121.35,122.21,121.3,121.98,360354.78,360354.78,43930593.6266,1
2025-12-24T20:00:00+08:00,1766577600000,121.99,122.49,121.65,121.88,442702.93,442702.93,54053346.6528,1
2025-12-24T22:00:00+08:00,1766584800000,121.89,122.89,120.6,122.68,1020641.82,1020641.82,124305089.4926,1
2025-12-25T00:00:00+08:00,1766592000000,122.67,123.43,121.93,121.99,669294.4,669294.4,82131668.1087,1
2025-12-25T02:00:00+08:00,1766599200000,122,122.82,121.71,122.82,296026.19,296026.19,36198309.4767,1
2025-12-25T04:00:00+08:00,1766606400000,122.81,123.07,122.52,122.92,206558.03,206558.03,25370297.529,1
2025-12-25T06:00:00+08:00,1766613600000,122.92,123.37,122.4,122.46,256465.47,256465.47,31524356.2006,1
2025-12-25T08:00:00+08:00,1766620800000,122.47,122.73,122.03,122.68,262449.39,262449.39,32116805.9523,1
2025-12-25T10:00:00+08:00,1766628000000,122.69,123.09,122.39,122.63,259121.12,259121.12,31817418.1611,1
2025-12-25T12:00:00+08:00,1766635200000,122.62,122.79,122.12,122.32,205063.59,205063.59,25111990.3665,1
2025-12-25T14:00:00+08:00,1766642400000,122.32,122.46,122.02,122.24,223370.52,223370.52,27295296.3482,1
2025-12-25T16:00:00+08:00,1766649600000,122.23,122.6,121.55,122.05,458551.95,458551.95,55911195.5777,1
2025-12-25T18:00:00+08:00,1766656800000,122.04,122.04,121.2,121.59,419900.52,419900.52,51045847.1657,1
2025-12-25T20:00:00+08:00,1766664000000,121.59,122.29,121.52,121.98,281138.94,281138.94,34284158.3772,1
2025-12-25T22:00:00+08:00,1766671200000,121.98,124.03,121.69,123.6,821261.17,821261.17,101064494.6752,1
2025-12-26T00:00:00+08:00,1766678400000,123.6,124.4,122.71,123.02,880881,880881,108863165.9015,1
2025-12-26T02:00:00+08:00,1766685600000,123.01,124.15,123.01,123.43,503836.21,503836.21,62344836.7621,1
2025-12-26T04:00:00+08:00,1766692800000,123.43,123.47,122.9,123.16,181104.06,181104.06,22307834.0323,1
2025-12-26T06:00:00+08:00,1766700000000,123.16,123.38,119.62,119.96,1553548.14,1553548.14,188014803.8915,1
2025-12-26T08:00:00+08:00,1766707200000,119.96,121.08,119.06,120.71,1040328.02,1040328.02,124871191.8856,1
2025-12-26T10:00:00+08:00,1766714400000,120.7,124.32,120.7,122.6,1986419.85,1986419.85,244535206.7051,1
2025-12-26T12:00:00+08:00,1766721600000,122.6,123.43,121.74,123.24,596636.84,596636.84,73072228.7475,1
2025-12-26T14:00:00+08:00,1766728800000,123.25,123.93,122.51,122.65,610898.27,610898.27,75341282.1493,1
2025-12-26T16:00:00+08:00,1766736000000,122.66,124.09,122.23,123.62,637508.29,637508.29,78480352.5445,1
2025-12-26T18:00:00+08:00,1766743200000,123.63,123.88,123.3,123.78,408734.7,408734.7,50524671.4944,1
2025-12-26T20:00:00+08:00,1766750400000,123.78,125.07,123.7,124.84,684523.94,684523.94,85134282.7005,1
2025-12-26T22:00:00+08:00,1766757600000,124.85,124.94,120.36,121.46,2529499.53,2529499.53,308913756.4874,1
2025-12-27T00:00:00+08:00,1766764800000,121.46,122.3,121.06,121.77,838330.62,838330.62,102022878.5802,1
2025-12-27T02:00:00+08:00,1766772000000,121.76,122.32,121.64,122.08,275702.35,275702.35,33625396.2056,1
2025-12-27T04:00:00+08:00,1766779200000,122.08,122.58,121.82,122,270914.96,270914.96,33123788.6915,1
2025-12-27T06:00:00+08:00,1766786400000,122.01,122.49,121.75,122.23,209372.51,209372.51,25578798.0603,1
2025-12-27T08:00:00+08:00,1766793600000,122.23,122.33,121.83,122.24,212781.71,212781.71,25965245.1445,1
2025-12-27T10:00:00+08:00,1766800800000,122.24,123.79,122.08,123.61,545421.18,545421.18,67036871.2922,1
2025-12-27T12:00:00+08:00,1766808000000,123.61,123.7,122.86,123.12,351406.56,351406.56,43260163.8511,1
2025-12-27T14:00:00+08:00,1766815200000,123.13,123.39,122.7,123.08,274080.34,274080.34,33728546.5385,1
2025-12-27T16:00:00+08:00,1766822400000,123.08,123.27,122.74,122.94,169286.65,169286.65,20823408.2044,1
2025-12-27T18:00:00+08:00,1766829600000,122.94,123.15,122.43,122.92,276259.35,276259.35,33935928.2878,1
2025-12-27T20:00:00+08:00,1766836800000,122.92,123.24,122.68,122.95,209934.59,209934.59,25811903.9121,1
2025-12-27T22:00:00+08:00,1766844000000,122.94,123.6,122.79,123.25,265140.89,265140.89,32670842.713,1
2025-12-28T00:00:00+08:00,1766851200000,123.25,123.4,122.68,123.33,353075.95,353075.95,43439911.3079,1
2025-12-28T02:00:00+08:00,1766858400000,123.34,123.39,122.94,123.2,185446.56,185446.56,22842486.4757,1
2025-12-28T04:00:00+08:00,1766865600000,123.19,124.57,123.19,124.5,548732.29,548732.29,67984235.7949,1
2025-12-28T06:00:00+08:00,1766872800000,124.49,125.04,123.59,124.67,562491.91,562491.91,69950764.7433,1
2025-12-28T08:00:00+08:00,1766880000000,124.67,124.86,123.93,123.94,303543.78,303543.78,37739042.3058,1
2025-12-28T10:00:00+08:00,1766887200000,123.95,124.37,123.85,124.09,167110.2,167110.2,20736789.4361,1
2025-12-28T12:00:00+08:00,1766894400000,124.09,124.28,123.54,123.75,231853.22,231853.22,28728147.3648,1
2025-12-28T14:00:00+08:00,1766901600000,123.75,124.33,123.69,124.18,233666.51,233666.51,28984262.9676,1
2025-12-28T16:00:00+08:00,1766908800000,124.19,124.65,123.92,124.02,262154.02,262154.02,32572801.3754,1
2025-12-28T18:00:00+08:00,1766916000000,124.02,124.78,123.95,124.59,313438.08,313438.08,39014448.8588,1
2025-12-28T20:00:00+08:00,1766923200000,124.59,124.77,124.23,124.59,246518.4,246518.4,30692828.5097,1
2025-12-28T22:00:00+08:00,1766930400000,124.6,124.98,124.33,124.36,375908.33,375908.33,46861354.7841,1
2025-12-29T00:00:00+08:00,1766937600000,124.36,124.71,124.11,124.39,258090.58,258090.58,32112564.509,1
2025-12-29T02:00:00+08:00,1766944800000,124.39,124.46,123.01,123.23,711039.75,711039.75,87794505.7888,1
2025-12-29T04:00:00+08:00,1766952000000,123.24,123.81,123.02,123.8,254250.4,254250.4,31388806.5974,1
2025-12-29T06:00:00+08:00,1766959200000,123.8,125.59,123.44,125.22,669361.11,669361.11,83461895.4934,1
2025-12-29T08:00:00+08:00,1766966400000,125.23,130.16,124.94,128.68,2787070.04,2787070.04,355547853.6031,1
2025-12-29T10:00:00+08:00,1766973600000,128.68,129.49,128.09,128.55,1280743.42,1280743.42,165006336.6998,1
2025-12-29T12:00:00+08:00,1766980800000,128.56,129.11,127.55,127.7,725912.66,725912.66,93218624.9025,1
2025-12-29T14:00:00+08:00,1766988000000,127.71,128.02,127.16,127.82,577924.41,577924.41,73764200.5257,1
2025-12-29T16:00:00+08:00,1766995200000,127.82,128.44,125.38,126.03,1209467.48,1209467.48,153432565.4731,1
2025-12-29T18:00:00+08:00,1767002400000,126.03,126.34,124.94,125.02,720997.36,720997.36,90527064.2347,1
2025-12-29T20:00:00+08:00,1767009600000,125.03,125.33,122.82,123.17,1766172.95,1766172.95,218525481.547,1
2025-12-29T22:00:00+08:00,1767016800000,123.17,124.5,122.23,123.36,1577860.18,1577860.18,194631159.7039,1
2025-12-30T00:00:00+08:00,1767024000000,123.35,123.82,122.54,123.82,563122.74,563122.74,69369595.2037,1
2025-12-30T02:00:00+08:00,1767031200000,123.81,123.89,122.77,122.97,416744.27,416744.27,51373110.1487,1
2025-12-30T04:00:00+08:00,1767038400000,122.97,123.53,122.78,123.38,262144.21,262144.21,32285196.1494,1
2025-12-30T06:00:00+08:00,1767045600000,123.39,123.55,123.1,123.19,163119.12,163119.12,20110713.558,1
2025-12-30T08:00:00+08:00,1767052800000,123.2,123.4,122.69,123.12,369010.32,369010.32,45398016.9632,1
2025-12-30T10:00:00+08:00,1767060000000,123.13,123.85,122.51,123.72,618299.89,618299.89,76070089.9313,1
2025-12-30T12:00:00+08:00,1767067200000,123.71,124.13,123.12,123.35,473645.99,473645.99,58591777.2833,1
2025-12-30T14:00:00+08:00,1767074400000,123.34,124.28,123.31,123.96,462679.03,462679.03,57335456.6607,1
2025-12-30T16:00:00+08:00,1767081600000,123.96,125.08,123.92,124.76,890407.79,890407.79,111019245.2602,1
2025-12-30T18:00:00+08:00,1767088800000,124.76,124.92,123.94,124.24,411675.21,411675.21,51230835.9195,1
2025-12-30T20:00:00+08:00,1767096000000,124.24,124.6,123.86,124.23,447540.74,447540.74,55593226.4071,1
2025-12-30T22:00:00+08:00,1767103200000,124.23,125.3,123.46,125.09,1562063.7,1562063.7,194372102.5879,1
2025-12-31T00:00:00+08:00,1767110400000,125.1,126.47,124.37,124.66,1475317.14,1475317.14,185164702.3767,1
2025-12-31T02:00:00+08:00,1767117600000,124.67,124.79,123.72,124.68,520894.78,520894.78,64758220.9601,1
2025-12-31T04:00:00+08:00,1767124800000,124.67,124.76,123.47,123.94,381120.05,381120.05,47269416.7432,1
2025-12-31T06:00:00+08:00,1767132000000,123.95,125.07,123.83,124.93,354867.53,354867.53,44170303.38,1
2025-12-31T08:00:00+08:00,1767139200000,124.93,125.88,124.32,125.46,508963.08,508963.08,63748142.9911,1
2025-12-31T10:00:00+08:00,1767146400000,125.47,126.06,125.1,125.76,497305.6,497305.6,62455349.3172,1
2025-12-31T12:00:00+08:00,1767153600000,125.75,125.9,125.32,125.58,260235.69,260235.69,32673148.5104,1
2025-12-31T14:00:00+08:00,1767160800000,125.58,126.02,125.52,125.9,262802.98,262802.98,33059903.9501,1
2025-12-31T16:00:00+08:00,1767168000000,125.9,126.33,125.35,126.21,411478.51,411478.51,51765963.5235,1
2025-12-31T18:00:00+08:00,1767175200000,126.2,126.82,125.91,126.67,544679.06,544679.06,68811955.1997,1
2025-12-31T20:00:00+08:00,1767182400000,126.67,126.72,125.9,126.23,412017.58,412017.58,52031706.8088,1
2025-12-31T22:00:00+08:00,1767189600000,126.23,127.44,124.94,125.54,1283505.71,1283505.71,161574911.2444,1
2026-01-01T00:00:00+08:00,1767196800000,125.55,125.7,124.24,124.99,822293.85,822293.85,102675231.5493,1
2026-01-01T02:00:00+08:00,1767204000000,124.99,125.47,124.28,124.32,392776.15,392776.15,49069418.0993,1
2026-01-01T04:00:00+08:00,1767211200000,124.32,125.05,123.4,124.42,1154693.12,1154693.12,143366083.9414,1
2026-01-01T06:00:00+08:00,1767218400000,124.42,125.13,124.21,124.6,260795.94,260795.94,32541180.858,1
2026-01-01T08:00:00+08:00,1767225600000,124.6,125.75,124.52,124.94,401166.87,401166.87,50232476.3538,1
2026-01-01T10:00:00+08:00,1767232800000,124.94,125.35,124.72,125.13,260339.02,260339.02,32554006.8,1
2026-01-01T12:00:00+08:00,1767240000000,125.13,125.25,124.72,125.24,202616.09,202616.09,25327031.4464,1
2026-01-01T14:00:00+08:00,1767247200000,125.24,125.25,124.18,124.22,266644.47,266644.47,33227193.4001,1
2026-01-01T16:00:00+08:00,1767254400000,124.22,125.03,124.11,124.95,391711.87,391711.87,48812325.7907,1
2026-01-01T18:00:00+08:00,1767261600000,124.96,125.2,124.66,125.15,249566.71,249566.71,31184756.5041,1
2026-01-01T20:00:00+08:00,1767268800000,125.15,125.18,124.62,124.69,280215,280215,35013909.7212,1
2026-01-01T22:00:00+08:00,1767276000000,124.69,125.16,124.31,124.87,526313.29,526313.29,65627020.0238,1
2026-01-02T00:00:00+08:00,1767283200000,124.88,125.55,124.18,125.1,660494.18,660494.18,82438719.6063,1
2026-01-02T02:00:00+08:00,1767290400000,125.1,125.73,124.93,125.69,286723.52,286723.52,35930081.0648,1
2026-01-02T04:00:00+08:00,1767297600000,125.69,125.89,125.25,125.38,222008.21,222008.21,27874259.4116,1
2026-01-02T06:00:00+08:00,1767304800000,125.38,127.2,125.32,126.84,840403.28,840403.28,106260617.3416,1
2026-01-02T08:00:00+08:00,1767312000000,126.85,127.1,126.03,126.15,450563.35,450563.35,57029073.5736,1
2026-01-02T10:00:00+08:00,1767319200000,126.16,127.97,125.82,127.49,702439.03,702439.03,89290436.8292,1
2026-01-02T12:00:00+08:00,1767326400000,127.49,127.68,126.7,127.27,391428.79,391428.79,49742548.0331,1
2026-01-02T14:00:00+08:00,1767333600000,127.28,127.69,126.85,127.08,413875.34,413875.34,52693938.2476,1
2026-01-02T16:00:00+08:00,1767340800000,127.09,129.85,127.06,129.31,1231685.52,1231685.52,158423155.7644,1
2026-01-02T18:00:00+08:00,1767348000000,129.31,129.97,127.94,128.14,743463.83,743463.83,95847113.5537,1
2026-01-02T20:00:00+08:00,1767355200000,128.14,128.73,127.84,128.28,516656.26,516656.26,66279238.0099,1
2026-01-02T22:00:00+08:00,1767362400000,128.27,129.59,126.74,128.9,1824870.08,1824870.08,234068421.4019,1
2026-01-03T00:00:00+08:00,1767369600000,128.89,132.26,128.59,131.37,2042415.26,2042415.26,267218048.4529,1
2026-01-03T02:00:00+08:00,1767376800000,131.36,131.98,130.28,131.55,619194.03,619194.03,81277378.1782,1
2026-01-03T04:00:00+08:00,1767384000000,131.56,132.08,130.72,131.85,406855.43,406855.43,53506111.3169,1
2026-01-03T06:00:00+08:00,1767391200000,131.85,133.29,131.82,132.2,698810.23,698810.23,92660770.6774,1
2026-01-03T08:00:00+08:00,1767398400000,132.2,132.89,132.16,132.56,279169.02,279169.02,37008356.0536,1
2026-01-03T10:00:00+08:00,1767405600000,132.56,133.09,132,132.76,494580.31,494580.31,65570134.5656,1
2026-01-03T12:00:00+08:00,1767412800000,132.76,132.83,131.56,131.82,345740.95,345740.95,45672464.5692,1
2026-01-03T14:00:00+08:00,1767420000000,131.82,132.25,129.53,130.05,914197.67,914197.67,119424805.6712,1
2026-01-03T16:00:00+08:00,1767427200000,130.06,131.4,129.73,131.1,554231.26,554231.26,72421505.6794,1
2026-01-03T18:00:00+08:00,1767434400000,131.09,131.17,130.38,130.6,245252.53,245252.53,32079287.1373,1
2026-01-03T20:00:00+08:00,1767441600000,130.6,131.35,130.41,131.21,318049.39,318049.39,41640125.2005,1
2026-01-03T22:00:00+08:00,1767448800000,131.22,132.1,131.05,131.4,506395.44,506395.44,66644353.8,1
2026-01-04T00:00:00+08:00,1767456000000,131.4,131.96,131.39,131.8,254800.4,254800.4,33557194.6578,1
2026-01-04T02:00:00+08:00,1767463200000,131.8,132.04,131.52,131.71,141153.39,141153.39,18598797.6185,1
2026-01-04T04:00:00+08:00,1767470400000,131.71,132.97,131.22,132.79,285178.28,285178.28,37689593.8967,1
2026-01-04T06:00:00+08:00,1767477600000,132.79,133.88,132.52,133.27,402626.92,402626.92,53639824.7329,1
2026-01-04T08:00:00+08:00,1767484800000,133.26,134.92,133.24,133.89,883381.05,883381.05,118510741.3022,1
2026-01-04T10:00:00+08:00,1767492000000,133.9,134.61,133.4,134.53,425647.12,425647.12,57046868.9343,1
2026-01-04T12:00:00+08:00,1767499200000,134.53,134.77,134.15,134.48,304229.59,304229.59,40895774.8795,1
2026-01-04T14:00:00+08:00,1767506400000,134.47,134.92,133.6,133.75,558724.76,558724.76,74947827.4642,1
2026-01-04T16:00:00+08:00,1767513600000,133.75,134.53,133.1,134.26,605843.81,605843.81,81053772.723,1
2026-01-04T18:00:00+08:00,1767520800000,134.26,134.8,134.06,134.3,365084.52,365084.52,49082133.1991,1
2026-01-04T20:00:00+08:00,1767528000000,134.31,134.82,133.66,134.43,406435.74,406435.74,54550919.822,1
2026-01-04T22:00:00+08:00,1767535200000,134.43,135.26,134.14,134.81,816899.78,816899.78,110061558.7169,1
2026-01-05T00:00:00+08:00,1767542400000,134.81,135.46,134.66,134.76,517891.47,517891.47,69938341.9941,1
2026-01-05T02:00:00+08:00,1767549600000,134.76,134.81,132.95,133.48,754267.99,754267.99,100844399.5913,1
2026-01-05T04:00:00+08:00,1767556800000,133.49,134.49,133.32,133.85,291396.62,291396.62,39034157.0456,1
2026-01-05T06:00:00+08:00,1767564000000,133.84,134.79,133.56,134.03,347235.69,347235.69,46562185.7855,1
2026-01-05T08:00:00+08:00,1767571200000,134.03,137.71,133.94,136.69,1505178.3,1505178.3,204617809.8699,1
2026-01-05T10:00:00+08:00,1767578400000,136.7,137.26,135.63,136.57,775101.23,775101.23,105925253.9667,1
2026-01-05T12:00:00+08:00,1767585600000,136.57,136.72,134.85,134.98,759683.42,759683.42,103070411.8101,1
2026-01-05T14:00:00+08:00,1767592800000,134.98,135.68,134.56,135.36,540969.91,540969.91,73150649.9912,1
2026-01-05T16:00:00+08:00,1767600000000,135.36,135.87,134.66,135.38,471657.79,471657.79,63793452.7601,1
2026-01-05T18:00:00+08:00,1767607200000,135.37,135.95,135.14,135.64,415331.52,415331.52,56281084.4379,1
2026-01-05T20:00:00+08:00,1767614400000,135.65,135.74,133.12,133.72,1014884.45,1014884.45,136199504.2379,1
2026-01-05T22:00:00+08:00,1767621600000,133.72,136.43,133.11,136.07,1985220.26,1985220.26,267124997.9677,1
2026-01-06T00:00:00+08:00,1767628800000,136.06,136.79,134.23,136.45,884976.1,884976.1,119891418.3247,1
2026-01-06T02:00:00+08:00,1767636000000,136.46,138.78,135.61,138.18,1140402.43,1140402.43,156761025.8412,1
2026-01-06T04:00:00+08:00,1767643200000,138.19,139.84,137.68,138.31,787470.76,787470.76,109107625.5686,1
2026-01-06T06:00:00+08:00,1767650400000,138.31,139.1,137.78,137.8,377140.47,377140.47,52229347.0614,1
2026-01-06T08:00:00+08:00,1767657600000,137.81,138.44,136.8,137.47,639877.08,639877.08,88060314.9571,1
2026-01-06T10:00:00+08:00,1767664800000,137.48,138.55,137.21,138.29,466264.29,466264.29,64248465.907,1
2026-01-06T12:00:00+08:00,1767672000000,138.28,139.99,138.01,139.48,817512.83,817512.83,113507924.6499,1
2026-01-06T14:00:00+08:00,1767679200000,139.47,139.7,137.27,137.52,824385.19,824385.19,114178096.6721,1
2026-01-06T16:00:00+08:00,1767686400000,137.52,138.31,137.3,137.68,429186.64,429186.64,59157850.9601,1
2026-01-06T18:00:00+08:00,1767693600000,137.67,139.64,137.3,139.4,693109.19,693109.19,96009426.9647,1
2026-01-06T20:00:00+08:00,1767700800000,139.4,139.55,138.64,139.02,633808.17,633808.17,88141063.7595,1
2026-01-06T22:00:00+08:00,1767708000000,139.02,143.44,139.02,141.55,3283049.93,3283049.93,465650608.2891,1
2026-01-07T00:00:00+08:00,1767715200000,141.54,141.91,136.31,136.45,2534253.67,2534253.67,351357557.6398,1
2026-01-07T02:00:00+08:00,1767722400000,136.44,138.05,136.11,137.45,868232.67,868232.67,119255182.1815,1
2026-01-07T04:00:00+08:00,1767729600000,137.46,141.92,137.42,140.17,1124383.59,1124383.59,157321038.2405,1
2026-01-07T06:00:00+08:00,1767736800000,140.16,141.31,139.47,141.02,500820.02,500820.02,70351371.331,1
2026-01-07T08:00:00+08:00,1767744000000,141.02,141.34,138.74,138.85,699822.52,699822.52,97979520.1711,1
2026-01-07T10:00:00+08:00,1767751200000,138.85,140.48,138.45,139.51,680600.32,680600.32,94914053.8498,1
2026-01-07T12:00:00+08:00,1767758400000,139.5,139.65,138.05,138.44,553395.86,553395.86,76823500.4461,1
2026-01-07T14:00:00+08:00,1767765600000,138.44,139.36,138.38,139.31,318757,318757,44275979.524,1
2026-01-07T16:00:00+08:00,1767772800000,139.31,139.72,136.47,136.82,1185619.56,1185619.56,163551508.7107,1
2026-01-07T18:00:00+08:00,1767780000000,136.82,138.15,136.66,137.84,481636.06,481636.06,66218401.11,1
2026-01-07T20:00:00+08:00,1767787200000,137.84,138.48,137.44,138.05,464556.33,464556.33,64056139.8665,1
2026-01-07T22:00:00+08:00,1767794400000,138.05,138.15,135.16,135.61,1835746.96,1835746.96,250499297.0219,1
2026-01-08T00:00:00+08:00,1767801600000,135.61,136.58,135.2,135.49,596366.94,596366.94,81020621.815,1
2026-01-08T02:00:00+08:00,1767808800000,135.48,135.9,134.27,135.65,907633.36,907633.36,122621720.6482,1
2026-01-08T04:00:00+08:00,1767816000000,135.65,136.26,134.91,136.09,301381.03,301381.03,40886196.4582,1
2026-01-08T06:00:00+08:00,1767823200000,136.08,136.98,135.67,136.31,572661.33,572661.33,78091244.2911,1
2026-01-08T08:00:00+08:00,1767830400000,136.32,137.33,135.91,136.71,378789.67,378789.67,51767112.6373,1
2026-01-08T10:00:00+08:00,1767837600000,136.72,138.2,136.46,136.67,1066633.61,1066633.61,146492784.175,1
2026-01-08T12:00:00+08:00,1767844800000,136.67,138.26,136.35,136.55,823749.53,823749.53,113141645.4357,1
2026-01-08T14:00:00+08:00,1767852000000,136.55,136.66,133.6,135.78,1460567.47,1460567.47,197314173.8118,1
2026-01-08T16:00:00+08:00,1767859200000,135.77,136.15,134.25,134.37,526688.55,526688.55,71162201.2951,1
2026-01-08T18:00:00+08:00,1767866400000,134.38,135.36,133.81,134.7,643896.7,643896.7,86630642.3639,1
2026-01-08T20:00:00+08:00,1767873600000,134.71,134.74,133.63,134.4,584353.23,584353.23,78348791.6032,1
2026-01-08T22:00:00+08:00,1767880800000,134.4,136.43,132.59,136.31,1968122.25,1968122.25,264255317.4606,1
2026-01-09T00:00:00+08:00,1767888000000,136.31,138.75,136.13,138.64,1418470.63,1418470.63,194971628.8637,1
2026-01-09T02:00:00+08:00,1767895200000,138.65,139.02,137.13,137.47,573822.29,573822.29,79279449.7009,1
2026-01-09T04:00:00+08:00,1767902400000,137.46,139.8,136.46,139.54,794610.77,794610.77,109678344.9848,1
2026-01-09T06:00:00+08:00,1767909600000,139.55,139.97,138.14,138.28,716369.69,716369.69,99620979.8762,1
2026-01-09T08:00:00+08:00,1767916800000,138.28,139.52,137.63,138.16,747490.84,747490.84,103535921.3885,1
2026-01-09T10:00:00+08:00,1767924000000,138.17,141.11,138.11,140.68,982554.75,982554.75,137320779.2743,1
2026-01-09T12:00:00+08:00,1767931200000,140.69,140.98,139.2,139.84,723195.46,723195.46,101169587.7834,1
2026-01-09T14:00:00+08:00,1767938400000,139.83,140.75,139.45,139.5,636621.66,636621.66,89193170.1526,1
2026-01-09T16:00:00+08:00,1767945600000,139.5,139.61,136.99,138.4,1576524.87,1576524.87,218142439.3972,1
2026-01-09T18:00:00+08:00,1767952800000,138.39,138.93,137.97,138.21,495105.75,495105.75,68545223.5055,1
2026-01-09T20:00:00+08:00,1767960000000,138.21,139.37,137.51,138.55,939421.88,939421.88,129886347.2436,1
2026-01-09T22:00:00+08:00,1767967200000,138.54,140.85,136.11,138.75,2893403.96,2893403.96,400095276.9872,1
2026-01-10T00:00:00+08:00,1767974400000,138.75,140.18,137.27,138.37,1176327.05,1176327.05,163361259.958,1
2026-01-10T02:00:00+08:00,1767981600000,138.36,138.38,135.33,135.69,1204217.26,1204217.26,164234183.6796,1
2026-01-10T04:00:00+08:00,1767988800000,135.69,136.35,134.82,135.9,790334.42,790334.42,107128719.7973,1
2026-01-10T06:00:00+08:00,1767996000000,135.9,136.33,135.46,135.88,364373.7,364373.7,49531923.1616,1
2026-01-10T08:00:00+08:00,1768003200000,135.89,136.43,135.59,136.38,316228.15,316228.15,43008398.4541,1
2026-01-10T10:00:00+08:00,1768010400000,136.38,136.58,135.8,136.06,361914.01,361914.01,49262310.9791,1
2026-01-10T12:00:00+08:00,1768017600000,136.07,136.27,135.63,135.86,292684.53,292684.53,39771562.9964,1
2026-01-10T14:00:00+08:00,1768024800000,135.85,136.19,135.68,136.01,179156.09,179156.09,24358519.0701,1
2026-01-10T16:00:00+08:00,1768032000000,136,136.56,135.91,136.54,217782.66,217782.66,29662491.2393,1
2026-01-10T18:00:00+08:00,1768039200000,136.54,136.97,136.27,136.5,337058.82,337058.82,46043655.8686,1
2026-01-10T20:00:00+08:00,1768046400000,136.51,136.96,135.98,136.28,292140.77,292140.77,39863682.6169,1
2026-01-10T22:00:00+08:00,1768053600000,136.27,136.47,135.94,136.36,235377.62,235377.62,32060660.089,1
2026-01-11T00:00:00+08:00,1768060800000,136.37,136.64,136.04,136.08,221582.34,221582.34,30219671.0363,1
2026-01-11T02:00:00+08:00,1768068000000,136.08,136.27,135.85,136.13,195029.26,195029.26,26532255.8161,1
2026-01-11T04:00:00+08:00,1768075200000,136.13,136.19,135.66,135.69,119550.88,119550.88,16247122.2025,1
2026-01-11T06:00:00+08:00,1768082400000,135.7,135.99,135.32,135.78,262157.77,262157.77,35561720.9945,1
2026-01-11T08:00:00+08:00,1768089600000,135.79,136.4,135.69,136.22,212011.25,212011.25,28869635.6696,1
2026-01-11T10:00:00+08:00,1768096800000,136.23,136.39,135.78,136.2,257134.6,257134.6,34991659.4089,1
2026-01-11T12:00:00+08:00,1768104000000,136.21,136.35,135.9,136.2,250940,250940,34158724.3773,1
2026-01-11T14:00:00+08:00,1768111200000,136.2,136.35,135.82,136.11,195757.35,195757.35,26636668.149,1
2026-01-11T16:00:00+08:00,1768118400000,136.12,136.82,136.02,136.39,404727.86,404727.86,55241835.8619,1
2026-01-11T18:00:00+08:00,1768125600000,136.4,136.7,136.21,136.49,185712.08,185712.08,25350283.8897,1
2026-01-11T20:00:00+08:00,1768132800000,136.5,137.26,136.43,137.17,365172.89,365172.89,50009152.2777,1
2026-01-11T22:00:00+08:00,1768140000000,137.17,139.53,137.16,138.38,1304838.27,1304838.27,180585477.3074,1
2026-01-12T00:00:00+08:00,1768147200000,138.39,141.55,138.39,139.63,1770500.5,1770500.5,247919225.8076,1
2026-01-12T02:00:00+08:00,1768154400000,139.63,140.14,138.97,139.37,476646.68,476646.68,66534257.5457,1
2026-01-12T04:00:00+08:00,1768161600000,139.37,139.38,137.88,138.64,559059.02,559059.02,77347587.7285,1
2026-01-12T06:00:00+08:00,1768168800000,138.63,139.7,137.46,139.6,802955.39,802955.39,111330467.3544,1
2026-01-12T08:00:00+08:00,1768176000000,139.6,141.84,138.81,140.92,1598499.12,1598499.12,225024275.766,1
2026-01-12T10:00:00+08:00,1768183200000,140.92,144.36,140.82,142.49,1712825.49,1712825.49,244413694.1264,1
2026-01-12T12:00:00+08:00,1768190400000,142.48,143.16,142.4,142.74,422935.35,422935.35,60369141.4676,1
2026-01-12T14:00:00+08:00,1768197600000,142.73,143.29,141.3,141.34,780793.26,780793.26,110984677.1635,1
2026-01-12T16:00:00+08:00,1768204800000,141.35,142,138.94,139.47,1721081.67,1721081.67,241025535.231,1
2026-01-12T18:00:00+08:00,1768212000000,139.48,140.1,138.96,139.91,495356.95,495356.95,69128005.0933,1
2026-01-12T20:00:00+08:00,1768219200000,139.9,140.2,139.27,139.67,425309.61,425309.61,59442231.9087,1
2026-01-12T22:00:00+08:00,1768226400000,139.67,142.68,138.6,142.52,1757106.47,1757106.47,247117339.0871,1
2026-01-13T00:00:00+08:00,1768233600000,142.51,144.25,141.1,141.89,1699254.83,1699254.83,242640749.9145,1
2026-01-13T02:00:00+08:00,1768240800000,141.89,142.8,140.52,140.93,896678.28,896678.28,126820897.3899,1
2026-01-13T04:00:00+08:00,1768248000000,140.94,141.78,138.22,138.72,870094.63,870094.63,121660864.3847,1
2026-01-13T06:00:00+08:00,1768255200000,138.73,139.73,138.55,139.12,542765.14,542765.14,75538128.5725,1
2026-01-13T08:00:00+08:00,1768262400000,139.13,139.49,138.39,138.82,623495.11,623495.11,86640046.5159,1
2026-01-13T10:00:00+08:00,1768269600000,138.82,139.24,137.75,138.66,698521.02,698521.02,96640626.1805,1
2026-01-13T12:00:00+08:00,1768276800000,138.65,140.41,138.28,139.85,921744.76,921744.76,128546379.5587,1
2026-01-13T14:00:00+08:00,1768284000000,139.84,140.67,139.73,139.89,619552.85,619552.85,86870014.0427,1
2026-01-13T16:00:00+08:00,1768291200000,139.88,143.06,139.88,141.85,1269346.18,1269346.18,179841329.8758,1
2026-01-13T18:00:00+08:00,1768298400000,141.86,142.6,141.47,141.79,713197.72,713197.72,101261758.8032,1
2026-01-13T20:00:00+08:00,1768305600000,141.8,143.43,141.34,142.36,1329527.48,1329527.48,189333971.7397,1
2026-01-13T22:00:00+08:00,1768312800000,142.36,143.76,141.11,143.42,1809822.01,1809822.01,257821681.2744,1
2026-01-14T00:00:00+08:00,1768320000000,143.43,144.48,142.39,142.82,1192003.09,1192003.09,170897961.8802,1
2026-01-14T02:00:00+08:00,1768327200000,142.82,144.37,142.62,144.17,581960.23,581960.23,83527447.1372,1
2026-01-14T04:00:00+08:00,1768334400000,144.16,144.36,142.92,143.3,629138.26,629138.26,90409678.6344,1
2026-01-14T06:00:00+08:00,1768341600000,143.3,148.88,143.29,145.45,2410806.65,2410806.65,352820670.0245,1
2026-01-14T08:00:00+08:00,1768348800000,145.46,146.15,144.3,145.66,901387.19,901387.19,130978529.6289,1
2026-01-14T10:00:00+08:00,1768356000000,145.66,146.56,145.09,146.21,604069.07,604069.07,88055859.9793,1
2026-01-14T12:00:00+08:00,1768363200000,146.21,146.38,144.28,144.41,688289.61,688289.61,99829871.5981,1
2026-01-14T14:00:00+08:00,1768370400000,144.42,145.02,143.87,144.8,622997.4,622997.4,89947150.2002,1
2026-01-14T16:00:00+08:00,1768377600000,144.79,145.56,144.56,145.41,401897.27,401897.27,58306966.3701,1
2026-01-14T18:00:00+08:00,1768384800000,145.42,145.66,143.45,143.69,740281.83,740281.83,106841979.5262,1
2026-01-14T20:00:00+08:00,1768392000000,143.68,144.85,143.28,144.16,603178.53,603178.53,87010947.2929,1
2026-01-14T22:00:00+08:00,1768399200000,144.17,147.49,144.15,147,2099949.26,2099949.26,307425566.5348,1
2026-01-15T00:00:00+08:00,1768406400000,147.01,148.36,145.66,145.91,1472320.29,1472320.29,216742705.7086,1
2026-01-15T02:00:00+08:00,1768413600000,145.91,147.59,145.26,146.73,909519.22,909519.22,133183005.5925,1
2026-01-15T04:00:00+08:00,1768420800000,146.73,147.69,146.17,146.83,524450.16,524450.16,77138935.5413,1
2026-01-15T06:00:00+08:00,1768428000000,146.83,147.09,145.73,146.61,357322.07,357322.07,52323173.9806,1
2026-01-15T08:00:00+08:00,1768435200000,146.62,146.64,144.69,145.09,618000.76,618000.76,89953722.0693,1
2026-01-15T10:00:00+08:00,1768442400000,145.08,145.48,143.11,143.42,885301.63,885301.63,127553143.3754,1
2026-01-15T12:00:00+08:00,1768449600000,143.42,144.75,143.22,144.52,483290.1,483290.1,69668679.3725,1
2026-01-15T14:00:00+08:00,1768456800000,144.52,145.22,143.98,144.92,444090,444090,64195679.227,1
2026-01-15T16:00:00+08:00,1768464000000,144.92,145.93,143.91,145.52,706905.74,706905.74,102498620.6592,1
2026-01-15T18:00:00+08:00,1768471200000,145.53,145.6,144.71,144.77,407387.98,407387.98,59181903.1223,1
2026-01-15T20:00:00+08:00,1768478400000,144.77,145.29,144.24,145.11,489383.49,489383.49,70839224.805,1
2026-01-15T22:00:00+08:00,1768485600000,145.12,145.55,141.7,143.41,1979223.87,1979223.87,283586248.2923,1
2026-01-16T00:00:00+08:00,1768492800000,143.41,144.13,142.43,142.59,803536.52,803536.52,115137640.4215,1
2026-01-16T02:00:00+08:00,1768500000000,142.58,142.95,140.81,141.45,903493.55,903493.55,128005519.7127,1
2026-01-16T04:00:00+08:00,1768507200000,141.45,142.2,140.95,142.03,351647.46,351647.46,49770188.0385,1
2026-01-16T06:00:00+08:00,1768514400000,142.03,142.59,141.88,142.32,253454.39,253454.39,36051971.3506,1
2026-01-16T08:00:00+08:00,1768521600000,142.33,142.79,141.8,142.26,303397.08,303397.08,43169987.2213,1
2026-01-16T10:00:00+08:00,1768528800000,142.26,142.39,141.58,141.85,225758.51,225758.51,32050235.1864,1
2026-01-16T12:00:00+08:00,1768536000000,141.86,143.57,141.38,143.1,675488.69,675488.69,96142813.5712,1
2026-01-16T14:00:00+08:00,1768543200000,143.09,143.28,142.52,142.86,291246.35,291246.35,41635242.9415,1
2026-01-16T16:00:00+08:00,1768550400000,142.86,143.37,142.8,142.97,311310.19,311310.19,44556120.1398,1
2026-01-16T18:00:00+08:00,1768557600000,142.96,143.47,142.63,143.04,367977.9,367977.9,52592617.3633,1
2026-01-16T20:00:00+08:00,1768564800000,143.05,143.76,142.56,142.97,423686.5,423686.5,60719231.9672,1
2026-01-16T22:00:00+08:00,1768572000000,142.97,143.66,140.16,140.69,1467212.28,1467212.28,208175558.2939,1
2026-01-17T00:00:00+08:00,1768579200000,140.69,143.34,140.56,143.24,722488.16,722488.16,102529180.967,1
2026-01-17T02:00:00+08:00,1768586400000,143.24,144.48,142.9,144.12,734527.31,734527.31,105522145.7083,1
2026-01-17T04:00:00+08:00,1768593600000,144.12,145.54,143.4,144.97,653676.52,653676.52,94611014.8473,1
2026-01-17T06:00:00+08:00,1768600800000,144.97,145.13,144.52,144.84,427221.98,427221.98,61871659.6757,1
2026-01-17T08:00:00+08:00,1768608000000,144.85,144.94,144.09,144.56,344636.18,344636.18,49784147.7922,1
2026-01-17T10:00:00+08:00,1768615200000,144.57,144.57,144.12,144.27,162887.39,162887.39,23507358.0601,1
2026-01-17T12:00:00+08:00,1768622400000,144.28,144.42,143.85,143.88,155502.92,155502.92,22411861.2066,1
2026-01-17T14:00:00+08:00,1768629600000,143.88,144.03,143.57,143.58,192449.25,192449.25,27669567.494,1
2026-01-17T16:00:00+08:00,1768636800000,143.58,144.61,143.55,144.37,321063.57,321063.57,46264601.7499,1
2026-01-17T18:00:00+08:00,1768644000000,144.38,144.56,143.24,143.92,374978.92,374978.92,53963967.3983,1
2026-01-17T20:00:00+08:00,1768651200000,143.91,144,143.5,143.92,249281.15,249281.15,35829735.2851,1
2026-01-17T22:00:00+08:00,1768658400000,143.92,144.37,143.58,144.24,321665.89,321665.89,46282537.8763,1
2026-01-18T00:00:00+08:00,1768665600000,144.23,144.23,143.55,144,241863.73,241863.73,34801992.7096,1
2026-01-18T02:00:00+08:00,1768672800000,144,144.44,143.91,144.18,189254.78,189254.78,27287469.983,1
2026-01-18T04:00:00+08:00,1768680000000,144.18,144.53,144.1,144.19,112695.03,112695.03,16267299.436,1
2026-01-18T06:00:00+08:00,1768687200000,144.19,144.19,143.4,143.65,220407.27,220407.27,31676991.2629,1
2026-01-18T08:00:00+08:00,1768694400000,143.64,143.93,142,142.71,738226.6,738226.6,105414224.3403,1
2026-01-18T10:00:00+08:00,1768701600000,142.71,143,141.79,142.74,493006.04,493006.04,70213795.8251,1
2026-01-18T12:00:00+08:00,1768708800000,142.74,142.9,142.44,142.77,174256.72,174256.72,24861854.1852,1
2026-01-18T14:00:00+08:00,1768716000000,142.76,142.94,141.97,142.04,345149.91,345149.91,49128148.7865,1
2026-01-18T16:00:00+08:00,1768723200000,142.05,142.57,141.85,142.44,349277.41,349277.41,49667324.089,1
2026-01-18T18:00:00+08:00,1768730400000,142.43,142.44,142.07,142.32,165910.18,165910.18,23600172.5042,1
2026-01-18T20:00:00+08:00,1768737600000,142.31,142.46,141.89,142.3,254544.75,254544.75,36192090.3692,1
2026-01-18T22:00:00+08:00,1768744800000,142.29,142.67,141.37,141.91,526407.81,526407.81,74761866.7605,1
2026-01-19T00:00:00+08:00,1768752000000,141.9,142.4,141.68,142.28,257160.86,257160.86,36538589.9053,1
2026-01-19T02:00:00+08:00,1768759200000,142.28,143.2,142,142.18,420961.7,420961.7,60050031.7335,1
2026-01-19T04:00:00+08:00,1768766400000,142.18,142.71,141.85,142.58,191763.79,191763.79,27285435.7422,1
2026-01-19T06:00:00+08:00,1768773600000,142.57,142.98,137.64,137.8,1823372.06,1823372.06,255135651.0136,1
2026-01-19T08:00:00+08:00,1768780800000,137.8,137.8,129.74,133.73,4758105.8,4758105.8,636070099.9267,1
2026-01-19T10:00:00+08:00,1768788000000,133.73,134.06,133.4,133.86,490835.07,490835.07,65657781.2054,1
2026-01-19T12:00:00+08:00,1768795200000,133.86,133.99,133.23,133.29,495444.75,495444.75,66170149.3634,1
2026-01-19T14:00:00+08:00,1768802400000,133.29,133.47,132.63,133.37,453361.28,453361.28,60343350.9425,1
2026-01-19T16:00:00+08:00,1768809600000,133.37,133.97,133.19,133.64,469846.95,469846.95,62806566.7975,1
2026-01-19T18:00:00+08:00,1768816800000,133.64,134.27,133.43,134.01,284847.14,284847.14,38115513.1081,1
2026-01-19T20:00:00+08:00,1768824000000,134.02,134.1,133.52,133.66,311577.05,311577.05,41694752.1256,1
2026-01-19T22:00:00+08:00,1768831200000,133.66,133.86,133.18,133.48,338228.15,338228.15,45156990.4984,1
2026-01-20T00:00:00+08:00,1768838400000,133.47,134.59,133.41,134.22,393931.67,393931.67,52815401.0025,1
2026-01-20T02:00:00+08:00,1768845600000,134.23,134.63,133.75,134.36,203640.82,203640.82,27332732.026,1
2026-01-20T04:00:00+08:00,1768852800000,134.36,135.09,133.99,134,214783.38,214783.38,28916110.603,1
2026-01-20T06:00:00+08:00,1768860000000,134.01,134.15,132.62,133.39,607926.32,607926.32,81061042.8194,1
2026-01-20T08:00:00+08:00,1768867200000,133.38,134.2,133.01,133.8,395290.81,395290.81,52819924.898,1
2026-01-20T10:00:00+08:00,1768874400000,133.81,134.6,133.28,134.18,555860.15,555860.15,74399614.6004,1
2026-01-20T12:00:00+08:00,1768881600000,134.17,134.21,132.35,132.99,835161.68,835161.68,111221357.0314,1
2026-01-20T14:00:00+08:00,1768888800000,132.99,132.99,130.51,130.59,1395143.27,1395143.27,183494975.6236,1
2026-01-20T16:00:00+08:00,1768896000000,130.59,130.76,128.3,128.87,1952582.09,1952582.09,252460338.8014,1
2026-01-20T18:00:00+08:00,1768903200000,128.87,129.43,128.66,128.75,521522.86,521522.86,67274179.2208,1
2026-01-20T20:00:00+08:00,1768910400000,128.75,129.4,128.32,128.37,550365.44,550365.44,70924030.7037,1
2026-01-20T22:00:00+08:00,1768917600000,128.36,129.69,127.13,127.78,2268804.35,2268804.35,290929701.7784,1
2026-01-21T00:00:00+08:00,1768924800000,127.78,128.52,126.22,126.92,1556218.72,1556218.72,197912195.0755,1
2026-01-21T02:00:00+08:00,1768932000000,126.92,127.65,126.54,127.19,510035.71,510035.71,64862578.6307,1
2026-01-21T04:00:00+08:00,1768939200000,127.19,128.03,126.89,126.9,497654.32,497654.32,63499698.5347,1
2026-01-21T06:00:00+08:00,1768946400000,126.89,127.43,124.48,125.75,1088128.53,1088128.53,136901343.7174,1
2026-01-21T08:00:00+08:00,1768953600000,125.75,127.77,125.68,127.27,554615.2,554615.2,70430751.2072,1
2026-01-21T10:00:00+08:00,1768960800000,127.28,127.77,126.7,127.54,390797.26,390797.26,49728285.7214,1
2026-01-21T12:00:00+08:00,1768968000000,127.53,128.66,127.35,128.43,496138.79,496138.79,63536344.4163,1
2026-01-21T14:00:00+08:00,1768975200000,128.43,128.55,127.42,127.53,481592.22,481592.22,61675187.5286,1
2026-01-21T16:00:00+08:00,1768982400000,127.53,127.74,126.91,127.41,516621.36,516621.36,65780375.0314,1
2026-01-21T18:00:00+08:00,1768989600000,127.41,128.13,126.71,126.88,539084.7,539084.7,68756507.811,1
2026-01-21T20:00:00+08:00,1768996800000,126.88,127.6,126.08,127.04,907361.3,907361.3,115175847.6235,1
2026-01-21T22:00:00+08:00,1769004000000,127.04,131.1,126.9,130.35,1996760.66,1996760.66,258098575.0976,1
2026-01-22T00:00:00+08:00,1769011200000,130.34,130.38,125.16,126.83,2244936.67,2244936.67,284829681.5555,1
2026-01-22T02:00:00+08:00,1769018400000,126.83,131.64,126.26,131.46,1453614.73,1453614.73,187882357.4318,1
2026-01-22T04:00:00+08:00,1769025600000,131.47,132.11,129.96,130.99,836399.59,836399.59,109518402.3683,1
2026-01-22T06:00:00+08:00,1769032800000,131,131.71,129.07,129.46,407768.16,407768.16,53155463.4372,1
2026-01-22T08:00:00+08:00,1769040000000,129.45,130.55,129.45,130.16,287989.45,287989.45,37441212.145,1
2026-01-22T10:00:00+08:00,1769047200000,130.16,130.54,129.46,129.77,290957.87,290957.87,37825076.5089,1
2026-01-22T12:00:00+08:00,1769054400000,129.77,130.39,129.72,130.02,212912.97,212912.97,27710306.0593,1
2026-01-22T14:00:00+08:00,1769061600000,130.03,130.35,129.65,129.71,195015.33,195015.33,25344920.1005,1
2026-01-22T16:00:00+08:00,1769068800000,129.72,130.19,129.24,130.06,332455.91,332455.91,43118424.9702,1
2026-01-22T18:00:00+08:00,1769076000000,130.07,130.28,129.63,130.02,287446.49,287446.49,37367040.9494,1
2026-01-22T20:00:00+08:00,1769083200000,130.02,130.89,129.02,129.29,571222.42,571222.42,74175484.9903,1
2026-01-22T22:00:00+08:00,1769090400000,129.29,129.49,126.65,127.32,1506420.33,1506420.33,192902799.1587,1
2026-01-23T00:00:00+08:00,1769097600000,127.33,128.73,126.81,128.59,724119.66,724119.66,92485515.8424,1
2026-01-23T02:00:00+08:00,1769104800000,128.59,129.29,127.38,129.16,455605.63,455605.63,58515291.8809,1
2026-01-23T04:00:00+08:00,1769112000000,129.16,129.69,128.14,128.24,435522.88,435522.88,56067071.5396,1
2026-01-23T06:00:00+08:00,1769119200000,128.23,128.69,127.95,128.41,188005.9,188005.9,24130858.566,1
2026-01-23T08:00:00+08:00,1769126400000,128.42,128.86,128.01,128.83,193455.58,193455.58,24839127.1682,1
2026-01-23T10:00:00+08:00,1769133600000,128.83,128.9,128.06,128.68,212037.33,212037.33,27241324.2947,1
2026-01-23T12:00:00+08:00,1769140800000,128.68,129.24,128.3,128.59,398789.83,398789.83,51353389.304,1
2026-01-23T14:00:00+08:00,1769148000000,128.59,129.08,127.16,127.84,503976.05,503976.05,64504246.194,1
2026-01-23T16:00:00+08:00,1769155200000,127.84,127.93,126.84,127,482402.25,482402.25,61349141.2022,1
2026-01-23T18:00:00+08:00,1769162400000,127,127.69,126.92,127.45,262228.58,262228.58,33398092.6873,1
2026-01-23T20:00:00+08:00,1769169600000,127.44,127.46,126.66,126.77,355567.32,355567.32,45199414.7654,1
2026-01-23T22:00:00+08:00,1769176800000,126.77,128.06,125.22,127.84,1396300.13,1396300.13,176409753.5577,1
2026-01-24T00:00:00+08:00,1769184000000,127.84,130.13,127.37,128.36,1353782.11,1353782.11,174260453.9365,1
2026-01-24T02:00:00+08:00,1769191200000,128.37,129.5,127.72,128.03,787021.47,787021.47,101229085.6231,1
2026-01-24T04:00:00+08:00,1769198400000,128.03,128.2,126.44,127.05,565327.44,565327.44,71921169.5645,1
2026-01-24T06:00:00+08:00,1769205600000,127.05,127.83,127.04,127.35,211504.3,211504.3,26953963.6231,1
2026-01-24T08:00:00+08:00,1769212800000,127.34,127.64,127.2,127.46,121030.73,121030.73,15418374.763,1
2026-01-24T10:00:00+08:00,1769220000000,127.45,128.05,127.41,127.81,142832.71,142832.71,18243909.0814,1
2026-01-24T12:00:00+08:00,1769227200000,127.8,128.01,127.55,127.74,132391.87,132391.87,16915424.3039,1
2026-01-24T14:00:00+08:00,1769234400000,127.74,127.76,126.98,127.07,173187.25,173187.25,22049760.8238,1
2026-01-24T16:00:00+08:00,1769241600000,127.07,127.33,126.89,127.04,175472.03,175472.03,22301208.0155,1
2026-01-24T18:00:00+08:00,1769248800000,127.03,127.32,126.88,127.11,107751.4,107751.4,13698022.4781,1
2026-01-24T20:00:00+08:00,1769256000000,127.1,127.32,126.89,126.89,147549.09,147549.09,18755642.8195,1
2026-01-24T22:00:00+08:00,1769263200000,126.89,127.37,126.73,126.77,185084.69,185084.69,23512812.9368,1
2026-01-25T00:00:00+08:00,1769270400000,126.78,127.22,126.58,127.18,161151.21,161151.21,20449696.9644,1
2026-01-25T02:00:00+08:00,1769277600000,127.19,127.44,127.09,127.23,103270.1,103270.1,13144327.0523,1
2026-01-25T04:00:00+08:00,1769284800000,127.23,127.43,127.03,127.1,72808.75,72808.75,9263300.9517,1
2026-01-25T06:00:00+08:00,1769292000000,127.09,127.69,127.07,127.15,159568.29,159568.29,20328233.4979,1
2026-01-25T08:00:00+08:00,1769299200000,127.15,127.41,126.69,127.07,275466.03,275466.03,34997671.733,1
2026-01-25T10:00:00+08:00,1769306400000,127.07,127.36,126.23,126.55,291003.77,291003.77,36880858.7602,1
2026-01-25T12:00:00+08:00,1769313600000,126.54,126.92,126.45,126.85,151034.96,151034.96,19130096.2556,1
2026-01-25T14:00:00+08:00,1769320800000,126.84,126.86,126.28,126.41,120915.05,120915.05,15297891.644,1
2026-01-25T16:00:00+08:00,1769328000000,126.4,126.84,125.84,126.64,332817.52,332817.52,42061360.9211,1
2026-01-25T18:00:00+08:00,1769335200000,126.63,127.13,126.48,126.71,182058.7,182058.7,23090661.5945,1
2026-01-25T20:00:00+08:00,1769342400000,126.71,127.07,126.43,126.91,212783.65,212783.65,26977927.0588,1
2026-01-25T22:00:00+08:00,1769349600000,126.9,126.93,125.37,125.5,494606.89,494606.89,62269325.9778,1
2026-01-26T00:00:00+08:00,1769356800000,125.5,125.52,121.44,122.13,2597671.32,2597671.32,319232766.6071,1
2026-01-26T02:00:00+08:00,1769364000000,122.13,122.22,117.03,117.89,2719527.88,2719527.88,325511351.4957,1
2026-01-26T04:00:00+08:00,1769371200000,117.89,118.9,117.34,118.73,1696205.3,1696205.3,200284084.2623,1
2026-01-26T06:00:00+08:00,1769378400000,118.73,119.37,117.43,118.78,995266.91,995266.91,117933482.9352,1
2026-01-26T08:00:00+08:00,1769385600000,118.78,122.69,118.46,122.3,1111194.48,1111194.48,133954369.8606,1
2026-01-26T10:00:00+08:00,1769392800000,122.31,122.58,121.04,121.49,608494.53,608494.53,74101689.8011,1
2026-01-26T12:00:00+08:00,1769400000000,121.49,123.54,121.49,122.41,545660.63,545660.63,66941391.5772,1
2026-01-26T14:00:00+08:00,1769407200000,122.41,122.96,122.1,122.84,374389.28,374389.28,45853441.3199,1
2026-01-26T16:00:00+08:00,1769414400000,122.85,123.53,121.71,121.87,636695.33,636695.33,78015281.3245,1
2026-01-26T18:00:00+08:00,1769421600000,121.88,122.64,121.86,122.46,273282.63,273282.63,33457349.3506,1
2026-01-26T20:00:00+08:00,1769428800000,122.45,123.22,122.3,123.09,370110.91,370110.91,45441754.968,1
2026-01-26T22:00:00+08:00,1769436000000,123.08,125.17,122.58,123.46,1618672.19,1618672.19,200192544.97,1
2026-01-27T00:00:00+08:00,1769443200000,123.45,124.81,122.92,124.22,827645.09,827645.09,102515847.3692,1
2026-01-27T02:00:00+08:00,1769450400000,124.21,125.53,123.89,124.25,654226.22,654226.22,81573997.0773,1
2026-01-27T04:00:00+08:00,1769457600000,124.25,124.75,123.36,124.46,416982.27,416982.27,51712487.2845,1
2026-01-27T06:00:00+08:00,1769464800000,124.46,124.82,124.02,124.16,305919.02,305919.02,38059858.9922,1
2026-01-27T08:00:00+08:00,1769472000000,124.15,124.52,123.66,124.27,330871.43,330871.43,41058708.6829,1
2026-01-27T10:00:00+08:00,1769479200000,124.28,125.1,124.26,124.44,412521.57,412521.57,51437267.4842,1
2026-01-27T12:00:00+08:00,1769486400000,124.44,125.08,124.08,124.4,272134.54,272134.54,33864736.7974,1
2026-01-27T14:00:00+08:00,1769493600000,124.41,124.67,123.92,124.44,264774.62,264774.62,32906463.1593,1
2026-01-27T16:00:00+08:00,1769500800000,124.45,124.75,123.5,123.67,355914.29,355914.29,44119338.4753,1
2026-01-27T18:00:00+08:00,1769508000000,123.67,124.25,123.56,124.07,252087.07,252087.07,31234183.9813,1
2026-01-27T20:00:00+08:00,1769515200000,124.06,124.31,123.06,123.12,369484.49,369484.49,45696187.394,1
2026-01-27T22:00:00+08:00,1769522400000,123.13,124.97,123.1,124.93,845158.98,845158.98,104775102.5245,1
2026-01-28T00:00:00+08:00,1769529600000,124.94,126.75,123.45,123.95,1770924.81,1770924.81,221868737.1354,1
2026-01-28T02:00:00+08:00,1769536800000,123.95,126.24,123.74,125.8,601774.33,601774.33,75331250.7536,1
2026-01-28T04:00:00+08:00,1769544000000,125.79,127.78,125.67,127.01,727541.33,727541.33,92423478.3893,1
2026-01-28T06:00:00+08:00,1769551200000,127.01,127.74,126.92,127.11,282635.68,282635.68,35991122.0689,1
2026-01-28T08:00:00+08:00,1769558400000,127.1,127.45,126.57,127.01,342460.93,342460.93,43483705.1195,1
2026-01-28T10:00:00+08:00,1769565600000,127.02,127.33,126.62,126.89,184412.45,184412.45,23410195.9641,1
2026-01-28T12:00:00+08:00,1769572800000,126.89,126.98,126.37,126.69,256653.03,256653.03,32500638.2667,1
2026-01-28T14:00:00+08:00,1769580000000,126.69,127.47,126.69,127.02,263017.23,263017.23,33436431.4777,1
2026-01-28T16:00:00+08:00,1769587200000,127.02,127.54,125.9,127.53,498064.56,498064.56,63125184.784,1
2026-01-28T18:00:00+08:00,1769594400000,127.53,128.27,127.11,128.08,490311.51,490311.51,62574321.8729,1
2026-01-28T20:00:00+08:00,1769601600000,128.08,128.17,126.79,127.26,614425.89,614425.89,78267144.5204,1
2026-01-28T22:00:00+08:00,1769608800000,127.26,127.28,125.44,125.99,759155.15,759155.15,95960825.1615,1
2026-01-29T00:00:00+08:00,1769616000000,125.99,126.98,125.18,126.45,536013.59,536013.59,67558570.0566,1
2026-01-29T02:00:00+08:00,1769623200000,126.46,126.64,125.24,125.94,521642.98,521642.98,65708558.8519,1
2026-01-29T04:00:00+08:00,1769630400000,125.94,126.63,124.71,125.42,567265.29,567265.29,71205092.0167,1
2026-01-29T06:00:00+08:00,1769637600000,125.42,125.8,124.98,125.28,292307.13,292307.13,36651273.3824,1
2026-01-29T08:00:00+08:00,1769644800000,125.28,125.43,124.03,124.24,414975.9,414975.9,51724866.6069,1
2026-01-29T10:00:00+08:00,1769652000000,124.23,124.7,122.6,122.99,975302.72,975302.72,120374680.0068,1
2026-01-29T12:00:00+08:00,1769659200000,122.99,123.77,122.42,123.18,400315.6,400315.6,49305891.7345,1
2026-01-29T14:00:00+08:00,1769666400000,123.18,123.9,123.04,123.7,261215.02,261215.02,32277860.0725,1
2026-01-29T16:00:00+08:00,1769673600000,123.7,123.87,122.9,122.96,306551.78,306551.78,37797390.9922,1
2026-01-29T18:00:00+08:00,1769680800000,122.95,123.24,122.62,122.7,340194.89,340194.89,41820184.7679,1
2026-01-29T20:00:00+08:00,1769688000000,122.71,123.14,122.36,122.85,354886.23,354886.23,43576252.4881,1
2026-01-29T22:00:00+08:00,1769695200000,122.85,123.02,116.02,117.58,3817772.15,3817772.15,454105438.9035,1
2026-01-30T00:00:00+08:00,1769702400000,117.59,119.86,116.63,117.82,1664670.4,1664670.4,196704769.1947,1
2026-01-30T02:00:00+08:00,1769709600000,117.83,118.1,115.25,116.74,1938911.94,1938911.94,225742317.5507,1
2026-01-30T04:00:00+08:00,1769716800000,116.75,117.64,116.45,117.38,637889.38,637889.38,74624156.2904,1
2026-01-30T06:00:00+08:00,1769724000000,117.38,117.84,117.2,117.75,279261.22,279261.22,32820098.1137,1
2026-01-30T08:00:00+08:00,1769731200000,117.74,118.06,111.78,115.13,2571902.74,2571902.74,294853851.2454,1
2026-01-30T10:00:00+08:00,1769738400000,115.13,115.3,112.69,114.34,1309019,1309019,149097702.8251,1
2026-01-30T12:00:00+08:00,1769745600000,114.34,116.06,114.2,115.39,651471.97,651471.97,75146957.5532,1
2026-01-30T14:00:00+08:00,1769752800000,115.4,116.05,112.95,115.71,1226262.09,1226262.09,140583410.6553,1
2026-01-30T16:00:00+08:00,1769760000000,115.71,116.1,114.59,115.3,685890.71,685890.71,79170723.3552,1
2026-01-30T18:00:00+08:00,1769767200000,115.3,117.21,115.03,117,622824.25,622824.25,72312818.3439,1
2026-01-30T20:00:00+08:00,1769774400000,117,117.24,115.05,115.72,861600.55,861600.55,99967560.2226,1
2026-01-30T22:00:00+08:00,1769781600000,115.72,117.57,114.47,116.71,1483010.95,1483010.95,172485008.6803,1
2026-01-31T00:00:00+08:00,1769788800000,116.71,117.9,116.14,116.57,1081166.64,1081166.64,126525341.6886,1
2026-01-31T02:00:00+08:00,1769796000000,116.56,119.08,114.26,118.22,2042797.43,2042797.43,239417487.5152,1
2026-01-31T04:00:00+08:00,1769803200000,118.22,118.39,116.46,117.31,926877.52,926877.52,108850389.3083,1
2026-01-31T06:00:00+08:00,1769810400000,117.32,117.57,116.52,117.52,295446.81,295446.81,34600110.4584,1
2026-01-31T08:00:00+08:00,1769817600000,117.53,118.31,117.31,118.08,380750.71,380750.71,44855981.723,1
2026-01-31T10:00:00+08:00,1769824800000,118.09,118.55,117.5,118.28,351757.86,351757.86,41535854.3887,1
2026-01-31T12:00:00+08:00,1769832000000,118.28,118.76,117.92,118.53,369685.61,369685.61,43768751.9539,1
2026-01-31T14:00:00+08:00,1769839200000,118.54,118.71,117.12,117.29,470686.59,470686.59,55492054.8447,1
2026-01-31T16:00:00+08:00,1769846400000,117.3,117.45,114.21,116.28,1900365.68,1900365.68,219361436.0602,1
2026-01-31T18:00:00+08:00,1769853600000,116.28,116.86,115.87,115.94,442617.64,442617.64,51490739.4216,1
2026-01-31T20:00:00+08:00,1769860800000,115.94,116.09,113.54,114.11,939557.28,939557.28,107775725.1541,1
2026-01-31T22:00:00+08:00,1769868000000,114.1,114.37,108.13,108.6,4653840.05,4653840.05,512700618.1964,1
2026-02-01T00:00:00+08:00,1769875200000,108.6,109.79,100.05,103.25,6208284.91,6208284.91,649841152.48,1
2026-02-01T02:00:00+08:00,1769882400000,103.24,103.82,96.03,101.66,5234226.29,5234226.29,528287019.9482,1
2026-02-01T04:00:00+08:00,1769889600000,101.66,103.64,100.28,103.35,1648053.65,1648053.65,167993132.9482,1
2026-02-01T06:00:00+08:00,1769896800000,103.34,106.44,103.18,105.44,1529296.51,1529296.51,160336808.4322,1
2026-02-01T08:00:00+08:00,1769904000000,105.43,106.29,104.14,104.91,1073626.42,1073626.42,112882761.3033,1
2026-02-01T10:00:00+08:00,1769911200000,104.91,105.89,104.47,104.9,642794.07,642794.07,67627901.3012,1
2026-02-01T12:00:00+08:00,1769918400000,104.89,105.63,104.41,104.63,550944.82,550944.82,57884216.8694,1
2026-02-01T14:00:00+08:00,1769925600000,104.63,105.96,103.89,105.15,955498.95,955498.95,100266196.0058,1
2026-02-01T16:00:00+08:00,1769932800000,105.14,106,104.72,105.74,670338.69,670338.69,70619256.9715,1
2026-02-01T18:00:00+08:00,1769940000000,105.73,105.8,103.47,104.99,986111.25,986111.25,103089015.0406,1
2026-02-01T20:00:00+08:00,1769947200000,104.99,106.63,104.01,104.38,1180331.61,1180331.61,124160182.7514,1
2026-02-01T22:00:00+08:00,1769954400000,104.39,104.74,100.14,101.62,2430810.81,2430810.81,248536198.9556,1
2026-02-02T00:00:00+08:00,1769961600000,101.62,102.82,100.86,102.39,981285.34,981285.34,99910256.1551,1
2026-02-02T02:00:00+08:00,1769968800000,102.38,104.19,101.48,101.89,945624.32,945624.32,97466478.6695,1
2026-02-02T04:00:00+08:00,1769976000000,101.89,102.78,100.06,100.78,1046549.8,1046549.8,105797580.0939,1
2026-02-02T06:00:00+08:00,1769983200000,100.79,102.82,97.94,100.72,2233387.28,2233387.28,223729784.3833,1
2026-02-02T08:00:00+08:00,1769990400000,100.73,103.07,99.59,102.02,1469876.55,1469876.55,149645878.0862,1
2026-02-02T10:00:00+08:00,1769997600000,102.02,102.68,95.82,99.98,2939072.06,2939072.06,290019546.3035,1
2026-02-02T12:00:00+08:00,1770004800000,99.98,101.74,97.6,98.22,1764179.99,1764179.99,175580080.92,1
2026-02-02T14:00:00+08:00,1770012000000,98.22,102.37,96.97,101.36,2484692.23,2484692.23,248574579.3626,1
2026-02-02T16:00:00+08:00,1770019200000,101.36,103.16,101.32,102.74,1203662.24,1203662.24,122972585.6612,1
2026-02-02T18:00:00+08:00,1770026400000,102.73,103.39,102.57,102.73,637033.16,637033.16,65586855.1155,1
2026-02-02T20:00:00+08:00,1770033600000,102.73,103.72,102.71,103.27,614641.41,614641.41,63419405.529,1
2026-02-02T22:00:00+08:00,1770040800000,103.26,106.06,102.3,104.62,2004426.2,2004426.2,209365836.6321,1
2026-02-03T00:00:00+08:00,1770048000000,104.62,105.69,104.22,104.75,849116.94,849116.94,89191102.315,1
2026-02-03T02:00:00+08:00,1770055200000,104.75,104.98,103.43,103.78,696968.03,696968.03,72635431.1383,1
2026-02-03T04:00:00+08:00,1770062400000,103.78,104.91,103.27,104.76,604749.23,604749.23,62921096.1098,1
2026-02-03T06:00:00+08:00,1770069600000,104.76,105.14,104.33,104.47,257440.4,257440.4,26968050.7655,1
2026-02-03T08:00:00+08:00,1770076800000,104.47,104.6,103.45,104.31,572627.22,572627.22,59509340.6441,1
2026-02-03T10:00:00+08:00,1770084000000,104.32,104.36,102.1,104.1,1011926.77,1011926.77,104269768.6482,1
2026-02-03T12:00:00+08:00,1770091200000,104.1,105.05,103.6,103.67,465725.81,465725.81,48550123.5412,1
2026-02-03T14:00:00+08:00,1770098400000,103.66,104.86,102.89,104.63,529910.06,529910.06,55035735.7688,1
2026-02-03T16:00:00+08:00,1770105600000,104.63,104.98,102.47,103.02,957965.88,957965.88,99091478.0607,1
2026-02-03T18:00:00+08:00,1770112800000,103.02,103.35,102.41,102.92,493175.75,493175.75,50766801.8339,1
2026-02-03T20:00:00+08:00,1770120000000,102.93,103.51,102.44,103.34,511316,511316,52636568.2633,1
2026-02-03T22:00:00+08:00,1770127200000,103.33,103.57,100.34,102.51,2232823.06,2232823.06,227189971.9032,1
2026-02-04T00:00:00+08:00,1770134400000,102.51,102.52,98.91,99.05,1859800.15,1859800.15,186567598.0932,1
2026-02-04T02:00:00+08:00,1770141600000,99.05,100.03,96.59,98.92,3252704.51,3252704.51,319985111.5081,1
2026-02-04T04:00:00+08:00,1770148800000,98.93,102.04,98.22,100.11,2150213.73,2150213.73,216304945.9608,1
2026-02-04T06:00:00+08:00,1770156000000,100.12,100.2,97.13,97.81,1349059.38,1349059.38,132659952.9056,1
2026-02-04T08:00:00+08:00,1770163200000,97.81,99.6,97.07,99.03,1063253.78,1063253.78,104701293.4333,1
2026-02-04T10:00:00+08:00,1770170400000,99.03,99.53,97.3,99.03,1051245.66,1051245.66,103643360.5253,1
2026-02-04T12:00:00+08:00,1770177600000,99.03,99.25,96.3,96.88,1147487.7,1147487.7,112090327.1509,1
2026-02-04T14:00:00+08:00,1770184800000,96.88,98.68,96.64,97.81,1369837.21,1369837.21,133877738.9712,1
2026-02-04T16:00:00+08:00,1770192000000,97.81,97.87,96.68,97.08,897427.59,897427.59,87209382.0567,1
2026-02-04T18:00:00+08:00,1770199200000,97.08,97.23,94.53,96.05,2401548.96,2401548.96,230127585.2279,1
2026-02-04T20:00:00+08:00,1770206400000,96.05,96.66,94.03,94.29,1460257.15,1460257.15,139161443.6749,1
2026-02-04T22:00:00+08:00,1770213600000,94.3,94.98,91.19,92.69,3822087.97,3822087.97,356443154.8837,1
2026-02-05T00:00:00+08:00,1770220800000,92.69,93.05,89.84,91.34,2787730.74,2787730.74,255042759.2747,1
2026-02-05T02:00:00+08:00,1770228000000,91.34,94.66,90.24,94.3,2874477.31,2874477.31,266617095.1643,1
2026-02-05T04:00:00+08:00,1770235200000,94.3,94.45,90.7,91.28,1581035.38,1581035.38,146258281.9385,1
2026-02-05T06:00:00+08:00,1770242400000,91.29,92.88,89.24,92.07,2097447.85,2097447.85,191433075.1652,1
2026-02-05T08:00:00+08:00,1770249600000,92.07,92.86,90.48,91.88,1382172.36,1382172.36,127141411.5167,1
2026-02-05T10:00:00+08:00,1770256800000,91.88,92.67,90.16,91.09,1604237.2,1604237.2,146418046.5093,1
2026-02-05T12:00:00+08:00,1770264000000,91.08,92.04,89.86,91.13,2103320.38,2103320.38,191270846.3215,1
2026-02-05T14:00:00+08:00,1770271200000,91.13,91.63,89.7,90.5,1614136.86,1614136.86,146162161.3878,1
2026-02-05T16:00:00+08:00,1770278400000,90.51,93.4,90.51,92.46,1255738.07,1255738.07,115747704.8429,1
2026-02-05T18:00:00+08:00,1770285600000,92.46,92.6,88.61,89.93,2479878.89,2479878.89,223608504.804,1
2026-02-05T20:00:00+08:00,1770292800000,89.92,90.71,88.15,88.42,2047741.88,2047741.88,182658117.7753,1
2026-02-05T22:00:00+08:00,1770300000000,88.43,91.37,83.36,84.55,6255031.59,6255031.59,541841178.8253,1
2026-02-06T00:00:00+08:00,1770307200000,84.55,86.15,82.34,82.64,4308395.92,4308395.92,362812315.9445,1
2026-02-06T02:00:00+08:00,1770314400000,82.64,83.28,81.14,81.61,2404649.75,2404649.75,197474175.5317,1
2026-02-06T04:00:00+08:00,1770321600000,81.62,82.24,77.58,78.94,5865604.27,5865604.27,465013939.6916,1
2026-02-06T06:00:00+08:00,1770328800000,78.93,81.59,77.47,78.29,2721160.9,2721160.9,216040218.4981,1
2026-02-06T08:00:00+08:00,1770336000000,78.29,79.68,67.21,79.49,14582961.21,14582961.21,1063866875.5864,1
2026-02-06T10:00:00+08:00,1770343200000,79.49,80.18,75.65,76.65,3247975.51,3247975.51,251433085.1866,1
2026-02-06T12:00:00+08:00,1770350400000,76.64,81.57,76.16,81.06,2228149.74,2228149.74,175070208.0333,1
2026-02-06T14:00:00+08:00,1770357600000,81.06,81.5,78.67,79.51,2058353.58,2058353.58,164586535.2782,1
2026-02-06T16:00:00+08:00,1770364800000,79.51,81.61,78.6,81.23,1809266.59,1809266.59,144294134.9207,1
2026-02-06T18:00:00+08:00,1770372000000,81.24,81.99,80.36,81.25,1372438.28,1372438.28,111339733.6045,1
2026-02-06T20:00:00+08:00,1770379200000,81.24,83.75,80.74,83,1863175.52,1863175.52,153474997.5934,1
2026-02-06T22:00:00+08:00,1770386400000,82.99,85.11,81.78,84.39,3518977.89,3518977.89,294687964.2701,1
2026-02-07T00:00:00+08:00,1770393600000,84.38,88.56,83.51,86.57,2922297.4,2922297.4,252309602.5269,1
2026-02-07T02:00:00+08:00,1770400800000,86.57,87.33,85.09,86.97,1805686.08,1805686.08,155651018.6091,1
2026-02-07T04:00:00+08:00,1770408000000,86.98,88.13,86.5,87.97,1270610.74,1270610.74,110864213.2536,1
2026-02-07T06:00:00+08:00,1770415200000,87.98,89.81,87.29,87.42,1259147.39,1259147.39,111351907.3151,1
2026-02-07T08:00:00+08:00,1770422400000,87.42,87.43,85.86,87.07,1423619.45,1423619.45,123249951.0643,1
2026-02-07T10:00:00+08:00,1770429600000,87.06,88.3,86.72,88,658424.82,658424.82,57682585.3689,1
2026-02-07T12:00:00+08:00,1770436800000,88,88.97,87.22,87.74,960143.98,960143.98,84577262.6131,1
2026-02-07T14:00:00+08:00,1770444000000,87.73,88.16,84.12,85.25,2248947.58,2248947.58,192787608.3395,1
2026-02-07T16:00:00+08:00,1770451200000,85.25,85.68,84.72,85.2,895027.99,895027.99,76221313.1534,1
2026-02-07T18:00:00+08:00,1770458400000,85.19,85.44,84.44,84.86,641014.18,641014.18,54393903.7691,1
2026-02-07T20:00:00+08:00,1770465600000,84.85,87.15,84.8,86.07,1327113.79,1327113.79,114270317.289,1
2026-02-07T22:00:00+08:00,1770472800000,86.06,86.91,85.43,86.5,908859.39,908859.39,78314771.595,1
2026-02-08T00:00:00+08:00,1770480000000,86.5,88.09,86.11,87.59,5778532.62,5778532.62,503449509.0176,1
2026-02-08T02:00:00+08:00,1770487200000,87.58,89.15,87.39,88.22,850866.3,850866.3,75168845.5252,1
2026-02-08T04:00:00+08:00,1770494400000,88.21,89.18,87.93,88.13,510656.77,510656.77,45251587.3581,1
2026-02-08T06:00:00+08:00,1770501600000,88.14,88.7,86.8,87.51,491566.7,491566.7,43132256.1867,1
2026-02-08T08:00:00+08:00,1770508800000,87.51,87.94,87.02,87.82,460124.23,460124.23,40216403.1902,1
2026-02-08T10:00:00+08:00,1770516000000,87.81,88.19,86.62,86.74,455399.29,455399.29,39744217.7457,1
2026-02-08T12:00:00+08:00,1770523200000,86.74,87.47,86.54,87.2,313513.5,313513.5,27287815.2319,1
2026-02-08T14:00:00+08:00,1770530400000,87.2,87.44,86.61,87.33,357560.9,357560.9,31127750.6678,1
2026-02-08T16:00:00+08:00,1770537600000,87.33,88.91,86.86,87.51,1015957.37,1015957.37,89451155.7812,1
2026-02-08T18:00:00+08:00,1770544800000,87.51,88.23,86.33,88.17,1002134.44,1002134.44,87513699.112,1
2026-02-08T20:00:00+08:00,1770552000000,88.17,88.81,87.61,88.51,811659.42,811659.42,71559433.2405,1
2026-02-08T22:00:00+08:00,1770559200000,88.5,88.71,87.28,87.71,769668.07,769668.07,67761218.9544,1
2026-02-09T00:00:00+08:00,1770566400000,87.71,87.84,85.69,86.87,883725.6,883725.6,76548977.7373,1
2026-02-09T02:00:00+08:00,1770573600000,86.87,88.54,86.85,88.34,566584.26,566584.26,49822189.5983,1
2026-02-09T04:00:00+08:00,1770580800000,88.34,88.36,86.17,86.54,508505,508505,44272192.2831,1
2026-02-09T06:00:00+08:00,1770588000000,86.55,89.05,86,86.9,1198876.2,1198876.2,104732527.4421,1
2026-02-09T08:00:00+08:00,1770595200000,86.9,87.93,85.72,86.36,997593.41,997593.41,86492897.0656,1
2026-02-09T10:00:00+08:00,1770602400000,86.35,87.87,86.13,87.61,763462.11,763462.11,66589319.8235,1
2026-02-09T12:00:00+08:00,1770609600000,87.61,87.67,86.83,87.19,415798.79,415798.79,36238667.1091,1
2026-02-09T14:00:00+08:00,1770616800000,87.19,87.19,85.11,85.41,922414.2,922414.2,79356832.5953,1
2026-02-09T16:00:00+08:00,1770624000000,85.41,85.56,83.79,84.27,1261358.5,1261358.5,106581542.4898,1
2026-02-09T18:00:00+08:00,1770631200000,84.27,84.42,82.81,83.42,1123293.18,1123293.18,93740449.0814,1
2026-02-09T20:00:00+08:00,1770638400000,83.43,84.59,83.38,83.7,749891.93,749891.93,63013473.6833,1
2026-02-09T22:00:00+08:00,1770645600000,83.71,85.77,83.51,85.22,1768854.48,1768854.48,149807608.3394,1
2026-02-10T00:00:00+08:00,1770652800000,85.22,88.08,84.74,87.74,1553190.69,1553190.69,134375207.7108,1
2026-02-10T02:00:00+08:00,1770660000000,87.73,88.66,87.01,87.9,1009168.3,1009168.3,88618074.6125,1
2026-02-10T04:00:00+08:00,1770667200000,87.89,88.26,86.45,87.27,659978.54,659978.54,57636203.701,1
2026-02-10T06:00:00+08:00,1770674400000,87.27,87.53,86.59,86.71,317373.87,317373.87,27632256.2462,1
2026-02-10T08:00:00+08:00,1770681600000,86.71,87.44,86.23,87.23,447368.09,447368.09,38852848.5605,1
2026-02-10T10:00:00+08:00,1770688800000,87.23,87.27,85.18,85.79,756447.79,756447.79,65113485.0423,1
2026-02-10T12:00:00+08:00,1770696000000,85.79,86.6,85.56,85.89,468690.32,468690.32,40380731.5917,1
2026-02-10T14:00:00+08:00,1770703200000,85.88,85.98,84.25,84.58,910460.92,910460.92,77270498.0341,1
2026-02-10T16:00:00+08:00,1770710400000,84.59,85.04,84.1,84.53,680633.27,680633.27,57569931.5792,1
2026-02-10T18:00:00+08:00,1770717600000,84.53,84.69,83.71,83.79,509945.06,509945.06,42922409.211,1
2026-02-10T20:00:00+08:00,1770724800000,83.8,84.74,83.57,84.6,690387.95,690387.95,58092474.5545,1
2026-02-10T22:00:00+08:00,1770732000000,84.61,85.2,83.15,84.25,1650696.63,1650696.63,138736264.1982,1
2026-02-11T00:00:00+08:00,1770739200000,84.26,85.1,83.72,84.85,722515.47,722515.47,61053223.1028,1
2026-02-11T02:00:00+08:00,1770746400000,84.86,84.93,82.37,83.06,1012559.31,1012559.31,84326214.1201,1
2026-02-11T04:00:00+08:00,1770753600000,83.05,83.19,81.8,82.42,720520.16,720520.16,59416008.914,1
2026-02-11T06:00:00+08:00,1770760800000,82.42,82.95,82.3,82.95,381362.38,381362.38,31514088.665,1
2026-02-11T08:00:00+08:00,1770768000000,82.94,83.73,82.88,83.71,387141.49,387141.49,32264706.097,1
2026-02-11T10:00:00+08:00,1770775200000,83.71,84.35,82.52,83.26,907447.36,907447.36,75795890.9243,1
2026-02-11T12:00:00+08:00,1770782400000,83.26,83.47,81.64,81.85,934391.3,934391.3,76857593.9639,1
2026-02-11T14:00:00+08:00,1770789600000,81.85,81.94,80.23,80.95,1395019.79,1395019.79,112975320.7245,1
2026-02-11T16:00:00+08:00,1770796800000,80.95,81.25,80.51,80.76,534189,534189,43225178.7968,1
2026-02-11T18:00:00+08:00,1770804000000,80.75,81.45,80.35,81.21,658457.33,658457.33,53262743.5042,1
2026-02-11T20:00:00+08:00,1770811200000,81.21,81.76,80.62,81.58,1048938.64,1048938.64,85188463.5172,1
2026-02-11T22:00:00+08:00,1770818400000,81.59,83.15,78.5,79.65,3154273.02,3154273.02,254110321.9753,1
2026-02-12T00:00:00+08:00,1770825600000,79.64,80.86,77.94,78.94,1686297.12,1686297.12,133699869.9186,1
2026-02-12T02:00:00+08:00,1770832800000,78.93,80.27,78.44,79.65,880185.23,880185.23,70006859.9971,1
2026-02-12T04:00:00+08:00,1770840000000,79.65,81.06,78.91,80.08,915377.48,915377.48,73270482.4373,1
2026-02-12T06:00:00+08:00,1770847200000,80.08,80.18,78.58,79.24,672793.06,672793.06,53407614.3014,1
2026-02-12T08:00:00+08:00,1770854400000,79.25,80.73,79.21,80.37,605368.7,605368.7,48501706.5109,1
2026-02-12T10:00:00+08:00,1770861600000,80.37,80.68,79.88,80.57,402238.32,402238.32,32287586.3404,1
2026-02-12T12:00:00+08:00,1770868800000,80.57,80.93,79.39,80.54,778695.52,778695.52,62539470.0681,1
2026-02-12T14:00:00+08:00,1770876000000,80.53,80.96,80.24,80.72,423848.27,423848.27,34171286.4648,1
2026-02-12T16:00:00+08:00,1770883200000,80.73,81.87,80.27,81.74,761064.39,761064.39,61764020.7839,1
2026-02-12T18:00:00+08:00,1770890400000,81.74,82.19,81.29,81.79,651398.91,651398.91,53280988.3855,1
2026-02-12T20:00:00+08:00,1770897600000,81.79,82.07,80.64,81.9,886798.69,886798.69,72122272.2093,1
2026-02-12T22:00:00+08:00,1770904800000,81.9,81.94,80.02,80.06,1441247.89,1441247.89,116652023.0909,1
2026-02-13T00:00:00+08:00,1770912000000,80.07,80.17,77.46,77.86,2220137.98,2220137.98,174564605.9349,1
2026-02-13T02:00:00+08:00,1770919200000,77.86,78.58,76.97,77.57,1213957.39,1213957.39,94341024.8117,1
2026-02-13T04:00:00+08:00,1770926400000,77.57,77.89,76.54,77.28,810897.89,810897.89,62550273.4019,1
2026-02-13T06:00:00+08:00,1770933600000,77.29,78.47,76.89,78.36,800603.87,800603.87,62339878.302,1
2026-02-13T08:00:00+08:00,1770940800000,78.35,78.8,77.47,78.53,748431.88,748431.88,58547697.4526,1
2026-02-13T10:00:00+08:00,1770948000000,78.54,79.43,78.39,79.01,539367.11,539367.11,42571773.4665,1
2026-02-13T12:00:00+08:00,1770955200000,79,79.22,78.11,78.25,467274.29,467274.29,36703001.0105,1
2026-02-13T14:00:00+08:00,1770962400000,78.25,79.2,77.81,78.92,587641.28,587641.28,46117257.5267,1
2026-02-13T16:00:00+08:00,1770969600000,78.93,79.92,78.79,79.83,618935.16,618935.16,49195446.5381,1
2026-02-13T18:00:00+08:00,1770976800000,79.83,80.59,79.7,80.26,1042283.53,1042283.53,83517089.7716,1
2026-02-13T20:00:00+08:00,1770984000000,80.26,80.85,79.68,80.24,881196.53,881196.53,70699717.4582,1
2026-02-13T22:00:00+08:00,1770991200000,80.23,84.31,79.8,83.16,2633796.92,2633796.92,216379113.7863,1
2026-02-14T00:00:00+08:00,1770998400000,83.15,84.95,82.86,84.29,1337213.87,1337213.87,112399264.6271,1
2026-02-14T02:00:00+08:00,1771005600000,84.3,85.58,84.07,84.62,940796.66,940796.66,79890554.7022,1
2026-02-14T04:00:00+08:00,1771012800000,84.61,85.15,84.11,84.8,564912.71,564912.71,47825339.9899,1
2026-02-14T06:00:00+08:00,1771020000000,84.8,84.88,84.04,84.28,305422.99,305422.99,25788924.6064,1
2026-02-14T08:00:00+08:00,1771027200000,84.28,85.16,84.16,84.93,375693.28,375693.28,31848832.0498,1
2026-02-14T10:00:00+08:00,1771034400000,84.93,85.26,84.54,85.01,275336.45,275336.45,23371275.5462,1
2026-02-14T12:00:00+08:00,1771041600000,85.01,85.05,84.56,84.56,221855.46,221855.46,18821685.0792,1
2026-02-14T14:00:00+08:00,1771048800000,84.57,85.2,84.28,85.12,361384.05,361384.05,30631021.3339,1
2026-02-14T16:00:00+08:00,1771056000000,85.13,86.35,85.08,85.94,983770.24,983770.24,84459088.2728,1
2026-02-14T18:00:00+08:00,1771063200000,85.94,87.26,85.66,87.22,845113.88,845113.88,73153151.9005,1
2026-02-14T20:00:00+08:00,1771070400000,87.21,87.26,85.95,86.38,904323.04,904323.04,78288686.0891,1
2026-02-14T22:00:00+08:00,1771077600000,86.39,87.65,86.32,87.39,792436.19,792436.19,69057840.5985,1
2026-02-15T00:00:00+08:00,1771084800000,87.38,88.43,86.95,87.99,1165403.04,1165403.04,102262273.7444,1
2026-02-15T02:00:00+08:00,1771092000000,87.99,88.28,87.48,88.14,439016.81,439016.81,38617089.8005,1
2026-02-15T04:00:00+08:00,1771099200000,88.15,88.39,87.15,87.99,658647.73,658647.73,57875952.3441,1
2026-02-15T06:00:00+08:00,1771106400000,87.98,88.87,87.81,88,570932.68,570932.68,50452837.552,1
2026-02-15T08:00:00+08:00,1771113600000,87.99,88.68,87.56,88.23,572749.03,572749.03,50401584.0502,1
2026-02-15T10:00:00+08:00,1771120800000,88.22,88.76,87.31,88.56,797578.67,797578.67,70134110.9646,1
2026-02-15T12:00:00+08:00,1771128000000,88.57,90.02,88.36,89.61,1320783.44,1320783.44,117647875.3234,1
2026-02-15T14:00:00+08:00,1771135200000,89.62,90.92,89.28,90.67,879794.68,879794.68,79235271.241,1
2026-02-15T16:00:00+08:00,1771142400000,90.68,91.18,89.16,89.93,1151041.16,1151041.16,103684256.595,1
2026-02-15T18:00:00+08:00,1771149600000,89.93,90.05,88.95,89.13,534563.94,534563.94,47763533.674,1
2026-02-15T20:00:00+08:00,1771156800000,89.12,89.57,86.75,86.91,1509223.08,1509223.08,132689174.1795,1
2026-02-15T22:00:00+08:00,1771164000000,86.92,87.62,86.58,87.35,827484.19,827484.19,72125481.3662,1
2026-02-16T00:00:00+08:00,1771171200000,87.35,87.85,85.66,86.37,1231311.47,1231311.47,106832240.0349,1
2026-02-16T02:00:00+08:00,1771178400000,86.36,86.8,85.15,85.29,1070609.15,1070609.15,91998673.199,1
2026-02-16T04:00:00+08:00,1771185600000,85.28,86.38,84.83,86.11,699438.89,699438.89,59964846.3153,1
2026-02-16T06:00:00+08:00,1771192800000,86.11,86.64,85.03,86.1,587774.58,587774.58,50472741.3559,1
2026-02-16T08:00:00+08:00,1771200000000,86.09,86.57,85.31,85.69,630926.17,630926.17,54216782.8252,1
2026-02-16T10:00:00+08:00,1771207200000,85.7,86.15,84.69,85.08,550003.15,550003.15,46921042.5524,1
2026-02-16T12:00:00+08:00,1771214400000,85.08,85.84,84.41,84.63,556826.7,556826.7,47368192.0271,1
2026-02-16T14:00:00+08:00,1771221600000,84.63,85.45,84.48,85.03,380834.16,380834.16,32379154.3432,1
2026-02-16T16:00:00+08:00,1771228800000,85.03,86.23,84.99,85.94,487864.31,487864.31,41784665.3191,1
2026-02-16T18:00:00+08:00,1771236000000,85.93,85.98,84.41,85.46,583702.93,583702.93,49785507.647,1
2026-02-16T20:00:00+08:00,1771243200000,85.47,86.89,83.81,84.11,1879802.8,1879802.8,160482091.4142,1
2026-02-16T22:00:00+08:00,1771250400000,84.11,84.65,82.51,83.15,1605808.17,1605808.17,134213691.7661,1
2026-02-17T00:00:00+08:00,1771257600000,83.14,84.76,83.04,84.46,1098314.35,1098314.35,92133032.5871,1
2026-02-17T02:00:00+08:00,1771264800000,84.45,85.11,84.18,84.55,524668.49,524668.49,44437275.031,1
2026-02-17T04:00:00+08:00,1771272000000,84.56,86.07,84.43,85.97,523748.03,523748.03,44650769.6662,1
2026-02-17T06:00:00+08:00,1771279200000,85.97,86.62,85.55,86.41,618608.05,618608.05,53226544.1436,1
2026-02-17T08:00:00+08:00,1771286400000,86.41,87.12,86.05,86.12,680944.65,680944.65,58968621.6882,1
2026-02-17T10:00:00+08:00,1771293600000,86.12,87.63,85.71,86.32,780121.9,780121.9,67779362.4657,1
2026-02-17T12:00:00+08:00,1771300800000,86.32,86.62,85.39,86.15,715914.11,715914.11,61602419.2254,1
2026-02-17T14:00:00+08:00,1771308000000,86.15,86.75,85.86,86.42,378456.29,378456.29,32675173.3264,1
2026-02-17T16:00:00+08:00,1771315200000,86.41,86.69,85.6,85.88,477341.66,477341.66,41093779.8392,1
2026-02-17T18:00:00+08:00,1771322400000,85.87,85.99,84.67,85.05,572509.97,572509.97,48714121.9884,1
2026-02-17T20:00:00+08:00,1771329600000,85.05,85.52,84.33,84.94,951429.79,951429.79,80844903.3627,1
2026-02-17T22:00:00+08:00,1771336800000,84.93,85.38,82.84,83.74,2025302.44,2025302.44,169592492.0984,1
2026-02-18T00:00:00+08:00,1771344000000,83.75,85.42,83.06,83.64,1312989.61,1312989.61,110584050.8703,1
2026-02-18T02:00:00+08:00,1771351200000,83.65,85.72,83.5,84.8,878351.81,878351.81,74550061.3424,1
2026-02-18T04:00:00+08:00,1771358400000,84.79,85.39,84.46,85.16,408925.11,408925.11,34732167.5713,1
2026-02-18T06:00:00+08:00,1771365600000,85.15,85.39,84.85,85.03,273200.24,273200.24,23247632.7933,1
2026-02-18T08:00:00+08:00,1771372800000,85.04,85.43,83.88,84.2,567126.56,567126.56,48023846.3383,1
2026-02-18T10:00:00+08:00,1771380000000,84.2,85.41,84.19,85.27,343470.92,343470.92,29150744.9734,1
2026-02-18T12:00:00+08:00,1771387200000,85.27,85.5,84.71,84.85,279437.38,279437.38,23771105.8247,1
2026-02-18T14:00:00+08:00,1771394400000,84.85,85.39,84.62,85.22,316864.97,316864.97,26946293.342,1
2026-02-18T16:00:00+08:00,1771401600000,85.22,86.05,85.17,85.26,481127.16,481127.16,41153230.6989,1
2026-02-18T18:00:00+08:00,1771408800000,85.26,85.35,82.75,82.79,1160975.53,1160975.53,97277488.0084,1
2026-02-18T20:00:00+08:00,1771416000000,82.78,83.28,82.24,82.55,1117807.98,1117807.98,92536275.8328,1
2026-02-18T22:00:00+08:00,1771423200000,82.54,83.97,81.6,82.94,1665155.43,1665155.43,137752789.8969,1
2026-02-19T00:00:00+08:00,1771430400000,82.93,83.04,81.96,82.11,825626.51,825626.51,67984677.5028,1
2026-02-19T02:00:00+08:00,1771437600000,82.12,82.28,80.42,80.85,1255185.53,1255185.53,101952466.6024,1
2026-02-19T04:00:00+08:00,1771444800000,80.86,81.58,80.79,81.21,445732.47,445732.47,36200583.9964,1
2026-02-19T06:00:00+08:00,1771452000000,81.22,81.59,80.99,81.55,220860.26,220860.26,17958426.4137,1
2026-02-19T08:00:00+08:00,1771459200000,81.55,81.99,81.18,81.83,281394.9,281394.9,22961884.5261,1
2026-02-19T10:00:00+08:00,1771466400000,81.82,82.07,81.27,81.7,342401.67,342401.67,27964919.4807,1
2026-02-19T12:00:00+08:00,1771473600000,81.71,81.95,81.31,81.83,399044.75,399044.75,32583254.1268,1
2026-02-19T14:00:00+08:00,1771480800000,81.82,82.62,81.76,82.34,507081.68,507081.68,41708021.2399,1
2026-02-19T16:00:00+08:00,1771488000000,82.34,82.34,81.06,81.15,504552.96,504552.96,41198196.9276,1
2026-02-19T18:00:00+08:00,1771495200000,81.15,81.85,80.85,81.19,473175.55,473175.55,38523778.5417,1
2026-02-19T20:00:00+08:00,1771502400000,81.2,81.27,79.57,79.96,1140602.88,1140602.88,91675218.5178,1
2026-02-19T22:00:00+08:00,1771509600000,79.97,81.28,79.91,80.59,1171501.39,1171501.39,94260470.3713,1
2026-02-20T00:00:00+08:00,1771516800000,80.58,81.89,79.87,80.42,1075400.84,1075400.84,86848582.5468,1
2026-02-20T02:00:00+08:00,1771524000000,80.41,82.16,80.34,81.9,740763.5,740763.5,60339407.5236,1
2026-02-20T04:00:00+08:00,1771531200000,81.89,82.32,81.64,82.02,440038.58,440038.58,36091114.8675,1
2026-02-20T06:00:00+08:00,1771538400000,82.02,82.59,81.87,82.46,421285.98,421285.98,34640861.1864,1
2026-02-20T08:00:00+08:00,1771545600000,82.45,83.51,82.28,82.95,802854.83,802854.83,66639624.9568,1
2026-02-20T10:00:00+08:00,1771552800000,82.96,83.31,82.75,82.97,371310.92,371310.92,30819997.3856,1
2026-02-20T12:00:00+08:00,1771560000000,82.97,83.71,82.33,83.21,610547.58,610547.58,50656654.1822,1
2026-02-20T14:00:00+08:00,1771567200000,83.2,83.9,83.09,83.39,506681.28,506681.28,42321142.0978,1
2026-02-20T16:00:00+08:00,1771574400000,83.39,84.47,83.23,84.15,590548.82,590548.82,49613430.5105,1
2026-02-20T18:00:00+08:00,1771581600000,84.14,84.79,83.29,83.52,955862.59,955862.59,80321563.7672,1
2026-02-20T20:00:00+08:00,1771588800000,83.53,83.98,81.72,82.16,1350418.19,1350418.19,111748290.0975,1
2026-02-20T22:00:00+08:00,1771596000000,82.16,84.76,82.07,84.33,2108231.3,2108231.3,176109685.4901,1
2026-02-21T00:00:00+08:00,1771603200000,84.34,84.92,82.76,84.45,1580059.08,1580059.08,132712610.1761,1
2026-02-21T02:00:00+08:00,1771610400000,84.45,85.45,83.93,84.73,1181924.82,1181924.82,100100227.16,1
2026-02-21T04:00:00+08:00,1771617600000,84.72,85.19,84.28,84.51,441939.64,441939.64,37390758.5708,1
2026-02-21T06:00:00+08:00,1771624800000,84.51,84.74,84.06,84.62,257827.01,257827.01,21769055.2862,1
2026-02-21T08:00:00+08:00,1771632000000,84.62,84.81,84.3,84.63,202569.09,202569.09,17128591.321,1
2026-02-21T10:00:00+08:00,1771639200000,84.64,84.98,84.17,84.29,325632.87,325632.87,27524308.4574,1
2026-02-21T12:00:00+08:00,1771646400000,84.29,84.53,84.08,84.42,224398.03,224398.03,18923874.22,1
2026-02-21T14:00:00+08:00,1771653600000,84.42,84.72,83.91,84.19,374669.82,374669.82,31541981.1049,1
2026-02-21T16:00:00+08:00,1771660800000,84.18,85.17,84.15,84.86,377254.06,377254.06,31965949.7808,1
2026-02-21T18:00:00+08:00,1771668000000,84.86,85.64,84.84,85.36,435945.5,435945.5,37181806.6308,1
2026-02-21T20:00:00+08:00,1771675200000,85.37,85.94,84.97,85.81,516049.09,516049.09,44060903.1014,1
2026-02-21T22:00:00+08:00,1771682400000,85.81,86.72,85.58,86.52,952493.84,952493.84,82215779.6276,1
2026-02-22T00:00:00+08:00,1771689600000,86.53,86.64,85.75,86.2,644985.27,644985.27,55534729.5903,1
2026-02-22T02:00:00+08:00,1771696800000,86.19,86.67,86.13,86.17,249375.27,249375.27,21550846.0749,1
2026-02-22T04:00:00+08:00,1771704000000,86.17,86.17,85.21,85.78,428350.23,428350.23,36668287.0504,1
2026-02-22T06:00:00+08:00,1771711200000,85.78,85.84,85.08,85.12,366568.32,366568.32,31286926.9977,1
2026-02-22T08:00:00+08:00,1771718400000,85.11,85.36,84.71,85.26,427520.92,427520.92,36353997.9032,1
2026-02-22T10:00:00+08:00,1771725600000,85.26,85.54,84.66,85,385317.53,385317.53,32754154.6073,1
2026-02-22T12:00:00+08:00,1771732800000,85.01,85.3,84.75,84.93,216575.15,216575.15,18409531.4353,1
2026-02-22T14:00:00+08:00,1771740000000,84.93,85.55,84.9,85.18,317203.34,317203.34,27039805.7312,1
2026-02-22T16:00:00+08:00,1771747200000,85.18,85.2,84.8,84.96,284890.05,284890.05,24215545.4656,1
2026-02-22T18:00:00+08:00,1771754400000,84.97,85.39,84.92,85.19,205769.08,205769.08,17533596.3755,1
2026-02-22T20:00:00+08:00,1771761600000,85.19,85.26,83.64,83.94,864394.77,864394.77,72869980.8817,1
2026-02-22T22:00:00+08:00,1771768800000,83.94,84.07,82.94,83.43,917864.65,917864.65,76654779.6462,1
2026-02-23T00:00:00+08:00,1771776000000,83.43,83.57,82.76,82.99,504507.64,504507.64,41934479.3,1
2026-02-23T02:00:00+08:00,1771783200000,82.99,83.36,82.9,83.23,230982.92,230982.92,19196772.4675,1
2026-02-23T04:00:00+08:00,1771790400000,83.23,83.52,82.88,83.44,232673.49,232673.49,19349651.8505,1
2026-02-23T06:00:00+08:00,1771797600000,83.45,83.65,82.4,82.74,849445.08,849445.08,70493333.4922,1
2026-02-23T08:00:00+08:00,1771804800000,82.73,82.8,77.41,77.89,3622311.14,3622311.14,287989760.9539,1
2026-02-23T10:00:00+08:00,1771812000000,77.89,78.38,77.17,77.58,1409523.62,1409523.62,109672841.1185,1
2026-02-23T12:00:00+08:00,1771819200000,77.59,77.99,77.05,77.76,1049729.59,1049729.59,81427472.2276,1
2026-02-23T14:00:00+08:00,1771826400000,77.76,79.63,77.59,79.33,1350379.36,1350379.36,106425838.9764,1
2026-02-23T16:00:00+08:00,1771833600000,79.32,80.47,78.44,80.39,1225829.57,1225829.57,97319193.7158,1
2026-02-23T18:00:00+08:00,1771840800000,80.39,80.62,79.91,79.99,743998.15,743998.15,59693622.7136,1
2026-02-23T20:00:00+08:00,1771848000000,79.99,81.07,79.75,80.47,1298305.87,1298305.87,104545353.4564,1
2026-02-23T22:00:00+08:00,1771855200000,80.47,80.74,79.16,79.35,1592523.17,1592523.17,127373055.7485,1
2026-02-24T00:00:00+08:00,1771862400000,79.36,79.76,77.2,78.28,1876406.21,1876406.21,147386051.9849,1
2026-02-24T02:00:00+08:00,1771869600000,78.28,79.28,77.92,78.24,1150945.9,1150945.9,90318967.3023,1
2026-02-24T04:00:00+08:00,1771876800000,78.24,78.69,77.79,78.31,626393.71,626393.71,49029358.4889,1
2026-02-24T06:00:00+08:00,1771884000000,78.32,78.86,77.57,77.86,602736.29,602736.29,47207180.8003,1
2026-02-24T08:00:00+08:00,1771891200000,77.86,78.48,75.67,77.61,1844782.81,1844782.81,142461345.5912,1
2026-02-24T10:00:00+08:00,1771898400000,77.61,78.38,76.44,76.84,945169.19,945169.19,73023578.7565,1
2026-02-24T12:00:00+08:00,1771905600000,76.84,77.28,76.07,76.58,1136732.39,1136732.39,87085817.2115,1
2026-02-24T14:00:00+08:00,1771912800000,76.59,77.16,76.34,76.8,701772.89,701772.89,53887910.7056,1
2026-02-24T16:00:00+08:00,1771920000000,76.79,77.15,75.93,76.59,745231.33,745231.33,57105296.1478,1
2026-02-24T18:00:00+08:00,1771927200000,76.59,76.85,76.35,76.7,365984.96,365984.96,28041981.8772,1
2026-02-24T20:00:00+08:00,1771934400000,76.7,76.99,75.96,76.5,726513.27,726513.27,55603957.2474,1
2026-02-24T22:00:00+08:00,1771941600000,76.51,77.45,75.56,77.25,1718367.29,1718367.29,131708680.8567,1
2026-02-25T00:00:00+08:00,1771948800000,77.24,78.43,77.17,77.91,1356260.13,1356260.13,105644437.9151,1
2026-02-25T02:00:00+08:00,1771956000000,77.9,78.47,77.5,78.33,584498.25,584498.25,45635445.5512,1
2026-02-25T04:00:00+08:00,1771963200000,78.33,78.84,78.06,78.48,721633.87,721633.87,56613258.7059,1
2026-02-25T06:00:00+08:00,1771970400000,78.48,79.56,78.39,78.93,784412.52,784412.52,62017036.6847,1
2026-02-25T08:00:00+08:00,1771977600000,78.94,82.53,78.67,81.96,2374763.37,2374763.37,192634439.8265,1
2026-02-25T10:00:00+08:00,1771984800000,81.95,82.94,81.57,81.72,1568507.76,1568507.76,128906963.337,1
2026-02-25T12:00:00+08:00,1771992000000,81.71,82.38,80.92,81.25,1297935.17,1297935.17,105959394.5528,1
2026-02-25T14:00:00+08:00,1771999200000,81.26,82.37,81.1,82.13,889724.69,889724.69,72793661.7473,1
2026-02-25T16:00:00+08:00,1772006400000,82.13,82.65,81.87,82.49,760838.51,760838.51,62638030.2163,1
2026-02-25T18:00:00+08:00,1772013600000,82.49,83.34,82.27,83.32,868977.79,868977.79,71933848.5983,1
2026-02-25T20:00:00+08:00,1772020800000,83.32,84.4,82.85,83.77,1815584.28,1815584.28,151955972.6039,1
2026-02-25T22:00:00+08:00,1772028000000,83.78,86.42,83.75,85.93,3110814.01,3110814.01,265110904.2802,1
2026-02-26T00:00:00+08:00,1772035200000,85.94,88.92,85.91,88.53,2578516.87,2578516.87,225517788.0732,1
2026-02-26T02:00:00+08:00,1772042400000,88.52,89.62,87.93,89.4,1438220.32,1438220.32,127696245.1005,1
2026-02-26T04:00:00+08:00,1772049600000,89.4,92.14,88.95,89.82,2396931.47,2396931.47,216303678.923,1
2026-02-26T06:00:00+08:00,1772056800000,89.83,90.57,87.07,88.01,1703027.08,1703027.08,150908438.009,1
2026-02-26T08:00:00+08:00,1772064000000,88.02,89.23,87.8,88.38,1066456.81,1066456.81,94524055.3347,1
2026-02-26T10:00:00+08:00,1772071200000,88.38,88.45,87.52,87.91,599400.66,599400.66,52706713.4222,1
2026-02-26T12:00:00+08:00,1772078400000,87.9,89.03,87.17,87.72,876859.46,876859.46,77122200.1135,1
2026-02-26T14:00:00+08:00,1772085600000,87.72,87.97,87.19,87.21,480968.49,480968.49,42122124.9965,1
2026-02-26T16:00:00+08:00,1772092800000,87.2,88.63,87.16,88.27,880908.8,880908.8,77351647.762,1
2026-02-26T18:00:00+08:00,1772100000000,88.26,88.54,86.53,86.76,828874.34,828874.34,72339026.86,1
2026-02-26T20:00:00+08:00,1772107200000,86.77,88.03,86.66,87.56,587570.02,587570.02,51380492.1836,1
2026-02-26T22:00:00+08:00,1772114400000,87.57,88.21,85.22,86.53,2172428.54,2172428.54,187976518.6581,1
2026-02-27T00:00:00+08:00,1772121600000,86.52,86.72,84.26,84.85,1534945.15,1534945.15,130795542.3251,1
2026-02-27T02:00:00+08:00,1772128800000,84.84,86.63,84.39,86.42,1119235.33,1119235.33,95858145.1227,1
2026-02-27T04:00:00+08:00,1772136000000,86.41,86.84,85.68,85.88,598041.36,598041.36,51549271.1506,1
2026-02-27T06:00:00+08:00,1772143200000,85.88,86.21,85.7,85.84,272478.54,272478.54,23410865.8184,1
2026-02-27T08:00:00+08:00,1772150400000,85.84,86.11,85.13,86.07,632784.26,632784.26,54195071.4617,1
2026-02-27T10:00:00+08:00,1772157600000,86.07,87.78,85.8,87.57,875765.27,875765.27,75906673.785,1
2026-02-27T12:00:00+08:00,1772164800000,87.56,88.25,87.33,87.49,794339.59,794339.59,69663670.0056,1
2026-02-27T14:00:00+08:00,1772172000000,87.49,87.57,86.76,87.27,694816.76,694816.76,60551185.6489,1
2026-02-27T16:00:00+08:00,1772179200000,87.26,87.87,86.14,86.28,881711.55,881711.55,76852124.8399,1
2026-02-27T18:00:00+08:00,1772186400000,86.27,86.46,83.27,83.53,1893990.43,1893990.43,160482327.8337,1
2026-02-27T20:00:00+08:00,1772193600000,83.54,83.71,81.91,83,1905106.82,1905106.82,157836646.7778,1
2026-02-27T22:00:00+08:00,1772200800000,83.01,83.29,82.03,82.63,1480949.05,1480949.05,122388185.2616,1
2026-02-28T00:00:00+08:00,1772208000000,82.62,82.62,81.03,81.79,1515873.29,1515873.29,123810390.6101,1
2026-02-28T02:00:00+08:00,1772215200000,81.78,81.98,81.08,81.52,452845.88,452845.88,36945269.4278,1
2026-02-28T04:00:00+08:00,1772222400000,81.52,81.84,80.81,81.16,543813.62,543813.62,44265277.4305,1
2026-02-28T06:00:00+08:00,1772229600000,81.15,82.05,80.24,81.78,860627.77,860627.77,70133096.4109,1
2026-02-28T08:00:00+08:00,1772236800000,81.77,82.21,81.53,81.71,513055.64,513055.64,42008031.0724,1
2026-02-28T10:00:00+08:00,1772244000000,81.72,82.14,81.48,81.68,301878.27,301878.27,24704219.1693,1
2026-02-28T12:00:00+08:00,1772251200000,81.68,81.85,81.14,81.5,321015.81,321015.81,26167233.4572,1
2026-02-28T14:00:00+08:00,1772258400000,81.5,81.5,77.04,78.65,4253450.66,4253450.66,335690232.3167,1
2026-02-28T16:00:00+08:00,1772265600000,78.65,78.66,77.67,78.35,970929.27,970929.27,75978751.688,1
2026-02-28T18:00:00+08:00,1772272800000,78.35,79.54,77.9,78.71,1107742.28,1107742.28,87303017.7729,1
2026-02-28T20:00:00+08:00,1772280000000,78.71,80.93,78.53,80.76,1474002.47,1474002.47,117514319.5735,1
2026-02-28T22:00:00+08:00,1772287200000,80.75,81.47,79.57,80.87,1621940.56,1621940.56,130729238.633,1
2026-03-01T00:00:00+08:00,1772294400000,80.86,81.48,80.43,81.33,728816.87,728816.87,58983656.3835,1
2026-03-01T02:00:00+08:00,1772301600000,81.33,82.87,81.04,82.14,1366787.74,1366787.74,112069123.4008,1
2026-03-01T04:00:00+08:00,1772308800000,82.15,84.98,81.91,84.43,1501199.28,1501199.28,125952658.4631,1
2026-03-01T06:00:00+08:00,1772316000000,84.44,85.62,83.87,84.3,762072.87,762072.87,64462021.401,1
2026-03-01T08:00:00+08:00,1772323200000,84.29,87.47,84.21,86.69,1438417.18,1438417.18,122998460.502,1
2026-03-01T10:00:00+08:00,1772330400000,86.69,88.87,86.68,87.99,1939277.67,1939277.67,170614416.5235,1
2026-03-01T12:00:00+08:00,1772337600000,88,88.22,86.86,87.23,1069179.05,1069179.05,93572955.6987,1
2026-03-01T14:00:00+08:00,1772344800000,87.23,87.35,86.13,86.59,827589.45,827589.45,71659314.7906,1
2026-03-01T16:00:00+08:00,1772352000000,86.59,86.78,84.77,84.95,1120092.96,1120092.96,95781506.1586,1
2026-03-01T18:00:00+08:00,1772359200000,84.95,85.63,84.67,85.14,509908.26,509908.26,43430018.344,1
2026-03-01T20:00:00+08:00,1772366400000,85.15,86.99,84.45,86.05,1239244.11,1239244.11,106206584.6702,1
2026-03-01T22:00:00+08:00,1772373600000,86.04,86.85,85.36,85.61,1184074.11,1184074.11,101908858.4676,1
2026-03-02T00:00:00+08:00,1772380800000,85.61,86.03,83.11,83.85,1649726.37,1649726.37,139256862.0544,1
2026-03-02T02:00:00+08:00,1772388000000,83.85,84.96,83.01,83.19,890414.52,890414.52,74777945.2213,1
2026-03-02T04:00:00+08:00,1772395200000,83.18,83.22,81.64,82.88,1103560.76,1103560.76,90884588.256,1
2026-03-02T06:00:00+08:00,1772402400000,82.88,84.07,82.32,83.56,1181197.14,1181197.14,98448349.9654,1
2026-03-02T08:00:00+08:00,1772409600000,83.56,86.13,83.42,84.58,1224603.21,1224603.21,103782299.1993,1
2026-03-02T10:00:00+08:00,1772416800000,84.58,85.07,83.43,84.73,876361.01,876361.01,73874519.5854,1
2026-03-02T12:00:00+08:00,1772424000000,84.74,84.78,83.78,84.16,553721.51,553721.51,46687516.2294,1
2026-03-02T14:00:00+08:00,1772431200000,84.17,84.19,82.31,82.9,1116760.52,1116760.52,92770414.8239,1
2026-03-02T16:00:00+08:00,1772438400000,82.91,84.1,82.31,83.61,1087359.1,1087359.1,90534717.6547,1
2026-03-02T18:00:00+08:00,1772445600000,83.6,84.27,83.32,83.86,778115.37,778115.37,65172253.7478,1
2026-03-02T20:00:00+08:00,1772452800000,83.85,84.11,82.85,83.02,763387.31,763387.31,63721700.5054,1
2026-03-02T22:00:00+08:00,1772460000000,83.02,88.93,82.72,88.75,3917148.06,3917148.06,338629771.9299,1
2026-03-03T00:00:00+08:00,1772467200000,88.75,90.27,86.34,87.58,2666199.79,2666199.79,236367939.9921,1
2026-03-03T02:00:00+08:00,1772474400000,87.57,87.8,86.64,87.6,916568.12,916568.12,80014426.5193,1
2026-03-03T04:00:00+08:00,1772481600000,87.59,88.11,86.8,87.49,792304.53,792304.53,69378015.4249,1
2026-03-03T06:00:00+08:00,1772488800000,87.5,88.25,86.25,86.6,741459.75,741459.75,64633963.402,1
2026-03-03T08:00:00+08:00,1772496000000,86.59,87.26,86.04,86.1,887196.55,887196.55,76819057.567,1
2026-03-03T10:00:00+08:00,1772503200000,86.11,86.58,85.15,86.23,723107.75,723107.75,62083761.0592,1
2026-03-03T12:00:00+08:00,1772510400000,86.24,86.79,85.35,85.73,611265.6,611265.6,52576246.6204,1
2026-03-03T14:00:00+08:00,1772517600000,85.73,86.24,85.33,85.52,636886.21,636886.21,54607660.6921,1
2026-03-03T16:00:00+08:00,1772524800000,85.51,85.72,83.88,84.24,1298703.23,1298703.23,109836981.8029,1
2026-03-03T18:00:00+08:00,1772532000000,84.23,84.51,83.63,84.14,1059500.99,1059500.99,88997920.4987,1
2026-03-03T20:00:00+08:00,1772539200000,84.14,85.31,83.11,83.57,1577620.69,1577620.69,132791774.8656,1
2026-03-03T22:00:00+08:00,1772546400000,83.56,85.16,82.42,84.98,2270097.03,2270097.03,190084765.7312,1
2026-03-04T00:00:00+08:00,1772553600000,84.97,87.3,84.07,85.13,2587650.13,2587650.13,221133286.8466,1
2026-03-04T02:00:00+08:00,1772560800000,85.14,85.98,84.48,85.02,989356,989356,84379438.0066,1
2026-03-04T04:00:00+08:00,1772568000000,85.03,85.42,84.13,85.07,652247.03,652247.03,55278319.5566,1
2026-03-04T06:00:00+08:00,1772575200000,85.07,87.42,85.06,86.92,1131070.6,1131070.6,98003162.4613,1
2026-03-04T08:00:00+08:00,1772582400000,86.93,88.03,86.23,87.22,1229658.45,1229658.45,107091499.1205,1
2026-03-04T10:00:00+08:00,1772589600000,87.22,87.42,85.11,85.72,1180910.53,1180910.53,101793166.7038,1
2026-03-04T12:00:00+08:00,1772596800000,85.72,85.93,84.73,85.62,994758.41,994758.41,84854342.817,1
2026-03-04T14:00:00+08:00,1772604000000,85.62,87.46,84.91,87.37,1322435.35,1322435.35,113728770.0761,1
2026-03-04T16:00:00+08:00,1772611200000,87.37,91.43,86.94,90.5,3020533.49,3020533.49,270091790.4965,1
2026-03-04T18:00:00+08:00,1772618400000,90.49,91,89.37,89.71,1482154.96,1482154.96,133668970.4909,1
2026-03-04T20:00:00+08:00,1772625600000,89.72,90.11,88.64,89.94,1210133.68,1210133.68,108229905.9194,1
2026-03-04T22:00:00+08:00,1772632800000,89.94,93.14,89.41,92.86,3619912.43,3619912.43,329944407.9094,1
2026-03-05T00:00:00+08:00,1772640000000,92.86,93.08,90.57,91.49,1841848.75,1841848.75,168778178.4283,1
2026-03-05T02:00:00+08:00,1772647200000,91.49,94.05,91.1,93.14,1457209.21,1457209.21,134988199.036,1
2026-03-05T04:00:00+08:00,1772654400000,93.14,93.72,92.1,92.28,915276.54,915276.54,85027326.559,1
2026-03-05T06:00:00+08:00,1772661600000,92.28,92.86,90.23,90.8,992170.34,992170.34,90845155.7575,1
2026-03-05T08:00:00+08:00,1772668800000,90.79,91.36,89.67,89.92,905420.03,905420.03,81904986.884,1
2026-03-05T10:00:00+08:00,1772676000000,89.92,90.62,89.55,89.97,773099.22,773099.22,69695627.2255,1
2026-03-05T12:00:00+08:00,1772683200000,89.97,90.69,89.84,90.13,514500.18,514500.18,46428864.5209,1
2026-03-05T14:00:00+08:00,1772690400000,90.13,91.24,89.62,90.11,828193.91,828193.91,74895218.9991,1
2026-03-05T16:00:00+08:00,1772697600000,90.11,91.89,89.62,91.15,1002500.27,1002500.27,91061540.0671,1
2026-03-05T18:00:00+08:00,1772704800000,91.15,92.9,90.95,91.75,1130900.44,1130900.44,104196239.241,1
2026-03-05T20:00:00+08:00,1772712000000,91.75,92.15,90.36,90.75,1050648.69,1050648.69,95890213.3502,1
2026-03-05T22:00:00+08:00,1772719200000,90.75,91.44,88.76,89.57,1857692.52,1857692.52,167069456.1373,1
2026-03-06T00:00:00+08:00,1772726400000,89.57,89.59,87.86,88.08,1465423.15,1465423.15,129624096.3176,1
2026-03-06T02:00:00+08:00,1772733600000,88.07,89.36,87.96,88.69,580715.62,580715.62,51485409.3793,1
2026-03-06T04:00:00+08:00,1772740800000,88.7,89.8,88.5,89.08,633461.17,633461.17,56511971.324,1
2026-03-06T06:00:00+08:00,1772748000000,89.07,89.37,88.57,88.73,301977.1,301977.1,26858897.0514,1
2026-03-06T08:00:00+08:00,1772755200000,88.74,89.22,87.95,89.07,451099.57,451099.57,40016832.6701,1
2026-03-06T10:00:00+08:00,1772762400000,89.07,89.26,88.07,88.35,824354.75,824354.75,72923271.0437,1
2026-03-06T12:00:00+08:00,1772769600000,88.35,88.53,87.44,87.84,678614.71,678614.71,59624786.7514,1
2026-03-06T14:00:00+08:00,1772776800000,87.84,88.86,87.62,88.64,555020.63,555020.63,48965435.0024,1
2026-03-06T16:00:00+08:00,1772784000000,88.63,88.63,87.11,87.43,607703.53,607703.53,53363094.7676,1
2026-03-06T18:00:00+08:00,1772791200000,87.43,87.94,87.05,87.2,494323.48,494323.48,43270423.2107,1
2026-03-06T20:00:00+08:00,1772798400000,87.2,87.22,85.5,85.53,1845037.95,1845037.95,159450932.674,1
2026-03-06T22:00:00+08:00,1772805600000,85.53,85.7,83.88,84.57,2123389.45,2123389.45,180057455.85,1
2026-03-07T00:00:00+08:00,1772812800000,84.57,84.97,83.56,84.15,914606.43,914606.43,77068699.725,1
2026-03-07T02:00:00+08:00,1772820000000,84.15,85.83,84.12,85.14,647893.19,647893.19,55154705.6986,1
2026-03-07T04:00:00+08:00,1772827200000,85.14,85.4,84.38,84.68,427571.1,427571.1,36270062.2653,1
2026-03-07T06:00:00+08:00,1772834400000,84.69,85.01,84.48,84.65,288052.67,288052.67,24410830.6243,1
2026-03-07T08:00:00+08:00,1772841600000,84.65,85.03,84.45,84.66,435003.25,435003.25,36851360.5928,1
2026-03-07T10:00:00+08:00,1772848800000,84.67,85.01,84.27,84.48,360940.47,360940.47,30520745.3453,1
2026-03-07T12:00:00+08:00,1772856000000,84.49,84.51,83.87,84.29,335731.73,335731.73,28265516.7232,1
2026-03-07T14:00:00+08:00,1772863200000,84.28,84.41,83.83,84.28,337869.77,337869.77,28410579.0046,1
2026-03-07T16:00:00+08:00,1772870400000,84.27,84.63,84.08,84.51,338781.93,338781.93,28595714.9631,1
2026-03-07T18:00:00+08:00,1772877600000,84.52,84.85,84.2,84.59,302449.74,302449.74,25585804.6217,1
2026-03-07T20:00:00+08:00,1772884800000,84.6,84.72,84.03,84.23,284702.44,284702.44,24015219.3441,1
2026-03-07T22:00:00+08:00,1772892000000,84.22,84.36,83.34,83.69,641478.37,641478.37,53778894.7884,1
2026-03-08T00:00:00+08:00,1772899200000,83.68,84.02,83.43,83.57,266280.58,266280.58,22283732.0542,1
2026-03-08T02:00:00+08:00,1772906400000,83.57,83.58,82.22,82.46,874610.36,874610.36,72508547.51,1
2026-03-08T04:00:00+08:00,1772913600000,82.47,83.24,82.45,83.23,318732.74,318732.74,26424395.7734,1
2026-03-08T06:00:00+08:00,1772920800000,83.23,83.27,82.6,83.17,212872.26,212872.26,17675944.0666,1
2026-03-08T08:00:00+08:00,1772928000000,83.17,83.43,82.64,82.91,337892.98,337892.98,28065068.9946,1
2026-03-08T10:00:00+08:00,1772935200000,82.92,83.04,82.02,82.27,599066.97,599066.97,49394520.7453,1
2026-03-08T12:00:00+08:00,1772942400000,82.28,82.74,81.66,82.44,558076.45,558076.45,45889304.0941,1
2026-03-08T14:00:00+08:00,1772949600000,82.44,83.05,82.21,82.88,412680.26,412680.26,34104282.939,1
2026-03-08T16:00:00+08:00,1772956800000,82.89,83.33,82.46,83.1,446289.85,446289.85,37023960.8357,1
2026-03-08T18:00:00+08:00,1772964000000,83.11,84.06,82.57,82.74,810706.51,810706.51,67507352.7393,1
2026-03-08T20:00:00+08:00,1772971200000,82.74,82.94,81.12,82.03,1285618.66,1285618.66,105353646.2959,1
2026-03-08T22:00:00+08:00,1772978400000,82.02,82.36,81.78,82,456499.78,456499.78,37476967.512,1
2026-03-09T00:00:00+08:00,1772985600000,82,82.11,81.29,81.62,466972.9,466972.9,38121431.2953,1
2026-03-09T02:00:00+08:00,1772992800000,81.63,82.61,81.24,82.42,487997.08,487997.08,39994187.4189,1
2026-03-09T04:00:00+08:00,1773000000000,82.42,82.91,81.6,82.2,441239.95,441239.95,36273868.3425,1
2026-03-09T06:00:00+08:00,1773007200000,82.19,82.47,80.16,81.54,1462798.23,1462798.23,119048783.6911,1
2026-03-09T08:00:00+08:00,1773014400000,81.55,83.25,81.49,82.05,987187.98,987187.98,81336142.0566,1
2026-03-09T10:00:00+08:00,1773021600000,82.04,84.48,81.59,83.1,1223245.78,1223245.78,101885469.2246,1
2026-03-09T12:00:00+08:00,1773028800000,83.1,84.58,83.03,84.23,821587.29,821587.29,68839274.7471,1
2026-03-09T14:00:00+08:00,1773036000000,84.23,84.25,82.25,83.11,793550.31,793550.31,66030643.2992,1
2026-03-09T16:00:00+08:00,1773043200000,83.12,84.56,82.87,83.97,876156.92,876156.92,73420862.9461,1
2026-03-09T18:00:00+08:00,1773050400000,83.97,84.19,83.03,83.51,525247.81,525247.81,43921993.0706,1
2026-03-09T20:00:00+08:00,1773057600000,83.52,85.7,83.34,85.1,1519372,1519372,128607762.1526,1
2026-03-09T22:00:00+08:00,1773064800000,85.1,85.69,84.52,85,1261267.92,1261267.92,107378784.3808,1
2026-03-10T00:00:00+08:00,1773072000000,85,85.62,84.26,85.04,890195.27,890195.27,75624868.6023,1
2026-03-10T02:00:00+08:00,1773079200000,85.04,87.03,84.41,85.92,1395210.51,1395210.51,119717776.3477,1
2026-03-10T04:00:00+08:00,1773086400000,85.93,86.31,85.23,85.96,529384.74,529384.74,45447521.4938,1
2026-03-10T06:00:00+08:00,1773093600000,85.96,86.26,84.78,84.9,642008.26,642008.26,54915536.8014,1
2026-03-10T08:00:00+08:00,1773100800000,84.91,85.93,84.78,85.69,543612.94,543612.94,46427425.6874,1
2026-03-10T10:00:00+08:00,1773108000000,85.68,86.88,85.41,85.52,1103276.07,1103276.07,95129647.4586,1
2026-03-10T12:00:00+08:00,1773115200000,85.52,86.92,85.34,86.36,721117.46,721117.46,62129276.2424,1
2026-03-10T14:00:00+08:00,1773122400000,86.37,86.86,85.93,86.65,668196.17,668196.17,57767153.9379,1
2026-03-10T16:00:00+08:00,1773129600000,86.66,87.44,86.53,87.19,1079137.36,1079137.36,93908538.2848,1
2026-03-10T18:00:00+08:00,1773136800000,87.18,87.65,86.57,86.75,623321.68,623321.68,54237638.0295,1
2026-03-10T20:00:00+08:00,1773144000000,86.76,87.26,85.69,86.02,1012011.35,1012011.35,87504486.1794,1
2026-03-10T22:00:00+08:00,1773151200000,86.03,88.58,84.85,88.32,2232094.84,2232094.84,194015756.6421,1
2026-03-11T00:00:00+08:00,1773158400000,88.31,88.78,87.59,87.9,1120113.58,1120113.58,98842567.4827,1
2026-03-11T02:00:00+08:00,1773165600000,87.9,87.97,85.58,85.97,1265876.37,1265876.37,109506266.8552,1
2026-03-11T04:00:00+08:00,1773172800000,85.97,86.38,85.2,85.66,623474.79,623474.79,53577104.1925,1
2026-03-11T06:00:00+08:00,1773180000000,85.66,85.84,84.94,85.81,728934.64,728934.64,62253879.8601,1
2026-03-11T08:00:00+08:00,1773187200000,85.81,86.22,85.55,86.04,465955.95,465955.95,40012644.1872,1
2026-03-11T10:00:00+08:00,1773194400000,86.05,86.15,85.43,85.56,429737.58,429737.58,36837298.9404,1
2026-03-11T12:00:00+08:00,1773201600000,85.57,86.84,85.42,85.68,820480.4,820480.4,70701882.5243,1
2026-03-11T14:00:00+08:00,1773208800000,85.67,86.11,85.08,85.39,497439.96,497439.96,42622747.5359,1
2026-03-11T16:00:00+08:00,1773216000000,85.39,85.55,84.65,84.82,718499.43,718499.43,61192672.8832,1
2026-03-11T18:00:00+08:00,1773223200000,84.82,85.49,84.3,84.49,845960.96,845960.96,71785876.4415,1
2026-03-11T20:00:00+08:00,1773230400000,84.49,87.35,84.28,85.91,1875470.23,1875470.23,160975329.1343,1
2026-03-11T22:00:00+08:00,1773237600000,85.9,87.11,84.5,85.36,1550175.21,1550175.21,133173686.3247,1
2026-03-12T00:00:00+08:00,1773244800000,85.36,87.83,85.24,87.23,1575034.83,1575034.83,136662969.6729,1
2026-03-12T02:00:00+08:00,1773252000000,87.22,88.08,86.98,87.25,1027548.75,1027548.75,89909197.513,1
2026-03-12T04:00:00+08:00,1773259200000,87.26,87.57,86.98,87.5,305101.46,305101.46,26624534.9879,1
2026-03-12T06:00:00+08:00,1773266400000,87.51,87.9,86.4,86.53,574856.57,574856.57,50009695.2675,1
2026-03-12T08:00:00+08:00,1773273600000,86.53,86.72,85.85,85.98,434841.81,434841.81,37509668.8751,1
2026-03-12T10:00:00+08:00,1773280800000,85.98,86.1,84.62,84.94,888920.47,888920.47,75856121.4094,1
2026-03-12T12:00:00+08:00,1773288000000,84.94,85.35,84.81,85.07,601750.39,601750.39,51173545.54,1
2026-03-12T14:00:00+08:00,1773295200000,85.08,85.86,84.9,85.75,666077.25,666077.25,56844223.252,1
2026-03-12T16:00:00+08:00,1773302400000,85.74,86.68,85.3,86.14,1016629.19,1016629.19,87257589.906,1
2026-03-12T18:00:00+08:00,1773309600000,86.14,87.09,85.98,86.76,956917.11,956917.11,82947692.0714,1
2026-03-12T20:00:00+08:00,1773316800000,86.76,87.66,86.29,86.7,1573485.31,1573485.31,136950287.2845,1
2026-03-12T22:00:00+08:00,1773324000000,86.7,87.62,85.03,86.53,1989252.33,1989252.33,171387047.6307,1
2026-03-13T00:00:00+08:00,1773331200000,86.53,87.07,85.74,86.57,1020199.1,1020199.1,88322614.2781,1
2026-03-13T02:00:00+08:00,1773338400000,86.57,86.91,85.62,86.75,574316.08,574316.08,49536291.4017,1
2026-03-13T04:00:00+08:00,1773345600000,86.75,86.91,86.13,86.5,313790.01,313790.01,27157661.9001,1
2026-03-13T06:00:00+08:00,1773352800000,86.5,87.19,85.9,86.79,481676.24,481676.24,41711352.0907,1
2026-03-13T08:00:00+08:00,1773360000000,86.78,91.12,86.66,90.43,2922802.65,2922802.65,261971583.1088,1
2026-03-13T10:00:00+08:00,1773367200000,90.43,90.55,88.84,89.67,818025.86,818025.86,73237557.8952,1
2026-03-13T12:00:00+08:00,1773374400000,89.66,89.7,88.85,89.05,526351.01,526351.01,46943068.9673,1
2026-03-13T14:00:00+08:00,1773381600000,89.05,89.18,88.1,88.63,832976.55,832976.55,73733135.9596,1
2026-03-13T16:00:00+08:00,1773388800000,88.63,89.61,88.27,89.45,852166.34,852166.34,75946598.0526,1
2026-03-13T18:00:00+08:00,1773396000000,89.45,90.4,89.4,90.27,890098.14,890098.14,80082091.1917,1
2026-03-13T20:00:00+08:00,1773403200000,90.26,92.29,90.08,91.82,1934685.27,1934685.27,176701794.7018,1
2026-03-13T22:00:00+08:00,1773410400000,91.83,92.97,89.25,89.42,2649694.88,2649694.88,241913940.3315,1
2026-03-14T00:00:00+08:00,1773417600000,89.43,90.14,88.49,88.82,1409501.92,1409501.92,125886598.2217,1
2026-03-14T02:00:00+08:00,1773424800000,88.82,89.08,88.3,88.85,915273.7,915273.7,81183065.398,1
2026-03-14T04:00:00+08:00,1773432000000,88.85,89.09,88.25,88.52,544120.17,544120.17,48292608.4726,1
2026-03-14T06:00:00+08:00,1773439200000,88.52,88.62,87.68,88.12,565067.58,565067.58,49720315.4314,1
2026-03-14T08:00:00+08:00,1773446400000,88.12,88.33,87.74,88.18,353631.65,353631.65,31132570.576,1
2026-03-14T10:00:00+08:00,1773453600000,88.18,88.56,87.93,88.36,295598.37,295598.37,26105443.6986,1
2026-03-14T12:00:00+08:00,1773460800000,88.35,88.65,87.79,88.02,506589.43,506589.43,44697297.2385,1
2026-03-14T14:00:00+08:00,1773468000000,88.03,88.03,86.83,87.25,691470.21,691470.21,60364124.9134,1
2026-03-14T16:00:00+08:00,1773475200000,87.26,87.49,86.55,86.76,467075.07,467075.07,40661439.8889,1
2026-03-14T18:00:00+08:00,1773482400000,86.77,86.95,86.44,86.9,491389.87,491389.87,42617590.6627,1
2026-03-14T20:00:00+08:00,1773489600000,86.89,87.32,86.73,87.06,413628.98,413628.98,35991429.8575,1
2026-03-14T22:00:00+08:00,1773496800000,87.06,87.18,86.56,86.68,366475.73,366475.73,31806636.7667,1
2026-03-15T00:00:00+08:00,1773504000000,86.67,87.08,86.55,86.83,214338.38,214338.38,18616570.6937,1
2026-03-15T02:00:00+08:00,1773511200000,86.84,87.07,86.73,86.94,126315.57,126315.57,10978927.1298,1
2026-03-15T04:00:00+08:00,1773518400000,86.95,87.27,86.8,87.23,152308.7,152308.7,13249167.1479,1
2026-03-15T06:00:00+08:00,1773525600000,87.22,88.11,87.14,87.98,452139.21,452139.21,39678583.6048,1
2026-03-15T08:00:00+08:00,1773532800000,87.98,88.16,87.52,87.63,360794.29,360794.29,31677882.381,1
2026-03-15T10:00:00+08:00,1773540000000,87.63,88.6,87.63,87.81,657832.42,657832.42,57936340.285,1
2026-03-15T12:00:00+08:00,1773547200000,87.81,88.66,87.8,88.27,474884.16,474884.16,41908439.2435,1
2026-03-15T14:00:00+08:00,1773554400000,88.27,88.54,88.01,88.17,401738.16,401738.16,35477097.9002,1
2026-03-15T16:00:00+08:00,1773561600000,88.17,88.83,88.09,88.49,444657.76,444657.76,39344552.8119,1
2026-03-15T18:00:00+08:00,1773568800000,88.49,88.66,88.18,88.51,286873.89,286873.89,25355204.0799,1
2026-03-15T20:00:00+08:00,1773576000000,88.51,88.52,87.3,87.8,718011.27,718011.27,63081783.4765,1
2026-03-15T22:00:00+08:00,1773583200000,87.79,88.08,87.51,87.85,346567.51,346567.51,30434236.6056,1
2026-03-16T00:00:00+08:00,1773590400000,87.85,88.8,87.41,88.37,537187.48,537187.48,47270688.1743,1
2026-03-16T02:00:00+08:00,1773597600000,88.38,88.65,87.76,88.13,443700.31,443700.31,39119876.7439,1
2026-03-16T04:00:00+08:00,1773604800000,88.13,90.26,87.93,89.96,793901.54,793901.54,70761181.5282,1
2026-03-16T06:00:00+08:00,1773612000000,89.96,93.23,89.8,92.29,2689476.07,2689476.07,247084818.1942,1
2026-03-16T08:00:00+08:00,1773619200000,92.29,93.05,91.45,92.07,1061645.11,1061645.11,97846087.9601,1
2026-03-16T10:00:00+08:00,1773626400000,92.08,93.93,91.14,93.15,1666323.41,1666323.41,154614781.1821,1
2026-03-16T12:00:00+08:00,1773633600000,93.14,94.29,92.91,94,1587596.02,1587596.02,148630455.2309,1
2026-03-16T14:00:00+08:00,1773640800000,94,94.01,93.12,93.52,843037.46,843037.46,78847152.224,1
2026-03-16T16:00:00+08:00,1773648000000,93.52,93.98,92.52,93.26,756975.99,756975.99,70492657.2241,1
2026-03-16T18:00:00+08:00,1773655200000,93.26,93.94,93.2,93.7,568687.98,568687.98,53235219.3957,1
2026-03-16T20:00:00+08:00,1773662400000,93.69,95.09,93.31,93.61,1682039.79,1682039.79,158254713.9243,1
2026-03-16T22:00:00+08:00,1773669600000,93.61,94.47,92.3,93.15,1817524.96,1817524.96,169747989.9127,1
2026-03-17T00:00:00+08:00,1773676800000,93.14,94.37,93.06,94.03,703791.07,703791.07,65937819.6393,1
2026-03-17T02:00:00+08:00,1773684000000,94.02,95.44,94,95.17,986264.16,986264.16,93515869.7985,1
2026-03-17T04:00:00+08:00,1773691200000,95.17,96.88,95,96.12,986336.47,986336.47,94618466.5502,1
2026-03-17T06:00:00+08:00,1773698400000,96.12,97.63,95.36,96.14,1057210.02,1057210.02,102004216.6193,1
2026-03-17T08:00:00+08:00,1773705600000,96.14,96.94,94.9,95.65,1298347.81,1298347.81,124226880.286,1
2026-03-17T10:00:00+08:00,1773712800000,95.65,95.71,93.65,94.01,831194.5,831194.5,78599235.5514,1
2026-03-17T12:00:00+08:00,1773720000000,94.01,94.22,93.11,93.76,770454.91,770454.91,72182087.3391,1
2026-03-17T14:00:00+08:00,1773727200000,93.75,94.6,93.41,94.38,501179.09,501179.09,47162493.631,1
2026-03-17T16:00:00+08:00,1773734400000,94.37,95.05,93.64,93.84,779745.86,779745.86,73640041.4159,1
2026-03-17T18:00:00+08:00,1773741600000,93.85,94.01,93.2,93.59,636521.56,636521.56,59595605.7221,1
2026-03-17T20:00:00+08:00,1773748800000,93.6,94.53,93.08,93.74,882632.94,882632.94,82748174.1622,1
2026-03-17T22:00:00+08:00,1773756000000,93.75,95.11,93.18,93.77,980706.37,980706.37,92287602.4081,1
2026-03-18T00:00:00+08:00,1773763200000,93.76,94.74,93.65,94.5,525439.65,525439.65,49569377.967,1
2026-03-18T02:00:00+08:00,1773770400000,94.51,95.55,94.38,94.6,670039.67,670039.67,63709620.9853,1
2026-03-18T04:00:00+08:00,1773777600000,94.6,95.39,94.35,95.21,315823.19,315823.19,29967546.5381,1
2026-03-18T06:00:00+08:00,1773784800000,95.21,95.56,94.52,94.55,556489.78,556489.78,52901231.3261,1
2026-03-18T08:00:00+08:00,1773792000000,94.55,94.89,94.02,94.37,397319.77,397319.77,37538034.4917,1
2026-03-18T10:00:00+08:00,1773799200000,94.37,95.59,94.34,94.99,456909.41,456909.41,43413962.5936,1
2026-03-18T12:00:00+08:00,1773806400000,94.99,95.06,93.66,93.87,852015.85,852015.85,80269056.1983,1
2026-03-18T14:00:00+08:00,1773813600000,93.87,94.59,93.76,93.88,361796.63,361796.63,34053540.1014,1
2026-03-18T16:00:00+08:00,1773820800000,93.88,94.38,93.88,94.21,313465.36,313465.36,29506319.9384,1
2026-03-18T18:00:00+08:00,1773828000000,94.22,94.38,91.73,91.94,1569231.75,1569231.75,145510029.7312,1
2026-03-18T20:00:00+08:00,1773835200000,91.94,92.04,89.82,90.25,1963552.41,1963552.41,178164578.5835,1
2026-03-18T22:00:00+08:00,1773842400000,90.25,90.34,88.46,89.31,1802057.94,1802057.94,160893017.5922,1
2026-03-19T00:00:00+08:00,1773849600000,89.3,90.29,88.57,89.85,1121380.35,1121380.35,100158135.1111,1
2026-03-19T02:00:00+08:00,1773856800000,89.84,90.78,89.3,89.63,856724.92,856724.92,77132163.9679,1
2026-03-19T04:00:00+08:00,1773864000000,89.64,90.58,88.91,90.41,538480.71,538480.71,48330718.8754,1
2026-03-19T06:00:00+08:00,1773871200000,90.4,90.43,89.63,90.02,462657.16,462657.16,41670921.6713,1
2026-03-19T08:00:00+08:00,1773878400000,90.02,90.32,89.77,90.1,317021.93,317021.93,28551085.6819,1
2026-03-19T10:00:00+08:00,1773885600000,90.1,91.37,89.71,90.66,667369.13,667369.13,60488843.9153,1
2026-03-19T12:00:00+08:00,1773892800000,90.67,90.67,89.6,89.7,594331.82,594331.82,53483114.7494,1
2026-03-19T14:00:00+08:00,1773900000000,89.7,90.13,88.56,89.36,1180477.16,1180477.16,105577626.1078,1
2026-03-19T16:00:00+08:00,1773907200000,89.35,90.36,89.04,90.15,776059.65,776059.65,69565371.4782,1
2026-03-19T18:00:00+08:00,1773914400000,90.15,90.47,89.42,89.57,476377.43,476377.43,42838882.9046,1
2026-03-19T20:00:00+08:00,1773921600000,89.57,89.57,87.48,88.45,1655889.51,1655889.51,146251373.1408,1
2026-03-19T22:00:00+08:00,1773928800000,88.46,88.85,87.08,87.57,1070684.15,1070684.15,94052134.8527,1
2026-03-20T00:00:00+08:00,1773936000000,87.57,88.32,86.88,88.09,873520.18,873520.18,76427368.1791,1
2026-03-20T02:00:00+08:00,1773943200000,88.09,89.23,87.61,88.66,659781.06,659781.06,58407623.0758,1
2026-03-20T04:00:00+08:00,1773950400000,88.66,89.29,88.61,89.08,256898.57,256898.57,22852685.295,1
2026-03-20T06:00:00+08:00,1773957600000,89.07,89.15,88.33,88.84,454160.32,454160.32,40354053.3282,1
2026-03-20T08:00:00+08:00,1773964800000,88.83,89.76,88.79,89.42,470404.1,470404.1,42019867.9473,1
2026-03-20T10:00:00+08:00,1773972000000,89.43,89.67,88.81,89.53,360868.04,360868.04,32223252.2785,1
2026-03-20T12:00:00+08:00,1773979200000,89.53,89.71,88.65,89.3,582591.47,582591.47,51962876.544,1
2026-03-20T14:00:00+08:00,1773986400000,89.3,89.44,88.43,89.32,563458.51,563458.51,50123140.7023,1
2026-03-20T16:00:00+08:00,1773993600000,89.31,90.41,88.58,88.91,863904.67,863904.67,77363568.9221,1
2026-03-20T18:00:00+08:00,1774000800000,88.9,89.52,88.54,89.09,414617.16,414617.16,36927522.2344,1
2026-03-20T20:00:00+08:00,1774008000000,89.09,89.58,88.55,88.75,688955.87,688955.87,61376633.8669,1
2026-03-20T22:00:00+08:00,1774015200000,88.76,89.7,88.45,88.91,1241272.76,1241272.76,110399431.581,1
2026-03-21T00:00:00+08:00,1774022400000,88.91,89.18,88.07,88.84,504067.94,504067.94,44708064.5808,1
2026-03-21T02:00:00+08:00,1774029600000,88.85,89.03,88.1,88.94,421101.14,421101.14,37320019.099,1
2026-03-21T04:00:00+08:00,1774036800000,88.94,89.99,88.6,89.52,406662.58,406662.58,36319337.6575,1
2026-03-21T06:00:00+08:00,1774044000000,89.52,90.22,89.52,89.79,491216.91,491216.91,44184110.7494,1
2026-03-21T08:00:00+08:00,1774051200000,89.8,90.31,89.66,89.83,350137.08,350137.08,31498854.5354,1
2026-03-21T10:00:00+08:00,1774058400000,89.82,90.65,89.72,90.41,404351.63,404351.63,36503479.5005,1
2026-03-21T12:00:00+08:00,1774065600000,90.41,90.77,89.91,89.92,417685.67,417685.67,37732208.1678,1
2026-03-21T14:00:00+08:00,1774072800000,89.91,90.36,89.88,90.1,259551.64,259551.64,23388033.0665,1
2026-03-21T16:00:00+08:00,1774080000000,90.1,90.36,89.77,90.15,341342.66,341342.66,30740988.4057,1
2026-03-21T18:00:00+08:00,1774087200000,90.15,90.2,89.78,89.9,168201.41,168201.41,15127783.1906,1
2026-03-21T20:00:00+08:00,1774094400000,89.89,90.23,89.83,89.96,215058.21,215058.21,19364711.0725,1
2026-03-21T22:00:00+08:00,1774101600000,89.95,90.37,89.31,89.76,542597.45,542597.45,48723430.7994,1
2026-03-22T00:00:00+08:00,1774108800000,89.77,89.93,89.33,89.49,245461.32,245461.32,22000750.3154,1
2026-03-22T02:00:00+08:00,1774116000000,89.5,89.88,89.48,89.74,108013.19,108013.19,9688857.5886,1
2026-03-22T04:00:00+08:00,1774123200000,89.74,90.28,89.72,89.94,191992.08,191992.08,17286016.6175,1
2026-03-22T06:00:00+08:00,1774130400000,89.94,90.01,87.04,87.48,1061345.2,1061345.2,93684544.1892,1
2026-03-22T08:00:00+08:00,1774137600000,87.47,87.72,86.18,87.38,1552772.8,1552772.8,135164069.8813,1
2026-03-22T10:00:00+08:00,1774144800000,87.39,89.1,87.34,88.61,679146.28,679146.28,59899128.1376,1
2026-03-22T12:00:00+08:00,1774152000000,88.6,89.14,88.37,88.41,589308.03,589308.03,52310612.4296,1
2026-03-22T14:00:00+08:00,1774159200000,88.41,88.41,87.6,87.64,365020.78,365020.78,32153857.1181,1
2026-03-22T16:00:00+08:00,1774166400000,87.64,87.69,86.8,87.24,735970.95,735970.95,64211221.3666,1
2026-03-22T18:00:00+08:00,1774173600000,87.24,87.45,86.77,86.77,419555.72,419555.72,36571511.1702,1
2026-03-22T20:00:00+08:00,1774180800000,86.78,87.67,86.75,87.25,457857.35,457857.35,39924207.0139,1
2026-03-22T22:00:00+08:00,1774188000000,87.25,87.55,86.96,87.52,326261.82,326261.82,28477712.2424,1
2026-03-23T00:00:00+08:00,1774195200000,87.51,87.65,87.13,87.21,306651.09,306651.09,26800885.2855,1
2026-03-23T02:00:00+08:00,1774202400000,87.2,87.26,86.42,86.81,406852.15,406852.15,35322206.7741,1
2026-03-23T04:00:00+08:00,1774209600000,86.81,87.12,85.01,85.92,1089658.42,1089658.42,93554512.2192,1
2026-03-23T06:00:00+08:00,1774216800000,85.93,86.98,85.44,86.16,669986.59,669986.59,57772697.6477,1
2026-03-23T08:00:00+08:00,1774224000000,86.16,86.59,85.41,86.04,629963.02,629963.02,54231492.2577,1
2026-03-23T10:00:00+08:00,1774231200000,86.04,87.18,86,86.34,480073.47,480073.47,41567987.6727,1
2026-03-23T12:00:00+08:00,1774238400000,86.35,87.28,86.26,87.12,526125.81,526125.81,45696673.9407,1
2026-03-23T14:00:00+08:00,1774245600000,87.12,87.12,85.02,85.93,996297.44,996297.44,85469027.6282,1
2026-03-23T16:00:00+08:00,1774252800000,85.94,86.42,85.12,85.69,567613.61,567613.61,48735517.1864,1
2026-03-23T18:00:00+08:00,1774260000000,85.69,91.93,85.6,88.75,5027495.11,5027495.11,451396575.5797,1
2026-03-23T20:00:00+08:00,1774267200000,88.75,91.44,88.28,91.29,1502163.01,1502163.01,135114473.1547,1
2026-03-23T22:00:00+08:00,1774274400000,91.29,92.25,89.76,89.91,1730121.65,1730121.65,157790057.105,1
2026-03-24T00:00:00+08:00,1774281600000,89.91,91.35,89.35,91.21,1098226.03,1098226.03,99139163.8794,1
2026-03-24T02:00:00+08:00,1774288800000,91.21,91.88,90.88,91.34,609269.7,609269.7,55698730.902,1
2026-03-24T04:00:00+08:00,1774296000000,91.34,91.99,91.2,91.59,363985.63,363985.63,33357288.6692,1
2026-03-24T06:00:00+08:00,1774303200000,91.59,91.86,90.92,91.4,406369.32,406369.32,37125282.7899,1
2026-03-24T08:00:00+08:00,1774310400000,91.39,91.64,90.09,90.36,557401.2,557401.2,50637915.235,1
2026-03-24T10:00:00+08:00,1774317600000,90.36,90.73,89.91,90.3,392582.38,392582.38,35414332.8715,1
2026-03-24T12:00:00+08:00,1774324800000,90.29,90.77,89.93,90.06,509084.18,509084.18,45923724.8952,1
2026-03-24T14:00:00+08:00,1774332000000,90.07,91.84,89.99,91.67,832171.3,832171.3,75644093.0173,1
2026-03-24T16:00:00+08:00,1774339200000,91.67,92.12,91.06,92.08,1049313.87,1049313.87,96114041.5882,1
2026-03-24T18:00:00+08:00,1774346400000,92.08,92.19,91.3,91.72,814201,814201,74729314.8326,1
2026-03-24T20:00:00+08:00,1774353600000,91.73,91.82,89.49,89.81,1300285.88,1300285.88,117781919.2833,1
2026-03-24T22:00:00+08:00,1774360800000,89.81,90.25,88.61,89.68,1756270.55,1756270.55,157246396.6606,1
2026-03-25T00:00:00+08:00,1774368000000,89.67,89.93,88.65,89.13,655409.37,655409.37,58447589.4833,1
2026-03-25T02:00:00+08:00,1774375200000,89.13,89.68,88.34,88.45,792069.83,792069.83,70415030.875,1
2026-03-25T04:00:00+08:00,1774382400000,88.46,90.59,88.42,90.31,704765.03,704765.03,63246731.3069,1
2026-03-25T06:00:00+08:00,1774389600000,90.31,91.1,90.04,90.75,614710.1,614710.1,55689751.4342,1
2026-03-25T08:00:00+08:00,1774396800000,90.76,91.58,90.66,90.91,656796.96,656796.96,59873562.4073,1
2026-03-25T10:00:00+08:00,1774404000000,90.9,91.93,90.75,91.65,692469.62,692469.62,63217468.8669,1
2026-03-25T12:00:00+08:00,1774411200000,91.66,92.94,91.54,92.38,953764.63,953764.63,87994067.945,1
2026-03-25T14:00:00+08:00,1774418400000,92.38,92.86,91.71,91.75,658240.15,658240.15,60765804.3036,1
2026-03-25T16:00:00+08:00,1774425600000,91.76,92.74,91.76,92.51,702257.8,702257.8,64808423.4056,1
2026-03-25T18:00:00+08:00,1774432800000,92.51,93.45,92.34,92.94,874887.85,874887.85,81222433.4254,1
2026-03-25T20:00:00+08:00,1774440000000,92.93,93.4,92.29,92.68,942525.77,942525.77,87537104.4617,1
2026-03-25T22:00:00+08:00,1774447200000,92.68,92.87,90.96,91.72,1255397.37,1255397.37,115302828.4999,1
2026-03-26T00:00:00+08:00,1774454400000,91.72,92.72,91.55,91.68,727487.8,727487.8,67026450.12,1
2026-03-26T02:00:00+08:00,1774461600000,91.68,92.17,91.35,91.72,354424.09,354424.09,32527691.8486,1
2026-03-26T04:00:00+08:00,1774468800000,91.72,91.73,91.06,91.2,449138.64,449138.64,41007370.8384,1
2026-03-26T06:00:00+08:00,1774476000000,91.2,91.92,90.97,91.66,501968.99,501968.99,45933344.0897,1
2026-03-26T08:00:00+08:00,1774483200000,91.65,91.94,91.44,91.76,321291.56,321291.56,29467494.3984,1
2026-03-26T10:00:00+08:00,1774490400000,91.76,91.79,90.52,91.01,651030.57,651030.57,59217121.3156,1
2026-03-26T12:00:00+08:00,1774497600000,91.01,91.02,89.06,89.18,958789.17,958789.17,86282805.6405,1
2026-03-26T14:00:00+08:00,1774504800000,89.17,89.32,88.73,89.02,976067.3,976067.3,86877027.3588,1
2026-03-26T16:00:00+08:00,1774512000000,89.02,89.04,87.65,88.06,1074479.96,1074479.96,94888980.9126,1
2026-03-26T18:00:00+08:00,1774519200000,88.05,88.28,87.37,87.5,631009.22,631009.22,55396105.9511,1
2026-03-26T20:00:00+08:00,1774526400000,87.51,88.2,87.26,87.86,830502.03,830502.03,72825946.8296,1
2026-03-26T22:00:00+08:00,1774533600000,87.86,88.12,86.64,87.47,1032428.42,1032428.42,90150377.1152,1
2026-03-27T00:00:00+08:00,1774540800000,87.47,87.68,86.4,86.57,680692.7,680692.7,59275375.8235,1
2026-03-27T02:00:00+08:00,1774548000000,86.57,86.76,85.37,85.42,1012522.6,1012522.6,87033837.9162,1
2026-03-27T04:00:00+08:00,1774555200000,85.41,87.08,85.38,86.76,1154153.81,1154153.81,99931130.0899,1
2026-03-27T06:00:00+08:00,1774562400000,86.75,86.9,86.14,86.48,473405.73,473405.73,40940966.7282,1
2026-03-27T08:00:00+08:00,1774569600000,86.48,86.85,86.14,86.84,396484.34,396484.34,34309190.3083,1
2026-03-27T10:00:00+08:00,1774576800000,86.85,86.99,86.3,86.37,339461.02,339461.02,29400895.5222,1
2026-03-27T12:00:00+08:00,1774584000000,86.37,86.7,85.68,86.05,604740.58,604740.58,52054642.5943,1
2026-03-27T14:00:00+08:00,1774591200000,86.05,86.34,85.62,85.87,481533.08,481533.08,41411749.7392,1
2026-03-27T16:00:00+08:00,1774598400000,85.86,86.08,84.27,85,1751565.09,1751565.09,148821636.2459,1
2026-03-27T18:00:00+08:00,1774605600000,85,85.08,82.55,83.29,2209574.62,2209574.62,184311149.8903,1
2026-03-27T20:00:00+08:00,1774612800000,83.3,83.46,82.37,82.86,1045984.9,1045984.9,86827484.9205,1
2026-03-27T22:00:00+08:00,1774620000000,82.86,83.93,82.54,83.25,1152456.27,1152456.27,95897774.4233,1
2026-03-28T00:00:00+08:00,1774627200000,83.25,83.35,82.01,82.16,1097024.2,1097024.2,90730247.0684,1
2026-03-28T02:00:00+08:00,1774634400000,82.15,82.83,81.74,82.73,652899.49,652899.49,53695821.7206,1
2026-03-28T04:00:00+08:00,1774641600000,82.72,82.97,82.29,82.68,277834.85,277834.85,22978616.1216,1
2026-03-28T06:00:00+08:00,1774648800000,82.69,83.06,82.38,83.02,244620.89,244620.89,20236205.6192,1
2026-03-28T08:00:00+08:00,1774656000000,83.02,83.02,82.18,82.59,355680.83,355680.83,29379607.2666,1
2026-03-28T10:00:00+08:00,1774663200000,82.6,82.85,82.3,82.53,266211.72,266211.72,21972213.3766,1
2026-03-28T12:00:00+08:00,1774670400000,82.53,82.73,82.3,82.68,377868.91,377868.91,31186921.7104,1
2026-03-28T14:00:00+08:00,1774677600000,82.68,83.59,82.6,83.54,595715.27,595715.27,49535195.8091,1
2026-03-28T16:00:00+08:00,1774684800000,83.54,83.64,82.85,82.98,486549.6,486549.6,40502332.0354,1
2026-03-28T18:00:00+08:00,1774692000000,82.97,83.28,82.65,82.88,346053.65,346053.65,28690609.6697,1
2026-03-28T20:00:00+08:00,1774699200000,82.87,84.08,82.53,83.31,949344.56,949344.56,79052937.1609,1
2026-03-28T22:00:00+08:00,1774706400000,83.32,84.25,82.92,83.76,1020279.27,1020279.27,85261671.2475,1
2026-03-29T00:00:00+08:00,1774713600000,83.76,83.88,83.07,83.25,444548.37,444548.37,37110516.9872,1
2026-03-29T02:00:00+08:00,1774720800000,83.25,83.46,82.95,83.21,210138.95,210138.95,17489752.1168,1
2026-03-29T04:00:00+08:00,1774728000000,83.22,83.44,82.25,82.63,386200.76,386200.76,32015923.1619,1
2026-03-29T06:00:00+08:00,1774735200000,82.62,82.84,81.6,82.02,573364.22,573364.22,47104276.281,1
2026-03-29T08:00:00+08:00,1774742400000,82.02,82.45,81.79,82.4,431587.66,431587.66,35451536.0598,1
2026-03-29T10:00:00+08:00,1774749600000,82.4,83.18,82.34,82.95,358024.06,358024.06,29622220.4171,1
2026-03-29T12:00:00+08:00,1774756800000,82.94,82.98,82.34,82.64,350750.31,350750.31,28991243.6543,1
2026-03-29T14:00:00+08:00,1774764000000,82.65,82.76,82.16,82.39,393950.13,393950.13,32459504.5875,1
2026-03-29T16:00:00+08:00,1774771200000,82.39,82.56,82.1,82.3,213105.46,213105.46,17545396.9741,1
2026-03-29T18:00:00+08:00,1774778400000,82.3,82.78,81.93,82.52,442156.03,442156.03,36402036.1243,1
2026-03-29T20:00:00+08:00,1774785600000,82.52,82.59,81.62,81.86,515635.86,515635.86,42287024.0193,1
2026-03-29T22:00:00+08:00,1774792800000,81.86,82.38,81.21,81.78,736158.22,736158.22,60176746.9601,1
2026-03-30T00:00:00+08:00,1774800000000,81.78,82.08,81.07,81.49,489159.91,489159.91,39883755.5076,1
2026-03-30T02:00:00+08:00,1774807200000,81.49,81.88,81.33,81.55,273287.42,273287.42,22305137.7758,1
2026-03-30T04:00:00+08:00,1774814400000,81.55,82.19,81.54,82.09,298344.83,298344.83,24440545.2433,1
2026-03-30T06:00:00+08:00,1774821600000,82.09,82.09,78.75,81.34,2397400.03,2397400.03,193024970.0548,1
2026-03-30T08:00:00+08:00,1774828800000,81.35,82.97,81.06,82.66,1218330.85,1218330.85,100163607.4245,1
2026-03-30T10:00:00+08:00,1774836000000,82.66,83.93,82.41,83.24,1025087.44,1025087.44,85324674.1208,1
2026-03-30T12:00:00+08:00,1774843200000,83.24,84.15,83.21,83.57,944510.21,944510.21,79059632.1301,1
2026-03-30T14:00:00+08:00,1774850400000,83.57,84.24,83.28,83.97,558236.89,558236.89,46714439.9719,1
2026-03-30T16:00:00+08:00,1774857600000,83.97,84.88,83.94,84.1,1086047.43,1086047.43,91643952.0997,1
2026-03-30T18:00:00+08:00,1774864800000,84.1,84.64,83.55,84.2,702289.73,702289.73,59033224.3453,1
2026-03-30T20:00:00+08:00,1774872000000,84.21,84.97,83.86,83.95,908888.13,908888.13,76709341.2658,1
2026-03-30T22:00:00+08:00,1774879200000,83.95,84.72,83.61,84.45,1074682.81,1074682.81,90518571.5255,1
2026-03-31T00:00:00+08:00,1774886400000,84.45,84.5,83.03,83.21,660272.17,660272.17,55284098.8567,1
2026-03-31T02:00:00+08:00,1774893600000,83.21,83.38,81.91,82.32,785289.11,785289.11,64768433.6858,1
2026-03-31T04:00:00+08:00,1774900800000,82.32,83.61,82.28,83.08,532213.65,532213.65,44175106.6718,1
2026-03-31T06:00:00+08:00,1774908000000,83.09,83.44,82.08,82.51,508672.16,508672.16,42015602.0052,1
2026-03-31T08:00:00+08:00,1774915200000,82.51,84.59,82.1,83.82,1083818.64,1083818.64,90342115.4615,1
2026-03-31T10:00:00+08:00,1774922400000,83.81,84.05,83.23,83.56,413254.21,413254.21,34581636.326,1
2026-03-31T12:00:00+08:00,1774929600000,83.57,83.87,82.83,83.71,588244.4,588244.4,49025767.2114,1
2026-03-31T14:00:00+08:00,1774936800000,83.71,83.78,82.63,83.05,660617.5,660617.5,54924984.424,1
2026-03-31T16:00:00+08:00,1774944000000,83.05,83.3,79.86,80.49,1500914.9,1500914.9,122392288.1906,1
2026-03-31T18:00:00+08:00,1774951200000,80.49,80.93,80.22,80.8,1341476.21,1341476.21,108107047.3919,1
2026-03-31T20:00:00+08:00,1774958400000,80.8,82,80.35,81.8,1388114.32,1388114.32,112573993.5125,1
2026-03-31T22:00:00+08:00,1774965600000,81.79,82.54,80.34,80.83,1815485.96,1815485.96,147722131.5371,1
2026-04-01T00:00:00+08:00,1774972800000,80.82,83.44,80.81,82.35,1695229.49,1695229.49,139691459.0979,1
2026-04-01T02:00:00+08:00,1774980000000,82.34,83.06,82.34,82.66,535928.93,535928.93,44315362.1911,1
2026-04-01T04:00:00+08:00,1774987200000,82.66,83.36,82.57,82.82,453296.76,453296.76,37595991.3161,1
2026-04-01T06:00:00+08:00,1774994400000,82.81,83.23,82.28,83.15,401623.19,401623.19,33254570.4593,1
2026-04-01T08:00:00+08:00,1775001600000,83.15,83.57,82.66,82.69,537595.31,537595.31,44664496.3024,1
2026-04-01T10:00:00+08:00,1775008800000,82.7,83.45,82.43,83.38,546062,546062,45325551.1833,1
2026-04-01T12:00:00+08:00,1775016000000,83.38,84.28,83.19,84.08,970629.78,970629.78,81293605.3937,1
2026-04-01T14:00:00+08:00,1775023200000,84.07,84.7,83.76,83.79,1035660.23,1035660.23,87283013.2603,1
2026-04-01T16:00:00+08:00,1775030400000,83.78,84.02,83.09,83.32,809102.46,809102.46,67582930.5122,1
2026-04-01T18:00:00+08:00,1775037600000,83.33,83.54,83,83.31,339203.18,339203.18,28246846.8681,1
2026-04-01T20:00:00+08:00,1775044800000,83.32,83.68,82.34,82.63,1259181.56,1259181.56,104487539.4581,1
2026-04-01T22:00:00+08:00,1775052000000,82.62,83.84,82.46,83.57,829633,829633,69050882.6856,1
2026-04-02T00:00:00+08:00,1775059200000,83.56,86.58,83,84.39,3003905,3003905,255467305.2882,1
2026-04-02T02:00:00+08:00,1775066400000,84.38,84.44,83.51,83.8,885903.05,885903.05,74375709.1265,1
2026-04-02T04:00:00+08:00,1775073600000,83.81,83.85,81.27,81.8,1363218.51,1363218.51,112563338.121,1
2026-04-02T06:00:00+08:00,1775080800000,81.8,81.9,80.71,81.14,1375896.02,1375896.02,111650607.9429,1
2026-04-02T08:00:00+08:00,1775088000000,81.13,81.74,78.91,79.28,2567782.53,2567782.53,206140211.1215,1
2026-04-02T10:00:00+08:00,1775095200000,79.27,79.35,78.21,78.96,1587067.28,1587067.28,125043343.2592,1
2026-04-02T12:00:00+08:00,1775102400000,78.95,79.4,78.55,79.21,1011132.08,1011132.08,79793358.2807,1
2026-04-02T14:00:00+08:00,1775109600000,79.2,79.62,78.89,79.58,502297.08,502297.08,39808387.3592,1
2026-04-02T16:00:00+08:00,1775116800000,79.58,79.58,78.86,79.22,462509.36,462509.36,36623582.359,1
2026-04-02T18:00:00+08:00,1775124000000,79.21,79.27,78.1,78.28,758679.72,758679.72,59681986.2889,1
2026-04-02T20:00:00+08:00,1775131200000,78.28,78.56,76.63,77.7,1817753.07,1817753.07,140972738.8405,1
2026-04-02T22:00:00+08:00,1775138400000,77.7,79.66,77.46,79,2375439.43,2375439.43,187058181.0733,1
2026-04-03T00:00:00+08:00,1775145600000,79,79.86,78.51,78.54,1158114.28,1158114.28,91776174.0314,1
2026-04-03T02:00:00+08:00,1775152800000,78.55,79.24,78.39,78.95,576649.04,576649.04,45460052.1637,1
2026-04-03T04:00:00+08:00,1775160000000,78.95,79.33,78.58,78.92,338024.38,338024.38,26700886.2144,1
2026-04-03T06:00:00+08:00,1775167200000,78.92,79.1,78.68,78.89,356223.31,356223.31,28107597.7215,1
2026-04-03T08:00:00+08:00,1775174400000,78.9,79.75,78.83,79.14,669170.75,669170.75,53012056.8992,1
2026-04-03T10:00:00+08:00,1775181600000,79.13,79.55,78.81,78.97,693148.97,693148.97,54869853.599,1
2026-04-03T12:00:00+08:00,1775188800000,78.97,79.61,78.95,79.28,629813.6,629813.6,49921174.8806,1
2026-04-03T14:00:00+08:00,1775196000000,79.28,80.11,79.16,79.9,627748.85,627748.85,50006035.2498,1
2026-04-03T16:00:00+08:00,1775203200000,79.9,80.19,79.58,79.91,651068.41,651068.41,51987753.6253,1
2026-04-03T18:00:00+08:00,1775210400000,79.92,80.42,79.64,80.14,706039.61,706039.61,56496050.5323,1
2026-04-03T20:00:00+08:00,1775217600000,80.13,80.89,79.11,79.55,1071392.91,1071392.91,85420210.5839,1
2026-04-03T22:00:00+08:00,1775224800000,79.56,80.63,79.38,80.28,836230.58,836230.58,67049839.7064,1
2026-04-04T00:00:00+08:00,1775232000000,80.28,80.65,79.85,80.14,516528.63,516528.63,41486996.7023,1
2026-04-04T02:00:00+08:00,1775239200000,80.14,80.42,79.82,80.15,222338.14,222338.14,17811584.1426,1
2026-04-04T04:00:00+08:00,1775246400000,80.15,80.67,80.07,80.35,217550.47,217550.47,17475884.4427,1
2026-04-04T06:00:00+08:00,1775253600000,80.36,80.5,79.88,80.33,349275.43,349275.43,28011271.8383,1
2026-04-04T08:00:00+08:00,1775260800000,80.34,80.36,80,80.08,181307.03,181307.03,14530247.1248,1
2026-04-04T10:00:00+08:00,1775268000000,80.07,80.25,80,80.11,215661.81,215661.81,17280762.2017,1
2026-04-04T12:00:00+08:00,1775275200000,80.11,80.27,80.06,80.13,172571.29,172571.29,13831486.6629,1
2026-04-04T14:00:00+08:00,1775282400000,80.14,80.5,80.1,80.27,176264.78,176264.78,14150924.1903,1
2026-04-04T16:00:00+08:00,1775289600000,80.27,80.35,79.85,79.99,297171.16,297171.16,23770573.2811,1
2026-04-04T18:00:00+08:00,1775296800000,79.98,80.25,79.97,80.15,414931.65,414931.65,33235422.9024,1
2026-04-04T20:00:00+08:00,1775304000000,80.14,80.21,79.87,79.99,189856.76,189856.76,15197486.0765,1
2026-04-04T22:00:00+08:00,1775311200000,79.99,81.62,79.48,81.05,1439646.97,1439646.97,116227490.1725,1
2026-04-05T00:00:00+08:00,1775318400000,81.05,81.3,80.58,80.89,550513.75,550513.75,44569057.7747,1
2026-04-05T02:00:00+08:00,1775325600000,80.89,81.29,80.69,80.82,548415.64,548415.64,44377936.7623,1
2026-04-05T04:00:00+08:00,1775332800000,80.82,80.98,80.57,80.87,292902.18,292902.18,23668874.0717,1
2026-04-05T06:00:00+08:00,1775340000000,80.88,81.03,80.66,80.79,226809.51,226809.51,18338877.5008,1
2026-04-05T08:00:00+08:00,1775347200000,80.8,80.81,80.44,80.47,306188.51,306188.51,24688539.7293,1
2026-04-05T10:00:00+08:00,1775354400000,80.46,80.59,80.33,80.51,293638.91,293638.91,23623036.498,1
2026-04-05T12:00:00+08:00,1775361600000,80.52,80.54,80.08,80.25,351002.18,351002.18,28191979.1189,1
2026-04-05T14:00:00+08:00,1775368800000,80.25,80.32,79.34,79.54,996174.07,996174.07,79402709.7095,1
2026-04-05T16:00:00+08:00,1775376000000,79.54,79.84,79.49,79.78,263036.02,263036.02,20953915.4816,1
2026-04-05T18:00:00+08:00,1775383200000,79.78,80.2,79.71,79.87,310344.69,310344.69,24789298.2959,1
2026-04-05T20:00:00+08:00,1775390400000,79.86,79.92,78.46,79.13,1270155.5,1270155.5,100387156.2428,1
2026-04-05T22:00:00+08:00,1775397600000,79.14,80.3,78.95,79.54,792637.38,792637.38,63098005.8517,1
2026-04-06T00:00:00+08:00,1775404800000,79.54,79.89,79.33,79.84,392485.22,392485.22,31243417.9177,1
2026-04-06T02:00:00+08:00,1775412000000,79.84,80.18,79.47,79.78,282626.64,282626.64,22582567.4427,1
2026-04-06T04:00:00+08:00,1775419200000,79.78,80.17,79.45,79.69,308541,308541,24641338.3532,1
2026-04-06T06:00:00+08:00,1775426400000,79.7,82.08,79,81.85,1729691.86,1729691.86,140017130.1426,1
2026-04-06T08:00:00+08:00,1775433600000,81.86,82.94,81.64,81.67,1401072.45,1401072.45,115320575.976,1
2026-04-06T10:00:00+08:00,1775440800000,81.67,82.78,81.63,82.07,640568.08,640568.08,52707066.7412,1
2026-04-06T12:00:00+08:00,1775448000000,82.07,82.31,81.74,81.86,357179.89,357179.89,29275293.9501,1
2026-04-06T14:00:00+08:00,1775455200000,81.86,82.09,80.91,81.77,1080387.51,1080387.51,88028354.4753,1
2026-04-06T16:00:00+08:00,1775462400000,81.77,83.17,81.63,82.42,1220442.94,1220442.94,100479550.1719,1
2026-04-06T18:00:00+08:00,1775469600000,82.42,82.85,82.26,82.4,463643.31,463643.31,38269921.7767,1
2026-04-06T20:00:00+08:00,1775476800000,82.39,82.63,82.12,82.43,502349.53,502349.53,41362954.5302,1
2026-04-06T22:00:00+08:00,1775484000000,82.42,82.78,81.68,82.24,965059.62,965059.62,79300856.5636,1
2026-04-07T00:00:00+08:00,1775491200000,82.25,82.43,81.13,81.59,680597.34,680597.34,55579667.567,1
2026-04-07T02:00:00+08:00,1775498400000,81.6,82.17,81.5,81.86,336818.53,336818.53,27556792.3487,1
2026-04-07T04:00:00+08:00,1775505600000,81.86,82.1,81.33,81.43,197908.87,197908.87,16187311.898,1
2026-04-07T06:00:00+08:00,1775512800000,81.42,81.45,79.53,79.95,1325918.59,1325918.59,106350323.2005,1
2026-04-07T08:00:00+08:00,1775520000000,79.95,80.15,79.31,79.45,871180.97,871180.97,69511470.2302,1
2026-04-07T10:00:00+08:00,1775527200000,79.45,79.87,79.4,79.73,409545.11,409545.11,32626357.1842,1
2026-04-07T12:00:00+08:00,1775534400000,79.73,80.12,79.4,79.54,596453.74,596453.74,47559397.1563,1
2026-04-07T14:00:00+08:00,1775541600000,79.54,79.89,79.24,79.82,577794.33,577794.33,45972864.8431,1
2026-04-07T16:00:00+08:00,1775548800000,79.81,80.55,79.76,80.33,822033.29,822033.29,65895909.8403,1
2026-04-07T18:00:00+08:00,1775556000000,80.32,80.4,78.84,79.16,1357976.78,1357976.78,107843741.9091,1
2026-04-07T20:00:00+08:00,1775563200000,79.16,79.34,78.53,78.82,1039649.36,1039649.36,82081239.2334,1
2026-04-07T22:00:00+08:00,1775570400000,78.83,79.02,78.31,78.81,1008722.14,1008722.14,79349673.3504,1
2026-04-08T00:00:00+08:00,1775577600000,78.8,80.94,78.61,80.01,1386961.11,1386961.11,110614290.7982,1
2026-04-08T02:00:00+08:00,1775584800000,80.01,81.8,79.46,81.57,1374303.14,1374303.14,110747851.0207,1
2026-04-08T04:00:00+08:00,1775592000000,81.57,83.24,81.57,82.88,1470284.35,1470284.35,121043258.4687,1
2026-04-08T06:00:00+08:00,1775599200000,82.89,87.14,82.89,85.51,3341813.72,3341813.72,284032759.9881,1
2026-04-08T08:00:00+08:00,1775606400000,85.51,85.86,84.22,84.64,1048706.93,1048706.93,89016613.6481,1
2026-04-08T10:00:00+08:00,1775613600000,84.65,84.93,84.34,84.53,503126.46,503126.46,42543741.8494,1
2026-04-08T12:00:00+08:00,1775620800000,84.53,85.06,84.1,84.18,762418.61,762418.61,64544110.9875,1
2026-04-08T14:00:00+08:00,1775628000000,84.18,84.68,83.84,84.47,687368.67,687368.67,57973287.2575,1
2026-04-08T16:00:00+08:00,1775635200000,84.48,84.95,84.41,84.63,432281.94,432281.94,36598310.818,1
2026-04-08T18:00:00+08:00,1775642400000,84.63,84.81,84.12,84.42,537328.52,537328.52,45410187.1441,1
2026-04-08T20:00:00+08:00,1775649600000,84.42,84.94,83.87,84,1023181.01,1023181.01,86355721.2548,1
2026-04-08T22:00:00+08:00,1775656800000,83.99,84.1,82.45,83.29,1369474.34,1369474.34,113871903.4612,1
2026-04-09T00:00:00+08:00,1775664000000,83.28,84.16,82.99,83.92,563910.4,563910.4,47130294.635,1
2026-04-09T02:00:00+08:00,1775671200000,83.93,83.99,82.74,83.16,451649.38,451649.38,37560678.1777,1
2026-04-09T04:00:00+08:00,1775678400000,83.15,83.58,82.98,83.36,242416.2,242416.2,20191751.6166,1
2026-04-09T06:00:00+08:00,1775685600000,83.37,83.4,82.17,82.52,619122.52,619122.52,51161848.295,1
2026-04-09T08:00:00+08:00,1775692800000,82.52,82.63,81.65,82.19,782603.01,782603.01,64221961.8306,1
2026-04-09T10:00:00+08:00,1775700000000,82.18,82.4,81.83,81.99,437186.72,437186.72,35883889.79,1
2026-04-09T12:00:00+08:00,1775707200000,81.98,82.27,81.68,82.11,517999.01,517999.01,42439623.017,1
2026-04-09T14:00:00+08:00,1775714400000,82.12,82.43,81.8,82.22,414735.94,414735.94,34072667.4001,1
2026-04-09T16:00:00+08:00,1775721600000,82.23,82.64,82.06,82.54,634898.04,634898.04,52280790.8332,1
2026-04-09T18:00:00+08:00,1775728800000,82.55,82.66,81.98,82.12,474981.2,474981.2,39107684.8827,1
2026-04-09T20:00:00+08:00,1775736000000,82.12,82.36,81.52,81.82,683608.52,683608.52,56055222.9803,1
2026-04-09T22:00:00+08:00,1775743200000,81.82,83.9,81.37,83.71,1333521.75,1333521.75,110217935.2652,1
2026-04-10T00:00:00+08:00,1775750400000,83.71,84.69,82.87,84.64,1341998.73,1341998.73,112563657.3377,1
2026-04-10T02:00:00+08:00,1775757600000,84.63,84.69,83.4,84.12,975735.59,975735.59,81976758.9951,1
2026-04-10T04:00:00+08:00,1775764800000,84.12,84.73,84.07,84.24,491374.15,491374.15,41440138.9923,1
2026-04-10T06:00:00+08:00,1775772000000,84.24,85.91,83.11,83.29,1151544.32,1151544.32,97085174.0343,1
2026-04-10T08:00:00+08:00,1775779200000,83.29,83.76,82.78,83.12,883467.84,883467.84,73503595.8693,1
2026-04-10T10:00:00+08:00,1775786400000,83.11,83.42,82.56,82.86,499593.13,499593.13,41486233.2717,1
2026-04-10T12:00:00+08:00,1775793600000,82.85,83.55,82.85,83.35,401936.77,401936.77,33454589.9569,1
2026-04-10T14:00:00+08:00,1775800800000,83.35,83.42,82.83,82.91,418096.41,418096.41,34758652.2485,1
2026-04-10T16:00:00+08:00,1775808000000,82.91,83.55,82.67,83.5,757132.34,757132.34,62906952.0033,1
2026-04-10T18:00:00+08:00,1775815200000,83.5,83.75,83.07,83.49,539004.38,539004.38,44984505.1723,1
2026-04-10T20:00:00+08:00,1775822400000,83.49,84.4,83.31,84.23,1204141.84,1204141.84,101026838.6547,1
2026-04-10T22:00:00+08:00,1775829600000,84.22,85.55,84.03,84.2,1447737.89,1447737.89,122750681.4816,1
2026-04-11T00:00:00+08:00,1775836800000,84.2,84.87,84.06,84.83,495309.15,495309.15,41874244.5218,1
2026-04-11T02:00:00+08:00,1775844000000,84.83,85.44,84.58,85.41,373686.2,373686.2,31793117.0472,1
2026-04-11T04:00:00+08:00,1775851200000,85.41,85.64,84.92,85.18,362036.62,362036.62,30866124.7765,1
2026-04-11T06:00:00+08:00,1775858400000,85.19,85.24,84.59,84.77,260561.04,260561.04,22104651.2705,1
2026-04-11T08:00:00+08:00,1775865600000,84.78,84.8,84.33,84.63,310815.04,310815.04,26278870.5664,1
2026-04-11T10:00:00+08:00,1775872800000,84.63,84.87,84.19,84.36,382233.35,382233.35,32339983.6792,1
2026-04-11T12:00:00+08:00,1775880000000,84.36,84.57,84.03,84.04,394578.21,394578.21,33242302.2056,1
2026-04-11T14:00:00+08:00,1775887200000,84.04,84.3,83.82,84.23,331042.24,331042.24,27829625.9639,1
2026-04-11T16:00:00+08:00,1775894400000,84.23,84.75,84.1,84.47,525066.79,525066.79,44340236.936,1
2026-04-11T18:00:00+08:00,1775901600000,84.47,84.48,83.71,84.2,599027.36,599027.36,50354868.9658,1
2026-04-11T20:00:00+08:00,1775908800000,84.19,84.48,83.76,84.03,565587.04,565587.04,47592067.1369,1
2026-04-11T22:00:00+08:00,1775916000000,84.04,84.84,83.98,84.62,692314.33,692314.33,58431576.5664,1
2026-04-12T00:00:00+08:00,1775923200000,84.62,85.36,84.54,84.75,575343.02,575343.02,48839836.8745,1
2026-04-12T02:00:00+08:00,1775930400000,84.76,86.24,84.6,85.98,886524.99,886524.99,75889422.9996,1
2026-04-12T04:00:00+08:00,1775937600000,85.99,86.06,85.08,85.3,342933.13,342933.13,29297138.0684,1
2026-04-12T06:00:00+08:00,1775944800000,85.3,86.13,84.47,84.88,641181.69,641181.69,54649674.999,1
2026-04-12T08:00:00+08:00,1775952000000,84.88,84.96,81.97,82.22,1581263.94,1581263.94,131766332.3158,1
2026-04-12T10:00:00+08:00,1775959200000,82.23,82.91,81.81,82.26,1094642.39,1094642.39,90248760.5297,1
2026-04-12T12:00:00+08:00,1775966400000,82.26,82.42,82.01,82.34,441676.67,441676.67,36323867.956,1
2026-04-12T14:00:00+08:00,1775973600000,82.34,82.45,82.15,82.23,279160.3,279160.3,22970702.8036,1
2026-04-12T16:00:00+08:00,1775980800000,82.22,82.35,82.06,82.15,297476.65,297476.65,24447861.2342,1
2026-04-12T18:00:00+08:00,1775988000000,82.15,82.32,81.9,82.16,420828.9,420828.9,34544596.6772,1
2026-04-12T20:00:00+08:00,1775995200000,82.15,82.5,81.71,81.86,803996.05,803996.05,65954726.5294,1
2026-04-12T22:00:00+08:00,1776002400000,81.85,82.06,81.24,81.54,1018774.51,1018774.51,83124178.053,1
2026-04-13T00:00:00+08:00,1776009600000,81.54,82.27,81.48,82.13,331361.16,331361.16,27115833.7698,1
2026-04-13T02:00:00+08:00,1776016800000,82.14,82.27,81.87,81.92,215524.91,215524.91,17692524.8451,1
2026-04-13T04:00:00+08:00,1776024000000,81.92,82.84,81.87,82.74,426655.74,426655.74,35199976.1473,1
2026-04-13T06:00:00+08:00,1776031200000,82.74,82.77,81.22,81.49,957377.38,957377.38,78299558.2834,1
2026-04-13T08:00:00+08:00,1776038400000,81.49,82.3,81.36,82.27,415731.88,415731.88,34076216.3956,1
2026-04-13T10:00:00+08:00,1776045600000,82.28,82.39,81.7,81.86,282725.04,282725.04,23183804.0755,1
2026-04-13T12:00:00+08:00,1776052800000,81.87,82.22,81.48,81.8,381608.23,381608.23,31227021.3167,1
2026-04-13T14:00:00+08:00,1776060000000,81.8,82.56,81.77,82.12,675685.96,675685.96,55549417.3975,1
2026-04-13T16:00:00+08:00,1776067200000,82.11,82.23,81.68,81.81,531690.62,531690.62,43568094.2202,1
2026-04-13T18:00:00+08:00,1776074400000,81.81,82.01,81.61,81.81,320778.16,320778.16,26241374.172,1
2026-04-13T20:00:00+08:00,1776081600000,81.81,83.64,81.77,83.57,1359416.72,1359416.72,112345890.2338,1
2026-04-13T22:00:00+08:00,1776088800000,83.56,83.79,82.31,82.63,1338713.1,1338713.1,111254380.1882,1
2026-04-14T00:00:00+08:00,1776096000000,82.62,83.81,82.29,83.03,895805.45,895805.45,74563307.9553,1
2026-04-14T02:00:00+08:00,1776103200000,83.03,84.23,82.55,84.07,804929.97,804929.97,67174367.0569,1
2026-04-14T04:00:00+08:00,1776110400000,84.08,84.35,83.79,83.92,543374.37,543374.37,45648432.9432,1
2026-04-14T06:00:00+08:00,1776117600000,83.92,86.8,83.91,86.51,2117437.03,2117437.03,181826171.5798,1
2026-04-14T08:00:00+08:00,1776124800000,86.51,86.74,85.66,85.94,1012543.8,1012543.8,87173006.0138,1
2026-04-14T10:00:00+08:00,1776132000000,85.94,86.39,85.85,86.03,565473.09,565473.09,48697890.1395,1
2026-04-14T12:00:00+08:00,1776139200000,86.03,86.03,85.4,85.48,494811.33,494811.33,42417866.2133,1
2026-04-14T14:00:00+08:00,1776146400000,85.47,86.17,85.47,85.88,713896.17,713896.17,61319548.246,1
2026-04-14T16:00:00+08:00,1776153600000,85.88,86.38,85.7,86.09,427115.35,427115.35,36768951.4975,1
2026-04-14T18:00:00+08:00,1776160800000,86.09,86.57,85.58,85.76,840942.58,840942.58,72335863.946,1
2026-04-14T20:00:00+08:00,1776168000000,85.75,87.38,85.57,87.27,972090.53,972090.53,84110447.4993,1
2026-04-14T22:00:00+08:00,1776175200000,87.27,87.64,85.21,85.92,1812300.22,1812300.22,156351453.6077,1
2026-04-15T00:00:00+08:00,1776182400000,85.92,86.14,84.65,85.2,958352.6,958352.6,81723851.2046,1
2026-04-15T02:00:00+08:00,1776189600000,85.2,85.38,83.65,83.89,1023852.39,1023852.39,86222931.9611,1
2026-04-15T04:00:00+08:00,1776196800000,83.89,84.09,83.34,83.76,504948,504948,42223468.2145,1
2026-04-15T06:00:00+08:00,1776204000000,83.75,84.01,83.22,83.65,744439.91,744439.91,62227476.0423,1
2026-04-15T08:00:00+08:00,1776211200000,83.66,84.02,83.48,83.85,890804.18,890804.18,74567854.4867,1
2026-04-15T10:00:00+08:00,1776218400000,83.85,83.95,83.08,83.4,472131.17,472131.17,39354233.7303,1
2026-04-15T12:00:00+08:00,1776225600000,83.4,83.74,82.85,83.07,654791.32,654791.32,54518861.1792,1
2026-04-15T14:00:00+08:00,1776232800000,83.07,83.17,82.59,82.88,637666.4,637666.4,52835169.4177,1
2026-04-15T16:00:00+08:00,1776240000000,82.88,83.26,82.69,83.11,447045.81,447045.81,37104041.1485,1
2026-04-15T18:00:00+08:00,1776247200000,83.11,83.66,82.86,83.55,818258.28,818258.28,68107211.744,1
2026-04-15T20:00:00+08:00,1776254400000,83.54,83.83,83.16,83.58,602066.74,602066.74,50280612.4157,1
2026-04-15T22:00:00+08:00,1776261600000,83.59,84.46,83.36,83.96,999429.77,999429.77,83917887.5118,1
2026-04-16T00:00:00+08:00,1776268800000,83.95,85.13,83.85,84.68,908736.04,908736.04,76851589.8592,1
2026-04-16T02:00:00+08:00,1776276000000,84.68,85.81,84.56,85.48,561674.3,561674.3,47878023.356,1
2026-04-16T04:00:00+08:00,1776283200000,85.48,85.54,84.13,84.74,502879.14,502879.14,42592456.2208,1
2026-04-16T06:00:00+08:00,1776290400000,84.73,85.57,84.59,84.85,583361.28,583361.28,49579378.3104,1
2026-04-16T08:00:00+08:00,1776297600000,84.86,85.03,84.41,84.82,343540.54,343540.54,29102251.9804,1
2026-04-16T10:00:00+08:00,1776304800000,84.81,85.55,84.67,85.25,489984.75,489984.75,41741785.1045,1
2026-04-16T12:00:00+08:00,1776312000000,85.24,85.53,84.94,85.36,345009.16,345009.16,29414072.7779,1
2026-04-16T14:00:00+08:00,1776319200000,85.36,85.61,85.05,85.16,434159.8,434159.8,37055090.0742,1
2026-04-16T16:00:00+08:00,1776326400000,85.16,85.47,84.86,85.16,619748.67,619748.67,52790388.1876,1
2026-04-16T18:00:00+08:00,1776333600000,85.16,85.2,84.58,85.02,518467.18,518467.18,44048976.518,1
2026-04-16T20:00:00+08:00,1776340800000,85.01,86.24,83.74,84.74,1567773.86,1567773.86,133483250.5609,1
2026-04-16T22:00:00+08:00,1776348000000,84.73,87.1,83.97,86.58,2051427.74,2051427.74,175620215.7301,1
2026-04-17T00:00:00+08:00,1776355200000,86.58,87.06,85.55,86.6,1282462.89,1282462.89,110683644.9596,1
2026-04-17T02:00:00+08:00,1776362400000,86.6,90.1,86.47,90.05,2333882.48,2333882.48,206318065.376,1
2026-04-17T04:00:00+08:00,1776369600000,90.05,90.47,88.69,88.89,1271224.06,1271224.06,113840723.512,1
2026-04-17T06:00:00+08:00,1776376800000,88.89,89.42,88.79,89.01,460639.09,460639.09,41021592.3322,1
2026-04-17T08:00:00+08:00,1776384000000,89.02,89.14,87.87,88.19,708793.81,708793.81,62759532.8471,1
2026-04-17T10:00:00+08:00,1776391200000,88.19,88.32,87.41,87.67,669597.51,669597.51,58748095.6535,1
2026-04-17T12:00:00+08:00,1776398400000,87.67,88.24,87.32,87.35,646170.19,646170.19,56721980.8048,1
2026-04-17T14:00:00+08:00,1776405600000,87.36,88.44,87.31,88.1,449559.09,449559.09,39554430.9019,1
2026-04-17T16:00:00+08:00,1776412800000,88.09,89.47,88.07,88.65,1107990.18,1107990.18,98210336.252,1
2026-04-17T18:00:00+08:00,1776420000000,88.65,88.68,87.31,88.16,981433.23,981433.23,86279082.1749,1
2026-04-17T20:00:00+08:00,1776427200000,88.16,90.49,87.86,90.08,2859575.85,2859575.85,255372756.3517,1
2026-04-17T22:00:00+08:00,1776434400000,90.09,90.74,89.44,89.91,1759735.03,1759735.03,158325884.354,1
2026-04-18T00:00:00+08:00,1776441600000,89.91,90.59,89.04,89.7,1129736.51,1129736.51,101527827.5758,1
2026-04-18T02:00:00+08:00,1776448800000,89.7,89.79,88.83,89.17,487545.8,487545.8,43473482.5533,1
2026-04-18T04:00:00+08:00,1776456000000,89.18,89.32,88.37,89.08,437567.2,437567.2,38905779.2849,1
2026-04-18T06:00:00+08:00,1776463200000,89.07,89.42,88.43,88.71,350381.78,350381.78,31163143.7026,1
2026-04-18T08:00:00+08:00,1776470400000,88.71,89.11,88.62,88.82,294600.18,294600.18,26176049.3519,1
2026-04-18T10:00:00+08:00,1776477600000,88.81,89.04,88.16,88.27,373360.25,373360.25,33085793.2146,1
2026-04-18T12:00:00+08:00,1776484800000,88.28,88.61,88.11,88.35,432197.82,432197.82,38183912.2355,1
2026-04-18T14:00:00+08:00,1776492000000,88.36,88.58,88.26,88.41,244914.26,244914.26,21657132.2899,1
2026-04-18T16:00:00+08:00,1776499200000,88.42,88.47,87.05,87.57,1093239.79,1093239.79,95695345.9897,1
2026-04-18T18:00:00+08:00,1776506400000,87.56,87.58,86.23,86.49,954145.44,954145.44,82861880.9322,1
2026-04-18T20:00:00+08:00,1776513600000,86.48,86.92,86.35,86.68,535244.15,535244.15,46409694.1712,1
2026-04-18T22:00:00+08:00,1776520800000,86.68,86.92,86.4,86.72,387760,387760,33619423.2044,1
2026-04-19T00:00:00+08:00,1776528000000,86.71,86.95,86.41,86.7,379534.37,379534.37,32889386.2368,1
2026-04-19T02:00:00+08:00,1776535200000,86.7,86.7,85.72,86.06,601816.71,601816.71,51816579.7542,1
2026-04-19T04:00:00+08:00,1776542400000,86.06,86.25,85.94,86.15,203488.2,203488.2,17520910.9207,1
2026-04-19T06:00:00+08:00,1776549600000,86.15,86.41,85.84,86.1,322857.57,322857.57,27799541.0431,1
2026-04-19T08:00:00+08:00,1776556800000,86.1,86.32,85.54,85.68,412399.54,412399.54,35414010.9916,1
2026-04-19T10:00:00+08:00,1776564000000,85.69,85.8,85.17,85.55,544406.24,544406.24,46549723.9654,1
2026-04-19T12:00:00+08:00,1776571200000,85.55,85.9,85.06,85.44,597979.39,597979.39,51128084.4916,1
2026-04-19T14:00:00+08:00,1776578400000,85.43,85.61,84.36,84.8,1069802.54,1069802.54,90809218.7822,1
2026-04-19T16:00:00+08:00,1776585600000,84.8,85.09,84.52,84.54,663345.63,663345.63,56233166.5154,1
2026-04-19T18:00:00+08:00,1776592800000,84.54,85.64,84.38,85.54,775640.09,775640.09,65968895.7209,1
2026-04-19T20:00:00+08:00,1776600000000,85.55,86.88,85.5,86.28,1028133.5,1028133.5,88604558.9939,1
2026-04-19T22:00:00+08:00,1776607200000,86.29,87.08,85.54,86.32,1029750.01,1029750.01,88936336.1916,1
2026-04-20T00:00:00+08:00,1776614400000,86.32,86.46,84.95,85.09,651880.55,651880.55,55864508.8449,1
2026-04-20T02:00:00+08:00,1776621600000,85.1,85.52,84.82,85.3,376860.43,376860.43,32094340.5119,1
2026-04-20T04:00:00+08:00,1776628800000,85.29,85.33,84.52,84.67,400831.14,400831.14,34055242.0981,1
2026-04-20T06:00:00+08:00,1776636000000,84.66,84.66,82.88,83.43,1564999.33,1564999.33,130976499.1678,1
2026-04-20T08:00:00+08:00,1776643200000,83.43,84.5,83.29,84.29,532504.31,532504.31,44673343.9831,1
2026-04-20T10:00:00+08:00,1776650400000,84.3,84.55,83.66,84.52,310322.02,310322.02,26113491.8015,1
2026-04-20T12:00:00+08:00,1776657600000,84.53,84.56,83.7,83.81,367137.04,367137.04,30889364.6699,1
2026-04-20T14:00:00+08:00,1776664800000,83.82,85.73,83.73,84.69,983886.19,983886.19,83405109.3525,1
2026-04-20T16:00:00+08:00,1776672000000,84.69,85.21,84.5,85.02,483828.33,483828.33,41039912.1447,1
2026-04-20T18:00:00+08:00,1776679200000,85.03,85.37,84.72,85.02,411535.13,411535.13,35004818.301,1
2026-04-20T20:00:00+08:00,1776686400000,85.02,85.5,84.81,85.27,843877.46,843877.46,71893617.3077,1
2026-04-20T22:00:00+08:00,1776693600000,85.27,85.85,84.36,85.81,1155882.17,1155882.17,98473231.0506,1
2026-04-21T00:00:00+08:00,1776700800000,85.82,86.08,85.22,85.65,529003.45,529003.45,45312093.7743,1
2026-04-21T02:00:00+08:00,1776708000000,85.66,86.19,85.66,85.76,519336.93,519336.93,44641349.8751,1
2026-04-21T04:00:00+08:00,1776715200000,85.76,86.19,85.54,85.76,365988.05,365988.05,31407147.0206,1
2026-04-21T06:00:00+08:00,1776722400000,85.76,86.03,85.17,85.25,301692.02,301692.02,25794742.7277,1
2026-04-21T08:00:00+08:00,1776729600000,85.25,85.79,85.21,85.41,334895.43,334895.43,28633166.8064,1
2026-04-21T10:00:00+08:00,1776736800000,85.41,85.49,84.94,85.13,516336.96,516336.96,43995018.2254,1
2026-04-21T12:00:00+08:00,1776744000000,85.12,85.81,84.98,85.63,473806.61,473806.61,40474152.3963,1
2026-04-21T14:00:00+08:00,1776751200000,85.63,85.96,85.12,85.66,509056.49,509056.49,43570149.6031,1
2026-04-21T16:00:00+08:00,1776758400000,85.67,86.32,85.47,85.85,431534.94,431534.94,37051493.7674,1
2026-04-21T18:00:00+08:00,1776765600000,85.85,86.28,85.68,85.79,412032.28,412032.28,35418760.5078,1
2026-04-21T20:00:00+08:00,1776772800000,85.8,86,85.12,85.77,624200.89,624200.89,53369345.2051,1
2026-04-21T22:00:00+08:00,1776780000000,85.76,86.85,85.34,86,1229810.93,1229810.93,105826297.997,1
2026-04-22T00:00:00+08:00,1776787200000,86,86.25,84.63,85.26,863393.74,863393.74,73766934.1135,1
2026-04-22T02:00:00+08:00,1776794400000,85.26,85.68,84.24,84.51,696389.63,696389.63,59133507.0289,1
2026-04-22T04:00:00+08:00,1776801600000,84.51,85.71,84.4,85.1,563470.92,563470.92,47985438.8094,1
2026-04-22T06:00:00+08:00,1776808800000,85.09,86.09,84.93,85.99,370659.81,370659.81,31690399.2508,1
2026-04-22T08:00:00+08:00,1776816000000,85.99,86.52,85.97,86.23,606674.32,606674.32,52341736.7928,1
2026-04-22T10:00:00+08:00,1776823200000,86.24,87.85,86.16,87.23,1229689.39,1229689.39,107259641.3366,1
2026-04-22T12:00:00+08:00,1776830400000,87.22,88.33,86.94,87.98,1192648.2,1192648.2,104626688.2255,1
2026-04-22T14:00:00+08:00,1776837600000,87.99,88.25,87.67,88.03,686472.97,686472.97,60370118.9587,1
2026-04-22T16:00:00+08:00,1776844800000,88.03,88.83,87.56,88.27,804969.24,804969.24,70970270.0698,1
2026-04-22T18:00:00+08:00,1776852000000,88.26,88.49,88.1,88.28,284889.33,284889.33,25143336.8787,1
2026-04-22T20:00:00+08:00,1776859200000,88.29,89.14,88.18,89.05,757039.15,757039.15,67141748.3535,1
2026-04-22T22:00:00+08:00,1776866400000,89.06,89.28,87.98,88.15,1019678.8,1019678.8,90327519.77,1
2026-04-23T00:00:00+08:00,1776873600000,88.15,88.43,87.48,87.8,648462.04,648462.04,57001580.6563,1
2026-04-23T02:00:00+08:00,1776880800000,87.81,88.34,87.04,87.33,569485.33,569485.33,49899312.2532,1
2026-04-23T04:00:00+08:00,1776888000000,87.34,87.6,87.04,87.53,271075.81,271075.81,23660929.3196,1
2026-04-23T06:00:00+08:00,1776895200000,87.53,87.68,86.73,86.82,401198.13,401198.13,34958608.1063,1
2026-04-23T08:00:00+08:00,1776902400000,86.83,87.11,85.9,86.38,1018865.16,1018865.16,88125804.8889,1
2026-04-23T10:00:00+08:00,1776909600000,86.39,86.41,85.4,85.72,701852.34,701852.34,60255682.0844,1
2026-04-23T12:00:00+08:00,1776916800000,85.71,86.07,85.45,85.83,562535.86,562535.86,48257412.4509,1
2026-04-23T14:00:00+08:00,1776924000000,85.82,86.19,85.79,85.84,429091.57,429091.57,36906868.0498,1
2026-04-23T16:00:00+08:00,1776931200000,85.84,85.88,85.22,85.48,517850.36,517850.36,44319429.0316,1
2026-04-23T18:00:00+08:00,1776938400000,85.47,85.85,85.1,85.77,583389.19,583389.19,49835123.8739,1
2026-04-23T20:00:00+08:00,1776945600000,85.77,86.04,85.51,85.72,623644.6,623644.6,53508756.1617,1
2026-04-23T22:00:00+08:00,1776952800000,85.72,86.6,85.49,86.3,998682.42,998682.42,85993003.008,1
2026-04-24T00:00:00+08:00,1776960000000,86.3,86.37,84.4,85.27,1165800.65,1165800.65,99334534.5809,1
2026-04-24T02:00:00+08:00,1776967200000,85.28,85.6,85.07,85.24,514015.67,514015.67,43859356.4096,1
2026-04-24T04:00:00+08:00,1776974400000,85.24,85.95,85.22,85.74,355302.05,355302.05,30424637.9671,1
2026-04-24T06:00:00+08:00,1776981600000,85.74,86.2,85.56,86.07,424922.85,424922.85,36531269.9531,1
2026-04-24T08:00:00+08:00,1776988800000,86.07,86.31,85.77,86.23,299907.95,299907.95,25816552.8513,1
2026-04-24T10:00:00+08:00,1776996000000,86.23,86.32,85.35,85.64,361672.83,361672.83,31023591.3756,1
2026-04-24T12:00:00+08:00,1777003200000,85.64,85.78,85.08,85.64,669182.08,669182.08,57119631.3726,1
2026-04-24T14:00:00+08:00,1777010400000,85.65,85.69,85.27,85.45,370541.22,370541.22,31664975.5673,1
2026-04-24T16:00:00+08:00,1777017600000,85.45,85.7,84.86,85.43,577359.32,577359.32,49229202.523,1
2026-04-24T18:00:00+08:00,1777024800000,85.42,86.23,85.14,86.14,682268.83,682268.83,58541957.7509,1
2026-04-24T20:00:00+08:00,1777032000000,86.14,86.77,85.8,86.02,1046435.23,1046435.23,90357341.4853,1
2026-04-24T22:00:00+08:00,1777039200000,86.02,86.53,85.47,86.46,586372.15,586372.15,50408920.561,1
2026-04-25T00:00:00+08:00,1777046400000,86.45,86.52,86.03,86.42,349222.15,349222.15,30133356.8141,1
2026-04-25T02:00:00+08:00,1777053600000,86.43,86.49,85.9,86.28,221286.04,221286.04,19083682.3714,1
2026-04-25T04:00:00+08:00,1777060800000,86.27,86.9,86.17,86.41,437725.03,437725.03,37899081.0183,1
2026-04-25T06:00:00+08:00,1777068000000,86.4,86.41,86.05,86.14,222623.55,222623.55,19193591.9502,1
2026-04-25T08:00:00+08:00,1777075200000,86.13,86.31,85.98,86.23,182552.5,182552.5,15725282.2279,1
2026-04-25T10:00:00+08:00,1777082400000,86.22,86.47,86.09,86.4,192758.1,192758.1,16629770.0901,1
2026-04-25T12:00:00+08:00,1777089600000,86.41,86.45,86.08,86.15,173841.55,173841.55,14992785.4744,1
2026-04-25T14:00:00+08:00,1777096800000,86.15,86.61,86.15,86.32,396771.46,396771.46,34266562.7931,1
2026-04-25T16:00:00+08:00,1777104000000,86.32,86.78,86.27,86.52,339702.02,339702.02,29416573.7464,1
2026-04-25T18:00:00+08:00,1777111200000,86.53,86.68,86.2,86.31,283003.78,283003.78,24459956.8103,1
2026-04-25T20:00:00+08:00,1777118400000,86.31,86.62,86.18,86.55,193303.02,193303.02,16702169.2687,1
2026-04-25T22:00:00+08:00,1777125600000,86.55,86.61,86.01,86.17,257453.99,257453.99,22238905.1431,1
2026-04-26T00:00:00+08:00,1777132800000,86.16,86.27,85.46,85.49,537972.59,537972.59,46172377.7086,1
2026-04-26T02:00:00+08:00,1777140000000,85.5,85.76,85.48,85.61,441311.61,441311.61,37785180.7132,1
2026-04-26T04:00:00+08:00,1777147200000,85.62,86.04,85.54,85.84,207987.25,207987.25,17853572.5314,1
2026-04-26T06:00:00+08:00,1777154400000,85.85,86.13,85.8,86.12,124601.53,124601.53,10717858.5849,1
2026-04-26T08:00:00+08:00,1777161600000,86.13,86.15,85.87,85.92,171814.28,171814.28,14778275.1331,1
2026-04-26T10:00:00+08:00,1777168800000,85.92,86.41,85.78,85.95,360360.48,360360.48,31018991.8094,1
2026-04-26T12:00:00+08:00,1777176000000,85.94,86.72,85.89,86.42,789904.6,789904.6,68275902.6416,1
2026-04-26T14:00:00+08:00,1777183200000,86.42,86.62,86.34,86.6,178103.91,178103.91,15398559.7583,1
2026-04-26T16:00:00+08:00,1777190400000,86.59,86.73,86.41,86.49,212070.23,212070.23,18356720.3236,1
2026-04-26T18:00:00+08:00,1777197600000,86.49,86.6,86.38,86.44,166911.24,166911.24,14435342.6279,1
2026-04-26T20:00:00+08:00,1777204800000,86.44,86.46,85.83,86.07,647018.87,647018.87,55690391.3529,1
2026-04-26T22:00:00+08:00,1777212000000,86.06,86.54,85.98,86.51,306015.51,306015.51,26427647.1019,1
2026-04-27T00:00:00+08:00,1777219200000,86.51,86.54,86.22,86.5,245916.75,245916.75,21259048.7261,1
2026-04-27T02:00:00+08:00,1777226400000,86.49,87.2,86.37,86.83,579907.8,579907.8,50353488.3558,1
2026-04-27T04:00:00+08:00,1777233600000,86.84,87.09,86.11,86.78,584154.24,584154.24,50630500.89,1
2026-04-27T06:00:00+08:00,1777240800000,86.78,87.27,86.25,86.86,559323.09,559323.09,48548028.1035,1
2026-04-27T08:00:00+08:00,1777248000000,86.87,87.84,86.5,87.78,1150797.22,1150797.22,100429314.8249,1
2026-04-27T10:00:00+08:00,1777255200000,87.78,88.06,87.33,87.69,595754.53,595754.53,52290823.0368,1
2026-04-27T12:00:00+08:00,1777262400000,87.7,87.81,85.7,85.89,1588845.75,1588845.75,137241923.1035,1
2026-04-27T14:00:00+08:00,1777269600000,85.89,85.97,85.19,85.2,848723.97,848723.97,72609030.07,1
2026-04-27T16:00:00+08:00,1777276800000,85.19,85.57,84.97,85.42,826103.75,826103.75,70438863.8993,1
2026-04-27T18:00:00+08:00,1777284000000,85.41,85.5,85,85.19,461040.71,461040.71,39285636.9019,1
2026-04-27T20:00:00+08:00,1777291200000,85.19,85.34,84.65,85.07,601270.5,601270.5,51103029.8561,1
2026-04-27T22:00:00+08:00,1777298400000,85.07,85.8,83.56,84.1,1566871.33,1566871.33,132613170.8999,1
2026-04-28T00:00:00+08:00,1777305600000,84.09,84.64,83.96,84.4,443644.22,443644.22,37399493.9976,1
2026-04-28T02:00:00+08:00,1777312800000,84.41,84.64,83.77,84.13,318320.09,318320.09,26808846.6999,1
2026-04-28T04:00:00+08:00,1777320000000,84.12,84.44,84.06,84.21,192921.04,192921.04,16248332.6033,1
2026-04-28T06:00:00+08:00,1777327200000,84.22,84.86,84.14,84.76,297084.06,297084.06,25117911.7396,1
2026-04-28T08:00:00+08:00,1777334400000,84.77,84.89,84.35,84.36,281715.9,281715.9,23838240.9528,1
2026-04-28T10:00:00+08:00,1777341600000,84.36,84.59,83.84,84.13,398023.13,398023.13,33501826.6518,1
2026-04-28T12:00:00+08:00,1777348800000,84.12,84.4,83.78,84.15,668848.36,668848.36,56243421.9453,1
2026-04-28T14:00:00+08:00,1777356000000,84.16,84.27,83.57,83.96,516901.96,516901.96,43367879.3227,1
2026-04-28T16:00:00+08:00,1777363200000,83.97,84.14,83.36,83.59,381712.72,381712.72,31967694.1879,1
2026-04-28T18:00:00+08:00,1777370400000,83.58,83.8,83.22,83.36,412730.06,412730.06,34462817.652,1
2026-04-28T20:00:00+08:00,1777377600000,83.36,83.96,83.13,83.5,660872.44,660872.44,55165398.4196,1
2026-04-28T22:00:00+08:00,1777384800000,83.49,83.49,82.9,83.42,602119.75,602119.75,50098080.8259,1
2026-04-29T00:00:00+08:00,1777392000000,83.42,83.77,83.27,83.57,319106.31,319106.31,26652892.2077,1
2026-04-29T02:00:00+08:00,1777399200000,83.57,84.02,83.55,83.84,256751.22,256751.22,21511705.493,1
2026-04-29T04:00:00+08:00,1777406400000,83.85,83.95,83.58,83.68,235769.1,235769.1,19749575.6072,1
2026-04-29T06:00:00+08:00,1777413600000,83.69,84.12,83.53,84.01,564620.74,564620.74,47321032.2333,1
2026-04-29T08:00:00+08:00,1777420800000,84,84.16,83.75,84.03,464636.47,464636.47,39004125.7373,1
2026-04-29T10:00:00+08:00,1777428000000,84.04,84.69,83.88,84.55,479767.2,479767.2,40462393.8127,1
2026-04-29T12:00:00+08:00,1777435200000,84.54,85.03,84.39,84.8,616014.43,616014.43,52227668.7824,1
2026-04-29T14:00:00+08:00,1777442400000,84.8,84.95,84.48,84.66,389303.03,389303.03,32977962.316,1
2026-04-29T16:00:00+08:00,1777449600000,84.67,85.56,84.32,85.26,788120.5,788120.5,66952038.211,1
2026-04-29T18:00:00+08:00,1777456800000,85.27,85.51,84.73,84.86,605727.6,605727.6,51598344.8627,1
2026-04-29T20:00:00+08:00,1777464000000,84.87,84.87,83.56,83.94,1066057.8,1066057.8,89631324.3201,1
2026-04-29T22:00:00+08:00,1777471200000,83.93,83.99,82.89,83.2,1083989.63,1083989.63,90388007.3572,1
2026-04-30T00:00:00+08:00,1777478400000,83.19,83.59,82.67,83.34,755343.25,755343.25,62742993.0309,1
2026-04-30T02:00:00+08:00,1777485600000,83.33,83.42,81.34,82.14,1578125.5,1578125.5,129352580.2796,1
2026-04-30T04:00:00+08:00,1777492800000,82.14,83.19,82.11,82.85,522546.77,522546.77,43141566.4269,1
2026-04-30T06:00:00+08:00,1777500000000,82.86,83.09,82.74,83.02,300550.54,300550.54,24933521.4668,1
2026-04-30T08:00:00+08:00,1777507200000,83.02,83.98,83.02,83.71,776355.34,776355.34,64918712.3473,1
2026-04-30T10:00:00+08:00,1777514400000,83.71,83.94,82.63,83.02,526545.07,526545.07,43795144.3711,1
2026-04-30T12:00:00+08:00,1777521600000,83.02,83.04,82.11,82.54,363904.65,363904.65,30038500.565,1
2026-04-30T14:00:00+08:00,1777528800000,82.54,83.37,82.49,83.32,327861.75,327861.75,27207929.8114,1
2026-04-30T16:00:00+08:00,1777536000000,83.32,83.53,83.03,83.11,326501.98,326501.98,27174328.2094,1
2026-04-30T18:00:00+08:00,1777543200000,83.11,83.34,82.76,82.96,287976.98,287976.98,23910622.3163,1
2026-04-30T20:00:00+08:00,1777550400000,82.96,83.52,82.82,83.15,348024.93,348024.93,28959003.4765,1
2026-04-30T22:00:00+08:00,1777557600000,83.15,83.8,82.62,83.31,558046.56,558046.56,46429267.7632,1
2026-05-01T00:00:00+08:00,1777564800000,83.3,83.39,82.82,82.99,235485.62,235485.62,19558646.2128,1
2026-05-01T02:00:00+08:00,1777572000000,82.99,83.26,82.95,82.99,160955.57,160955.57,13375374.385,1
2026-05-01T04:00:00+08:00,1777579200000,82.99,83.16,82.8,82.83,104059.23,104059.23,8637377.4398,1
2026-05-01T06:00:00+08:00,1777586400000,82.84,83.05,82.74,83.04,168380.11,168380.11,13957614.2852,1
2026-05-01T08:00:00+08:00,1777593600000,83.04,83.64,83.02,83.57,312869.25,312869.25,26080638.1939,1
2026-05-01T10:00:00+08:00,1777600800000,83.58,84.37,83.42,83.87,697715.81,697715.81,58533433.4267,1
2026-05-01T12:00:00+08:00,1777608000000,83.87,84.22,83.64,84.03,485137.2,485137.2,40719554.1542,1
2026-05-01T14:00:00+08:00,1777615200000,84.03,84.15,83.63,83.92,495291.6,495291.6,41516050.8567,1
2026-05-01T16:00:00+08:00,1777622400000,83.92,84.27,83.86,83.92,339886.71,339886.71,28565417.7957,1
2026-05-01T18:00:00+08:00,1777629600000,83.92,84.18,83.64,83.99,228425.03,228425.03,19158667.0534,1
2026-05-01T20:00:00+08:00,1777636800000,83.99,84.82,83.88,84.57,853091.24,853091.24,71979893.4812,1
2026-05-01T22:00:00+08:00,1777644000000,84.57,84.7,83.82,84.42,716541.09,716541.09,60371347.7252,1
2026-05-02T00:00:00+08:00,1777651200000,84.41,84.59,83.86,84.19,377458.41,377458.41,31768646.6397,1
2026-05-02T02:00:00+08:00,1777658400000,84.18,84.28,83.73,83.83,211159.68,211159.68,17726969.9148,1
2026-05-02T04:00:00+08:00,1777665600000,83.84,83.88,83.26,83.67,328296.11,328296.11,27441178.7172,1
2026-05-02T06:00:00+08:00,1777672800000,83.67,83.85,83.51,83.71,250906.15,250906.15,20998162.7155,1
2026-05-02T08:00:00+08:00,1777680000000,83.71,84.01,83.38,84,354048.92,354048.92,29630385.8044,1
2026-05-02T10:00:00+08:00,1777687200000,84,84.2,83.66,83.76,513459.5,513459.5,43096328.7976,1
2026-05-02T12:00:00+08:00,1777694400000,83.76,83.79,83.49,83.63,227951.18,227951.18,19057373.9501,1
2026-05-02T14:00:00+08:00,1777701600000,83.63,83.8,83.51,83.67,154958.57,154958.57,12964034.3283,1
2026-05-02T16:00:00+08:00,1777708800000,83.67,84.11,83.57,83.95,264151.15,264151.15,22159617.5829,1
2026-05-02T18:00:00+08:00,1777716000000,83.95,83.96,83.46,83.64,271463.7,271463.7,22714263.2504,1
2026-05-02T20:00:00+08:00,1777723200000,83.63,84.04,83.62,83.89,479737.65,479737.65,40225202.8684,1
2026-05-02T22:00:00+08:00,1777730400000,83.89,84.04,83.84,83.99,112211.06,112211.06,9419301.3861,1
2026-05-03T00:00:00+08:00,1777737600000,83.99,84.23,83.95,84,211000.77,211000.77,17736288.9677,1
2026-05-03T02:00:00+08:00,1777744800000,83.99,84.26,83.88,84.18,97370.6,97370.6,8188132.4023,1
2026-05-03T04:00:00+08:00,1777752000000,84.18,84.95,84.04,84.52,401065.11,401065.11,33923786.5915,1
2026-05-03T06:00:00+08:00,1777759200000,84.51,84.61,84.02,84.24,378032.15,378032.15,31867673.7575,1
2026-05-03T08:00:00+08:00,1777766400000,84.24,84.28,83.69,83.71,364752.67,364752.67,30617923.8074,1
2026-05-03T10:00:00+08:00,1777773600000,83.7,83.77,83.53,83.61,265477.23,265477.23,22202325.6089,1
2026-05-03T12:00:00+08:00,1777780800000,83.6,83.79,83.52,83.69,230175.39,230175.39,19256786.6105,1
2026-05-03T14:00:00+08:00,1777788000000,83.69,83.96,83.53,83.81,244778.55,244778.55,20503545.7337,1
2026-05-03T16:00:00+08:00,1777795200000,83.82,84.06,83.76,84,220854.13,220854.13,18534451.6719,1
2026-05-03T18:00:00+08:00,1777802400000,84,84.14,83.68,83.89,267523.64,267523.64,22446880.5047,1
2026-05-03T20:00:00+08:00,1777809600000,83.9,84.2,83.9,84.04,219274.87,219274.87,18430798.8698,1
2026-05-03T22:00:00+08:00,1777816800000,84.04,84.4,84.03,84.11,284621.07,284621.07,23973976.9907,1
2026-05-04T00:00:00+08:00,1777824000000,84.11,84.28,83.94,84.15,193327.95,193327.95,16256005.0675,1
2026-05-04T02:00:00+08:00,1777831200000,84.15,84.47,84.05,84.32,120297.3,120297.3,10134759.0182,1
2026-05-04T04:00:00+08:00,1777838400000,84.33,84.7,83.79,84.1,369384.79,369384.79,31135152.2997,1
2026-05-04T06:00:00+08:00,1777845600000,84.1,84.96,83.82,83.87,660166.37,660166.37,55720731.2398,1
2026-05-04T08:00:00+08:00,1777852800000,83.87,84.88,83.3,84.73,1268276.69,1268276.69,106358591.3683,1
2026-05-04T10:00:00+08:00,1777860000000,84.73,85.58,84.68,85.37,1341879.07,1341879.07,114272113.0818,1
2026-05-04T12:00:00+08:00,1777867200000,85.38,85.87,85.29,85.34,803946.09,803946.09,68805092.1984,1
2026-05-04T14:00:00+08:00,1777874400000,85.33,85.37,84.44,84.82,805647.34,805647.34,68326198.5172,1
2026-05-04T16:00:00+08:00,1777881600000,84.81,85.18,84.56,84.99,365737.76,365737.76,31033756.503,1
2026-05-04T18:00:00+08:00,1777888800000,84.99,85.02,83.19,83.89,1856123.38,1856123.38,155620708.4317,1
2026-05-04T20:00:00+08:00,1777896000000,83.89,84.29,83.54,83.94,445324.86,445324.86,37382945.908,1
2026-05-04T22:00:00+08:00,1777903200000,83.94,85.29,83.72,84.43,1507592.7,1507592.7,127459919.9689,1
2026-05-05T00:00:00+08:00,1777910400000,84.44,85.19,83.92,84.91,754244.13,754244.13,63770009.6733,1
2026-05-05T02:00:00+08:00,1777917600000,84.91,85.02,84.33,84.41,332006.65,332006.65,28109716.8832,1
2026-05-05T04:00:00+08:00,1777924800000,84.42,84.46,84,84.37,238127.6,238127.6,20046488.3215,1
2026-05-05T06:00:00+08:00,1777932000000,84.37,84.51,83.95,84.03,220240.27,220240.27,18540133.7553,1
2026-05-05T08:00:00+08:00,1777939200000,84.03,84.43,83.97,84.37,283063.44,283063.44,23838686.8516,1
2026-05-05T10:00:00+08:00,1777946400000,84.36,84.94,84.3,84.73,376481.41,376481.41,31857220.0863,1
2026-05-05T12:00:00+08:00,1777953600000,84.73,85.13,84.56,84.89,569143.47,569143.47,48273609.9994,1
2026-05-05T14:00:00+08:00,1777960800000,84.9,85.04,84.51,84.83,510900.97,510900.97,43315324.9109,1
2026-05-05T16:00:00+08:00,1777968000000,84.84,84.87,84.41,84.5,259155.27,259155.27,21934306.985,1
2026-05-05T18:00:00+08:00,1777975200000,84.5,84.96,84.4,84.94,306850.08,306850.08,26010916.8882,1
2026-05-05T20:00:00+08:00,1777982400000,84.93,86.06,84.86,85.59,1087267.28,1087267.28,93000713.8455,1
2026-05-05T22:00:00+08:00,1777989600000,85.59,85.86,85.14,85.47,981020.56,981020.56,83858833.7253,1
2026-05-06T00:00:00+08:00,1777996800000,85.48,85.66,85,85.44,422833.93,422833.93,36073950.0355,1
2026-05-06T02:00:00+08:00,1778004000000,85.44,86.54,85.4,86.47,610956.44,610956.44,52568161.3851,1
2026-05-06T04:00:00+08:00,1778011200000,86.47,86.92,86.21,86.69,693466.75,693466.75,60047548.715,1
2026-05-06T06:00:00+08:00,1778018400000,86.7,86.96,86.12,86.24,538893.44,538893.44,46595205.9947,1
2026-05-06T08:00:00+08:00,1778025600000,86.24,87,86.06,86.81,563922.96,563922.96,48785932.2287,1
2026-05-06T10:00:00+08:00,1778032800000,86.81,87.43,86.34,87.29,646490.66,646490.66,56233232.8157,1
2026-05-06T12:00:00+08:00,1778040000000,87.29,87.42,86.63,87.35,643026.27,643026.27,55976147.7736,1
2026-05-06T14:00:00+08:00,1778047200000,87.35,87.88,87.12,87.66,576536.34,576536.34,50467314.3534,1
2026-05-06T16:00:00+08:00,1778054400000,87.65,89.62,87.6,89.44,1606019.7,1606019.7,142435785.1417,1
2026-05-06T18:00:00+08:00,1778061600000,89.43,90.04,89.17,89.81,868106.35,868106.35,77755664.2924,1
2026-05-06T20:00:00+08:00,1778068800000,89.82,89.92,88.02,88.28,1425821.91,1425821.91,126781023.227,1
2026-05-06T22:00:00+08:00,1778076000000,88.28,89.01,87.42,88.91,1195850.49,1195850.49,105510282.1417,1
2026-05-07T00:00:00+08:00,1778083200000,88.9,89.46,88.53,88.78,651692.77,651692.77,57965778.6499,1
2026-05-07T02:00:00+08:00,1778090400000,88.78,89.27,88.44,89.21,353646.9,353646.9,31430102.1977,1
2026-05-07T04:00:00+08:00,1778097600000,89.21,89.59,88.87,89.44,402181.35,402181.35,35916993.847,1
2026-05-07T06:00:00+08:00,1778104800000,89.44,89.51,88.61,89.11,327519.52,327519.52,29168436.5464,1
2026-05-07T08:00:00+08:00,1778112000000,89.12,89.22,87.82,88.26,871261.78,871261.78,76983960.9901,1
2026-05-07T10:00:00+08:00,1778119200000,88.27,88.34,87.6,87.71,609361.25,609361.25,53554041.8762,1
2026-05-07T12:00:00+08:00,1778126400000,87.71,88.87,87.65,88.62,631811.5,631811.5,55817250.7741,1
2026-05-07T14:00:00+08:00,1778133600000,88.62,90.39,88.18,90.12,1264866.87,1264866.87,113098521.1976,1
2026-05-07T16:00:00+08:00,1778140800000,90.12,90.22,89.15,89.41,794020.01,794020.01,71141861.1789,1
2026-05-07T18:00:00+08:00,1778148000000,89.42,89.65,88.71,89.5,662195.99,662195.99,59081381.6922,1
2026-05-07T20:00:00+08:00,1778155200000,89.51,90.04,88.31,88.6,1025981.54,1025981.54,91520136.9998,1
2026-05-07T22:00:00+08:00,1778162400000,88.6,88.86,87.74,88.26,1310825.4,1310825.4,115611296.9672,1
2026-05-08T00:00:00+08:00,1778169600000,88.26,88.82,87.9,88.75,779699.58,779699.58,68917157.0091,1
2026-05-08T02:00:00+08:00,1778176800000,88.76,89.04,88.16,88.4,490594.48,490594.48,43444990.7803,1
2026-05-08T04:00:00+08:00,1778184000000,88.4,88.82,87.61,87.93,463301.75,463301.75,40808871.9553,1
2026-05-08T06:00:00+08:00,1778191200000,87.93,88.45,87.64,88.39,377847.86,377847.86,33255327.2674,1
2026-05-08T08:00:00+08:00,1778198400000,88.4,88.61,87.87,88.09,373990,373990,33008817.965,1
2026-05-08T10:00:00+08:00,1778205600000,88.1,88.33,87.56,88.18,586010.76,586010.76,51501016.4075,1
2026-05-08T12:00:00+08:00,1778212800000,88.17,88.37,87.96,87.99,321857.78,321857.78,28380798.0073,1
2026-05-08T14:00:00+08:00,1778220000000,87.99,88.24,87.59,88.18,671712.76,671712.76,59048114.5784,1
2026-05-08T16:00:00+08:00,1778227200000,88.18,88.7,87.96,88.37,875080.89,875080.89,77292931.1564,1
2026-05-08T18:00:00+08:00,1778234400000,88.37,88.72,88.22,88.59,389075.78,389075.78,34451790.2777,1
2026-05-08T20:00:00+08:00,1778241600000,88.6,88.82,87.95,88.27,590952.61,590952.61,52227466.2944,1
2026-05-08T22:00:00+08:00,1778248800000,88.28,89.56,88.28,89.55,1241489.94,1241489.94,110447497.8771,1
2026-05-09T00:00:00+08:00,1778256000000,89.55,91.94,89.3,91.62,2080768.94,2080768.94,188910181.2506,1
2026-05-09T02:00:00+08:00,1778263200000,91.63,92.76,91.6,92.55,1444328.95,1444328.95,133287969.3609,1
2026-05-09T04:00:00+08:00,1778270400000,92.55,92.61,91.68,92.25,633588.76,633588.76,58387203.8001,1
2026-05-09T06:00:00+08:00,1778277600000,92.25,92.66,91.7,91.96,412820.33,412820.33,38031504.89,1
2026-05-09T08:00:00+08:00,1778284800000,91.96,93.8,91.8,93.42,1109903.41,1109903.41,103163039.6818,1
2026-05-09T10:00:00+08:00,1778292000000,93.43,93.74,93.18,93.57,586456.67,586456.67,54822696.9784,1
2026-05-09T12:00:00+08:00,1778299200000,93.57,94.12,92.77,93.68,1025645.97,1025645.97,95829506.7183,1
2026-05-09T14:00:00+08:00,1778306400000,93.69,94.07,93.15,93.68,841250.24,841250.24,78760912.2837,1
2026-05-09T16:00:00+08:00,1778313600000,93.68,93.89,92.99,93.24,573161.79,573161.79,53544022.1552,1
2026-05-09T18:00:00+08:00,1778320800000,93.24,93.63,93.05,93.55,327024.61,327024.61,30536164.9626,1
2026-05-09T20:00:00+08:00,1778328000000,93.55,93.68,92.95,93.41,372525.84,372525.84,34745739.3933,1
2026-05-09T22:00:00+08:00,1778335200000,93.4,93.41,92.33,92.95,832803.15,832803.15,77297285.5764,1
2026-05-10T00:00:00+08:00,1778342400000,92.95,93.48,92.63,93.16,784309.93,784309.93,72943689.6404,1
2026-05-10T02:00:00+08:00,1778349600000,93.16,93.6,93.1,93.46,265310.98,265310.98,24767752.802,1
2026-05-10T04:00:00+08:00,1778356800000,93.46,93.49,93.09,93.42,129237.51,129237.51,12055498.0543,1
2026-05-10T06:00:00+08:00,1778364000000,93.43,93.46,93,93.06,191529.12,191529.12,17847244.0803,1
2026-05-10T08:00:00+08:00,1778371200000,93.06,93.29,92.53,92.91,420239.6,420239.6,39027560.5109,1
2026-05-10T10:00:00+08:00,1778378400000,92.9,93.44,92.75,93.34,492403.98,492403.98,45823463.3239,1
2026-05-10T12:00:00+08:00,1778385600000,93.35,93.48,93.14,93.26,272300.2,272300.2,25409314.1007,1
2026-05-10T14:00:00+08:00,1778392800000,93.27,93.59,93.19,93.39,274167.38,274167.38,25609393.264,1
2026-05-10T16:00:00+08:00,1778400000000,93.39,94.82,93.35,94.26,1312561.05,1312561.05,123642310.1459,1
2026-05-10T18:00:00+08:00,1778407200000,94.26,94.33,92.85,93.49,1229774.64,1229774.64,115059978.1597,1
2026-05-10T20:00:00+08:00,1778414400000,93.5,93.94,93.15,93.72,591886.04,591886.04,55339062.3815,1
2026-05-10T22:00:00+08:00,1778421600000,93.71,94.68,93.62,94.48,985742.37,985742.37,92848371.3352,1
2026-05-11T00:00:00+08:00,1778428800000,94.48,96.47,94.08,96.44,2118376.01,2118376.01,201756490.27,1
2026-05-11T02:00:00+08:00,1778436000000,96.44,96.85,95.68,96.43,1244277.37,1244277.37,119978517.7967,1
2026-05-11T04:00:00+08:00,1778443200000,96.43,96.56,93.36,95.01,1879418.38,1879418.38,178234853.3099,1
2026-05-11T06:00:00+08:00,1778450400000,95,96.92,94.82,96.43,1303610.67,1303610.67,125186892.9528,1
2026-05-11T08:00:00+08:00,1778457600000,96.42,96.64,95.29,96.02,984920.22,984920.22,94549757.8309,1
2026-05-11T10:00:00+08:00,1778464800000,96.02,96.09,94.43,94.73,974506.81,974506.81,92678557.8703,1
2026-05-11T12:00:00+08:00,1778472000000,94.72,95.84,94.39,95.66,720179.61,720179.61,68527817.5499,1
2026-05-11T14:00:00+08:00,1778479200000,95.66,96.13,95.11,95.29,648121.26,648121.26,61941374.9012,1
2026-05-11T16:00:00+08:00,1778486400000,95.29,95.33,94.53,95.24,661033.04,661033.04,62772473.8451,1
2026-05-11T18:00:00+08:00,1778493600000,95.24,95.53,94.86,95.21,463734.65,463734.65,44166627.726,1
2026-05-11T20:00:00+08:00,1778500800000,95.22,95.43,94.46,95.16,976672.26,976672.26,92753149.376,1
2026-05-11T22:00:00+08:00,1778508000000,95.17,96.76,94.23,96.75,1910115.02,1910115.02,182242285.8199,1
2026-05-12T00:00:00+08:00,1778515200000,96.74,97.95,96.44,97.71,1926506.68,1926506.68,187631327.7508,1
2026-05-12T02:00:00+08:00,1778522400000,97.71,98.36,96.96,98.12,882831.63,882831.63,86220030.867,1
2026-05-12T04:00:00+08:00,1778529600000,98.12,98.32,97.25,97.33,459783.77,459783.77,44951989.9273,1
2026-05-12T06:00:00+08:00,1778536800000,97.33,97.78,97.04,97.3,361648.35,361648.35,35223090.4389,1
2026-05-12T08:00:00+08:00,1778544000000,97.3,97.61,95.45,96.22,1298330.67,1298330.67,125300151.6213,1
2026-05-12T10:00:00+08:00,1778551200000,96.21,96.66,95.99,96.09,487904.65,487904.65,47001689.813,1
2026-05-12T12:00:00+08:00,1778558400000,96.09,96.72,96.01,96.5,354535,354535,34165708.1778,1
2026-05-12T14:00:00+08:00,1778565600000,96.51,96.94,95.73,95.99,566497.66,566497.66,54494183.9174,1
2026-05-12T16:00:00+08:00,1778572800000,95.98,96.1,95.25,95.75,1037909.06,1037909.06,99273123.9471,1
2026-05-12T18:00:00+08:00,1778580000000,95.74,95.94,94.55,94.94,1103178.96,1103178.96,104889883.7046,1
2026-05-12T20:00:00+08:00,1778587200000,94.94,95.54,94.32,94.65,1269100.21,1269100.21,120549018.1541,1
2026-05-12T22:00:00+08:00,1778594400000,94.65,95.18,93.57,93.82,1388726.94,1388726.94,130895360.1601,1
2026-05-13T00:00:00+08:00,1778601600000,93.82,94.65,93.55,94.48,762993.77,762993.77,71814332.1045,1
2026-05-13T02:00:00+08:00,1778608800000,94.48,94.96,94.32,94.89,388635.61,388635.61,36785312.0696,1
2026-05-13T04:00:00+08:00,1778616000000,94.88,94.94,94.44,94.63,209266.75,209266.75,19822264.3185,1
2026-05-13T06:00:00+08:00,1778623200000,94.63,94.99,94.18,94.24,247036.54,247036.54,23358091.2342,1
2026-05-13T08:00:00+08:00,1778630400000,94.24,95.4,93.99,95.13,616705.58,616705.58,58472496.7867,1
2026-05-13T10:00:00+08:00,1778637600000,95.12,95.54,94.96,95.5,287973.37,287973.37,27433537.8802,1
2026-05-13T12:00:00+08:00,1778644800000,95.5,95.93,95.02,95.2,640277.04,640277.04,61103602.9246,1
2026-05-13T14:00:00+08:00,1778652000000,95.2,95.67,94.81,95.07,481485.22,481485.22,45835044.5309,1
2026-05-13T16:00:00+08:00,1778659200000,95.08,95.83,94.94,95.65,496361.35,496361.35,47410078.1437,1
2026-05-13T18:00:00+08:00,1778666400000,95.66,95.72,94.19,94.28,759332.56,759332.56,71885885.4714,1
2026-05-13T20:00:00+08:00,1778673600000,94.27,94.59,91.91,92.25,2518913.82,2518913.82,234006547.7286,1
2026-05-13T22:00:00+08:00,1778680800000,92.25,92.3,90.23,90.39,2164614.17,2164614.17,197809097.0928,1
2026-05-14T00:00:00+08:00,1778688000000,90.39,91.23,90.38,90.84,1266599.77,1266599.77,115083937.0689,1
2026-05-14T02:00:00+08:00,1778695200000,90.84,91.4,90.43,90.9,565958.27,565958.27,51460944.3667,1
2026-05-14T04:00:00+08:00,1778702400000,90.9,91.29,90.68,90.82,355486.09,355486.09,32347014.6031,1
2026-05-14T06:00:00+08:00,1778709600000,90.82,91.26,90.58,91.11,238115.73,238115.73,21674211.2177,1
2026-05-14T08:00:00+08:00,1778716800000,91.11,91.38,90.94,91.11,391005.37,391005.37,35644601.5459,1
2026-05-14T10:00:00+08:00,1778724000000,91.1,91.21,89.76,89.88,1016352.76,1016352.76,91804134.1248,1
2026-05-14T12:00:00+08:00,1778731200000,89.89,91.42,89.8,91.23,641896.71,641896.71,58209629.4486,1
2026-05-14T14:00:00+08:00,1778738400000,91.22,91.61,90.63,90.84,923669.65,923669.65,84168962.5592,1
2026-05-14T16:00:00+08:00,1778745600000,90.83,91.24,90.52,90.8,401304.06,401304.06,36473888.017,1
2026-05-14T18:00:00+08:00,1778752800000,90.79,91.09,90.56,90.58,339556.82,339556.82,30841149.014,1
2026-05-14T20:00:00+08:00,1778760000000,90.57,91.43,90.46,90.72,590856.86,590856.86,53798015.4233,1
2026-05-14T22:00:00+08:00,1778767200000,90.71,93.2,90.56,93.1,1433555.54,1433555.54,131986878.2923,1
2026-05-15T00:00:00+08:00,1778774400000,93.09,93.62,92.24,92.97,1432247.84,1432247.84,133187027.8439,1
2026-05-15T02:00:00+08:00,1778781600000,92.97,93.59,92.63,92.86,469070.49,469070.49,43709184.8021,1
2026-05-15T04:00:00+08:00,1778788800000,92.86,92.94,92.32,92.66,273964.73,273964.73,25376414.069,1
2026-05-15T06:00:00+08:00,1778796000000,92.67,92.87,92.03,92.11,332995.18,332995.18,30769459.5073,1
2026-05-15T08:00:00+08:00,1778803200000,92.1,92.61,91.64,91.69,620896.19,620896.19,57201603.971,1
2026-05-15T10:00:00+08:00,1778810400000,91.69,92.42,91.4,92,727478.32,727478.32,66833274.4281,1
2026-05-15T12:00:00+08:00,1778817600000,92,92,90.2,90.55,886041.89,886041.89,80600762.6902,1
2026-05-15T14:00:00+08:00,1778824800000,90.55,91.67,90.41,91.55,817697.88,817697.88,74546951.1059,1
2026-05-15T16:00:00+08:00,1778832000000,91.56,91.6,90.87,91.11,609996.49,609996.49,55624593.6713,1
2026-05-15T18:00:00+08:00,1778839200000,91.12,91.54,90.96,91.21,322377.94,322377.94,29420033.469,1
2026-05-15T20:00:00+08:00,1778846400000,91.2,91.22,88.61,88.85,1387377.64,1387377.64,124534610.4028,1
2026-05-15T22:00:00+08:00,1778853600000,88.85,89.5,88.47,88.99,874094.6,874094.6,77772949.225,1
2026-05-16T00:00:00+08:00,1778860800000,89,89.92,88.74,89.78,536367.1,536367.1,47962359.9514,1
2026-05-16T02:00:00+08:00,1778868000000,89.78,90.06,89.3,89.39,345131.57,345131.57,30953138.1481,1
2026-05-16T04:00:00+08:00,1778875200000,89.38,89.48,88.95,89.02,257124.81,257124.81,22940919.8123,1
2026-05-16T06:00:00+08:00,1778882400000,89.03,89.35,89.02,89.19,124823.59,124823.59,11136827.7065,1
2026-05-16T08:00:00+08:00,1778889600000,89.19,89.4,88.89,89.24,185158.04,185158.04,16510119.3305,1
2026-05-16T10:00:00+08:00,1778896800000,89.24,89.35,88.91,89,169183.02,169183.02,15074133.9636,1
2026-05-16T12:00:00+08:00,1778904000000,89,89.04,88.1,88.53,746741.03,746741.03,66087015.9166,1
2026-05-16T14:00:00+08:00,1778911200000,88.52,88.61,86.65,87.4,1110374.86,1110374.86,97197291.0421,1
2026-05-16T16:00:00+08:00,1778918400000,87.4,87.61,85.71,86,1164201.76,1164201.76,100538787.9031,1
2026-05-16T18:00:00+08:00,1778925600000,86,86.28,85.47,86.06,622165.94,622165.94,53435322.0427,1
2026-05-16T20:00:00+08:00,1778932800000,86.06,86.38,85.96,86.2,403016.25,403016.25,34726513.1869,1
2026-05-16T22:00:00+08:00,1778940000000,86.21,86.65,86.01,86.43,590205.69,590205.69,50919603.2688,1
2026-05-17T00:00:00+08:00,1778947200000,86.43,86.9,86.29,86.73,444699.47,444699.47,38500816.395,1
2026-05-17T02:00:00+08:00,1778954400000,86.72,86.91,86.56,86.63,134973.99,134973.99,11704290.5588,1
2026-05-17T04:00:00+08:00,1778961600000,86.64,86.84,86.43,86.54,148889.05,148889.05,12898114.2194,1
2026-05-17T06:00:00+08:00,1778968800000,86.53,86.65,86.39,86.49,101685.14,101685.14,8799350.2276,1
2026-05-17T08:00:00+08:00,1778976000000,86.49,86.68,85.51,85.7,530938.88,530938.88,45654233.79,1
2026-05-17T10:00:00+08:00,1778983200000,85.7,86.58,85.7,86.45,381560.75,381560.75,32839068.35,1
2026-05-17T12:00:00+08:00,1778990400000,86.45,87.24,86.41,86.86,375414.84,375414.84,32613525.69,1
2026-05-17T14:00:00+08:00,1778997600000,86.85,87.06,86.67,86.93,237887.54,237887.54,20658621.7,1
2026-05-17T16:00:00+08:00,1779004800000,86.93,86.98,86.52,86.83,354031.1,354031.1,30708221.6462,1
2026-05-17T18:00:00+08:00,1779012000000,86.83,87.23,86.72,86.84,465902.76,465902.76,40502571.7164,1
2026-05-17T20:00:00+08:00,1779019200000,86.84,86.97,86.25,86.35,353568.45,353568.45,30603165.5124,1
2026-05-17T22:00:00+08:00,1779026400000,86.35,86.44,85.85,86.38,335868.61,335868.61,28962662.116,1
2026-05-18T00:00:00+08:00,1779033600000,86.39,86.62,85.94,86.19,351775.73,351775.73,30348724.5469,1
2026-05-18T02:00:00+08:00,1779040800000,86.19,86.91,85.96,86.73,214611.91,214611.91,18555343.4444,1
2026-05-18T04:00:00+08:00,1779048000000,86.73,86.94,86.51,86.88,193101.77,193101.77,16748491.8329,1
2026-05-18T06:00:00+08:00,1779055200000,86.88,86.88,83.29,85.17,2328538.8,2328538.8,197245565.5805,1
2026-05-18T08:00:00+08:00,1779062400000,85.17,85.43,84.33,84.92,960143.39,960143.39,81483004.1892,1
2026-05-18T10:00:00+08:00,1779069600000,84.93,85.3,84.67,84.81,348617.82,348617.82,29620882.7482,1
2026-05-18T12:00:00+08:00,1779076800000,84.8,85.33,84.54,84.83,520743.1,520743.1,44252804.2333,1
2026-05-18T14:00:00+08:00,1779084000000,84.83,84.96,84.22,84.69,633864.78,633864.78,53612808.514,1
2026-05-18T16:00:00+08:00,1779091200000,84.7,84.95,84.41,84.43,244553.43,244553.43,20709427.049,1
2026-05-18T18:00:00+08:00,1779098400000,84.43,85.28,84.04,84.93,592010.98,592010.98,50055576.7819,1
2026-05-18T20:00:00+08:00,1779105600000,84.93,85.75,84.25,84.64,930886.49,930886.49,79182878.7029,1
2026-05-18T22:00:00+08:00,1779112800000,84.64,84.64,83.54,84.16,977106.23,977106.23,82070267.9877,1
2026-05-19T00:00:00+08:00,1779120000000,84.16,84.66,83.94,84.36,384196.29,384196.29,32383940.5961,1
2026-05-19T02:00:00+08:00,1779127200000,84.36,85.2,83.42,84.96,799421.24,799421.24,67375833.8763,1
2026-05-19T04:00:00+08:00,1779134400000,84.96,85.63,84.73,85.53,388414.69,388414.69,33088715.742,1
2026-05-19T06:00:00+08:00,1779141600000,85.53,85.74,85.21,85.34,276172.22,276172.22,23599107.9751,1
2026-05-19T08:00:00+08:00,1779148800000,85.34,85.95,84.83,84.83,377807.86,377807.86,32270971.251,1
2026-05-19T10:00:00+08:00,1779156000000,84.83,85.25,84.55,85.02,250542.47,250542.47,21269681.468,1
2026-05-19T12:00:00+08:00,1779163200000,85.02,85.27,84.4,85.14,494600.79,494600.79,41986334.7818,1
2026-05-19T14:00:00+08:00,1779170400000,85.13,85.58,85.06,85.43,335447.35,335447.35,28626429.2995,1
2026-05-19T16:00:00+08:00,1779177600000,85.43,85.55,84.41,84.7,567167.16,567167.16,48193391.8231,1
2026-05-19T18:00:00+08:00,1779184800000,84.7,84.82,84.21,84.32,323564.89,323564.89,27345125.6638,1
2026-05-19T20:00:00+08:00,1779192000000,84.32,85.06,84.21,84.75,472510.92,472510.92,40003820.2346,1
2026-05-19T22:00:00+08:00,1779199200000,84.75,84.9,83.62,84.33,691554.32,691554.32,58244197.5836,1
2026-05-20T00:00:00+08:00,1779206400000,84.32,84.99,84.09,84.64,326603.38,326603.38,27642706.525,1
2026-05-20T02:00:00+08:00,1779213600000,84.63,84.76,84.17,84.3,178517.91,178517.91,15074454.0639,1
2026-05-20T04:00:00+08:00,1779220800000,84.3,84.61,84.26,84.41,167936.06,167936.06,14184072.3787,1
2026-05-20T06:00:00+08:00,1779228000000,84.4,84.55,83.95,84.24,189513.95,189513.95,15962054.5345,1
2026-05-20T08:00:00+08:00,1779235200000,84.25,84.5,83.79,84.31,396465.68,396465.68,33330837.2965,1
2026-05-20T10:00:00+08:00,1779242400000,84.31,84.43,83.79,84.04,257524.46,257524.46,21656819.2824,1
2026-05-20T12:00:00+08:00,1779249600000,84.05,84.9,83.82,84.71,374936.17,374936.17,31659060.4104,1
2026-05-20T14:00:00+08:00,1779256800000,84.72,85.08,84.64,84.71,276906.86,276906.86,23492210.1834,1
2026-05-20T16:00:00+08:00,1779264000000,84.7,85.13,84.65,84.81,234598.74,234598.74,19918356.3712,1
2026-05-20T18:00:00+08:00,1779271200000,84.82,85.15,84.51,84.63,259391.04,259391.04,22010147.9439,1
2026-05-20T20:00:00+08:00,1779278400000,84.64,85.28,84.11,84.63,491708.13,491708.13,41610386.3435,1
2026-05-20T22:00:00+08:00,1779285600000,84.63,86.26,84.27,85.88,1509464.31,1509464.31,129226345.251,1
2026-05-21T00:00:00+08:00,1779292800000,85.88,87.03,85.48,86.46,1111745.05,1111745.05,96004939.8685,1
2026-05-21T02:00:00+08:00,1779300000000,86.46,86.52,85.57,86.13,553383.52,553383.52,47602993.7343,1
2026-05-21T04:00:00+08:00,1779307200000,86.12,86.29,85.48,85.92,325652.04,325652.04,28000509.9529,1
2026-05-21T06:00:00+08:00,1779314400000,85.92,86.17,85.56,86.1,211138.44,211138.44,18129496.6082,1
2026-05-21T08:00:00+08:00,1779321600000,86.1,86.99,86.04,86.5,443002.05,443002.05,38330520.769,1
2026-05-21T10:00:00+08:00,1779328800000,86.49,86.87,86.39,86.81,302272.7,302272.7,26198792.8379,1
2026-05-21T12:00:00+08:00,1779336000000,86.8,87.28,86.29,86.45,651109.41,651109.41,56540161.2697,1
2026-05-21T14:00:00+08:00,1779343200000,86.46,86.67,86.14,86.58,413781.9,413781.9,35746350.9734,1
2026-05-21T16:00:00+08:00,1779350400000,86.59,87.16,86.4,86.44,566858.55,566858.55,49212386.9325,1
2026-05-21T18:00:00+08:00,1779357600000,86.43,86.62,85.53,85.55,715955.84,715955.84,61514663.4748,1
2026-05-21T20:00:00+08:00,1779364800000,85.55,86.09,85.26,86.02,793107.7,793107.7,67932927.0142,1
2026-05-21T22:00:00+08:00,1779372000000,86.01,86.87,85.56,86.41,1000489.62,1000489.62,86332570.7656,1
2026-05-22T00:00:00+08:00,1779379200000,86.42,87.97,85.98,87.58,1332780.57,1332780.57,116249298.5867,1
2026-05-22T02:00:00+08:00,1779386400000,87.57,87.84,86.73,87.78,583406.45,583406.45,50983138.8877,1
2026-05-22T04:00:00+08:00,1779393600000,87.79,87.89,87.27,87.31,269861.27,269861.27,23624320.495,1
2026-05-22T06:00:00+08:00,1779400800000,87.31,87.44,86.95,87.3,257980.1,257980.1,22495572.7257,1
2026-05-22T08:00:00+08:00,1779408000000,87.29,87.3,86.54,87.03,279419.06,279419.06,24284108.399,1
2026-05-22T10:00:00+08:00,1779415200000,87.03,87.27,86.86,86.98,187168.55,187168.55,16292340.3815,1
2026-05-22T12:00:00+08:00,1779422400000,86.98,87.34,86.66,86.75,212882.59,212882.59,18517930.7905,1
2026-05-22T14:00:00+08:00,1779429600000,86.76,87.13,86.44,86.93,559531.14,559531.14,48531331.0273,1
2026-05-22T16:00:00+08:00,1779436800000,86.94,87.49,86.81,87.22,483459.57,483459.57,42145807.6588,1
2026-05-22T18:00:00+08:00,1779444000000,87.22,87.3,86.66,87.28,334260.26,334260.26,29080736.9555,1
2026-05-22T20:00:00+08:00,1779451200000,87.29,87.82,87.04,87.35,700536.78,700536.78,61261393.5103,1
2026-05-22T22:00:00+08:00,1779458400000,87.35,87.35,86.21,86.72,871411,871411,75554242.1445,1
2026-05-23T00:00:00+08:00,1779465600000,86.71,87.15,86.45,86.59,419736.06,419736.06,36432470.6685,1
2026-05-23T02:00:00+08:00,1779472800000,86.59,86.65,83.9,84.5,1708821.5,1708821.5,145346040.8091,1
2026-05-23T04:00:00+08:00,1779480000000,84.51,85.26,84.51,85.14,366963.07,366963.07,31146971.8161,1
2026-05-23T06:00:00+08:00,1779487200000,85.13,85.18,83.93,84.34,606822.34,606822.34,51307481.5261,1
2026-05-23T08:00:00+08:00,1779494400000,84.35,84.6,84.01,84.46,437975.76,437975.76,36938844.213,1
2026-05-23T10:00:00+08:00,1779501600000,84.47,84.69,84.14,84.62,305531.82,305531.82,25797217.1078,1
2026-05-23T12:00:00+08:00,1779508800000,84.63,84.65,84.11,84.4,195318.39,195318.39,16476608.3548,1
2026-05-23T14:00:00+08:00,1779516000000,84.41,84.44,81.35,82.19,1910848.8,1910848.8,158074711.1953,1
2026-05-23T16:00:00+08:00,1779523200000,82.2,82.31,81.66,81.94,1107719.19,1107719.19,90862567.3209,1
2026-05-23T18:00:00+08:00,1779530400000,81.95,82.41,81.94,82.22,271470.67,271470.67,22323628.8229,1
2026-05-23T20:00:00+08:00,1779537600000,82.22,83.46,82.07,83.17,703326.56,703326.56,58243804.792,1
2026-05-23T22:00:00+08:00,1779544800000,83.16,84.52,83.02,84.04,1265220.32,1265220.32,106159731.6554,1
2026-05-24T00:00:00+08:00,1779552000000,84.04,84.31,83.86,84.16,451245.98,451245.98,37940017.2276,1
2026-05-24T02:00:00+08:00,1779559200000,84.17,85.12,84.12,84.91,826548.78,826548.78,70051953.0277,1
2026-05-24T04:00:00+08:00,1779566400000,84.91,87.5,84.73,86.24,1645757.42,1645757.42,142085845.1102,1
2026-05-24T06:00:00+08:00,1779573600000,86.25,86.57,85.46,85.71,437644.6,437644.6,37563494.0822,1
2026-05-24T08:00:00+08:00,1779580800000,85.72,86.18,85.56,85.96,284518.17,284518.17,24436150.438,1
2026-05-24T10:00:00+08:00,1779588000000,85.97,86.07,85.57,85.75,239540.19,239540.19,20559141.998,1
2026-05-24T12:00:00+08:00,1779595200000,85.76,86.12,85.52,86.1,341446.39,341446.39,29315295.544,1
2026-05-24T14:00:00+08:00,1779602400000,86.1,86.68,85.88,86.03,401980.83,401980.83,34659274.8652,1
2026-05-24T16:00:00+08:00,1779609600000,86.03,87,85.97,86.49,547010.49,547010.49,47318375.8243,1
2026-05-24T18:00:00+08:00,1779616800000,86.5,86.9,86.19,86.62,701217.09,701217.09,60634206.3317,1
2026-05-24T20:00:00+08:00,1779624000000,86.63,86.64,85.67,85.86,335583.58,335583.58,28913537.6301,1
2026-05-24T22:00:00+08:00,1779631200000,85.86,85.97,84.39,85.26,753120.51,753120.51,64126443.1854,1
2026-05-25T00:00:00+08:00,1779638400000,85.26,85.85,85.13,85.6,370427.89,370427.89,31683279.5292,1
2026-05-25T02:00:00+08:00,1779645600000,85.6,85.63,85.17,85.32,218802.78,218802.78,18677005.6818,1
2026-05-25T04:00:00+08:00,1779652800000,85.32,85.38,83.57,83.89,688048.88,688048.88,58094965.956,1
2026-05-25T06:00:00+08:00,1779660000000,83.9,85.46,83.87,85.22,536408.3,536408.3,45585698.6446,1
2026-05-25T08:00:00+08:00,1779667200000,85.22,85.6,84.75,84.79,323953.39,323953.39,27628044.5177,1
2026-05-25T10:00:00+08:00,1779674400000,84.8,85.72,84.73,84.88,450768.38,450768.38,38392483.7294,1
2026-05-25T12:00:00+08:00,1779681600000,84.89,86.13,84.86,85.94,484394.33,484394.33,41511748.9172,1
2026-05-25T14:00:00+08:00,1779688800000,85.93,86.13,85.55,85.92,346220.71,346220.71,29703276.1628,1
2026-05-25T16:00:00+08:00,1779696000000,85.92,86.2,85.71,85.89,327268.08,327268.08,28126428.2096,1
2026-05-25T18:00:00+08:00,1779703200000,85.88,86.1,85.66,85.73,212860.39,212860.39,18288725.1496,1
2026-05-25T20:00:00+08:00,1779710400000,85.72,86.03,85.61,85.97,220716.94,220716.94,18950761.1698,1
2026-05-25T22:00:00+08:00,1779717600000,85.97,86.48,85.89,86.21,454595.2,454595.2,39188436.9998,1
2026-05-26T00:00:00+08:00,1779724800000,86.21,86.4,85.93,86.08,283630.05,283630.05,24429370.7034,1
2026-05-26T02:00:00+08:00,1779732000000,86.07,86.26,85.46,85.59,202540.96,202540.96,17385890.6091,1
2026-05-26T04:00:00+08:00,1779739200000,85.58,85.83,85.23,85.33,193832.52,193832.52,16560341.1353,1
2026-05-26T06:00:00+08:00,1779746400000,85.33,85.5,84.64,84.99,479274.13,479274.13,40728036.5267,1
2026-05-26T08:00:00+08:00,1779753600000,85,85.04,83.8,84.05,659800.46,659800.46,55600242.8771,1
2026-05-26T10:00:00+08:00,1779760800000,84.05,84.21,83.78,84.15,265329.22,265329.22,22288505.3445,1
2026-05-26T12:00:00+08:00,1779768000000,84.15,84.92,83.94,84.6,389521.01,389521.01,32895393.1378,1
2026-05-26T14:00:00+08:00,1779775200000,84.59,84.78,84.05,84.3,326812.25,326812.25,27565252.2287,1
2026-05-26T16:00:00+08:00,1779782400000,84.3,84.67,84.27,84.42,228789.8,228789.8,19318070.1857,1
2026-05-26T18:00:00+08:00,1779789600000,84.43,85.78,84.31,85.17,788157.8,788157.8,67288716.3484,1
2026-05-26T20:00:00+08:00,1779796800000,85.17,85.74,84.65,85.47,672477.44,672477.44,57232074.118,1
2026-05-26T22:00:00+08:00,1779804000000,85.48,86.1,83.95,84.42,1422718.26,1422718.26,121034974.9159,1
2026-05-27T00:00:00+08:00,1779811200000,84.42,84.52,83.08,83.52,1135512.69,1135512.69,95138418.557,1
2026-05-27T02:00:00+08:00,1779818400000,83.51,84.02,83.29,83.71,388273.35,388273.35,32495373.4372,1
2026-05-27T04:00:00+08:00,1779825600000,83.72,83.91,83.51,83.65,205174.1,205174.1,17184051.1884,1
2026-05-27T06:00:00+08:00,1779832800000,83.64,83.81,83.47,83.66,176809.66,176809.66,14791578.8885,1
2026-05-27T08:00:00+08:00,1779840000000,83.66,84.15,83.66,83.8,249717.62,249717.62,20953984.9916,1
2026-05-27T10:00:00+08:00,1779847200000,83.81,84.02,83.43,83.58,270527.55,270527.55,22646896.9543,1
2026-05-27T12:00:00+08:00,1779854400000,83.57,83.88,82.77,83.83,625539.21,625539.21,52107460.4199,1
2026-05-27T14:00:00+08:00,1779861600000,83.83,84.15,83.68,84.14,223382.24,223382.24,18747075.418,1
2026-05-27T16:00:00+08:00,1779868800000,84.14,84.38,83.56,83.74,316578.34,316578.34,26579866.4191,1
2026-05-27T18:00:00+08:00,1779876000000,83.73,84.18,83.62,83.87,245954.45,245954.45,20642362.4863,1
2026-05-27T20:00:00+08:00,1779883200000,83.88,84.64,82.92,83.58,842540.79,842540.79,70544717.2024,1
2026-05-27T22:00:00+08:00,1779890400000,83.58,84.78,83.17,84.4,1036077.76,1036077.76,87021563.1172,1
2026-05-28T00:00:00+08:00,1779897600000,84.39,84.7,83.11,83.36,675253.58,675253.58,56590977.0816,1
2026-05-28T02:00:00+08:00,1779904800000,83.36,84.09,83.15,83.88,356221.03,356221.03,29819132.3632,1
2026-05-28T04:00:00+08:00,1779912000000,83.87,84.1,82.06,82.42,634464.97,634464.97,52602232.2144,1
2026-05-28T06:00:00+08:00,1779919200000,82.42,82.97,82.14,82.38,490840.64,490840.64,40485814.6954,1
2026-05-28T08:00:00+08:00,1779926400000,82.37,82.72,81.87,82.22,527685.34,527685.34,43436706.8462,1
2026-05-28T10:00:00+08:00,1779933600000,82.23,82.39,80.45,80.65,1618199.73,1618199.73,131489548.7805,1
2026-05-28T12:00:00+08:00,1779940800000,80.65,80.93,79.93,80.64,1040164.62,1040164.62,83706505.0288,1
2026-05-28T14:00:00+08:00,1779948000000,80.64,81.24,80.46,81.2,444651.91,444651.91,35982275.8831,1
2026-05-28T16:00:00+08:00,1779955200000,81.2,81.25,80.77,81.16,264816.16,264816.16,21457518.5145,1
2026-05-28T18:00:00+08:00,1779962400000,81.17,81.27,80.53,80.82,393910.7,393910.7,31842467.4247,1
2026-05-28T20:00:00+08:00,1779969600000,80.83,81.33,80.48,80.75,568002.54,568002.54,45916941.0959,1
2026-05-28T22:00:00+08:00,1779976800000,80.74,81.61,79.94,81.09,1065691.22,1065691.22,86128105.147,1
2026-05-29T00:00:00+08:00,1779984000000,81.09,82.59,80.87,82.25,666662.37,666662.37,54588299.3363,1
2026-05-29T02:00:00+08:00,1779991200000,82.25,82.97,82.11,82.14,458951.54,458951.54,37906162.0493,1
2026-05-29T04:00:00+08:00,1779998400000,82.13,82.64,81.73,82.38,332765.9,332765.9,27380237.8616,1
2026-05-29T06:00:00+08:00,1780005600000,82.39,82.58,81.86,82.08,264311.3,264311.3,21698922.3962,1
2026-05-29T08:00:00+08:00,1780012800000,82.07,82.43,82.01,82.16,206988.58,206988.58,17021833.9199,1
2026-05-29T10:00:00+08:00,1780020000000,82.16,82.27,81.41,81.58,337175.83,337175.83,27562075.6285,1
2026-05-29T12:00:00+08:00,1780027200000,81.59,82.16,81.33,82.04,225710.63,225710.63,18460252.7153,1
2026-05-29T14:00:00+08:00,1780034400000,82.03,82.46,81.85,82.19,337563.36,337563.36,27741869.3102,1
2026-05-29T16:00:00+08:00,1780041600000,82.19,82.6,82.12,82.4,280133.26,280133.26,23068883.0822,1
2026-05-29T18:00:00+08:00,1780048800000,82.4,82.4,81.46,81.73,290426.02,290426.02,23804264.3834,1
2026-05-29T20:00:00+08:00,1780056000000,81.72,81.74,81.04,81.39,419618.66,419618.66,34166971.7371,1
2026-05-29T22:00:00+08:00,1780063200000,81.4,83.2,80.3,82.52,1680937.68,1680937.68,137524520.5674,1
2026-05-30T00:00:00+08:00,1780070400000,82.52,83.19,82.15,82.74,685874.84,685874.84,56782610.0334,1
2026-05-30T02:00:00+08:00,1780077600000,82.74,82.95,81.53,82.01,448870.86,448870.86,36882255.1519,1
2026-05-30T04:00:00+08:00,1780084800000,82.01,82.37,81.65,81.66,207729.78,207729.78,17049382.6575,1
2026-05-30T06:00:00+08:00,1780092000000,81.67,82.07,81.55,81.99,217448.97,217448.97,17791557.3674,1
2026-05-30T08:00:00+08:00,1780099200000,81.98,82.94,81.9,82.77,286050.77,286050.77,23593464.3457,1
2026-05-30T10:00:00+08:00,1780106400000,82.78,83.05,82.59,82.64,286709.55,286709.55,23750039.7634,1
2026-05-30T12:00:00+08:00,1780113600000,82.64,82.77,81.82,82.56,496905.94,496905.94,40908653.7967,1
2026-05-30T14:00:00+08:00,1780120800000,82.57,82.7,82.21,82.34,149940.95,149940.95,12360099.8502,1
2026-05-30T16:00:00+08:00,1780128000000,82.34,82.36,82.14,82.28,86880.79,86880.79,7146210.1126,1
2026-05-30T18:00:00+08:00,1780135200000,82.28,82.51,82.17,82.28,133141.23,133141.23,10965077.2498,1
2026-05-30T20:00:00+08:00,1780142400000,82.28,82.52,82.19,82.44,147480.18,147480.18,12145325.6927,1
2026-05-30T22:00:00+08:00,1780149600000,82.44,82.88,82.4,82.63,285078.71,285078.71,23545886.4106,1
2026-05-31T00:00:00+08:00,1780156800000,82.63,83.01,82.58,83,232028.44,232028.44,19215115.411,1
2026-05-31T02:00:00+08:00,1780164000000,83.01,83.1,82.73,82.94,168859.64,168859.64,14004293.2868,1
2026-05-31T04:00:00+08:00,1780171200000,82.95,83.14,82.81,82.97,138757.92,138757.92,11514098.2569,1
2026-05-31T06:00:00+08:00,1780178400000,82.97,82.97,82.4,82.69,242380.7,242380.7,20026642.8783,1
2026-05-31T08:00:00+08:00,1780185600000,82.69,83.18,82.57,82.97,245407.58,245407.58,20353048.5133,1
2026-05-31T10:00:00+08:00,1780192800000,82.97,83.39,82.83,83.19,277181.57,277181.57,23046349.7299,1
2026-05-31T12:00:00+08:00,1780200000000,83.19,83.25,82.94,82.98,122048.76,122048.76,10141917.0063,1
2026-05-31T14:00:00+08:00,1780207200000,82.99,82.99,82.46,82.63,211086.35,211086.35,17462310.2276,1
2026-05-31T16:00:00+08:00,1780214400000,82.63,83.02,82.54,82.69,193471.03,193471.03,16008648.1569,1
2026-05-31T18:00:00+08:00,1780221600000,82.69,82.81,82.43,82.69,226705.55,226705.55,18733534.9391,1
2026-05-31T20:00:00+08:00,1780228800000,82.69,83.08,82.52,82.72,169699.94,169699.94,14053405.4049,1
2026-05-31T22:00:00+08:00,1780236000000,82.71,82.72,81.72,81.83,689192.53,689192.53,56569245.8264,1
2026-06-01T00:00:00+08:00,1780243200000,81.83,82,81.37,81.81,429197.43,429197.43,35046296.0152,1
2026-06-01T02:00:00+08:00,1780250400000,81.81,81.82,81.29,81.54,175480.59,175480.59,14316090.2197,1
2026-06-01T04:00:00+08:00,1780257600000,81.55,82.34,81.55,82.26,226878.43,226878.43,18588956.4932,1
2026-06-01T06:00:00+08:00,1780264800000,82.27,82.88,81.91,82.4,449740.1,449740.1,37053962.1226,1
2026-06-01T08:00:00+08:00,1780272000000,82.41,83.08,81.68,81.71,611521.04,611521.04,50475732.2412,1
2026-06-01T10:00:00+08:00,1780279200000,81.71,82.94,81.57,82.58,488003.41,488003.41,40250060.1751,1
2026-06-01T12:00:00+08:00,1780286400000,82.59,82.73,81.56,81.77,466299.74,466299.74,38214005.5124,1
2026-06-01T14:00:00+08:00,1780293600000,81.77,81.81,80.57,80.66,672591.21,672591.21,54616634.597,1
2026-06-01T16:00:00+08:00,1780300800000,80.67,81.24,80.4,81.03,502912.45,502912.45,40666985.974,1
2026-06-01T18:00:00+08:00,1780308000000,81.04,81.18,80.57,80.78,327404.66,327404.66,26494634.73,1
2026-06-01T20:00:00+08:00,1780315200000,80.78,81.04,79.25,79.79,1351179.25,1351179.25,108344354.4943,1
2026-06-01T22:00:00+08:00,1780322400000,79.8,80.07,79.15,79.57,870827.42,870827.42,69350151.9772,1
2026-06-02T00:00:00+08:00,1780329600000,79.56,81.17,79.06,80.89,1048643.81,1048643.81,84149716.954,1
2026-06-02T02:00:00+08:00,1780336800000,80.88,81.29,80.53,81.16,339214.03,339214.03,27453127.6096,1
2026-06-02T04:00:00+08:00,1780344000000,81.15,81.24,80.47,80.64,422971.04,422971.04,34207704.8622,1
2026-06-02T06:00:00+08:00,1780351200000,80.64,81.59,80.28,81.24,560619.56,560619.56,45446568.5816,1
2026-06-02T08:00:00+08:00,1780358400000,81.24,81.26,79.99,80.07,429819.44,429819.44,34659323.5729,1
2026-06-02T10:00:00+08:00,1780365600000,80.08,81,79.32,80.87,680978.94,680978.94,54622766.7203,1
2026-06-02T12:00:00+08:00,1780372800000,80.87,80.98,79.5,79.59,538093.7,538093.7,43194600.4667,1
2026-06-02T14:00:00+08:00,1780380000000,79.58,79.89,79.09,79.63,700177.84,700177.84,55688840.1361,1
2026-06-02T16:00:00+08:00,1780387200000,79.62,79.76,78.72,79.05,656267.16,656267.16,51970875.0861,1
2026-06-02T18:00:00+08:00,1780394400000,79.05,79.45,78.81,78.9,398765.55,398765.55,31562897.143,1
2026-06-02T20:00:00+08:00,1780401600000,78.89,79.19,78.61,78.9,599686.58,599686.58,47319117.6006,1
2026-06-02T22:00:00+08:00,1780408800000,78.9,78.93,75.44,76.34,2944426.49,2944426.49,226826997.8804,1
2026-06-03T00:00:00+08:00,1780416000000,76.33,77.61,76.1,76.78,1030634.86,1030634.86,79277323.8255,1
2026-06-03T02:00:00+08:00,1780423200000,76.78,77.03,74.32,75.46,1285416.2,1285416.2,97073479.3153,1
2026-06-03T04:00:00+08:00,1780430400000,75.47,76.02,74.71,75.6,547809.71,547809.71,41315739.2226,1
2026-06-03T06:00:00+08:00,1780437600000,75.61,75.61,72.65,74.18,2112303.09,2112303.09,156146448.1091,1
2026-06-03T08:00:00+08:00,1780444800000,74.18,75.08,73.94,74.68,967239.76,967239.76,72169041.0422,1
2026-06-03T10:00:00+08:00,1780452000000,74.69,74.75,72.21,72.66,1292708,1292708,94926571.8336,1
2026-06-03T12:00:00+08:00,1780459200000,72.66,74.85,72.64,74.67,1223454.87,1223454.87,90591136.6515,1
2026-06-03T14:00:00+08:00,1780466400000,74.67,75.38,74.61,75.21,833936.44,833936.44,62569640.5215,1
2026-06-03T16:00:00+08:00,1780473600000,75.2,75.36,74.66,74.95,597017.43,597017.43,44759820.935,1
2026-06-03T18:00:00+08:00,1780480800000,74.94,75.66,74.91,75.07,572301.97,572301.97,43127548.8485,1
2026-06-03T20:00:00+08:00,1780488000000,75.07,75.32,74.34,74.52,715269.48,715269.48,53522826.759,1
2026-06-03T22:00:00+08:00,1780495200000,74.51,74.56,73.2,73.26,1265140.95,1265140.95,93535401.6648,1
2026-06-04T00:00:00+08:00,1780502400000,73.26,74.07,71.97,73.13,2023672.39,2023672.39,147466999.2137,1
2026-06-04T02:00:00+08:00,1780509600000,73.13,73.44,71.64,71.94,1171106.82,1171106.82,84807620.0166,1
2026-06-04T04:00:00+08:00,1780516800000,71.94,72.81,70.81,72.76,1529431.84,1529431.84,109752902.2186,1
2026-06-04T06:00:00+08:00,1780524000000,72.76,73.13,71.52,71.57,722613.58,722613.58,52094814.265,1
2026-06-04T08:00:00+08:00,1780531200000,71.58,72.06,68.34,68.57,2741570.58,2741570.58,191814552.6682,1
2026-06-04T10:00:00+08:00,1780538400000,68.57,71.58,66.59,71.42,3449369.18,3449369.18,238119615.6439,1
2026-06-04T12:00:00+08:00,1780545600000,71.42,71.72,69.84,70.29,1126042.89,1126042.89,79515405.055,1
2026-06-04T14:00:00+08:00,1780552800000,70.28,71.18,69.07,69.1,1054194.87,1054194.87,73879506.5163,1
2026-06-04T16:00:00+08:00,1780560000000,69.09,69.4,67.68,68.81,1762051.79,1762051.79,120829689.0045,1
2026-06-04T18:00:00+08:00,1780567200000,68.82,68.9,67.34,68.64,1515322.33,1515322.33,103189473.7585,1
2026-06-04T20:00:00+08:00,1780574400000,68.65,70.53,68.26,70.32,1696300.55,1696300.55,118024655.7455,1
2026-06-04T22:00:00+08:00,1780581600000,70.32,70.6,69.35,69.61,1024392.97,1024392.97,71607974.7553,1
2026-06-05T00:00:00+08:00,1780588800000,69.61,69.7,68.45,69.2,862055.78,862055.78,59614744.8,1
2026-06-05T02:00:00+08:00,1780596000000,69.2,69.85,68.6,69.05,725750.97,725750.97,50317216.7592,1
2026-06-05T04:00:00+08:00,1780603200000,69.04,69.1,67.55,67.74,721815.24,721815.24,49365057.1446,1
2026-06-05T06:00:00+08:00,1780610400000,67.73,68.88,67.51,68.81,812473.2,812473.2,55387231.6478,1
2026-06-05T08:00:00+08:00,1780617600000,68.81,69.06,67.51,68.45,1008768.93,1008768.93,68939928.5745,1
2026-06-05T10:00:00+08:00,1780624800000,68.46,68.57,66.88,67.05,1301017.95,1301017.95,87827220.5843,1
2026-06-05T12:00:00+08:00,1780632000000,67.06,68.04,66.01,66.17,1836870.19,1836870.19,123243845.1585,1
2026-06-05T14:00:00+08:00,1780639200000,66.17,66.5,63.75,66.12,3633098.53,3633098.53,236325332.7994,1
2026-06-05T16:00:00+08:00,1780646400000,66.12,66.55,65.03,66.5,1433294.98,1433294.98,94313752.0529,1
2026-06-05T18:00:00+08:00,1780653600000,66.49,66.77,65.76,66.02,989683.3,989683.3,65613278.6902,1
2026-06-05T20:00:00+08:00,1780660800000,66.02,66.78,64.24,64.28,1646777.78,1646777.78,108209607.1305,1
2026-06-05T22:00:00+08:00,1780668000000,64.28,65.82,63.72,64.21,3003713.76,3003713.76,194279081.9978,1
2026-06-06T00:00:00+08:00,1780675200000,64.2,66.02,63.11,65.06,2758829.96,2758829.96,178458577.5759,1
2026-06-06T02:00:00+08:00,1780682400000,65.06,65.35,61.39,63.38,2761195.61,2761195.61,174037648.8973,1
2026-06-06T04:00:00+08:00,1780689600000,63.38,65.36,62.63,64.84,1429341.46,1429341.46,91870459.974,1
2026-06-06T06:00:00+08:00,1780696800000,64.84,64.86,62.59,63.6,1310305.25,1310305.25,83733626.4599,1
2026-06-06T08:00:00+08:00,1780704000000,63.6,64.82,63.57,63.78,806349.04,806349.04,51843155.245,1
2026-06-06T10:00:00+08:00,1780711200000,63.78,63.89,62.48,62.79,929660.17,929660.17,58786586.5011,1
2026-06-06T12:00:00+08:00,1780718400000,62.79,63.07,60.02,62.55,3383018.69,3383018.69,207892837.0046,1
2026-06-06T14:00:00+08:00,1780725600000,62.56,63.31,62.02,62.74,1466995.74,1466995.74,92032353.0792,1
2026-06-06T16:00:00+08:00,1780732800000,62.75,63.55,62.43,62.65,890477.67,890477.67,56135848.1446,1
2026-06-06T18:00:00+08:00,1780740000000,62.65,62.66,61.13,62.38,1375699.06,1375699.06,85113906.519,1
2026-06-06T20:00:00+08:00,1780747200000,62.38,63.05,61.97,62.39,850437.27,850437.27,53182797.6888,1
2026-06-06T22:00:00+08:00,1780754400000,62.4,62.88,61.26,62,1042929.77,1042929.77,64710477.6901,1
2026-06-07T00:00:00+08:00,1780761600000,61.99,62.37,61.3,61.58,1072276.45,1072276.45,66267004.557,1
2026-06-07T02:00:00+08:00,1780768800000,61.57,62.15,61.36,61.58,579621.2,579621.2,35796336.1046,1
2026-06-07T04:00:00+08:00,1780776000000,61.58,62.33,61.31,61.86,604336.09,604336.09,37324272.2458,1
2026-06-07T06:00:00+08:00,1780783200000,61.85,62.27,61.41,62.15,470647.55,470647.55,29093322.6586,1
2026-06-07T08:00:00+08:00,1780790400000,62.16,63.81,61.91,63.62,1157879.03,1157879.03,72969184.7003,1
2026-06-07T10:00:00+08:00,1780797600000,63.62,64.18,63.02,63.78,900315.06,900315.06,57229062.7901,1
2026-06-07T12:00:00+08:00,1780804800000,63.78,64.44,63.24,64.2,956845.41,956845.41,61252143.0039,1
2026-06-07T14:00:00+08:00,1780812000000,64.2,64.96,63.97,64.87,932798.86,932798.86,60311696.2219,1
2026-06-07T16:00:00+08:00,1780819200000,64.87,66.04,64.43,64.96,1539207.32,1539207.32,100496317.6243,1
2026-06-07T18:00:00+08:00,1780826400000,64.97,65.16,64.35,64.97,870850.51,870850.51,56383790.7123,1
2026-06-07T20:00:00+08:00,1780833600000,64.96,65.03,63.58,64.28,1382484.41,1382484.41,88635493.7246,1
2026-06-07T22:00:00+08:00,1780840800000,64.27,65.29,64.26,64.93,753396.04,753396.04,48842582.3703,1
2026-06-08T00:00:00+08:00,1780848000000,64.92,65.58,64.69,65.25,624807.09,624807.09,40724029.8469,1
2026-06-08T02:00:00+08:00,1780855200000,65.26,65.53,63.56,63.87,921991.32,921991.32,59337833.0165,1
2026-06-08T04:00:00+08:00,1780862400000,63.87,64.86,63.67,64.55,517507.5,517507.5,33321853.7675,1
2026-06-08T06:00:00+08:00,1780869600000,64.56,67.9,64.45,66.46,2188384.03,2188384.03,145369479.2374,1
2026-06-08T08:00:00+08:00,1780876800000,66.45,67.07,65.33,66.13,1124404.78,1124404.78,74390508.3049,1
2026-06-08T10:00:00+08:00,1780884000000,66.13,66.7,66,66.3,673611.7,673611.7,44664772.5488,1
2026-06-08T12:00:00+08:00,1780891200000,66.3,66.37,64.92,65.28,734400.66,734400.66,48066845.3216,1
2026-06-08T14:00:00+08:00,1780898400000,65.28,66.18,65.23,66.07,655909.81,655909.81,43078110.2879,1
2026-06-08T16:00:00+08:00,1780905600000,66.06,66.34,65.4,66.31,590414.76,590414.76,38902736.5682,1
2026-06-08T18:00:00+08:00,1780912800000,66.32,67.02,65.75,66.64,912038.28,912038.28,60561811.0968,1
2026-06-08T20:00:00+08:00,1780920000000,66.65,67.28,65.9,66.74,1320352.41,1320352.41,88014966.2957,1
2026-06-08T22:00:00+08:00,1780927200000,66.74,67.78,66.39,67.14,1371069.06,1371069.06,92098829.2316,1
2026-06-09T00:00:00+08:00,1780934400000,67.15,67.72,66.5,67.34,859394.46,859394.46,57617641.7783,1
2026-06-09T02:00:00+08:00,1780941600000,67.34,67.78,67.11,67.42,578292.01,578292.01,39009875.9822,1
2026-06-09T04:00:00+08:00,1780948800000,67.42,68.14,66.88,67.43,739219.68,739219.68,49875518.3668,1
2026-06-09T06:00:00+08:00,1780956000000,67.43,67.43,66.6,66.79,545360.07,545360.07,36527016.5617,1
2026-06-09T08:00:00+08:00,1780963200000,66.78,66.84,65.23,65.93,1378062.52,1378062.52,90691023.6911,1
2026-06-09T10:00:00+08:00,1780970400000,65.93,66.06,65.48,65.98,398254.09,398254.09,26202729.7291,1
2026-06-09T12:00:00+08:00,1780977600000,65.97,67.37,65.77,67.15,1080691.55,1080691.55,72257442.7239,1
2026-06-09T14:00:00+08:00,1780984800000,67.15,67.44,66.57,66.85,600972.75,600972.75,40264810.0415,1
2026-06-09T16:00:00+08:00,1780992000000,66.86,66.89,66.01,66.14,841191.82,841191.82,55896043.0115,1
2026-06-09T18:00:00+08:00,1780999200000,66.14,66.45,65.85,66.07,660981.88,660981.88,43698805.2123,1
2026-06-09T20:00:00+08:00,1781006400000,66.07,66.48,65.55,65.8,1023900.84,1023900.84,67596084.3701,1
2026-06-09T22:00:00+08:00,1781013600000,65.8,65.96,64.22,64.29,2301262.22,2301262.22,149232964.1362,1
2026-06-10T00:00:00+08:00,1781020800000,64.28,65.14,63.51,64.76,1817447.83,1817447.83,116827917.1949,1
2026-06-10T02:00:00+08:00,1781028000000,64.76,65.63,64.63,65.37,746582.73,746582.73,48684348.062,1
2026-06-10T04:00:00+08:00,1781035200000,65.38,65.68,64.83,64.97,414978.23,414978.23,27106089.9507,1
2026-06-10T06:00:00+08:00,1781042400000,64.98,65.33,64.64,64.92,352570.62,352570.62,22896770.9283,1
2026-06-10T08:00:00+08:00,1781049600000,64.93,65.26,64.44,65.06,414882.66,414882.66,26950669.4367,1
2026-06-10T10:00:00+08:00,1781056800000,65.06,65.21,64.2,64.49,470661.39,470661.39,30381754.8044,1
2026-06-10T12:00:00+08:00,1781064000000,64.48,64.61,63.87,64.08,422745.52,422745.52,27128805.5416,1
2026-06-10T14:00:00+08:00,1781071200000,64.09,64.74,63.78,64.45,573711.38,573711.38,36869694.7233,1
2026-06-10T16:00:00+08:00,1781078400000,64.46,64.49,63.02,63.6,925322,925322,58866387.3018,1
2026-06-10T18:00:00+08:00,1781085600000,63.61,63.78,62.89,63.46,991027.14,991027.14,62781874.1316,1
2026-06-10T20:00:00+08:00,1781092800000,63.47,65.51,63.26,65.03,1794478.19,1794478.19,115673540.4955,1
2026-06-10T22:00:00+08:00,1781100000000,65.04,65.79,64.51,65.39,1423629.1,1423629.1,92586866.1441,1
2026-06-11T00:00:00+08:00,1781107200000,65.4,65.44,63.58,64,1143834.59,1143834.59,73686855.1386,1
2026-06-11T02:00:00+08:00,1781114400000,64.01,64.18,63.31,63.51,760708.7,760708.7,48438107.1893,1
2026-06-11T04:00:00+08:00,1781121600000,63.51,63.62,62.29,62.54,765805.19,765805.19,48257957.8061,1
2026-06-11T06:00:00+08:00,1781128800000,62.55,63.26,62.32,63.16,826966.04,826966.04,51891369.7246,1
2026-06-11T08:00:00+08:00,1781136000000,63.15,65.14,63.15,64.87,1041660.1,1041660.1,66985530.311,1
2026-06-11T10:00:00+08:00,1781143200000,64.87,65.46,64.29,65.23,914318.65,914318.65,59258350.6799,1
2026-06-11T12:00:00+08:00,1781150400000,65.22,65.32,64.87,64.94,450230.13,450230.13,29308484.0406,1
2026-06-11T14:00:00+08:00,1781157600000,64.93,65.4,64.74,65.01,582791.22,582791.22,37924382.0505,1
2026-06-11T16:00:00+08:00,1781164800000,65,65.52,64.99,65.35,776363.27,776363.27,50649314.933,1
2026-06-11T18:00:00+08:00,1781172000000,65.36,66.18,65.23,65.85,851826.28,851826.28,55934902.8327,1
2026-06-11T20:00:00+08:00,1781179200000,65.85,65.88,64.85,65.49,1483009.43,1483009.43,96789257.9442,1
2026-06-11T22:00:00+08:00,1781186400000,65.49,65.83,64.94,65.51,957916.75,957916.75,62626341.9416,1
2026-06-12T00:00:00+08:00,1781193600000,65.51,67.16,65,67.13,1562978.01,1562978.01,103280791.8747,1
2026-06-12T02:00:00+08:00,1781200800000,67.12,67.35,66.55,66.89,953419.8,953419.8,63813866.2545,1
2026-06-12T04:00:00+08:00,1781208000000,66.88,67.06,66.3,66.87,491244.55,491244.55,32784941.457,1
2026-06-12T06:00:00+08:00,1781215200000,66.87,67.1,66.64,66.88,323254.88,323254.88,21617615.2549,1
2026-06-12T08:00:00+08:00,1781222400000,66.87,67.07,66.37,66.65,376379.82,376379.82,25109289.6455,1
2026-06-12T10:00:00+08:00,1781229600000,66.64,67.25,66.63,66.98,396806.62,396806.62,26570356.6778,1
2026-06-12T12:00:00+08:00,1781236800000,66.97,67.2,66.6,66.69,392056.28,392056.28,26212503.5259,1
2026-06-12T14:00:00+08:00,1781244000000,66.69,66.78,65.89,66.27,684636.37,684636.37,45358733.8484,1
2026-06-12T16:00:00+08:00,1781251200000,66.27,67.45,66.26,67.14,681937.41,681937.41,45683173.8324,1
2026-06-12T18:00:00+08:00,1781258400000,67.13,67.32,66.55,66.89,461186.07,461186.07,30853703.1204,1
2026-06-12T20:00:00+08:00,1781265600000,66.9,66.97,66.33,66.67,774447.64,774447.64,51651172.4937,1
2026-06-12T22:00:00+08:00,1781272800000,66.68,68.76,66.58,67.2,2096407.38,2096407.38,141978636.3913,1
2026-06-13T00:00:00+08:00,1781280000000,67.21,68.17,67.02,67.35,925927.91,925927.91,62580021.732,1
2026-06-13T02:00:00+08:00,1781287200000,67.35,67.44,66.63,66.73,624714.64,624714.64,41886678.7215,1
2026-06-13T04:00:00+08:00,1781294400000,66.74,66.9,66.42,66.52,375429.92,375429.92,25020281.0269,1
2026-06-13T06:00:00+08:00,1781301600000,66.53,66.85,66.41,66.77,272194.54,272194.54,18124709.0427,1
2026-06-13T08:00:00+08:00,1781308800000,66.77,67.48,66.73,67.4,315157.89,315157.89,21145668.002,1
2026-06-13T10:00:00+08:00,1781316000000,67.41,67.46,66.63,66.83,356876.67,356876.67,23904403.3187,1
2026-06-13T12:00:00+08:00,1781323200000,66.84,66.93,66.46,66.75,354900.79,354900.79,23674550.816,1
2026-06-13T14:00:00+08:00,1781330400000,66.75,67.44,66.62,67.34,480058.96,480058.96,32210303.5976,1
2026-06-13T16:00:00+08:00,1781337600000,67.33,67.52,67.22,67.32,433424.1,433424.1,29190119.1682,1
2026-06-13T18:00:00+08:00,1781344800000,67.33,67.92,67.28,67.87,370793.95,370793.95,25079191.7795,1
2026-06-13T20:00:00+08:00,1781352000000,67.87,68.26,67.73,67.96,502923.77,502923.77,34164188.8787,1
2026-06-13T22:00:00+08:00,1781359200000,67.97,68.67,67.94,68.54,505267.99,505267.99,34537755.6839,1
2026-06-14T00:00:00+08:00,1781366400000,68.55,68.57,67.78,67.95,641619.7,641619.7,43648020.8853,1
2026-06-14T02:00:00+08:00,1781373600000,67.95,68.35,67.92,68.18,226735.25,226735.25,15448380.6381,1
2026-06-14T04:00:00+08:00,1781380800000,68.17,69.56,68,69.21,548466.36,548466.36,37769543.2998,1
2026-06-14T06:00:00+08:00,1781388000000,69.22,69.24,68.74,68.88,379780.61,379780.61,26196099.2733,1
2026-06-14T08:00:00+08:00,1781395200000,68.88,69.05,68.58,68.76,340346.75,340346.75,23421517.8165,1
2026-06-14T10:00:00+08:00,1781402400000,68.76,69.05,68.67,68.9,257305.45,257305.45,17716190.458,1
2026-06-14T12:00:00+08:00,1781409600000,68.9,68.96,67.98,68.21,581501.51,581501.51,39762215.1379,1
2026-06-14T14:00:00+08:00,1781416800000,68.22,68.46,67.99,68.18,253756.12,253756.12,17305294.971,1
2026-06-14T16:00:00+08:00,1781424000000,68.18,68.45,67.86,68.44,260107.68,260107.68,17731540.3363,1
2026-06-14T18:00:00+08:00,1781431200000,68.44,68.48,67.98,68.06,283693.98,283693.98,19358698.5076,1
2026-06-14T20:00:00+08:00,1781438400000,68.06,68.13,67.44,67.73,537629.23,537629.23,36414961.0866,1
2026-06-14T22:00:00+08:00,1781445600000,67.73,67.79,66.9,67.38,668110.82,668110.82,44958048.4796,1
2026-06-15T00:00:00+08:00,1781452800000,67.38,67.71,67.26,67.28,341276.82,341276.82,23042641.7075,1
2026-06-15T02:00:00+08:00,1781460000000,67.28,67.7,67.14,67.51,240647.92,240647.92,16225137.6389,1
2026-06-15T04:00:00+08:00,1781467200000,67.52,70.5,67.39,70.11,1148115.75,1148115.75,79467794.8171,1
2026-06-15T06:00:00+08:00,1781474400000,70.11,71.24,69.57,71.24,1374435.3,1374435.3,96800615.7392,1
2026-06-15T08:00:00+08:00,1781481600000,71.24,71.68,70.63,70.98,982236.71,982236.71,69914593.8991,1
2026-06-15T10:00:00+08:00,1781488800000,70.98,71.55,70.86,71.19,515349.96,515349.96,36698937.7478,1
2026-06-15T12:00:00+08:00,1781496000000,71.2,71.27,70.77,71.16,393002.61,393002.61,27914282.9581,1
2026-06-15T14:00:00+08:00,1781503200000,71.16,71.46,71.06,71.23,469608.6,469608.6,33469023.6015,1
2026-06-15T16:00:00+08:00,1781510400000,71.23,71.57,70.75,71.16,581913.4,581913.4,41443738.1179,1
2026-06-15T18:00:00+08:00,1781517600000,71.16,72.8,71.13,72.55,1622723.42,1622723.42,116925712.5316,1
2026-06-15T20:00:00+08:00,1781524800000,72.56,74.2,72.26,73.6,1896477.54,1896477.54,138943325.2655,1
2026-06-15T22:00:00+08:00,1781532000000,73.6,75.21,73.16,75.2,1364819.64,1364819.64,101304018.123,1
2026-06-16T00:00:00+08:00,1781539200000,75.2,76.05,74.63,75.25,1821348.01,1821348.01,137284166.5944,1
2026-06-16T02:00:00+08:00,1781546400000,75.24,75.76,74.51,75.23,890830.25,890830.25,66993057.8583,1
2026-06-16T04:00:00+08:00,1781553600000,75.22,75.41,74.26,74.42,504935.25,504935.25,37758265.6534,1
2026-06-16T06:00:00+08:00,1781560800000,74.42,74.55,73.57,73.94,612678.88,612678.88,45294898.3739,1
2026-06-16T08:00:00+08:00,1781568000000,73.93,74.36,73.8,73.82,425944.57,425944.57,31552229.2659,1
2026-06-16T10:00:00+08:00,1781575200000,73.83,73.84,72.72,73.69,1036993.57,1036993.57,75962532.2465,1
2026-06-16T12:00:00+08:00,1781582400000,73.7,73.91,73.14,73.61,684904.37,684904.37,50362809.6697,1
2026-06-16T14:00:00+08:00,1781589600000,73.61,74.49,73.61,74.41,732749.88,732749.88,54325947.8123,1
2026-06-16T16:00:00+08:00,1781596800000,74.41,75.61,74.29,74.79,1183411.95,1183411.95,88716665.1528,1
2026-06-16T18:00:00+08:00,1781604000000,74.8,75.07,74.33,74.62,620811.25,620811.25,46356739.5476,1
2026-06-16T20:00:00+08:00,1781611200000,74.63,75.51,73.81,73.94,1475562.4,1475562.4,110036307.1791,1
2026-06-16T22:00:00+08:00,1781618400000,73.95,74.26,72.28,73.25,1781675.24,1781675.24,130242553.4113,1
2026-06-17T00:00:00+08:00,1781625600000,73.25,73.8,72.96,73.63,608480.93,608480.93,44585646.8552,1
2026-06-17T02:00:00+08:00,1781632800000,73.64,74.31,73.45,73.81,726052.39,726052.39,53647803.7122,1
2026-06-17T04:00:00+08:00,1781640000000,73.8,74.2,73.63,73.88,277864.7,277864.7,20537378.3611,1
2026-06-17T06:00:00+08:00,1781647200000,73.89,74.08,73.37,73.5,253780.6,253780.6,18702704.075,1
2026-06-17T08:00:00+08:00,1781654400000,73.5,73.97,73.1,73.89,524284.22,524284.22,38522808.2268,1
2026-06-17T10:00:00+08:00,1781661600000,73.89,74.42,73.47,73.64,462144.94,462144.94,34160862.7735,1
2026-06-17T12:00:00+08:00,1781668800000,73.65,74.08,73.38,73.6,343756.78,343756.78,25333797.5215,1
2026-06-17T14:00:00+08:00,1781676000000,73.6,73.8,72.89,73.23,728947.36,728947.36,53397870.2337,1
2026-06-17T16:00:00+08:00,1781683200000,73.23,73.26,72.12,72.49,1138553.35,1138553.35,82615176.8004,1
2026-06-17T18:00:00+08:00,1781690400000,72.5,72.65,71.66,71.98,681809.85,681809.85,49136138.9336,1
2026-06-17T20:00:00+08:00,1781697600000,71.98,72.72,71.53,72.37,1112614.2,1112614.2,80313249.2419,1
2026-06-17T22:00:00+08:00,1781704800000,72.36,73.84,71.78,73.77,1328252.82,1328252.82,96695638.5009,1
2026-06-18T00:00:00+08:00,1781712000000,73.77,74.65,73.41,74.16,1028028.26,1028028.26,76014466.462,1
2026-06-18T02:00:00+08:00,1781719200000,74.16,74.34,71.36,71.62,2873712.46,2873712.46,209283237.5469,1
2026-06-18T04:00:00+08:00,1781726400000,71.61,72.2,71.27,71.58,634342.19,634342.19,45573583.8137,1
2026-06-18T06:00:00+08:00,1781733600000,71.58,72.09,70.76,71.99,504747.17,504747.17,36085659.4171,1
2026-06-18T08:00:00+08:00,1781740800000,72,72.59,71.97,72.18,536308.87,536308.87,38770467.3261,1
2026-06-18T10:00:00+08:00,1781748000000,72.19,72.64,71.45,71.61,720936.49,720936.49,51949542.0419,1
2026-06-18T12:00:00+08:00,1781755200000,71.6,71.67,70.58,71.08,977607.62,977607.62,69439253.5954,1
2026-06-18T14:00:00+08:00,1781762400000,71.07,71.79,70.93,71.72,559051.72,559051.72,39895982.6961,1
2026-06-18T16:00:00+08:00,1781769600000,71.72,72.12,71.57,71.8,480600.61,480600.61,34532953.069,1
2026-06-18T18:00:00+08:00,1781776800000,71.79,71.81,70.67,70.89,892163.04,892163.04,63508521.1278,1
2026-06-18T20:00:00+08:00,1781784000000,70.88,71.76,70.66,71.01,793384.09,793384.09,56475235.0767,1
2026-06-18T22:00:00+08:00,1781791200000,71.01,71.68,68.33,68.42,2758780.31,2758780.31,192604717.0817,1
2026-06-19T00:00:00+08:00,1781798400000,68.41,69.13,68.36,68.61,1269375.53,1269375.53,87285109.6253,1
2026-06-19T02:00:00+08:00,1781805600000,68.61,69.49,68.18,69.34,813348.25,813348.25,55946994.2704,1
2026-06-19T04:00:00+08:00,1781812800000,69.35,69.92,69.34,69.53,475725.38,475725.38,33137410.7946,1
2026-06-19T06:00:00+08:00,1781820000000,69.52,69.76,69.21,69.68,313554.35,313554.35,21785278.6972,1
2026-06-19T08:00:00+08:00,1781827200000,69.67,69.99,69.51,69.89,296053.44,296053.44,20648350.1981,1
2026-06-19T10:00:00+08:00,1781834400000,69.89,70.05,68.57,69.02,838371.21,838371.21,57969688.0817,1
2026-06-19T12:00:00+08:00,1781841600000,69.02,69.24,68.14,68.66,803376.46,803376.46,55089270.5818,1
2026-06-19T14:00:00+08:00,1781848800000,68.66,68.81,67.8,68.34,743776.2,743776.2,50831454.1185,1
2026-06-19T16:00:00+08:00,1781856000000,68.34,68.71,68.16,68.27,477677.45,477677.45,32684353.8031,1
2026-06-19T18:00:00+08:00,1781863200000,68.28,68.44,68,68.21,388791.54,388791.54,26521578.8193,1
2026-06-19T20:00:00+08:00,1781870400000,68.21,69.54,67.87,69.22,1191217.76,1191217.76,81847460.6161,1
2026-06-19T22:00:00+08:00,1781877600000,69.21,69.49,68.78,69.29,882859.85,882859.85,61028748.6513,1
2026-06-20T00:00:00+08:00,1781884800000,69.28,69.53,68.55,69.28,562588.4,562588.4,38887436.1782,1
2026-06-20T02:00:00+08:00,1781892000000,69.28,69.33,68.74,68.92,221329.48,221329.48,15262682.2072,1
2026-06-20T04:00:00+08:00,1781899200000,68.93,69.27,68.68,68.97,267658.49,267658.49,18462544.0518,1
2026-06-20T06:00:00+08:00,1781906400000,68.98,69.83,68.94,69.69,420500.61,420500.61,29200183.1989,1
2026-06-20T08:00:00+08:00,1781913600000,69.68,70.1,69.5,69.76,507955.75,507955.75,35439005.0192,1
2026-06-20T10:00:00+08:00,1781920800000,69.75,70.06,69.43,69.96,392592.15,392592.15,27384245.9825,1
2026-06-20T12:00:00+08:00,1781928000000,69.96,72.45,69.84,71.75,1662770.22,1662770.22,118583132.7861,1
2026-06-20T14:00:00+08:00,1781935200000,71.75,72.34,71.35,71.56,998184.61,998184.61,71717974.4013,1
2026-06-20T16:00:00+08:00,1781942400000,71.56,71.61,71.15,71.51,463136.4,463136.4,33072932.2103,1
2026-06-20T18:00:00+08:00,1781949600000,71.51,72.06,71.36,71.74,519520.41,519520.41,37231979.5802,1
2026-06-20T20:00:00+08:00,1781956800000,71.74,71.89,70.64,71.15,807114.94,807114.94,57488258.0186,1
2026-06-20T22:00:00+08:00,1781964000000,71.15,72.59,70.43,71.99,1600317.52,1600317.52,114593332.9201,1
2026-06-21T00:00:00+08:00,1781971200000,72,72.03,71.05,71.53,651522.69,651522.69,46580049.682,1
2026-06-21T02:00:00+08:00,1781978400000,71.53,71.95,71.49,71.82,418563.04,418563.04,30029817.8901,1
2026-06-21T04:00:00+08:00,1781985600000,71.82,72.42,71.66,72.35,321757.35,321757.35,23197740.6145,1
2026-06-21T06:00:00+08:00,1781992800000,72.35,74.26,72.31,73.19,1245261,1245261,91483412.3759,1
2026-06-21T08:00:00+08:00,1782000000000,73.19,73.27,72.84,73.14,602160.26,602160.26,44002450.7931,1
2026-06-21T10:00:00+08:00,1782007200000,73.14,73.82,73.03,73.58,597322.39,597322.39,43852618.109,1
2026-06-21T12:00:00+08:00,1782014400000,73.58,73.8,72.96,73.05,593648.57,593648.57,43544816.2762,1
2026-06-21T14:00:00+08:00,1782021600000,73.04,73.41,73,73.18,472260.14,472260.14,34581608.4954,1
2026-06-21T16:00:00+08:00,1782028800000,73.18,74.07,72.7,73.99,895621.76,895621.76,65694181.9004,1
2026-06-21T18:00:00+08:00,1782036000000,74,74.37,73.03,73.17,889024.16,889024.16,65535199.3053,1
2026-06-21T20:00:00+08:00,1782043200000,73.16,73.91,72.87,73.87,915379.15,915379.15,67213832.9434,1
2026-06-21T22:00:00+08:00,1782050400000,73.87,74.26,73.59,74.11,653521.82,653521.82,48340231.5731,1
2026-06-22T00:00:00+08:00,1782057600000,74.1,74.66,73.74,74.2,960427.95,960427.95,71348874.6087,1
2026-06-22T02:00:00+08:00,1782064800000,74.2,74.44,73.82,74.38,580115.92,580115.92,43006033.3406,1
2026-06-22T04:00:00+08:00,1782072000000,74.38,74.52,72.36,73.09,1471335.3,1471335.3,107628469.0548,1
2026-06-22T06:00:00+08:00,1782079200000,73.09,73.22,72.22,72.42,943785.09,943785.09,68641294.1449,1
2026-06-22T08:00:00+08:00,1782086400000,72.41,75,72.4,74.32,1758562.22,1758562.22,129826230.2907,1
2026-06-22T10:00:00+08:00,1782093600000,74.33,74.42,73.24,73.48,812721.5,812721.5,59986779.4626,1
2026-06-22T12:00:00+08:00,1782100800000,73.48,74.14,73.31,73.89,576647.95,576647.95,42556026.7356,1
2026-06-22T14:00:00+08:00,1782108000000,73.9,74.45,73.51,74.07,609692.9,609692.9,45098983.2924,1
2026-06-22T16:00:00+08:00,1782115200000,74.07,74.29,73.53,73.76,472720.31,472720.31,34926880.0595,1
2026-06-22T18:00:00+08:00,1782122400000,73.75,74.4,73.55,74.14,812461.99,812461.99,60121406.2865,1
2026-06-22T20:00:00+08:00,1782129600000,74.15,74.94,73.99,74.93,1211867.74,1211867.74,90224378.7383,1
2026-06-22T22:00:00+08:00,1782136800000,74.94,74.96,72.93,73.09,1613629.24,1613629.24,118735892.4635,1
2026-06-23T00:00:00+08:00,1782144000000,73.1,73.29,72.5,73.24,988010.56,988010.56,71949194.5476,1
2026-06-23T02:00:00+08:00,1782151200000,73.24,73.53,72.41,72.66,943412.8,943412.8,68731310.0738,1
2026-06-23T04:00:00+08:00,1782158400000,72.66,72.93,72.24,72.7,368271.22,368271.22,26739474.2245,1
2026-06-23T06:00:00+08:00,1782165600000,72.7,72.92,71.29,71.91,1019059.76,1019059.76,73231084.6625,1
2026-06-23T08:00:00+08:00,1782172800000,71.9,71.99,71.25,71.66,663731.77,663731.77,47571089.7417,1
2026-06-23T10:00:00+08:00,1782180000000,71.65,72,71.5,71.94,495529.75,495529.75,35583076.1473,1
2026-06-23T12:00:00+08:00,1782187200000,71.95,71.98,70.87,71,849612.58,849612.58,60574231.2557,1
2026-06-23T14:00:00+08:00,1782194400000,71,71.04,69.61,69.95,1922998.3,1922998.3,134997835.2649,1
2026-06-23T16:00:00+08:00,1782201600000,69.96,70.07,68.07,68.86,2294494.26,2294494.26,157968527.5088,1
2026-06-23T18:00:00+08:00,1782208800000,68.86,69.29,68.55,69.24,741021.22,741021.22,51119134.2031,1
2026-06-23T20:00:00+08:00,1782216000000,69.25,69.33,68.58,69.15,1055967.13,1055967.13,72857877.8226,1
2026-06-23T22:00:00+08:00,1782223200000,69.15,69.63,68.32,68.88,1262616.91,1262616.91,87194254.5063,1
2026-06-24T00:00:00+08:00,1782230400000,68.88,69.37,68.58,68.73,648890.88,648890.88,44770094.0124,1
2026-06-24T02:00:00+08:00,1782237600000,68.73,69.07,68.63,68.79,383814.72,383814.72,26419245.5966,1
2026-06-24T04:00:00+08:00,1782244800000,68.8,69.27,68.78,69.22,218528.42,218528.42,15092583.3028,1
2026-06-24T06:00:00+08:00,1782252000000,69.22,69.79,69.2,69.65,533204.95,533204.95,37050421.8874,1
2026-06-24T08:00:00+08:00,1782259200000,69.65,70.35,69.53,70.04,656301.76,656301.76,45924552.7217,1
2026-06-24T10:00:00+08:00,1782266400000,70.04,70.1,69.04,69.52,744806.44,744806.44,51790382.4872,1
2026-06-24T12:00:00+08:00,1782273600000,69.52,70.17,68.9,69.88,622728.78,622728.78,43342908.0351,1
2026-06-24T14:00:00+08:00,1782280800000,69.88,69.99,69.23,69.33,514503.73,514503.73,35820680.0774,1
2026-06-24T16:00:00+08:00,1782288000000,69.33,69.58,69.16,69.27,567678.71,567678.71,39371141.3055,1
2026-06-24T18:00:00+08:00,1782295200000,69.26,70.42,68.73,69.78,1274983.69,1274983.69,88430543.7089,1
2026-06-24T20:00:00+08:00,1782302400000,69.77,69.88,68.32,68.82,2311215.94,2311215.94,159436796.5465,1
2026-06-24T22:00:00+08:00,1782309600000,68.82,69.39,67.2,67.28,2342605.2,2342605.2,160037534.0994,1
2026-06-25T00:00:00+08:00,1782316800000,67.28,68,64.65,64.91,4260609.04,4260609.04,282552039.158,1
2026-06-25T02:00:00+08:00,1782324000000,64.92,66.45,64.77,66.08,1522534.18,1522534.18,100211055.9938,1
2026-06-25T04:00:00+08:00,1782331200000,66.08,68.08,65.93,68.03,1530205.02,1530205.02,102995745.1357,1
2026-06-25T06:00:00+08:00,1782338400000,68.02,68.57,67.64,68.08,529049.09,529049.09,35996917.215,1
2026-06-25T08:00:00+08:00,1782345600000,68.08,68.28,67.35,67.83,557302.3,557302.3,37749569.9341,1
2026-06-25T10:00:00+08:00,1782352800000,67.83,67.9,67.42,67.63,359250.22,359250.22,24299395.0845,1
2026-06-25T12:00:00+08:00,1782360000000,67.64,69.26,67.44,68.98,1409798.86,1409798.86,96739672.9125,1
2026-06-25T14:00:00+08:00,1782367200000,68.99,69.62,68.96,69.4,749038.34,749038.34,51938390.411,1
2026-06-25T16:00:00+08:00,1782374400000,69.4,69.4,68.76,68.79,498154.67,498154.67,34393126.7945,1
2026-06-25T18:00:00+08:00,1782381600000,68.79,68.85,67.96,68.13,867935.84,867935.84,59293329.6616,1
2026-06-25T20:00:00+08:00,1782388800000,68.14,68.89,63.98,64.19,3683226.01,3683226.01,245190000.4322,1
2026-06-25T22:00:00+08:00,1782396000000,64.19,67.11,64.18,66.27,3983678.09,3983678.09,262414298.2794,1
2026-06-26T00:00:00+08:00,1782403200000,66.27,67.34,65.59,67.09,1761477.48,1761477.48,117216478.9696,1
2026-06-26T02:00:00+08:00,1782410400000,67.08,67.11,65.6,66.16,1146779.69,1146779.69,75884070.5445,1
2026-06-26T04:00:00+08:00,1782417600000,66.16,67.27,66.03,67.24,685076.61,685076.61,45615252.3733,1
2026-06-26T06:00:00+08:00,1782424800000,67.24,68.79,66.89,67.67,1113557.47,1113557.47,75385684.3437,1
2026-06-26T08:00:00+08:00,1782432000000,67.67,68.07,67.09,67.28,768539.43,768539.43,51938215.3096,1
2026-06-26T10:00:00+08:00,1782439200000,67.28,68.46,65.87,68.17,2455947.46,2455947.46,164084206.3689,1
2026-06-26T12:00:00+08:00,1782446400000,68.17,68.47,67.92,68.32,1031553.06,1031553.06,70254395.4015,1
2026-06-26T14:00:00+08:00,1782453600000,68.32,70.97,67.95,70.74,2888062.83,2888062.83,201481555.3431,1
2026-06-26T16:00:00+08:00,1782460800000,70.75,70.84,68.81,68.97,1729341.04,1729341.04,120690959.2848,1
2026-06-26T18:00:00+08:00,1782468000000,68.98,69.22,68.35,68.58,910763.65,910763.65,62657362.2772,1
2026-06-26T20:00:00+08:00,1782475200000,68.58,70.91,68.14,70.67,2826708.66,2826708.66,195727694.3489,1
2026-06-26T22:00:00+08:00,1782482400000,70.68,72.2,70.2,72.01,3677390.76,3677390.76,261790664.0271,1
2026-06-27T00:00:00+08:00,1782489600000,72.01,73.6,71.97,72.54,2935632.98,2935632.98,213317248.3233,1
2026-06-27T02:00:00+08:00,1782496800000,72.55,73.9,72.34,72.98,1491231.31,1491231.31,109057165.0863,1
2026-06-27T04:00:00+08:00,1782504000000,72.98,73.65,71.74,71.94,1504607.65,1504607.65,109006799.2764,1
2026-06-27T06:00:00+08:00,1782511200000,71.94,72.06,71.4,71.86,572529.1,572529.1,41061203.7531,1
2026-06-27T08:00:00+08:00,1782518400000,71.87,72.7,71.31,71.4,963033.81,963033.81,69260598.574,1
2026-06-27T10:00:00+08:00,1782525600000,71.4,72.37,71.35,72.21,763390.16,763390.16,54966059.8692,1
2026-06-27T12:00:00+08:00,1782532800000,72.21,72.55,71.47,71.77,624567.55,624567.55,44956248.4332,1
2026-06-27T14:00:00+08:00,1782540000000,71.76,72.32,71.58,72.26,535165.8,535165.8,38560065.3239,1
2026-06-27T16:00:00+08:00,1782547200000,72.26,72.29,71.67,71.83,487758.4,487758.4,35108216.6327,1
2026-06-27T18:00:00+08:00,1782554400000,71.84,72.05,71.49,71.77,373241.8,373241.8,26793217.8604,1
2026-06-27T20:00:00+08:00,1782561600000,71.76,72.59,71.6,72.32,537191.45,537191.45,38769699.9463,1
2026-06-27T22:00:00+08:00,1782568800000,72.32,73.16,72.15,72.8,1082028.34,1082028.34,78723503.6004,1
2026-06-28T00:00:00+08:00,1782576000000,72.8,72.98,71.86,72,866974.18,866974.18,62696987.1451,1
2026-06-28T02:00:00+08:00,1782583200000,72,72.15,70.92,71.06,917091.11,917091.11,65500390.3186,1
2026-06-28T04:00:00+08:00,1782590400000,71.06,71.6,70.75,70.95,503545.72,503545.72,35854338.1232,1
2026-06-28T06:00:00+08:00,1782597600000,70.94,71.11,70.2,70.46,869509.31,869509.31,61432881.7427,1
2026-06-28T08:00:00+08:00,1782604800000,70.45,70.88,70.39,70.79,414978.94,414978.94,29308398.343,1
2026-06-28T10:00:00+08:00,1782612000000,70.79,70.97,70.44,70.82,453195.61,453195.61,32068442.7624,1
2026-06-28T12:00:00+08:00,1782619200000,70.81,70.95,70.1,70.5,624353.48,624353.48,44021904.1074,1
2026-06-28T14:00:00+08:00,1782626400000,70.5,71.06,70.13,71.04,574862.2,574862.2,40600629.6625,1
2026-06-28T16:00:00+08:00,1782633600000,71.03,72.16,71.01,71.49,1278493.38,1278493.38,91641667.18,1
2026-06-28T18:00:00+08:00,1782640800000,71.48,71.98,71.04,71.87,809994.43,809994.43,57913846.319,1
2026-06-28T20:00:00+08:00,1782648000000,71.87,72.38,71.27,71.7,828751.98,828751.98,59489856.0343,1
2026-06-28T22:00:00+08:00,1782655200000,71.7,72.17,71.41,72.04,705670.23,705670.23,50682907.2682,1
2026-06-29T00:00:00+08:00,1782662400000,72.05,72.09,70.91,71.51,1353970.43,1353970.43,96657872.3248,1
2026-06-29T02:00:00+08:00,1782669600000,71.51,71.68,70.2,70.67,728828.1,728828.1,51663193.8719,1
2026-06-29T04:00:00+08:00,1782676800000,70.67,71.24,70.15,70.41,611452.07,611452.07,43244307.6264,1
2026-06-29T06:00:00+08:00,1782684000000,70.42,71.75,69.68,71.35,1405040.69,1405040.69,99451458.6724,1
2026-06-29T08:00:00+08:00,1782691200000,71.35,71.67,70.3,71.44,1306073.81,1306073.81,92900976.4859,1
2026-06-29T10:00:00+08:00,1782698400000,71.45,73.3,70.45,72.65,2039755.54,2039755.54,147211186.2092,1
2026-06-29T12:00:00+08:00,1782705600000,72.64,72.66,70.96,72.28,1325309.87,1325309.87,95052339.1827,1
2026-06-29T14:00:00+08:00,1782712800000,72.28,73.09,72.03,72.67,1243743.18,1243743.18,90160514.2737,1
2026-06-29T16:00:00+08:00,1782720000000,72.67,73.13,72.33,72.88,962919.97,962919.97,70033382.1908,1
2026-06-29T18:00:00+08:00,1782727200000,72.89,73.63,72.19,72.49,1480321.57,1480321.57,107931549.5631,1
2026-06-29T20:00:00+08:00,1782734400000,72.49,74.51,72.08,73.69,3709619.52,3709619.52,272656552.3124,1
2026-06-29T22:00:00+08:00,1782741600000,73.69,74.41,72.28,73.87,2890330.87,2890330.87,212056752.058,1
2026-06-30T00:00:00+08:00,1782748800000,73.87,76.45,72.86,75.27,3596456.43,3596456.43,269119683.6983,1
2026-06-30T02:00:00+08:00,1782756000000,75.27,76.2,75.1,75.94,975498.01,975498.01,73794245.6193,1
2026-06-30T04:00:00+08:00,1782763200000,75.94,75.97,75.19,75.49,514461.64,514461.64,38846415.5495,1
2026-06-30T06:00:00+08:00,1782770400000,75.48,75.62,74.86,75.13,530442.5,530442.5,39888447.9522,1
2026-06-30T08:00:00+08:00,1782777600000,75.12,75.19,74.02,74.38,1230319.47,1230319.47,91566251.0618,1
2026-06-30T10:00:00+08:00,1782784800000,74.38,74.85,73.98,74.14,561701.27,561701.27,41803629.517,1
2026-06-30T12:00:00+08:00,1782792000000,74.15,74.22,73.65,74.2,909481.36,909481.36,67273028.3544,1
2026-06-30T14:00:00+08:00,1782799200000,74.19,74.23,73.81,74.12,560945.61,560945.61,41529909.6276,1
2026-06-30T16:00:00+08:00,1782806400000,74.11,74.18,73.27,73.76,1117523.81,1117523.81,82239735.7885,1
2026-06-30T18:00:00+08:00,1782813600000,73.76,73.86,73.28,73.35,525904.04,525904.04,38665285.7339,1
2026-06-30T20:00:00+08:00,1782820800000,73.35,73.38,71.86,72.84,2253291.36,2253291.36,163298798.7726,1
2026-06-30T22:00:00+08:00,1782828000000,72.84,74.18,72.54,73.1,2335973.51,2335973.51,171227718.1795,1
2026-07-01T00:00:00+08:00,1782835200000,73.1,73.89,72.69,73.15,1182870.31,1182870.31,86688812.2375,1
2026-07-01T02:00:00+08:00,1782842400000,73.16,73.95,72.91,73.71,734426.39,734426.39,53953690.8906,1
2026-07-01T04:00:00+08:00,1782849600000,73.7,73.91,73.16,73.46,416539.55,416539.55,30635516.1372,1
2026-07-01T06:00:00+08:00,1782856800000,73.47,73.72,73.23,73.63,255107.47,255107.47,18739670.3356,1
2026-07-01T08:00:00+08:00,1782864000000,73.63,74.33,72.19,73.9,1705733.97,1705733.97,125082175.4265,1
2026-07-01T10:00:00+08:00,1782871200000,73.9,75.65,73.73,75.44,1736137.23,1736137.23,129858896.7777,1
2026-07-01T12:00:00+08:00,1782878400000,75.44,75.83,75.1,75.21,1067898.95,1067898.95,80543934.4158,1
2026-07-01T14:00:00+08:00,1782885600000,75.21,75.23,73.91,74.84,1526054.68,1526054.68,113686811.6544,1
2026-07-01T16:00:00+08:00,1782892800000,74.84,75.55,74.42,75.43,1137217.49,1137217.49,85357427.0226,1
2026-07-01T18:00:00+08:00,1782900000000,75.42,75.53,74.59,74.79,976558.56,976558.56,73298102.305,1
2026-07-01T20:00:00+08:00,1782907200000,74.79,76.16,74.22,76,2401518.85,2401518.85,180412123.5116,1
2026-07-01T22:00:00+08:00,1782914400000,75.99,77.76,75.6,77.39,3118177.34,3118177.34,239751055.7423,1
2026-07-02T00:00:00+08:00,1782921600000,77.39,78.23,76.79,77.72,1818869.33,1818869.33,140973501.3159,1
2026-07-02T02:00:00+08:00,1782928800000,77.72,77.88,76.76,76.97,799274.28,799274.28,61856298.7087,1
2026-07-02T04:00:00+08:00,1782936000000,76.96,78.65,76.56,78.36,1359427.36,1359427.36,105529959.4588,1
2026-07-02T06:00:00+08:00,1782943200000,78.35,78.92,77.21,77.41,1332481.92,1332481.92,103910313.762,1
2026-07-02T08:00:00+08:00,1782950400000,77.42,78.67,76.86,78.15,1140512.49,1140512.49,88538812.8316,1
2026-07-02T10:00:00+08:00,1782957600000,78.15,78.94,77.76,78.67,1235917.9,1235917.9,96839940.7508,1
2026-07-02T12:00:00+08:00,1782964800000,78.66,78.68,77.73,78.07,762286.8,762286.8,59577464.2288,1
2026-07-02T14:00:00+08:00,1782972000000,78.07,78.6,77.54,77.96,1078609.77,1078609.77,84118389.8443,1
2026-07-02T16:00:00+08:00,1782979200000,77.96,79.75,77.9,79.42,1902352.69,1902352.69,150229991.364,1
2026-07-02T18:00:00+08:00,1782986400000,79.43,82.8,79.36,82.34,5022105.3,5022105.3,408938095.9278,1
2026-07-02T20:00:00+08:00,1782993600000,82.33,82.41,80.63,81.48,3371674.98,3371674.98,275019871.6541,1
2026-07-02T22:00:00+08:00,1783000800000,81.49,81.51,80.04,80.82,2007532.83,2007532.83,161909880.8874,1
2026-07-03T00:00:00+08:00,1783008000000,80.83,81.22,80.11,80.59,1353801.61,1353801.61,109221382.6256,1
2026-07-03T02:00:00+08:00,1783015200000,80.59,81.27,80.59,80.78,664469.42,664469.42,53792263.6446,1
2026-07-03T04:00:00+08:00,1783022400000,80.78,81.14,80.41,80.75,516651.42,516651.42,41730970.3409,1
2026-07-03T06:00:00+08:00,1783029600000,80.75,80.86,80.37,80.68,356182.05,356182.05,28706122.1523,1
2026-07-03T08:00:00+08:00,1783036800000,80.68,81.67,80.48,81.44,844784.87,844784.87,68473639.5632,1
2026-07-03T10:00:00+08:00,1783044000000,81.45,81.64,80.25,80.67,846733.55,846733.55,68453641.0714,1
2026-07-03T12:00:00+08:00,1783051200000,80.68,81.22,80.43,81.1,493813.35,493813.35,39891430.1821,1
2026-07-03T14:00:00+08:00,1783058400000,81.1,81.48,80.68,81.18,649262.48,649262.48,52637525.8346,1
2026-07-03T16:00:00+08:00,1783065600000,81.19,81.52,80.62,80.97,1021825.63,1021825.63,82827185.6179,1
2026-07-03T18:00:00+08:00,1783072800000,80.98,81.85,80.83,81.51,1266300.53,1266300.53,103053344.5708,1
2026-07-03T20:00:00+08:00,1783080000000,81.51,81.86,81.15,81.54,767492.55,767492.55,62560415.2111,1
2026-07-03T22:00:00+08:00,1783087200000,81.55,82.11,80.86,81.16,1125396.12,1125396.12,91590018.945,1
2026-07-04T00:00:00+08:00,1783094400000,81.17,81.99,81.02,81.75,850287.53,850287.53,69324062.3163,1
2026-07-04T02:00:00+08:00,1783101600000,81.76,83.23,81.6,82.44,1186118.47,1186118.47,97782851.7899,1
2026-07-04T04:00:00+08:00,1783108800000,82.45,83.02,82.13,82.62,1072236.22,1072236.22,88556141.758,1
2026-07-04T06:00:00+08:00,1783116000000,82.63,82.65,82.13,82.3,360068.68,360068.68,29649165.8879,1
2026-07-04T08:00:00+08:00,1783123200000,82.3,82.7,81.77,81.92,558078.22,558078.22,45871940.2384,1
2026-07-04T10:00:00+08:00,1783130400000,81.91,82.83,81.85,82.68,550834.89,550834.89,45348856.6081,1
2026-07-04T12:00:00+08:00,1783137600000,82.68,83.95,82.62,83.33,1577190.49,1577190.49,131489702.9181,1
2026-07-04T14:00:00+08:00,1783144800000,83.33,83.55,82.17,82.67,917629.22,917629.22,75891894.8105,1
2026-07-04T16:00:00+08:00,1783152000000,82.67,82.74,81.56,81.7,1071557.28,1071557.28,87907903.1715,1
2026-07-04T18:00:00+08:00,1783159200000,81.7,81.9,81.37,81.78,534562.95,534562.95,43656871.1059,1
2026-07-04T20:00:00+08:00,1783166400000,81.78,81.96,81.25,81.61,727359.91,727359.91,59334437.1651,1
2026-07-04T22:00:00+08:00,1783173600000,81.61,82.42,81.5,82.19,927658.23,927658.23,76078285.1208,1
2026-07-05T00:00:00+08:00,1783180800000,82.19,82.79,81.84,82.49,807656.59,807656.59,66452444.0954,1
2026-07-05T02:00:00+08:00,1783188000000,82.48,82.59,81.65,81.83,483035.37,483035.37,39653722.7651,1
2026-07-05T04:00:00+08:00,1783195200000,81.82,82.18,81.53,81.95,302601.26,302601.26,24771648.6205,1
2026-07-05T06:00:00+08:00,1783202400000,81.95,82,81.39,81.74,311844.63,311844.63,25477963.3176,1
2026-07-05T08:00:00+08:00,1783209600000,81.74,81.77,80.46,80.81,1140893.22,1140893.22,92441458.8529,1
2026-07-05T10:00:00+08:00,1783216800000,80.81,80.86,80.17,80.53,789737.61,789737.61,63540992.3618,1
2026-07-05T12:00:00+08:00,1783224000000,80.53,80.87,80.2,80.43,630822.5,630822.5,50817682.2015,1
2026-07-05T14:00:00+08:00,1783231200000,80.44,80.8,80.29,80.66,457453.12,457453.12,36830058.3767,1
2026-07-05T16:00:00+08:00,1783238400000,80.67,80.82,79.63,79.86,945291.76,945291.76,75720799.7787,1
2026-07-05T18:00:00+08:00,1783245600000,79.86,80.62,79.7,80.52,692486.62,692486.62,55580886.9719,1
2026-07-05T20:00:00+08:00,1783252800000,80.53,81.24,80.31,81.19,907550.34,907550.34,73397610.3546,1
2026-07-05T22:00:00+08:00,1783260000000,81.19,81.72,80.97,81.31,710413.74,710413.74,57763581.0865,1
2026-07-06T00:00:00+08:00,1783267200000,81.31,81.48,80.86,81.09,465629.82,465629.82,37778630.255,1
2026-07-06T02:00:00+08:00,1783274400000,81.1,81.23,80.73,80.99,272803.16,272803.16,22094640.3414,1
2026-07-06T04:00:00+08:00,1783281600000,81,82.25,80.74,81.74,605605.66,605605.66,49344178.0584,1
2026-07-06T06:00:00+08:00,1783288800000,81.74,82.4,81.4,81.55,1069977.44,1069977.44,87611482.9918,1
2026-07-06T08:00:00+08:00,1783296000000,81.55,82.32,81.07,81.5,1155113.26,1155113.26,94443712.5695,1
2026-07-06T10:00:00+08:00,1783303200000,81.51,81.66,80.4,80.77,1115425.72,1115425.72,90291164.8755,1
2026-07-06T12:00:00+08:00,1783310400000,80.77,80.97,80.11,80.37,713091.96,713091.96,57436354.6894,1
2026-07-06T14:00:00+08:00,1783317600000,80.37,81,80.21,80.79,653636.49,653636.49,52640790.0989,1
2026-07-06T16:00:00+08:00,1783324800000,80.79,81.05,80.02,80.05,683770.37,683770.37,54994278.0221,1
2026-07-06T18:00:00+08:00,1783332000000,80.05,80.96,80.02,80.33,784017.95,784017.95,63157268.2572,1
2026-07-06T20:00:00+08:00,1783339200000,80.33,80.89,79.17,80.11,3605367.71,3605367.71,288170437.7079,1
2026-07-06T22:00:00+08:00,1783346400000,80.11,81.49,79.81,81.45,1811429.42,1811429.42,146008924.2042,1
2026-07-07T00:00:00+08:00,1783353600000,81.45,82.4,81.23,81.6,1582445.56,1582445.56,129524005.3576,1
2026-07-07T02:00:00+08:00,1783360800000,81.6,82.26,81.26,82.02,562994.63,562994.63,46069490.1592,1
2026-07-07T04:00:00+08:00,1783368000000,82.02,83.74,81.63,82.78,1111654,1111654,92017160.2871,1
2026-07-07T06:00:00+08:00,1783375200000,82.79,82.85,81.85,81.9,413052.54,413052.54,33968790.7499,1
2026-07-07T08:00:00+08:00,1783382400000,81.9,82.45,81.76,81.86,722778.89,722778.89,59317262.6618,1
2026-07-07T10:00:00+08:00,1783389600000,81.86,81.95,80.84,81,830415.61,830415.61,67528208.1661,1
2026-07-07T12:00:00+08:00,1783396800000,81,81.21,80.41,81.06,810134.15,810134.15,65484117.6613,1
2026-07-07T14:00:00+08:00,1783404000000,81.05,81.7,80.76,81.45,727784.85,727784.85,59224573.4417,1
2026-07-07T16:00:00+08:00,1783411200000,81.45,81.55,81.08,81.27,799689.24,799689.24,65020628.5353,1
2026-07-07T18:00:00+08:00,1783418400000,81.27,81.54,80.62,81.27,735820.72,735820.72,59663493.1973,1
2026-07-07T20:00:00+08:00,1783425600000,81.28,81.95,80.6,80.79,1261836.6,1261836.6,102569703.4009,1
2026-07-07T22:00:00+08:00,1783432800000,80.78,82.32,80.43,82.06,1514488.89,1514488.89,123376670.6057,1
2026-07-08T00:00:00+08:00,1783440000000,82.07,82.75,81.77,82.67,829353.84,829353.84,68222234.3263,1
2026-07-08T02:00:00+08:00,1783447200000,82.67,82.67,80.72,81.33,1050392.53,1050392.53,85627017.1681,1
2026-07-08T04:00:00+08:00,1783454400000,81.33,81.45,80.5,80.78,460638.76,460638.76,37318201.0126,1
2026-07-08T06:00:00+08:00,1783461600000,80.77,81.09,80.27,80.52,508757.78,508757.78,41039517.2027,1
2026-07-08T08:00:00+08:00,1783468800000,80.52,80.74,78.78,79.04,1433999.77,1433999.77,114413050.094,1
2026-07-08T10:00:00+08:00,1783476000000,79.05,79.31,78.17,78.68,1129507.92,1129507.92,89010411.734,1
2026-07-08T12:00:00+08:00,1783483200000,78.69,78.89,78.3,78.39,563135.32,563135.32,44243323.879,1
2026-07-08T14:00:00+08:00,1783490400000,78.39,78.41,77.76,78.26,1107929.04,1107929.04,86538407.9558,1
2026-07-08T16:00:00+08:00,1783497600000,78.26,78.4,76.84,77.15,2016779.79,2016779.79,156115851.2233,1
2026-07-08T18:00:00+08:00,1783504800000,77.16,77.69,76.85,77.51,765943.95,765943.95,59209970.3387,1
2026-07-08T20:00:00+08:00,1783512000000,77.5,77.61,76.57,77.26,1417143.57,1417143.57,109226428.3272,1
2026-07-08T22:00:00+08:00,1783519200000,77.26,77.38,76.07,76.71,1552969,1552969,119172197.6512,1
2026-07-09T00:00:00+08:00,1783526400000,76.71,77.63,76.71,77.1,840266.93,840266.93,64825064.0276,1
2026-07-09T02:00:00+08:00,1783533600000,77.09,77.46,76.76,77.38,422220.05,422220.05,32555131.4875,1
2026-07-09T04:00:00+08:00,1783540800000,77.38,77.52,76.84,77.21,323178,323178,24942829.7535,1
2026-07-09T06:00:00+08:00,1783548000000,77.2,77.9,77.13,77.78,355788.37,355788.37,27574326.9921,1
2026-07-09T08:00:00+08:00,1783555200000,77.77,78.76,77.08,77.28,1394952.67,1394952.67,108510472.8192,1
2026-07-09T10:00:00+08:00,1783562400000,77.29,77.79,76.65,77.34,825734.84,825734.84,63758945.5665,1
2026-07-09T12:00:00+08:00,1783569600000,77.33,78.36,77.18,78.35,698920.33,698920.33,54414314.9229,1
2026-07-09T14:00:00+08:00,1783576800000,78.35,78.79,78.06,78.16,726233.84,726233.84,56900020.5626,1
2026-07-09T16:00:00+08:00,1783584000000,78.17,78.37,77.81,78.08,510551.23,510551.23,39843114.383,1
2026-07-09T18:00:00+08:00,1783591200000,78.09,78.16,77.27,77.57,651157.41,651157.41,50577364.3048,1
2026-07-09T20:00:00+08:00,1783598400000,77.57,78.46,77.27,78.18,1368171.33,1368171.33,106416301.284,1
2026-07-09T22:00:00+08:00,1783605600000,78.17,78.33,77.46,77.57,642803.94,642803.94,50016828.9284,1
2026-07-10T00:00:00+08:00,1783612800000,77.58,78.12,77.21,78.03,599801.91,599801.91,46589770.0615,1
2026-07-10T02:00:00+08:00,1783620000000,78.03,78.41,77.86,78.12,402016.87,402016.87,31417531.5366,1
2026-07-10T04:00:00+08:00,1783627200000,78.12,78.27,77.84,78.01,163706.61,163706.61,12778250.2887,1
2026-07-10T06:00:00+08:00,1783634400000,78,78.24,77.72,78,203542.93,203542.93,15879880.2887,1
2026-07-10T08:00:00+08:00,1783641600000,78,79.42,77.75,79.02,1089540.92,1089540.92,85701679.0527,1
2026-07-10T10:00:00+08:00,1783648800000,79.03,79.12,78.68,79.01,653211.59,653211.59,51536794.4245,1
2026-07-10T12:00:00+08:00,1783656000000,79.02,79.33,78.79,79.14,514117.92,514117.92,40624645.932,1
2026-07-10T14:00:00+08:00,1783663200000,79.13,79.19,78.7,78.82,338853.07,338853.07,26735425.3856,1
2026-07-10T16:00:00+08:00,1783670400000,78.83,79.38,78.75,79.17,916714.86,916714.86,72584450.907,1
2026-07-10T18:00:00+08:00,1783677600000,79.18,79.64,79.09,79.33,771615.3,771615.3,61255118.8547,1
2026-07-10T20:00:00+08:00,1783684800000,79.33,79.52,78.71,78.93,753761.65,753761.65,59593873.6458,1
2026-07-10T22:00:00+08:00,1783692000000,78.93,78.93,77.02,78.11,2371262.32,2371262.32,184695673.63,1
2026-07-11T00:00:00+08:00,1783699200000,78.1,78.24,77.54,77.54,645371.74,645371.74,50257110.3064,1
2026-07-11T02:00:00+08:00,1783706400000,77.54,78.04,77.3,77.85,566112.87,566112.87,43963680.3776,1
2026-07-11T04:00:00+08:00,1783713600000,77.86,78.07,77.67,77.94,279343.86,279343.86,21747743.8401,1
2026-07-11T06:00:00+08:00,1783720800000,77.94,78.32,77.88,78.08,299905.83,299905.83,23412378.1701,1
2026-07-11T08:00:00+08:00,1783728000000,78.08,78.08,77.41,77.49,339658.49,339658.49,26409715.0952,1
2026-07-11T10:00:00+08:00,1783735200000,77.5,77.83,77.44,77.73,218910.84,218910.84,17002943.389,1
2026-07-11T12:00:00+08:00,1783742400000,77.73,77.95,77.54,77.85,197446.98,197446.98,15350077.4234,1
2026-07-11T14:00:00+08:00,1783749600000,77.86,78.07,77.73,77.92,254606.96,254606.96,19846052.1132,1
2026-07-11T16:00:00+08:00,1783756800000,77.92,78.3,77.77,77.79,404695.45,404695.45,31579904.4801,1
2026-07-11T18:00:00+08:00,1783764000000,77.79,78.09,77.62,78.05,338581.18,338581.18,26374560.5016,1
2026-07-11T20:00:00+08:00,1783771200000,78.06,78.41,77.89,78.13,286707.48,286707.48,22395367.9432,1
2026-07-11T22:00:00+08:00,1783778400000,78.13,78.86,77.89,78.33,1125902.12,1125902.12,88252311.8576,1
2026-07-12T00:00:00+08:00,1783785600000,78.33,78.36,77.59,78.05,725851.24,725851.24,56600165.6604,1
2026-07-12T02:00:00+08:00,1783792800000,78.05,78.3,77.84,78.1,304442.97,304442.97,23762356.0108,1
2026-07-12T04:00:00+08:00,1783800000000,78.1,78.3,78.07,78.18,156705.42,156705.42,12252220.2869,1
2026-07-12T06:00:00+08:00,1783807200000,78.18,78.24,76.71,76.71,1064950.52,1064950.52,82254700.5082,1
2026-07-12T08:00:00+08:00,1783814400000,76.71,76.83,75.58,76.78,1620714.85,1620714.85,123567423.5801,1
2026-07-12T10:00:00+08:00,1783821600000,76.78,77.04,76.58,76.99,502495.31,502495.31,38603214.3325,1
2026-07-12T12:00:00+08:00,1783828800000,76.99,77.02,76.34,76.4,509104.96,509104.96,39014412.482,1
2026-07-12T14:00:00+08:00,1783836000000,76.39,76.67,75.8,76.47,842230.87,842230.87,64213762.1238,1
2026-07-12T16:00:00+08:00,1783843200000,76.46,76.87,76.34,76.71,509361.3,509361.3,39020673.6583,1
2026-07-12T18:00:00+08:00,1783850400000,76.72,77.23,76.48,76.88,398803.68,398803.68,30646472.8292,1
2026-07-12T20:00:00+08:00,1783857600000,76.88,77.44,76.74,77.11,559031.33,559031.33,43127517.3033,1
2026-07-12T22:00:00+08:00,1783864800000,77.11,77.7,76.92,77.42,841312.55,841312.55,65064766.1771,1
2026-07-13T00:00:00+08:00,1783872000000,77.43,77.64,77.16,77.3,416725.62,416725.62,32274971.9057,1
2026-07-13T02:00:00+08:00,1783879200000,77.3,77.76,77.2,77.63,233704.95,233704.95,18105481.8383,1
2026-07-13T04:00:00+08:00,1783886400000,77.63,77.68,76.92,77.07,308777.18,308777.18,23861699.7324,1
2026-07-13T06:00:00+08:00,1783893600000,77.06,77.06,76.41,76.87,613194.36,613194.36,47028060.4804,1
2026-07-13T08:00:00+08:00,1783900800000,76.87,78.19,76.22,76.26,1718916.27,1718916.27,132917616.8628,1
2026-07-13T10:00:00+08:00,1783908000000,76.27,76.63,75.39,75.82,1151109.35,1151109.35,87494293.7852,1
2026-07-13T12:00:00+08:00,1783915200000,75.82,76.43,75.66,76.35,707934.8,707934.8,53854014.8666,1
2026-07-13T14:00:00+08:00,1783922400000,76.36,76.63,76.18,76.38,502894.64,502894.64,38427061.4451,1
2026-07-13T16:00:00+08:00,1783929600000,76.39,76.86,76.31,76.58,378170.6,378170.6,28968467.8745,1
2026-07-13T18:00:00+08:00,1783936800000,76.59,76.59,76.05,76.3,522996.58,522996.58,39915129.9357,1
2026-07-13T20:00:00+08:00,1783944000000,76.31,76.37,75.05,75.37,1139895.29,1139895.29,86202585.8639,1
2026-07-13T22:00:00+08:00,1783951200000,75.36,76.28,75.28,75.77,1226695.55,1226695.55,93037375.4065,1
2026-07-14T00:00:00+08:00,1783958400000,75.76,75.99,74.48,74.54,1184604.07,1184604.07,89000238.1549,1
2026-07-14T02:00:00+08:00,1783965600000,74.54,75.18,74.49,75.15,491485.09,491485.09,36768959.7727,1
2026-07-14T04:00:00+08:00,1783972800000,75.14,75.31,74.04,74.36,627467.63,627467.63,46788031.7097,1
2026-07-14T06:00:00+08:00,1783980000000,74.36,74.96,74.35,74.95,361027.76,361027.76,26942077.5132,1
2026-07-14T08:00:00+08:00,1783987200000,74.95,75.52,74.78,75.25,594735.75,594735.75,44732137.1553,1
2026-07-14T10:00:00+08:00,1783994400000,75.26,75.29,74.5,75.11,517040.29,517040.29,38729379.6378,1
2026-07-14T12:00:00+08:00,1784001600000,75.11,75.44,75,75.36,377899.49,377899.49,28431318.3857,1
2026-07-14T14:00:00+08:00,1784008800000,75.37,75.39,74.86,74.93,335871.95,335871.95,25220751.0797,1
2026-07-14T16:00:00+08:00,1784016000000,74.93,75.36,74.81,75.03,404169.02,404169.02,30351493.6437,1
2026-07-14T18:00:00+08:00,1784023200000,75.03,75.57,74.92,75.34,528517.27,528517.27,39800540.1346,1
2026-07-14T20:00:00+08:00,1784030400000,75.35,77.7,75.13,76.9,2932959.84,2932959.84,224432883.8859,1
2026-07-14T22:00:00+08:00,1784037600000,76.9,77.92,76.62,77.33,1243471.8,1243471.8,96029577.1742,1
2026-07-15T00:00:00+08:00,1784044800000,77.34,77.62,76.76,77.13,714739.93,714739.93,55164949.3342,1
2026-07-15T02:00:00+08:00,1784052000000,77.14,77.5,76.95,77.14,353139.37,353139.37,27257367.6489,1
2026-07-15T04:00:00+08:00,1784059200000,77.13,77.38,76.9,77.18,298098.42,298098.42,22998012.688,1
2026-07-15T06:00:00+08:00,1784066400000,77.17,77.96,77.08,77.83,600864.38,600864.38,46662169.894,1
2026-07-15T08:00:00+08:00,1784073600000,77.84,77.89,77.23,77.4,399600.09,399600.09,30988464.4081,1
2026-07-15T10:00:00+08:00,1784080800000,77.39,77.86,76.96,77.75,548714.39,548714.39,42462728.8267,1
2026-07-15T12:00:00+08:00,1784088000000,77.75,78.28,77.49,78.21,730823.23,730823.23,56935447.7206,1
2026-07-15T14:00:00+08:00,1784095200000,78.22,78.66,77.36,77.36,1046890.73,1046890.73,81730095.1687,1
2026-07-15T16:00:00+08:00,1784102400000,77.37,77.86,77.19,77.44,648175.9,648175.9,50219680.6256,1
2026-07-15T18:00:00+08:00,1784109600000,77.44,77.67,77.16,77.49,374214.98,374214.98,28954416.578,1
2026-07-15T20:00:00+08:00,1784116800000,77.48,79,77.21,78.05,1803386.31,1803386.31,141066130.4979,1
2026-07-15T22:00:00+08:00,1784124000000,78.06,78.34,77.7,78.01,1044757.55,1044757.55,81515156.5666,1
2026-07-16T00:00:00+08:00,1784131200000,78.01,78.07,77.01,77.78,1113726.73,1113726.73,86363627.8023,1
2026-07-16T02:00:00+08:00,1784138400000,77.78,78.05,76.87,77.13,871548.9,871548.9,67477434.7103,1
2026-07-16T04:00:00+08:00,1784145600000,77.14,77.51,77.05,77.39,319242.86,319242.86,24678905.666,1
2026-07-16T06:00:00+08:00,1784152800000,77.39,77.7,77.15,77.24,273044.54,273044.54,21143891.4365,1
2026-07-16T08:00:00+08:00,1784160000000,77.23,77.46,76.63,77.05,688950.29,688950.29,52992670.5791,1
2026-07-16T10:00:00+08:00,1784167200000,77.05,77.25,76.75,76.91,345312.58,345312.58,26582003.6118,1
2026-07-16T12:00:00+08:00,1784174400000,76.9,77.46,76.54,77.43,582977.35,582977.35,44887740.8073,1
2026-07-16T14:00:00+08:00,1784181600000,77.43,77.59,76.12,76.39,989410.45,989410.45,75914704.7374,1
2026-07-16T16:00:00+08:00,1784188800000,76.38,76.45,75.57,75.99,1152856.93,1152856.93,87646496.782,1
2026-07-16T18:00:00+08:00,1784196000000,75.99,76.31,75.96,76.21,376469.21,376469.21,28655860.4954,1
2026-07-16T20:00:00+08:00,1784203200000,76.21,76.58,75.64,76.31,943191.39,943191.39,71788974.0455,1
2026-07-16T22:00:00+08:00,1784210400000,76.31,76.85,75.94,76.58,852500.59,852500.59,65202632.0164,1
2026-07-17T00:00:00+08:00,1784217600000,76.59,76.59,75.33,75.58,781316.26,781316.26,59329218.8738,1
2026-07-17T02:00:00+08:00,1784224800000,75.58,75.89,75.37,75.76,602172.33,602172.33,45541309.9172,1
2026-07-17T04:00:00+08:00,1784232000000,75.75,76.04,75.65,75.91,176133.82,176133.82,13358379.5633,1
2026-07-17T06:00:00+08:00,1784239200000,75.9,76,74.94,75.27,634108.92,634108.92,47775602.7066,1
2026-07-17T08:00:00+08:00,1784246400000,75.27,75.71,74.86,75.06,617960.53,617960.53,46504403.4219,1
2026-07-17T10:00:00+08:00,1784253600000,75.05,75.41,74.7,75.19,635745.36,635745.36,47716182.0814,1
2026-07-17T12:00:00+08:00,1784260800000,75.19,75.3,74.24,74.37,918440.06,918440.06,68609746.5956,1
2026-07-17T14:00:00+08:00,1784268000000,74.36,74.72,74.27,74.57,453830.49,453830.49,33823996.2623,1
2026-07-17T16:00:00+08:00,1784275200000,74.58,74.78,74.15,74.6,415025.17,415025.17,30915829.4231,1
2026-07-17T18:00:00+08:00,1784282400000,74.61,74.98,74.58,74.81,364666.74,364666.74,27263700.572,1
2026-07-17T20:00:00+08:00,1784289600000,74.82,74.83,73.32,74.29,1386830.39,1386830.39,102439020.8424,1
2026-07-17T22:00:00+08:00,1784296800000,74.29,74.78,73.76,74.72,1226067.57,1226067.57,91072714.7514,1
2026-07-18T00:00:00+08:00,1784304000000,74.72,75.55,74.56,75.18,825514.62,825514.62,61943491.8379,1
2026-07-18T02:00:00+08:00,1784311200000,75.19,75.36,74.81,75.15,306385.89,306385.89,23008198.5621,1
2026-07-18T04:00:00+08:00,1784318400000,75.15,75.19,74.84,74.97,194472.09,194472.09,14583150.2967,1
2026-07-18T06:00:00+08:00,1784325600000,74.97,75.09,74.8,74.99,170381.97,170381.97,12767913.1403,1
2026-07-18T08:00:00+08:00,1784332800000,74.98,75.23,74.94,75.17,179265.78,179265.78,13461151.9618,1
2026-07-18T10:00:00+08:00,1784340000000,75.18,75.42,75.1,75.33,216217.52,216217.52,16267209.9549,1
2026-07-18T12:00:00+08:00,1784347200000,75.34,75.34,74.82,74.89,210189.84,210189.84,15762759.7405,1
2026-07-18T14:00:00+08:00,1784354400000,74.89,75.05,74.85,74.92,163030.87,163030.87,12217510.9731,1
2026-07-18T16:00:00+08:00,1784361600000,74.92,75,74.59,74.8,351335.73,351335.73,26278665.9192,1
2026-07-18T18:00:00+08:00,1784368800000,74.8,74.97,74.75,74.91,165454.36,165454.36,12387318.0956,1
2026-07-18T20:00:00+08:00,1784376000000,74.9,75.14,74.45,74.69,543521.9,543521.9,40651077.8739,1
2026-07-18T22:00:00+08:00,1784383200000,74.7,75,74.61,74.92,245232.01,245232.01,18354497.1086,1
2026-07-19T00:00:00+08:00,1784390400000,74.91,75.36,74.79,75.3,366045.79,366045.79,27501903.8923,1
2026-07-19T02:00:00+08:00,1784397600000,75.31,75.62,75.14,75.4,405121.86,405121.86,30528944.3301,1
2026-07-19T04:00:00+08:00,1784404800000,75.4,75.6,75.28,75.44,183891,183891,13870505.9413,1
2026-07-19T06:00:00+08:00,1784412000000,75.43,75.58,75.33,75.46,117602.16,117602.16,8874423.6189,1
2026-07-19T08:00:00+08:00,1784419200000,75.47,75.69,75.39,75.64,215587.73,215587.73,16284800.0354,1
2026-07-19T10:00:00+08:00,1784426400000,75.64,76.55,75.63,75.91,908606.69,908606.69,69117233.2954,1
2026-07-19T12:00:00+08:00,1784433600000,75.92,76.06,75.67,75.93,260814.55,260814.55,19794482.743,1
2026-07-19T14:00:00+08:00,1784440800000,75.93,76.29,75.89,76.1,220555.94,220555.94,16778200.1741,1
2026-07-19T16:00:00+08:00,1784448000000,76.1,76.33,75.87,75.96,280735.54,280735.54,21360095.9087,1
2026-07-19T18:00:00+08:00,1784455200000,75.95,76.5,75.86,76.02,345641.55,345641.55,26333834.5007,1
2026-07-19T20:00:00+08:00,1784462400000,76.02,76.16,75.71,76.07,425739.72,425739.72,32325831.2141,1
2026-07-19T22:00:00+08:00,1784469600000,76.06,76.65,75.99,76.15,472000.96,472000.96,36014870.4761,1
2026-07-20T00:00:00+08:00,1784476800000,76.15,76.24,75.51,75.92,513197.2,513197.2,38963910.6735,1
2026-07-20T02:00:00+08:00,1784484000000,75.92,75.94,75.28,75.84,360965.48,360965.48,27290712.8733,1
2026-07-20T04:00:00+08:00,1784491200000,75.84,76.19,75.65,75.73,291294.94,291294.94,22115353.792,1
2026-07-20T06:00:00+08:00,1784498400000,75.73,76.54,75.57,76.34,491301.71,491301.71,37418251.4573,1
2026-07-20T08:00:00+08:00,1784505600000,76.33,77.38,76.08,76.34,1298166.02,1298166.02,99621543.3101,1
2026-07-20T10:00:00+08:00,1784512800000,76.33,77.16,76.31,76.71,569058.69,569058.69,43678355.1381,1
2026-07-20T12:00:00+08:00,1784520000000,76.71,76.9,75.72,75.87,681379.53,681379.53,51972947.6685,1
2026-07-20T14:00:00+08:00,1784527200000,75.88,76.2,75.44,76.17,695272.48,695272.48,52679507.5925,1
2026-07-20T16:00:00+08:00,1784534400000,76.17,76.75,75.85,76.42,759338.98,759338.98,57942317.6502,1
2026-07-20T18:00:00+08:00,1784541600000,76.43,77.2,76.27,77.1,821184.74,821184.74,63018133.1709,1
2026-07-20T20:00:00+08:00,1784548800000,77.09,77.11,76.08,76.24,993634.59,993634.59,76187669.9374,1
2026-07-20T22:00:00+08:00,1784556000000,76.24,77.9,75.73,77.72,1851868.28,1851868.28,142161630.6744,1
2026-07-21T00:00:00+08:00,1784563200000,77.73,77.88,77.31,77.7,740669.78,740669.78,57485669.9039,1
2026-07-21T02:00:00+08:00,1784570400000,77.7,78.36,77.25,77.6,1051995.83,1051995.83,81813451.0944,1
2026-07-21T04:00:00+08:00,1784577600000,77.6,78.02,77.49,77.69,289379.24,289379.24,22516791.0099,1
2026-07-21T06:00:00+08:00,1784584800000,77.7,77.84,77.38,77.8,239034.47,239034.47,18550054.6887,1
2026-07-21T08:00:00+08:00,1784592000000,77.81,78.24,77.71,77.81,344986.72,344986.72,26908584.2526,1
2026-07-21T10:00:00+08:00,1784599200000,77.81,78.53,77.61,78.16,495796.45,495796.45,38725806.5021,1
2026-07-21T12:00:00+08:00,1784606400000,78.16,78.66,77.96,78.41,548244.99,548244.99,42894213.24,1
2026-07-21T14:00:00+08:00,1784613600000,78.42,78.84,78.25,78.53,453847.49,453847.49,35668294.9054,1
2026-07-21T16:00:00+08:00,1784620800000,78.52,78.71,78.11,78.38,478652.61,478652.61,37514573.4201,1
2026-07-21T18:00:00+08:00,1784628000000,78.38,78.45,78.02,78.32,384533.41,384533.41,30084144.7104,1
2026-07-21T20:00:00+08:00,1784635200000,78.32,78.6,78.16,78.53,473948.99,473948.99,37150911.7868,1
2026-07-21T22:00:00+08:00,1784642400000,78.54,78.6,77.75,78.1,635801.15,635801.15,49638767.4785,1
2026-07-22T00:00:00+08:00,1784649600000,78.1,78.24,77.37,77.69,476824.27,476824.27,37122306.161,1
2026-07-22T02:00:00+08:00,1784656800000,77.69,77.96,77.56,77.83,254844.98,254844.98,19828698.9469,1
2026-07-22T04:00:00+08:00,1784664000000,77.83,78.12,77.75,78,214705.33,214705.33,16734973.6385,1
2026-07-22T06:00:00+08:00,1784671200000,78,78.16,77.76,78.09,179869.82,179869.82,14020998.5168,1
2026-07-22T08:00:00+08:00,1784678400000,78.09,78.55,78.06,78.3,430605.39,430605.39,33737679.3882,1
2026-07-22T10:00:00+08:00,1784685600000,78.31,78.48,77.75,77.83,289327.49,289327.49,22598598.596,1
2026-07-22T12:00:00+08:00,1784692800000,77.82,78.19,77.34,77.38,519570.57,519570.57,40374986.8597,1
2026-07-22T14:00:00+08:00,1784700000000,77.37,77.46,76.94,77.06,752833.97,752833.97,58077725.1244,1
2026-07-22T16:00:00+08:00,1784707200000,77.07,77.55,77,77.5,404157.45,404157.45,31248604.499,1
2026-07-22T18:00:00+08:00,1784714400000,77.5,77.76,77.4,77.52,295853.57,295853.57,22950868.4504,1
2026-07-22T20:00:00+08:00,1784721600000,77.52,77.93,76.99,77.84,786895.63,786895.63,60914381.8343,1
2026-07-22T22:00:00+08:00,1784728800000,77.83,78.83,77.36,78.41,1393796.25,1393796.25,108919472.0963,1
2026-07-23T00:00:00+08:00,1784736000000,78.42,78.79,78.06,78.18,731882.34,731882.34,57396312.7663,1
2026-07-23T02:00:00+08:00,1784743200000,78.19,78.26,77.26,77.62,590652.2,590652.2,45862596.6715,1
2026-07-23T04:00:00+08:00,1784750400000,77.61,78.02,77.53,77.98,288047.06,288047.06,22403082.173,1
2026-07-23T06:00:00+08:00,1784757600000,77.99,78.1,77.44,77.93,356097.94,356097.94,27701298.5039,1
2026-07-23T08:00:00+08:00,1784764800000,77.93,78.51,77.83,77.86,543965.93,543965.93,42532188.1038,1
2026-07-23T10:00:00+08:00,1784772000000,77.85,77.85,77.34,77.57,454346.92,454346.92,35240675.0756,1
2026-07-23T12:00:00+08:00,1784779200000,77.56,77.78,77.36,77.48,401416.01,401416.01,31130796.0919,1
2026-07-23T14:00:00+08:00,1784786400000,77.49,77.54,76.97,77.11,563152.83,563152.83,43479320.1728,1
2026-07-23T16:00:00+08:00,1784793600000,77.11,77.6,77.05,77.45,345651.97,345651.97,26746730.9628,1
2026-07-23T18:00:00+08:00,1784800800000,77.45,77.83,77.38,77.61,279259.08,279259.08,21688795.5847,1
2026-07-23T20:00:00+08:00,1784808000000,77.61,77.7,76.45,76.65,1301565.17,1301565.17,100119676.2339,1
2026-07-23T22:00:00+08:00,1784815200000,76.65,76.83,75.8,76.31,1109225.95,1109225.95,84586791.5979,1
2026-07-24T00:00:00+08:00,1784822400000,76.32,76.33,75.42,75.61,804837.01,804837.01,61094580.5316,1
2026-07-24T02:00:00+08:00,1784829600000,75.6,75.81,75.37,75.68,388945.45,388945.45,29416286.5421,1
2026-07-24T04:00:00+08:00,1784836800000,75.69,76.22,75.65,75.99,282596.57,282596.57,21479585.9162,1
2026-07-24T06:00:00+08:00,1784844000000,76,76.21,75.8,75.83,211904.53,211904.53,16111452.6592,1
2026-07-24T08:00:00+08:00,1784851200000,75.83,76.08,75.46,75.64,424202.36,424202.36,32130566.8333,1
2026-07-24T10:00:00+08:00,1784858400000,75.64,75.92,75.23,75.78,519608.2,519608.2,39293065.7771,1
2026-07-24T12:00:00+08:00,1784865600000,75.78,75.88,75.54,75.74,204916.2,204916.2,15517007.0998,1
2026-07-24T14:00:00+08:00,1784872800000,75.75,76.4,75.68,76.02,574761.57,574761.57,43689940.7411,1
2026-07-24T16:00:00+08:00,1784880000000,76.03,76.04,75.31,75.57,517443.46,517443.46,39125340.6192,1
2026-07-24T18:00:00+08:00,1784887200000,75.57,75.62,74.92,75.16,543107.81,543107.81,40859701.5069,1
2026-07-24T20:00:00+08:00,1784894400000,75.15,75.25,73.92,74.17,1452794.76,1452794.76,108251125.1459,1
2026-07-24T22:00:00+08:00,1784901600000,74.17,74.25,73.54,74,1350741.93,1350741.93,99855233.0149,1
2026-07-25T00:00:00+08:00,1784908800000,73.99,74.17,73.66,74.01,591785.66,591785.66,43751302.4073,1
2026-07-25T02:00:00+08:00,1784916000000,74,74.04,73.74,73.92,254702.29,254702.29,18824049.7248,1
2026-07-25T04:00:00+08:00,1784923200000,73.92,73.98,73.38,73.6,421981.31,421981.31,31081181.6251,1
2026-07-25T06:00:00+08:00,1784930400000,73.59,73.98,73.58,73.91,185856.4,185856.4,13724985.5014,1
2026-07-25T08:00:00+08:00,1784937600000,73.91,74.21,73.88,74.08,340427.73,340427.73,25204285.1994,1
2026-07-25T10:00:00+08:00,1784944800000,74.09,74.28,73.99,74.09,274194.44,274194.44,20321523.5075,1
2026-07-25T12:00:00+08:00,1784952000000,74.09,74.33,73.85,73.94,278226.62,278226.62,20628451.1917,1
2026-07-25T14:00:00+08:00,1784959200000,73.93,74.01,73.72,73.74,391003.07,391003.07,28879960.9734,1
2026-07-25T16:00:00+08:00,1784966400000,73.74,73.99,73.49,73.94,335873.41,335873.41,24775415.2834,1
2026-07-25T18:00:00+08:00,1784973600000,73.93,74,73.8,73.88,164683.06,164683.06,12171507.46,1
2026-07-25T20:00:00+08:00,1784980800000,73.88,74.15,73.82,73.93,236031.82,236031.82,17458128.2098,1
2026-07-25T22:00:00+08:00,1784988000000,73.94,74.28,73.73,74.13,579988.51,579988.51,42909061.699,1
2026-07-26T00:00:00+08:00,1784995200000,74.12,74.62,74.04,74.42,381929.55,381929.55,28397536.9391,1
2026-07-26T02:00:00+08:00,1785002400000,74.43,74.68,74.43,74.51,205391.49,205391.49,15313167.7485,1
2026-07-26T04:00:00+08:00,1785009600000,74.51,74.57,74.24,74.41,209517.19,209517.19,15592145.153,1
2026-07-26T06:00:00+08:00,1785016800000,74.41,74.5,74.26,74.48,180087.6,180087.6,13398808.9245,1
2026-07-26T08:00:00+08:00,1785024000000,74.48,74.93,74.42,74.78,438418.76,438418.76,32767676.6271,1
2026-07-26T10:00:00+08:00,1785031200000,74.78,75.03,74.67,74.99,299488.64,299488.64,22423801.7419,1
2026-07-26T12:00:00+08:00,1785038400000,74.99,75.19,74.9,74.97,345877.84,345877.84,25953775.1391,1
2026-07-26T14:00:00+08:00,1785045600000,74.97,75.11,74.7,74.83,313276.4,313276.4,23465706.9767,1
2026-07-26T16:00:00+08:00,1785052800000,74.83,75.25,74.8,75.03,331549.39,331549.39,24879987.7035,1
2026-07-26T18:00:00+08:00,1785060000000,75.02,75.21,74.84,74.91,262091.22,262091.22,19667832.6829,1
2026-07-26T20:00:00+08:00,1785067200000,74.91,75.1,74.72,74.89,357314.37,357314.37,26754127.0517,1
2026-07-26T22:00:00+08:00,1785074400000,74.89,75.46,74.85,75.44,575394.8,575394.8,43240423.0554,1
2026-07-27T00:00:00+08:00,1785081600000,75.45,75.95,75.24,75.34,499441.92,499441.92,37732676.9156,1
2026-07-27T02:00:00+08:00,1785088800000,75.34,75.42,75.2,75.29,140700.89,140700.89,10593268.7763,1
2026-07-27T04:00:00+08:00,1785096000000,75.29,75.73,75.26,75.6,165934.5,165934.5,12520299.0074,1
2026-07-27T06:00:00+08:00,1785103200000,75.61,77.08,75.61,76.73,1183742.48,1183742.48,90573316.3291,1
2026-07-27T08:00:00+08:00,1785110400000,76.74,76.76,75.95,76.49,599337.72,599337.72,45748562.129,1
2026-07-27T10:00:00+08:00,1785117600000,76.49,76.65,76.3,76.37,403593.9,403593.9,30861225.2913,1
2026-07-27T12:00:00+08:00,1785124800000,76.38,76.61,76.23,76.53,321690.15,321690.15,24573876.7067,1
2026-07-27T14:00:00+08:00,1785132000000,76.53,76.96,76.35,76.43,599963.53,599963.53,46015898.5323,1
2026-07-27T16:00:00+08:00,1785139200000,76.44,76.53,76.09,76.45,389287.1,389287.1,29708117.7748,1
2026-07-27T18:00:00+08:00,1785146400000,76.44,76.66,76.38,76.47,276282.35,276282.35,21145541.512,1
2026-07-27T20:00:00+08:00,1785153600000,76.47,77.47,76.2,76.87,1371110.67,1371110.67,105343186.2848,1
2026-07-27T22:00:00+08:00,1785160800000,76.86,76.95,74.94,75.22,1868189.4,1868189.4,141358346.313,1
2026-07-28T00:00:00+08:00,1785168000000,75.22,76.22,75.09,75.86,692306.62,692306.62,52435985.8944,1
2026-07-28T02:00:00+08:00,1785175200000,75.86,76.02,75.21,75.94,557077.04,557077.04,42125803.1693,1
2026-07-28T04:00:00+08:00,1785182400000,75.95,76.11,75.47,75.57,248389.53,248389.53,18827636.3108,1
2026-07-28T06:00:00+08:00,1785189600000,75.56,75.59,73.69,74.16,1131437.46,1131437.46,84187891.4608,1
2026-07-28T08:00:00+08:00,1785196800000,74.15,74.25,72.78,73.15,1137249.33,1137249.33,83478791.8168,1
2026-07-28T10:00:00+08:00,1785204000000,73.15,73.41,73.01,73.23,368344.41,368344.41,26978927.6192,1
2026-07-28T12:00:00+08:00,1785211200000,73.23,73.49,72.93,73.2,426535.47,426535.47,31228466.5895,1
2026-07-28T14:00:00+08:00,1785218400000,73.21,73.45,73.08,73.24,462946.97,462946.97,33925677.3001,1
2026-07-28T16:00:00+08:00,1785225600000,73.23,73.46,73.09,73.21,309674.96,309674.96,22696891.1232,1
2026-07-28T18:00:00+08:00,1785232800000,73.2,73.32,72.82,73.14,544927.93,544927.93,39830551.5128,1
2026-07-28T20:00:00+08:00,1785240000000,73.14,73.42,72.29,72.66,1042605.21,1042605.21,75935453.8086,1
2026-07-28T22:00:00+08:00,1785247200000,72.66,74.53,72.49,74.29,1464523.3,1464523.3,107853791.0741,1
2026-07-29T00:00:00+08:00,1785254400000,74.29,74.53,73.49,73.78,717856.6,717856.6,53092835.4714,1
2026-07-29T02:00:00+08:00,1785261600000,73.78,74.34,73.75,74.28,285906.13,285906.13,21154240.5671,1
2026-07-29T04:00:00+08:00,1785268800000,74.28,74.36,73.96,74.09,404454.95,404454.95,29990997.6853,1
2026-07-29T06:00:00+08:00,1785276000000,74.1,74.2,73.12,73.78,530605.7,530605.7,39038730.6364,1
2026-07-29T08:00:00+08:00,1785283200000,73.77,74.14,73.17,73.22,516234.25,516234.25,38083088.2756,1
2026-07-29T10:00:00+08:00,1785290400000,73.22,73.94,72.97,73.03,626160.19,626160.19,45954287.1129,1
2026-07-29T12:00:00+08:00,1785297600000,73.04,73.75,72.68,73.63,652522.08,652522.08,47783151.375,1
2026-07-29T14:00:00+08:00,1785304800000,73.63,74.24,73.48,74.21,401650.63,401650.63,29703957.0649,1
2026-07-29T16:00:00+08:00,1785312000000,74.21,74.29,73.65,74.08,426150.03,426150.03,31539023.0402,1
2026-07-29T18:00:00+08:00,1785319200000,74.09,74.09,73.74,73.91,227076,227076,16789619.3944,1
2026-07-29T20:00:00+08:00,1785326400000,73.91,73.91,73.27,73.68,545273.29,545273.29,40090667.6385,1
2026-07-29T22:00:00+08:00,1785333600000,73.68,73.88,72.93,73.09,568874.2,568874.2,41694894.2982,1
2026-07-30T00:00:00+08:00,1785340800000,73.09,73.93,72.85,73.9,646111.87,646111.87,47347797.8113,1
2026-07-30T02:00:00+08:00,1785348000000,73.9,74.5,72.69,72.7,1494733.23,1494733.23,110269590.1417,1
2026-07-30T04:00:00+08:00,1785355200000,72.71,73.17,72.27,73.14,907525.11,907525.11,65976420.4305,1
2026-07-30T06:00:00+08:00,1785362400000,73.15,73.76,73.14,73.63,450056.16,450056.16,33095061.2015,1
2026-07-30T08:00:00+08:00,1785369600000,73.63,74.19,73.1,73.97,577838.96,577838.96,42545625.6693,1
2026-07-30T10:00:00+08:00,1785376800000,73.98,74.1,73.62,73.66,263427.38,263427.38,19459933.5855,1
2026-07-30T12:00:00+08:00,1785384000000,73.67,73.83,73.38,73.65,293302.12,293302.12,21581089.6585,1
2026-07-30T14:00:00+08:00,1785391200000,73.66,73.77,73.35,73.38,276679.47,276679.47,20354903.4154,1
2026-07-30T16:00:00+08:00,1785398400000,73.38,74.18,73.25,73.99,530853.87,530853.87,39166675.9135,1
2026-07-30T18:00:00+08:00,1785405600000,74,74.29,73.77,74.18,376083.03,376083.03,27846890.2881,1
2026-07-30T20:00:00+08:00,1785412800000,74.18,74.87,74.02,74.64,889929.35,889929.35,66179410.8861,1
2026-07-30T22:00:00+08:00,1785420000000,74.64,74.82,74.25,74.62,600076.41,600076.41,44740742.1036,1
2026-07-31T00:00:00+08:00,1785427200000,74.62,74.85,74.38,74.71,311591.95,311591.95,23252732.0044,1
2026-07-31T02:00:00+08:00,1785434400000,74.71,74.94,74.45,74.73,241761.63,241761.63,18051827.8139,1
2026-07-31T04:00:00+08:00,1785441600000,74.74,74.87,74.39,74.46,280628.2,280628.2,20924237.1742,1
2026-07-31T06:00:00+08:00,1785448800000,74.45,74.96,74.35,74.45,367177.91,367177.91,27421769.5322,1
2026-07-31T08:00:00+08:00,1785456000000,74.46,75.27,74.23,74.37,763214.72,763214.72,57056446.3017,1
2026-07-31T10:00:00+08:00,1785463200000,74.36,74.53,73.83,74.1,586321.74,586321.74,43464674.4664,1
2026-07-31T12:00:00+08:00,1785470400000,74.1,74.28,73.69,74.2,431032.05,431032.05,31875980.9468,1
2026-07-31T14:00:00+08:00,1785477600000,74.19,74.5,73.46,73.62,556787.97,556787.97,41138607.9523,1
2026-07-31T16:00:00+08:00,1785484800000,73.62,73.77,73.34,73.45,457444.56,457444.56,33640745.3914,1
2026-07-31T18:00:00+08:00,1785492000000,73.44,73.68,73.24,73.52,305169.75,305169.75,22433752.6318,1
2026-07-31T20:00:00+08:00,1785499200000,73.53,73.78,73.12,73.24,537924.99,537924.99,39507767.4819,1
2026-07-31T22:00:00+08:00,1785506400000,73.25,73.65,72.74,73.07,1324719.95,1324719.95,96874843.4862,1
2026-08-01T00:00:00+08:00,1785513600000,73.07,73.4,72.94,73.32,314121.51,314121.51,22992931.247,1
2026-08-01T02:00:00+08:00,1785520800000,73.32,73.46,72.87,73.05,388033.8,388033.8,28373891.6974,1
2026-08-01T04:00:00+08:00,1785528000000,73.05,73.2,72.49,72.68,496692.23,496692.23,36174207.314,1
2026-08-01T06:00:00+08:00,1785535200000,72.68,72.91,72.62,72.82,177063.25,177063.25,12890894.928,1
2026-08-01T08:00:00+08:00,1785542400000,72.81,73.12,72.81,72.99,252753.03,252753.03,18450859.6609,1
2026-08-01T10:00:00+08:00,1785549600000,73,73.12,72.83,73.01,201313.2,201313.2,14694376.7158,1
2026-08-01T12:00:00+08:00,1785556800000,73,73.18,72.82,72.91,214452.65,214452.65,15661386.9425,1
2026-08-01T14:00:00+08:00,1785564000000,72.91,73.08,72.86,72.93,149286.77,149286.77,10890751.9892,1
2026-08-01T16:00:00+08:00,1785571200000,72.93,73.05,72.78,72.8,151592.63,151592.63,11055438.9544,1
2026-08-01T18:00:00+08:00,1785578400000,72.81,72.88,72.61,72.85,224932.42,224932.42,16368426.5476,1
2026-08-01T20:00:00+08:00,1785585600000,72.85,72.96,72.82,72.94,113749,113749,8291815.995,1
2026-08-01T22:00:00+08:00,1785592800000,72.93,73.01,72.68,72.75,319663.72,319663.72,23284986.9096,1
2026-08-02T00:00:00+08:00,1785600000000,72.75,72.9,71.58,71.88,1193365.88,1193365.88,86062546.7442,1
2026-08-02T02:00:00+08:00,1785607200000,71.89,71.94,70.51,71.22,1477965.62,1477965.62,105197714.8146,1
2026-08-02T04:00:00+08:00,1785614400000,71.21,71.82,71.15,71.8,369480.06,369480.06,26431618.7977,1
2026-08-02T06:00:00+08:00,1785621600000,71.8,72.04,71.77,71.9,250393.47,250393.47,18005004.9941,1
2026-08-02T08:00:00+08:00,1785628800000,71.89,72.71,71.88,72.6,511075.97,511075.97,36961873.7763,1
2026-08-02T10:00:00+08:00,1785636000000,72.6,73.37,72.53,73.15,815744.43,815744.43,59614403.041,1
2026-08-02T12:00:00+08:00,1785643200000,73.16,73.63,73.16,73.55,531336.11,531336.11,39013549.9629,1
2026-08-02T14:00:00+08:00,1785650400000,73.56,73.62,73.35,73.43,311482.92,311482.92,22881507.3487,1
2026-08-02T16:00:00+08:00,1785657600000,73.44,73.52,72.93,73.34,489953.54,489953.54,35888734.3404,1
2026-08-02T18:00:00+08:00,1785664800000,73.34,73.36,72.89,72.95,284346.19,284346.19,20792937.3362,1
2026-08-02T20:00:00+08:00,1785672000000,72.96,73.2,72.64,72.92,418031.05,418031.05,30481301.4293,1
2026-08-02T22:00:00+08:00,1785679200000,72.92,73.19,72.88,72.98,242463.65,242463.65,17716815.6315,1
2026-08-03T00:00:00+08:00,1785686400000,72.99,73.36,72.87,73.27,317661.97,317661.97,23233279.001,1
2026-08-03T02:00:00+08:00,1785693600000,73.28,73.83,73.2,73.69,421058.88,421058.88,30977897.482,1
2026-08-03T04:00:00+08:00,1785700800000,73.69,74.3,73.51,73.96,413442.7,413442.7,30550147.2587,1
2026-08-03T06:00:00+08:00,1785708000000,73.96,74.18,73.41,73.58,444526.92,444526.92,32780920.7779,1
2026-08-03T08:00:00+08:00,1785715200000,73.59,73.63,72.88,72.97,368884.61,368884.61,26996941.7862,1
2026-08-03T10:00:00+08:00,1785722400000,72.96,73.11,72.63,72.87,378858.17,378858.17,27631508.7029,1
2026-08-03T12:00:00+08:00,1785729600000,72.86,73.03,72.78,72.88,284483.84,284483.84,20738839.1361,1
2026-08-03T14:00:00+08:00,1785736800000,72.87,72.94,72.36,72.47,497539.91,497539.91,36108895.6737,1
2026-08-03T16:00:00+08:00,1785744000000,72.47,72.77,71.93,72.69,734657.61,734657.61,53102238.5967,1
2026-08-03T18:00:00+08:00,1785751200000,72.69,72.76,72.36,72.4,269669.25,269669.25,19564913.5856,1
2026-08-03T20:00:00+08:00,1785758400000,72.41,73.26,72.28,73.23,656449.41,656449.41,47727044.9269,1
2026-08-03T22:00:00+08:00,1785765600000,73.23,73.8,72.97,73.57,1013763.41,1013763.41,74487184.0621,1
2026-08-04T00:00:00+08:00,1785772800000,73.57,73.83,73.19,73.66,492805.63,492805.63,36242311.3179,1
2026-08-04T02:00:00+08:00,1785780000000,73.66,74.26,73.65,73.98,492764.03,492764.03,36460597.4648,1
2026-08-04T04:00:00+08:00,1785787200000,73.97,74.11,73.62,73.68,184180.72,184180.72,13597565.5963,1
2026-08-04T06:00:00+08:00,1785794400000,73.68,73.69,73.33,73.52,230352.74,230352.74,16923172.536,1
2026-08-04T08:00:00+08:00,1785801600000,73.53,73.76,72.99,73.73,467998.74,467998.74,34351531.854,1
2026-08-04T10:00:00+08:00,1785808800000,73.74,74.1,73.38,73.65,433121.71,433121.71,31924373.3391,1
2026-08-04T12:00:00+08:00,1785816000000,73.65,74.07,73.55,73.71,299551.87,299551.87,22106047.5114,1
2026-08-04T14:00:00+08:00,1785823200000,73.71,73.88,73.16,73.64,399775.87,399775.87,29374224.3054,1
2026-08-04T16:00:00+08:00,1785830400000,73.65,73.73,73.13,73.26,173262.47,173262.47,12709348.8711,1
2026-08-04T18:00:00+08:00,1785837600000,73.27,74,73.07,73.9,449380.46,449380.46,33072935.0741,1
2026-08-04T20:00:00+08:00,1785844800000,73.9,74.06,73.54,73.6,562653.53,562653.53,41536194.5537,1
2026-08-04T22:00:00+08:00,1785852000000,73.6,74.17,73.27,73.95,913743.45,913743.45,67346150.4322,1
2026-08-05T00:00:00+08:00,1785859200000,73.95,74.2,73.56,73.74,404554.65,404554.65,29893370.9092,1
2026-08-05T02:00:00+08:00,1785866400000,73.74,74.37,73.73,74.15,334590.36,334590.36,24820545.9369,1
2026-08-05T04:00:00+08:00,1785873600000,74.16,74.43,73.84,74.09,398578.81,398578.81,29544627.0894,1
2026-08-05T06:00:00+08:00,1785880800000,74.1,74.26,73.69,73.71,273020.83,273020.83,20194257.1566,1
2026-08-05T08:00:00+08:00,1785888000000,73.71,74.06,73.35,74.06,511810.22,511810.22,37704378.5514,1
2026-08-05T10:00:00+08:00,1785895200000,74.07,74.44,73.67,73.75,648100.36,648100.36,47980422.1393,1
2026-08-05T12:00:00+08:00,1785902400000,73.74,74.26,73.59,74.11,378373.24,378373.24,27968806.8186,1
2026-08-05T14:00:00+08:00,1785909600000,74.11,74.21,73.65,73.94,303382.52,303382.52,22408680.7117,1
2026-08-05T16:00:00+08:00,1785916800000,73.94,74.16,73.92,73.98,303931.34,303931.34,22506081.4919,1
2026-08-05T18:00:00+08:00,1785924000000,73.98,74.1,73.7,73.75,255817.71,255817.71,18896066.3392,1
2026-08-05T20:00:00+08:00,1785931200000,73.75,74.36,73.2,73.93,1144585.42,1144585.42,84429424.1065,1
2026-08-05T22:00:00+08:00,1785938400000,73.93,74.26,73.57,73.9,807610.5,807610.5,59729263.5291,1
2026-08-06T00:00:00+08:00,1785945600000,73.89,74.63,73.89,74.51,619475.28,619475.28,46038970.9101,1
2026-08-06T02:00:00+08:00,1785952800000,74.52,74.8,74.38,74.43,430032.61,430032.61,32047861.0511,1
2026-08-06T04:00:00+08:00,1785960000000,74.44,74.55,74.03,74.08,321412.97,321412.97,23875240.0261,1
2026-08-06T06:00:00+08:00,1785967200000,74.09,74.17,73.8,73.99,227618.58,227618.58,16838265.6505,1
2026-08-06T08:00:00+08:00,1785974400000,74,74.23,73.68,73.71,377815.46,377815.46,27929392.8357,1
2026-08-06T10:00:00+08:00,1785981600000,73.7,73.74,73.33,73.45,559174.12,559174.12,41098495.7256,1
2026-08-06T12:00:00+08:00,1785988800000,73.45,74.3,73.34,74.19,617583.12,617583.12,45652503.3714,1
2026-08-06T14:00:00+08:00,1785996000000,74.19,74.2,73.83,73.84,236156.84,236156.84,17476183.197,1
2026-08-06T16:00:00+08:00,1786003200000,73.84,74.07,73.15,73.27,745361.31,745361.31,54820261.5284,1
2026-08-06T18:00:00+08:00,1786010400000,73.27,73.53,73.12,73.41,495043.26,495043.26,36284690.0794,1
2026-08-06T20:00:00+08:00,1786017600000,73.41,73.43,72.8,73.2,686205.73,686205.73,50138264.6909,1
2026-08-06T22:00:00+08:00,1786024800000,73.19,73.6,73.05,73.26,500102.05,500102.05,36683132.0991,1
2026-08-07T00:00:00+08:00,1786032000000,73.27,73.51,73.02,73.14,258756.06,258756.06,18952407.7071,1
2026-08-07T02:00:00+08:00,1786039200000,73.14,73.19,72.5,72.76,437725.6,437725.6,31853194.2549,1
2026-08-07T04:00:00+08:00,1786046400000,72.75,72.95,72.74,72.82,257368.69,257368.69,18750392.8209,1
2026-08-07T06:00:00+08:00,1786053600000,72.82,72.85,72.27,72.64,337151.53,337151.53,24445797.0413,1
2026-08-07T08:00:00+08:00,1786060800000,72.64,72.83,72.51,72.7,254484.21,254484.21,18489005.4576,1
2026-08-07T10:00:00+08:00,1786068000000,72.7,72.9,72.43,72.58,307868.33,307868.33,22367733.924,1
2026-08-07T12:00:00+08:00,1786075200000,72.58,72.92,72.4,72.82,318803.18,318803.18,23161669.114,1
2026-08-07T14:00:00+08:00,1786082400000,72.82,73.03,72.69,72.87,350509.44,350509.44,25547235.8067,1
2026-08-07T16:00:00+08:00,1786089600000,72.87,73.71,72.87,73.58,719594.94,719594.94,52826206.2132,1
2026-08-07T18:00:00+08:00,1786096800000,73.58,73.74,73.45,73.58,368145.46,368145.46,27087791.3338,1
2026-08-07T20:00:00+08:00,1786104000000,73.58,74.33,73.58,74.09,1063212.16,1063212.16,78637661.0546,1
2026-08-07T22:00:00+08:00,1786111200000,74.08,74.2,73.53,73.86,640606.51,640606.51,47310353.5013,1
2026-08-08T00:00:00+08:00,1786118400000,73.85,74.09,73.15,73.39,509779.46,509779.46,37480724.2504,1
2026-08-08T02:00:00+08:00,1786125600000,73.4,74,73.23,73.98,283961.24,283961.24,20917194.6537,1
2026-08-08T04:00:00+08:00,1786132800000,73.98,74.06,73.57,73.62,294030.58,294030.58,21707864.6846,1
2026-08-08T06:00:00+08:00,1786140000000,73.62,73.76,73.56,73.63,135358.06,135358.06,9969209.1717,1
2026-08-08T08:00:00+08:00,1786147200000,73.64,73.94,73.54,73.85,198513.03,198513.03,14635824.1183,1
2026-08-08T10:00:00+08:00,1786154400000,73.84,74.98,73.8,74.81,728135.94,728135.94,54165441.6393,1
2026-08-08T12:00:00+08:00,1786161600000,74.81,75.13,74.44,74.62,663310.19,663310.19,49559267.1379,1
2026-08-08T14:00:00+08:00,1786168800000,74.61,74.8,74.53,74.77,275320.81,275320.81,20563687.9068,1
2026-08-08T16:00:00+08:00,1786176000000,74.78,75,74.65,74.83,312293.55,312293.55,23359493.9891,1
2026-08-08T18:00:00+08:00,1786183200000,74.83,75.66,74.82,75.55,951645.69,951645.69,71631012.8917,1
2026-08-08T20:00:00+08:00,1786190400000,75.56,75.63,75.31,75.5,514451.65,514451.65,38823754.1376,1
2026-08-08T22:00:00+08:00,1786197600000,75.49,76.79,75.49,76.35,1598940.41,1598940.41,121904527.1167,1
2026-08-09T00:00:00+08:00,1786204800000,76.35,76.47,76.11,76.34,384330.14,384330.14,29329948.345,1
2026-08-09T02:00:00+08:00,1786212000000,76.34,76.34,75.93,76.12,312997.83,312997.83,23821616.0368,1
2026-08-09T04:00:00+08:00,1786219200000,76.12,76.33,76.1,76.18,129303.08,129303.08,9854698.1935,1
2026-08-09T06:00:00+08:00,1786226400000,76.17,76.25,75.73,75.98,445504.7,445504.7,33827376.1586,1
2026-08-09T08:00:00+08:00,1786233600000,75.97,76.06,75.67,75.83,279749.65,279749.65,21229526.652,1
2026-08-09T10:00:00+08:00,1786240800000,75.83,76.02,75.72,75.95,291982.6,291982.6,22153085.5333,1
2026-08-09T12:00:00+08:00,1786248000000,75.95,76.09,75.84,75.96,160983.27,160983.27,12229227.143,1
2026-08-09T14:00:00+08:00,1786255200000,75.97,76.46,75.92,76.32,461859.25,461859.25,35230218.132,1
2026-08-09T16:00:00+08:00,1786262400000,76.32,76.58,76.07,76.42,557528.36,557528.36,42563234.6358,1
2026-08-09T18:00:00+08:00,1786269600000,76.42,76.63,76.3,76.46,271339.61,271339.61,20744059.0367,1
2026-08-09T20:00:00+08:00,1786276800000,76.47,76.87,76.27,76.53,470783.65,470783.65,36051592.6828,1
2026-08-09T22:00:00+08:00,1786284000000,76.54,77.44,76.53,77.39,1094759.85,1094759.85,84336164.7937,1
2026-08-10T00:00:00+08:00,1786291200000,77.38,77.55,77.04,77.14,593974.58,593974.58,45904915.6937,1
2026-08-10T02:00:00+08:00,1786298400000,77.13,77.32,77.03,77.19,176582.33,176582.33,13628755.8687,1
2026-08-10T04:00:00+08:00,1786305600000,77.19,77.47,77.03,77.31,170245.52,170245.52,13151393.5822,1
2026-08-10T06:00:00+08:00,1786312800000,77.32,77.84,76.16,76.24,1240314.94,1240314.94,95215707.9362,1
2026-08-10T08:00:00+08:00,1786320000000,76.23,77.14,76.2,76.88,866060.75,866060.75,66377336.9637,1
2026-08-10T10:00:00+08:00,1786327200000,76.88,76.9,76.32,76.59,462927.53,462927.53,35477502.6808,1
2026-08-10T12:00:00+08:00,1786334400000,76.6,76.93,76.4,76.84,273809.92,273809.92,20994619.5716,1
2026-08-10T14:00:00+08:00,1786341600000,76.85,77.1,76.78,76.95,392222.98,392222.98,30178271.1227,1
2026-08-10T16:00:00+08:00,1786348800000,76.95,77.12,76.51,76.52,466244.29,466244.29,35805322.8669,1
2026-08-10T18:00:00+08:00,1786356000000,76.53,77.02,76.5,77.01,309272.14,309272.14,23733337.4844,1
2026-08-10T20:00:00+08:00,1786363200000,77.01,77.1,76.08,76.28,920904.5,920904.5,70524565.184,1
2026-08-10T22:00:00+08:00,1786370400000,76.27,76.66,75.77,75.92,999408,999408,76101952.8726,1
2026-08-11T00:00:00+08:00,1786377600000,75.91,76.08,75.53,75.94,655037.19,655037.19,49655609.5814,1
2026-08-11T02:00:00+08:00,1786384800000,75.94,76.24,75.68,76.15,297825.18,297825.18,22621620.0894,1
2026-08-11T04:00:00+08:00,1786392000000,76.16,76.48,76.13,76.27,202376.46,202376.46,15447273.3741,1
2026-08-11T06:00:00+08:00,1786399200000,76.26,76.35,75.94,75.96,226369.85,226369.85,17231413.2903,1
2026-08-11T08:00:00+08:00,1786406400000,75.95,76.08,75.67,76.07,356341.09,356341.09,27034120.3802,1
2026-08-11T10:00:00+08:00,1786413600000,76.07,76.22,75.95,76.03,211250.85,211250.85,16074206.452,1
2026-08-11T12:00:00+08:00,1786420800000,76.04,76.19,75.74,75.77,240127.57,240127.57,18236068.3909,1
2026-08-11T14:00:00+08:00,1786428000000,75.77,76.01,75.38,75.66,653238.82,653238.82,49429428.2359,1
2026-08-11T16:00:00+08:00,1786435200000,75.65,75.94,75.58,75.85,347144.39,347144.39,26298038.3926,1
2026-08-11T18:00:00+08:00,1786442400000,75.85,76.32,75.72,76.17,409487.26,409487.26,31131413.0331,1
2026-08-11T20:00:00+08:00,1786449600000,76.17,76.21,75.68,75.97,501637.64,501637.64,38066974.9634,1
2026-08-11T22:00:00+08:00,1786456800000,75.96,76.11,74.58,74.88,1257622.29,1257622.29,94554704.4623,1
2026-08-12T00:00:00+08:00,1786464000000,74.88,75.18,74.75,75.13,374182.75,374182.75,28046358.4874,1
2026-08-12T02:00:00+08:00,1786471200000,75.12,75.67,75.01,75.61,361777.99,361777.99,27245799.7681,1
2026-08-12T04:00:00+08:00,1786478400000,75.61,76.4,75.6,76.39,606723.33,606723.33,46135430.8815,1
2026-08-12T06:00:00+08:00,1786485600000,76.4,76.64,76.15,76.26,405599.16,405599.16,30967028.1017,1
2026-08-12T08:00:00+08:00,1786492800000,76.26,76.55,76.18,76.39,310334.53,310334.53,23693811.2421,1
2026-08-12T10:00:00+08:00,1786500000000,76.39,76.57,76.22,76.38,362192.78,362192.78,27679352.0387,1
2026-08-12T12:00:00+08:00,1786507200000,76.39,76.55,76.1,76.28,276567.89,276567.89,21096575.5604,1
2026-08-12T14:00:00+08:00,1786514400000,76.28,76.32,75.91,76.22,333517.58,333517.58,25374927.9354,1
2026-08-12T16:00:00+08:00,1786521600000,76.23,76.86,76.08,76.69,646272.96,646272.96,49425568.1926,1
2026-08-12T18:00:00+08:00,1786528800000,76.7,76.83,76.6,76.79,534094.23,534094.23,40971761.4015,1
2026-08-12T20:00:00+08:00,1786536000000,76.79,77.3,76.01,76.19,1348715.45,1348715.45,103399591.5789,1
2026-08-12T22:00:00+08:00,1786543200000,76.19,76.21,75.33,75.72,945056.97,945056.97,71581753.9093,1
2026-08-13T00:00:00+08:00,1786550400000,75.71,76.02,75.52,75.88,267213.95,267213.95,20242635.3426,1
2026-08-13T02:00:00+08:00,1786557600000,75.87,76.07,75.55,75.73,204194.8,204194.8,15483948.0277,1
2026-08-13T04:00:00+08:00,1786564800000,75.72,75.98,75.4,75.42,290640.22,290640.22,21991190.7345,1
2026-08-13T06:00:00+08:00,1786572000000,75.42,75.63,75.3,75.58,316933.71,316933.71,23912085.5729,1
2026-08-13T08:00:00+08:00,1786579200000,75.58,75.85,75.43,75.59,287015.71,287015.71,21711640.8507,1
2026-08-13T10:00:00+08:00,1786586400000,75.59,76.27,75.48,76.21,526817.16,526817.16,40020167.8506,1
2026-08-13T12:00:00+08:00,1786593600000,76.21,76.59,75.98,76.48,462599.19,462599.19,35287721.1558,1
2026-08-13T14:00:00+08:00,1786600800000,76.48,76.5,76.27,76.41,315742.1,315742.1,24122013.2593,1
2026-08-13T16:00:00+08:00,1786608000000,76.41,76.45,75.83,76.12,412686.75,412686.75,31397169.8648,1
2026-08-13T18:00:00+08:00,1786615200000,76.12,76.14,75.51,75.61,520797.78,520797.78,39434786.8474,1
2026-08-13T20:00:00+08:00,1786622400000,75.6,76.33,75.58,76.16,535401.44,535401.44,40680238.1262,1
2026-08-13T22:00:00+08:00,1786629600000,76.15,76.55,75.59,75.6,680540.57,680540.57,51866280.8292,1
2026-08-14T00:00:00+08:00,1786636800000,75.6,75.9,75.06,75.72,1058110.85,1058110.85,79934158.8531,1
2026-08-14T02:00:00+08:00,1786644000000,75.72,76.25,75.64,76.16,305218,305218,23193344.6779,1
2026-08-14T04:00:00+08:00,1786651200000,76.15,76.3,76.07,76.17,215373.56,215373.56,16407439.6763,1
2026-08-14T06:00:00+08:00,1786658400000,76.17,76.41,76.11,76.23,186481.09,186481.09,14222717.6548,1
2026-08-14T08:00:00+08:00,1786665600000,76.23,76.29,75.87,76.05,228712.74,228712.74,17396622.3094,1
2026-08-14T10:00:00+08:00,1786672800000,76.06,76.18,75.7,75.73,239663.14,239663.14,18190441.1635,1
2026-08-14T12:00:00+08:00,1786680000000,75.72,76,75.7,75.88,173579.87,173579.87,13168182.9036,1
2026-08-14T14:00:00+08:00,1786687200000,75.88,75.89,75.45,75.53,353024.04,353024.04,26688662.1274,1
2026-08-14T16:00:00+08:00,1786694400000,75.53,75.84,75.37,75.45,387415.67,387415.67,29289043.5682,1
2026-08-14T18:00:00+08:00,1786701600000,75.46,75.61,75.3,75.5,318108.67,318108.67,24005160.8744,1
2026-08-14T20:00:00+08:00,1786708800000,75.5,75.56,75.19,75.32,315089.36,315089.36,23743748.1315,1
2026-08-14T22:00:00+08:00,1786716000000,75.33,75.72,75.01,75.61,513325.95,513325.95,38664638.6479,1
2026-08-15T00:00:00+08:00,1786723200000,75.6,75.66,75.11,75.25,328267.9,328267.9,24769679.4826,1
2026-08-15T02:00:00+08:00,1786730400000,75.25,75.26,74.62,74.96,703452.12,703452.12,52703634.9895,1
2026-08-15T04:00:00+08:00,1786737600000,74.95,75.2,74.92,75.14,187367.21,187367.21,14072150.8555,1
2026-08-15T06:00:00+08:00,1786744800000,75.15,75.37,74.93,75.35,199918.3,199918.3,15031621.9287,1
2026-08-15T08:00:00+08:00,1786752000000,75.36,75.43,75.25,75.37,165983.7,165983.7,12507058.9485,1
2026-08-15T10:00:00+08:00,1786759200000,75.37,75.68,75.35,75.36,281788.29,281788.29,21281961.2832,1
2026-08-15T12:00:00+08:00,1786766400000,75.36,75.56,75.24,75.3,289085.22,289085.22,21801822.3288,1
2026-08-15T14:00:00+08:00,1786773600000,75.3,75.45,75.16,75.2,169716.75,169716.75,12777944.9336,1
2026-08-15T16:00:00+08:00,1786780800000,75.2,75.27,74.99,75.19,255037.24,255037.24,19156795.7214,1
2026-08-15T18:00:00+08:00,1786788000000,75.2,75.32,75.16,75.21,143908.62,143908.62,10826323.5354,1
2026-08-15T20:00:00+08:00,1786795200000,75.2,75.53,75.16,75.52,153141.61,153141.61,11547035.9785,1
2026-08-15T22:00:00+08:00,1786802400000,75.51,75.54,75.32,75.47,189970.35,189970.35,14332554.0884,1
2026-08-16T00:00:00+08:00,1786809600000,75.48,75.64,75.36,75.61,149931.13,149931.13,11321469.0139,1
2026-08-16T02:00:00+08:00,1786816800000,75.62,75.64,75.46,75.51,108387.67,108387.67,8185185.9581,1
2026-08-16T04:00:00+08:00,1786824000000,75.51,75.7,75.37,75.58,133928.04,133928.04,10117417.4615,1
2026-08-16T06:00:00+08:00,1786831200000,75.58,75.65,75.27,75.3,191818.32,191818.32,14469114.1887,1
2026-08-16T08:00:00+08:00,1786838400000,75.3,75.46,75.21,75.38,163988.94,163988.94,12354557.7857,1
2026-08-16T10:00:00+08:00,1786845600000,75.38,75.62,75.22,75.52,203786.49,203786.49,15389756.8612,1
2026-08-16T12:00:00+08:00,1786852800000,75.53,75.57,75.3,75.32,165985.11,165985.11,12518023.6822,1
2026-08-16T14:00:00+08:00,1786860000000,75.31,75.5,75.25,75.43,133093.28,133093.28,10030009.2422,1
2026-08-16T16:00:00+08:00,1786867200000,75.43,75.45,75.23,75.29,128593.14,128593.14,9688532.7207,1
2026-08-16T18:00:00+08:00,1786874400000,75.29,75.3,75.13,75.23,168000.69,168000.69,12634719.5291,1
2026-08-16T20:00:00+08:00,1786881600000,75.23,75.37,75.15,75.27,111860.02,111860.02,8419407.1501,1
2026-08-16T22:00:00+08:00,1786888800000,75.26,75.6,75.2,75.52,206733.3,206733.3,15593268.0187,1
2026-08-17T00:00:00+08:00,1786896000000,75.53,75.68,75.23,75.23,280503.89,280503.89,21170543.3447,1
2026-08-17T02:00:00+08:00,1786903200000,75.23,75.32,74.98,75.18,248927.47,248927.47,18708124.2471,1
2026-08-17T04:00:00+08:00,1786910400000,75.18,75.29,73.92,74.29,844705.99,844705.99,62977470.7199,1
2026-08-17T06:00:00+08:00,1786917600000,74.28,74.61,74.11,74.56,343501.55,343501.55,25551068.8472,1
2026-08-17T08:00:00+08:00,1786924800000,74.55,75.31,74.38,75.05,551754.87,551754.87,41306096.8575,1
2026-08-17T10:00:00+08:00,1786932000000,75.05,75.55,75.01,75.46,476766.84,476766.84,35930346.9427,1
2026-08-17T12:00:00+08:00,1786939200000,75.45,75.6,75.34,75.36,263344.56,263344.56,19876407.9042,1
2026-08-17T14:00:00+08:00,1786946400000,75.35,75.97,75.3,75.74,527042.33,527042.33,39892662.1862,1
2026-08-17T16:00:00+08:00,1786953600000,75.75,75.78,75.13,75.31,508282.95,508282.95,38308040.1683,1
2026-08-17T18:00:00+08:00,1786960800000,75.32,75.88,75.26,75.65,373647.71,373647.71,28262035.0133,1
2026-08-17T20:00:00+08:00,1786968000000,75.65,75.74,75.25,75.59,506998.7,506998.7,38272068.4348,1
2026-08-17T22:00:00+08:00,1786975200000,75.59,76.18,75.46,76.05,526563.97,526563.97,39953299.6545,1
2026-08-18T00:00:00+08:00,1786982400000,76.06,76.1,75.65,75.87,332792.01,332792.01,25264352.6166,1
2026-08-18T02:00:00+08:00,1786989600000,75.87,76.12,75.7,75.77,168557.97,168557.97,12791890.9029,1
2026-08-18T04:00:00+08:00,1786996800000,75.76,76.07,75.58,75.92,179792.72,179792.72,13635220.5136,1
2026-08-18T06:00:00+08:00,1787004000000,75.92,76.08,75.66,75.97,177953.5,177953.5,13500737.8207,1
2026-08-18T08:00:00+08:00,1787011200000,75.98,76.05,75.53,75.58,309023.1,309023.1,23435263.2446,1
2026-08-18T10:00:00+08:00,1787018400000,75.57,75.62,75.17,75.46,451256.22,451256.22,34018112.7642,1
2026-08-18T12:00:00+08:00,1787025600000,75.46,75.92,75.36,75.68,374498.56,374498.56,28349154.5931,1
2026-08-18T14:00:00+08:00,1787032800000,75.68,76.23,75.6,76.05,451861.34,451861.34,34331953.1446,1
2026-08-18T16:00:00+08:00,1787040000000,76.06,76.15,75.81,75.91,289849.48,289849.48,22016758.5567,1
2026-08-18T18:00:00+08:00,1787047200000,75.91,76.42,75.76,76.27,467238.69,467238.69,35577009.9635,1
2026-08-18T20:00:00+08:00,1787054400000,76.28,76.49,76.01,76.18,477486.33,477486.33,36396189.5914,1
2026-08-18T22:00:00+08:00,1787061600000,76.17,77.3,76.09,77.16,1234941.83,1234941.83,94907016.3296,1
2026-08-19T00:00:00+08:00,1787068800000,77.17,77.29,76.81,76.85,396484.19,396484.19,30524739.0141,1
2026-08-19T02:00:00+08:00,1787076000000,76.85,77.38,76.83,77.13,279454.9,279454.9,21565646.3439,1
2026-08-19T04:00:00+08:00,1787083200000,77.14,77.18,76.7,76.96,369685.98,369685.98,28440654.3068,1
2026-08-19T06:00:00+08:00,1787090400000,76.95,77.2,76.84,77.01,447537.07,447537.07,34487081.0384,1
2026-08-19T08:00:00+08:00,1787097600000,77.02,77.06,76.66,76.75,383362.43,383362.43,29459163.7058,1
2026-08-19T10:00:00+08:00,1787104800000,76.75,77.07,76.65,76.95,248436.77,248436.77,19093197.0154,1
2026-08-19T12:00:00+08:00,1787112000000,76.95,77.09,76.73,76.76,238046.83,238046.83,18305685.7612,1
2026-08-19T14:00:00+08:00,1787119200000,76.76,77.14,76.6,76.91,416174.52,416174.52,32006369.1635,1
2026-08-19T16:00:00+08:00,1787126400000,76.92,77.65,76.87,77.28,657706.47,657706.47,50850221.9985,1
2026-08-19T18:00:00+08:00,1787133600000,77.27,77.58,77.17,77.5,330076.55,330076.55,25552350.8842,1
2026-08-19T20:00:00+08:00,1787140800000,77.49,78.76,77.38,78.36,1551716.74,1551716.74,121424062.8081,1
2026-08-19T22:00:00+08:00,1787148000000,78.37,83.07,78.31,81.81,5191686.39,5191686.39,420688517.7194,1
2026-08-20T00:00:00+08:00,1787155200000,81.8,82.36,80.97,81.63,1166054.12,1166054.12,95248295.3435,1
2026-08-20T02:00:00+08:00,1787162400000,81.63,82.5,81.24,82.32,835585.73,835585.73,68525490.6991,1
2026-08-20T04:00:00+08:00,1787169600000,82.33,87.31,82.24,86.62,3223604.32,3223604.32,274506919.8324,1
2026-08-20T06:00:00+08:00,1787176800000,86.63,86.84,84.88,85.38,1176494.28,1176494.28,100706513.9348,1
2026-08-20T08:00:00+08:00,1787184000000,85.38,85.79,84.63,85.36,815596.85,815596.85,69485075.4025,1
2026-08-20T10:00:00+08:00,1787191200000,85.35,85.44,83.95,84.48,634844.05,634844.05,53716558.8034,1
2026-08-20T12:00:00+08:00,1787198400000,84.47,85.07,84.42,84.93,378057.91,378057.91,32039512.2119,1
2026-08-20T14:00:00+08:00,1787205600000,84.94,86.17,84.68,86.14,788782.87,788782.87,67519026.5317,1
2026-08-20T16:00:00+08:00,1787212800000,86.13,87.97,86.01,87.32,1718897.05,1718897.05,150179062.8036,1
2026-08-20T18:00:00+08:00,1787220000000,87.31,88.08,86.94,87.17,861667.07,861667.07,75376649.9429,1
2026-08-20T20:00:00+08:00,1787227200000,87.17,87.48,86.13,86.54,1407183.04,1407183.04,122164395.9887,1
2026-08-20T22:00:00+08:00,1787234400000,86.55,87.47,86.13,87.33,1334434.06,1334434.06,115834753.5346,1
2026-08-21T00:00:00+08:00,1787241600000,87.34,87.93,86.84,87.45,1021516.88,1021516.88,89321890.71,1
2026-08-21T02:00:00+08:00,1787248800000,87.46,87.62,86.6,87.27,886169.08,886169.08,77182835.4406,1
2026-08-21T04:00:00+08:00,1787256000000,87.27,87.85,87.2,87.46,313667.76,313667.76,27442009.9352,1
2026-08-21T06:00:00+08:00,1787263200000,87.46,87.97,87.16,87.62,468082.93,468082.93,40961913.2254,1
2026-08-21T08:00:00+08:00,1787270400000,87.62,89.48,87.55,88.98,1518208.27,1518208.27,134288047.8233,1
2026-08-21T10:00:00+08:00,1787277600000,88.98,90.18,88.47,89.07,1616322.2,1616322.2,144383303.3044,1
2026-08-21T12:00:00+08:00,1787284800000,89.08,90.72,88.84,90.4,1023740.83,1023740.83,91880399.4079,1
2026-08-21T14:00:00+08:00,1787292000000,90.41,91.33,89.72,90.39,1588792.54,1588792.54,143753460.9741,1
2026-08-21T16:00:00+08:00,1787299200000,90.39,93.41,90.29,91.66,3079198.92,3079198.92,282263258.1644,1
2026-08-21T18:00:00+08:00,1787306400000,91.66,91.74,89.87,90.29,1247565.97,1247565.97,113339211.5012,1
2026-08-21T20:00:00+08:00,1787313600000,90.3,91.38,89.73,91.05,931701.55,931701.55,84424130.3611,1
2026-08-21T22:00:00+08:00,1787320800000,91.04,92.15,90.53,91.34,848796.66,848796.66,77593319.5604,1
2026-08-22T00:00:00+08:00,1787328000000,91.34,91.98,90.71,91.79,741644.61,741644.61,67856720.2481,1
2026-08-22T02:00:00+08:00,1787335200000,91.79,92.06,90.73,90.94,632446.38,632446.38,57797812.4441,1
2026-08-22T04:00:00+08:00,1787342400000,90.94,93.85,90.49,93.71,871747.59,871747.59,80618447.8678,1
2026-08-22T06:00:00+08:00,1787349600000,93.72,95,93.28,93.7,1757600.91,1757600.91,165342989.3048,1
2026-08-22T08:00:00+08:00,1787356800000,93.71,94.41,92.85,93.65,981482.88,981482.88,92012396.6684,1
2026-08-22T10:00:00+08:00,1787364000000,93.66,97.59,93.66,96.78,1935594.15,1935594.15,185879995.2962,1
2026-08-22T12:00:00+08:00,1787371200000,96.78,102.78,87.53,94.19,7315605.63,7315605.63,704867399.2595,1
2026-08-22T14:00:00+08:00,1787378400000,94.19,95.54,93.03,94.45,1189219.66,1189219.66,112187267.4978,1
2026-08-22T16:00:00+08:00,1787385600000,94.45,95,92.93,93.9,945669.91,945669.91,88758700.9279,1
2026-08-22T18:00:00+08:00,1787392800000,93.9,93.98,91.32,93.32,1158485.8,1158485.8,107279889.6475,1
2026-08-22T20:00:00+08:00,1787400000000,93.31,94.38,93.15,94.12,623263.49,623263.49,58533600.6597,1
2026-08-22T22:00:00+08:00,1787407200000,94.13,94.3,92.8,93.07,647944.74,647944.74,60520475.5415,1
2026-08-23T00:00:00+08:00,1787414400000,93.08,94.69,93.07,94.27,724994.22,724994.22,68248601.5665,1
2026-08-23T02:00:00+08:00,1787421600000,94.27,94.84,94.03,94.48,438042.19,438042.19,41356610.8813,1
2026-08-23T04:00:00+08:00,1787428800000,94.49,94.79,92.71,92.82,534654.43,534654.43,50108336.7183,1
2026-08-23T06:00:00+08:00,1787436000000,92.81,94.01,92.55,93.82,467112.45,467112.45,43689403.5453,1
2026-08-23T08:00:00+08:00,1787443200000,93.82,97.24,93.57,95.99,1567565.45,1567565.45,150405547.7362,1
2026-08-23T10:00:00+08:00,1787450400000,96,96.55,93.41,93.73,1607146.74,1607146.74,152093483.825,1
2026-08-23T12:00:00+08:00,1787457600000,93.72,94.1,91.52,92.3,1468250.63,1468250.63,136210228.2717,1
2026-08-23T14:00:00+08:00,1787464800000,92.3,92.98,91.76,92.47,752985.92,752985.92,69576437.8919,1
2026-08-23T16:00:00+08:00,1787472000000,92.48,93.55,92.3,93.32,483597.51,483597.51,45028644.3662,1
2026-08-23T18:00:00+08:00,1787479200000,93.32,94.79,93.28,94.6,561741.67,561741.67,52831770.3134,1
2026-08-23T20:00:00+08:00,1787486400000,94.6,95.82,94.06,95.37,784408.03,784408.03,74504125.6451,1
2026-08-23T22:00:00+08:00,1787493600000,95.37,95.87,93.05,95.32,1146277.07,1146277.07,108788855.8451,1
2026-08-24T00:00:00+08:00,1787500800000,95.32,95.69,94.75,95.08,492214.97,492214.97,46890741.7174,1
2026-08-24T02:00:00+08:00,1787508000000,95.08,95.47,94.77,95.04,352738.07,352738.07,33561997.2267,1
2026-08-24T04:00:00+08:00,1787515200000,95.05,96.24,94.72,95.33,444266.24,444266.24,42430533.3345,1
2026-08-24T06:00:00+08:00,1787522400000,95.33,95.87,94.75,95.42,559232.42,559232.42,53317873.2434,1
2026-08-24T08:00:00+08:00,1787529600000,95.43,95.56,93.62,93.84,1026008.35,1026008.35,97072076.1717,1
2026-08-24T10:00:00+08:00,1787536800000,93.84,95.03,93.37,93.63,658647.52,658647.52,61972252.0801,1
2026-08-24T12:00:00+08:00,1787544000000,93.63,94.65,93.43,94.25,666255.54,666255.54,62646142.7366,1
2026-08-24T14:00:00+08:00,1787551200000,94.25,95.43,93.77,94.09,769377.72,769377.72,72645977.6946,1
2026-08-24T16:00:00+08:00,1787558400000,94.1,94.88,93.21,94.64,705138.55,705138.55,66320384.5621,1
2026-08-24T18:00:00+08:00,1787565600000,94.65,96.31,94.21,95.82,1143541.19,1143541.19,108885927.7716,1
2026-08-24T20:00:00+08:00,1787572800000,95.82,96.62,94.12,94.99,1908034.3,1908034.3,182125476.389,1
2026-08-24T22:00:00+08:00,1787580000000,94.99,97.57,94.77,96.41,1678259.56,1678259.56,161653834.3088,1
2026-08-25T00:00:00+08:00,1787587200000,96.42,97.56,94.68,95.34,1499782,1499782,144022398.5323,1
2026-08-25T02:00:00+08:00,1787594400000,95.35,96.59,95.34,96.49,856867.5,856867.5,82220078.3748,1
2026-08-25T04:00:00+08:00,1787601600000,96.49,97.56,95.69,97.44,522568.92,522568.92,50517230.7268,1
2026-08-25T06:00:00+08:00,1787608800000,97.44,98.96,97.14,98.94,1227793.4,1227793.4,120294884.7444,1
2026-08-25T08:00:00+08:00,1787616000000,98.94,102.78,98.51,100.44,3392204.46,3392204.46,342281125.1034,1
2026-08-25T10:00:00+08:00,1787623200000,100.45,102.32,100.19,101.59,1448508.18,1448508.18,146964360.4073,1
2026-08-25T12:00:00+08:00,1787630400000,101.6,103.55,100.79,101.87,1320997.36,1320997.36,134512108.3182,1
2026-08-25T14:00:00+08:00,1787637600000,101.87,102.16,99.38,100.21,1284777.62,1284777.62,129722333.5573,1
2026-08-25T16:00:00+08:00,1787644800000,100.21,101.12,99.23,99.78,1189104.77,1189104.77,119247894.4134,1
2026-08-25T18:00:00+08:00,1787652000000,99.78,99.87,98.39,98.58,1007515.51,1007515.51,99930220.6136,1
2026-08-25T20:00:00+08:00,1787659200000,98.59,98.81,96.14,97.12,2262813.23,2262813.23,220843253.9904,1
2026-08-25T22:00:00+08:00,1787666400000,97.11,98.47,96.84,98.33,1124562.56,1124562.56,110039406.4916,1
2026-08-26T00:00:00+08:00,1787673600000,98.33,98.63,97.39,98.15,765281.12,765281.12,74974051.8816,1
2026-08-26T02:00:00+08:00,1787680800000,98.14,98.78,97.41,97.88,539997.76,539997.76,53016895.9012,1
2026-08-26T04:00:00+08:00,1787688000000,97.89,97.99,95.17,97.13,1398634.68,1398634.68,135128629.8841,1
2026-08-26T06:00:00+08:00,1787695200000,97.13,97.73,96.34,96.54,534894.24,534894.24,51944800.8341,1
2026-08-26T08:00:00+08:00,1787702400000,96.55,97.23,96.13,96.97,487284.04,487284.04,47098192.3937,1
2026-08-26T10:00:00+08:00,1787709600000,96.98,97.5,96.73,97.01,332824.35,332824.35,32318743.6107,1
2026-08-26T12:00:00+08:00,1787716800000,97,97.26,96.16,97.01,528551.33,528551.33,51146449.0815,1
2026-08-26T14:00:00+08:00,1787724000000,97.02,97.27,96.46,96.88,422031.99,422031.99,40875553.0083,1
2026-08-26T16:00:00+08:00,1787731200000,96.89,97.34,95.73,96.13,638312.14,638312.14,61577353.8172,1
2026-08-26T18:00:00+08:00,1787738400000,96.12,97.84,95.94,96.98,871718.31,871718.31,84647556.452,1
2026-08-26T20:00:00+08:00,1787745600000,96.98,97.52,95.8,96.51,1325111.25,1325111.25,127965362.1956,1
2026-08-26T22:00:00+08:00,1787752800000,96.5,96.93,94.88,95.88,1230579.16,1230579.16,117925074.8968,1
2026-08-27T00:00:00+08:00,1787760000000,95.87,97.36,95.4,96.92,897986.95,897986.95,86523425.4295,1
2026-08-27T02:00:00+08:00,1787767200000,96.93,97.11,96.26,96.75,455815.47,455815.47,44083351.882,1
2026-08-27T04:00:00+08:00,1787774400000,96.75,98.32,96.22,98.2,616557.5,616557.5,60052705.9497,1
2026-08-27T06:00:00+08:00,1787781600000,98.19,102.49,98,102.03,1985977.84,1985977.84,199325178.9037,1
2026-08-27T08:00:00+08:00,1787788800000,102.03,102.08,100.47,101.4,1271960.98,1271960.98,128770682.8519,1
2026-08-27T10:00:00+08:00,1787796000000,101.4,101.89,100.82,101.05,760178.77,760178.77,76998508.9512,1
2026-08-27T12:00:00+08:00,1787803200000,101.05,102.3,100.62,101.98,1272884.42,1272884.42,128856928.2156,1
2026-08-27T14:00:00+08:00,1787810400000,101.98,102.04,100.83,101.75,1179936.6,1179936.6,119561943.9864,1
2026-08-27T16:00:00+08:00,1787817600000,101.76,105.85,101.68,104.36,3696611.91,3696611.91,384838793.1756,1
2026-08-27T18:00:00+08:00,1787824800000,104.35,104.99,103.04,103.88,1693119.43,1693119.43,176119059.2224,1
2026-08-27T20:00:00+08:00,1787832000000,103.88,106.26,103.87,105.98,2057278.32,2057278.32,215673600.1174,1
2026-08-27T22:00:00+08:00,1787839200000,105.98,107.94,105.15,107.1,3540413.85,3540413.85,377575483.1065,1
2026-08-28T00:00:00+08:00,1787846400000,107.1,109.64,106.8,108.1,2716606.52,2716606.52,294464781.6457,1
2026-08-28T02:00:00+08:00,1787853600000,108.1,109.92,106.6,109.35,1962605.22,1962605.22,212447852.1111,1
2026-08-28T04:00:00+08:00,1787860800000,109.32,109.71,108.13,108.67,739025.28,739025.28,80441174.1339,1
2026-08-28T06:00:00+08:00,1787868000000,108.67,110.64,108.67,109.08,1102108.96,1102108.96,120756439.7032,1
2026-08-28T08:00:00+08:00,1787875200000,109.09,110.06,107.62,107.77,1333627.4,1333627.4,145420350.8178,1
2026-08-28T10:00:00+08:00,1787882400000,107.76,107.93,105.78,106.78,1627679.73,1627679.73,173854553.386,1
2026-08-28T12:00:00+08:00,1787889600000,106.77,107.72,106.19,107.14,965208.98,965208.98,103240226.8661,1
2026-08-28T14:00:00+08:00,1787896800000,107.15,107.79,106.21,106.31,815956.19,815956.19,87288078.3583,1
2026-08-28T16:00:00+08:00,1787904000000,106.31,106.86,105.42,105.89,909475.89,909475.89,96531814.0877,1
2026-08-28T18:00:00+08:00,1787911200000,105.89,106.77,104.45,105.76,1495291.87,1495291.87,157916848.1513,1
2026-08-28T20:00:00+08:00,1787918400000,105.75,105.96,104.43,105.09,1381137.9,1381137.9,145053717.5349,1
2026-08-28T22:00:00+08:00,1787925600000,105.09,107.87,103.52,105.16,4339292.12,4339292.12,457852333.9262,1
2026-08-29T00:00:00+08:00,1787932800000,105.17,105.68,102.86,104.62,2607608.21,2607608.21,272591586.5977,1
2026-08-29T02:00:00+08:00,1787940000000,104.62,104.68,102.2,103.36,1322010.99,1322010.99,136519193.9555,1
2026-08-29T04:00:00+08:00,1787947200000,103.36,104.28,102.74,103.4,541892.22,541892.22,56098215.963,1
2026-08-29T06:00:00+08:00,1787954400000,103.4,104.34,103.35,104.09,409998.39,409998.39,42625063.7474,1
2026-08-29T08:00:00+08:00,1787961600000,104.08,104.57,103.75,104.1,355368.38,355368.38,37005156.7638,1
2026-08-29T10:00:00+08:00,1787968800000,104.11,104.34,103.53,103.83,411036.09,411036.09,42728526.5367,1
2026-08-29T12:00:00+08:00,1787976000000,103.83,104.15,103.37,103.97,442475.12,442475.12,45910588.4912,1
2026-08-29T14:00:00+08:00,1787983200000,103.97,103.98,103.27,103.65,429117.29,429117.29,44452036.3958,1
2026-08-29T16:00:00+08:00,1787990400000,103.66,103.66,103.04,103.27,400949.74,400949.74,41435468.9333,1
2026-08-29T18:00:00+08:00,1787997600000,103.26,103.66,102.95,103.43,291621.31,291621.31,30140883.7966,1
2026-08-29T20:00:00+08:00,1788004800000,103.44,103.96,103.32,103.74,324623.12,324623.12,33640158.7656,1
2026-08-29T22:00:00+08:00,1788012000000,103.75,105.49,103.72,104.96,1209239.96,1209239.96,126814531.2817,1
2026-08-30T00:00:00+08:00,1788019200000,104.95,105.36,104.29,104.8,598415.74,598415.74,62758302.7828,1
2026-08-30T02:00:00+08:00,1788026400000,104.8,105.85,104.66,105.29,531672.43,531672.43,55957846.8802,1
2026-08-30T04:00:00+08:00,1788033600000,105.29,105.44,104.7,104.99,314958.63,314958.63,33101681.171,1
2026-08-30T06:00:00+08:00,1788040800000,104.98,105.71,104.82,105.54,248215.14,248215.14,26167033.6481,1
2026-08-30T08:00:00+08:00,1788048000000,105.54,105.64,104.94,105.16,424153.57,424153.57,44647432.474,1
2026-08-30T10:00:00+08:00,1788055200000,105.17,105.48,104.88,105.01,358860.1,358860.1,37745773.6312,1
2026-08-30T12:00:00+08:00,1788062400000,105.01,105.2,104.57,105.03,338420.31,338420.31,35500945.1467,1
2026-08-30T14:00:00+08:00,1788069600000,105.02,105.38,104.65,104.77,290301.44,290301.44,30474281.0047,1
2026-08-30T16:00:00+08:00,1788076800000,104.77,105,104.33,104.54,398362.49,398362.49,41693754.0692,1
2026-08-30T18:00:00+08:00,1788084000000,104.53,105.26,104.43,105.05,412914.65,412914.65,43319917.6366,1
2026-08-30T20:00:00+08:00,1788091200000,105.06,107.46,105,107.04,1780136.3,1780136.3,189191563.0539,1
2026-08-30T22:00:00+08:00,1788098400000,107.04,107.19,105.87,106.23,1014860.42,1014860.42,108148811.3498,1
2026-08-31T00:00:00+08:00,1788105600000,106.23,107.11,105.15,106.33,1589877.58,1589877.58,168905909.8163,1
2026-08-31T02:00:00+08:00,1788112800000,106.33,106.8,105.37,105.75,892613.92,892613.92,94839745.9645,1
2026-08-31T04:00:00+08:00,1788120000000,105.75,105.95,103.16,104.38,1289361.91,1289361.91,134748468.1729,1
2026-08-31T06:00:00+08:00,1788127200000,104.39,104.7,100.2,101.69,2426613.75,2426613.75,248024526.2309,1
2026-08-31T08:00:00+08:00,1788134400000,101.69,102.56,101.05,101.46,1167503.21,1167503.21,118876059.7439,1
2026-08-31T10:00:00+08:00,1788141600000,101.46,102.31,101.14,101.89,910515.33,910515.33,92658929.691,1
2026-08-31T12:00:00+08:00,1788148800000,101.89,102.99,100.83,102.58,1397091.96,1397091.96,142353228.2538,1
2026-08-31T14:00:00+08:00,1788156000000,102.58,103.15,102.26,102.9,694692.44,694692.44,71349559.9397,1
2026-08-31T16:00:00+08:00,1788163200000,102.9,103.44,102.37,103.01,721101.01,721101.01,74255971.4543,1
2026-08-31T18:00:00+08:00,1788170400000,103.02,104.12,102.57,103.33,916404.51,916404.51,94823613.3576,1
2026-08-31T20:00:00+08:00,1788177600000,103.33,103.7,102.05,102.31,1052424.16,1052424.16,108176520.3341,1
2026-08-31T22:00:00+08:00,1788184800000,102.31,103.89,102.14,102.81,1123412.07,1123412.07,115766071.9865,1
2026-09-01T00:00:00+08:00,1788192000000,102.8,103.76,102.37,103.56,804973.22,804973.22,82870719.0349,1
2026-09-01T02:00:00+08:00,1788199200000,103.56,104.97,103.32,103.55,970145.46,970145.46,101055463.0867,1
2026-09-01T04:00:00+08:00,1788206400000,103.56,104.26,103.16,103.59,494482.02,494482.02,51233131.4377,1
2026-09-01T06:00:00+08:00,1788213600000,103.59,103.72,102.81,103,303839.3,303839.3,31338220.2555,1
2026-09-01T08:00:00+08:00,1788220800000,103,103.5,102.62,103.2,525459.79,525459.79,54212744.858,1
2026-09-01T10:00:00+08:00,1788228000000,103.19,104.18,102.74,103.59,612909,612909,63420072.0151,1
2026-09-01T12:00:00+08:00,1788235200000,103.59,104.37,103.42,104.26,638574.64,638574.64,66357981.7988,1
2026-09-01T14:00:00+08:00,1788242400000,104.26,104.26,102.73,103.09,781430.96,781430.96,80829894.3278,1
2026-09-01T16:00:00+08:00,1788249600000,103.1,103.16,101.67,101.9,1119609.7,1119609.7,114429918.173,1
2026-09-01T18:00:00+08:00,1788256800000,101.9,102.67,101.88,102.22,705458.74,705458.74,72138856.772,1
2026-09-01T20:00:00+08:00,1788264000000,102.22,102.44,101.22,101.88,1099607.61,1099607.61,111959697.5456,1
2026-09-01T22:00:00+08:00,1788271200000,101.89,102.52,100.89,101.98,1086204.92,1086204.92,110603990.6219,1
2026-09-02T00:00:00+08:00,1788278400000,101.97,102,100.32,100.52,1226534.94,1226534.94,123869700.0028,1
2026-09-02T02:00:00+08:00,1788285600000,100.53,100.65,98.28,100.02,2248237.87,2248237.87,223660229.7821,1
2026-09-02T04:00:00+08:00,1788292800000,100.02,100.35,98.86,99.54,742647.52,742647.52,74032194.8766,1
2026-09-02T06:00:00+08:00,1788300000000,99.55,100.19,99.29,99.91,515686.63,515686.63,51437419.796,1
2026-09-02T08:00:00+08:00,1788307200000,99.92,100.19,98.42,99.03,771268.33,771268.33,76629028.6132,1
2026-09-02T10:00:00+08:00,1788314400000,99.03,100.65,98.7,100.23,1052232.9,1052232.9,105052393.8912,1
2026-09-02T12:00:00+08:00,1788321600000,100.24,100.37,99.68,100.21,495937.7,495937.7,49603481.1328,1
2026-09-02T14:00:00+08:00,1788328800000,100.22,100.38,99.59,99.78,448843.09,448843.09,44873516.6231,1
2026-09-02T16:00:00+08:00,1788336000000,99.77,99.97,98.09,98.58,1180751.82,1180751.82,116831523.5184,1
2026-09-02T18:00:00+08:00,1788343200000,98.57,98.62,97.31,98.05,1151517.02,1151517.02,112748285.8738,1
2026-09-02T20:00:00+08:00,1788350400000,98.05,99.61,97.53,99.15,1210600.73,1210600.73,119237160.9609,1
2026-09-02T22:00:00+08:00,1788357600000,99.15,99.75,98.37,99.26,1156715.52,1156715.52,114628300.9668,1
2026-09-03T00:00:00+08:00,1788364800000,99.25,99.76,98.14,99.25,1000431.3,1000431.3,98996990.0241,1
2026-09-03T02:00:00+08:00,1788372000000,99.26,99.64,99.01,99.38,547143.98,547143.98,54352222.1226,1
2026-09-03T04:00:00+08:00,1788379200000,99.38,99.99,99.27,99.6,554758.02,554758.02,55289196.8385,1
2026-09-03T06:00:00+08:00,1788386400000,99.6,100.48,99.15,100.37,496331.51,496331.51,49505139.2844,1
2026-09-03T08:00:00+08:00,1788393600000,100.38,100.57,99.09,100.11,828969.78,828969.78,82866350.1194,1
2026-09-03T10:00:00+08:00,1788400800000,100.1,101.33,99.89,100.47,1053834.16,1053834.16,106148981.9053,1
2026-09-03T12:00:00+08:00,1788408000000,100.47,100.98,99.65,100.81,987544.99,987544.99,99094583.966,1
2026-09-03T14:00:00+08:00,1788415200000,100.81,101.33,100.2,100.35,805123.57,805123.57,81151715.4113,1
2026-09-03T16:00:00+08:00,1788422400000,100.35,101.09,100.08,100.12,508151.83,508151.83,51095505.9028,1
2026-09-03T18:00:00+08:00,1788429600000,100.12,100.96,99.87,100.74,705591.08,705591.08,70853846.5745,1
2026-09-03T20:00:00+08:00,1788436800000,100.73,101.97,100.57,101.42,1487589.23,1487589.23,150766706.2045,1
2026-09-03T22:00:00+08:00,1788444000000,101.41,105.62,101.16,105.11,3385125.06,3385125.06,351482223.244,1
2026-09-04T00:00:00+08:00,1788451200000,105.11,105.16,103.8,105.04,954338.09,954338.09,99704103.3386,1
2026-09-04T02:00:00+08:00,1788458400000,105.04,105.89,104.56,105.25,629485.69,629485.69,66193158.9495,1
2026-09-04T04:00:00+08:00,1788465600000,105.24,105.69,104.7,105.15,584628.72,584628.72,61470827.2946,1
2026-09-04T06:00:00+08:00,1788472800000,105.15,105.26,103.51,103.87,953285.52,953285.52,99277158.0086,1
2026-09-04T08:00:00+08:00,1788480000000,103.87,104.32,103.15,103.75,971585.7,971585.7,100706488.8696,1
2026-09-04T10:00:00+08:00,1788487200000,103.74,104.08,103.28,103.63,360117.13,360117.13,37333901.0126,1
2026-09-04T12:00:00+08:00,1788494400000,103.63,104.3,103.38,103.64,571066.43,571066.43,59271505.5498,1
2026-09-04T14:00:00+08:00,1788501600000,103.63,103.99,103.27,103.55,586590.21,586590.21,60801275.9188,1
2026-09-04T16:00:00+08:00,1788508800000,103.55,104.76,103.16,103.99,1025235,1025235,106716198.7008,1
2026-09-04T18:00:00+08:00,1788516000000,104,104.44,103.49,104.02,539699.81,539699.81,56115163.9859,1
2026-09-04T20:00:00+08:00,1788523200000,104.03,104.4,100.08,101.59,3224719.89,3224719.89,328232081.1193,1
2026-09-04T22:00:00+08:00,1788530400000,101.59,101.75,100.22,101.37,990172.81,990172.81,100054008.4779,1
2026-09-05T00:00:00+08:00,1788537600000,101.37,102.06,101,101.19,688669.11,688669.11,69929711.7086,1
2026-09-05T02:00:00+08:00,1788544800000,101.19,101.88,101.16,101.61,308709.24,308709.24,31361767.5867,1
2026-09-05T04:00:00+08:00,1788552000000,101.62,101.86,101.37,101.5,313311.81,313311.81,31851739.9154,1
2026-09-05T06:00:00+08:00,1788559200000,101.5,101.91,101.49,101.86,162883.43,162883.43,16568343.2578,1
2026-09-05T08:00:00+08:00,1788566400000,101.86,102.13,101.66,101.8,289106.81,289106.81,29450276.7257,1
2026-09-05T10:00:00+08:00,1788573600000,101.8,101.95,101.62,101.81,217593.78,217593.78,22150651.7933,1
2026-09-05T12:00:00+08:00,1788580800000,101.82,101.88,101.54,101.82,291849.32,291849.32,29689818.5583,1
2026-09-05T14:00:00+08:00,1788588000000,101.82,102.56,101.76,102.15,379809.49,379809.49,38807925.0129,1
2026-09-05T16:00:00+08:00,1788595200000,102.15,102.77,102.03,102.48,323543.71,323543.71,33132098.2285,1
2026-09-05T18:00:00+08:00,1788602400000,102.48,102.65,102.15,102.29,311221.87,311221.87,31863526.555,1
2026-09-05T20:00:00+08:00,1788609600000,102.29,103.42,102.24,102.6,719158.63,719158.63,74022119.8555,1
2026-09-05T22:00:00+08:00,1788616800000,102.6,102.92,102.58,102.88,287155.76,287155.76,29505822.5043,1
2026-09-06T00:00:00+08:00,1788624000000,102.88,104.27,102.74,104.2,843407.87,843407.87,87365553.2285,1
2026-09-06T02:00:00+08:00,1788631200000,104.2,104.35,103.1,103.35,464423.54,464423.54,48166036.8166,1
2026-09-06T04:00:00+08:00,1788638400000,103.35,103.92,103.04,103.68,381178.8,381178.8,39419379.9267,1
2026-09-06T06:00:00+08:00,1788645600000,103.69,103.82,102.84,103.11,405104.86,405104.86,41835744.2368,1
2026-09-06T08:00:00+08:00,1788652800000,103.11,104.17,103.11,104,616756.88,616756.88,63897195.9757,1
2026-09-06T10:00:00+08:00,1788660000000,104,107.12,103.82,105.93,1617195.99,1617195.99,170763612.1682,1
2026-09-06T12:00:00+08:00,1788667200000,105.93,106.81,105.39,106.39,1007013.32,1007013.32,106817068.6475,1
2026-09-06T14:00:00+08:00,1788674400000,106.4,106.41,104.56,105.19,1132192.52,1132192.52,119185449.5038,1
2026-09-06T16:00:00+08:00,1788681600000,105.18,107.27,104.94,106.43,1240436.04,1240436.04,131631358.6912,1
2026-09-06T18:00:00+08:00,1788688800000,106.43,106.87,106.18,106.39,601199.91,601199.91,64032591.8157,1
2026-09-06T20:00:00+08:00,1788696000000,106.39,107.3,105.8,107.03,1140543.42,1140543.42,121588213.9962,1
2026-09-06T22:00:00+08:00,1788703200000,107.03,107.07,104.78,105.68,1522895.73,1522895.73,161031951.7328,1
2026-09-07T00:00:00+08:00,1788710400000,105.68,106.39,105.41,106.13,576189.6,576189.6,61041944.6768,1
2026-09-07T02:00:00+08:00,1788717600000,106.14,106.53,105.22,105.44,324505.49,324505.49,34372948.5096,1
2026-09-07T04:00:00+08:00,1788724800000,105.44,106.24,105.3,105.87,267821.46,267821.46,28338774.7681,1
2026-09-07T06:00:00+08:00,1788732000000,105.87,106.73,104.89,106.49,749987.85,749987.85,79456973.5092,1
2026-09-07T08:00:00+08:00,1788739200000,106.5,106.6,104.96,105.25,831023.44,831023.44,87879043.1926,1
2026-09-07T10:00:00+08:00,1788746400000,105.24,107.04,104.77,104.88,1290254.37,1290254.37,136324952.1434,1
2026-09-07T12:00:00+08:00,1788753600000,104.88,105.77,104.52,105.05,704347.11,704347.11,74051464.2083,1
2026-09-07T14:00:00+08:00,1788760800000,105.06,105.48,103.64,104.4,1082761.28,1082761.28,113222750.9537,1
2026-09-07T16:00:00+08:00,1788768000000,104.4,105.13,104.38,104.61,615985.03,615985.03,64515157.7201,1
2026-09-07T18:00:00+08:00,1788775200000,104.6,105.1,104.6,104.88,400054.81,400054.81,41957507.1102,1
2026-09-07T20:00:00+08:00,1788782400000,104.88,105.87,104.73,105.01,777955.27,777955.27,81968823.5875,1
2026-09-07T22:00:00+08:00,1788789600000,105.02,105.11,102.85,103.2,1500180.35,1500180.35,155897022.125,1
2026-09-08T00:00:00+08:00,1788796800000,103.21,104.19,103.13,103.94,564714.38,564714.38,58569764.572,1
2026-09-08T02:00:00+08:00,1788804000000,103.95,104.38,103.52,104.29,327211.41,327211.41,34006023.6081,1
2026-09-08T04:00:00+08:00,1788811200000,104.3,104.35,103.72,103.85,328969.28,328969.28,34203997.3274,1
2026-09-08T06:00:00+08:00,1788818400000,103.85,104.02,103.08,103.73,536035.08,536035.08,55561889.4152,1
2026-09-08T08:00:00+08:00,1788825600000,103.74,104.37,103.38,104.32,507368.76,507368.76,52707091.1385,1
2026-09-08T10:00:00+08:00,1788832800000,104.32,104.48,102.62,103.28,892024.01,892024.01,92253932.2924,1
2026-09-08T12:00:00+08:00,1788840000000,103.27,103.46,102.81,102.9,651182.47,651182.47,67173855.4557,1
2026-09-08T14:00:00+08:00,1788847200000,102.91,103.11,102.25,102.89,959487.94,959487.94,98532834.2786,1
2026-09-08T16:00:00+08:00,1788854400000,102.89,103.8,102.43,103.62,596740.03,596740.03,61563781.3759,1
2026-09-08T18:00:00+08:00,1788861600000,103.62,104.06,102.58,102.82,690420.48,690420.48,71279783.3184,1
2026-09-08T20:00:00+08:00,1788868800000,102.82,103.3,101.61,102.64,1006071.94,1006071.94,103006643.4451,1
2026-09-08T22:00:00+08:00,1788876000000,102.63,104.35,102.37,104.25,1031126.68,1031126.68,106585227.5169,1
2026-09-09T00:00:00+08:00,1788883200000,104.26,104.78,103.53,103.63,818262.47,818262.47,85146001.3527,1
2026-09-09T02:00:00+08:00,1788890400000,103.62,104.43,102.74,103.16,825040.13,825040.13,85300012.8131,1
2026-09-09T04:00:00+08:00,1788897600000,103.16,103.75,102.71,102.95,455986.29,455986.29,47044571.5792,1
2026-09-09T06:00:00+08:00,1788904800000,102.96,103.53,102.9,103.32,322893.42,322893.42,33346413.0808,1
2026-09-09T08:00:00+08:00,1788912000000,103.32,103.89,103.28,103.72,504728.9,504728.9,52307338.837,1
2026-09-09T10:00:00+08:00,1788919200000,103.72,103.97,102.91,103.23,559095.32,559095.32,57793170.4039,1
2026-09-09T12:00:00+08:00,1788926400000,103.23,104.68,103.23,104.02,1123537.25,1123537.25,116874541.4752,1
2026-09-09T14:00:00+08:00,1788933600000,104.02,105.15,103.93,104.52,672128.51,672128.51,70324665.2197,1
2026-09-09T16:00:00+08:00,1788940800000,104.53,105,103.38,103.44,773100.82,773100.82,80572376.6008,1
2026-09-09T18:00:00+08:00,1788948000000,103.44,104.27,103.24,104.18,721527.55,721527.55,74836083.7302,1
2026-09-09T20:00:00+08:00,1788955200000,104.17,104.78,103.45,103.74,1054605.43,1054605.43,109974848.4539,1
2026-09-09T22:00:00+08:00,1788962400000,103.74,104.14,101.98,103,1706568.18,1706568.18,175973429.994,1
2026-09-10T00:00:00+08:00,1788969600000,103.01,103.77,102.68,103.47,638626.01,638626.01,65921300.5586,1
2026-09-10T02:00:00+08:00,1788976800000,103.47,103.69,102.11,102.28,601376.59,601376.59,61948167.9863,1
2026-09-10T04:00:00+08:00,1788984000000,102.28,102.62,101.74,102.05,726212.9,726212.9,74248813.2137,1
2026-09-10T06:00:00+08:00,1788991200000,102.05,102.14,100.15,101.5,1126650.27,1126650.27,113929719.7504,1
2026-09-10T08:00:00+08:00,1788998400000,101.51,101.69,100.32,101,747354.92,747354.92,75502332.0069,1
2026-09-10T10:00:00+08:00,1789005600000,101,102.01,100.93,101.77,541859.82,541859.82,55056557.5014,1
2026-09-10T12:00:00+08:00,1789012800000,101.76,102.24,101.53,102.05,518479.2,518479.2,52853808.1881,1
2026-09-10T14:00:00+08:00,1789020000000,102.05,102.1,100.77,101.26,575784.37,575784.37,58373054.6451,1
2026-09-10T16:00:00+08:00,1789027200000,101.26,101.38,100.74,101.08,511094.24,511094.24,51674113.9727,1
2026-09-10T18:00:00+08:00,1789034400000,101.07,101.48,100.76,100.93,576769.48,576769.48,58341379.1424,1
2026-09-10T20:00:00+08:00,1789041600000,100.93,101.48,98.3,99.68,2907876.47,2907876.47,289810304.3778,1
2026-09-10T22:00:00+08:00,1789048800000,99.68,100.31,99.18,99.67,963623.74,963623.74,96163561.8863,1
2026-09-11T00:00:00+08:00,1789056000000,99.67,100.43,98.78,99.92,972416.13,972416.13,96892148.7894,1
2026-09-11T02:00:00+08:00,1789063200000,99.91,100.07,99.15,99.63,526649.57,526649.57,52484587.5443,1
2026-09-11T04:00:00+08:00,1789070400000,99.63,100.09,99.57,99.76,242353.31,242353.31,24218247.0879,1
2026-09-11T06:00:00+08:00,1789077600000,99.76,100.05,98.54,98.61,597056.5,597056.5,59220528.7155,1
2026-09-11T08:00:00+08:00,1789084800000,98.61,99.44,98.52,99.38,650405.12,650405.12,64401791.7534,1
2026-09-11T10:00:00+08:00,1789092000000,99.38,99.48,98.88,99.25,435416.89,435416.89,43187338.3897,1
2026-09-11T12:00:00+08:00,1789099200000,99.26,99.91,99.18,99.85,593005.42,593005.42,59096792.9613,1
2026-09-11T14:00:00+08:00,1789106400000,99.84,100.1,99.49,99.69,478798.25,478798.25,47773504.3227,1
2026-09-11T16:00:00+08:00,1789113600000,99.7,100.25,98.95,99.35,616673.3,616673.3,61419649.8208,1
2026-09-11T18:00:00+08:00,1789120800000,99.34,99.69,98.53,99.42,797557.44,797557.44,79022861.8543,1
2026-09-11T20:00:00+08:00,1789128000000,99.42,104.84,97.77,104.82,4330347.73,4330347.73,437377369.8642,1
2026-09-11T22:00:00+08:00,1789135200000,104.82,105.77,101.16,101.54,2774716.92,2774716.92,287347455.5911,1
2026-09-12T00:00:00+08:00,1789142400000,101.53,102.43,101.23,101.88,970718.26,970718.26,98953897.1261,1
2026-09-12T02:00:00+08:00,1789149600000,101.88,102.11,100.26,101.95,1199858.58,1199858.58,121433605.8502,1
2026-09-12T04:00:00+08:00,1789156800000,101.96,103.09,101.93,102.05,922368.41,922368.41,94540692.5802,1
2026-09-12T06:00:00+08:00,1789164000000,102.04,102.44,101.47,102.42,673371,673371,68689326.738,1
2026-09-12T08:00:00+08:00,1789171200000,102.42,102.53,101.72,101.94,439247.11,439247.11,44837182.2457,1
2026-09-12T10:00:00+08:00,1789178400000,101.94,102.04,101.41,101.59,401413.29,401413.29,40824208.1672,1
2026-09-12T12:00:00+08:00,1789185600000,101.58,101.87,101.32,101.59,396002.53,396002.53,40229779.2824,1
2026-09-12T14:00:00+08:00,1789192800000,101.6,101.92,101.46,101.62,292267.44,292267.44,29720598.836,1
2026-09-12T16:00:00+08:00,1789200000000,101.62,102.18,101.46,101.96,503241.47,503241.47,51243729.4252,1
2026-09-12T18:00:00+08:00,1789207200000,101.96,102.22,101.88,102.07,330259.08,330259.08,33696503.1937,1
2026-09-12T20:00:00+08:00,1789214400000,102.07,102.35,101.68,101.94,479262.26,479262.26,48878450.8253,1
2026-09-12T22:00:00+08:00,1789221600000,101.94,102.11,101.8,102.01,307533.17,307533.17,31356442.1682,1
2026-09-13T00:00:00+08:00,1789228800000,102.01,102.11,101.87,101.93,231607.44,231607.44,23624358.3905,1
2026-09-13T02:00:00+08:00,1789236000000,101.93,101.94,101.18,101.23,426670.12,426670.12,43338260.4375,1
2026-09-13T04:00:00+08:00,1789243200000,101.23,101.6,101.21,101.41,246221.69,246221.69,24969848.0449,1
2026-09-13T06:00:00+08:00,1789250400000,101.42,101.81,101.34,101.71,267852.05,267852.05,27209154.6931,1
2026-09-13T08:00:00+08:00,1789257600000,101.71,102.29,101.53,102.23,350086.12,350086.12,35681365.7807,1
2026-09-13T10:00:00+08:00,1789264800000,102.23,102.28,101.51,101.59,507683.56,507683.56,51719705.8403,1
2026-09-13T12:00:00+08:00,1789272000000,101.59,101.87,101.47,101.76,230870.43,230870.43,23475251.3178,1
2026-09-13T14:00:00+08:00,1789279200000,101.76,101.76,100.18,100.65,858818.25,858818.25,86770459.5667,1
2026-09-13T16:00:00+08:00,1789286400000,100.65,100.82,99.31,99.79,1022182.2,1022182.2,102203978.2644,1
2026-09-13T18:00:00+08:00,1789293600000,99.8,99.85,99.35,99.76,291157.55,291157.55,29011680.6742,1
2026-09-13T20:00:00+08:00,1789300800000,99.77,100.16,99.4,100.04,352472.13,352472.13,35149397.393,1
2026-09-13T22:00:00+08:00,1789308000000,100.05,100.78,100.05,100.18,608206.54,608206.54,61076591.1351,1
2026-09-14T00:00:00+08:00,1789315200000,100.18,101.19,100.18,100.96,450768.84,450768.84,45430337.8748,1
2026-09-14T02:00:00+08:00,1789322400000,100.96,101.3,100.8,100.92,232303.58,232303.58,23473172.6165,1
2026-09-14T04:00:00+08:00,1789329600000,100.92,101.57,100.91,101.28,298522.66,298522.66,30238794.4849,1
2026-09-14T06:00:00+08:00,1789336800000,101.28,101.28,99.12,99.21,1066388.72,1066388.72,106448935.9256,1
2026-09-14T08:00:00+08:00,1789344000000,99.22,100.18,98.92,100.12,691924.11,691924.11,68848378.7532,1
2026-09-14T10:00:00+08:00,1789351200000,100.12,101.29,99.9,100.93,702551.87,702551.87,70803306.1166,1
2026-09-14T12:00:00+08:00,1789358400000,100.93,101.32,100.82,101.07,340157.9,340157.9,34370880.4978,1
2026-09-14T14:00:00+08:00,1789365600000,101.08,101.97,101.04,101.55,617801.23,617801.23,62733144.0594,1
2026-09-14T16:00:00+08:00,1789372800000,101.55,102.31,101.17,101.9,779767.3,779767.3,79261521.0871,1
2026-09-14T18:00:00+08:00,1789380000000,101.91,101.97,101.25,101.32,559335.29,559335.29,56852268.9063,1
2026-09-14T20:00:00+08:00,1789387200000,101.33,101.97,100.61,101.31,1102634.93,1102634.93,111783214.9621,1
2026-09-14T22:00:00+08:00,1789394400000,101.31,102.24,101.12,101.91,901936.87,901936.87,91771561.9712,1
2026-09-15T00:00:00+08:00,1789401600000,101.91,103.27,101.81,103.02,979099.78,979099.78,100493308.6993,1
2026-09-15T02:00:00+08:00,1789408800000,103.02,103.82,102.85,103.21,886865.19,886865.19,91643772.7933,1
2026-09-15T04:00:00+08:00,1789416000000,103.22,104.78,102.91,103.15,1213045.98,1213045.98,126061869.9839,1
2026-09-15T06:00:00+08:00,1789423200000,103.15,103.53,102.38,102.5,513777.86,513777.86,52874254.1848,1
2026-09-15T08:00:00+08:00,1789430400000,102.49,102.81,102.1,102.21,421379.45,421379.45,43156072.5767,1
2026-09-15T10:00:00+08:00,1789437600000,102.2,102.35,101.2,101.5,498821.04,498821.04,50751257.4631,1
2026-09-15T12:00:00+08:00,1789444800000,101.49,101.65,100.52,101.26,611968.32,611968.32,61842246.5228,1
2026-09-15T14:00:00+08:00,1789452000000,101.26,101.54,100.28,100.38,595324.91,595324.91,60000459.7954,1
2026-09-15T16:00:00+08:00,1789459200000,100.37,101.04,100.01,100.76,578718.09,578718.09,58137393.3242,1
2026-09-15T18:00:00+08:00,1789466400000,100.77,101.03,100.34,100.77,461331.03,461331.03,46463988.6561,1
2026-09-15T20:00:00+08:00,1789473600000,100.77,101.34,99.58,100.52,1035852.73,1035852.73,104167244.4103,1
2026-09-15T22:00:00+08:00,1789480800000,100.51,100.71,97.88,99.32,1943757.49,1943757.49,192617734.7993,1
2026-09-16T00:00:00+08:00,1789488000000,99.32,100.66,98.63,100.16,809965.59,809965.59,80693025.7095,1
2026-09-16T02:00:00+08:00,1789495200000,100.16,100.3,95.66,97.82,3103185.16,3103185.16,303890494.3367,1
2026-09-16T04:00:00+08:00,1789502400000,97.83,98.03,96.44,96.49,757430.19,757430.19,73503547.1299,1
2026-09-16T06:00:00+08:00,1789509600000,96.48,97.61,96.24,96.81,622704.44,622704.44,60362244.0072,1
2026-09-16T08:00:00+08:00,1789516800000,96.82,97.25,96.33,96.43,522316.23,522316.23,50590443.3858,1
2026-09-16T10:00:00+08:00,1789524000000,96.42,97.54,96.39,97.19,606588.26,606588.26,58903892.9979,1
2026-09-16T12:00:00+08:00,1789531200000,97.2,97.69,96.81,97.19,663557.42,663557.42,64545662.1574,1
2026-09-16T14:00:00+08:00,1789538400000,97.19,97.49,96.85,96.91,401831.68,401831.68,39042814.7688,1
2026-09-16T16:00:00+08:00,1789545600000,96.9,97.29,96.32,97.23,726794.81,726794.81,70406667.7857,1
2026-09-16T18:00:00+08:00,1789552800000,97.24,98.26,96.96,97.95,717692.57,717692.57,69988745.0734,1
2026-09-16T20:00:00+08:00,1789560000000,97.95,98.05,96.83,97.11,678698.72,678698.72,66064738.7485,1
2026-09-16T22:00:00+08:00,1789567200000,97.12,97.56,96.57,97.04,738008.9,738008.9,71582045.6703,1
2026-09-17T00:00:00+08:00,1789574400000,97.05,97.46,96.05,96.99,827523.71,827523.71,80092059.1949,1
2026-09-17T02:00:00+08:00,1789581600000,97,98.88,96.21,98.03,2396377.99,2396377.99,234406921.6185,1
2026-09-17T04:00:00+08:00,1789588800000,98.03,98.86,97.97,98.34,456987.93,456987.93,44995010.9554,1
2026-09-17T06:00:00+08:00,1789596000000,98.34,98.79,97.33,98.6,570286.56,570286.56,55910743.9069,1
2026-09-17T08:00:00+08:00,1789603200000,98.6,99.61,98.4,99.18,611684.46,611684.46,60573181.6267,1
2026-09-17T10:00:00+08:00,1789610400000,99.19,100,98.77,99.91,594773.27,594773.27,59143501.9441,1
2026-09-17T12:00:00+08:00,1789617600000,99.9,100.05,99.09,99.5,539522.38,539522.38,53714969.2194,1
2026-09-17T14:00:00+08:00,1789624800000,99.5,100.31,99.43,99.98,481209.61,481209.61,48086987.4558,1
2026-09-17T16:00:00+08:00,1789632000000,99.98,100.81,99.82,100.18,809224.72,809224.72,81229843.478,1
2026-09-17T18:00:00+08:00,1789639200000,100.18,100.2,99.44,100.08,684572.49,684572.49,68322943.7579,1
2026-09-17T20:00:00+08:00,1789646400000,100.07,101.38,99.6,100.69,1398675.28,1398675.28,140588785.4338,1
2026-09-17T22:00:00+08:00,1789653600000,100.7,101.76,100.02,101.22,1405067.01,1405067.01,141970705.4436,1
2026-09-18T00:00:00+08:00,1789660800000,101.22,102.03,100.62,101.48,819186.61,819186.61,83042604.0516,1
2026-09-18T02:00:00+08:00,1789668000000,101.49,101.58,100.66,100.91,527079.63,527079.63,53230108.7791,1
2026-09-18T04:00:00+08:00,1789675200000,100.92,101.42,100.83,101.1,290355.88,290355.88,29374748.0411,1
2026-09-18T06:00:00+08:00,1789682400000,101.1,101.71,100.72,101.58,475397.96,475397.96,48164460.996,1
2026-09-18T08:00:00+08:00,1789689600000,101.57,102.86,100.83,102.42,777934.19,777934.19,79249327.257,1
2026-09-18T10:00:00+08:00,1789696800000,102.43,105.17,102.1,104.55,1636998.94,1636998.94,169780858.258,1
2026-09-18T12:00:00+08:00,1789704000000,104.55,106.16,104.39,105.31,1722530.04,1722530.04,181465057.8282,1
2026-09-18T14:00:00+08:00,1789711200000,105.31,106.12,105.28,105.74,1000179.9,1000179.9,105733320.7352,1
2026-09-18T16:00:00+08:00,1789718400000,105.75,106.62,105.07,106.38,1269173.02,1269173.02,134591185.2921,1
2026-09-18T18:00:00+08:00,1789725600000,106.38,106.64,105.38,105.7,910335.75,910335.75,96474201.7511,1
2026-09-18T20:00:00+08:00,1789732800000,105.71,109.38,105.37,108.49,2407468.76,2407468.76,258620403.5359,1
2026-09-18T22:00:00+08:00,1789740000000,108.49,111.6,108.36,111.12,3563001.79,3563001.79,392005498.8534,1
2026-09-19T00:00:00+08:00,1789747200000,111.11,112.72,111,112.58,1987893.8,1987893.8,222295048.0986,1
2026-09-19T02:00:00+08:00,1789754400000,112.59,114.29,112.01,114.17,1623369.79,1623369.79,183762489.1611,1
2026-09-19T04:00:00+08:00,1789761600000,114.17,114.19,112.99,113.16,852875.31,852875.31,96810809.751,1
2026-09-19T06:00:00+08:00,1789768800000,113.17,113.6,112.47,112.69,689717.24,689717.24,77975929.5076,1
2026-09-19T08:00:00+08:00,1789776000000,112.7,114.13,112.35,113.41,1006909.45,1006909.45,114070688.9118,1
2026-09-19T10:00:00+08:00,1789783200000,113.42,113.85,113.13,113.23,412148.54,412148.54,46780739.5699,1
2026-09-19T12:00:00+08:00,1789790400000,113.23,113.44,111.66,111.92,911753.51,911753.51,102626968.3987,1
2026-09-19T14:00:00+08:00,1789797600000,111.92,112.23,111.17,111.59,843059.95,843059.95,94172416.3165,1
2026-09-19T16:00:00+08:00,1789804800000,111.6,112.48,111.39,111.81,737356.55,737356.55,82581375.926,1
2026-09-19T18:00:00+08:00,1789812000000,111.81,112.12,111.58,111.87,449674.78,449674.78,50306354.3752,1
2026-09-19T20:00:00+08:00,1789819200000,111.86,112.04,111.22,111.6,599358.5,599358.5,66906508.3043,1
2026-09-19T22:00:00+08:00,1789826400000,111.61,112.19,111.43,111.62,659043.1,659043.1,73678330.879,1
2026-09-20T00:00:00+08:00,1789833600000,111.63,112.45,111.2,111.34,906567.48,906567.48,101288106.082,1
2026-09-20T02:00:00+08:00,1789840800000,111.35,111.6,110.55,111.13,974213.16,974213.16,108164472.1293,1
2026-09-20T04:00:00+08:00,1789848000000,111.14,111.35,110.1,110.51,652560.15,652560.15,72286103.9808,1
2026-09-20T06:00:00+08:00,1789855200000,110.51,111.15,109.97,111.01,562771.24,562771.24,62208585.1794,1
2026-09-20T08:00:00+08:00,1789862400000,111.01,111.11,109.67,110.14,603302.73,603302.73,66616092.013,1
2026-09-20T10:00:00+08:00,1789869600000,110.14,110.51,107.35,108.86,2173889.4,2173889.4,235900059.3711,1
2026-09-20T12:00:00+08:00,1789876800000,108.85,109.22,108.56,108.73,559024.35,559024.35,60840715.2447,1
2026-09-20T14:00:00+08:00,1789884000000,108.73,108.9,108.08,108.43,446779.99,446779.99,48485821.1141,1
2026-09-20T16:00:00+08:00,1789891200000,108.44,108.82,107.67,108.28,667024.46,667024.46,72245145.0859,1
2026-09-20T18:00:00+08:00,1789898400000,108.27,108.67,107.87,108.44,465464,465464,50354435.1489,1
2026-09-20T20:00:00+08:00,1789905600000,108.44,108.83,107.91,108.18,500556.48,500556.48,54211793.6527,1
2026-09-20T22:00:00+08:00,1789912800000,108.19,108.79,107.88,108.74,650515.2,650515.2,70439222.5935,1
2026-09-21T00:00:00+08:00,1789920000000,108.74,110.66,108.46,109.86,1719637.85,1719637.85,188776505.4121,1
2026-09-21T02:00:00+08:00,1789927200000,109.86,110.82,109.15,110.39,580298.07,580298.07,63798092.41,1
2026-09-21T04:00:00+08:00,1789934400000,110.39,110.59,109.01,109.84,592158.88,592158.88,65052536.1783,1
2026-09-21T06:00:00+08:00,1789941600000,109.84,111.42,109.56,111.12,682720.78,682720.78,75571527.5904,1
2026-09-21T08:00:00+08:00,1789948800000,111.12,113.44,110.66,110.92,1789081.04,1789081.04,200673938.4295,1
2026-09-21T10:00:00+08:00,1789956000000,110.91,111.96,110.65,111.51,648724.92,648724.92,72272569.9546,1
2026-09-21T12:00:00+08:00,1789963200000,111.51,112.19,110.98,111.72,456520.79,456520.79,50960033.9885,1
2026-09-21T14:00:00+08:00,1789970400000,111.72,112.56,111.34,112.08,625728.82,625728.82,70027513.6361,1
2026-09-21T16:00:00+08:00,1789977600000,112.07,116.83,112.03,115.87,3018054.39,3018054.39,347236714.4206,1
2026-09-21T18:00:00+08:00,1789984800000,115.87,117.15,115.42,116.76,1006544.9,1006544.9,116962680.8148,1
2026-09-21T20:00:00+08:00,1789992000000,116.76,118.35,116.12,117.98,1542918.75,1542918.75,180905229.6577,1
2026-09-21T22:00:00+08:00,1789999200000,117.98,119.1,117.29,117.87,2053393.5,2053393.5,242560228.0269,1
2026-09-22T00:00:00+08:00,1790006400000,117.87,118.27,116.61,117.15,1074106.44,1074106.44,126104972.4591,1
2026-09-22T02:00:00+08:00,1790013600000,117.15,118.43,116.81,118.31,633266.54,633266.54,74554792.7971,1
2026-09-22T04:00:00+08:00,1790020800000,118.31,119.96,118.15,119.06,869967.28,869967.28,103544666.343,1
2026-09-22T06:00:00+08:00,1790028000000,119.07,119.9,118.35,118.87,759527.68,759527.68,90430636.9504,1
2026-09-22T08:00:00+08:00,1790035200000,118.88,119.44,116.88,117.56,1263092.21,1263092.21,149332086.9337,1
2026-09-22T10:00:00+08:00,1790042400000,117.56,118.07,116.26,116.76,1100352.49,1100352.49,128717762.1363,1
2026-09-22T12:00:00+08:00,1790049600000,116.76,117.15,115.52,116.79,1222956.95,1222956.95,142368569.2146,1
2026-09-22T14:00:00+08:00,1790056800000,116.8,117.01,115.96,116.27,610306.52,610306.52,71086614.7764,1
2026-09-22T16:00:00+08:00,1790064000000,116.28,118,115.74,117.43,1149951.9,1149951.9,134584977.889,1
2026-09-22T18:00:00+08:00,1790071200000,117.43,117.46,116.33,117.26,772243.3,772243.3,90294591.7206,1
2026-09-22T20:00:00+08:00,1790078400000,117.27,117.95,116.75,117.92,976819.71,976819.71,114595421.7088,1
2026-09-22T22:00:00+08:00,1790085600000,117.93,117.93,115.83,117.31,1356819.66,1356819.66,158618938.0295,1
2026-09-23T00:00:00+08:00,1790092800000,117.31,118.14,116.64,117.91,1002981.44,1002981.44,117797990.1414,1
2026-09-23T02:00:00+08:00,1790100000000,117.91,118.66,117.57,118.2,825143.96,825143.96,97441259.117,1
2026-09-23T04:00:00+08:00,1790107200000,118.2,118.3,117.62,118.01,602035.99,602035.99,71034090.8998,1
2026-09-23T06:00:00+08:00,1790114400000,118.01,119.26,117.53,118.49,796906.71,796906.71,94436430.013,1
2026-09-23T08:00:00+08:00,1790121600000,118.5,119.44,117.76,118.29,690436.01,690436.01,81905974.4361,1
2026-09-23T10:00:00+08:00,1790128800000,118.28,119.64,117.81,119.05,690872.13,690872.13,82117894.4748,1
2026-09-23T12:00:00+08:00,1790136000000,119.06,119.69,118.18,118.35,712252.01,712252.01,84753587.3416,1
2026-09-23T14:00:00+08:00,1790143200000,118.35,119.23,117.24,117.83,1047518.02,1047518.02,123860543.8503,1
2026-09-23T16:00:00+08:00,1790150400000,117.83,118.29,116.84,117.34,1000229.74,1000229.74,117478587.2606,1
2026-09-23T18:00:00+08:00,1790157600000,117.35,117.66,116.36,117.02,858327.2,858327.2,100451620.606,1
2026-09-23T20:00:00+08:00,1790164800000,117.03,117.23,115.8,116.73,1106355.49,1106355.49,128978043.2574,1
2026-09-23T22:00:00+08:00,1790172000000,116.73,116.97,112.78,113.79,3872001.63,3872001.63,442995411.7184,1
2026-09-24T00:00:00+08:00,1790179200000,113.79,115.2,113.03,114.49,1375189.22,1375189.22,157017666.8474,1
2026-09-24T02:00:00+08:00,1790186400000,114.48,114.84,113.88,114.45,391688.38,391688.38,44760210.6298,1
2026-09-24T04:00:00+08:00,1790193600000,114.46,114.69,113.78,114.66,322824.68,322824.68,36874659.6365,1
2026-09-24T06:00:00+08:00,1790200800000,114.67,115.57,114.56,114.95,475493.06,475493.06,54698022.0329,1
2026-09-24T08:00:00+08:00,1790208000000,114.95,115.67,114.48,114.65,567642.1,567642.1,65328672.8436,1
2026-09-24T10:00:00+08:00,1790215200000,114.65,115.65,114.01,114.66,550392.54,550392.54,63184584.0301,1
2026-09-24T12:00:00+08:00,1790222400000,114.66,116.08,114.3,114.78,606130.78,606130.78,69862946.6546,1
2026-09-24T14:00:00+08:00,1790229600000,114.78,115.6,114.42,115.45,511900.74,511900.74,58884384.7328,1
2026-09-24T16:00:00+08:00,1790236800000,115.45,115.58,112.4,113.09,1447232.27,1447232.27,164457396.9118,1
2026-09-24T18:00:00+08:00,1790244000000,113.09,113.52,112.61,113.3,825428.97,825428.97,93377687.2717,1
2026-09-24T20:00:00+08:00,1790251200000,113.29,115.37,113.04,114.92,1194153.52,1194153.52,136462105.9061,1
2026-09-24T22:00:00+08:00,1790258400000,114.92,116.57,114.03,116.25,1790007.15,1790007.15,206753068.2483,1
2026-09-25T00:00:00+08:00,1790265600000,116.25,117.72,115.85,116.69,1264489.38,1264489.38,147859228.6793,1
2026-09-25T02:00:00+08:00,1790272800000,116.7,117.63,116.19,117.22,718825.79,718825.79,84188128.942,1
2026-09-25T04:00:00+08:00,1790280000000,117.22,117.37,116.56,116.77,339011.79,339011.79,39622808.4132,1
2026-09-25T06:00:00+08:00,1790287200000,116.77,117.16,116.04,116.98,364455.4,364455.4,42511194.8524,1
2026-09-25T08:00:00+08:00,1790294400000,116.97,117.88,116.97,117.41,459738.97,459738.97,53991357.1421,1
2026-09-25T10:00:00+08:00,1790301600000,117.42,118.39,116.41,116.85,839095.96,839095.96,98408462.6807,1
2026-09-25T12:00:00+08:00,1790308800000,116.85,117.29,116.06,116.41,606674.99,606674.99,70715415.7721,1
2026-09-25T14:00:00+08:00,1790316000000,116.41,116.69,115.75,116.32,584054.19,584054.19,67862541.7963,1
2026-09-25T16:00:00+08:00,1790323200000,116.33,118.86,116.27,118.33,1106733.51,1106733.51,130347916.8306,1
2026-09-25T18:00:00+08:00,1790330400000,118.33,122.2,117.83,120.78,2420158.5,2420158.5,291285763.5221,1
2026-09-25T20:00:00+08:00,1790337600000,120.79,121.13,118.35,119.45,2328186.69,2328186.69,278974379.1552,1
2026-09-25T22:00:00+08:00,1790344800000,119.45,121.44,118.11,120.08,2693108.97,2693108.97,322567953.306,1
2026-09-26T00:00:00+08:00,1790352000000,120.07,121.85,120.04,120.94,1643774.74,1643774.74,198944178.2901,1
2026-09-26T02:00:00+08:00,1790359200000,120.95,122.79,120.9,121.84,1156904.53,1156904.53,141072859.2048,1
2026-09-26T04:00:00+08:00,1790366400000,121.84,122.91,120.7,120.92,660563.45,660563.45,80411482.2358,1
2026-09-26T06:00:00+08:00,1790373600000,120.91,122.38,120.79,122.08,399075.24,399075.24,48640864.0173,1
2026-09-26T08:00:00+08:00,1790380800000,122.07,122.37,121.17,122.01,505492.57,505492.57,61558619.4578,1
2026-09-26T10:00:00+08:00,1790388000000,122.01,122.23,120.44,120.59,768582.33,768582.33,93142670.9003,1
2026-09-26T12:00:00+08:00,1790395200000,120.59,120.91,120.1,120.45,407321.42,407321.42,49086297.8606,1
2026-09-26T14:00:00+08:00,1790402400000,120.46,120.76,120.11,120.71,368612,368612,44386559.9429,1
2026-09-26T16:00:00+08:00,1790409600000,120.71,121.28,119.76,119.94,586028.15,586028.15,70541457.2771,1
2026-09-26T18:00:00+08:00,1790416800000,119.94,121.39,119.9,121.22,579756.99,579756.99,70010335.769,1
2026-09-26T20:00:00+08:00,1790424000000,121.23,121.52,120.18,120.74,659374.6,659374.6,79719166.1611,1
2026-09-26T22:00:00+08:00,1790431200000,120.74,122.12,120.57,121.82,525170.07,525170.07,63749870.2728,1
2026-09-27T00:00:00+08:00,1790438400000,121.82,121.84,120.84,121.43,371107.11,371107.11,45023160.5167,1
2026-09-27T02:00:00+08:00,1790445600000,121.43,121.63,120.74,121.08,210256.29,210256.29,25462728.8398,1
2026-09-27T04:00:00+08:00,1790452800000,121.07,121.64,119.97,121.23,700331.92,700331.92,84588893.4667,1
2026-09-27T06:00:00+08:00,1790460000000,121.23,121.8,121.02,121.33,361293.71,361293.71,43881013.8221,1
2026-09-27T08:00:00+08:00,1790467200000,121.33,121.54,120.57,121.37,303105.73,303105.73,36693834.9602,1
2026-09-27T10:00:00+08:00,1790474400000,121.37,121.64,120.5,120.56,352673.22,352673.22,42681355.3733,1
2026-09-27T12:00:00+08:00,1790481600000,120.56,121.45,120.04,121.04,593883.34,593883.34,71652708.1,1
2026-09-27T14:00:00+08:00,1790488800000,121.03,124.42,121.03,124.08,1100624.25,1100624.25,134935637.7157,1
2026-09-27T16:00:00+08:00,1790496000000,124.08,124.95,123.27,124.38,1464142.79,1464142.79,181794642.7951,1
2026-09-27T18:00:00+08:00,1790503200000,124.38,124.75,123.61,123.88,572364.7,572364.7,71010073.3912,1
2026-09-27T20:00:00+08:00,1790510400000,123.88,124.36,122.24,123.12,1079597.77,1079597.77,133000594.5294,1
2026-09-27T22:00:00+08:00,1790517600000,123.12,123.17,121.21,121.69,1082690.96,1082690.96,131950834.6937,1
2026-09-28T00:00:00+08:00,1790524800000,121.69,122.28,121.64,121.99,396273.72,396273.72,48314021.1784,1
2026-09-28T02:00:00+08:00,1790532000000,121.99,123.36,121.86,122.95,444868.49,444868.49,54656315.4718,1
2026-09-28T04:00:00+08:00,1790539200000,122.95,123.39,122.12,122.76,368955.26,368955.26,45317927.1263,1
2026-09-28T06:00:00+08:00,1790546400000,122.77,122.97,120.88,121.92,778087.36,778087.36,94661988.9859,1
2026-09-28T08:00:00+08:00,1790553600000,121.92,122.87,120.25,120.65,1260696.69,1260696.69,153399114.3218,1
2026-09-28T10:00:00+08:00,1790560800000,120.65,121.38,119.35,119.82,1043900.16,1043900.16,125537514.5296,1
2026-09-28T12:00:00+08:00,1790568000000,119.81,120.17,118.06,119.08,1368204.21,1368204.21,162904946.9389,1
2026-09-28T14:00:00+08:00,1790575200000,119.08,119.42,117.82,118.01,833170.77,833170.77,98784819.4311,1
2026-09-28T16:00:00+08:00,1790582400000,118,118.67,117.52,117.72,871684.6,871684.6,102919370.7023,1
2026-09-28T18:00:00+08:00,1790589600000,117.72,118.8,117.71,118.66,662730.69,662730.69,78480335.6602,1
2026-09-28T20:00:00+08:00,1790596800000,118.66,120.33,118.44,119.77,1283286.14,1283286.14,153519354.2077,1
2026-09-28T22:00:00+08:00,1790604000000,119.76,119.76,117.24,118.63,1689759.7,1689759.7,200063913.2775,1
2026-09-29T00:00:00+08:00,1790611200000,118.64,120.74,118.19,119.67,1442167.05,1442167.05,172405851.0266,1
2026-09-29T02:00:00+08:00,1790618400000,119.68,120.07,117.9,118.31,579873.2,579873.2,68971846.2118,1
2026-09-29T04:00:00+08:00,1790625600000,118.31,119.08,117.63,117.66,374703.55,374703.55,44377340.0922,1
2026-09-29T06:00:00+08:00,1790632800000,117.67,118.95,117.11,118.83,470301.58,470301.58,55509697.849,1
2026-09-29T08:00:00+08:00,1790640000000,118.84,119.06,116.27,117.05,977504.77,977504.77,114865126.0132,1
2026-09-29T10:00:00+08:00,1790647200000,117.06,117.99,116.35,117.8,688962.11,688962.11,80712750.0347,1
2026-09-29T12:00:00+08:00,1790654400000,117.79,118.21,117.03,118.2,574030.74,574030.74,67552526.8452,1
2026-09-29T14:00:00+08:00,1790661600000,118.21,119.86,118.17,119.47,1165502.37,1165502.37,138763972.9545,1
2026-09-29T16:00:00+08:00,1790668800000,119.47,120.05,118.81,119.87,715039.67,715039.67,85375631.8611,1
2026-09-29T18:00:00+08:00,1790676000000,119.86,120.37,119.15,120.07,670231.03,670231.03,80228667.5745,1
2026-09-29T20:00:00+08:00,1790683200000,120.07,121.59,119.87,120.93,1394432.34,1394432.34,168362040.5803,1
2026-09-29T22:00:00+08:00,1790690400000,120.93,121.22,117.87,118.15,1648789.93,1648789.93,196895505.417,1
2026-09-30T00:00:00+08:00,1790697600000,118.16,118.65,117.27,117.65,682757.41,682757.41,80555638.3326,1
2026-09-30T02:00:00+08:00,1790704800000,117.65,119.48,117.65,118.74,632461.11,632461.11,75138776.3541,1
2026-09-30T04:00:00+08:00,1790712000000,118.74,119.17,118.45,118.87,299991.8,299991.8,35639505.7698,1
2026-09-30T06:00:00+08:00,1790719200000,118.88,119.61,118.79,119.08,556174.44,556174.44,66288553.357,1
2026-09-30T08:00:00+08:00,1790726400000,119.07,119.59,118.39,119.35,579538.61,579538.61,68971040.6872,1
2026-09-30T10:00:00+08:00,1790733600000,119.35,120.06,118.85,119.07,623658.14,623658.14,74510107.1123,1
2026-09-30T12:00:00+08:00,1790740800000,119.07,119.68,118.43,119.04,537119.19,537119.19,63980910.5876,1
2026-09-30T14:00:00+08:00,1790748000000,119.03,119.18,117.81,118.41,765782,765782,90689889.964,1
2026-09-30T16:00:00+08:00,1790755200000,118.4,119.79,117.75,119.29,904286.1,904286.1,107343594.164,1
2026-09-30T18:00:00+08:00,1790762400000,119.28,119.87,119.13,119.46,768108.34,768108.34,91796741.0242,1
2026-09-30T20:00:00+08:00,1790769600000,119.45,122.77,119.35,120.97,2889121.55,2889121.55,350481618.1116,1
2026-09-30T22:00:00+08:00,1790776800000,120.98,121.29,117.83,119.25,1763627.56,1763627.56,210041620.1441,1
2026-10-01T00:00:00+08:00,1790784000000,119.25,120.53,118.78,119.12,790733.18,790733.18,94617126.016,1
2026-10-01T02:00:00+08:00,1790791200000,119.12,119.28,116.93,117.16,801680.7,801680.7,94604212.3026,1
2026-10-01T04:00:00+08:00,1790798400000,117.16,118.22,117.12,118,464386,464386,54708875.4519,1
2026-10-01T06:00:00+08:00,1790805600000,117.99,118.48,117.54,118.06,370317.85,370317.85,43744185.9821,1
2026-10-01T08:00:00+08:00,1790812800000,118.06,118.46,117.82,118.05,328967.19,328967.19,38849824.0615,1
2026-10-01T10:00:00+08:00,1790820000000,118.05,118.67,117.71,118.66,422969.51,422969.51,49977690.8517,1
2026-10-01T12:00:00+08:00,1790827200000,118.66,119.53,118.3,119.37,614986.51,614986.51,73210338.6507,1
2026-10-01T14:00:00+08:00,1790834400000,119.37,119.57,117.21,117.4,948649.59,948649.59,112188379.2342,1
2026-10-01T16:00:00+08:00,1790841600000,117.39,118.18,117.15,117.62,612113.35,612113.35,71993560.5409,1
2026-10-01T18:00:00+08:00,1790848800000,117.63,118.17,116.94,117.91,613251.23,613251.23,72122076.3216,1
2026-10-01T20:00:00+08:00,1790856000000,117.91,118.04,116.62,117.87,974280.21,974280.21,114381612.884,1
2026-10-01T22:00:00+08:00,1790863200000,117.87,118.17,116.67,117.32,1108387.76,1108387.76,130137343.6466,1
2026-10-02T00:00:00+08:00,1790870400000,117.32,119.09,116.83,118.34,903079.86,903079.86,106590969.874,1
2026-10-02T02:00:00+08:00,1790877600000,118.34,119.05,117.5,118.22,496111.57,496111.57,58674997.8418,1
2026-10-02T04:00:00+08:00,1790884800000,118.21,118.46,117.34,117.58,258507.81,258507.81,30487374.9346,1
2026-10-02T06:00:00+08:00,1790892000000,117.57,118.41,117.54,118.33,222277.49,222277.49,26254558.5451,1
2026-10-02T08:00:00+08:00,1790899200000,118.33,119.76,118.2,119.44,705684.97,705684.97,83882043.4368,1
2026-10-02T10:00:00+08:00,1790906400000,119.45,121.25,119.31,121.17,1093369.44,1093369.44,131416850.7381,1
2026-10-02T12:00:00+08:00,1790913600000,121.17,123.76,120.56,121.89,2442611.93,2442611.93,299017321.7835,1
2026-10-02T14:00:00+08:00,1790920800000,121.89,122.08,121.02,121.7,848333.76,848333.76,103125196.0608,1
2026-10-02T16:00:00+08:00,1790928000000,121.7,122.98,121.55,121.74,877898.91,877898.91,107258923.3881,1
2026-10-02T18:00:00+08:00,1790935200000,121.75,122.4,121.32,121.77,512159.68,512159.68,62436522.2662,1
2026-10-02T20:00:00+08:00,1790942400000,121.77,123.34,121.5,122.01,1564980.24,1564980.24,191563506.612,1
2026-10-02T22:00:00+08:00,1790949600000,122.01,122.41,119.54,119.92,1787575.8,1787575.8,215831065.0123,1
2026-10-03T00:00:00+08:00,1790956800000,119.92,120.39,119.08,119.62,868955.34,868955.34,104053229.731,1
2026-10-03T02:00:00+08:00,1790964000000,119.62,119.82,117.03,117.92,1338490.58,1338490.58,157919247.2521,1
2026-10-03T04:00:00+08:00,1790971200000,117.92,118.21,117.62,118.14,377488.89,377488.89,44513868.9283,1
2026-10-03T06:00:00+08:00,1790978400000,118.14,118.68,117.93,118.56,314563.4,314563.4,37238024.5003,1
2026-10-03T08:00:00+08:00,1790985600000,118.57,119.65,118.46,119.06,476533.66,476533.66,56747985.7364,1
2026-10-03T10:00:00+08:00,1790992800000,119.06,119.34,118.76,119.33,185163.78,185163.78,22043410.6644,1
2026-10-03T12:00:00+08:00,1791000000000,119.33,119.67,118.85,119.58,309446.27,309446.27,36917847.5068,1
2026-10-03T14:00:00+08:00,1791007200000,119.58,119.77,119.1,119.29,300639.22,300639.22,35905817.0371,1
2026-10-03T16:00:00+08:00,1791014400000,119.29,119.45,119,119.28,199553.14,199553.14,23796549.5188,1
2026-10-03T18:00:00+08:00,1791021600000,119.28,119.59,119.18,119.26,183677.85,183677.85,21928134.642,1
2026-10-03T20:00:00+08:00,1791028800000,119.26,119.7,119.18,119.38,243178.23,243178.23,29041948.5081,1
2026-10-03T22:00:00+08:00,1791036000000,119.38,119.82,119.09,119.64,268381.68,268381.68,32070275.3304,1
2026-10-04T00:00:00+08:00,1791043200000,119.63,120.04,119.47,119.91,245618.15,245618.15,29412320.7588,1
2026-10-04T02:00:00+08:00,1791050400000,119.92,119.97,119.55,119.72,126848.63,126848.63,15191495.2166,1
2026-10-04T04:00:00+08:00,1791057600000,119.72,120,119.42,119.59,195810.89,195810.89,23440744.6027,1
2026-10-04T06:00:00+08:00,1791064800000,119.59,119.83,119.44,119.54,151821.73,151821.73,18167383.9627,1
2026-10-04T08:00:00+08:00,1791072000000,119.54,120.33,119.53,120.08,332880.52,332880.52,39955765.3035,1
2026-10-04T10:00:00+08:00,1791079200000,120.08,121.27,119.97,120.72,527011.85,527011.85,63534290.1938,1
2026-10-04T12:00:00+08:00,1791086400000,120.72,121,120.46,120.77,220603.9,220603.9,26624613.8014,1
2026-10-04T14:00:00+08:00,1791093600000,120.76,121.29,120.63,121.1,337485.21,337485.21,40821053.8581,1
2026-10-04T16:00:00+08:00,1791100800000,121.1,121.52,120.74,121.27,394193.55,394193.55,47750375.3296,1
2026-10-04T18:00:00+08:00,1791108000000,121.27,121.6,121.13,121.2,293970.06,293970.06,35671696.6461,1
2026-10-04T20:00:00+08:00,1791115200000,121.19,121.93,121.12,121.67,551076.73,551076.73,66978210.4607,1
2026-10-04T22:00:00+08:00,1791122400000,121.66,122.15,121.14,121.53,536630.91,536630.91,65261934.0821,1
2026-10-05T00:00:00+08:00,1791129600000,121.53,121.89,121.34,121.45,220468.65,220468.65,26803381.4653,1
2026-10-05T02:00:00+08:00,1791136800000,121.45,121.66,121.04,121.06,265146.97,265146.97,32167951.587,1
2026-10-05T04:00:00+08:00,1791144000000,121.07,121.57,120.55,121.16,415862.44,415862.44,50332603.6079,1
2026-10-05T06:00:00+08:00,1791151200000,121.17,122.25,121.17,121.52,731817,731817,89114873.3832,1
2026-10-05T08:00:00+08:00,1791158400000,121.52,121.56,120.71,121.09,571920.17,571920.17,69294310.782,1
2026-10-05T10:00:00+08:00,1791165600000,121.09,121.62,120.24,120.36,574414.1,574414.1,69476605.8447,1
2026-10-05T12:00:00+08:00,1791172800000,120.36,120.75,119.89,120.39,952267.21,952267.21,114591498.0171,1
2026-10-05T14:00:00+08:00,1791180000000,120.38,121.84,120.38,121.63,694606.04,694606.04,84256220.9532,1
2026-10-05T16:00:00+08:00,1791187200000,121.64,122.02,120.51,120.58,544234.64,544234.64,65930028.018,1
2026-10-05T18:00:00+08:00,1791194400000,120.58,120.98,120.4,120.74,459536.4,459536.4,55450389.6099,1
2026-10-05T20:00:00+08:00,1791201600000,120.74,120.91,120.13,120.71,493383.21,493383.21,59456727.6827,1
2026-10-05T22:00:00+08:00,1791208800000,120.7,121.2,119.1,119.27,1211352.56,1211352.56,145076981.2691,1
2026-10-06T00:00:00+08:00,1791216000000,119.27,119.97,118.82,119.95,662869.38,662869.38,79101879.1355,1
2026-10-06T02:00:00+08:00,1791223200000,119.95,120.32,119.81,120.21,236620.31,236620.31,28398882.3041,1
2026-10-06T04:00:00+08:00,1791230400000,120.2,120.79,120.08,120.73,218376.16,218376.16,26313711.0195,1
2026-10-06T06:00:00+08:00,1791237600000,120.72,121.53,120.44,120.72,572810.6,572810.6,69340714.0352,1
2026-10-06T08:00:00+08:00,1791244800000,120.72,121.25,120.44,120.61,341508.64,341508.64,41273288.0902,1
2026-10-06T10:00:00+08:00,1791252000000,120.61,120.76,119.65,119.97,347803.81,347803.81,41797223.3655,1
2026-10-06T12:00:00+08:00,1791259200000,119.97,120.31,119.7,119.74,225125.32,225125.32,27025696.8221,1
2026-10-06T14:00:00+08:00,1791266400000,119.74,120.25,119.13,120.14,462413.01,462413.01,55320072.5734,1
2026-10-06T16:00:00+08:00,1791273600000,120.13,120.78,118.73,119.49,1089626.37,1089626.37,130516387.9146,1
2026-10-06T18:00:00+08:00,1791280800000,119.48,120.52,119.4,120.27,656145.41,656145.41,78760043.5365,1
2026-10-06T20:00:00+08:00,1791288000000,120.27,121.12,119.99,120.83,581009.23,581009.23,70057185.4481,1
2026-10-06T22:00:00+08:00,1791295200000,120.83,121.95,120.42,120.44,1232307.52,1232307.52,149371762.3586,1
2026-10-07T00:00:00+08:00,1791302400000,120.44,121.12,120.03,120.81,790450.07,790450.07,95286364.1966,1
2026-10-07T02:00:00+08:00,1791309600000,120.8,121.23,120.26,120.74,383673.8,383673.8,46353717.9785,1
2026-10-07T04:00:00+08:00,1791316800000,120.75,121.18,120.6,120.97,190341.24,190341.24,23019727.7872,1
2026-10-07T06:00:00+08:00,1791324000000,120.97,121.43,120.36,120.66,238998.7,238998.7,28897270.7153,1
2026-10-07T08:00:00+08:00,1791331200000,120.65,120.65,118.9,118.93,496684.72,496684.72,59497159.2172,1
2026-10-07T10:00:00+08:00,1791338400000,118.93,119.01,116.91,118.17,1939553.24,1939553.24,228625274.0732,1
2026-10-07T12:00:00+08:00,1791345600000,118.17,118.85,117.88,118.79,388903.18,388903.18,46015341.0215,1
2026-10-07T14:00:00+08:00,1791352800000,118.8,119.03,118.4,118.54,305972.56,305972.56,36324683.2041,1
2026-10-07T16:00:00+08:00,1791360000000,118.54,118.7,117.51,117.69,548869.13,548869.13,64835559.6946,1
2026-10-07T18:00:00+08:00,1791367200000,117.7,117.89,116.58,117.27,962004,962004,112837806.2875,1
2026-10-07T20:00:00+08:00,1791374400000,117.27,117.43,115.48,116.15,1645251.24,1645251.24,191348518.621,1
2026-10-07T22:00:00+08:00,1791381600000,116.16,116.74,115.55,116.69,768404.58,768404.58,89194539.4869,1
2026-10-08T00:00:00+08:00,1791388800000,116.68,117.17,115.93,116.25,804587.49,804587.49,93862328.303,1
2026-10-08T02:00:00+08:00,1791396000000,116.25,117,115.68,115.8,562272.6,562272.6,65352475.5073,1
2026-10-08T04:00:00+08:00,1791403200000,115.81,116.34,115.14,115.55,376603.34,376603.34,43587104.5527,1
2026-10-08T06:00:00+08:00,1791410400000,115.54,116.34,115.46,116.23,241848.68,241848.68,28043497.0534,1
2026-10-08T08:00:00+08:00,1791417600000,116.22,116.76,115.97,116.04,256474.62,256474.62,29843549.2494,1
2026-10-08T10:00:00+08:00,1791424800000,116.03,116.68,115.63,115.67,400016.14,400016.14,46436068.7473,1
2026-10-08T12:00:00+08:00,1791432000000,115.68,115.73,114.09,114.82,1348398.04,1348398.04,155058719.1906,1
2026-10-08T14:00:00+08:00,1791439200000,114.82,115.77,114.52,114.88,596683.96,596683.96,68697569.535,1
2026-10-08T16:00:00+08:00,1791446400000,114.89,115.29,114.6,115.13,445777.23,445777.23,51243811.958,1
2026-10-08T18:00:00+08:00,1791453600000,115.12,115.19,113.06,113.12,1379477.3,1379477.3,157162276.2123,1
2026-10-08T20:00:00+08:00,1791460800000,113.12,113.29,111.11,112.2,2056253.98,2056253.98,230784667.4471,1
2026-10-08T22:00:00+08:00,1791468000000,112.2,112.76,108,108.5,3093721.86,3093721.86,340095923.388,1
2026-10-09T00:00:00+08:00,1791475200000,108.5,109.08,105.61,106.32,2494792.54,2494792.54,268194417.7615,1
2026-10-09T02:00:00+08:00,1791482400000,106.32,109.39,105.96,109.1,1184235.03,1184235.03,127832611.681,1
2026-10-09T04:00:00+08:00,1791489600000,109.1,110.81,108.94,110.58,706357.2,706357.2,77642233.1824,1
2026-10-09T06:00:00+08:00,1791496800000,110.58,110.79,109.37,109.55,565476.33,565476.33,62272265.2124,1
2026-10-09T08:00:00+08:00,1791504000000,109.54,109.75,108.75,109.4,709639.96,709639.96,77495862.2722,1
2026-10-09T10:00:00+08:00,1791511200000,109.41,110.87,109.38,110.36,964749.58,964749.58,106229523.4045,1
2026-10-09T12:00:00+08:00,1791518400000,110.36,110.72,109.62,110.23,468525.61,468525.61,51685458.6729,1
2026-10-09T14:00:00+08:00,1791525600000,110.22,110.78,110.13,110.61,316488,316488,34967376.0769,1
2026-10-09T16:00:00+08:00,1791532800000,110.6,110.77,109.94,110.36,502308.92,502308.92,55440004.8781,1
2026-10-09T18:00:00+08:00,1791540000000,110.36,112.04,109.32,111.23,1117690.81,1117690.81,123561470.4791,1
2026-10-09T20:00:00+08:00,1791547200000,111.22,111.32,109.1,109.53,1047451.1,1047451.1,115289359.3519,1
2026-10-09T22:00:00+08:00,1791554400000,109.52,110.79,109.09,109.64,968179.35,968179.35,106408892.8302,1
2026-10-10T00:00:00+08:00,1791561600000,109.64,110.05,109.3,109.86,388383.66,388383.66,42590828.4384,1
2026-10-10T02:00:00+08:00,1791568800000,109.86,109.97,108.37,108.44,547462.09,547462.09,59716254.8897,1
2026-10-10T04:00:00+08:00,1791576000000,108.43,109.23,108.41,108.97,276049.98,276049.98,30063161.0003,1
2026-10-10T06:00:00+08:00,1791583200000,108.98,109.38,108.55,109.09,270279.96,270279.96,29462398.0471,1
2026-10-10T08:00:00+08:00,1791590400000,109.1,109.95,108.9,109.88,284405.04,284405.04,31123106.2839,1
2026-10-10T10:00:00+08:00,1791597600000,109.88,110.02,109.5,109.64,219985.1,219985.1,24148313.2974,1
2026-10-10T12:00:00+08:00,1791604800000,109.65,110.31,109.56,110.11,249272.33,249272.33,27402628.4333,1
2026-10-10T14:00:00+08:00,1791612000000,110.11,110.14,109.68,109.89,186733.19,186733.19,20510506.7894,1
2026-10-10T16:00:00+08:00,1791619200000,109.89,110.17,109.76,109.89,133853.88,133853.88,14717807.3027,1
2026-10-10T18:00:00+08:00,1791626400000,109.89,109.93,109.26,109.82,309107.21,309107.21,33866423.6617,1
2026-10-10T20:00:00+08:00,1791633600000,109.82,109.93,109.55,109.87,169607.1,169607.1,18615987.2788,1
2026-10-10T22:00:00+08:00,1791640800000,109.87,110.74,109.65,110.42,525555.13,525555.13,57990896.4769,1
2026-10-11T00:00:00+08:00,1791648000000,110.42,110.49,109.86,109.92,222046.14,222046.14,24450928.9911,1
2026-10-11T02:00:00+08:00,1791655200000,109.91,110.58,109.81,110.42,318964.52,318964.52,35139194.838,1
2026-10-11T04:00:00+08:00,1791662400000,110.42,110.48,110.12,110.26,113063.55,113063.55,12471416.545,1
2026-10-11T06:00:00+08:00,1791669600000,110.26,110.51,110,110.04,193483.97,193483.97,21323237.2554,1
2026-10-11T08:00:00+08:00,1791676800000,110.03,110.21,109.81,110.03,138861.5,138861.5,15272998.5304,1
